record_index,byte_offset,sample_seq,time_s,device_id,accel_x_raw,accel_x_g,accel_y_raw,accel_y_g,accel_z_raw,accel_z_g,gyro_x_raw,gyro_x_dps,gyro_y_raw,gyro_y_dps,gyro_z_raw,gyro_z_dps,mag_x_raw,mag_y_raw,mag_z_raw,angle_x_raw,angle_x_deg,angle_y_raw,angle_y_deg,angle_z_raw,angle_z_deg,battery_raw,battery_voltage
24,920,2345581,0.0115,0,0,0.0,-22,-0.0107421875,2099,1.02490234375,-5,-0.30517578125,-15,-0.91552734375,5,0.30517578125,-8263,-3943,104,-190,-1.043701171875,6,0.032958984375,-20934,-114.993896484375,403,4.03
36,1359,2345592,0.017,1,-8,-0.00390625,-16,-0.0078125,2058,1.0048828125,-1,-0.06103515625,-14,-0.8544921875,-1,-0.06103515625,-1401,-5256,-4155,-681,-3.7408447265625,-847,-4.6527099609375,-6620,-36.36474609375,407,4.07
46,1724,2345601,0.0215,0,0,0.0,-17,-0.00830078125,2102,1.0263671875,-5,-0.30517578125,-12,-0.732421875,6,0.3662109375,-8310,-3932,117,-190,-1.043701171875,6,0.032958984375,-20934,-114.993896484375,403,4.03
48,1793,2345602,0.022,1,-9,-0.00439453125,-21,-0.01025390625,2059,1.00537109375,-3,-0.18310546875,-14,-0.8544921875,-2,-0.1220703125,-1414,-5302,-4209,-678,-3.724365234375,-842,-4.625244140625,-6620,-36.36474609375,407,4.07
51,1899,2345604,0.023,2,6,0.0029296875,-21,-0.01025390625,2075,1.01318359375,-2,-0.1220703125,-4,-0.244140625,9,0.54931640625,-2928,5072,13358,-237,-1.3018798828125,-17,-0.0933837890625,25256,138.7353515625,409,4.09
62,2301,2345614,0.028,0,-1,-0.00048828125,-23,-0.01123046875,2101,1.02587890625,-6,-0.3662109375,-15,-0.91552734375,4,0.244140625,-8306,-3908,148,-190,-1.043701171875,6,0.032958984375,-20934,-114.993896484375,403,4.03
65,2407,2345616,0.029,1,-8,-0.00390625,-14,-0.0068359375,2058,1.0048828125,0,0.0,-13,-0.79345703125,-3,-0.18310546875,-1400,-5315,-4212,-675,-3.7078857421875,-838,-4.603271484375,-6620,-36.36474609375,407,4.07
68,2513,2345618,0.03,2,5,0.00244140625,-21,-0.01025390625,2075,1.01318359375,-3,-0.18310546875,-4,-0.244140625,9,0.54931640625,-2944,5080,13377,-237,-1.3018798828125,-17,-0.0933837890625,25256,138.7353515625,409,4.09
79,2915,2345628,0.035,0,1,0.00048828125,-21,-0.01025390625,2098,1.0244140625,-7,-0.42724609375,-16,-0.9765625,5,0.30517578125,-8292,-3885,177,-190,-1.043701171875,6,0.032958984375,-20934,-114.993896484375,403,4.03
82,3021,2345630,0.036,1,-7,-0.00341796875,-17,-0.00830078125,2063,1.00732421875,-3,-0.18310546875,-14,-0.8544921875,-3,-0.18310546875,-1404,-5316,-4174,-675,-3.7078857421875,-838,-4.603271484375,-6620,-36.36474609375,406,4.06
89,3275,2345636,0.039,2,5,0.00244140625,-21,-0.01025390625,2075,1.01318359375,-3,-0.18310546875,-4,-0.244140625,10,0.6103515625,-2957,5066,13377,-237,-1.3018798828125,-17,-0.0933837890625,25256,138.7353515625,409,4.09
96,3529,2345642,0.042,0,-1,-0.00048828125,-17,-0.00830078125,2100,1.025390625,-6,-0.3662109375,-16,-0.9765625,6,0.3662109375,-8300,-3896,150,-190,-1.043701171875,6,0.032958984375,-20934,-114.993896484375,403,4.03
103,3783,2345648,0.045,1,-10,-0.0048828125,-16,-0.0078125,2058,1.0048828125,0,0.0,-15,-0.91552734375,0,0.0,-1398,-5309,-4239,-675,-3.7078857421875,-838,-4.603271484375,-6620,-36.36474609375,406,4.06
104,3815,2345648,0.045,2,6,0.0029296875,-21,-0.01025390625,2075,1.01318359375,-3,-0.18310546875,-4,-0.244140625,10,0.6103515625,-2968,5072,13369,-237,-1.3018798828125,-17,-0.0933837890625,25256,138.7353515625,409,4.09
117,4291,2345660,0.051,0,-1,-0.00048828125,-17,-0.00830078125,2100,1.025390625,-6,-0.3662109375,-16,-0.9765625,6,0.3662109375,-8300,-3896,150,-190,-1.043701171875,6,0.032958984375,-20934,-114.993896484375,403,4.03
118,4323,2345660,0.051,1,-10,-0.0048828125,-18,-0.0087890625,2060,1.005859375,1,0.06103515625,-14,-0.8544921875,-2,-0.1220703125,-1399,-5306,-4204,-671,-3.6859130859375,-833,-4.5758056640625,-6621,-36.3702392578125,406,4.06
119,4355,2345660,0.051,2,6,0.0029296875,-21,-0.01025390625,2075,1.01318359375,-3,-0.18310546875,-4,-0.244140625,10,0.6103515625,-2966,5058,13355,-237,-1.3018798828125,-17,-0.0933837890625,25256,138.7353515625,409,4.09
131,4794,2345671,0.0565,0,0,0.0,-18,-0.0087890625,2105,1.02783203125,-7,-0.42724609375,-15,-0.91552734375,5,0.30517578125,-8300,-3897,173,-190,-1.043701171875,6,0.032958984375,-20934,-114.993896484375,403,4.03
133,4863,2345672,0.057,1,-9,-0.00439453125,-20,-0.009765625,2063,1.00732421875,-1,-0.06103515625,-17,-1.03759765625,-1,-0.06103515625,-1397,-5306,-4220,-671,-3.6859130859375,-833,-4.5758056640625,-6621,-36.3702392578125,406,4.06
136,4969,2345674,0.058,2,6,0.0029296875,-20,-0.009765625,2075,1.01318359375,-3,-0.18310546875,-4,-0.244140625,10,0.6103515625,-2942,5043,13360,-237,-1.3018798828125,-17,-0.0933837890625,25256,138.7353515625,409,4.09
147,5371,2345684,0.063,0,2,0.0009765625,-20,-0.009765625,2097,1.02392578125,-6,-0.3662109375,-16,-0.9765625,6,0.3662109375,-8295,-3921,159,-190,-1.043701171875,6,0.032958984375,-20934,-114.993896484375,403,4.03
150,5477,2345686,0.064,1,-8,-0.00390625,-16,-0.0078125,2055,1.00341796875,-1,-0.06103515625,-14,-0.8544921875,1,0.06103515625,-1400,-5280,-4188,-671,-3.6859130859375,-833,-4.5758056640625,-6621,-36.3702392578125,406,4.06
153,5583,2345688,0.065,2,6,0.0029296875,-20,-0.009765625,2077,1.01416015625,-3,-0.18310546875,-4,-0.244140625,10,0.6103515625,-2938,4994,13328,-237,-1.3018798828125,-17,-0.0933837890625,25256,138.7353515625,409,4.09
164,5985,2345698,0.07,0,1,0.00048828125,-19,-0.00927734375,2104,1.02734375,-6,-0.3662109375,-13,-0.79345703125,4,0.244140625,-8287,-3933,143,-190,-1.043701171875,6,0.032958984375,-20934,-114.993896484375,403,4.03
167,6091,2345700,0.071,1,-9,-0.00439453125,-18,-0.0087890625,2059,1.00537109375,-1,-0.06103515625,-13,-0.79345703125,-1,-0.06103515625,-1389,-5288,-4147,-668,-3.66943359375,-828,-4.54833984375,-6621,-36.3702392578125,406,4.06
174,6345,2345706,0.074,2,5,0.00244140625,-20,-0.009765625,2076,1.013671875,-3,-0.18310546875,-5,-0.30517578125,10,0.6103515625,-2929,4981,13362,-237,-1.3018798828125,-17,-0.0933837890625,25256,138.7353515625,409,4.09
181,6599,2345712,0.077,0,0,0.0,-19,-0.00927734375,2095,1.02294921875,-4,-0.244140625,-16,-0.9765625,5,0.30517578125,-8290,-3945,161,-190,-1.043701171875,6,0.032958984375,-20934,-114.993896484375,403,4.03
188,6853,2345718,0.08,1,-8,-0.00390625,-16,-0.0078125,2057,1.00439453125,-2,-0.1220703125,-15,-0.91552734375,-2,-0.1220703125,-1384,-5323,-4122,-668,-3.66943359375,-828,-4.54833984375,-6621,-36.3702392578125,407,4.07
189,6885,2345718,0.08,2,5,0.00244140625,-20,-0.009765625,2076,1.013671875,-2,-0.1220703125,-4,-0.244140625,9,0.54931640625,-2903,4961,13353,-237,-1.3018798828125,-17,-0.0933837890625,25256,138.7353515625,409,4.09
202,7361,2345730,0.086,0,0,0.0,-19,-0.00927734375,2095,1.02294921875,-4,-0.244140625,-16,-0.9765625,5,0.30517578125,-8290,-3945,161,-190,-1.043701171875,6,0.032958984375,-20934,-114.993896484375,403,4.03
203,7393,2345730,0.086,1,-6,-0.0029296875,-20,-0.009765625,2062,1.0068359375,-3,-0.18310546875,-17,-1.03759765625,-2,-0.1220703125,-1380,-5314,-4121,-668,-3.66943359375,-828,-4.54833984375,-6621,-36.3702392578125,407,4.07
205,7462,2345731,0.0865,2,5,0.00244140625,-20,-0.009765625,2077,1.01416015625,-3,-0.18310546875,-4,-0.244140625,10,0.6103515625,-2892,4952,13349,-237,-1.3018798828125,-17,-0.0933837890625,25256,138.7353515625,409,4.09
216,7864,2345741,0.0915,0,-2,-0.0009765625,-18,-0.0087890625,2100,1.025390625,-7,-0.42724609375,-14,-0.8544921875,5,0.30517578125,-8288,-3918,136,-190,-1.043701171875,6,0.032958984375,-20934,-114.993896484375,403,4.03
218,7933,2345742,0.092,1,-11,-0.00537109375,-21,-0.01025390625,2057,1.00439453125,-2,-0.1220703125,-15,-0.91552734375,-4,-0.244140625,-1377,-5325,-4099,-665,-3.6529541015625,-823,-4.5208740234375,-6621,-36.3702392578125,407,4.07
221,8039,2345744,0.093,2,5,0.00244140625,-20,-0.009765625,2076,1.013671875,-3,-0.18310546875,-4,-0.244140625,10,0.6103515625,-2899,4946,13345,-237,-1.3018798828125,-17,-0.0933837890625,25256,138.7353515625,409,4.09
232,8441,2345754,0.098,0,-2,-0.0009765625,-22,-0.0107421875,2098,1.0244140625,-6,-0.3662109375,-14,-0.8544921875,4,0.244140625,-8293,-3922,133,-190,-1.043701171875,6,0.032958984375,-20934,-114.993896484375,403,4.03
235,8547,2345756,0.099,1,-7,-0.00341796875,-18,-0.0087890625,2057,1.00439453125,-2,-0.1220703125,-14,-0.8544921875,-2,-0.1220703125,-1360,-5330,-4095,-665,-3.6529541015625,-823,-4.5208740234375,-6621,-36.3702392578125,408,4.08
238,8653,2345758,0.1,2,5,0.00244140625,-21,-0.01025390625,2076,1.013671875,-3,-0.18310546875,-4,-0.244140625,10,0.6103515625,-2905,4939,13369,-237,-1.3018798828125,-17,-0.0933837890625,25256,138.7353515625,409,4.09
249,9055,2345768,0.105,0,1,0.00048828125,-20,-0.009765625,2100,1.025390625,-5,-0.30517578125,-14,-0.8544921875,4,0.244140625,-8317,-3906,139,-190,-1.043701171875,6,0.032958984375,-20934,-114.993896484375,403,4.03
252,9161,2345770,0.106,1,-9,-0.00439453125,-17,-0.00830078125,2060,1.005859375,-1,-0.06103515625,-14,-0.8544921875,-1,-0.06103515625,-1381,-5329,-4096,-665,-3.6529541015625,-823,-4.5208740234375,-6621,-36.3702392578125,408,4.08
259,9415,2345776,0.109,2,6,0.0029296875,-21,-0.01025390625,2075,1.01318359375,-3,-0.18310546875,-4,-0.244140625,10,0.6103515625,-2895,4944,13360,-237,-1.3018798828125,-17,-0.0933837890625,25256,138.7353515625,409,4.09
266,9669,2345782,0.112,0,-2,-0.0009765625,-16,-0.0078125,2096,1.0234375,-5,-0.30517578125,-15,-0.91552734375,5,0.30517578125,-8325,-3902,135,-190,-1.043701171875,6,0.032958984375,-20934,-114.993896484375,403,4.03
273,9923,2345788,0.115,1,-10,-0.0048828125,-16,-0.0078125,2059,1.00537109375,0,0.0,-15,-0.91552734375,-2,-0.1220703125,-1409,-5334,-4193,-662,-3.636474609375,-818,-4.493408203125,-6622,-36.375732421875,408,4.08
274,9955,2345788,0.115,2,5,0.00244140625,-21,-0.01025390625,2075,1.01318359375,-3,-0.18310546875,-4,-0.244140625,10,0.6103515625,-2889,4948,13377,-237,-1.3018798828125,-17,-0.0933837890625,25256,138.7353515625,409,4.09
287,10431,2345800,0.121,0,-2,-0.0009765625,-16,-0.0078125,2096,1.0234375,-5,-0.30517578125,-15,-0.91552734375,5,0.30517578125,-8325,-3902,135,-190,-1.043701171875,6,0.032958984375,-20934,-114.993896484375,403,4.03
288,10463,2345800,0.121,1,-7,-0.00341796875,-17,-0.00830078125,2061,1.00634765625,1,0.06103515625,-13,-0.79345703125,0,0.0,-1396,-5333,-4191,-662,-3.636474609375,-818,-4.493408203125,-6622,-36.375732421875,408,4.08
289,10495,2345800,0.121,2,5,0.00244140625,-21,-0.01025390625,2076,1.013671875,-3,-0.18310546875,-4,-0.244140625,9,0.54931640625,-2890,4946,13335,-237,-1.3018798828125,-18,-0.098876953125,25256,138.7353515625,409,4.09
301,10934,2345811,0.1265,0,-1,-0.00048828125,-17,-0.00830078125,2100,1.025390625,-5,-0.30517578125,-17,-1.03759765625,3,0.18310546875,-8341,-3948,160,-190,-1.043701171875,6,0.032958984375,-20934,-114.993896484375,403,4.03
303,11003,2345812,0.127,1,-8,-0.00390625,-20,-0.009765625,2063,1.00732421875,-5,-0.30517578125,-13,-0.79345703125,-1,-0.06103515625,-1372,-5319,-4237,-658,-3.614501953125,-813,-4.4659423828125,-6622,-36.375732421875,408,4.08
306,11109,2345814,0.128,2,5,0.00244140625,-21,-0.01025390625,2075,1.01318359375,-3,-0.18310546875,-4,-0.244140625,10,0.6103515625,-2909,4966,13333,-237,-1.3018798828125,-18,-0.098876953125,25256,138.7353515625,409,4.09
317,11511,2345824,0.133,0,0,0.0,-23,-0.01123046875,2103,1.02685546875,-5,-0.30517578125,-13,-0.79345703125,4,0.244140625,-8314,-3936,191,-190,-1.043701171875,6,0.032958984375,-20934,-114.993896484375,403,4.03
320,11617,2345826,0.134,1,-8,-0.00390625,-14,-0.0068359375,2062,1.0068359375,-3,-0.18310546875,-14,-0.8544921875,-1,-0.06103515625,-1365,-5314,-4239,-658,-3.614501953125,-813,-4.4659423828125,-6622,-36.375732421875,408,4.08
323,11723,2345828,0.135,2,5,0.00244140625,-20,-0.009765625,2076,1.013671875,-3,-0.18310546875,-4,-0.244140625,10,0.6103515625,-2907,4984,13319,-237,-1.3018798828125,-18,-0.098876953125,25256,138.7353515625,409,4.09
334,12125,2345838,0.14,0,-1,-0.00048828125,-22,-0.0107421875,2100,1.025390625,-7,-0.42724609375,-15,-0.91552734375,6,0.3662109375,-8330,-3964,173,-190,-1.043701171875,6,0.032958984375,-20934,-114.993896484375,403,4.03
337,12231,2345840,0.141,1,-11,-0.00537109375,-20,-0.009765625,2060,1.005859375,-1,-0.06103515625,-15,-0.91552734375,-1,-0.06103515625,-1318,-5318,-4258,-658,-3.614501953125,-813,-4.4659423828125,-6622,-36.375732421875,408,4.08
344,12485,2345846,0.144,2,5,0.00244140625,-20,-0.009765625,2077,1.01416015625,-3,-0.18310546875,-4,-0.244140625,10,0.6103515625,-2895,4972,13336,-237,-1.3018798828125,-18,-0.098876953125,25256,138.7353515625,409,4.09
351,12739,2345852,0.147,0,-4,-0.001953125,-18,-0.0087890625,2100,1.025390625,-5,-0.30517578125,-15,-0.91552734375,4,0.244140625,-8316,-3969,189,-190,-1.043701171875,6,0.032958984375,-20934,-114.993896484375,403,4.03
358,12993,2345858,0.15,1,-8,-0.00390625,-17,-0.00830078125,2060,1.005859375,0,0.0,-14,-0.8544921875,-2,-0.1220703125,-1328,-5296,-4223,-655,-3.5980224609375,-808,-4.4384765625,-6622,-36.375732421875,408,4.08
359,13025,2345858,0.15,2,5,0.00244140625,-20,-0.009765625,2077,1.01416015625,-3,-0.18310546875,-4,-0.244140625,9,0.54931640625,-2870,4949,13315,-237,-1.3018798828125,-18,-0.098876953125,25256,138.7353515625,409,4.09
372,13501,2345870,0.156,0,1,0.00048828125,-19,-0.00927734375,2103,1.02685546875,-7,-0.42724609375,-15,-0.91552734375,4,0.244140625,-8312,-3968,178,-190,-1.043701171875,6,0.032958984375,-20934,-114.993896484375,403,4.03
373,13533,2345870,0.156,1,-5,-0.00244140625,-16,-0.0078125,2059,1.00537109375,3,0.18310546875,-14,-0.8544921875,-2,-0.1220703125,-1366,-5288,-4192,-655,-3.5980224609375,-808,-4.4384765625,-6622,-36.375732421875,408,4.08
375,13602,2345871,0.1565,2,5,0.00244140625,-21,-0.01025390625,2078,1.0146484375,-3,-0.18310546875,-4,-0.244140625,10,0.6103515625,-2857,4976,13328,-237,-1.3018798828125,-18,-0.098876953125,25256,138.7353515625,409,4.09
386,14004,2345881,0.1615,0,-5,-0.00244140625,-17,-0.00830078125,2097,1.02392578125,-5,-0.30517578125,-14,-0.8544921875,4,0.244140625,-8290,-3961,167,-190,-1.043701171875,6,0.032958984375,-20934,-114.993896484375,403,4.03
388,14073,2345882,0.162,1,-8,-0.00390625,-18,-0.0087890625,2053,1.00244140625,0,0.0,-15,-0.91552734375,0,0.0,-1348,-5268,-4187,-655,-3.5980224609375,-808,-4.4384765625,-6622,-36.375732421875,408,4.08
391,14179,2345884,0.163,2,5,0.00244140625,-21,-0.01025390625,2078,1.0146484375,-3,-0.18310546875,-4,-0.244140625,10,0.6103515625,-2847,4997,13342,-237,-1.3018798828125,-18,-0.098876953125,25256,138.7353515625,409,4.09
409,14840,2345901,0.1715,0,-2,-0.0009765625,-17,-0.00830078125,2099,1.02490234375,-5,-0.30517578125,-16,-0.9765625,2,0.1220703125,-8262,-3952,171,-190,-1.043701171875,6,0.032958984375,-20934,-114.993896484375,403,4.03
410,14872,2345901,0.1715,1,-9,-0.00439453125,-20,-0.009765625,2059,1.00537109375,-4,-0.244140625,-16,-0.9765625,-1,-0.06103515625,-1362,-5257,-4150,-652,-3.58154296875,-804,-4.41650390625,-6623,-36.3812255859375,408,4.08
418,15163,2345908,0.175,2,5,0.00244140625,-21,-0.01025390625,2076,1.013671875,-2,-0.1220703125,-4,-0.244140625,10,0.6103515625,-2818,4993,13379,-237,-1.3018798828125,-18,-0.098876953125,25256,138.7353515625,409,4.09
419,15195,2345908,0.175,0,-1,-0.00048828125,-19,-0.00927734375,2101,1.02587890625,-9,-0.54931640625,-16,-0.9765625,5,0.30517578125,-8265,-3927,153,-190,-1.043701171875,6,0.032958984375,-20935,-114.9993896484375,403,4.03
422,15301,2345910,0.176,1,-11,-0.00537109375,-18,-0.0087890625,2061,1.00634765625,-5,-0.30517578125,-15,-0.91552734375,-2,-0.1220703125,-1373,-5240,-4176,-652,-3.58154296875,-804,-4.41650390625,-6623,-36.3812255859375,408,4.08
431,15629,2345918,0.18,2,5,0.00244140625,-21,-0.01025390625,2075,1.01318359375,-3,-0.18310546875,-4,-0.244140625,10,0.6103515625,-2831,4994,13369,-237,-1.3018798828125,-18,-0.098876953125,25256,138.7353515625,409,4.09
436,15809,2345922,0.182,0,-1,-0.00048828125,-18,-0.0087890625,2099,1.02490234375,-4,-0.244140625,-14,-0.8544921875,5,0.30517578125,-8267,-3917,145,-190,-1.043701171875,6,0.032958984375,-20935,-114.9993896484375,403,4.03
443,16063,2345928,0.185,1,-10,-0.0048828125,-17,-0.00830078125,2055,1.00341796875,-3,-0.18310546875,-15,-0.91552734375,-1,-0.06103515625,-1394,-5267,-4201,-652,-3.58154296875,-804,-4.41650390625,-6623,-36.3812255859375,408,4.08
444,16095,2345928,0.185,2,5,0.00244140625,-21,-0.01025390625,2076,1.013671875,-3,-0.18310546875,-4,-0.244140625,10,0.6103515625,-2835,4995,13391,-237,-1.3018798828125,-18,-0.098876953125,25256,138.7353515625,409,4.09
457,16571,2345940,0.191,0,-3,-0.00146484375,-17,-0.00830078125,2101,1.02587890625,-7,-0.42724609375,-14,-0.8544921875,2,0.1220703125,-8268,-3908,138,-190,-1.043701171875,6,0.032958984375,-20935,-114.9993896484375,403,4.03
458,16603,2345940,0.191,1,-6,-0.0029296875,-21,-0.01025390625,2065,1.00830078125,-1,-0.06103515625,-15,-0.91552734375,-1,-0.06103515625,-1394,-5270,-4174,-649,-3.5650634765625,-799,-4.3890380859375,-6623,-36.3812255859375,408,4.08
459,16635,2345940,0.191,2,5,0.00244140625,-21,-0.01025390625,2075,1.01318359375,-3,-0.18310546875,-4,-0.244140625,10,0.6103515625,-2818,4991,13393,-237,-1.3018798828125,-18,-0.098876953125,25256,138.7353515625,409,4.09
472,17111,2345952,0.197,0,-1,-0.00048828125,-21,-0.01025390625,2095,1.02294921875,-5,-0.30517578125,-15,-0.91552734375,6,0.3662109375,-8262,-3905,123,-190,-1.043701171875,6,0.032958984375,-20935,-114.9993896484375,403,4.03
473,17143,2345952,0.197,1,-10,-0.0048828125,-16,-0.0078125,2056,1.00390625,-2,-0.1220703125,-15,-0.91552734375,-3,-0.18310546875,-1382,-5272,-4194,-649,-3.5650634765625,-799,-4.3890380859375,-6623,-36.3812255859375,408,4.08
476,17249,2345954,0.198,2,5,0.00244140625,-21,-0.01025390625,2076,1.013671875,-3,-0.18310546875,-4,-0.244140625,10,0.6103515625,-2824,4994,13362,-237,-1.3018798828125,-18,-0.098876953125,25256,138.7353515625,409,4.09
487,17651,2345964,0.203,0,0,0.0,-18,-0.0087890625,2098,1.0244140625,-6,-0.3662109375,-13,-0.79345703125,5,0.30517578125,-8283,-3906,143,-190,-1.043701171875,6,0.032958984375,-20935,-114.9993896484375,403,4.03
490,17757,2345966,0.204,1,-4,-0.001953125,-16,-0.0078125,2060,1.005859375,0,0.0,-16,-0.9765625,-1,-0.06103515625,-1361,-5277,-4230,-649,-3.5650634765625,-799,-4.3890380859375,-6623,-36.3812255859375,408,4.08
493,17863,2345968,0.205,2,6,0.0029296875,-21,-0.01025390625,2076,1.013671875,-3,-0.18310546875,-4,-0.244140625,10,0.6103515625,-2843,4987,13325,-237,-1.3018798828125,-18,-0.098876953125,25256,138.7353515625,409,4.09
504,18265,2345978,0.21,0,0,0.0,-18,-0.0087890625,2098,1.0244140625,-6,-0.3662109375,-13,-0.79345703125,5,0.30517578125,-8283,-3906,143,-190,-1.043701171875,6,0.032958984375,-20935,-114.9993896484375,403,4.03
507,18371,2345980,0.211,1,-10,-0.0048828125,-16,-0.0078125,2064,1.0078125,-1,-0.06103515625,-13,-0.79345703125,-1,-0.06103515625,-1372,-5269,-4200,-646,-3.548583984375,-794,-4.361572265625,-6623,-36.3812255859375,408,4.08
514,18625,2345986,0.214,2,6,0.0029296875,-21,-0.01025390625,2076,1.013671875,-3,-0.18310546875,-4,-0.244140625,10,0.6103515625,-2857,5015,13342,-237,-1.3018798828125,-18,-0.098876953125,25256,138.7353515625,409,4.09
521,18879,2345992,0.217,0,-1,-0.00048828125,-24,-0.01171875,2094,1.0224609375,-4,-0.244140625,-15,-0.91552734375,6,0.3662109375,-8281,-3915,163,-190,-1.043701171875,6,0.032958984375,-20935,-114.9993896484375,404,4.04
528,19133,2345998,0.22,1,-8,-0.00390625,-15,-0.00732421875,2057,1.00439453125,-1,-0.06103515625,-15,-0.91552734375,-4,-0.244140625,-1388,-5292,-4227,-646,-3.548583984375,-794,-4.361572265625,-6623,-36.3812255859375,408,4.08
529,19165,2345998,0.22,2,7,0.00341796875,-21,-0.01025390625,2077,1.01416015625,-3,-0.18310546875,-5,-0.30517578125,10,0.6103515625,-2874,5020,13337,-237,-1.3018798828125,-18,-0.098876953125,25256,138.7353515625,409,4.09
542,19641,2346010,0.226,0,-2,-0.0009765625,-21,-0.01025390625,2100,1.025390625,-8,-0.48828125,-14,-0.8544921875,5,0.30517578125,-8284,-3909,166,-190,-1.043701171875,6,0.032958984375,-20935,-114.9993896484375,404,4.04
543,19673,2346010,0.226,1,-9,-0.00439453125,-17,-0.00830078125,2062,1.0068359375,0,0.0,-12,-0.732421875,-1,-0.06103515625,-1414,-5303,-4211,-646,-3.548583984375,-794,-4.361572265625,-6623,-36.3812255859375,408,4.08
545,19742,2346011,0.2265,2,7,0.00341796875,-22,-0.0107421875,2075,1.01318359375,-3,-0.18310546875,-3,-0.18310546875,9,0.54931640625,-2849,5004,13335,-237,-1.3018798828125,-18,-0.098876953125,25256,138.7353515625,410,4.1
557,20181,2346022,0.232,0,1,0.00048828125,-17,-0.00830078125,2100,1.025390625,-5,-0.30517578125,-14,-0.8544921875,4,0.244140625,-8282,-3914,211,-190,-1.043701171875,6,0.032958984375,-20935,-114.9993896484375,404,4.04
558,20213,2346022,0.232,1,-8,-0.00390625,-19,-0.00927734375,2056,1.00390625,-2,-0.1220703125,-14,-0.8544921875,-2,-0.1220703125,-1423,-5297,-4188,-642,-3.526611328125,-790,-4.339599609375,-6624,-36.38671875,408,4.08
561,20319,2346024,0.233,2,6,0.0029296875,-22,-0.0107421875,2075,1.01318359375,-3,-0.18310546875,-4,-0.244140625,9,0.54931640625,-2855,4994,13342,-237,-1.3018798828125,-18,-0.098876953125,25256,138.7353515625,410,4.1
572,20721,2346034,0.238,0,3,0.00146484375,-20,-0.009765625,2099,1.02490234375,-6,-0.3662109375,-14,-0.8544921875,5,0.30517578125,-8282,-3895,184,-190,-1.043701171875,6,0.032958984375,-20935,-114.9993896484375,404,4.04
575,20827,2346036,0.239,1,-11,-0.00537109375,-22,-0.0107421875,2065,1.00830078125,1,0.06103515625,-14,-0.8544921875,0,0.0,-1441,-5293,-4268,-642,-3.526611328125,-790,-4.339599609375,-6624,-36.38671875,408,4.08
578,20933,2346038,0.24,2,5,0.00244140625,-21,-0.01025390625,2076,1.013671875,-2,-0.1220703125,-4,-0.244140625,10,0.6103515625,-2900,4999,13323,-237,-1.3018798828125,-18,-0.098876953125,25256,138.7353515625,410,4.1
589,21335,2346048,0.245,0,3,0.00146484375,-20,-0.009765625,2099,1.02490234375,-6,-0.3662109375,-14,-0.8544921875,5,0.30517578125,-8282,-3895,184,-190,-1.043701171875,6,0.032958984375,-20935,-114.9993896484375,404,4.04
592,21441,2346050,0.246,1,-10,-0.0048828125,-19,-0.00927734375,2061,1.00634765625,-2,-0.1220703125,-14,-0.8544921875,-1,-0.06103515625,-1403,-5322,-4269,-642,-3.526611328125,-790,-4.339599609375,-6624,-36.38671875,408,4.08
599,21695,2346056,0.249,2,5,0.00244140625,-21,-0.01025390625,2077,1.01416015625,-3,-0.18310546875,-4,-0.244140625,9,0.54931640625,-2900,5017,13314,-237,-1.3018798828125,-18,-0.098876953125,25256,138.7353515625,410,4.1
606,21949,2346062,0.252,0,1,0.00048828125,-24,-0.01171875,2098,1.0244140625,-8,-0.48828125,-16,-0.9765625,5,0.30517578125,-8310,-3928,212,-190,-1.043701171875,6,0.032958984375,-20935,-114.9993896484375,405,4.05
613,22203,2346068,0.255,1,-7,-0.00341796875,-16,-0.0078125,2056,1.00390625,-2,-0.1220703125,-13,-0.79345703125,1,0.06103515625,-1395,-5296,-4211,-639,-3.5101318359375,-785,-4.3121337890625,-6624,-36.38671875,407,4.07
614,22235,2346068,0.255,2,5,0.00244140625,-21,-0.01025390625,2077,1.01416015625,-3,-0.18310546875,-4,-0.244140625,9,0.54931640625,-2889,4986,13311,-237,-1.3018798828125,-18,-0.098876953125,25256,138.7353515625,410,4.1
627,22711,2346080,0.261,0,-5,-0.00244140625,-18,-0.0087890625,2100,1.025390625,-7,-0.42724609375,-16,-0.9765625,4,0.244140625,-8298,-3948,197,-190,-1.043701171875,6,0.032958984375,-20935,-114.9993896484375,405,4.05
628,22743,2346080,0.261,1,-9,-0.00439453125,-16,-0.0078125,2061,1.00634765625,-2,-0.1220703125,-15,-0.91552734375,-1,-0.06103515625,-1383,-5299,-4222,-639,-3.5101318359375,-785,-4.3121337890625,-6624,-36.38671875,407,4.07
629,22775,2346080,0.261,2,5,0.00244140625,-21,-0.01025390625,2075,1.01318359375,-3,-0.18310546875,-4,-0.244140625,10,0.6103515625,-2871,4961,13312,-237,-1.3018798828125,-18,-0.098876953125,25256,138.7353515625,410,4.1
642,23251,2346092,0.267,0,0,0.0,-20,-0.009765625,2099,1.02490234375,-5,-0.30517578125,-14,-0.8544921875,2,0.1220703125,-8307,-3955,146,-190,-1.043701171875,6,0.032958984375,-20935,-114.9993896484375,405,4.05
643,23283,2346092,0.267,1,-11,-0.00537109375,-19,-0.00927734375,2056,1.00390625,0,0.0,-15,-0.91552734375,-4,-0.244140625,-1366,-5294,-4248,-639,-3.5101318359375,-785,-4.3121337890625,-6624,-36.38671875,407,4.07
646,23389,2346094,0.268,2,5,0.00244140625,-22,-0.0107421875,2075,1.01318359375,-3,-0.18310546875,-4,-0.244140625,10,0.6103515625,-2865,5002,13292,-237,-1.3018798828125,-18,-0.098876953125,25256,138.7353515625,410,4.1
657,23791,2346104,0.273,0,-1,-0.00048828125,-19,-0.00927734375,2104,1.02734375,-6,-0.3662109375,-13,-0.79345703125,3,0.18310546875,-8292,-3947,127,-190,-1.043701171875,6,0.032958984375,-20935,-114.9993896484375,405,4.05
660,23897,2346106,0.274,1,-5,-0.00244140625,-19,-0.00927734375,2065,1.00830078125,-1,-0.06103515625,-14,-0.8544921875,-2,-0.1220703125,-1379,-5283,-4221,-636,-3.49365234375,-780,-4.28466796875,-6624,-36.38671875,407,4.07
663,24003,2346108,0.275,2,5,0.00244140625,-22,-0.0107421875,2075,1.01318359375,-3,-0.18310546875,-4,-0.244140625,10,0.6103515625,-2873,5017,13307,-237,-1.3018798828125,-18,-0.098876953125,25256,138.7353515625,410,4.1
674,24405,2346118,0.28,0,-4,-0.001953125,-22,-0.0107421875,2097,1.02392578125,-7,-0.42724609375,-16,-0.9765625,5,0.30517578125,-8300,-3948,137,-190,-1.043701171875,6,0.032958984375,-20935,-114.9993896484375,405,4.05
677,24511,2346120,0.281,1,-10,-0.0048828125,-18,-0.0087890625,2056,1.00390625,1,0.06103515625,-15,-0.91552734375,-1,-0.06103515625,-1365,-5273,-4246,-636,-3.49365234375,-780,-4.28466796875,-6624,-36.38671875,407,4.07
684,24765,2346126,0.284,2,5,0.00244140625,-22,-0.0107421875,2077,1.01416015625,-3,-0.18310546875,-4,-0.244140625,10,0.6103515625,-2889,5020,13342,-237,-1.3018798828125,-18,-0.098876953125,25256,138.7353515625,410,4.1
691,25019,2346132,0.287,0,0,0.0,-23,-0.01123046875,2097,1.02392578125,-6,-0.3662109375,-16,-0.9765625,6,0.3662109375,-8293,-3959,172,-190,-1.043701171875,6,0.032958984375,-20935,-114.9993896484375,405,4.05
698,25273,2346138,0.29,1,-8,-0.00390625,-17,-0.00830078125,2056,1.00390625,-2,-0.1220703125,-16,-0.9765625,-2,-0.1220703125,-1367,-5276,-4265,-633,-3.4771728515625,-776,-4.2626953125,-6624,-36.38671875,407,4.07
699,25305,2346138,0.29,2,5,0.00244140625,-21,-0.01025390625,2076,1.013671875,-2,-0.1220703125,-4,-0.244140625,10,0.6103515625,-2879,5000,13330,-237,-1.3018798828125,-18,-0.098876953125,25256,138.7353515625,410,4.1
712,25781,2346150,0.296,0,-2,-0.0009765625,-20,-0.009765625,2098,1.0244140625,-6,-0.3662109375,-14,-0.8544921875,3,0.18310546875,-8287,-3953,157,-190,-1.043701171875,6,0.032958984375,-20935,-114.9993896484375,405,4.05
713,25813,2346150,0.296,1,-12,-0.005859375,-13,-0.00634765625,2060,1.005859375,-2,-0.1220703125,-13,-0.79345703125,0,0.0,-1333,-5260,-4310,-633,-3.4771728515625,-776,-4.2626953125,-6624,-36.38671875,407,4.07
714,25845,2346150,0.296,2,5,0.00244140625,-21,-0.01025390625,2075,1.01318359375,-2,-0.1220703125,-4,-0.244140625,10,0.6103515625,-2862,5000,13341,-237,-1.3018798828125,-18,-0.098876953125,25256,138.7353515625,410,4.1
727,26321,2346162,0.302,0,-1,-0.00048828125,-18,-0.0087890625,2099,1.02490234375,-4,-0.244140625,-15,-0.91552734375,5,0.30517578125,-8304,-3953,174,-190,-1.043701171875,6,0.032958984375,-20935,-114.9993896484375,406,4.06
728,26353,2346162,0.302,1,-9,-0.00439453125,-19,-0.00927734375,2063,1.00732421875,1,0.06103515625,-15,-0.91552734375,-2,-0.1220703125,-1343,-5266,-4317,-633,-3.4771728515625,-776,-4.2626953125,-6624,-36.38671875,407,4.07
731,26459,2346164,0.303,2,5,0.00244140625,-21,-0.01025390625,2074,1.0126953125,-3,-0.18310546875,-4,-0.244140625,9,0.54931640625,-2881,4981,13329,-237,-1.3018798828125,-18,-0.098876953125,25256,138.7353515625,410,4.1
742,26861,2346174,0.308,0,0,0.0,-20,-0.009765625,2104,1.02734375,-7,-0.42724609375,-16,-0.9765625,5,0.30517578125,-8295,-3959,175,-190,-1.043701171875,6,0.032958984375,-20935,-114.9993896484375,406,4.06
745,26967,2346176,0.309,1,-9,-0.00439453125,-17,-0.00830078125,2061,1.00634765625,-1,-0.06103515625,-15,-0.91552734375,-4,-0.244140625,-1363,-5246,-4287,-630,-3.460693359375,-771,-4.2352294921875,-6625,-36.3922119140625,407,4.07
748,27073,2346178,0.31,2,5,0.00244140625,-21,-0.01025390625,2075,1.01318359375,-3,-0.18310546875,-4,-0.244140625,9,0.54931640625,-2875,4963,13304,-237,-1.3018798828125,-18,-0.098876953125,25256,138.7353515625,409,4.09
759,27475,2346188,0.315,0,-1,-0.00048828125,-22,-0.0107421875,2097,1.02392578125,-4,-0.244140625,-15,-0.91552734375,4,0.244140625,-8292,-3973,169,-190,-1.043701171875,6,0.032958984375,-20935,-114.9993896484375,406,4.06
762,27581,2346190,0.316,1,-8,-0.00390625,-19,-0.00927734375,2057,1.00439453125,-1,-0.06103515625,-15,-0.91552734375,-2,-0.1220703125,-1369,-5263,-4263,-630,-3.460693359375,-771,-4.2352294921875,-6625,-36.3922119140625,407,4.07
769,27835,2346196,0.319,2,5,0.00244140625,-22,-0.0107421875,2076,1.013671875,-3,-0.18310546875,-4,-0.244140625,10,0.6103515625,-2876,4954,13337,-237,-1.3018798828125,-18,-0.098876953125,25256,138.7353515625,409,4.09
776,28089,2346202,0.322,0,0,0.0,-20,-0.009765625,2101,1.02587890625,-8,-0.48828125,-14,-0.8544921875,4,0.244140625,-8306,-3956,164,-190,-1.043701171875,6,0.032958984375,-20936,-115.0048828125,406,4.06
783,28343,2346208,0.325,1,-10,-0.0048828125,-18,-0.0087890625,2057,1.00439453125,-2,-0.1220703125,-15,-0.91552734375,-1,-0.06103515625,-1384,-5247,-4259,-630,-3.460693359375,-771,-4.2352294921875,-6625,-36.3922119140625,407,4.07
784,28375,2346208,0.325,2,5,0.00244140625,-21,-0.01025390625,2075,1.01318359375,-3,-0.18310546875,-5,-0.30517578125,10,0.6103515625,-2898,4976,13323,-237,-1.3018798828125,-18,-0.098876953125,25256,138.7353515625,409,4.09
793,28703,2346216,0.329,0,0,0.0,-19,-0.00927734375,2096,1.0234375,-6,-0.3662109375,-15,-0.91552734375,3,0.18310546875,-8299,-3958,162,-190,-1.043701171875,6,0.032958984375,-20936,-115.0048828125,406,4.06
798,28883,2346220,0.331,1,-10,-0.0048828125,-16,-0.0078125,2061,1.00634765625,-3,-0.18310546875,-15,-0.91552734375,-2,-0.1220703125,-1388,-5261,-4251,-627,-3.4442138671875,-767,-4.2132568359375,-6625,-36.3922119140625,407,4.07
800,28952,2346221,0.3315,2,4,0.001953125,-21,-0.01025390625,2076,1.013671875,-3,-0.18310546875,-4,-0.244140625,9,0.54931640625,-2919,5006,13300,-237,-1.3018798828125,-18,-0.098876953125,25256,138.7353515625,409,4.09
812,29391,2346232,0.337,0,0,0.0,-20,-0.009765625,2097,1.02392578125,-6,-0.3662109375,-15,-0.91552734375,3,0.18310546875,-8319,-3980,116,-190,-1.043701171875,6,0.032958984375,-20936,-115.0048828125,406,4.06
813,29423,2346232,0.337,1,-10,-0.0048828125,-18,-0.0087890625,2061,1.00634765625,-3,-0.18310546875,-14,-0.8544921875,-3,-0.18310546875,-1391,-5280,-4243,-627,-3.4442138671875,-767,-4.2132568359375,-6625,-36.3922119140625,407,4.07
816,29529,2346234,0.338,2,5,0.00244140625,-21,-0.01025390625,2077,1.01416015625,-3,-0.18310546875,-4,-0.244140625,9,0.54931640625,-2921,5016,13290,-236,-1.29638671875,-18,-0.098876953125,25256,138.7353515625,409,4.09
827,29931,2346244,0.343,0,0,0.0,-20,-0.009765625,2098,1.0244140625,-5,-0.30517578125,-14,-0.8544921875,5,0.30517578125,-8315,-3985,92,-190,-1.043701171875,6,0.032958984375,-20936,-115.0048828125,406,4.06
830,30037,2346246,0.344,1,-9,-0.00439453125,-16,-0.0078125,2057,1.00439453125,-1,-0.06103515625,-15,-0.91552734375,-1,-0.06103515625,-1357,-5272,-4250,-627,-3.4442138671875,-767,-4.2132568359375,-6625,-36.3922119140625,407,4.07
833,30143,2346248,0.345,2,5,0.00244140625,-21,-0.01025390625,2077,1.01416015625,-3,-0.18310546875,-4,-0.244140625,10,0.6103515625,-2923,5024,13281,-236,-1.29638671875,-18,-0.098876953125,25256,138.7353515625,409,4.09
844,30545,2346258,0.35,0,-1,-0.00048828125,-20,-0.009765625,2102,1.0263671875,-6,-0.3662109375,-14,-0.8544921875,5,0.30517578125,-8304,-3975,112,-190,-1.043701171875,6,0.032958984375,-20936,-115.0048828125,406,4.06
847,30651,2346260,0.351,1,-9,-0.00439453125,-21,-0.01025390625,2061,1.00634765625,-5,-0.30517578125,-14,-0.8544921875,-1,-0.06103515625,-1363,-5276,-4277,-624,-3.427734375,-762,-4.185791015625,-6625,-36.3922119140625,407,4.07
854,30905,2346266,0.354,2,5,0.00244140625,-20,-0.009765625,2076,1.013671875,-3,-0.18310546875,-4,-0.244140625,10,0.6103515625,-2901,5028,13262,-236,-1.29638671875,-18,-0.098876953125,25256,138.7353515625,409,4.09
861,31159,2346272,0.357,0,-1,-0.00048828125,-19,-0.00927734375,2107,1.02880859375,-8,-0.48828125,-12,-0.732421875,5,0.30517578125,-8298,-3969,112,-190,-1.043701171875,6,0.032958984375,-20936,-115.0048828125,406,4.06
868,31413,2346278,0.36,1,-10,-0.0048828125,-16,-0.0078125,2060,1.005859375,-3,-0.18310546875,-14,-0.8544921875,-2,-0.1220703125,-1378,-5281,-4296,-624,-3.427734375,-762,-4.185791015625,-6625,-36.3922119140625,407,4.07
869,31445,2346278,0.36,2,5,0.00244140625,-20,-0.009765625,2075,1.01318359375,-3,-0.18310546875,-4,-0.244140625,10,0.6103515625,-2899,5019,13282,-236,-1.29638671875,-18,-0.098876953125,25256,138.7353515625,409,4.09
878,31773,2346286,0.364,0,0,0.0,-20,-0.009765625,2095,1.02294921875,-5,-0.30517578125,-13,-0.79345703125,4,0.244140625,-8294,-3986,128,-190,-1.043701171875,6,0.032958984375,-20936,-115.0048828125,406,4.06
883,31953,2346290,0.366,1,-10,-0.0048828125,-20,-0.009765625,2058,1.0048828125,-4,-0.244140625,-14,-0.8544921875,-1,-0.06103515625,-1419,-5275,-4182,-624,-3.427734375,-762,-4.185791015625,-6625,-36.3922119140625,407,4.07
885,32022,2346291,0.3665,2,4,0.001953125,-20,-0.009765625,2075,1.01318359375,-3,-0.18310546875,-4,-0.244140625,9,0.54931640625,-2896,5002,13275,-236,-1.29638671875,-18,-0.098876953125,25256,138.7353515625,409,4.09
897,32461,2346302,0.372,0,0,0.0,-20,-0.009765625,2095,1.02294921875,-5,-0.30517578125,-13,-0.79345703125,4,0.244140625,-8294,-3986,128,-190,-1.043701171875,6,0.032958984375,-20936,-115.0048828125,406,4.06
898,32493,2346302,0.372,1,-9,-0.00439453125,-15,-0.00732421875,2059,1.00537109375,-1,-0.06103515625,-15,-0.91552734375,-2,-0.1220703125,-1422,-5270,-4204,-621,-3.4112548828125,-758,-4.163818359375,-6625,-36.3922119140625,408,4.08
901,32599,2346304,0.373,2,4,0.001953125,-20,-0.009765625,2076,1.013671875,-3,-0.18310546875,-4,-0.244140625,10,0.6103515625,-2904,5006,13291,-236,-1.29638671875,-18,-0.098876953125,25256,138.7353515625,409,4.09
912,33001,2346314,0.378,0,2,0.0009765625,-17,-0.00830078125,2098,1.0244140625,-4,-0.244140625,-14,-0.8544921875,6,0.3662109375,-8300,-3936,119,-190,-1.043701171875,6,0.032958984375,-20936,-115.0048828125,406,4.06
915,33107,2346316,0.379,1,-9,-0.00439453125,-17,-0.00830078125,2059,1.00537109375,0,0.0,-15,-0.91552734375,-3,-0.18310546875,-1411,-5296,-4193,-621,-3.4112548828125,-758,-4.163818359375,-6625,-36.3922119140625,408,4.08
918,33213,2346318,0.38,2,4,0.001953125,-21,-0.01025390625,2076,1.013671875,-2,-0.1220703125,-4,-0.244140625,10,0.6103515625,-2930,5005,13324,-236,-1.29638671875,-18,-0.098876953125,25256,138.7353515625,409,4.09
929,33615,2346328,0.385,0,0,0.0,-20,-0.009765625,2100,1.025390625,-6,-0.3662109375,-14,-0.8544921875,5,0.30517578125,-8321,-3948,127,-190,-1.043701171875,6,0.032958984375,-20936,-115.0048828125,406,4.06
932,33721,2346330,0.386,1,-8,-0.00390625,-18,-0.0087890625,2056,1.00390625,-2,-0.1220703125,-13,-0.79345703125,-2,-0.1220703125,-1385,-5299,-4221,-621,-3.4112548828125,-758,-4.163818359375,-6625,-36.3922119140625,408,4.08
939,33975,2346336,0.389,2,5,0.00244140625,-21,-0.01025390625,2075,1.01318359375,-2,-0.1220703125,-4,-0.244140625,9,0.54931640625,-2897,5019,13400,-236,-1.29638671875,-18,-0.098876953125,25256,138.7353515625,409,4.09
946,34229,2346342,0.392,0,-1,-0.00048828125,-21,-0.01025390625,2102,1.0263671875,-4,-0.244140625,-13,-0.79345703125,3,0.18310546875,-8305,-3949,189,-190,-1.043701171875,6,0.032958984375,-20936,-115.0048828125,406,4.06
949,34335,2346344,0.393,1,-10,-0.0048828125,-19,-0.00927734375,2059,1.00537109375,0,0.0,-14,-0.8544921875,0,0.0,-1374,-5307,-4219,-618,-3.394775390625,-753,-4.1363525390625,-6626,-36.397705078125,408,4.08
954,34515,2346348,0.395,2,5,0.00244140625,-21,-0.01025390625,2074,1.0126953125,-2,-0.1220703125,-4,-0.244140625,9,0.54931640625,-2895,4998,13437,-236,-1.29638671875,-18,-0.098876953125,25256,138.7353515625,409,4.09
963,34843,2346356,0.399,0,0,0.0,-25,-0.01220703125,2101,1.02587890625,-5,-0.30517578125,-14,-0.8544921875,3,0.18310546875,-8283,-3968,198,-190,-1.043701171875,6,0.032958984375,-20936,-115.0048828125,406,4.06
968,35023,2346360,0.401,1,-9,-0.00439453125,-17,-0.00830078125,2059,1.00537109375,0,0.0,-14,-0.8544921875,-1,-0.06103515625,-1346,-5282,-4296,-618,-3.394775390625,-753,-4.1363525390625,-6626,-36.397705078125,408,4.08
969,35055,2346360,0.401,2,5,0.00244140625,-20,-0.009765625,2075,1.01318359375,-3,-0.18310546875,-4,-0.244140625,10,0.6103515625,-2882,4993,13460,-236,-1.29638671875,-18,-0.098876953125,25256,138.7353515625,409,4.09
982,35531,2346372,0.407,0,0,0.0,-25,-0.01220703125,2101,1.02587890625,-5,-0.30517578125,-14,-0.8544921875,3,0.18310546875,-8283,-3968,198,-190,-1.043701171875,6,0.032958984375,-20936,-115.0048828125,406,4.06
983,35563,2346372,0.407,1,-9,-0.00439453125,-20,-0.009765625,2061,1.00634765625,-3,-0.18310546875,-14,-0.8544921875,-2,-0.1220703125,-1386,-5271,-4281,-618,-3.394775390625,-753,-4.1363525390625,-6626,-36.397705078125,408,4.08
986,35669,2346374,0.408,2,5,0.00244140625,-20,-0.009765625,2076,1.013671875,-3,-0.18310546875,-4,-0.244140625,9,0.54931640625,-2867,4987,13398,-236,-1.29638671875,-18,-0.098876953125,25256,138.7353515625,409,4.09
997,36071,2346384,0.413,0,1,0.00048828125,-17,-0.00830078125,2097,1.02392578125,-5,-0.30517578125,-14,-0.8544921875,5,0.30517578125,-8302,-3990,152,-190,-1.043701171875,6,0.032958984375,-20936,-115.0048828125,406,4.06
1000,36177,2346386,0.414,1,-9,-0.00439453125,-17,-0.00830078125,2062,1.0068359375,-5,-0.30517578125,-13,-0.79345703125,-2,-0.1220703125,-1415,-5269,-4250,-615,-3.3782958984375,-749,-4.1143798828125,-6626,-36.397705078125,408,4.08
1003,36283,2346388,0.415,2,5,0.00244140625,-20,-0.009765625,2076,1.013671875,-3,-0.18310546875,-4,-0.244140625,10,0.6103515625,-2864,4985,13384,-236,-1.29638671875,-18,-0.098876953125,25256,138.7353515625,409,4.09
1014,36685,2346398,0.42,0,-1,-0.00048828125,-22,-0.0107421875,2098,1.0244140625,-7,-0.42724609375,-11,-0.67138671875,6,0.3662109375,-8306,-3989,136,-190,-1.043701171875,6,0.032958984375,-20936,-115.0048828125,406,4.06
1017,36791,2346400,0.421,1,-9,-0.00439453125,-17,-0.00830078125,2060,1.005859375,-2,-0.1220703125,-15,-0.91552734375,0,0.0,-1380,-5282,-4300,-615,-3.3782958984375,-749,-4.1143798828125,-6626,-36.397705078125,408,4.08
1024,37045,2346406,0.424,2,6,0.0029296875,-21,-0.01025390625,2075,1.01318359375,-3,-0.18310546875,-4,-0.244140625,10,0.6103515625,-2872,4962,13386,-236,-1.29638671875,-18,-0.098876953125,25256,138.7353515625,409,4.09
1031,37299,2346412,0.427,0,-3,-0.00146484375,-18,-0.0087890625,2101,1.02587890625,-7,-0.42724609375,-12,-0.732421875,3,0.18310546875,-8313,-3965,122,-190,-1.043701171875,6,0.032958984375,-20936,-115.0048828125,405,4.05
1034,37405,2346414,0.428,1,-11,-0.00537109375,-14,-0.0068359375,2058,1.0048828125,-2,-0.1220703125,-13,-0.79345703125,-2,-0.1220703125,-1361,-5284,-4323,-615,-3.3782958984375,-749,-4.1143798828125,-6626,-36.397705078125,408,4.08
1039,37585,2346418,0.43,2,6,0.0029296875,-21,-0.01025390625,2075,1.01318359375,-2,-0.1220703125,-4,-0.244140625,10,0.6103515625,-2849,4952,13390,-236,-1.29638671875,-18,-0.098876953125,25256,138.7353515625,409,4.09
1048,37913,2346426,0.434,0,-1,-0.00048828125,-20,-0.009765625,2102,1.0263671875,-4,-0.244140625,-14,-0.8544921875,5,0.30517578125,-8317,-3960,111,-190,-1.043701171875,6,0.032958984375,-20936,-115.0048828125,405,4.05
1053,38093,2346430,0.436,1,-11,-0.00537109375,-15,-0.00732421875,2053,1.00244140625,-2,-0.1220703125,-14,-0.8544921875,-2,-0.1220703125,-1332,-5297,-4246,-612,-3.36181640625,-744,-4.0869140625,-6626,-36.397705078125,408,4.08
1055,38162,2346431,0.4365,2,6,0.0029296875,-21,-0.01025390625,2075,1.01318359375,-3,-0.18310546875,-4,-0.244140625,10,0.6103515625,-2859,4941,13359,-236,-1.29638671875,-18,-0.098876953125,25256,138.7353515625,409,4.09
1067,38601,2346442,0.442,0,0,0.0,-18,-0.0087890625,2097,1.02392578125,-5,-0.30517578125,-14,-0.8544921875,5,0.30517578125,-8321,-3955,102,-190,-1.043701171875,6,0.032958984375,-20937,-115.0103759765625,405,4.05
1068,38633,2346442,0.442,1,-8,-0.00390625,-17,-0.00830078125,2058,1.0048828125,1,0.06103515625,-14,-0.8544921875,-1,-0.06103515625,-1353,-5295,-4277,-612,-3.36181640625,-744,-4.0869140625,-6626,-36.397705078125,408,4.08
1071,38739,2346444,0.443,2,5,0.00244140625,-20,-0.009765625,2076,1.013671875,-2,-0.1220703125,-4,-0.244140625,9,0.54931640625,-2874,4970,13359,-236,-1.29638671875,-18,-0.098876953125,25256,138.7353515625,409,4.09
1082,39141,2346454,0.448,0,-1,-0.00048828125,-19,-0.00927734375,2102,1.0263671875,-6,-0.3662109375,-15,-0.91552734375,4,0.244140625,-8347,-3930,153,-190,-1.043701171875,6,0.032958984375,-20937,-115.0103759765625,405,4.05
1085,39247,2346456,0.449,1,-10,-0.0048828125,-19,-0.00927734375,2055,1.00341796875,-2,-0.1220703125,-16,-0.9765625,-1,-0.06103515625,-1354,-5309,-4290,-612,-3.36181640625,-744,-4.0869140625,-6626,-36.397705078125,408,4.08
1088,39353,2346458,0.45,2,5,0.00244140625,-21,-0.01025390625,2076,1.013671875,-3,-0.18310546875,-4,-0.244140625,10,0.6103515625,-2880,4959,13339,-236,-1.29638671875,-18,-0.098876953125,25256,138.7353515625,409,4.09
1099,39755,2346468,0.455,0,-1,-0.00048828125,-21,-0.01025390625,2103,1.02685546875,-5,-0.30517578125,-14,-0.8544921875,4,0.244140625,-8375,-3926,148,-190,-1.043701171875,6,0.032958984375,-20937,-115.0103759765625,405,4.05
1102,39861,2346470,0.456,1,-9,-0.00439453125,-20,-0.009765625,2059,1.00537109375,-4,-0.244140625,-14,-0.8544921875,-2,-0.1220703125,-1378,-5314,-4301,-609,-3.3453369140625,-740,-4.06494140625,-6626,-36.397705078125,409,4.09
1105,39967,2346472,0.457,2,4,0.001953125,-21,-0.01025390625,2076,1.013671875,-3,-0.18310546875,-4,-0.244140625,10,0.6103515625,-2878,4925,13341,-236,-1.29638671875,-18,-0.098876953125,25256,138.7353515625,409,4.09
1116,40369,2346482,0.462,0,-1,-0.00048828125,-21,-0.01025390625,2103,1.02685546875,-5,-0.30517578125,-14,-0.8544921875,4,0.244140625,-8375,-3926,148,-190,-1.043701171875,6,0.032958984375,-20937,-115.0103759765625,405,4.05
1119,40475,2346484,0.463,1,-7,-0.00341796875,-16,-0.0078125,2058,1.0048828125,0,0.0,-14,-0.8544921875,-2,-0.1220703125,-1371,-5326,-4279,-609,-3.3453369140625,-740,-4.06494140625,-6626,-36.397705078125,409,4.09
1124,40655,2346488,0.465,2,5,0.00244140625,-21,-0.01025390625,2076,1.013671875,-3,-0.18310546875,-4,-0.244140625,10,0.6103515625,-2891,4901,13356,-236,-1.29638671875,-18,-0.098876953125,25256,138.7353515625,409,4.09
1133,40983,2346496,0.469,0,-1,-0.00048828125,-21,-0.01025390625,2099,1.02490234375,-6,-0.3662109375,-14,-0.8544921875,5,0.30517578125,-8358,-3934,154,-190,-1.043701171875,6,0.032958984375,-20937,-115.0103759765625,405,4.05
1138,41163,2346500,0.471,1,-8,-0.00390625,-19,-0.00927734375,2056,1.00390625,-4,-0.244140625,-14,-0.8544921875,1,0.06103515625,-1385,-5335,-4221,-606,-3.328857421875,-735,-4.0374755859375,-6627,-36.4031982421875,408,4.08
1140,41232,2346501,0.4715,2,5,0.00244140625,-21,-0.01025390625,2075,1.01318359375,-3,-0.18310546875,-4,-0.244140625,10,0.6103515625,-2890,4897,13333,-236,-1.29638671875,-18,-0.098876953125,25256,138.7353515625,409,4.09
1152,41671,2346512,0.477,0,-1,-0.00048828125,-18,-0.0087890625,2095,1.02294921875,-6,-0.3662109375,-15,-0.91552734375,5,0.30517578125,-8335,-3925,177,-190,-1.043701171875,6,0.032958984375,-20937,-115.0103759765625,405,4.05
1153,41703,2346512,0.477,1,-10,-0.0048828125,-14,-0.0068359375,2057,1.00439453125,-2,-0.1220703125,-13,-0.79345703125,-3,-0.18310546875,-1396,-5322,-4203,-606,-3.328857421875,-735,-4.0374755859375,-6627,-36.4031982421875,408,4.08
1156,41809,2346514,0.478,2,6,0.0029296875,-21,-0.01025390625,2075,1.01318359375,-3,-0.18310546875,-4,-0.244140625,10,0.6103515625,-2881,4924,13342,-236,-1.29638671875,-18,-0.098876953125,25256,138.7353515625,409,4.09
1167,42211,2346524,0.483,0,-2,-0.0009765625,-18,-0.0087890625,2103,1.02685546875,-7,-0.42724609375,-15,-0.91552734375,4,0.244140625,-8323,-3916,185,-190,-1.043701171875,6,0.032958984375,-20937,-115.0103759765625,405,4.05
1170,42317,2346526,0.484,1,-9,-0.00439453125,-17,-0.00830078125,2059,1.00537109375,-2,-0.1220703125,-14,-0.8544921875,-3,-0.18310546875,-1392,-5345,-4185,-606,-3.328857421875,-735,-4.0374755859375,-6627,-36.4031982421875,408,4.08
1173,42423,2346528,0.485,2,6,0.0029296875,-21,-0.01025390625,2075,1.01318359375,-3,-0.18310546875,-4,-0.244140625,10,0.6103515625,-2875,4949,13322,-236,-1.29638671875,-18,-0.098876953125,25256,138.7353515625,409,4.09
1184,42825,2346538,0.49,0,2,0.0009765625,-23,-0.01123046875,2102,1.0263671875,-6,-0.3662109375,-14,-0.8544921875,5,0.30517578125,-8317,-3929,217,-190,-1.043701171875,6,0.032958984375,-20937,-115.0103759765625,405,4.05
1187,42931,2346540,0.491,1,-10,-0.0048828125,-18,-0.0087890625,2063,1.00732421875,-1,-0.06103515625,-14,-0.8544921875,-1,-0.06103515625,-1416,-5335,-4221,-603,-3.3123779296875,-731,-4.0155029296875,-6627,-36.4031982421875,408,4.08
1190,43037,2346542,0.492,2,6,0.0029296875,-21,-0.01025390625,2076,1.013671875,-3,-0.18310546875,-4,-0.244140625,10,0.6103515625,-2896,4944,13333,-236,-1.29638671875,-18,-0.098876953125,25256,138.7353515625,409,4.09
1201,43439,2346552,0.497,0,2,0.0009765625,-23,-0.01123046875,2102,1.0263671875,-6,-0.3662109375,-14,-0.8544921875,5,0.30517578125,-8317,-3929,217,-190,-1.043701171875,6,0.032958984375,-20937,-115.0103759765625,405,4.05
1204,43545,2346554,0.498,1,-9,-0.00439453125,-20,-0.009765625,2055,1.00341796875,-1,-0.06103515625,-15,-0.91552734375,-3,-0.18310546875,-1405,-5337,-4249,-603,-3.3123779296875,-731,-4.0155029296875,-6627,-36.4031982421875,408,4.08
1209,43725,2346558,0.5,2,5,0.00244140625,-21,-0.01025390625,2075,1.01318359375,-3,-0.18310546875,-4,-0.244140625,10,0.6103515625,-2902,4947,13334,-236,-1.29638671875,-18,-0.098876953125,25256,138.7353515625,409,4.09
1218,44053,2346566,0.504,0,-1,-0.00048828125,-18,-0.0087890625,2099,1.02490234375,-6,-0.3662109375,-13,-0.79345703125,5,0.30517578125,-8324,-3920,170,-190,-1.043701171875,6,0.032958984375,-20937,-115.0103759765625,405,4.05
1223,44233,2346570,0.506,1,-10,-0.0048828125,-18,-0.0087890625,2057,1.00439453125,-1,-0.06103515625,-15,-0.91552734375,-3,-0.18310546875,-1392,-5332,-4293,-603,-3.3123779296875,-731,-4.0155029296875,-6627,-36.4031982421875,408,4.08
1225,44302,2346571,0.5065,2,5,0.00244140625,-21,-0.01025390625,2075,1.01318359375,-3,-0.18310546875,-4,-0.244140625,9,0.54931640625,-2915,4922,13344,-236,-1.29638671875,-18,-0.098876953125,25256,138.7353515625,409,4.09
1237,44741,2346582,0.512,0,-2,-0.0009765625,-15,-0.00732421875,2102,1.0263671875,-6,-0.3662109375,-15,-0.91552734375,6,0.3662109375,-8328,-3929,167,-190,-1.043701171875,6,0.032958984375,-20937,-115.0103759765625,405,4.05
1238,44773,2346582,0.512,1,-8,-0.00390625,-17,-0.00830078125,2063,1.00732421875,-3,-0.18310546875,-13,-0.79345703125,-2,-0.1220703125,-1378,-5317,-4299,-601,-3.3013916015625,-727,-3.9935302734375,-6627,-36.4031982421875,408,4.08
1241,44879,2346584,0.513,2,5,0.00244140625,-21,-0.01025390625,2076,1.013671875,-3,-0.18310546875,-4,-0.244140625,9,0.54931640625,-2898,4941,13367,-236,-1.29638671875,-18,-0.098876953125,25256,138.7353515625,409,4.09
1252,45281,2346594,0.518,0,-2,-0.0009765625,-18,-0.0087890625,2096,1.0234375,-6,-0.3662109375,-16,-0.9765625,3,0.18310546875,-8320,-3936,126,-190,-1.043701171875,6,0.032958984375,-20937,-115.0103759765625,404,4.04
1255,45387,2346596,0.519,1,-10,-0.0048828125,-19,-0.00927734375,2063,1.00732421875,-2,-0.1220703125,-15,-0.91552734375,-1,-0.06103515625,-1359,-5297,-4269,-601,-3.3013916015625,-727,-3.9935302734375,-6627,-36.4031982421875,408,4.08
1258,45493,2346598,0.52,2,5,0.00244140625,-21,-0.01025390625,2077,1.01416015625,-3,-0.18310546875,-4,-0.244140625,9,0.54931640625,-2899,4951,13356,-236,-1.29638671875,-18,-0.098876953125,25256,138.7353515625,410,4.1
1269,45895,2346608,0.525,0,-1,-0.00048828125,-23,-0.01123046875,2100,1.025390625,-7,-0.42724609375,-15,-0.91552734375,4,0.244140625,-8337,-3936,166,-190,-1.043701171875,6,0.032958984375,-20937,-115.0103759765625,404,4.04
1272,46001,2346610,0.526,1,-12,-0.005859375,-17,-0.00830078125,2059,1.00537109375,-3,-0.18310546875,-15,-0.91552734375,-4,-0.244140625,-1361,-5286,-4291,-601,-3.3013916015625,-727,-3.9935302734375,-6627,-36.4031982421875,408,4.08
1275,46107,2346612,0.527,2,4,0.001953125,-22,-0.0107421875,2077,1.01416015625,-3,-0.18310546875,-4,-0.244140625,9,0.54931640625,-2921,4951,13314,-236,-1.29638671875,-18,-0.098876953125,25256,138.7353515625,410,4.1
1286,46509,2346622,0.532,0,-1,-0.00048828125,-23,-0.01123046875,2100,1.025390625,-7,-0.42724609375,-15,-0.91552734375,4,0.244140625,-8337,-3936,166,-190,-1.043701171875,6,0.032958984375,-20937,-115.0103759765625,404,4.04
1289,46615,2346624,0.533,1,-10,-0.0048828125,-20,-0.009765625,2056,1.00390625,-2,-0.1220703125,-13,-0.79345703125,-2,-0.1220703125,-1347,-5282,-4255,-598,-3.284912109375,-722,-3.966064453125,-6627,-36.4031982421875,408,4.08
1294,46795,2346628,0.535,2,5,0.00244140625,-22,-0.0107421875,2077,1.01416015625,-2,-0.1220703125,-4,-0.244140625,9,0.54931640625,-2915,4949,13302,-236,-1.29638671875,-18,-0.098876953125,25256,138.7353515625,410,4.1
1303,47123,2346636,0.539,0,-1,-0.00048828125,-22,-0.0107421875,2099,1.02490234375,-5,-0.30517578125,-15,-0.91552734375,3,0.18310546875,-8315,-3926,189,-190,-1.043701171875,6,0.032958984375,-20937,-115.0103759765625,404,4.04
1308,47303,2346640,0.541,1,-5,-0.00244140625,-17,-0.00830078125,2061,1.00634765625,0,0.0,-15,-0.91552734375,-1,-0.06103515625,-1316,-5284,-4245,-598,-3.284912109375,-722,-3.966064453125,-6627,-36.4031982421875,408,4.08
1309,47335,2346640,0.541,2,5,0.00244140625,-22,-0.0107421875,2076,1.013671875,-3,-0.18310546875,-4,-0.244140625,10,0.6103515625,-2912,4945,13324,-236,-1.29638671875,-18,-0.098876953125,25256,138.7353515625,410,4.1
1322,47811,2346652,0.547,0,-3,-0.00146484375,-17,-0.00830078125,2100,1.025390625,-4,-0.244140625,-16,-0.9765625,6,0.3662109375,-8328,-3932,190,-190,-1.043701171875,6,0.032958984375,-20937,-115.0103759765625,404,4.04
1323,47843,2346652,0.547,1,-12,-0.005859375,-21,-0.01025390625,2060,1.005859375,-2,-0.1220703125,-16,-0.9765625,-5,-0.30517578125,-1355,-5288,-4266,-598,-3.284912109375,-722,-3.966064453125,-6627,-36.4031982421875,408,4.08
1326,47949,2346654,0.548,2,5,0.00244140625,-22,-0.0107421875,2076,1.013671875,-3,-0.18310546875,-4,-0.244140625,9,0.54931640625,-2916,4919,13316,-236,-1.29638671875,-18,-0.098876953125,25256,138.7353515625,410,4.1
1337,48351,2346664,0.553,0,1,0.00048828125,-18,-0.0087890625,2098,1.0244140625,-6,-0.3662109375,-14,-0.8544921875,3,0.18310546875,-8313,-3943,164,-190,-1.043701171875,6,0.032958984375,-20937,-115.0103759765625,404,4.04
1340,48457,2346666,0.554,1,-9,-0.00439453125,-16,-0.0078125,2058,1.0048828125,0,0.0,-13,-0.79345703125,0,0.0,-1350,-5282,-4253,-595,-3.2684326171875,-718,-3.944091796875,-6627,-36.4031982421875,407,4.07
1343,48563,2346668,0.555,2,6,0.0029296875,-22,-0.0107421875,2077,1.01416015625,-3,-0.18310546875,-4,-0.244140625,9,0.54931640625,-2905,4924,13322,-236,-1.29638671875,-18,-0.098876953125,25256,138.7353515625,410,4.1
1354,48965,2346678,0.56,0,-2,-0.0009765625,-22,-0.0107421875,2100,1.025390625,-7,-0.42724609375,-13,-0.79345703125,5,0.30517578125,-8308,-3960,175,-190,-1.043701171875,6,0.032958984375,-20937,-115.0103759765625,404,4.04
1357,49071,2346680,0.561,1,-6,-0.0029296875,-17,-0.00830078125,2063,1.00732421875,-1,-0.06103515625,-13,-0.79345703125,-2,-0.1220703125,-1330,-5251,-4249,-595,-3.2684326171875,-718,-3.944091796875,-6627,-36.4031982421875,407,4.07
1360,49177,2346682,0.562,2,6,0.0029296875,-22,-0.0107421875,2077,1.01416015625,-3,-0.18310546875,-4,-0.244140625,10,0.6103515625,-2908,4946,13319,-236,-1.29638671875,-18,-0.098876953125,25256,138.7353515625,410,4.1
1371,49579,2346692,0.567,0,-2,-0.0009765625,-22,-0.0107421875,2101,1.02587890625,-6,-0.3662109375,-15,-0.91552734375,4,0.244140625,-8287,-3942,165,-190,-1.043701171875,6,0.032958984375,-20937,-115.0103759765625,404,4.04
1374,49685,2346694,0.568,1,-9,-0.00439453125,-17,-0.00830078125,2057,1.00439453125,-1,-0.06103515625,-16,-0.9765625,-2,-0.1220703125,-1302,-5263,-4236,-595,-3.2684326171875,-718,-3.944091796875,-6627,-36.4031982421875,408,4.08
1379,49865,2346698,0.57,2,5,0.00244140625,-21,-0.01025390625,2076,1.013671875,-3,-0.18310546875,-5,-0.30517578125,10,0.6103515625,-2897,4948,13319,-236,-1.29638671875,-18,-0.098876953125,25256,138.7353515625,410,4.1
1388,50193,2346706,0.574,0,0,0.0,-20,-0.009765625,2106,1.0283203125,-5,-0.30517578125,-15,-0.91552734375,7,0.42724609375,-8301,-3934,117,-190,-1.043701171875,6,0.032958984375,-20937,-115.0103759765625,403,4.03
1393,50373,2346710,0.576,1,-9,-0.00439453125,-18,-0.0087890625,2056,1.00390625,1,0.06103515625,-14,-0.8544921875,-2,-0.1220703125,-1306,-5247,-4256,-592,-3.251953125,-714,-3.922119140625,-6628,-36.40869140625,408,4.08
1395,50442,2346711,0.5765,2,5,0.00244140625,-20,-0.009765625,2076,1.013671875,-3,-0.18310546875,-4,-0.244140625,10,0.6103515625,-2907,4957,13394,-236,-1.29638671875,-18,-0.098876953125,25256,138.7353515625,410,4.1
1415,51177,2346730,0.586,0,-1,-0.00048828125,-20,-0.009765625,2094,1.0224609375,-6,-0.3662109375,-14,-0.8544921875,5,0.30517578125,-8263,-3928,107,-190,-1.043701171875,6,0.032958984375,-20937,-115.0103759765625,403,4.03
1416,51209,2346730,0.586,1,-10,-0.0048828125,-19,-0.00927734375,2057,1.00439453125,0,0.0,-14,-0.8544921875,-2,-0.1220703125,-1323,-5243,-4221,-592,-3.251953125,-714,-3.922119140625,-6628,-36.40869140625,408,4.08
1423,51463,2346736,0.589,2,6,0.0029296875,-20,-0.009765625,2075,1.01318359375,-3,-0.18310546875,-4,-0.244140625,9,0.54931640625,-2874,4965,13329,-236,-1.29638671875,-18,-0.098876953125,25256,138.7353515625,410,4.1
1425,51532,2346737,0.5895,0,1,0.00048828125,-19,-0.00927734375,2098,1.0244140625,-6,-0.3662109375,-15,-0.91552734375,5,0.30517578125,-8275,-3931,133,-190,-1.043701171875,6,0.032958984375,-20937,-115.0103759765625,403,4.03
1426,51564,2346737,0.5895,1,-9,-0.00439453125,-17,-0.00830078125,2061,1.00634765625,-2,-0.1220703125,-14,-0.8544921875,0,0.0,-1302,-5242,-4226,-592,-3.251953125,-714,-3.922119140625,-6628,-36.40869140625,408,4.08
1428,51633,2346738,0.59,2,5,0.00244140625,-20,-0.009765625,2075,1.01318359375,-3,-0.18310546875,-4,-0.244140625,9,0.54931640625,-2860,4964,13333,-236,-1.29638671875,-18,-0.098876953125,25256,138.7353515625,410,4.1
1439,52035,2346748,0.595,0,-1,-0.00048828125,-20,-0.009765625,2096,1.0234375,-5,-0.30517578125,-14,-0.8544921875,5,0.30517578125,-8289,-3937,152,-190,-1.043701171875,6,0.032958984375,-20937,-115.0103759765625,403,4.03
1442,52141,2346750,0.596,1,-9,-0.00439453125,-18,-0.0087890625,2059,1.00537109375,-1,-0.06103515625,-14,-0.8544921875,-1,-0.06103515625,-1256,-5201,-4239,-589,-3.2354736328125,-710,-3.900146484375,-6628,-36.40869140625,408,4.08
1445,52247,2346752,0.597,2,5,0.00244140625,-20,-0.009765625,2076,1.013671875,-3,-0.18310546875,-4,-0.244140625,9,0.54931640625,-2875,4979,13347,-236,-1.29638671875,-18,-0.098876953125,25256,138.7353515625,410,4.1
1456,52649,2346762,0.602,0,-3,-0.00146484375,-21,-0.01025390625,2100,1.025390625,-5,-0.30517578125,-15,-0.91552734375,4,0.244140625,-8288,-3934,169,-190,-1.043701171875,6,0.032958984375,-20937,-115.0103759765625,403,4.03
1459,52755,2346764,0.603,1,-4,-0.001953125,-17,-0.00830078125,2056,1.00390625,0,0.0,-14,-0.8544921875,0,0.0,-1237,-5183,-4245,-589,-3.2354736328125,-710,-3.900146484375,-6628,-36.40869140625,408,4.08
1464,52935,2346768,0.605,2,5,0.00244140625,-21,-0.01025390625,2076,1.013671875,-3,-0.18310546875,-4,-0.244140625,9,0.54931640625,-2902,5005,13370,-236,-1.29638671875,-18,-0.098876953125,25256,138.7353515625,409,4.09
1473,53263,2346776,0.609,0,0,0.0,-20,-0.009765625,2107,1.02880859375,-7,-0.42724609375,-14,-0.8544921875,6,0.3662109375,-8287,-3941,193,-190,-1.043701171875,6,0.032958984375,-20937,-115.0103759765625,403,4.03
1478,53443,2346780,0.611,1,-9,-0.00439453125,-16,-0.0078125,2065,1.00830078125,-2,-0.1220703125,-17,-1.03759765625,-2,-0.1220703125,-1229,-5188,-4241,-589,-3.2354736328125,-710,-3.900146484375,-6628,-36.40869140625,408,4.08
1479,53475,2346781,0.6115,2,5,0.00244140625,-21,-0.01025390625,2076,1.013671875,-2,-0.1220703125,-4,-0.244140625,10,0.6103515625,-2913,5016,13380,-236,-1.29638671875,-18,-0.098876953125,25256,138.7353515625,409,4.09
1492,53951,2346792,0.617,0,1,0.00048828125,-21,-0.01025390625,2097,1.02392578125,-8,-0.48828125,-17,-1.03759765625,2,0.1220703125,-8324,-3931,177,-190,-1.043701171875,6,0.032958984375,-20937,-115.0103759765625,404,4.04
1493,53983,2346792,0.617,1,-8,-0.00390625,-17,-0.00830078125,2052,1.001953125,-3,-0.18310546875,-14,-0.8544921875,0,0.0,-1245,-5209,-4249,-586,-3.218994140625,-705,-3.8726806640625,-6628,-36.40869140625,408,4.08
1496,54089,2346794,0.618,2,6,0.0029296875,-21,-0.01025390625,2077,1.01416015625,-3,-0.18310546875,-5,-0.30517578125,10,0.6103515625,-2896,4982,13348,-236,-1.29638671875,-18,-0.098876953125,25256,138.7353515625,409,4.09
1507,54491,2346804,0.623,0,1,0.00048828125,-21,-0.01025390625,2097,1.02392578125,-8,-0.48828125,-17,-1.03759765625,2,0.1220703125,-8324,-3931,177,-190,-1.043701171875,6,0.032958984375,-20937,-115.0103759765625,404,4.04
1510,54597,2346806,0.624,1,-9,-0.00439453125,-18,-0.0087890625,2059,1.00537109375,0,0.0,-16,-0.9765625,-1,-0.06103515625,-1260,-5231,-4244,-586,-3.218994140625,-705,-3.8726806640625,-6628,-36.40869140625,408,4.08
1513,54703,2346808,0.625,2,6,0.0029296875,-22,-0.0107421875,2076,1.013671875,-3,-0.18310546875,-4,-0.244140625,10,0.6103515625,-2890,4971,13335,-236,-1.29638671875,-18,-0.098876953125,25256,138.7353515625,409,4.09
1524,55105,2346818,0.63,0,0,0.0,-20,-0.009765625,2105,1.02783203125,-4,-0.244140625,-16,-0.9765625,4,0.244140625,-8326,-3929,223,-190,-1.043701171875,6,0.032958984375,-20937,-115.0103759765625,404,4.04
1527,55211,2346820,0.631,1,-9,-0.00439453125,-18,-0.0087890625,2062,1.0068359375,2,0.1220703125,-15,-0.91552734375,-1,-0.06103515625,-1303,-5244,-4264,-584,-3.2080078125,-701,-3.8507080078125,-6628,-36.40869140625,408,4.08
1530,55317,2346822,0.632,2,6,0.0029296875,-22,-0.0107421875,2075,1.01318359375,-3,-0.18310546875,-4,-0.244140625,9,0.54931640625,-2881,4960,13309,-236,-1.29638671875,-18,-0.098876953125,25256,138.7353515625,409,4.09
1541,55719,2346832,0.637,0,-1,-0.00048828125,-20,-0.009765625,2100,1.025390625,-7,-0.42724609375,-15,-0.91552734375,6,0.3662109375,-8310,-3934,212,-190,-1.043701171875,6,0.032958984375,-20937,-115.0103759765625,404,4.04
1544,55825,2346834,0.638,1,-7,-0.00341796875,-17,-0.00830078125,2054,1.0029296875,-1,-0.06103515625,-17,-1.03759765625,-3,-0.18310546875,-1303,-5241,-4290,-584,-3.2080078125,-701,-3.8507080078125,-6628,-36.40869140625,408,4.08
1549,56005,2346838,0.64,2,5,0.00244140625,-22,-0.0107421875,2075,1.01318359375,-3,-0.18310546875,-4,-0.244140625,10,0.6103515625,-2908,4950,13299,-236,-1.29638671875,-18,-0.098876953125,25256,138.7353515625,409,4.09
1558,56333,2346846,0.644,0,-1,-0.00048828125,-21,-0.01025390625,2102,1.0263671875,-7,-0.42724609375,-13,-0.79345703125,4,0.244140625,-8292,-3936,228,-190,-1.043701171875,6,0.032958984375,-20937,-115.0103759765625,404,4.04
1563,56513,2346850,0.646,1,-11,-0.00537109375,-17,-0.00830078125,2060,1.005859375,-1,-0.06103515625,-15,-0.91552734375,-1,-0.06103515625,-1339,-5245,-4289,-584,-3.2080078125,-701,-3.8507080078125,-6628,-36.40869140625,408,4.08
1564,56545,2346851,0.6465,2,6,0.0029296875,-22,-0.0107421875,2075,1.01318359375,-3,-0.18310546875,-4,-0.244140625,9,0.54931640625,-2893,4947,13291,-236,-1.29638671875,-18,-0.098876953125,25256,138.7353515625,409,4.09
1577,57021,2346862,0.652,0,-2,-0.0009765625,-21,-0.01025390625,2104,1.02734375,-3,-0.18310546875,-14,-0.8544921875,4,0.244140625,-8280,-3955,203,-190,-1.043701171875,6,0.032958984375,-20937,-115.0103759765625,404,4.04
1578,57053,2346862,0.652,1,-9,-0.00439453125,-16,-0.0078125,2060,1.005859375,-2,-0.1220703125,-14,-0.8544921875,-1,-0.06103515625,-1318,-5271,-4322,-581,-3.1915283203125,-697,-3.8287353515625,-6628,-36.40869140625,409,4.09
1581,57159,2346864,0.653,2,6,0.0029296875,-21,-0.01025390625,2076,1.013671875,-3,-0.18310546875,-4,-0.244140625,10,0.6103515625,-2913,4941,13283,-236,-1.29638671875,-18,-0.098876953125,25256,138.7353515625,409,4.09
1592,57561,2346874,0.658,0,-2,-0.0009765625,-21,-0.01025390625,2104,1.02734375,-3,-0.18310546875,-14,-0.8544921875,4,0.244140625,-8280,-3955,203,-190,-1.043701171875,6,0.032958984375,-20937,-115.0103759765625,404,4.04
1595,57667,2346876,0.659,1,-7,-0.00341796875,-19,-0.00927734375,2060,1.005859375,-7,-0.42724609375,-14,-0.8544921875,-2,-0.1220703125,-1325,-5269,-4312,-581,-3.1915283203125,-697,-3.8287353515625,-6628,-36.40869140625,409,4.09
1598,57773,2346878,0.66,2,6,0.0029296875,-21,-0.01025390625,2077,1.01416015625,-3,-0.18310546875,-4,-0.244140625,9,0.54931640625,-2903,4959,13296,-236,-1.29638671875,-18,-0.098876953125,25256,138.7353515625,409,4.09
1609,58175,2346888,0.665,0,0,0.0,-20,-0.009765625,2097,1.02392578125,-3,-0.18310546875,-14,-0.8544921875,3,0.18310546875,-8266,-3937,186,-190,-1.043701171875,6,0.032958984375,-20938,-115.015869140625,404,4.04
1612,58281,2346890,0.666,1,-6,-0.0029296875,-11,-0.00537109375,2056,1.00390625,-1,-0.06103515625,-17,-1.03759765625,0,0.0,-1339,-5286,-4286,-581,-3.1915283203125,-697,-3.8287353515625,-6628,-36.40869140625,409,4.09
1615,58387,2346892,0.667,2,6,0.0029296875,-21,-0.01025390625,2076,1.013671875,-3,-0.18310546875,-4,-0.244140625,9,0.54931640625,-2873,4943,13291,-236,-1.29638671875,-18,-0.098876953125,25256,138.7353515625,409,4.09
1626,58789,2346902,0.672,0,0,0.0,-20,-0.009765625,2106,1.0283203125,-5,-0.30517578125,-13,-0.79345703125,6,0.3662109375,-8254,-3922,157,-190,-1.043701171875,6,0.032958984375,-20938,-115.015869140625,404,4.04
1629,58895,2346904,0.673,1,-7,-0.00341796875,-17,-0.00830078125,2066,1.0087890625,1,0.06103515625,-13,-0.79345703125,-2,-0.1220703125,-1363,-5289,-4303,-578,-3.175048828125,-693,-3.8067626953125,-6629,-36.4141845703125,409,4.09
1634,59075,2346908,0.675,2,6,0.0029296875,-20,-0.009765625,2076,1.013671875,-3,-0.18310546875,-4,-0.244140625,9,0.54931640625,-2873,4955,13248,-236,-1.29638671875,-18,-0.098876953125,25256,138.7353515625,409,4.09
1643,59403,2346916,0.679,0,0,0.0,-20,-0.009765625,2098,1.0244140625,-6,-0.3662109375,-14,-0.8544921875,6,0.3662109375,-8249,-3917,135,-190,-1.043701171875,6,0.032958984375,-20938,-115.015869140625,404,4.04
1648,59583,2346920,0.681,1,-9,-0.00439453125,-16,-0.0078125,2060,1.005859375,-3,-0.18310546875,-14,-0.8544921875,-1,-0.06103515625,-1381,-5280,-4262,-578,-3.175048828125,-693,-3.8067626953125,-6629,-36.4141845703125,409,4.09
1649,59615,2346920,0.681,2,6,0.0029296875,-20,-0.009765625,2077,1.01416015625,-3,-0.18310546875,-4,-0.244140625,9,0.54931640625,-2874,4969,13267,-236,-1.29638671875,-18,-0.098876953125,25256,138.7353515625,409,4.09
1662,60091,2346932,0.687,0,-1,-0.00048828125,-21,-0.01025390625,2096,1.0234375,-5,-0.30517578125,-13,-0.79345703125,6,0.3662109375,-8267,-3915,162,-190,-1.043701171875,6,0.032958984375,-20938,-115.015869140625,404,4.04
1663,60123,2346932,0.687,1,-8,-0.00390625,-15,-0.00732421875,2056,1.00390625,-1,-0.06103515625,-15,-0.91552734375,-2,-0.1220703125,-1367,-5256,-4285,-578,-3.175048828125,-693,-3.8067626953125,-6629,-36.4141845703125,409,4.09
1666,60229,2346934,0.688,2,5,0.00244140625,-21,-0.01025390625,2077,1.01416015625,-3,-0.18310546875,-4,-0.244140625,9,0.54931640625,-2889,4963,13284,-236,-1.29638671875,-18,-0.098876953125,25256,138.7353515625,409,4.09
1677,60631,2346944,0.693,0,-1,-0.00048828125,-21,-0.01025390625,2096,1.0234375,-5,-0.30517578125,-13,-0.79345703125,6,0.3662109375,-8267,-3915,162,-190,-1.043701171875,6,0.032958984375,-20938,-115.015869140625,404,4.04
1680,60737,2346946,0.694,1,-9,-0.00439453125,-18,-0.0087890625,2065,1.00830078125,0,0.0,-12,-0.732421875,0,0.0,-1377,-5234,-4323,-575,-3.1585693359375,-689,-3.7847900390625,-6629,-36.4141845703125,409,4.09
1683,60843,2346948,0.695,2,5,0.00244140625,-21,-0.01025390625,2075,1.01318359375,-2,-0.1220703125,-4,-0.244140625,9,0.54931640625,-2873,4938,13314,-236,-1.29638671875,-18,-0.098876953125,25256,138.7353515625,409,4.09
1694,61245,2346958,0.7,0,2,0.0009765625,-19,-0.00927734375,2100,1.025390625,-7,-0.42724609375,-15,-0.91552734375,5,0.30517578125,-8258,-3911,203,-190,-1.043701171875,6,0.032958984375,-20938,-115.015869140625,404,4.04
1697,61351,2346960,0.701,1,-11,-0.00537109375,-20,-0.009765625,2058,1.0048828125,-1,-0.06103515625,-15,-0.91552734375,-1,-0.06103515625,-1365,-5233,-4277,-575,-3.1585693359375,-689,-3.7847900390625,-6629,-36.4141845703125,409,4.09
1700,61457,2346962,0.702,2,4,0.001953125,-21,-0.01025390625,2076,1.013671875,-2,-0.1220703125,-4,-0.244140625,9,0.54931640625,-2880,4926,13287,-236,-1.29638671875,-18,-0.098876953125,25256,138.7353515625,409,4.09
1711,61859,2346972,0.707,0,0,0.0,-20,-0.009765625,2102,1.0263671875,-6,-0.3662109375,-12,-0.732421875,6,0.3662109375,-8251,-3913,209,-190,-1.043701171875,6,0.032958984375,-20938,-115.015869140625,404,4.04
1714,61965,2346974,0.708,1,-9,-0.00439453125,-20,-0.009765625,2059,1.00537109375,3,0.18310546875,-14,-0.8544921875,-2,-0.1220703125,-1392,-5236,-4271,-575,-3.1585693359375,-689,-3.7847900390625,-6629,-36.4141845703125,409,4.09
1719,62145,2346978,0.71,2,4,0.001953125,-21,-0.01025390625,2077,1.01416015625,-3,-0.18310546875,-5,-0.30517578125,10,0.6103515625,-2902,4940,13263,-236,-1.29638671875,-18,-0.098876953125,25256,138.7353515625,409,4.09
1728,62473,2346986,0.714,0,0,0.0,-19,-0.00927734375,2102,1.0263671875,-5,-0.30517578125,-13,-0.79345703125,7,0.42724609375,-8239,-3916,219,-190,-1.043701171875,6,0.032958984375,-20938,-115.015869140625,405,4.05
1733,62653,2346990,0.716,1,-6,-0.0029296875,-16,-0.0078125,2059,1.00537109375,0,0.0,-15,-0.91552734375,0,0.0,-1390,-5251,-4285,-573,-3.1475830078125,-685,-3.7628173828125,-6629,-36.4141845703125,409,4.09
1734,62685,2346991,0.7165,2,4,0.001953125,-21,-0.01025390625,2076,1.013671875,-3,-0.18310546875,-4,-0.244140625,10,0.6103515625,-2925,4960,13275,-236,-1.29638671875,-18,-0.098876953125,25256,138.7353515625,409,4.09
1747,63161,2347002,0.722,0,-2,-0.0009765625,-20,-0.009765625,2095,1.02294921875,-7,-0.42724609375,-15,-0.91552734375,7,0.42724609375,-8260,-3893,243,-190,-1.043701171875,6,0.032958984375,-20938,-115.015869140625,405,4.05
1748,63193,2347002,0.722,1,-9,-0.00439453125,-18,-0.0087890625,2057,1.00439453125,-4,-0.244140625,-14,-0.8544921875,-1,-0.06103515625,-1337,-5231,-4289,-573,-3.1475830078125,-685,-3.7628173828125,-6629,-36.4141845703125,409,4.09
1751,63299,2347004,0.723,2,4,0.001953125,-21,-0.01025390625,2076,1.013671875,-3,-0.18310546875,-4,-0.244140625,9,0.54931640625,-2937,4967,13264,-236,-1.29638671875,-18,-0.098876953125,25256,138.7353515625,409,4.09
1762,63701,2347014,0.728,0,0,0.0,-20,-0.009765625,2097,1.02392578125,-4,-0.244140625,-16,-0.9765625,5,0.30517578125,-8244,-3891,208,-190,-1.043701171875,6,0.032958984375,-20938,-115.015869140625,405,4.05
1765,63807,2347016,0.729,1,-9,-0.00439453125,-14,-0.0068359375,2055,1.00341796875,-3,-0.18310546875,-16,-0.9765625,-1,-0.06103515625,-1350,-5241,-4289,-573,-3.1475830078125,-685,-3.7628173828125,-6629,-36.4141845703125,409,4.09
1768,63913,2347018,0.73,2,5,0.00244140625,-21,-0.01025390625,2075,1.01318359375,-3,-0.18310546875,-4,-0.244140625,10,0.6103515625,-2887,4960,13264,-236,-1.29638671875,-18,-0.098876953125,25256,138.7353515625,409,4.09
1779,64315,2347028,0.735,0,-2,-0.0009765625,-18,-0.0087890625,2096,1.0234375,-5,-0.30517578125,-15,-0.91552734375,5,0.30517578125,-8269,-3880,175,-190,-1.043701171875,6,0.032958984375,-20938,-115.015869140625,406,4.06
1782,64421,2347030,0.736,1,-9,-0.00439453125,-19,-0.00927734375,2062,1.0068359375,-1,-0.06103515625,-14,-0.8544921875,3,0.18310546875,-1356,-5256,-4292,-570,-3.131103515625,-681,-3.7408447265625,-6629,-36.4141845703125,409,4.09
1785,64527,2347032,0.737,2,5,0.00244140625,-21,-0.01025390625,2075,1.01318359375,-3,-0.18310546875,-4,-0.244140625,10,0.6103515625,-2852,4959,13266,-236,-1.29638671875,-18,-0.098876953125,25256,138.7353515625,409,4.09
1796,64929,2347042,0.742,0,-1,-0.00048828125,-19,-0.00927734375,2103,1.02685546875,-5,-0.30517578125,-15,-0.91552734375,3,0.18310546875,-8300,-3904,121,-190,-1.043701171875,6,0.032958984375,-20938,-115.015869140625,406,4.06
1799,65035,2347044,0.743,1,-6,-0.0029296875,-17,-0.00830078125,2063,1.00732421875,-4,-0.244140625,-15,-0.91552734375,0,0.0,-1339,-5266,-4272,-570,-3.131103515625,-681,-3.7408447265625,-6629,-36.4141845703125,409,4.09
1804,65215,2347048,0.745,2,5,0.00244140625,-20,-0.009765625,2075,1.01318359375,-3,-0.18310546875,-4,-0.244140625,10,0.6103515625,-2895,4949,13262,-236,-1.29638671875,-18,-0.098876953125,25256,138.7353515625,409,4.09
1813,65543,2347056,0.749,0,-1,-0.00048828125,-19,-0.00927734375,2103,1.02685546875,-5,-0.30517578125,-15,-0.91552734375,3,0.18310546875,-8300,-3904,121,-190,-1.043701171875,6,0.032958984375,-20938,-115.015869140625,406,4.06
1818,65723,2347060,0.751,1,-9,-0.00439453125,-20,-0.009765625,2056,1.00390625,0,0.0,-15,-0.91552734375,-1,-0.06103515625,-1354,-5261,-4282,-570,-3.131103515625,-681,-3.7408447265625,-6629,-36.4141845703125,409,4.09
1819,65755,2347061,0.7515,2,5,0.00244140625,-21,-0.01025390625,2075,1.01318359375,-3,-0.18310546875,-4,-0.244140625,10,0.6103515625,-2879,4961,13220,-236,-1.29638671875,-18,-0.098876953125,25256,138.7353515625,409,4.09
1832,66231,2347072,0.757,0,-1,-0.00048828125,-21,-0.01025390625,2099,1.02490234375,-6,-0.3662109375,-15,-0.91552734375,4,0.244140625,-8287,-3914,166,-190,-1.043701171875,6,0.032958984375,-20938,-115.015869140625,406,4.06
1834,66300,2347073,0.7575,1,-9,-0.00439453125,-19,-0.00927734375,2060,1.005859375,-2,-0.1220703125,-16,-0.9765625,-1,-0.06103515625,-1325,-5249,-4275,-567,-3.1146240234375,-677,-3.7188720703125,-6629,-36.4141845703125,409,4.09
1836,66369,2347074,0.758,2,6,0.0029296875,-21,-0.01025390625,2075,1.01318359375,-3,-0.18310546875,-4,-0.244140625,9,0.54931640625,-2883,4962,13232,-236,-1.29638671875,-18,-0.098876953125,25256,138.7353515625,409,4.09
1847,66771,2347084,0.763,0,-1,-0.00048828125,-19,-0.00927734375,2095,1.02294921875,-4,-0.244140625,-13,-0.79345703125,6,0.3662109375,-8292,-3903,148,-190,-1.043701171875,6,0.032958984375,-20938,-115.015869140625,406,4.06
1850,66877,2347086,0.764,1,-10,-0.0048828125,-17,-0.00830078125,2060,1.005859375,-3,-0.18310546875,-14,-0.8544921875,-2,-0.1220703125,-1357,-5224,-4287,-567,-3.1146240234375,-677,-3.7188720703125,-6629,-36.4141845703125,409,4.09
1853,66983,2347088,0.765,2,6,0.0029296875,-21,-0.01025390625,2075,1.01318359375,-3,-0.18310546875,-4,-0.244140625,9,0.54931640625,-2854,4964,13218,-236,-1.29638671875,-18,-0.098876953125,25256,138.7353515625,409,4.09
1864,67385,2347098,0.77,0,1,0.00048828125,-21,-0.01025390625,2098,1.0244140625,-5,-0.30517578125,-14,-0.8544921875,2,0.1220703125,-8297,-3896,115,-190,-1.043701171875,6,0.032958984375,-20938,-115.015869140625,407,4.07
1867,67491,2347100,0.771,1,-7,-0.00341796875,-21,-0.01025390625,2058,1.0048828125,-1,-0.06103515625,-15,-0.91552734375,-2,-0.1220703125,-1344,-5225,-4269,-567,-3.1146240234375,-677,-3.7188720703125,-6629,-36.4141845703125,409,4.09
1870,67597,2347102,0.772,2,6,0.0029296875,-21,-0.01025390625,2076,1.013671875,-3,-0.18310546875,-4,-0.244140625,10,0.6103515625,-2844,4967,13237,-236,-1.29638671875,-18,-0.098876953125,25256,138.7353515625,409,4.09
1881,67999,2347112,0.777,0,0,0.0,-19,-0.00927734375,2096,1.0234375,-6,-0.3662109375,-15,-0.91552734375,5,0.30517578125,-8317,-3896,99,-190,-1.043701171875,6,0.032958984375,-20938,-115.015869140625,407,4.07
1884,68105,2347114,0.778,1,-9,-0.00439453125,-20,-0.009765625,2058,1.0048828125,-2,-0.1220703125,-14,-0.8544921875,-2,-0.1220703125,-1302,-5222,-4295,-564,-3.09814453125,-673,-3.6968994140625,-6629,-36.4141845703125,408,4.08
1889,68285,2347118,0.78,2,5,0.00244140625,-21,-0.01025390625,2077,1.01416015625,-3,-0.18310546875,-4,-0.244140625,10,0.6103515625,-2828,4972,13202,-236,-1.29638671875,-18,-0.098876953125,25256,138.7353515625,409,4.09
1898,68613,2347126,0.784,0,0,0.0,-19,-0.00927734375,2096,1.0234375,-6,-0.3662109375,-15,-0.91552734375,5,0.30517578125,-8317,-3896,99,-190,-1.043701171875,6,0.032958984375,-20938,-115.015869140625,407,4.07
1903,68793,2347130,0.786,1,-10,-0.0048828125,-14,-0.0068359375,2058,1.0048828125,-1,-0.06103515625,-14,-0.8544921875,-2,-0.1220703125,-1284,-5210,-4307,-564,-3.09814453125,-673,-3.6968994140625,-6629,-36.4141845703125,408,4.08
1904,68825,2347131,0.7865,2,5,0.00244140625,-21,-0.01025390625,2076,1.013671875,-3,-0.18310546875,-4,-0.244140625,10,0.6103515625,-2832,4974,13253,-236,-1.29638671875,-18,-0.098876953125,25256,138.7353515625,409,4.09
1917,69301,2347142,0.792,0,-1,-0.00048828125,-21,-0.01025390625,2102,1.0263671875,-6,-0.3662109375,-15,-0.91552734375,4,0.244140625,-8340,-3901,137,-190,-1.043701171875,6,0.032958984375,-20938,-115.015869140625,407,4.07
1918,69333,2347142,0.792,1,-9,-0.00439453125,-17,-0.00830078125,2060,1.005859375,0,0.0,-15,-0.91552734375,-1,-0.06103515625,-1322,-5220,-4307,-562,-3.087158203125,-669,-3.6749267578125,-6630,-36.419677734375,408,4.08
1921,69439,2347144,0.793,2,5,0.00244140625,-20,-0.009765625,2075,1.01318359375,-3,-0.18310546875,-4,-0.244140625,10,0.6103515625,-2832,4987,13232,-236,-1.29638671875,-18,-0.098876953125,25256,138.7353515625,409,4.09
1932,69841,2347154,0.798,0,0,0.0,-22,-0.0107421875,2099,1.02490234375,-6,-0.3662109375,-13,-0.79345703125,4,0.244140625,-8330,-3907,126,-190,-1.043701171875,6,0.032958984375,-20938,-115.015869140625,407,4.07
1935,69947,2347156,0.799,1,-10,-0.0048828125,-17,-0.00830078125,2057,1.00439453125,-3,-0.18310546875,-15,-0.91552734375,-3,-0.18310546875,-1337,-5223,-4316,-562,-3.087158203125,-669,-3.6749267578125,-6630,-36.419677734375,408,4.08
1938,70053,2347158,0.8,2,5,0.00244140625,-21,-0.01025390625,2075,1.01318359375,-3,-0.18310546875,-4,-0.244140625,9,0.54931640625,-2880,4995,13290,-236,-1.29638671875,-18,-0.098876953125,25256,138.7353515625,409,4.09
1949,70455,2347168,0.805,0,-1,-0.00048828125,-20,-0.009765625,2101,1.02587890625,-3,-0.18310546875,-14,-0.8544921875,3,0.18310546875,-8336,-3881,128,-190,-1.043701171875,6,0.032958984375,-20938,-115.015869140625,407,4.07
1952,70561,2347170,0.806,1,-10,-0.0048828125,-19,-0.00927734375,2060,1.005859375,1,0.06103515625,-12,-0.732421875,-2,-0.1220703125,-1346,-5241,-4320,-562,-3.087158203125,-669,-3.6749267578125,-6630,-36.419677734375,408,4.08
1955,70667,2347172,0.807,2,4,0.001953125,-21,-0.01025390625,2076,1.013671875,-3,-0.18310546875,-4,-0.244140625,9,0.54931640625,-2856,5010,13290,-236,-1.29638671875,-18,-0.098876953125,25256,138.7353515625,409,4.09
1966,71069,2347182,0.812,0,1,0.00048828125,-19,-0.00927734375,2102,1.0263671875,-7,-0.42724609375,-14,-0.8544921875,7,0.42724609375,-8317,-3900,118,-190,-1.043701171875,6,0.032958984375,-20938,-115.015869140625,407,4.07
1969,71175,2347184,0.813,1,-10,-0.0048828125,-21,-0.01025390625,2060,1.005859375,-1,-0.06103515625,-14,-0.8544921875,-2,-0.1220703125,-1362,-5218,-4298,-559,-3.0706787109375,-665,-3.6529541015625,-6630,-36.419677734375,408,4.08
1974,71355,2347188,0.815,2,5,0.00244140625,-22,-0.0107421875,2075,1.01318359375,-3,-0.18310546875,-4,-0.244140625,9,0.54931640625,-2875,4995,13286,-236,-1.29638671875,-18,-0.098876953125,25256,138.7353515625,409,4.09
1983,71683,2347196,0.819,0,1,0.00048828125,-19,-0.00927734375,2102,1.0263671875,-7,-0.42724609375,-14,-0.8544921875,7,0.42724609375,-8317,-3900,118,-190,-1.043701171875,6,0.032958984375,-20938,-115.015869140625,407,4.07
1988,71863,2347200,0.821,1,-10,-0.0048828125,-18,-0.0087890625,2057,1.00439453125,-2,-0.1220703125,-15,-0.91552734375,-1,-0.06103515625,-1392,-5235,-4266,-559,-3.0706787109375,-665,-3.6529541015625,-6630,-36.419677734375,408,4.08
1989,71895,2347200,0.821,2,5,0.00244140625,-22,-0.0107421875,2076,1.013671875,-3,-0.18310546875,-4,-0.244140625,10,0.6103515625,-2886,4997,13269,-236,-1.29638671875,-18,-0.098876953125,25256,138.7353515625,410,4.1
2003,72408,2347213,0.8275,0,1,0.00048828125,-20,-0.009765625,2102,1.0263671875,-6,-0.3662109375,-14,-0.8544921875,7,0.42724609375,-8302,-3887,127,-190,-1.043701171875,6,0.032958984375,-20938,-115.015869140625,407,4.07
2004,72440,2347213,0.8275,1,-9,-0.00439453125,-18,-0.0087890625,2057,1.00439453125,-5,-0.30517578125,-13,-0.79345703125,-2,-0.1220703125,-1388,-5243,-4247,-559,-3.0706787109375,-665,-3.6529541015625,-6630,-36.419677734375,408,4.08
2006,72509,2347214,0.828,2,6,0.0029296875,-21,-0.01025390625,2075,1.01318359375,-3,-0.18310546875,-4,-0.244140625,10,0.6103515625,-2861,5001,13271,-236,-1.29638671875,-18,-0.098876953125,25256,138.7353515625,410,4.1
2017,72911,2347224,0.833,0,0,0.0,-18,-0.0087890625,2099,1.02490234375,-5,-0.30517578125,-14,-0.8544921875,3,0.18310546875,-8304,-3897,123,-190,-1.043701171875,6,0.032958984375,-20938,-115.015869140625,407,4.07
2020,73017,2347226,0.834,1,-11,-0.00537109375,-17,-0.00830078125,2059,1.00537109375,-1,-0.06103515625,-14,-0.8544921875,-2,-0.1220703125,-1404,-5259,-4248,-557,-3.0596923828125,-661,-3.6309814453125,-6630,-36.419677734375,408,4.08
2023,73123,2347228,0.835,2,5,0.00244140625,-21,-0.01025390625,2075,1.01318359375,-3,-0.18310546875,-4,-0.244140625,10,0.6103515625,-2833,5019,13302,-236,-1.29638671875,-18,-0.098876953125,25256,138.7353515625,410,4.1
2034,73525,2347238,0.84,0,-1,-0.00048828125,-22,-0.0107421875,2097,1.02392578125,-4,-0.244140625,-14,-0.8544921875,4,0.244140625,-8292,-3909,141,-190,-1.043701171875,6,0.032958984375,-20938,-115.015869140625,406,4.06
2037,73631,2347240,0.841,1,-10,-0.0048828125,-23,-0.01123046875,2059,1.00537109375,-5,-0.30517578125,-13,-0.79345703125,1,0.06103515625,-1430,-5258,-4212,-557,-3.0596923828125,-661,-3.6309814453125,-6630,-36.419677734375,408,4.08
2040,73737,2347242,0.842,2,5,0.00244140625,-21,-0.01025390625,2075,1.01318359375,-3,-0.18310546875,-4,-0.244140625,9,0.54931640625,-2837,5024,13300,-236,-1.29638671875,-18,-0.098876953125,25256,138.7353515625,410,4.1
2051,74139,2347252,0.847,0,0,0.0,-20,-0.009765625,2097,1.02392578125,-7,-0.42724609375,-14,-0.8544921875,5,0.30517578125,-8266,-3895,140,-190,-1.043701171875,6,0.032958984375,-20938,-115.015869140625,406,4.06
2054,74245,2347254,0.848,1,-10,-0.0048828125,-17,-0.00830078125,2061,1.00634765625,-6,-0.3662109375,-16,-0.9765625,-3,-0.18310546875,-1444,-5228,-4210,-557,-3.0596923828125,-661,-3.6309814453125,-6630,-36.419677734375,408,4.08
2059,74425,2347258,0.85,2,5,0.00244140625,-21,-0.01025390625,2075,1.01318359375,-2,-0.1220703125,-4,-0.244140625,9,0.54931640625,-2821,4999,13289,-236,-1.29638671875,-18,-0.098876953125,25256,138.7353515625,410,4.1
2068,74753,2347266,0.854,0,-1,-0.00048828125,-20,-0.009765625,2103,1.02685546875,-6,-0.3662109375,-14,-0.8544921875,5,0.30517578125,-8269,-3883,112,-190,-1.043701171875,6,0.032958984375,-20938,-115.015869140625,406,4.06
2073,74933,2347270,0.856,1,-10,-0.0048828125,-17,-0.00830078125,2055,1.00341796875,-2,-0.1220703125,-13,-0.79345703125,-2,-0.1220703125,-1434,-5243,-4212,-554,-3.043212890625,-657,-3.6090087890625,-6630,-36.419677734375,408,4.08
2075,75002,2347271,0.8565,2,6,0.0029296875,-21,-0.01025390625,2076,1.013671875,-3,-0.18310546875,-4,-0.244140625,10,0.6103515625,-2806,4997,13266,-236,-1.29638671875,-18,-0.098876953125,25256,138.7353515625,410,4.1
2088,75478,2347283,0.8625,0,0,0.0,-21,-0.01025390625,2104,1.02734375,-7,-0.42724609375,-13,-0.79345703125,5,0.30517578125,-8299,-3856,108,-190,-1.043701171875,6,0.032958984375,-20938,-115.015869140625,406,4.06
2089,75510,2347283,0.8625,1,-9,-0.00439453125,-17,-0.00830078125,2060,1.005859375,0,0.0,-12,-0.732421875,0,0.0,-1405,-5247,-4236,-554,-3.043212890625,-657,-3.6090087890625,-6630,-36.419677734375,407,4.07
2091,75579,2347284,0.863,2,5,0.00244140625,-21,-0.01025390625,2076,1.013671875,-3,-0.18310546875,-4,-0.244140625,10,0.6103515625,-2804,5016,13253,-236,-1.29638671875,-18,-0.098876953125,25256,138.7353515625,410,4.1
2102,75981,2347294,0.868,0,0,0.0,-21,-0.01025390625,2096,1.0234375,-4,-0.244140625,-16,-0.9765625,4,0.244140625,-8305,-3868,99,-190,-1.043701171875,6,0.032958984375,-20938,-115.015869140625,406,4.06
2105,76087,2347296,0.869,1,-9,-0.00439453125,-16,-0.0078125,2055,1.00341796875,-5,-0.30517578125,-15,-0.91552734375,-3,-0.18310546875,-1390,-5261,-4210,-554,-3.043212890625,-657,-3.6090087890625,-6630,-36.419677734375,408,4.08
2108,76193,2347298,0.87,2,5,0.00244140625,-20,-0.009765625,2076,1.013671875,-3,-0.18310546875,-3,-0.18310546875,9,0.54931640625,-2795,5033,13240,-236,-1.29638671875,-18,-0.098876953125,25256,138.7353515625,410,4.1
2119,76595,2347308,0.875,0,-2,-0.0009765625,-22,-0.0107421875,2098,1.0244140625,-4,-0.244140625,-14,-0.8544921875,6,0.3662109375,-8300,-3876,159,-190,-1.043701171875,6,0.032958984375,-20938,-115.015869140625,406,4.06
2122,76701,2347310,0.876,1,-9,-0.00439453125,-16,-0.0078125,2064,1.0078125,-1,-0.06103515625,-13,-0.79345703125,1,0.06103515625,-1371,-5246,-4189,-551,-3.0267333984375,-653,-3.5870361328125,-6630,-36.419677734375,408,4.08
2125,76807,2347312,0.877,2,5,0.00244140625,-20,-0.009765625,2076,1.013671875,-3,-0.18310546875,-4,-0.244140625,9,0.54931640625,-2811,5041,13245,-236,-1.29638671875,-18,-0.098876953125,25256,138.7353515625,410,4.1
2136,77209,2347322,0.882,0,-2,-0.0009765625,-18,-0.0087890625,2102,1.0263671875,-5,-0.30517578125,-12,-0.732421875,7,0.42724609375,-8310,-3898,137,-190,-1.043701171875,6,0.032958984375,-20938,-115.015869140625,406,4.06
2139,77315,2347324,0.883,1,-11,-0.00537109375,-16,-0.0078125,2062,1.0068359375,-2,-0.1220703125,-13,-0.79345703125,-2,-0.1220703125,-1376,-5238,-4194,-551,-3.0267333984375,-653,-3.5870361328125,-6630,-36.419677734375,408,4.08
2144,77495,2347328,0.885,2,5,0.00244140625,-20,-0.009765625,2076,1.013671875,-2,-0.1220703125,-4,-0.244140625,10,0.6103515625,-2814,5036,13231,-236,-1.29638671875,-18,-0.098876953125,25256,138.7353515625,410,4.1
2153,77823,2347336,0.889,0,-1,-0.00048828125,-22,-0.0107421875,2105,1.02783203125,-6,-0.3662109375,-16,-0.9765625,3,0.18310546875,-8309,-3895,155,-190,-1.043701171875,6,0.032958984375,-20938,-115.015869140625,406,4.06
2159,78040,2347341,0.8915,1,-10,-0.0048828125,-23,-0.01123046875,2062,1.0068359375,-4,-0.244140625,-14,-0.8544921875,0,0.0,-1380,-5264,-4225,-551,-3.0267333984375,-653,-3.5870361328125,-6630,-36.419677734375,408,4.08
2160,78072,2347341,0.8915,2,5,0.00244140625,-21,-0.01025390625,2076,1.013671875,-2,-0.1220703125,-4,-0.244140625,10,0.6103515625,-2846,5028,13253,-236,-1.29638671875,-18,-0.098876953125,25256,138.7353515625,410,4.1
2173,78548,2347353,0.8975,0,1,0.00048828125,-20,-0.009765625,2101,1.02587890625,-5,-0.30517578125,-13,-0.79345703125,6,0.3662109375,-8301,-3889,132,-190,-1.043701171875,6,0.032958984375,-20938,-115.015869140625,406,4.06
2174,78580,2347353,0.8975,1,-10,-0.0048828125,-16,-0.0078125,2058,1.0048828125,-1,-0.06103515625,-15,-0.91552734375,-1,-0.06103515625,-1392,-5262,-4248,-549,-3.0157470703125,-649,-3.5650634765625,-6630,-36.419677734375,408,4.08
2176,78649,2347354,0.898,2,5,0.00244140625,-20,-0.009765625,2076,1.013671875,-3,-0.18310546875,-4,-0.244140625,10,0.6103515625,-2867,4989,13232,-236,-1.29638671875,-18,-0.098876953125,25256,138.7353515625,410,4.1
2187,79051,2347364,0.903,0,-2,-0.0009765625,-18,-0.0087890625,2096,1.0234375,-7,-0.42724609375,-15,-0.91552734375,5,0.30517578125,-8321,-3882,126,-190,-1.043701171875,6,0.032958984375,-20938,-115.015869140625,406,4.06
2190,79157,2347366,0.904,1,-8,-0.00390625,-16,-0.0078125,2056,1.00390625,-1,-0.06103515625,-14,-0.8544921875,-2,-0.1220703125,-1379,-5244,-4285,-549,-3.0157470703125,-649,-3.5650634765625,-6630,-36.419677734375,408,4.08
2193,79263,2347368,0.905,2,5,0.00244140625,-21,-0.01025390625,2075,1.01318359375,-3,-0.18310546875,-4,-0.244140625,10,0.6103515625,-2863,4977,13239,-235,-1.2908935546875,-18,-0.098876953125,25256,138.7353515625,409,4.09
2204,79665,2347378,0.91,0,-2,-0.0009765625,-18,-0.0087890625,2096,1.0234375,-7,-0.42724609375,-15,-0.91552734375,5,0.30517578125,-8321,-3882,126,-190,-1.043701171875,6,0.032958984375,-20938,-115.015869140625,406,4.06
2207,79771,2347380,0.911,1,-8,-0.00390625,-18,-0.0087890625,2063,1.00732421875,0,0.0,-14,-0.8544921875,-2,-0.1220703125,-1391,-5242,-4314,-549,-3.0157470703125,-649,-3.5650634765625,-6630,-36.419677734375,408,4.08
2210,79877,2347382,0.912,2,5,0.00244140625,-21,-0.01025390625,2075,1.01318359375,-3,-0.18310546875,-4,-0.244140625,10,0.6103515625,-2859,4961,13264,-235,-1.2908935546875,-18,-0.098876953125,25256,138.7353515625,409,4.09
2221,80279,2347392,0.917,0,-6,-0.0029296875,-19,-0.00927734375,2100,1.025390625,-5,-0.30517578125,-17,-1.03759765625,5,0.30517578125,-8317,-3880,134,-190,-1.043701171875,6,0.032958984375,-20938,-115.015869140625,406,4.06
2224,80385,2347394,0.918,1,-7,-0.00341796875,-16,-0.0078125,2058,1.0048828125,-1,-0.06103515625,-14,-0.8544921875,-1,-0.06103515625,-1383,-5252,-4317,-546,-2.999267578125,-645,-3.5430908203125,-6630,-36.419677734375,408,4.08
2229,80565,2347398,0.92,2,4,0.001953125,-21,-0.01025390625,2076,1.013671875,-3,-0.18310546875,-4,-0.244140625,9,0.54931640625,-2858,4957,13260,-235,-1.2908935546875,-18,-0.098876953125,25256,138.7353515625,409,4.09
2238,80893,2347406,0.924,0,-2,-0.0009765625,-20,-0.009765625,2104,1.02734375,-6,-0.3662109375,-14,-0.8544921875,5,0.30517578125,-8320,-3904,169,-190,-1.043701171875,6,0.032958984375,-20938,-115.015869140625,406,4.06
2244,81110,2347411,0.9265,1,-8,-0.00390625,-21,-0.01025390625,2061,1.00634765625,0,0.0,-15,-0.91552734375,-2,-0.1220703125,-1390,-5265,-4293,-546,-2.999267578125,-645,-3.5430908203125,-6630,-36.419677734375,408,4.08
2245,81142,2347411,0.9265,2,5,0.00244140625,-21,-0.01025390625,2076,1.013671875,-3,-0.18310546875,-4,-0.244140625,10,0.6103515625,-2866,4976,13307,-235,-1.2908935546875,-18,-0.098876953125,25256,138.7353515625,409,4.09
2258,81618,2347423,0.9325,0,2,0.0009765625,-23,-0.01123046875,2101,1.02587890625,-6,-0.3662109375,-15,-0.91552734375,5,0.30517578125,-8330,-3932,149,-190,-1.043701171875,6,0.032958984375,-20938,-115.015869140625,405,4.05
2259,81650,2347423,0.9325,1,-10,-0.0048828125,-13,-0.00634765625,2057,1.00439453125,-1,-0.06103515625,-14,-0.8544921875,-1,-0.06103515625,-1410,-5279,-4292,-546,-2.999267578125,-645,-3.5430908203125,-6630,-36.419677734375,408,4.08
2261,81719,2347424,0.933,2,6,0.0029296875,-21,-0.01025390625,2076,1.013671875,-3,-0.18310546875,-4,-0.244140625,9,0.54931640625,-2872,4951,13298,-235,-1.2908935546875,-18,-0.098876953125,25256,138.7353515625,409,4.09
2272,82121,2347434,0.938,0,1,0.00048828125,-20,-0.009765625,2096,1.0234375,-6,-0.3662109375,-13,-0.79345703125,5,0.30517578125,-8330,-3915,135,-190,-1.043701171875,6,0.032958984375,-20938,-115.015869140625,405,4.05
2275,82227,2347436,0.939,1,-6,-0.0029296875,-18,-0.0087890625,2056,1.00390625,0,0.0,-16,-0.9765625,0,0.0,-1403,-5261,-4312,-544,-2.98828125,-641,-3.5211181640625,-6630,-36.419677734375,408,4.08
2278,82333,2347438,0.94,2,6,0.0029296875,-21,-0.01025390625,2076,1.013671875,-3,-0.18310546875,-4,-0.244140625,9,0.54931640625,-2875,4945,13340,-235,-1.2908935546875,-18,-0.098876953125,25256,138.7353515625,409,4.09
2289,82735,2347448,0.945,0,1,0.00048828125,-20,-0.009765625,2096,1.0234375,-6,-0.3662109375,-13,-0.79345703125,5,0.30517578125,-8330,-3915,135,-190,-1.043701171875,6,0.032958984375,-20938,-115.015869140625,405,4.05
2292,82841,2347450,0.946,1,-6,-0.0029296875,-16,-0.0078125,2059,1.00537109375,1,0.06103515625,-14,-0.8544921875,-1,-0.06103515625,-1414,-5264,-4297,-544,-2.98828125,-641,-3.5211181640625,-6630,-36.419677734375,408,4.08
2295,82947,2347452,0.947,2,6,0.0029296875,-20,-0.009765625,2075,1.01318359375,-3,-0.18310546875,-4,-0.244140625,9,0.54931640625,-2865,4962,13326,-235,-1.2908935546875,-18,-0.098876953125,25256,138.7353515625,409,4.09
2306,83349,2347462,0.952,0,-2,-0.0009765625,-20,-0.009765625,2099,1.02490234375,-4,-0.244140625,-16,-0.9765625,5,0.30517578125,-8341,-3922,140,-190,-1.043701171875,6,0.032958984375,-20938,-115.015869140625,405,4.05
2309,83455,2347464,0.953,1,-8,-0.00390625,-15,-0.00732421875,2059,1.00537109375,-2,-0.1220703125,-14,-0.8544921875,-5,-0.30517578125,-1404,-5276,-4276,-541,-2.9718017578125,-637,-3.4991455078125,-6631,-36.4251708984375,409,4.09
2315,83672,2347469,0.9555,2,6,0.0029296875,-20,-0.009765625,2076,1.013671875,-3,-0.18310546875,-4,-0.244140625,9,0.54931640625,-2870,4968,13331,-235,-1.2908935546875,-18,-0.098876953125,25256,138.7353515625,409,4.09
2323,83963,2347476,0.959,0,-2,-0.0009765625,-21,-0.01025390625,2103,1.02685546875,-7,-0.42724609375,-13,-0.79345703125,4,0.244140625,-8336,-3921,188,-190,-1.043701171875,6,0.032958984375,-20938,-115.015869140625,405,4.05
2329,84180,2347481,0.9615,1,-9,-0.00439453125,-17,-0.00830078125,2058,1.0048828125,-3,-0.18310546875,-13,-0.79345703125,1,0.06103515625,-1414,-5279,-4313,-541,-2.9718017578125,-637,-3.4991455078125,-6631,-36.4251708984375,409,4.09
2330,84212,2347481,0.9615,2,6,0.0029296875,-21,-0.01025390625,2077,1.01416015625,-3,-0.18310546875,-4,-0.244140625,9,0.54931640625,-2876,4974,13311,-235,-1.2908935546875,-18,-0.098876953125,25256,138.7353515625,409,4.09
2351,84984,2347501,0.9715,0,-1,-0.00048828125,-19,-0.00927734375,2096,1.0234375,-8,-0.48828125,-17,-1.03759765625,3,0.18310546875,-8332,-3923,158,-190,-1.043701171875,6,0.032958984375,-20938,-115.015869140625,405,4.05
2352,85016,2347501,0.9715,1,-10,-0.0048828125,-16,-0.0078125,2059,1.00537109375,-1,-0.06103515625,-15,-0.91552734375,-2,-0.1220703125,-1421,-5284,-4292,-541,-2.9718017578125,-637,-3.4991455078125,-6631,-36.4251708984375,409,4.09
2360,85307,2347508,0.975,2,5,0.00244140625,-21,-0.01025390625,2076,1.013671875,-3,-0.18310546875,-4,-0.244140625,10,0.6103515625,-2872,4963,13311,-235,-1.2908935546875,-18,-0.098876953125,25256,138.7353515625,409,4.09
2372,85746,2347519,0.9805,0,0,0.0,-17,-0.00830078125,2098,1.0244140625,-5,-0.30517578125,-13,-0.79345703125,7,0.42724609375,-8339,-3933,63,-190,-1.043701171875,6,0.032958984375,-20938,-115.015869140625,405,4.05
2374,85815,2347520,0.981,1,-7,-0.00341796875,-17,-0.00830078125,2060,1.005859375,2,0.1220703125,-14,-0.8544921875,-2,-0.1220703125,-1352,-5304,-4270,-539,-2.9608154296875,-634,-3.482666015625,-6631,-36.4251708984375,409,4.09
2377,85921,2347522,0.982,2,5,0.00244140625,-21,-0.01025390625,2075,1.01318359375,-3,-0.18310546875,-3,-0.18310546875,9,0.54931640625,-2871,4960,13299,-235,-1.2908935546875,-18,-0.098876953125,25256,138.7353515625,409,4.09
2388,86323,2347532,0.987,0,-2,-0.0009765625,-19,-0.00927734375,2095,1.02294921875,-7,-0.42724609375,-14,-0.8544921875,4,0.244140625,-8328,-3941,0,-190,-1.043701171875,6,0.032958984375,-20938,-115.015869140625,405,4.05
2391,86429,2347534,0.988,1,-9,-0.00439453125,-17,-0.00830078125,2060,1.005859375,-2,-0.1220703125,-14,-0.8544921875,-1,-0.06103515625,-1368,-5322,-4248,-539,-2.9608154296875,-634,-3.482666015625,-6631,-36.4251708984375,409,4.09
2394,86535,2347536,0.989,2,5,0.00244140625,-21,-0.01025390625,2076,1.013671875,-3,-0.18310546875,-3,-0.18310546875,10,0.6103515625,-2871,4954,13294,-235,-1.2908935546875,-18,-0.098876953125,25256,138.7353515625,409,4.09
2405,86937,2347546,0.994,0,-6,-0.0029296875,-18,-0.0087890625,2101,1.02587890625,-5,-0.30517578125,-15,-0.91552734375,4,0.244140625,-8335,-3952,32,-190,-1.043701171875,6,0.032958984375,-20938,-115.015869140625,405,4.05
2408,87043,2347548,0.995,1,-9,-0.00439453125,-20,-0.009765625,2066,1.0087890625,2,0.1220703125,-16,-0.9765625,-3,-0.18310546875,-1372,-5335,-4246,-536,-2.9443359375,-630,-3.460693359375,-6631,-36.4251708984375,409,4.09
2413,87223,2347552,0.997,2,5,0.00244140625,-20,-0.009765625,2075,1.01318359375,-3,-0.18310546875,-4,-0.244140625,10,0.6103515625,-2852,4983,13314,-235,-1.2908935546875,-18,-0.098876953125,25256,138.7353515625,409,4.09
2422,87551,2347560,1.001,0,-1,-0.00048828125,-19,-0.00927734375,2099,1.02490234375,-5,-0.30517578125,-13,-0.79345703125,5,0.30517578125,-8334,-3927,95,-190,-1.043701171875,6,0.032958984375,-20938,-115.015869140625,405,4.05
2428,87768,2347565,1.0035,1,-9,-0.00439453125,-17,-0.00830078125,2058,1.0048828125,0,0.0,-15,-0.91552734375,-2,-0.1220703125,-1376,-5346,-4245,-536,-2.9443359375,-630,-3.460693359375,-6631,-36.4251708984375,409,4.09
2429,87800,2347565,1.0035,2,5,0.00244140625,-20,-0.009765625,2075,1.01318359375,-3,-0.18310546875,-4,-0.244140625,9,0.54931640625,-2878,4962,13323,-235,-1.2908935546875,-18,-0.098876953125,25256,138.7353515625,409,4.09
2442,88276,2347577,1.0095,0,-1,-0.00048828125,-18,-0.0087890625,2102,1.0263671875,-6,-0.3662109375,-14,-0.8544921875,5,0.30517578125,-8327,-3921,66,-190,-1.043701171875,6,0.032958984375,-20938,-115.015869140625,405,4.05
2443,88308,2347577,1.0095,1,-9,-0.00439453125,-15,-0.00732421875,2061,1.00634765625,-4,-0.244140625,-13,-0.79345703125,2,0.1220703125,-1361,-5337,-4222,-536,-2.9443359375,-630,-3.460693359375,-6631,-36.4251708984375,409,4.09
2445,88377,2347578,1.01,2,5,0.00244140625,-21,-0.01025390625,2074,1.0126953125,-3,-0.18310546875,-4,-0.244140625,9,0.54931640625,-2857,4955,13355,-235,-1.2908935546875,-18,-0.098876953125,25256,138.7353515625,409,4.09
2456,88779,2347588,1.015,0,2,0.0009765625,-23,-0.01123046875,2100,1.025390625,-7,-0.42724609375,-13,-0.79345703125,6,0.3662109375,-8331,-3934,62,-190,-1.043701171875,6,0.032958984375,-20938,-115.015869140625,405,4.05
2459,88885,2347590,1.016,1,-9,-0.00439453125,-16,-0.0078125,2059,1.00537109375,2,0.1220703125,-14,-0.8544921875,-2,-0.1220703125,-1352,-5321,-4223,-533,-2.9278564453125,-626,-3.438720703125,-6631,-36.4251708984375,409,4.09
2462,88991,2347592,1.017,2,6,0.0029296875,-21,-0.01025390625,2075,1.01318359375,-3,-0.18310546875,-4,-0.244140625,9,0.54931640625,-2845,4938,13352,-235,-1.2908935546875,-18,-0.098876953125,25256,138.7353515625,409,4.09
2473,89393,2347602,1.022,0,0,0.0,-20,-0.009765625,2098,1.0244140625,-4,-0.244140625,-15,-0.91552734375,6,0.3662109375,-8306,-3944,63,-190,-1.043701171875,6,0.032958984375,-20939,-115.0213623046875,404,4.04
2476,89499,2347604,1.023,1,-11,-0.00537109375,-21,-0.01025390625,2059,1.00537109375,1,0.06103515625,-15,-0.91552734375,-2,-0.1220703125,-1358,-5292,-4211,-533,-2.9278564453125,-626,-3.438720703125,-6631,-36.4251708984375,409,4.09
2479,89605,2347606,1.024,2,5,0.00244140625,-21,-0.01025390625,2075,1.01318359375,-2,-0.1220703125,-5,-0.30517578125,9,0.54931640625,-2868,4945,13349,-235,-1.2908935546875,-18,-0.098876953125,25256,138.7353515625,409,4.09
2490,90007,2347616,1.029,0,0,0.0,-18,-0.0087890625,2095,1.02294921875,-6,-0.3662109375,-14,-0.8544921875,5,0.30517578125,-8308,-3963,95,-190,-1.043701171875,6,0.032958984375,-20939,-115.0213623046875,404,4.04
2493,90113,2347618,1.03,1,-9,-0.00439453125,-18,-0.0087890625,2057,1.00439453125,1,0.06103515625,-15,-0.91552734375,-3,-0.18310546875,-1330,-5282,-4223,-533,-2.9278564453125,-626,-3.438720703125,-6631,-36.4251708984375,409,4.09
2498,90293,2347622,1.032,2,5,0.00244140625,-20,-0.009765625,2074,1.0126953125,-3,-0.18310546875,-4,-0.244140625,10,0.6103515625,-2868,4934,13330,-235,-1.2908935546875,-18,-0.098876953125,25256,138.7353515625,409,4.09
2507,90621,2347630,1.036,0,0,0.0,-18,-0.0087890625,2095,1.02294921875,-6,-0.3662109375,-14,-0.8544921875,5,0.30517578125,-8308,-3963,95,-190,-1.043701171875,6,0.032958984375,-20939,-115.0213623046875,404,4.04
2513,90838,2347635,1.0385,1,-9,-0.00439453125,-17,-0.00830078125,2058,1.0048828125,0,0.0,-12,-0.732421875,-2,-0.1220703125,-1344,-5286,-4235,-531,-2.9168701171875,-622,-3.416748046875,-6631,-36.4251708984375,409,4.09
2514,90870,2347635,1.0385,2,5,0.00244140625,-20,-0.009765625,2075,1.01318359375,-3,-0.18310546875,-4,-0.244140625,9,0.54931640625,-2843,4931,13326,-235,-1.2908935546875,-18,-0.098876953125,25256,138.7353515625,409,4.09
2527,91346,2347647,1.0445,0,-1,-0.00048828125,-20,-0.009765625,2102,1.0263671875,-4,-0.244140625,-13,-0.79345703125,4,0.244140625,-8293,-3970,113,-190,-1.043701171875,6,0.032958984375,-20939,-115.0213623046875,404,4.04
2528,91378,2347647,1.0445,1,-9,-0.00439453125,-19,-0.00927734375,2062,1.0068359375,-3,-0.18310546875,-14,-0.8544921875,-2,-0.1220703125,-1356,-5264,-4242,-531,-2.9168701171875,-622,-3.416748046875,-6631,-36.4251708984375,409,4.09
2530,91447,2347648,1.045,2,5,0.00244140625,-20,-0.009765625,2076,1.013671875,-2,-0.1220703125,-4,-0.244140625,9,0.54931640625,-2847,4921,13309,-235,-1.2908935546875,-18,-0.098876953125,25256,138.7353515625,409,4.09
2541,91849,2347658,1.05,0,1,0.00048828125,-20,-0.009765625,2097,1.02392578125,-5,-0.30517578125,-14,-0.8544921875,3,0.18310546875,-8296,-3957,127,-190,-1.043701171875,6,0.032958984375,-20939,-115.0213623046875,404,4.04
2544,91955,2347660,1.051,1,-7,-0.00341796875,-17,-0.00830078125,2055,1.00341796875,-2,-0.1220703125,-14,-0.8544921875,-1,-0.06103515625,-1351,-5260,-4253,-531,-2.9168701171875,-622,-3.416748046875,-6631,-36.4251708984375,409,4.09
2547,92061,2347662,1.052,2,5,0.00244140625,-21,-0.01025390625,2077,1.01416015625,-3,-0.18310546875,-4,-0.244140625,9,0.54931640625,-2838,4930,13318,-235,-1.2908935546875,-18,-0.098876953125,25256,138.7353515625,409,4.09
2558,92463,2347672,1.057,0,0,0.0,-22,-0.0107421875,2098,1.0244140625,-7,-0.42724609375,-15,-0.91552734375,3,0.18310546875,-8280,-3947,113,-190,-1.043701171875,6,0.032958984375,-20939,-115.0213623046875,404,4.04
2561,92569,2347674,1.058,1,-11,-0.00537109375,-17,-0.00830078125,2059,1.00537109375,-1,-0.06103515625,-14,-0.8544921875,-2,-0.1220703125,-1330,-5245,-4281,-529,-2.9058837890625,-619,-3.4002685546875,-6631,-36.4251708984375,409,4.09
2564,92675,2347676,1.059,2,4,0.001953125,-20,-0.009765625,2077,1.01416015625,-3,-0.18310546875,-4,-0.244140625,9,0.54931640625,-2847,4947,13330,-235,-1.2908935546875,-18,-0.098876953125,25256,138.7353515625,409,4.09
2575,93077,2347686,1.064,0,-2,-0.0009765625,-19,-0.00927734375,2097,1.02392578125,-6,-0.3662109375,-12,-0.732421875,4,0.244140625,-8269,-3939,115,-190,-1.043701171875,6,0.032958984375,-20939,-115.0213623046875,404,4.04
2578,93183,2347688,1.065,1,-10,-0.0048828125,-20,-0.009765625,2062,1.0068359375,-2,-0.1220703125,-15,-0.91552734375,-3,-0.18310546875,-1314,-5239,-4271,-529,-2.9058837890625,-619,-3.4002685546875,-6631,-36.4251708984375,409,4.09
2584,93400,2347693,1.0675,2,4,0.001953125,-21,-0.01025390625,2076,1.013671875,-2,-0.1220703125,-4,-0.244140625,10,0.6103515625,-2839,4917,13389,-235,-1.2908935546875,-18,-0.098876953125,25256,138.7353515625,409,4.09
2592,93691,2347700,1.071,0,-2,-0.0009765625,-19,-0.00927734375,2097,1.02392578125,-6,-0.3662109375,-12,-0.732421875,4,0.244140625,-8269,-3939,115,-190,-1.043701171875,6,0.032958984375,-20939,-115.0213623046875,404,4.04
2598,93908,2347705,1.0735,1,-10,-0.0048828125,-21,-0.01025390625,2059,1.00537109375,-4,-0.244140625,-15,-0.91552734375,-2,-0.1220703125,-1328,-5237,-4282,-529,-2.9058837890625,-619,-3.4002685546875,-6631,-36.4251708984375,408,4.08
2599,93940,2347705,1.0735,2,4,0.001953125,-21,-0.01025390625,2076,1.013671875,-3,-0.18310546875,-4,-0.244140625,9,0.54931640625,-2839,4920,13412,-235,-1.2908935546875,-18,-0.098876953125,25256,138.7353515625,409,4.09
2612,94416,2347717,1.0795,0,1,0.00048828125,-22,-0.0107421875,2101,1.02587890625,-7,-0.42724609375,-13,-0.79345703125,4,0.244140625,-8291,-3931,149,-190,-1.043701171875,6,0.032958984375,-20939,-115.0213623046875,403,4.03
2613,94448,2347717,1.0795,1,-8,-0.00390625,-18,-0.0087890625,2060,1.005859375,-1,-0.06103515625,-16,-0.9765625,0,0.0,-1349,-5240,-4326,-526,-2.889404296875,-615,-3.3782958984375,-6631,-36.4251708984375,408,4.08
2615,94517,2347718,1.08,2,5,0.00244140625,-21,-0.01025390625,2077,1.01416015625,-3,-0.18310546875,-4,-0.244140625,10,0.6103515625,-2829,4921,13408,-235,-1.2908935546875,-18,-0.098876953125,25256,138.7353515625,409,4.09
2626,94919,2347728,1.085,0,-1,-0.00048828125,-18,-0.0087890625,2101,1.02587890625,-5,-0.30517578125,-13,-0.79345703125,7,0.42724609375,-8288,-3917,157,-190,-1.043701171875,6,0.032958984375,-20939,-115.0213623046875,403,4.03
2629,95025,2347730,1.086,1,-11,-0.00537109375,-15,-0.00732421875,2058,1.0048828125,1,0.06103515625,-14,-0.8544921875,-2,-0.1220703125,-1335,-5226,-4299,-526,-2.889404296875,-615,-3.3782958984375,-6631,-36.4251708984375,408,4.08
2632,95131,2347732,1.087,2,5,0.00244140625,-21,-0.01025390625,2077,1.01416015625,-3,-0.18310546875,-4,-0.244140625,10,0.6103515625,-2838,4927,13431,-235,-1.2908935546875,-18,-0.098876953125,25256,138.7353515625,409,4.09
2643,95533,2347742,1.092,0,-3,-0.00146484375,-18,-0.0087890625,2100,1.025390625,-5,-0.30517578125,-14,-0.8544921875,5,0.30517578125,-8324,-3930,153,-190,-1.043701171875,6,0.032958984375,-20939,-115.0213623046875,403,4.03
2646,95639,2347744,1.093,1,-10,-0.0048828125,-17,-0.00830078125,2061,1.00634765625,-3,-0.18310546875,-15,-0.91552734375,-2,-0.1220703125,-1350,-5224,-4261,-526,-2.889404296875,-615,-3.3782958984375,-6631,-36.4251708984375,408,4.08
2649,95745,2347746,1.094,2,5,0.00244140625,-20,-0.009765625,2076,1.013671875,-3,-0.18310546875,-4,-0.244140625,10,0.6103515625,-2829,4902,13401,-235,-1.2908935546875,-18,-0.098876953125,25256,138.7353515625,409,4.09
2660,96147,2347756,1.099,0,-1,-0.00048828125,-19,-0.00927734375,2102,1.0263671875,-5,-0.30517578125,-13,-0.79345703125,5,0.30517578125,-8335,-3940,176,-190,-1.043701171875,6,0.032958984375,-20939,-115.0213623046875,403,4.03
2663,96253,2347758,1.1,1,-9,-0.00439453125,-14,-0.0068359375,2061,1.00634765625,0,0.0,-15,-0.91552734375,1,0.06103515625,-1367,-5235,-4266,-524,-2.87841796875,-611,-3.3563232421875,-6631,-36.4251708984375,408,4.08
2669,96470,2347763,1.1025,2,5,0.00244140625,-20,-0.009765625,2076,1.013671875,-3,-0.18310546875,-4,-0.244140625,9,0.54931640625,-2831,4913,13399,-235,-1.2908935546875,-18,-0.098876953125,25256,138.7353515625,409,4.09
2677,96761,2347770,1.106,0,-1,-0.00048828125,-19,-0.00927734375,2102,1.0263671875,-5,-0.30517578125,-13,-0.79345703125,5,0.30517578125,-8335,-3940,176,-190,-1.043701171875,6,0.032958984375,-20939,-115.0213623046875,403,4.03
2683,96978,2347775,1.1085,1,-9,-0.00439453125,-18,-0.0087890625,2058,1.0048828125,-6,-0.3662109375,-14,-0.8544921875,-1,-0.06103515625,-1386,-5236,-4223,-524,-2.87841796875,-611,-3.3563232421875,-6631,-36.4251708984375,408,4.08
2684,97010,2347775,1.1085,2,5,0.00244140625,-21,-0.01025390625,2077,1.01416015625,-3,-0.18310546875,-4,-0.244140625,10,0.6103515625,-2839,4950,13369,-235,-1.2908935546875,-18,-0.098876953125,25256,138.7353515625,409,4.09
2697,97486,2347787,1.1145,0,-1,-0.00048828125,-23,-0.01123046875,2105,1.02783203125,-8,-0.48828125,-13,-0.79345703125,5,0.30517578125,-8301,-3928,138,-190,-1.043701171875,6,0.032958984375,-20939,-115.0213623046875,403,4.03
2698,97518,2347787,1.1145,1,-8,-0.00390625,-18,-0.0087890625,2060,1.005859375,3,0.18310546875,-17,-1.03759765625,-2,-0.1220703125,-1358,-5260,-4242,-521,-2.8619384765625,-608,-3.33984375,-6631,-36.4251708984375,408,4.08
2700,97587,2347788,1.115,2,5,0.00244140625,-20,-0.009765625,2077,1.01416015625,-3,-0.18310546875,-4,-0.244140625,10,0.6103515625,-2834,4968,13352,-235,-1.2908935546875,-18,-0.098876953125,25256,138.7353515625,409,4.09
2711,97989,2347798,1.12,0,0,0.0,-22,-0.0107421875,2092,1.021484375,-4,-0.244140625,-13,-0.79345703125,6,0.3662109375,-8302,-3942,124,-190,-1.043701171875,6,0.032958984375,-20939,-115.0213623046875,404,4.04
2714,98095,2347800,1.121,1,-9,-0.00439453125,-16,-0.0078125,2057,1.00439453125,-2,-0.1220703125,-14,-0.8544921875,-2,-0.1220703125,-1350,-5256,-4244,-521,-2.8619384765625,-608,-3.33984375,-6631,-36.4251708984375,408,4.08
2717,98201,2347802,1.122,2,5,0.00244140625,-21,-0.01025390625,2075,1.01318359375,-3,-0.18310546875,-4,-0.244140625,10,0.6103515625,-2805,4978,13352,-235,-1.2908935546875,-18,-0.098876953125,25256,138.7353515625,410,4.1
2728,98603,2347812,1.127,0,-4,-0.001953125,-23,-0.01123046875,2099,1.02490234375,-6,-0.3662109375,-14,-0.8544921875,6,0.3662109375,-8302,-3963,160,-190,-1.043701171875,6,0.032958984375,-20939,-115.0213623046875,404,4.04
2731,98709,2347814,1.128,1,-11,-0.00537109375,-18,-0.0087890625,2061,1.00634765625,-2,-0.1220703125,-13,-0.79345703125,-3,-0.18310546875,-1378,-5258,-4220,-521,-2.8619384765625,-608,-3.33984375,-6631,-36.4251708984375,408,4.08
2734,98815,2347816,1.129,2,5,0.00244140625,-21,-0.01025390625,2075,1.01318359375,-2,-0.1220703125,-4,-0.244140625,10,0.6103515625,-2782,4972,13367,-235,-1.2908935546875,-18,-0.098876953125,25256,138.7353515625,410,4.1
2745,99217,2347826,1.134,0,1,0.00048828125,-19,-0.00927734375,2101,1.02587890625,-7,-0.42724609375,-16,-0.9765625,5,0.30517578125,-8301,-3958,167,-190,-1.043701171875,6,0.032958984375,-20939,-115.0213623046875,404,4.04
2748,99323,2347828,1.135,1,-9,-0.00439453125,-16,-0.0078125,2061,1.00634765625,-2,-0.1220703125,-14,-0.8544921875,0,0.0,-1365,-5265,-4252,-519,-2.8509521484375,-604,-3.31787109375,-6632,-36.4306640625,408,4.08
2754,99540,2347833,1.1375,2,5,0.00244140625,-21,-0.01025390625,2075,1.01318359375,-3,-0.18310546875,-4,-0.244140625,9,0.54931640625,-2777,4971,13385,-235,-1.2908935546875,-18,-0.098876953125,25256,138.7353515625,410,4.1
2762,99831,2347840,1.141,0,-3,-0.00146484375,-21,-0.01025390625,2102,1.0263671875,-7,-0.42724609375,-15,-0.91552734375,4,0.244140625,-8300,-3933,199,-190,-1.043701171875,6,0.032958984375,-20939,-115.0213623046875,404,4.04
2768,100048,2347845,1.1435,1,-9,-0.00439453125,-20,-0.009765625,2058,1.0048828125,-4,-0.244140625,-14,-0.8544921875,-2,-0.1220703125,-1372,-5263,-4258,-519,-2.8509521484375,-604,-3.31787109375,-6632,-36.4306640625,408,4.08
2769,100080,2347845,1.1435,2,5,0.00244140625,-21,-0.01025390625,2077,1.01416015625,-2,-0.1220703125,-4,-0.244140625,10,0.6103515625,-2808,4982,13334,-235,-1.2908935546875,-18,-0.098876953125,25256,138.7353515625,410,4.1
2782,100556,2347857,1.1495,0,1,0.00048828125,-19,-0.00927734375,2100,1.025390625,-5,-0.30517578125,-14,-0.8544921875,5,0.30517578125,-8286,-3938,213,-190,-1.043701171875,6,0.032958984375,-20939,-115.0213623046875,404,4.04
2783,100588,2347857,1.1495,1,-10,-0.0048828125,-17,-0.00830078125,2057,1.00439453125,0,0.0,-13,-0.79345703125,-3,-0.18310546875,-1370,-5254,-4243,-519,-2.8509521484375,-604,-3.31787109375,-6632,-36.4306640625,408,4.08
2785,100657,2347858,1.15,2,5,0.00244140625,-22,-0.0107421875,2076,1.013671875,-3,-0.18310546875,-4,-0.244140625,9,0.54931640625,-2845,4977,13338,-235,-1.2908935546875,-18,-0.098876953125,25256,138.7353515625,410,4.1
2796,101059,2347868,1.155,0,0,0.0,-19,-0.00927734375,2099,1.02490234375,-5,-0.30517578125,-15,-0.91552734375,6,0.3662109375,-8276,-3936,200,-190,-1.043701171875,6,0.032958984375,-20939,-115.0213623046875,404,4.04
2799,101165,2347870,1.156,1,-10,-0.0048828125,-18,-0.0087890625,2059,1.00537109375,3,0.18310546875,-15,-0.91552734375,-1,-0.06103515625,-1354,-5254,-4187,-516,-2.83447265625,-600,-3.2958984375,-6632,-36.4306640625,407,4.07
2802,101271,2347872,1.157,2,5,0.00244140625,-21,-0.01025390625,2075,1.01318359375,-3,-0.18310546875,-4,-0.244140625,10,0.6103515625,-2849,4961,13295,-235,-1.2908935546875,-18,-0.098876953125,25256,138.7353515625,410,4.1
2813,101673,2347882,1.162,0,2,0.0009765625,-22,-0.0107421875,2103,1.02685546875,-7,-0.42724609375,-15,-0.91552734375,5,0.30517578125,-8269,-3930,199,-190,-1.043701171875,6,0.032958984375,-20939,-115.0213623046875,404,4.04
2816,101779,2347884,1.163,1,-9,-0.00439453125,-17,-0.00830078125,2061,1.00634765625,-3,-0.18310546875,-14,-0.8544921875,0,0.0,-1339,-5266,-4210,-516,-2.83447265625,-600,-3.2958984375,-6632,-36.4306640625,407,4.07
2819,101885,2347886,1.164,2,5,0.00244140625,-21,-0.01025390625,2075,1.01318359375,-3,-0.18310546875,-4,-0.244140625,9,0.54931640625,-2843,4935,13293,-235,-1.2908935546875,-18,-0.098876953125,25256,138.7353515625,410,4.1
2830,102287,2347896,1.169,0,-2,-0.0009765625,-19,-0.00927734375,2096,1.0234375,-4,-0.244140625,-15,-0.91552734375,4,0.244140625,-8276,-3927,187,-190,-1.043701171875,6,0.032958984375,-20939,-115.0213623046875,404,4.04
2833,102393,2347898,1.17,1,-9,-0.00439453125,-18,-0.0087890625,2059,1.00537109375,-1,-0.06103515625,-15,-0.91552734375,-2,-0.1220703125,-1359,-5268,-4232,-516,-2.83447265625,-600,-3.2958984375,-6632,-36.4306640625,407,4.07
2839,102610,2347903,1.1725,2,4,0.001953125,-21,-0.01025390625,2077,1.01416015625,-3,-0.18310546875,-4,-0.244140625,9,0.54931640625,-2833,4945,13298,-235,-1.2908935546875,-18,-0.098876953125,25256,138.7353515625,410,4.1
2847,102901,2347910,1.176,0,-4,-0.001953125,-22,-0.0107421875,2106,1.0283203125,-6,-0.3662109375,-15,-0.91552734375,4,0.244140625,-8308,-3939,206,-191,-1.0491943359375,6,0.032958984375,-20939,-115.0213623046875,404,4.04
2853,103118,2347915,1.1785,1,-8,-0.00390625,-18,-0.0087890625,2061,1.00634765625,-4,-0.244140625,-15,-0.91552734375,-2,-0.1220703125,-1365,-5280,-4196,-514,-2.823486328125,-597,-3.2794189453125,-6632,-36.4306640625,407,4.07
2854,103150,2347915,1.1785,2,5,0.00244140625,-21,-0.01025390625,2077,1.01416015625,-3,-0.18310546875,-3,-0.18310546875,9,0.54931640625,-2838,4952,13354,-235,-1.2908935546875,-18,-0.098876953125,25256,138.7353515625,410,4.1
2867,103626,2347927,1.1845,0,-1,-0.00048828125,-17,-0.00830078125,2097,1.02392578125,-8,-0.48828125,-14,-0.8544921875,4,0.244140625,-8303,-3937,191,-191,-1.0491943359375,6,0.032958984375,-20940,-115.02685546875,404,4.04
2868,103658,2347927,1.1845,1,-8,-0.00390625,-18,-0.0087890625,2056,1.00390625,-4,-0.244140625,-13,-0.79345703125,-3,-0.18310546875,-1379,-5269,-4186,-514,-2.823486328125,-597,-3.2794189453125,-6632,-36.4306640625,407,4.07
2870,103727,2347928,1.185,2,5,0.00244140625,-21,-0.01025390625,2076,1.013671875,-3,-0.18310546875,-4,-0.244140625,10,0.6103515625,-2834,4934,13383,-235,-1.2908935546875,-18,-0.098876953125,25256,138.7353515625,410,4.1
2881,104129,2347938,1.19,0,1,0.00048828125,-22,-0.0107421875,2103,1.02685546875,-6,-0.3662109375,-14,-0.8544921875,4,0.244140625,-8287,-3930,192,-191,-1.0491943359375,6,0.032958984375,-20940,-115.02685546875,404,4.04
2884,104235,2347940,1.191,1,-8,-0.00390625,-17,-0.00830078125,2059,1.00537109375,-4,-0.244140625,-15,-0.91552734375,-4,-0.244140625,-1402,-5251,-4170,-514,-2.823486328125,-597,-3.2794189453125,-6632,-36.4306640625,407,4.07
2887,104341,2347942,1.192,2,5,0.00244140625,-21,-0.01025390625,2074,1.0126953125,-3,-0.18310546875,-4,-0.244140625,10,0.6103515625,-2851,4956,13399,-235,-1.2908935546875,-18,-0.098876953125,25256,138.7353515625,410,4.1
2898,104743,2347952,1.197,0,1,0.00048828125,-22,-0.0107421875,2103,1.02685546875,-6,-0.3662109375,-14,-0.8544921875,4,0.244140625,-8287,-3930,192,-191,-1.0491943359375,6,0.032958984375,-20940,-115.02685546875,404,4.04
2901,104849,2347954,1.198,1,-10,-0.0048828125,-18,-0.0087890625,2057,1.00439453125,0,0.0,-15,-0.91552734375,-1,-0.06103515625,-1411,-5244,-4163,-512,-2.8125,-593,-3.2574462890625,-6632,-36.4306640625,407,4.07
2904,104955,2347956,1.199,2,6,0.0029296875,-21,-0.01025390625,2074,1.0126953125,-3,-0.18310546875,-4,-0.244140625,10,0.6103515625,-2852,4978,13397,-235,-1.2908935546875,-18,-0.098876953125,25256,138.7353515625,410,4.1
2915,105357,2347966,1.204,0,0,0.0,-23,-0.01123046875,2095,1.02294921875,-5,-0.30517578125,-14,-0.8544921875,3,0.18310546875,-8285,-3944,188,-191,-1.0491943359375,6,0.032958984375,-20940,-115.02685546875,404,4.04
2918,105463,2347968,1.205,1,-9,-0.00439453125,-19,-0.00927734375,2058,1.0048828125,-1,-0.06103515625,-14,-0.8544921875,-2,-0.1220703125,-1391,-5235,-4192,-512,-2.8125,-593,-3.2574462890625,-6632,-36.4306640625,407,4.07
2924,105680,2347973,1.2075,2,6,0.0029296875,-21,-0.01025390625,2075,1.01318359375,-3,-0.18310546875,-4,-0.244140625,10,0.6103515625,-2849,4962,13424,-235,-1.2908935546875,-18,-0.098876953125,25256,138.7353515625,410,4.1
2932,105971,2347980,1.211,0,-3,-0.00146484375,-18,-0.0087890625,2100,1.025390625,-7,-0.42724609375,-16,-0.9765625,5,0.30517578125,-8271,-3942,174,-191,-1.0491943359375,6,0.032958984375,-20940,-115.02685546875,404,4.04
2938,106188,2347985,1.2135,1,-10,-0.0048828125,-19,-0.00927734375,2062,1.0068359375,-1,-0.06103515625,-14,-0.8544921875,-1,-0.06103515625,-1387,-5237,-4232,-512,-2.8125,-593,-3.2574462890625,-6632,-36.4306640625,406,4.06
2939,106220,2347985,1.2135,2,6,0.0029296875,-20,-0.009765625,2074,1.0126953125,-3,-0.18310546875,-3,-0.18310546875,9,0.54931640625,-2842,4971,13438,-235,-1.2908935546875,-18,-0.098876953125,25256,138.7353515625,409,4.09
2952,106696,2347997,1.2195,0,-2,-0.0009765625,-17,-0.00830078125,2102,1.0263671875,-5,-0.30517578125,-13,-0.79345703125,5,0.30517578125,-8239,-3946,176,-191,-1.0491943359375,6,0.032958984375,-20940,-115.02685546875,404,4.04
2953,106728,2347997,1.2195,1,-7,-0.00341796875,-16,-0.0078125,2060,1.005859375,-1,-0.06103515625,-15,-0.91552734375,-3,-0.18310546875,-1359,-5235,-4223,-509,-2.7960205078125,-590,-3.240966796875,-6632,-36.4306640625,406,4.06
2955,106797,2347998,1.22,2,5,0.00244140625,-21,-0.01025390625,2075,1.01318359375,-2,-0.1220703125,-4,-0.244140625,10,0.6103515625,-2837,4978,13453,-235,-1.2908935546875,-18,-0.098876953125,25256,138.7353515625,409,4.09
2966,107199,2348008,1.225,0,-3,-0.00146484375,-19,-0.00927734375,2102,1.0263671875,-6,-0.3662109375,-14,-0.8544921875,5,0.30517578125,-8243,-3935,202,-191,-1.0491943359375,6,0.032958984375,-20940,-115.02685546875,404,4.04
2969,107305,2348010,1.226,1,-7,-0.00341796875,-15,-0.00732421875,2059,1.00537109375,-2,-0.1220703125,-13,-0.79345703125,-1,-0.06103515625,-1331,-5230,-4218,-509,-2.7960205078125,-590,-3.240966796875,-6632,-36.4306640625,406,4.06
2972,107411,2348012,1.227,2,5,0.00244140625,-21,-0.01025390625,2075,1.01318359375,-3,-0.18310546875,-4,-0.244140625,10,0.6103515625,-2840,4982,13420,-235,-1.2908935546875,-18,-0.098876953125,25256,138.7353515625,409,4.09
2983,107813,2348022,1.232,0,-3,-0.00146484375,-19,-0.00927734375,2102,1.0263671875,-6,-0.3662109375,-14,-0.8544921875,5,0.30517578125,-8243,-3935,202,-191,-1.0491943359375,6,0.032958984375,-20940,-115.02685546875,404,4.04
2986,107919,2348024,1.233,1,-8,-0.00390625,-18,-0.0087890625,2061,1.00634765625,-3,-0.18310546875,-14,-0.8544921875,-2,-0.1220703125,-1333,-5226,-4201,-509,-2.7960205078125,-590,-3.240966796875,-6632,-36.4306640625,406,4.06
2989,108025,2348026,1.234,2,5,0.00244140625,-21,-0.01025390625,2074,1.0126953125,-3,-0.18310546875,-4,-0.244140625,10,0.6103515625,-2848,5003,13416,-235,-1.2908935546875,-18,-0.098876953125,25256,138.7353515625,409,4.09
3000,108427,2348036,1.239,0,-1,-0.00048828125,-19,-0.00927734375,2100,1.025390625,-6,-0.3662109375,-13,-0.79345703125,4,0.244140625,-8259,-3935,212,-191,-1.0491943359375,6,0.032958984375,-20940,-115.02685546875,404,4.04
3003,108533,2348038,1.24,1,-11,-0.00537109375,-14,-0.0068359375,2058,1.0048828125,-1,-0.06103515625,-13,-0.79345703125,-1,-0.06103515625,-1349,-5243,-4194,-507,-2.7850341796875,-586,-3.218994140625,-6632,-36.4306640625,406,4.06
3009,108750,2348043,1.2425,2,5,0.00244140625,-21,-0.01025390625,2075,1.01318359375,-3,-0.18310546875,-4,-0.244140625,10,0.6103515625,-2851,4993,13409,-235,-1.2908935546875,-18,-0.098876953125,25256,138.7353515625,409,4.09
3017,109041,2348050,1.246,0,-1,-0.00048828125,-20,-0.009765625,2100,1.025390625,-5,-0.30517578125,-14,-0.8544921875,3,0.18310546875,-8258,-3939,229,-191,-1.0491943359375,6,0.032958984375,-20940,-115.02685546875,404,4.04
3023,109258,2348055,1.2485,1,-6,-0.0029296875,-17,-0.00830078125,2061,1.00634765625,-1,-0.06103515625,-12,-0.732421875,-2,-0.1220703125,-1331,-5239,-4186,-507,-2.7850341796875,-586,-3.218994140625,-6632,-36.4306640625,406,4.06
3024,109290,2348055,1.2485,2,4,0.001953125,-20,-0.009765625,2074,1.0126953125,-3,-0.18310546875,-4,-0.244140625,9,0.54931640625,-2854,5027,13416,-235,-1.2908935546875,-18,-0.098876953125,25256,138.7353515625,409,4.09
3037,109766,2348067,1.2545,0,0,0.0,-21,-0.01025390625,2101,1.02587890625,-4,-0.244140625,-14,-0.8544921875,4,0.244140625,-8274,-3946,212,-191,-1.0491943359375,6,0.032958984375,-20940,-115.02685546875,404,4.04
3038,109798,2348067,1.2545,1,-9,-0.00439453125,-17,-0.00830078125,2060,1.005859375,-1,-0.06103515625,-14,-0.8544921875,-2,-0.1220703125,-1363,-5240,-4213,-507,-2.7850341796875,-586,-3.218994140625,-6632,-36.4306640625,406,4.06
3040,109867,2348068,1.255,2,5,0.00244140625,-19,-0.00927734375,2074,1.0126953125,-2,-0.1220703125,-5,-0.30517578125,9,0.54931640625,-2837,5040,13400,-235,-1.2908935546875,-18,-0.098876953125,25256,138.7353515625,409,4.09
3051,110269,2348078,1.26,0,0,0.0,-20,-0.009765625,2098,1.0244140625,-6,-0.3662109375,-12,-0.732421875,5,0.30517578125,-8293,-3953,240,-191,-1.0491943359375,6,0.032958984375,-20940,-115.02685546875,404,4.04
3054,110375,2348080,1.261,1,-8,-0.00390625,-18,-0.0087890625,2060,1.005859375,-1,-0.06103515625,-13,-0.79345703125,-1,-0.06103515625,-1394,-5218,-4194,-505,-2.7740478515625,-583,-3.2025146484375,-6632,-36.4306640625,406,4.06
3057,110481,2348082,1.262,2,5,0.00244140625,-19,-0.00927734375,2075,1.01318359375,-3,-0.18310546875,-4,-0.244140625,10,0.6103515625,-2817,5039,13383,-235,-1.2908935546875,-18,-0.098876953125,25256,138.7353515625,409,4.09
3068,110883,2348092,1.267,0,3,0.00146484375,-22,-0.0107421875,2096,1.0234375,-7,-0.42724609375,-18,-1.0986328125,4,0.244140625,-8309,-3958,218,-191,-1.0491943359375,6,0.032958984375,-20940,-115.02685546875,403,4.03
3071,110989,2348094,1.268,1,-9,-0.00439453125,-17,-0.00830078125,2056,1.00390625,-2,-0.1220703125,-13,-0.79345703125,-2,-0.1220703125,-1382,-5226,-4159,-505,-2.7740478515625,-583,-3.2025146484375,-6632,-36.4306640625,406,4.06
3074,111095,2348096,1.269,2,7,0.00341796875,-20,-0.009765625,2076,1.013671875,-3,-0.18310546875,-5,-0.30517578125,9,0.54931640625,-2835,5050,13397,-235,-1.2908935546875,-18,-0.098876953125,25256,138.7353515625,409,4.09
3085,111497,2348106,1.274,0,-3,-0.00146484375,-20,-0.009765625,2103,1.02685546875,-6,-0.3662109375,-16,-0.9765625,6,0.3662109375,-8302,-3938,229,-191,-1.0491943359375,6,0.032958984375,-20940,-115.02685546875,403,4.03
3088,111603,2348108,1.275,1,-6,-0.0029296875,-19,-0.00927734375,2065,1.00830078125,-3,-0.18310546875,-16,-0.9765625,-1,-0.06103515625,-1389,-5243,-4160,-505,-2.7740478515625,-583,-3.2025146484375,-6632,-36.4306640625,406,4.06
3094,111820,2348113,1.2775,2,6,0.0029296875,-20,-0.009765625,2075,1.01318359375,-3,-0.18310546875,-5,-0.30517578125,9,0.54931640625,-2850,5055,13419,-235,-1.2908935546875,-18,-0.098876953125,25256,138.7353515625,409,4.09
3102,112111,2348120,1.281,0,-2,-0.0009765625,-16,-0.0078125,2101,1.02587890625,-6,-0.3662109375,-15,-0.91552734375,4,0.244140625,-8306,-3948,197,-191,-1.0491943359375,6,0.032958984375,-20940,-115.02685546875,403,4.03
3108,112328,2348125,1.2835,1,-8,-0.00390625,-18,-0.0087890625,2063,1.00732421875,-1,-0.06103515625,-14,-0.8544921875,0,0.0,-1379,-5286,-4164,-502,-2.757568359375,-579,-3.1805419921875,-6632,-36.4306640625,407,4.07
3109,112360,2348125,1.2835,2,5,0.00244140625,-20,-0.009765625,2075,1.01318359375,-3,-0.18310546875,-4,-0.244140625,9,0.54931640625,-2862,5031,13416,-235,-1.2908935546875,-18,-0.098876953125,25256,138.7353515625,409,4.09
3122,112836,2348137,1.2895,0,-1,-0.00048828125,-19,-0.00927734375,2096,1.0234375,-6,-0.3662109375,-13,-0.79345703125,7,0.42724609375,-8277,-3964,238,-191,-1.0491943359375,6,0.032958984375,-20940,-115.02685546875,403,4.03
3123,112868,2348137,1.2895,1,-8,-0.00390625,-16,-0.0078125,2055,1.00341796875,-1,-0.06103515625,-15,-0.91552734375,-2,-0.1220703125,-1401,-5290,-4167,-502,-2.757568359375,-579,-3.1805419921875,-6632,-36.4306640625,407,4.07
3125,112937,2348138,1.29,2,5,0.00244140625,-20,-0.009765625,2075,1.01318359375,-3,-0.18310546875,-3,-0.18310546875,9,0.54931640625,-2850,5012,13367,-235,-1.2908935546875,-18,-0.098876953125,25256,138.7353515625,409,4.09
3136,113339,2348148,1.295,0,0,0.0,-19,-0.00927734375,2098,1.0244140625,-7,-0.42724609375,-12,-0.732421875,3,0.18310546875,-8270,-3953,252,-191,-1.0491943359375,6,0.032958984375,-20940,-115.02685546875,403,4.03
3139,113445,2348150,1.296,1,-12,-0.005859375,-20,-0.009765625,2061,1.00634765625,-3,-0.18310546875,-15,-0.91552734375,-1,-0.06103515625,-1393,-5268,-4211,-500,-2.74658203125,-576,-3.1640625,-6632,-36.4306640625,407,4.07
3142,113551,2348152,1.297,2,5,0.00244140625,-20,-0.009765625,2075,1.01318359375,-3,-0.18310546875,-3,-0.18310546875,10,0.6103515625,-2859,4985,13346,-235,-1.2908935546875,-18,-0.098876953125,25256,138.7353515625,409,4.09
3153,113953,2348162,1.302,0,-2,-0.0009765625,-21,-0.01025390625,2101,1.02587890625,-5,-0.30517578125,-14,-0.8544921875,4,0.244140625,-8296,-3968,190,-191,-1.0491943359375,6,0.032958984375,-20940,-115.02685546875,403,4.03
3156,114059,2348164,1.303,1,-5,-0.00244140625,-18,-0.0087890625,2061,1.00634765625,1,0.06103515625,-14,-0.8544921875,-1,-0.06103515625,-1396,-5265,-4195,-500,-2.74658203125,-576,-3.1640625,-6632,-36.4306640625,407,4.07
3159,114165,2348166,1.304,2,5,0.00244140625,-21,-0.01025390625,2076,1.013671875,-2,-0.1220703125,-4,-0.244140625,10,0.6103515625,-2833,4976,13369,-235,-1.2908935546875,-18,-0.098876953125,25256,138.7353515625,409,4.09
3170,114567,2348176,1.309,0,1,0.00048828125,-21,-0.01025390625,2099,1.02490234375,-4,-0.244140625,-15,-0.91552734375,8,0.48828125,-8286,-3976,185,-191,-1.0491943359375,6,0.032958984375,-20940,-115.02685546875,403,4.03
3173,114673,2348178,1.31,1,-8,-0.00390625,-17,-0.00830078125,2058,1.0048828125,0,0.0,-15,-0.91552734375,-3,-0.18310546875,-1391,-5266,-4198,-500,-2.74658203125,-576,-3.1640625,-6632,-36.4306640625,407,4.07
3179,114890,2348183,1.3125,2,5,0.00244140625,-21,-0.01025390625,2076,1.013671875,-2,-0.1220703125,-4,-0.244140625,10,0.6103515625,-2841,4975,13394,-235,-1.2908935546875,-18,-0.098876953125,25256,138.7353515625,409,4.09
3187,115181,2348190,1.316,0,-2,-0.0009765625,-18,-0.0087890625,2100,1.025390625,-5,-0.30517578125,-15,-0.91552734375,3,0.18310546875,-8281,-3970,199,-191,-1.0491943359375,6,0.032958984375,-20940,-115.02685546875,403,4.03
3193,115398,2348195,1.3185,1,-6,-0.0029296875,-19,-0.00927734375,2063,1.00732421875,-2,-0.1220703125,-16,-0.9765625,-1,-0.06103515625,-1367,-5283,-4209,-498,-2.735595703125,-572,-3.14208984375,-6632,-36.4306640625,407,4.07
3194,115430,2348195,1.3185,2,6,0.0029296875,-21,-0.01025390625,2075,1.01318359375,-2,-0.1220703125,-4,-0.244140625,9,0.54931640625,-2853,4970,13399,-235,-1.2908935546875,-18,-0.098876953125,25256,138.7353515625,410,4.1
3207,115906,2348207,1.3245,0,-2,-0.0009765625,-18,-0.0087890625,2100,1.025390625,-5,-0.30517578125,-15,-0.91552734375,3,0.18310546875,-8281,-3970,199,-191,-1.0491943359375,6,0.032958984375,-20940,-115.02685546875,403,4.03
3208,115938,2348207,1.3245,1,-8,-0.00390625,-21,-0.01025390625,2060,1.005859375,-5,-0.30517578125,-12,-0.732421875,0,0.0,-1374,-5290,-4175,-498,-2.735595703125,-572,-3.14208984375,-6632,-36.4306640625,407,4.07
3210,116007,2348208,1.325,2,6,0.0029296875,-21,-0.01025390625,2076,1.013671875,-3,-0.18310546875,-4,-0.244140625,10,0.6103515625,-2867,4946,13375,-235,-1.2908935546875,-18,-0.098876953125,25256,138.7353515625,410,4.1
3229,116705,2348226,1.334,0,-1,-0.00048828125,-20,-0.009765625,2101,1.02587890625,-6,-0.3662109375,-13,-0.79345703125,5,0.30517578125,-8286,-3952,194,-191,-1.0491943359375,6,0.032958984375,-20941,-115.0323486328125,403,4.03
3230,116737,2348226,1.334,1,-6,-0.0029296875,-18,-0.0087890625,2060,1.005859375,-1,-0.06103515625,-13,-0.79345703125,-3,-0.18310546875,-1346,-5275,-4210,-498,-2.735595703125,-572,-3.14208984375,-6632,-36.4306640625,407,4.07
3238,117028,2348233,1.3375,2,6,0.0029296875,-21,-0.01025390625,2077,1.01416015625,-3,-0.18310546875,-4,-0.244140625,10,0.6103515625,-2871,4965,13379,-235,-1.2908935546875,-18,-0.098876953125,25256,138.7353515625,410,4.1
3239,117060,2348233,1.3375,0,1,0.00048828125,-17,-0.00830078125,2098,1.0244140625,-3,-0.18310546875,-13,-0.79345703125,6,0.3662109375,-8284,-3954,135,-191,-1.0491943359375,6,0.032958984375,-20941,-115.0323486328125,403,4.03
3241,117129,2348234,1.338,1,-12,-0.005859375,-19,-0.00927734375,2053,1.00244140625,-1,-0.06103515625,-14,-0.8544921875,-1,-0.06103515625,-1351,-5265,-4221,-495,-2.7191162109375,-569,-3.1256103515625,-6632,-36.4306640625,407,4.07
3244,117235,2348236,1.339,2,6,0.0029296875,-21,-0.01025390625,2076,1.013671875,-3,-0.18310546875,-3,-0.18310546875,10,0.6103515625,-2857,4961,13345,-235,-1.2908935546875,-18,-0.098876953125,25256,138.7353515625,410,4.1
3255,117637,2348246,1.344,0,-1,-0.00048828125,-17,-0.00830078125,2098,1.0244140625,-5,-0.30517578125,-16,-0.9765625,3,0.18310546875,-8287,-3942,171,-191,-1.0491943359375,6,0.032958984375,-20941,-115.0323486328125,403,4.03
3258,117743,2348248,1.345,1,-10,-0.0048828125,-17,-0.00830078125,2063,1.00732421875,-4,-0.244140625,-14,-0.8544921875,-2,-0.1220703125,-1355,-5253,-4248,-495,-2.7191162109375,-569,-3.1256103515625,-6632,-36.4306640625,407,4.07
3264,117960,2348253,1.3475,2,5,0.00244140625,-21,-0.01025390625,2075,1.01318359375,-2,-0.1220703125,-4,-0.244140625,10,0.6103515625,-2850,4944,13351,-235,-1.2908935546875,-18,-0.098876953125,25256,138.7353515625,410,4.1
3272,118251,2348260,1.351,0,-1,-0.00048828125,-19,-0.00927734375,2101,1.02587890625,-6,-0.3662109375,-15,-0.91552734375,7,0.42724609375,-8295,-3932,162,-191,-1.0491943359375,6,0.032958984375,-20941,-115.0323486328125,403,4.03
3278,118468,2348265,1.3535,1,-6,-0.0029296875,-16,-0.0078125,2059,1.00537109375,-4,-0.244140625,-14,-0.8544921875,-4,-0.244140625,-1370,-5255,-4224,-495,-2.7191162109375,-569,-3.1256103515625,-6632,-36.4306640625,407,4.07
3279,118500,2348265,1.3535,2,4,0.001953125,-21,-0.01025390625,2075,1.01318359375,-3,-0.18310546875,-4,-0.244140625,9,0.54931640625,-2879,4979,13342,-235,-1.2908935546875,-18,-0.098876953125,25256,138.7353515625,410,4.1
3292,118976,2348277,1.3595,0,-1,-0.00048828125,-19,-0.00927734375,2101,1.02587890625,-6,-0.3662109375,-15,-0.91552734375,7,0.42724609375,-8295,-3932,162,-191,-1.0491943359375,6,0.032958984375,-20941,-115.0323486328125,403,4.03
3293,119008,2348277,1.3595,1,-8,-0.00390625,-21,-0.01025390625,2061,1.00634765625,-1,-0.06103515625,-11,-0.67138671875,-3,-0.18310546875,-1390,-5273,-4232,-493,-2.7081298828125,-565,-3.1036376953125,-6632,-36.4306640625,407,4.07
3295,119077,2348278,1.36,2,4,0.001953125,-21,-0.01025390625,2076,1.013671875,-3,-0.18310546875,-4,-0.244140625,10,0.6103515625,-2882,4976,13330,-235,-1.2908935546875,-18,-0.098876953125,25256,138.7353515625,410,4.1
3306,119479,2348288,1.365,0,0,0.0,-21,-0.01025390625,2099,1.02490234375,-6,-0.3662109375,-17,-1.03759765625,5,0.30517578125,-8293,-3937,146,-191,-1.0491943359375,6,0.032958984375,-20941,-115.0323486328125,403,4.03
3309,119585,2348290,1.366,1,-8,-0.00390625,-18,-0.0087890625,2059,1.00537109375,-1,-0.06103515625,-15,-0.91552734375,-1,-0.06103515625,-1386,-5278,-4241,-493,-2.7081298828125,-565,-3.1036376953125,-6632,-36.4306640625,407,4.07
3312,119691,2348292,1.367,2,5,0.00244140625,-21,-0.01025390625,2076,1.013671875,-3,-0.18310546875,-4,-0.244140625,10,0.6103515625,-2868,4961,13340,-235,-1.2908935546875,-18,-0.098876953125,25256,138.7353515625,410,4.1
3323,120093,2348302,1.372,0,-4,-0.001953125,-18,-0.0087890625,2097,1.02392578125,-3,-0.18310546875,-16,-0.9765625,4,0.244140625,-8289,-3944,143,-191,-1.0491943359375,6,0.032958984375,-20941,-115.0323486328125,403,4.03
3326,120199,2348304,1.373,1,-10,-0.0048828125,-19,-0.00927734375,2064,1.0078125,-1,-0.06103515625,-15,-0.91552734375,-3,-0.18310546875,-1397,-5275,-4228,-493,-2.7081298828125,-565,-3.1036376953125,-6632,-36.4306640625,407,4.07
3329,120305,2348306,1.374,2,5,0.00244140625,-21,-0.01025390625,2076,1.013671875,-2,-0.1220703125,-4,-0.244140625,9,0.54931640625,-2890,4967,13313,-235,-1.2908935546875,-18,-0.098876953125,25256,138.7353515625,410,4.1
3340,120707,2348316,1.379,0,-3,-0.00146484375,-21,-0.01025390625,2103,1.02685546875,-7,-0.42724609375,-17,-1.03759765625,5,0.30517578125,-8306,-3946,162,-191,-1.0491943359375,6,0.032958984375,-20941,-115.0323486328125,403,4.03
3343,120813,2348318,1.38,1,-8,-0.00390625,-16,-0.0078125,2064,1.0078125,0,0.0,-16,-0.9765625,-1,-0.06103515625,-1403,-5262,-4245,-491,-2.6971435546875,-562,-3.087158203125,-6633,-36.4361572265625,408,4.08
3349,121030,2348323,1.3825,2,5,0.00244140625,-21,-0.01025390625,2076,1.013671875,-2,-0.1220703125,-4,-0.244140625,9,0.54931640625,-2900,4970,13301,-235,-1.2908935546875,-18,-0.098876953125,25256,138.7353515625,410,4.1
3357,121321,2348330,1.386,0,-1,-0.00048828125,-19,-0.00927734375,2100,1.025390625,-5,-0.30517578125,-14,-0.8544921875,6,0.3662109375,-8294,-3916,161,-191,-1.0491943359375,6,0.032958984375,-20941,-115.0323486328125,403,4.03
3363,121538,2348335,1.3885,1,-10,-0.0048828125,-19,-0.00927734375,2060,1.005859375,-2,-0.1220703125,-13,-0.79345703125,-1,-0.06103515625,-1427,-5243,-4286,-491,-2.6971435546875,-562,-3.087158203125,-6633,-36.4361572265625,408,4.08
3364,121570,2348335,1.3885,2,5,0.00244140625,-21,-0.01025390625,2076,1.013671875,-3,-0.18310546875,-4,-0.244140625,9,0.54931640625,-2908,4973,13291,-235,-1.2908935546875,-18,-0.098876953125,25256,138.7353515625,410,4.1
3377,122046,2348347,1.3945,0,-1,-0.00048828125,-19,-0.00927734375,2100,1.025390625,-5,-0.30517578125,-14,-0.8544921875,6,0.3662109375,-8294,-3916,161,-191,-1.0491943359375,6,0.032958984375,-20941,-115.0323486328125,403,4.03
3378,122078,2348347,1.3945,1,-9,-0.00439453125,-16,-0.0078125,2062,1.0068359375,-4,-0.244140625,-15,-0.91552734375,-2,-0.1220703125,-1437,-5234,-4303,-491,-2.6971435546875,-562,-3.087158203125,-6633,-36.4361572265625,408,4.08
3380,122147,2348348,1.395,2,5,0.00244140625,-21,-0.01025390625,2075,1.01318359375,-3,-0.18310546875,-4,-0.244140625,10,0.6103515625,-2915,4991,13297,-235,-1.2908935546875,-18,-0.098876953125,25256,138.7353515625,410,4.1
3391,122549,2348358,1.4,0,-2,-0.0009765625,-21,-0.01025390625,2100,1.025390625,-6,-0.3662109375,-15,-0.91552734375,4,0.244140625,-8307,-3938,166,-191,-1.0491943359375,6,0.032958984375,-20941,-115.0323486328125,403,4.03
3394,122655,2348360,1.401,1,-8,-0.00390625,-17,-0.00830078125,2060,1.005859375,-3,-0.18310546875,-14,-0.8544921875,-1,-0.06103515625,-1437,-5240,-4316,-489,-2.6861572265625,-559,-3.0706787109375,-6633,-36.4361572265625,408,4.08
3397,122761,2348362,1.402,2,5,0.00244140625,-21,-0.01025390625,2074,1.0126953125,-3,-0.18310546875,-4,-0.244140625,10,0.6103515625,-2928,4989,13317,-235,-1.2908935546875,-18,-0.098876953125,25256,138.7353515625,410,4.1
3408,123163,2348372,1.407,0,-2,-0.0009765625,-20,-0.009765625,2103,1.02685546875,-5,-0.30517578125,-15,-0.91552734375,6,0.3662109375,-8323,-3963,170,-191,-1.0491943359375,6,0.032958984375,-20941,-115.0323486328125,403,4.03
3411,123269,2348374,1.408,1,-8,-0.00390625,-18,-0.0087890625,2060,1.005859375,-3,-0.18310546875,-15,-0.91552734375,0,0.0,-1434,-5253,-4298,-489,-2.6861572265625,-559,-3.0706787109375,-6633,-36.4361572265625,408,4.08
3414,123375,2348376,1.409,2,5,0.00244140625,-21,-0.01025390625,2075,1.01318359375,-3,-0.18310546875,-3,-0.18310546875,9,0.54931640625,-2921,5001,13279,-235,-1.2908935546875,-18,-0.098876953125,25256,138.7353515625,410,4.1
3425,123777,2348386,1.414,0,2,0.0009765625,-21,-0.01025390625,2099,1.02490234375,-6,-0.3662109375,-15,-0.91552734375,6,0.3662109375,-8334,-3953,177,-191,-1.0491943359375,6,0.032958984375,-20941,-115.0323486328125,404,4.04
3428,123883,2348388,1.415,1,-7,-0.00341796875,-18,-0.0087890625,2061,1.00634765625,-2,-0.1220703125,-14,-0.8544921875,-1,-0.06103515625,-1433,-5257,-4291,-489,-2.6861572265625,-559,-3.0706787109375,-6633,-36.4361572265625,408,4.08
3434,124100,2348393,1.4175,2,5,0.00244140625,-21,-0.01025390625,2076,1.013671875,-3,-0.18310546875,-4,-0.244140625,9,0.54931640625,-2906,5000,13298,-235,-1.2908935546875,-18,-0.098876953125,25256,138.7353515625,410,4.1
3442,124391,2348400,1.421,0,2,0.0009765625,-19,-0.00927734375,2097,1.02392578125,-5,-0.30517578125,-16,-0.9765625,6,0.3662109375,-8324,-3953,126,-191,-1.0491943359375,6,0.032958984375,-20941,-115.0323486328125,404,4.04
3448,124608,2348405,1.4235,1,-7,-0.00341796875,-19,-0.00927734375,2055,1.00341796875,-4,-0.244140625,-14,-0.8544921875,0,0.0,-1425,-5240,-4238,-486,-2.669677734375,-555,-3.0487060546875,-6633,-36.4361572265625,408,4.08
3449,124640,2348405,1.4235,2,6,0.0029296875,-20,-0.009765625,2077,1.01416015625,-3,-0.18310546875,-4,-0.244140625,10,0.6103515625,-2900,5016,13318,-235,-1.2908935546875,-18,-0.098876953125,25256,138.7353515625,410,4.1
3462,125116,2348417,1.4295,0,-4,-0.001953125,-17,-0.00830078125,2099,1.02490234375,-6,-0.3662109375,-15,-0.91552734375,5,0.30517578125,-8315,-3942,133,-191,-1.0491943359375,6,0.032958984375,-20941,-115.0323486328125,404,4.04
3463,125148,2348417,1.4295,1,-10,-0.0048828125,-17,-0.00830078125,2058,1.0048828125,-1,-0.06103515625,-14,-0.8544921875,0,0.0,-1405,-5233,-4273,-486,-2.669677734375,-555,-3.0487060546875,-6633,-36.4361572265625,408,4.08
3465,125217,2348418,1.43,2,6,0.0029296875,-21,-0.01025390625,2076,1.013671875,-3,-0.18310546875,-4,-0.244140625,9,0.54931640625,-2934,4977,13340,-235,-1.2908935546875,-18,-0.098876953125,25256,138.7353515625,410,4.1
3477,125656,2348429,1.4355,0,-2,-0.0009765625,-16,-0.0078125,2100,1.025390625,-9,-0.54931640625,-13,-0.79345703125,6,0.3662109375,-8312,-3933,196,-191,-1.0491943359375,6,0.032958984375,-20941,-115.0323486328125,404,4.04
3479,125725,2348430,1.436,1,-8,-0.00390625,-19,-0.00927734375,2058,1.0048828125,-4,-0.244140625,-17,-1.03759765625,-3,-0.18310546875,-1430,-5244,-4277,-486,-2.669677734375,-555,-3.0487060546875,-6633,-36.4361572265625,408,4.08
3482,125831,2348432,1.437,2,6,0.0029296875,-21,-0.01025390625,2075,1.01318359375,-3,-0.18310546875,-4,-0.244140625,9,0.54931640625,-2942,4976,13332,-235,-1.2908935546875,-18,-0.098876953125,25256,138.7353515625,410,4.1
3493,126233,2348442,1.442,0,0,0.0,-23,-0.01123046875,2100,1.025390625,-3,-0.18310546875,-15,-0.91552734375,5,0.30517578125,-8299,-3938,212,-191,-1.0491943359375,6,0.032958984375,-20941,-115.0323486328125,405,4.05
3496,126339,2348444,1.443,1,-9,-0.00439453125,-16,-0.0078125,2061,1.00634765625,-1,-0.06103515625,-15,-0.91552734375,-1,-0.06103515625,-1399,-5245,-4270,-484,-2.65869140625,-552,-3.0322265625,-6633,-36.4361572265625,408,4.08
3499,126445,2348446,1.444,2,6,0.0029296875,-21,-0.01025390625,2076,1.013671875,-2,-0.1220703125,-4,-0.244140625,9,0.54931640625,-2914,4964,13376,-235,-1.2908935546875,-18,-0.098876953125,25256,138.7353515625,410,4.1
3510,126847,2348456,1.449,0,0,0.0,-23,-0.01123046875,2100,1.025390625,-3,-0.18310546875,-15,-0.91552734375,5,0.30517578125,-8299,-3938,212,-191,-1.0491943359375,6,0.032958984375,-20941,-115.0323486328125,405,4.05
3513,126953,2348458,1.45,1,-9,-0.00439453125,-21,-0.01025390625,2059,1.00537109375,-1,-0.06103515625,-14,-0.8544921875,-4,-0.244140625,-1389,-5234,-4272,-484,-2.65869140625,-552,-3.0322265625,-6633,-36.4361572265625,408,4.08
3519,127170,2348463,1.4525,2,6,0.0029296875,-21,-0.01025390625,2076,1.013671875,-3,-0.18310546875,-4,-0.244140625,9,0.54931640625,-2896,4976,13385,-235,-1.2908935546875,-18,-0.098876953125,25256,138.7353515625,410,4.1
3527,127461,2348470,1.456,0,-1,-0.00048828125,-19,-0.00927734375,2096,1.0234375,-7,-0.42724609375,-15,-0.91552734375,4,0.244140625,-8315,-3955,144,-191,-1.0491943359375,6,0.032958984375,-20941,-115.0323486328125,405,4.05
3533,127678,2348475,1.4585,1,-10,-0.0048828125,-16,-0.0078125,2056,1.00390625,-1,-0.06103515625,-15,-0.91552734375,0,0.0,-1392,-5252,-4283,-482,-2.647705078125,-549,-3.0157470703125,-6633,-36.4361572265625,409,4.09
3534,127710,2348475,1.4585,2,6,0.0029296875,-21,-0.01025390625,2076,1.013671875,-3,-0.18310546875,-4,-0.244140625,10,0.6103515625,-2878,4979,13381,-235,-1.2908935546875,-18,-0.098876953125,25256,138.7353515625,410,4.1
3547,128186,2348487,1.4645,0,-1,-0.00048828125,-20,-0.009765625,2103,1.02685546875,-5,-0.30517578125,-12,-0.732421875,6,0.3662109375,-8317,-3964,132,-191,-1.0491943359375,6,0.032958984375,-20941,-115.0323486328125,405,4.05
3548,128218,2348487,1.4645,1,-11,-0.00537109375,-17,-0.00830078125,2060,1.005859375,1,0.06103515625,-15,-0.91552734375,-2,-0.1220703125,-1380,-5246,-4278,-482,-2.647705078125,-549,-3.0157470703125,-6633,-36.4361572265625,409,4.09
3550,128287,2348488,1.465,2,6,0.0029296875,-20,-0.009765625,2075,1.01318359375,-3,-0.18310546875,-4,-0.244140625,10,0.6103515625,-2862,5008,13346,-234,-1.285400390625,-18,-0.098876953125,25256,138.7353515625,410,4.1
3562,128726,2348499,1.4705,0,-1,-0.00048828125,-21,-0.01025390625,2102,1.0263671875,-6,-0.3662109375,-13,-0.79345703125,6,0.3662109375,-8326,-3960,139,-191,-1.0491943359375,6,0.032958984375,-20941,-115.0323486328125,405,4.05
3564,128795,2348500,1.471,1,-6,-0.0029296875,-15,-0.00732421875,2058,1.0048828125,0,0.0,-16,-0.9765625,-1,-0.06103515625,-1379,-5261,-4282,-482,-2.647705078125,-549,-3.0157470703125,-6633,-36.4361572265625,408,4.08
3567,128901,2348502,1.472,2,6,0.0029296875,-20,-0.009765625,2076,1.013671875,-3,-0.18310546875,-4,-0.244140625,9,0.54931640625,-2876,5018,13376,-234,-1.285400390625,-18,-0.098876953125,25256,138.7353515625,410,4.1
3578,129303,2348512,1.477,0,0,0.0,-18,-0.0087890625,2101,1.02587890625,-7,-0.42724609375,-16,-0.9765625,4,0.244140625,-8310,-3950,124,-191,-1.0491943359375,6,0.032958984375,-20941,-115.0323486328125,405,4.05
3581,129409,2348514,1.478,1,-9,-0.00439453125,-19,-0.00927734375,2057,1.00439453125,-3,-0.18310546875,-13,-0.79345703125,0,0.0,-1415,-5261,-4238,-480,-2.63671875,-545,-2.9937744140625,-6633,-36.4361572265625,408,4.08
3584,129515,2348516,1.479,2,7,0.00341796875,-20,-0.009765625,2077,1.01416015625,-3,-0.18310546875,-4,-0.244140625,10,0.6103515625,-2875,5003,13365,-234,-1.285400390625,-18,-0.098876953125,25256,138.7353515625,410,4.1
3595,129917,2348526,1.484,0,0,0.0,-18,-0.0087890625,2101,1.02587890625,-7,-0.42724609375,-16,-0.9765625,4,0.244140625,-8310,-3950,124,-191,-1.0491943359375,6,0.032958984375,-20941,-115.0323486328125,405,4.05
3598,130023,2348528,1.485,1,-8,-0.00390625,-16,-0.0078125,2059,1.00537109375,1,0.06103515625,-14,-0.8544921875,1,0.06103515625,-1419,-5260,-4228,-480,-2.63671875,-545,-2.9937744140625,-6633,-36.4361572265625,408,4.08
3604,130240,2348533,1.4875,2,7,0.00341796875,-21,-0.01025390625,2076,1.013671875,-3,-0.18310546875,-4,-0.244140625,10,0.6103515625,-2886,5003,13360,-234,-1.285400390625,-18,-0.098876953125,25256,138.7353515625,410,4.1
3612,130531,2348540,1.491,0,-1,-0.00048828125,-21,-0.01025390625,2094,1.0224609375,-5,-0.30517578125,-17,-1.03759765625,6,0.3662109375,-8333,-3938,181,-191,-1.0491943359375,6,0.032958984375,-20942,-115.037841796875,405,4.05
3618,130748,2348545,1.4935,1,-6,-0.0029296875,-15,-0.00732421875,2057,1.00439453125,-3,-0.18310546875,-13,-0.79345703125,0,0.0,-1428,-5256,-4247,-480,-2.63671875,-545,-2.9937744140625,-6633,-36.4361572265625,408,4.08
3619,130780,2348545,1.4935,2,7,0.00341796875,-21,-0.01025390625,2076,1.013671875,-3,-0.18310546875,-4,-0.244140625,10,0.6103515625,-2881,5006,13380,-234,-1.285400390625,-18,-0.098876953125,25256,138.7353515625,410,4.1
3632,131256,2348557,1.4995,0,-1,-0.00048828125,-21,-0.01025390625,2101,1.02587890625,-7,-0.42724609375,-13,-0.79345703125,5,0.30517578125,-8306,-3936,196,-191,-1.0491943359375,6,0.032958984375,-20942,-115.037841796875,405,4.05
3633,131288,2348557,1.4995,1,-9,-0.00439453125,-18,-0.0087890625,2061,1.00634765625,-3,-0.18310546875,-15,-0.91552734375,-1,-0.06103515625,-1389,-5263,-4256,-477,-2.6202392578125,-542,-2.977294921875,-6633,-36.4361572265625,408,4.08
3635,131357,2348558,1.5,2,6,0.0029296875,-22,-0.0107421875,2074,1.0126953125,-3,-0.18310546875,-4,-0.244140625,10,0.6103515625,-2864,4981,13351,-234,-1.285400390625,-18,-0.098876953125,25256,138.7353515625,410,4.1
3647,131796,2348569,1.5055,0,0,0.0,-21,-0.01025390625,2101,1.02587890625,-7,-0.42724609375,-16,-0.9765625,2,0.1220703125,-8261,-3932,220,-191,-1.0491943359375,6,0.032958984375,-20942,-115.037841796875,406,4.06
3649,131865,2348570,1.506,1,-7,-0.00341796875,-17,-0.00830078125,2056,1.00390625,0,0.0,-15,-0.91552734375,0,0.0,-1373,-5262,-4253,-477,-2.6202392578125,-542,-2.977294921875,-6633,-36.4361572265625,408,4.08
3652,131971,2348572,1.507,2,5,0.00244140625,-21,-0.01025390625,2075,1.01318359375,-3,-0.18310546875,-4,-0.244140625,9,0.54931640625,-2876,4993,13348,-234,-1.285400390625,-18,-0.098876953125,25256,138.7353515625,410,4.1
3663,132373,2348582,1.512,0,-1,-0.00048828125,-19,-0.00927734375,2105,1.02783203125,-7,-0.42724609375,-16,-0.9765625,6,0.3662109375,-8295,-3934,199,-191,-1.0491943359375,6,0.032958984375,-20942,-115.037841796875,406,4.06
3666,132479,2348584,1.513,1,-9,-0.00439453125,-19,-0.00927734375,2060,1.005859375,-3,-0.18310546875,-14,-0.8544921875,-2,-0.1220703125,-1372,-5256,-4244,-477,-2.6202392578125,-542,-2.977294921875,-6633,-36.4361572265625,408,4.08
3669,132585,2348586,1.514,2,5,0.00244140625,-21,-0.01025390625,2075,1.01318359375,-3,-0.18310546875,-4,-0.244140625,10,0.6103515625,-2881,4993,13323,-234,-1.285400390625,-18,-0.098876953125,25256,138.7353515625,410,4.1
3680,132987,2348596,1.519,0,-1,-0.00048828125,-19,-0.00927734375,2105,1.02783203125,-7,-0.42724609375,-16,-0.9765625,6,0.3662109375,-8295,-3934,199,-191,-1.0491943359375,6,0.032958984375,-20942,-115.037841796875,406,4.06
3683,133093,2348598,1.52,1,-10,-0.0048828125,-15,-0.00732421875,2058,1.0048828125,0,0.0,-15,-0.91552734375,0,0.0,-1397,-5266,-4272,-475,-2.6092529296875,-539,-2.9608154296875,-6633,-36.4361572265625,408,4.08
3689,133310,2348603,1.5225,2,5,0.00244140625,-21,-0.01025390625,2076,1.013671875,-3,-0.18310546875,-4,-0.244140625,10,0.6103515625,-2834,5005,13339,-234,-1.285400390625,-18,-0.098876953125,25256,138.7353515625,410,4.1
3697,133601,2348610,1.526,0,0,0.0,-20,-0.009765625,2095,1.02294921875,-5,-0.30517578125,-14,-0.8544921875,4,0.244140625,-8295,-3908,176,-191,-1.0491943359375,6,0.032958984375,-20942,-115.037841796875,406,4.06
3703,133818,2348615,1.5285,1,-7,-0.00341796875,-18,-0.0087890625,2055,1.00341796875,-1,-0.06103515625,-14,-0.8544921875,0,0.0,-1383,-5284,-4239,-475,-2.6092529296875,-539,-2.9608154296875,-6633,-36.4361572265625,408,4.08
3704,133850,2348615,1.5285,2,5,0.00244140625,-21,-0.01025390625,2076,1.013671875,-3,-0.18310546875,-4,-0.244140625,10,0.6103515625,-2825,4982,13354,-234,-1.285400390625,-19,-0.1043701171875,25256,138.7353515625,410,4.1
3717,134326,2348627,1.5345,0,-1,-0.00048828125,-19,-0.00927734375,2102,1.0263671875,-7,-0.42724609375,-17,-1.03759765625,6,0.3662109375,-8279,-3894,187,-191,-1.0491943359375,6,0.032958984375,-20942,-115.037841796875,406,4.06
3718,134358,2348627,1.5345,1,-9,-0.00439453125,-17,-0.00830078125,2063,1.00732421875,-1,-0.06103515625,-16,-0.9765625,-1,-0.06103515625,-1390,-5281,-4223,-475,-2.6092529296875,-539,-2.9608154296875,-6633,-36.4361572265625,408,4.08
3720,134427,2348628,1.535,2,5,0.00244140625,-21,-0.01025390625,2075,1.01318359375,-3,-0.18310546875,-4,-0.244140625,9,0.54931640625,-2834,5003,13332,-234,-1.285400390625,-19,-0.1043701171875,25256,138.7353515625,410,4.1
3732,134866,2348639,1.5405,0,-2,-0.0009765625,-21,-0.01025390625,2100,1.025390625,-7,-0.42724609375,-16,-0.9765625,5,0.30517578125,-8271,-3911,198,-191,-1.0491943359375,6,0.032958984375,-20942,-115.037841796875,406,4.06
3734,134935,2348640,1.541,1,-6,-0.0029296875,-19,-0.00927734375,2058,1.0048828125,0,0.0,-15,-0.91552734375,0,0.0,-1362,-5288,-4213,-473,-2.5982666015625,-535,-2.9388427734375,-6633,-36.4361572265625,408,4.08
3737,135041,2348642,1.542,2,5,0.00244140625,-21,-0.01025390625,2075,1.01318359375,-3,-0.18310546875,-4,-0.244140625,10,0.6103515625,-2854,4990,13327,-234,-1.285400390625,-19,-0.1043701171875,25256,138.7353515625,410,4.1
3748,135443,2348652,1.547,0,-2,-0.0009765625,-21,-0.01025390625,2100,1.025390625,-6,-0.3662109375,-14,-0.8544921875,4,0.244140625,-8269,-3907,213,-191,-1.0491943359375,6,0.032958984375,-20942,-115.037841796875,406,4.06
3751,135549,2348654,1.548,1,-9,-0.00439453125,-17,-0.00830078125,2058,1.0048828125,-3,-0.18310546875,-14,-0.8544921875,-2,-0.1220703125,-1368,-5287,-4216,-473,-2.5982666015625,-535,-2.9388427734375,-6633,-36.4361572265625,408,4.08
3754,135655,2348656,1.549,2,5,0.00244140625,-20,-0.009765625,2075,1.01318359375,-3,-0.18310546875,-4,-0.244140625,10,0.6103515625,-2834,4978,13326,-234,-1.285400390625,-19,-0.1043701171875,25256,138.7353515625,410,4.1
3765,136057,2348666,1.554,0,-2,-0.0009765625,-19,-0.00927734375,2097,1.02392578125,-4,-0.244140625,-14,-0.8544921875,5,0.30517578125,-8275,-3911,236,-191,-1.0491943359375,6,0.032958984375,-20942,-115.037841796875,406,4.06
3768,136163,2348668,1.555,1,-9,-0.00439453125,-15,-0.00732421875,2054,1.0029296875,-1,-0.06103515625,-15,-0.91552734375,-1,-0.06103515625,-1381,-5301,-4196,-473,-2.5982666015625,-535,-2.9388427734375,-6633,-36.4361572265625,407,4.07
3774,136380,2348673,1.5575,2,5,0.00244140625,-21,-0.01025390625,2073,1.01220703125,-3,-0.18310546875,-4,-0.244140625,10,0.6103515625,-2840,4982,13346,-234,-1.285400390625,-19,-0.1043701171875,25256,138.7353515625,410,4.1
3782,136671,2348680,1.561,0,-1,-0.00048828125,-20,-0.009765625,2099,1.02490234375,-5,-0.30517578125,-14,-0.8544921875,6,0.3662109375,-8280,-3938,191,-191,-1.0491943359375,6,0.032958984375,-20942,-115.037841796875,406,4.06
3788,136888,2348685,1.5635,1,-10,-0.0048828125,-20,-0.009765625,2063,1.00732421875,-4,-0.244140625,-12,-0.732421875,-1,-0.06103515625,-1398,-5295,-4187,-471,-2.5872802734375,-532,-2.92236328125,-6633,-36.4361572265625,407,4.07
3789,136920,2348685,1.5635,2,6,0.0029296875,-21,-0.01025390625,2074,1.0126953125,-3,-0.18310546875,-4,-0.244140625,10,0.6103515625,-2851,5003,13310,-234,-1.285400390625,-19,-0.1043701171875,25256,138.7353515625,410,4.1
3802,137396,2348697,1.5695,0,-1,-0.00048828125,-18,-0.0087890625,2103,1.02685546875,-7,-0.42724609375,-14,-0.8544921875,7,0.42724609375,-8284,-3935,210,-191,-1.0491943359375,6,0.032958984375,-20942,-115.037841796875,406,4.06
3803,137428,2348697,1.5695,1,-11,-0.00537109375,-16,-0.0078125,2063,1.00732421875,-3,-0.18310546875,-17,-1.03759765625,-2,-0.1220703125,-1390,-5284,-4185,-471,-2.5872802734375,-532,-2.92236328125,-6633,-36.4361572265625,407,4.07
3805,137497,2348698,1.57,2,5,0.00244140625,-21,-0.01025390625,2076,1.013671875,-2,-0.1220703125,-4,-0.244140625,10,0.6103515625,-2850,4994,13314,-234,-1.285400390625,-19,-0.1043701171875,25256,138.7353515625,410,4.1
3817,137936,2348709,1.5755,0,-1,-0.00048828125,-20,-0.009765625,2098,1.0244140625,-6,-0.3662109375,-16,-0.9765625,4,0.244140625,-8304,-3952,249,-191,-1.0491943359375,6,0.032958984375,-20942,-115.037841796875,406,4.06
3819,138005,2348710,1.576,1,-6,-0.0029296875,-15,-0.00732421875,2060,1.005859375,2,0.1220703125,-14,-0.8544921875,0,0.0,-1392,-5259,-4192,-471,-2.5872802734375,-532,-2.92236328125,-6633,-36.4361572265625,407,4.07
3822,138111,2348712,1.577,2,5,0.00244140625,-22,-0.0107421875,2077,1.01416015625,-2,-0.1220703125,-4,-0.244140625,9,0.54931640625,-2862,5003,13287,-234,-1.285400390625,-19,-0.1043701171875,25256,138.7353515625,410,4.1
3833,138513,2348722,1.582,0,0,0.0,-20,-0.009765625,2101,1.02587890625,-6,-0.3662109375,-16,-0.9765625,5,0.30517578125,-8323,-3963,215,-191,-1.0491943359375,6,0.032958984375,-20942,-115.037841796875,406,4.06
3836,138619,2348724,1.583,1,-10,-0.0048828125,-15,-0.00732421875,2057,1.00439453125,-2,-0.1220703125,-15,-0.91552734375,-2,-0.1220703125,-1388,-5275,-4120,-469,-2.5762939453125,-529,-2.9058837890625,-6633,-36.4361572265625,407,4.07
3839,138725,2348726,1.584,2,4,0.001953125,-22,-0.0107421875,2076,1.013671875,-3,-0.18310546875,-5,-0.30517578125,9,0.54931640625,-2864,5014,13257,-234,-1.285400390625,-19,-0.1043701171875,25256,138.7353515625,410,4.1
3850,139127,2348736,1.589,0,0,0.0,-22,-0.0107421875,2096,1.0234375,-5,-0.30517578125,-17,-1.03759765625,6,0.3662109375,-8318,-3958,231,-191,-1.0491943359375,6,0.032958984375,-20942,-115.037841796875,406,4.06
3853,139233,2348738,1.59,1,-6,-0.0029296875,-17,-0.00830078125,2058,1.0048828125,-1,-0.06103515625,-15,-0.91552734375,0,0.0,-1371,-5288,-4102,-469,-2.5762939453125,-529,-2.9058837890625,-6633,-36.4361572265625,407,4.07
3859,139450,2348743,1.5925,2,4,0.001953125,-21,-0.01025390625,2074,1.0126953125,-3,-0.18310546875,-4,-0.244140625,10,0.6103515625,-2868,5022,13219,-234,-1.285400390625,-19,-0.1043701171875,25256,138.7353515625,410,4.1
3867,139741,2348750,1.596,0,3,0.00146484375,-24,-0.01171875,2100,1.025390625,-7,-0.42724609375,-13,-0.79345703125,6,0.3662109375,-8307,-3988,186,-191,-1.0491943359375,6,0.032958984375,-20942,-115.037841796875,406,4.06
3873,139958,2348755,1.5985,1,-10,-0.0048828125,-17,-0.00830078125,2061,1.00634765625,1,0.06103515625,-15,-0.91552734375,-1,-0.06103515625,-1376,-5285,-4150,-469,-2.5762939453125,-529,-2.9058837890625,-6633,-36.4361572265625,407,4.07
3874,139990,2348755,1.5985,2,4,0.001953125,-21,-0.01025390625,2075,1.01318359375,-3,-0.18310546875,-4,-0.244140625,10,0.6103515625,-2889,5051,13182,-234,-1.285400390625,-19,-0.1043701171875,25256,138.7353515625,410,4.1
3888,140503,2348768,1.605,0,-1,-0.00048828125,-23,-0.01123046875,2099,1.02490234375,-4,-0.244140625,-15,-0.91552734375,4,0.244140625,-8312,-3989,197,-191,-1.0491943359375,6,0.032958984375,-20942,-115.037841796875,406,4.06
3889,140535,2348768,1.605,1,-10,-0.0048828125,-19,-0.00927734375,2059,1.00537109375,-2,-0.1220703125,-15,-0.91552734375,-1,-0.06103515625,-1356,-5301,-4193,-467,-2.5653076171875,-526,-2.889404296875,-6633,-36.4361572265625,407,4.07
3890,140567,2348768,1.605,2,6,0.0029296875,-21,-0.01025390625,2075,1.01318359375,-3,-0.18310546875,-4,-0.244140625,9,0.54931640625,-2905,5008,13190,-234,-1.285400390625,-19,-0.1043701171875,25256,138.7353515625,410,4.1
3902,141006,2348779,1.6105,0,-1,-0.00048828125,-23,-0.01123046875,2099,1.02490234375,-4,-0.244140625,-15,-0.91552734375,4,0.244140625,-8312,-3989,197,-191,-1.0491943359375,6,0.032958984375,-20942,-115.037841796875,406,4.06
3904,141075,2348780,1.611,1,-10,-0.0048828125,-17,-0.00830078125,2057,1.00439453125,-2,-0.1220703125,-13,-0.79345703125,-2,-0.1220703125,-1343,-5314,-4248,-467,-2.5653076171875,-526,-2.889404296875,-6633,-36.4361572265625,407,4.07
3907,141181,2348782,1.612,2,6,0.0029296875,-21,-0.01025390625,2075,1.01318359375,-2,-0.1220703125,-4,-0.244140625,10,0.6103515625,-2907,5006,13224,-234,-1.285400390625,-19,-0.1043701171875,25256,138.7353515625,409,4.09
3918,141583,2348792,1.617,0,-4,-0.001953125,-18,-0.0087890625,2103,1.02685546875,-5,-0.30517578125,-13,-0.79345703125,5,0.30517578125,-8285,-3995,160,-191,-1.0491943359375,6,0.032958984375,-20942,-115.037841796875,406,4.06
3921,141689,2348794,1.618,1,-10,-0.0048828125,-17,-0.00830078125,2062,1.0068359375,-3,-0.18310546875,-15,-0.91552734375,-1,-0.06103515625,-1361,-5301,-4250,-465,-2.5543212890625,-523,-2.8729248046875,-6633,-36.4361572265625,406,4.06
3924,141795,2348796,1.619,2,6,0.0029296875,-21,-0.01025390625,2074,1.0126953125,-2,-0.1220703125,-4,-0.244140625,9,0.54931640625,-2883,5009,13269,-234,-1.285400390625,-19,-0.1043701171875,25256,138.7353515625,409,4.09
3935,142197,2348806,1.624,0,1,0.00048828125,-23,-0.01123046875,2100,1.025390625,-7,-0.42724609375,-15,-0.91552734375,4,0.244140625,-8287,-3991,128,-191,-1.0491943359375,6,0.032958984375,-20942,-115.037841796875,405,4.05
3938,142303,2348808,1.625,1,-8,-0.00390625,-16,-0.0078125,2059,1.00537109375,2,0.1220703125,-15,-0.91552734375,-2,-0.1220703125,-1365,-5299,-4239,-465,-2.5543212890625,-523,-2.8729248046875,-6633,-36.4361572265625,406,4.06
3944,142520,2348813,1.6275,2,6,0.0029296875,-21,-0.01025390625,2076,1.013671875,-3,-0.18310546875,-4,-0.244140625,10,0.6103515625,-2908,4953,13226,-234,-1.285400390625,-19,-0.1043701171875,25256,138.7353515625,409,4.09
3952,142811,2348820,1.631,0,-2,-0.0009765625,-22,-0.0107421875,2104,1.02734375,-5,-0.30517578125,-16,-0.9765625,4,0.244140625,-8292,-3996,151,-191,-1.0491943359375,6,0.032958984375,-20942,-115.037841796875,405,4.05
3958,143028,2348825,1.6335,1,-8,-0.00390625,-19,-0.00927734375,2063,1.00732421875,-2,-0.1220703125,-16,-0.9765625,-2,-0.1220703125,-1368,-5318,-4211,-465,-2.5543212890625,-523,-2.8729248046875,-6633,-36.4361572265625,406,4.06
3959,143060,2348825,1.6335,2,6,0.0029296875,-21,-0.01025390625,2077,1.01416015625,-3,-0.18310546875,-4,-0.244140625,10,0.6103515625,-2902,4963,13256,-234,-1.285400390625,-19,-0.1043701171875,25256,138.7353515625,409,4.09
3973,143573,2348838,1.64,0,1,0.00048828125,-18,-0.0087890625,2091,1.02099609375,-3,-0.18310546875,-14,-0.8544921875,7,0.42724609375,-8318,-3995,138,-191,-1.0491943359375,6,0.032958984375,-20942,-115.037841796875,405,4.05
3974,143605,2348838,1.64,1,-6,-0.0029296875,-18,-0.0087890625,2062,1.0068359375,-3,-0.18310546875,-14,-0.8544921875,-1,-0.06103515625,-1349,-5331,-4229,-462,-2.537841796875,-519,-2.8509521484375,-6633,-36.4361572265625,406,4.06
3975,143637,2348838,1.64,2,5,0.00244140625,-21,-0.01025390625,2077,1.01416015625,-3,-0.18310546875,-5,-0.30517578125,9,0.54931640625,-2880,4970,13277,-234,-1.285400390625,-19,-0.1043701171875,25256,138.7353515625,409,4.09
3987,144076,2348849,1.6455,0,1,0.00048828125,-18,-0.0087890625,2091,1.02099609375,-3,-0.18310546875,-14,-0.8544921875,7,0.42724609375,-8318,-3995,138,-191,-1.0491943359375,6,0.032958984375,-20942,-115.037841796875,405,4.05
3989,144145,2348850,1.646,1,-6,-0.0029296875,-15,-0.00732421875,2060,1.005859375,0,0.0,-14,-0.8544921875,-3,-0.18310546875,-1361,-5319,-4232,-462,-2.537841796875,-519,-2.8509521484375,-6633,-36.4361572265625,406,4.06
3992,144251,2348852,1.647,2,5,0.00244140625,-20,-0.009765625,2076,1.013671875,-3,-0.18310546875,-4,-0.244140625,10,0.6103515625,-2865,4968,13272,-234,-1.285400390625,-19,-0.1043701171875,25256,138.7353515625,409,4.09
4003,144653,2348862,1.652,0,1,0.00048828125,-20,-0.009765625,2100,1.025390625,-6,-0.3662109375,-14,-0.8544921875,4,0.244140625,-8286,-3969,178,-191,-1.0491943359375,6,0.032958984375,-20943,-115.0433349609375,405,4.05
4006,144759,2348864,1.653,1,-10,-0.0048828125,-18,-0.0087890625,2063,1.00732421875,-1,-0.06103515625,-14,-0.8544921875,-1,-0.06103515625,-1381,-5323,-4240,-462,-2.537841796875,-519,-2.8509521484375,-6633,-36.4361572265625,406,4.06
4009,144865,2348866,1.654,2,4,0.001953125,-20,-0.009765625,2075,1.01318359375,-3,-0.18310546875,-4,-0.244140625,10,0.6103515625,-2886,4975,13286,-234,-1.285400390625,-19,-0.1043701171875,25256,138.7353515625,409,4.09
4020,145267,2348876,1.659,0,0,0.0,-22,-0.0107421875,2102,1.0263671875,-4,-0.244140625,-14,-0.8544921875,6,0.3662109375,-8300,-3991,175,-191,-1.0491943359375,6,0.032958984375,-20943,-115.0433349609375,405,4.05
4023,145373,2348878,1.66,1,-8,-0.00390625,-16,-0.0078125,2055,1.00341796875,-3,-0.18310546875,-14,-0.8544921875,-2,-0.1220703125,-1363,-5317,-4240,-460,-2.52685546875,-516,-2.83447265625,-6633,-36.4361572265625,406,4.06
4029,145590,2348883,1.6625,2,5,0.00244140625,-20,-0.009765625,2075,1.01318359375,-2,-0.1220703125,-4,-0.244140625,10,0.6103515625,-2914,4960,13278,-234,-1.285400390625,-19,-0.1043701171875,25256,138.7353515625,409,4.09
4037,145881,2348890,1.666,0,0,0.0,-17,-0.00830078125,2100,1.025390625,-4,-0.244140625,-14,-0.8544921875,4,0.244140625,-8276,-3954,148,-191,-1.0491943359375,6,0.032958984375,-20943,-115.0433349609375,405,4.05
4044,146135,2348896,1.669,1,-10,-0.0048828125,-19,-0.00927734375,2059,1.00537109375,0,0.0,-14,-0.8544921875,-3,-0.18310546875,-1398,-5324,-4232,-460,-2.52685546875,-516,-2.83447265625,-6633,-36.4361572265625,406,4.06
4045,146167,2348896,1.669,2,5,0.00244140625,-20,-0.009765625,2076,1.013671875,-3,-0.18310546875,-4,-0.244140625,9,0.54931640625,-2900,4980,13267,-234,-1.285400390625,-19,-0.1043701171875,25256,138.7353515625,409,4.09
4058,146643,2348908,1.675,0,2,0.0009765625,-21,-0.01025390625,2097,1.02392578125,-5,-0.30517578125,-15,-0.91552734375,4,0.244140625,-8278,-3951,147,-191,-1.0491943359375,6,0.032958984375,-20943,-115.0433349609375,405,4.05
4059,146675,2348908,1.675,1,-8,-0.00390625,-17,-0.00830078125,2057,1.00439453125,0,0.0,-15,-0.91552734375,-3,-0.18310546875,-1369,-5316,-4194,-460,-2.52685546875,-516,-2.83447265625,-6633,-36.4361572265625,406,4.06
4060,146707,2348908,1.675,2,5,0.00244140625,-20,-0.009765625,2076,1.013671875,-3,-0.18310546875,-4,-0.244140625,9,0.54931640625,-2889,4967,13283,-234,-1.285400390625,-19,-0.1043701171875,25256,138.7353515625,409,4.09
4072,147146,2348919,1.6805,0,-2,-0.0009765625,-18,-0.0087890625,2099,1.02490234375,-7,-0.42724609375,-12,-0.732421875,6,0.3662109375,-8264,-3942,146,-191,-1.0491943359375,6,0.032958984375,-20943,-115.0433349609375,405,4.05
4074,147215,2348920,1.681,1,-9,-0.00439453125,-18,-0.0087890625,2060,1.005859375,-2,-0.1220703125,-13,-0.79345703125,-2,-0.1220703125,-1379,-5315,-4161,-458,-2.515869140625,-513,-2.8179931640625,-6633,-36.4361572265625,406,4.06
4077,147321,2348922,1.682,2,5,0.00244140625,-21,-0.01025390625,2074,1.0126953125,-3,-0.18310546875,-4,-0.244140625,10,0.6103515625,-2862,4974,13273,-234,-1.285400390625,-19,-0.1043701171875,25256,138.7353515625,409,4.09
4088,147723,2348932,1.687,0,-1,-0.00048828125,-22,-0.0107421875,2101,1.02587890625,-7,-0.42724609375,-14,-0.8544921875,4,0.244140625,-8286,-3956,169,-191,-1.0491943359375,6,0.032958984375,-20943,-115.0433349609375,405,4.05
4091,147829,2348934,1.688,1,-7,-0.00341796875,-20,-0.009765625,2061,1.00634765625,-2,-0.1220703125,-14,-0.8544921875,-2,-0.1220703125,-1401,-5298,-4170,-458,-2.515869140625,-513,-2.8179931640625,-6633,-36.4361572265625,407,4.07
4094,147935,2348936,1.689,2,5,0.00244140625,-20,-0.009765625,2074,1.0126953125,-3,-0.18310546875,-4,-0.244140625,10,0.6103515625,-2867,4988,13290,-234,-1.285400390625,-19,-0.1043701171875,25256,138.7353515625,409,4.09
4108,148448,2348949,1.6955,0,0,0.0,-23,-0.01123046875,2099,1.02490234375,-6,-0.3662109375,-18,-1.0986328125,4,0.244140625,-8276,-3967,149,-191,-1.0491943359375,6,0.032958984375,-20943,-115.0433349609375,405,4.05
4109,148480,2348949,1.6955,1,-9,-0.00439453125,-18,-0.0087890625,2059,1.00537109375,-2,-0.1220703125,-12,-0.732421875,-1,-0.06103515625,-1408,-5295,-4143,-458,-2.515869140625,-513,-2.8179931640625,-6633,-36.4361572265625,407,4.07
4116,148734,2348955,1.6985,2,5,0.00244140625,-20,-0.009765625,2076,1.013671875,-3,-0.18310546875,-4,-0.244140625,10,0.6103515625,-2866,4960,13287,-234,-1.285400390625,-19,-0.1043701171875,25256,138.7353515625,409,4.09
4122,148951,2348960,1.701,0,-2,-0.0009765625,-20,-0.009765625,2100,1.025390625,-5,-0.30517578125,-14,-0.8544921875,4,0.244140625,-8240,-3940,159,-191,-1.0491943359375,6,0.032958984375,-20943,-115.0433349609375,405,4.05
4130,149242,2348967,1.7045,1,-12,-0.005859375,-16,-0.0078125,2055,1.00341796875,-1,-0.06103515625,-13,-0.79345703125,0,0.0,-1383,-5295,-4128,-456,-2.5048828125,-510,-2.801513671875,-6633,-36.4361572265625,407,4.07
4131,149274,2348967,1.7045,2,5,0.00244140625,-21,-0.01025390625,2076,1.013671875,-3,-0.18310546875,-4,-0.244140625,9,0.54931640625,-2869,4969,13311,-234,-1.285400390625,-19,-0.1043701171875,25256,138.7353515625,409,4.09
4143,149713,2348978,1.71,0,-5,-0.00244140625,-21,-0.01025390625,2098,1.0244140625,-3,-0.18310546875,-15,-0.91552734375,3,0.18310546875,-8240,-3929,192,-191,-1.0491943359375,6,0.032958984375,-20943,-115.0433349609375,405,4.05
4144,149745,2348978,1.71,1,-10,-0.0048828125,-15,-0.00732421875,2057,1.00439453125,1,0.06103515625,-15,-0.91552734375,-2,-0.1220703125,-1376,-5281,-4085,-456,-2.5048828125,-510,-2.801513671875,-6633,-36.4361572265625,407,4.07
4145,149777,2348978,1.71,2,5,0.00244140625,-21,-0.01025390625,2075,1.01318359375,-3,-0.18310546875,-4,-0.244140625,10,0.6103515625,-2865,4955,13323,-234,-1.285400390625,-19,-0.1043701171875,25256,138.7353515625,409,4.09
4157,150216,2348989,1.7155,0,2,0.0009765625,-20,-0.009765625,2103,1.02685546875,-7,-0.42724609375,-12,-0.732421875,5,0.30517578125,-8244,-3935,199,-191,-1.0491943359375,6,0.032958984375,-20943,-115.0433349609375,405,4.05
4159,150285,2348990,1.716,1,-9,-0.00439453125,-19,-0.00927734375,2063,1.00732421875,0,0.0,-14,-0.8544921875,-1,-0.06103515625,-1401,-5290,-4105,-456,-2.5048828125,-510,-2.801513671875,-6633,-36.4361572265625,407,4.07
4162,150391,2348992,1.717,2,5,0.00244140625,-20,-0.009765625,2075,1.01318359375,-3,-0.18310546875,-4,-0.244140625,10,0.6103515625,-2873,4968,13353,-234,-1.285400390625,-19,-0.1043701171875,25256,138.7353515625,410,4.1
4173,150793,2349002,1.722,0,-2,-0.0009765625,-17,-0.00830078125,2100,1.025390625,-8,-0.48828125,-14,-0.8544921875,5,0.30517578125,-8302,-3973,210,-191,-1.0491943359375,6,0.032958984375,-20943,-115.0433349609375,405,4.05
4176,150899,2349004,1.723,1,-9,-0.00439453125,-21,-0.01025390625,2058,1.0048828125,0,0.0,-15,-0.91552734375,-1,-0.06103515625,-1421,-5299,-4131,-454,-2.493896484375,-507,-2.7850341796875,-6633,-36.4361572265625,407,4.07
4179,151005,2349006,1.724,2,5,0.00244140625,-21,-0.01025390625,2075,1.01318359375,-2,-0.1220703125,-4,-0.244140625,9,0.54931640625,-2869,4982,13311,-234,-1.285400390625,-19,-0.1043701171875,25256,138.7353515625,410,4.1
4190,151407,2349016,1.729,0,0,0.0,-19,-0.00927734375,2098,1.0244140625,-3,-0.18310546875,-14,-0.8544921875,5,0.30517578125,-8289,-3975,210,-191,-1.0491943359375,6,0.032958984375,-20943,-115.0433349609375,405,4.05
4193,151513,2349018,1.73,1,-13,-0.00634765625,-18,-0.0087890625,2059,1.00537109375,1,0.06103515625,-13,-0.79345703125,0,0.0,-1424,-5302,-4132,-454,-2.493896484375,-507,-2.7850341796875,-6633,-36.4361572265625,407,4.07
4200,151767,2349024,1.733,2,6,0.0029296875,-21,-0.01025390625,2075,1.01318359375,-3,-0.18310546875,-4,-0.244140625,10,0.6103515625,-2894,4981,13280,-234,-1.285400390625,-19,-0.1043701171875,25256,138.7353515625,410,4.1
4207,152021,2349030,1.736,0,0,0.0,-19,-0.00927734375,2098,1.0244140625,-3,-0.18310546875,-14,-0.8544921875,5,0.30517578125,-8289,-3975,210,-191,-1.0491943359375,6,0.032958984375,-20943,-115.0433349609375,405,4.05
4214,152275,2349036,1.739,1,-9,-0.00439453125,-16,-0.0078125,2060,1.005859375,1,0.06103515625,-15,-0.91552734375,-1,-0.06103515625,-1410,-5280,-4139,-454,-2.493896484375,-507,-2.7850341796875,-6633,-36.4361572265625,407,4.07
4215,152307,2349036,1.739,2,6,0.0029296875,-21,-0.01025390625,2076,1.013671875,-3,-0.18310546875,-4,-0.244140625,9,0.54931640625,-2884,4990,13298,-234,-1.285400390625,-19,-0.1043701171875,25256,138.7353515625,410,4.1
4228,152783,2349048,1.745,0,-1,-0.00048828125,-19,-0.00927734375,2099,1.02490234375,-5,-0.30517578125,-13,-0.79345703125,5,0.30517578125,-8306,-3957,252,-191,-1.0491943359375,6,0.032958984375,-20943,-115.0433349609375,405,4.05
4229,152815,2349048,1.745,1,-7,-0.00341796875,-17,-0.00830078125,2059,1.00537109375,0,0.0,-13,-0.79345703125,-2,-0.1220703125,-1367,-5287,-4191,-452,-2.48291015625,-504,-2.7685546875,-6633,-36.4361572265625,407,4.07
4231,152884,2349049,1.7455,2,6,0.0029296875,-21,-0.01025390625,2076,1.013671875,-3,-0.18310546875,-4,-0.244140625,10,0.6103515625,-2879,4980,13312,-234,-1.285400390625,-19,-0.1043701171875,25256,138.7353515625,410,4.1
4242,153286,2349059,1.7505,0,-1,-0.00048828125,-18,-0.0087890625,2104,1.02734375,-5,-0.30517578125,-13,-0.79345703125,4,0.244140625,-8303,-3958,259,-191,-1.0491943359375,6,0.032958984375,-20943,-115.0433349609375,405,4.05
4244,153355,2349060,1.751,1,-10,-0.0048828125,-16,-0.0078125,2067,1.00927734375,-4,-0.244140625,-14,-0.8544921875,0,0.0,-1385,-5286,-4170,-452,-2.48291015625,-504,-2.7685546875,-6633,-36.4361572265625,407,4.07
4247,153461,2349062,1.752,2,5,0.00244140625,-21,-0.01025390625,2077,1.01416015625,-3,-0.18310546875,-4,-0.244140625,10,0.6103515625,-2862,4991,13292,-234,-1.285400390625,-19,-0.1043701171875,25256,138.7353515625,410,4.1
4258,153863,2349072,1.757,0,-2,-0.0009765625,-17,-0.00830078125,2100,1.025390625,-6,-0.3662109375,-15,-0.91552734375,5,0.30517578125,-8299,-3968,258,-191,-1.0491943359375,6,0.032958984375,-20943,-115.0433349609375,405,4.05
4261,153969,2349074,1.758,1,-8,-0.00390625,-17,-0.00830078125,2060,1.005859375,-2,-0.1220703125,-14,-0.8544921875,0,0.0,-1389,-5281,-4128,-452,-2.48291015625,-504,-2.7685546875,-6633,-36.4361572265625,407,4.07
4264,154075,2349076,1.759,2,5,0.00244140625,-20,-0.009765625,2078,1.0146484375,-3,-0.18310546875,-4,-0.244140625,10,0.6103515625,-2859,4999,13291,-234,-1.285400390625,-19,-0.1043701171875,25256,138.7353515625,410,4.1
4275,154477,2349086,1.764,0,1,0.00048828125,-22,-0.0107421875,2101,1.02587890625,-6,-0.3662109375,-14,-0.8544921875,6,0.3662109375,-8310,-3971,268,-191,-1.0491943359375,6,0.032958984375,-20943,-115.0433349609375,406,4.06
4278,154583,2349088,1.765,1,-7,-0.00341796875,-20,-0.009765625,2059,1.00537109375,0,0.0,-14,-0.8544921875,-1,-0.06103515625,-1401,-5269,-4150,-450,-2.471923828125,-501,-2.7520751953125,-6633,-36.4361572265625,407,4.07
4285,154837,2349094,1.768,2,5,0.00244140625,-20,-0.009765625,2076,1.013671875,-2,-0.1220703125,-4,-0.244140625,9,0.54931640625,-2850,4980,13290,-234,-1.285400390625,-19,-0.1043701171875,25256,138.7353515625,410,4.1
4292,155091,2349100,1.771,0,1,0.00048828125,-22,-0.0107421875,2101,1.02587890625,-6,-0.3662109375,-14,-0.8544921875,6,0.3662109375,-8310,-3971,268,-191,-1.0491943359375,6,0.032958984375,-20943,-115.0433349609375,406,4.06
4299,155345,2349106,1.774,1,-8,-0.00390625,-15,-0.00732421875,2054,1.0029296875,0,0.0,-16,-0.9765625,-2,-0.1220703125,-1406,-5259,-4134,-450,-2.471923828125,-501,-2.7520751953125,-6633,-36.4361572265625,407,4.07
4300,155377,2349106,1.774,2,5,0.00244140625,-20,-0.009765625,2076,1.013671875,-3,-0.18310546875,-4,-0.244140625,9,0.54931640625,-2848,4979,13283,-234,-1.285400390625,-19,-0.1043701171875,25256,138.7353515625,410,4.1
4313,155853,2349118,1.78,0,-1,-0.00048828125,-19,-0.00927734375,2102,1.0263671875,-7,-0.42724609375,-14,-0.8544921875,5,0.30517578125,-8341,-3915,270,-191,-1.0491943359375,6,0.032958984375,-20944,-115.048828125,406,4.06
4314,155885,2349118,1.78,1,-12,-0.005859375,-19,-0.00927734375,2053,1.00244140625,-5,-0.30517578125,-15,-0.91552734375,-2,-0.1220703125,-1391,-5262,-4161,-448,-2.4609375,-498,-2.735595703125,-6633,-36.4361572265625,407,4.07
4315,155917,2349118,1.78,2,5,0.00244140625,-21,-0.01025390625,2076,1.013671875,-3,-0.18310546875,-4,-0.244140625,10,0.6103515625,-2842,4968,13226,-234,-1.285400390625,-19,-0.1043701171875,25256,138.7353515625,410,4.1
4327,156356,2349129,1.7855,0,0,0.0,-19,-0.00927734375,2102,1.0263671875,-6,-0.3662109375,-13,-0.79345703125,4,0.244140625,-8346,-3933,239,-191,-1.0491943359375,6,0.032958984375,-20944,-115.048828125,406,4.06
4329,156425,2349130,1.786,1,-7,-0.00341796875,-19,-0.00927734375,2060,1.005859375,0,0.0,-15,-0.91552734375,-2,-0.1220703125,-1381,-5258,-4180,-448,-2.4609375,-498,-2.735595703125,-6633,-36.4361572265625,407,4.07
4332,156531,2349132,1.787,2,5,0.00244140625,-21,-0.01025390625,2076,1.013671875,-2,-0.1220703125,-4,-0.244140625,10,0.6103515625,-2853,4975,13248,-234,-1.285400390625,-19,-0.1043701171875,25256,138.7353515625,410,4.1
4343,156933,2349142,1.792,0,-6,-0.0029296875,-19,-0.00927734375,2094,1.0224609375,-6,-0.3662109375,-15,-0.91552734375,6,0.3662109375,-8334,-3925,209,-191,-1.0491943359375,6,0.032958984375,-20944,-115.048828125,406,4.06
4346,157039,2349144,1.793,1,-9,-0.00439453125,-20,-0.009765625,2059,1.00537109375,0,0.0,-13,-0.79345703125,0,0.0,-1371,-5254,-4197,-448,-2.4609375,-498,-2.735595703125,-6633,-36.4361572265625,407,4.07
4349,157145,2349146,1.794,2,6,0.0029296875,-21,-0.01025390625,2077,1.01416015625,-3,-0.18310546875,-4,-0.244140625,10,0.6103515625,-2875,5007,13268,-234,-1.285400390625,-19,-0.1043701171875,25256,138.7353515625,410,4.1
4360,157547,2349156,1.799,0,-1,-0.00048828125,-22,-0.0107421875,2101,1.02587890625,-6,-0.3662109375,-15,-0.91552734375,3,0.18310546875,-8316,-3902,195,-191,-1.0491943359375,6,0.032958984375,-20944,-115.048828125,406,4.06
4363,157653,2349158,1.8,1,-8,-0.00390625,-18,-0.0087890625,2062,1.0068359375,-1,-0.06103515625,-12,-0.732421875,-1,-0.06103515625,-1378,-5243,-4177,-446,-2.449951171875,-495,-2.7191162109375,-6633,-36.4361572265625,407,4.07
4370,157907,2349164,1.803,2,6,0.0029296875,-22,-0.0107421875,2076,1.013671875,-3,-0.18310546875,-4,-0.244140625,10,0.6103515625,-2853,4993,13263,-234,-1.285400390625,-19,-0.1043701171875,25256,138.7353515625,410,4.1
4377,158161,2349170,1.806,0,-1,-0.00048828125,-22,-0.0107421875,2101,1.02587890625,-6,-0.3662109375,-15,-0.91552734375,3,0.18310546875,-8316,-3902,195,-191,-1.0491943359375,6,0.032958984375,-20944,-115.048828125,406,4.06
4384,158415,2349176,1.809,1,-9,-0.00439453125,-20,-0.009765625,2056,1.00390625,-4,-0.244140625,-13,-0.79345703125,-3,-0.18310546875,-1390,-5266,-4185,-446,-2.449951171875,-495,-2.7191162109375,-6633,-36.4361572265625,407,4.07
4385,158447,2349176,1.809,2,5,0.00244140625,-22,-0.0107421875,2076,1.013671875,-3,-0.18310546875,-4,-0.244140625,10,0.6103515625,-2845,4978,13289,-234,-1.285400390625,-19,-0.1043701171875,25256,138.7353515625,409,4.09
4398,158923,2349188,1.815,0,3,0.00146484375,-19,-0.00927734375,2099,1.02490234375,-6,-0.3662109375,-16,-0.9765625,5,0.30517578125,-8303,-3896,151,-191,-1.0491943359375,6,0.032958984375,-20944,-115.048828125,406,4.06
4399,158955,2349188,1.815,1,-8,-0.00390625,-19,-0.00927734375,2062,1.0068359375,-2,-0.1220703125,-15,-0.91552734375,-1,-0.06103515625,-1347,-5285,-4172,-446,-2.449951171875,-495,-2.7191162109375,-6633,-36.4361572265625,407,4.07
4400,158987,2349188,1.815,2,6,0.0029296875,-21,-0.01025390625,2077,1.01416015625,-3,-0.18310546875,-4,-0.244140625,10,0.6103515625,-2868,4986,13298,-234,-1.285400390625,-19,-0.1043701171875,25256,138.7353515625,409,4.09
4412,159426,2349199,1.8205,0,0,0.0,-19,-0.00927734375,2098,1.0244140625,-6,-0.3662109375,-13,-0.79345703125,5,0.30517578125,-8301,-3918,154,-191,-1.0491943359375,6,0.032958984375,-20944,-115.048828125,406,4.06
4414,159495,2349200,1.821,1,-7,-0.00341796875,-16,-0.0078125,2059,1.00537109375,-1,-0.06103515625,-12,-0.732421875,-4,-0.244140625,-1367,-5287,-4147,-444,-2.43896484375,-492,-2.70263671875,-6633,-36.4361572265625,407,4.07
4417,159601,2349202,1.822,2,6,0.0029296875,-21,-0.01025390625,2076,1.013671875,-3,-0.18310546875,-4,-0.244140625,10,0.6103515625,-2874,4988,13315,-234,-1.285400390625,-19,-0.1043701171875,25256,138.7353515625,409,4.09
4428,160003,2349212,1.827,0,-5,-0.00244140625,-20,-0.009765625,2093,1.02197265625,-5,-0.30517578125,-15,-0.91552734375,5,0.30517578125,-8313,-3908,171,-191,-1.0491943359375,6,0.032958984375,-20944,-115.048828125,406,4.06
4431,160109,2349214,1.828,1,-9,-0.00439453125,-17,-0.00830078125,2056,1.00390625,0,0.0,-14,-0.8544921875,-1,-0.06103515625,-1368,-5297,-4161,-444,-2.43896484375,-492,-2.70263671875,-6633,-36.4361572265625,407,4.07
4434,160215,2349216,1.829,2,5,0.00244140625,-22,-0.0107421875,2076,1.013671875,-2,-0.1220703125,-4,-0.244140625,10,0.6103515625,-2850,4980,13288,-234,-1.285400390625,-19,-0.1043701171875,25256,138.7353515625,409,4.09
4445,160617,2349226,1.834,0,0,0.0,-18,-0.0087890625,2105,1.02783203125,-7,-0.42724609375,-14,-0.8544921875,3,0.18310546875,-8325,-3888,175,-191,-1.0491943359375,6,0.032958984375,-20944,-115.048828125,406,4.06
4450,160797,2349230,1.836,2,5,0.00244140625,-23,-0.01123046875,2075,1.01318359375,-3,-0.18310546875,-4,-0.244140625,9,0.54931640625,-2868,4972,13305,-234,-1.285400390625,-19,-0.1043701171875,25256,138.7353515625,409,4.09
4461,161199,2349240,1.841,0,3,0.00146484375,-22,-0.0107421875,2099,1.02490234375,-6,-0.3662109375,-15,-0.91552734375,6,0.3662109375,-8331,-3892,162,-191,-1.0491943359375,6,0.032958984375,-20944,-115.048828125,406,4.06
4464,161305,2349242,1.842,1,-7,-0.00341796875,-20,-0.009765625,2061,1.00634765625,2,0.1220703125,-13,-0.79345703125,-1,-0.06103515625,-1394,-5307,-4151,-442,-2.427978515625,-489,-2.6861572265625,-6633,-36.4361572265625,407,4.07
4469,161485,2349246,1.844,2,5,0.00244140625,-21,-0.01025390625,2075,1.01318359375,-3,-0.18310546875,-4,-0.244140625,10,0.6103515625,-2881,4963,13289,-234,-1.285400390625,-19,-0.1043701171875,25256,138.7353515625,409,4.09
4478,161813,2349254,1.848,0,-2,-0.0009765625,-23,-0.01123046875,2101,1.02587890625,-8,-0.48828125,-16,-0.9765625,4,0.244140625,-8366,-3874,161,-191,-1.0491943359375,6,0.032958984375,-20944,-115.048828125,406,4.06
4483,161993,2349258,1.85,1,-11,-0.00537109375,-17,-0.00830078125,2063,1.00732421875,-4,-0.244140625,-13,-0.79345703125,-1,-0.06103515625,-1409,-5309,-4149,-442,-2.427978515625,-489,-2.6861572265625,-6633,-36.4361572265625,407,4.07
4484,162025,2349258,1.85,2,5,0.00244140625,-20,-0.009765625,2076,1.013671875,-2,-0.1220703125,-4,-0.244140625,9,0.54931640625,-2881,4975,13274,-234,-1.285400390625,-19,-0.1043701171875,25256,138.7353515625,409,4.09
4497,162501,2349270,1.856,0,-2,-0.0009765625,-20,-0.009765625,2096,1.0234375,-5,-0.30517578125,-13,-0.79345703125,5,0.30517578125,-8358,-3883,159,-191,-1.0491943359375,6,0.032958984375,-20944,-115.048828125,406,4.06
4498,162533,2349270,1.856,1,-12,-0.005859375,-18,-0.0087890625,2056,1.00390625,-2,-0.1220703125,-15,-0.91552734375,-3,-0.18310546875,-1398,-5318,-4121,-442,-2.427978515625,-489,-2.6861572265625,-6633,-36.4361572265625,407,4.07
4501,162639,2349272,1.857,2,5,0.00244140625,-20,-0.009765625,2075,1.01318359375,-3,-0.18310546875,-4,-0.244140625,10,0.6103515625,-2871,4998,13246,-234,-1.285400390625,-19,-0.1043701171875,25256,138.7353515625,409,4.09
4514,163115,2349284,1.863,1,-8,-0.00390625,-13,-0.00634765625,2058,1.0048828125,-3,-0.18310546875,-14,-0.8544921875,-3,-0.18310546875,-1399,-5320,-4120,-440,-2.4169921875,-486,-2.669677734375,-6633,-36.4361572265625,407,4.07
4517,163221,2349286,1.864,2,5,0.00244140625,-20,-0.009765625,2075,1.01318359375,-2,-0.1220703125,-4,-0.244140625,9,0.54931640625,-2882,5008,13229,-234,-1.285400390625,-19,-0.1043701171875,25256,138.7353515625,409,4.09
4528,163623,2349296,1.869,0,0,0.0,-19,-0.00927734375,2100,1.025390625,-5,-0.30517578125,-14,-0.8544921875,5,0.30517578125,-8350,-3905,214,-191,-1.0491943359375,6,0.032958984375,-20944,-115.048828125,406,4.06
4531,163729,2349298,1.87,1,-8,-0.00390625,-17,-0.00830078125,2064,1.0078125,-2,-0.1220703125,-15,-0.91552734375,-1,-0.06103515625,-1400,-5283,-4140,-440,-2.4169921875,-486,-2.669677734375,-6633,-36.4361572265625,408,4.08
4534,163835,2349300,1.871,2,5,0.00244140625,-20,-0.009765625,2075,1.01318359375,-3,-0.18310546875,-4,-0.244140625,9,0.54931640625,-2864,5007,13238,-234,-1.285400390625,-19,-0.1043701171875,25256,138.7353515625,409,4.09
4545,164237,2349310,1.876,0,-2,-0.0009765625,-20,-0.009765625,2103,1.02685546875,-7,-0.42724609375,-16,-0.9765625,4,0.244140625,-8365,-3915,177,-191,-1.0491943359375,6,0.032958984375,-20944,-115.048828125,406,4.06
4548,164343,2349312,1.877,1,-11,-0.00537109375,-16,-0.0078125,2060,1.005859375,2,0.1220703125,-14,-0.8544921875,-3,-0.18310546875,-1368,-5280,-4162,-440,-2.4169921875,-486,-2.669677734375,-6633,-36.4361572265625,408,4.08
4554,164560,2349317,1.8795,2,5,0.00244140625,-20,-0.009765625,2076,1.013671875,-3,-0.18310546875,-3,-0.18310546875,10,0.6103515625,-2857,5000,13236,-234,-1.285400390625,-19,-0.1043701171875,25256,138.7353515625,409,4.09
4562,164851,2349324,1.883,0,-1,-0.00048828125,-24,-0.01171875,2097,1.02392578125,-7,-0.42724609375,-14,-0.8544921875,6,0.3662109375,-8358,-3920,124,-191,-1.0491943359375,6,0.032958984375,-20944,-115.048828125,406,4.06
4568,165068,2349329,1.8855,1,-8,-0.00390625,-19,-0.00927734375,2062,1.0068359375,-3,-0.18310546875,-16,-0.9765625,-2,-0.1220703125,-1347,-5283,-4160,-438,-2.406005859375,-483,-2.6531982421875,-6633,-36.4361572265625,408,4.08
4569,165100,2349329,1.8855,2,5,0.00244140625,-20,-0.009765625,2076,1.013671875,-3,-0.18310546875,-4,-0.244140625,10,0.6103515625,-2860,5004,13286,-234,-1.285400390625,-19,-0.1043701171875,25256,138.7353515625,409,4.09
4582,165576,2349341,1.8915,0,0,0.0,-17,-0.00830078125,2098,1.0244140625,-7,-0.42724609375,-16,-0.9765625,4,0.244140625,-8344,-3919,144,-191,-1.0491943359375,6,0.032958984375,-20944,-115.048828125,406,4.06
4583,165608,2349341,1.8915,1,-9,-0.00439453125,-17,-0.00830078125,2057,1.00439453125,-3,-0.18310546875,-16,-0.9765625,-1,-0.06103515625,-1319,-5292,-4145,-438,-2.406005859375,-483,-2.6531982421875,-6633,-36.4361572265625,408,4.08
4585,165677,2349342,1.892,2,5,0.00244140625,-21,-0.01025390625,2075,1.01318359375,-3,-0.18310546875,-5,-0.30517578125,10,0.6103515625,-2861,5007,13265,-234,-1.285400390625,-19,-0.1043701171875,25256,138.7353515625,409,4.09
4596,166079,2349352,1.897,0,0,0.0,-17,-0.00830078125,2098,1.0244140625,-7,-0.42724609375,-16,-0.9765625,4,0.244140625,-8344,-3919,144,-191,-1.0491943359375,6,0.032958984375,-20944,-115.048828125,406,4.06
4599,166185,2349354,1.898,1,-10,-0.0048828125,-20,-0.009765625,2060,1.005859375,0,0.0,-14,-0.8544921875,-1,-0.06103515625,-1306,-5283,-4130,-438,-2.406005859375,-483,-2.6531982421875,-6633,-36.4361572265625,408,4.08
4602,166291,2349356,1.899,2,5,0.00244140625,-21,-0.01025390625,2075,1.01318359375,-3,-0.18310546875,-4,-0.244140625,10,0.6103515625,-2869,5015,13267,-234,-1.285400390625,-19,-0.1043701171875,25256,138.7353515625,409,4.09
4613,166693,2349366,1.904,0,-1,-0.00048828125,-17,-0.00830078125,2100,1.025390625,-6,-0.3662109375,-14,-0.8544921875,4,0.244140625,-8308,-3883,168,-191,-1.0491943359375,6,0.032958984375,-20944,-115.048828125,406,4.06
4616,166799,2349368,1.905,1,-9,-0.00439453125,-17,-0.00830078125,2062,1.0068359375,-4,-0.244140625,-16,-0.9765625,-2,-0.1220703125,-1284,-5295,-4137,-436,-2.39501953125,-480,-2.63671875,-6633,-36.4361572265625,408,4.08
4619,166905,2349370,1.906,2,5,0.00244140625,-22,-0.0107421875,2075,1.01318359375,-3,-0.18310546875,-4,-0.244140625,10,0.6103515625,-2871,5005,13257,-234,-1.285400390625,-19,-0.1043701171875,25256,138.7353515625,409,4.09
4630,167307,2349380,1.911,0,-3,-0.00146484375,-21,-0.01025390625,2097,1.02392578125,-3,-0.18310546875,-13,-0.79345703125,5,0.30517578125,-8320,-3883,120,-191,-1.0491943359375,6,0.032958984375,-20944,-115.048828125,406,4.06
4633,167413,2349382,1.912,1,-9,-0.00439453125,-16,-0.0078125,2055,1.00341796875,-2,-0.1220703125,-14,-0.8544921875,-2,-0.1220703125,-1271,-5321,-4142,-436,-2.39501953125,-480,-2.63671875,-6633,-36.4361572265625,408,4.08
4639,167630,2349387,1.9145,2,5,0.00244140625,-21,-0.01025390625,2076,1.013671875,-3,-0.18310546875,-5,-0.30517578125,9,0.54931640625,-2862,4996,13272,-234,-1.285400390625,-19,-0.1043701171875,25256,138.7353515625,409,4.09
4647,167921,2349394,1.918,0,-2,-0.0009765625,-18,-0.0087890625,2099,1.02490234375,-6,-0.3662109375,-15,-0.91552734375,4,0.244140625,-8333,-3897,168,-191,-1.0491943359375,6,0.032958984375,-20944,-115.048828125,405,4.05
4653,168138,2349399,1.9205,1,-8,-0.00390625,-15,-0.00732421875,2059,1.00537109375,-3,-0.18310546875,-14,-0.8544921875,-2,-0.1220703125,-1288,-5321,-4156,-436,-2.39501953125,-480,-2.63671875,-6633,-36.4361572265625,408,4.08
4654,168170,2349399,1.9205,2,5,0.00244140625,-21,-0.01025390625,2076,1.013671875,-3,-0.18310546875,-4,-0.244140625,9,0.54931640625,-2855,4992,13229,-234,-1.285400390625,-19,-0.1043701171875,25256,138.7353515625,409,4.09
4667,168646,2349411,1.9265,0,1,0.00048828125,-20,-0.009765625,2105,1.02783203125,-4,-0.244140625,-13,-0.79345703125,4,0.244140625,-8309,-3890,165,-191,-1.0491943359375,6,0.032958984375,-20944,-115.048828125,405,4.05
4668,168678,2349411,1.9265,1,-8,-0.00390625,-14,-0.0068359375,2055,1.00341796875,-1,-0.06103515625,-13,-0.79345703125,-3,-0.18310546875,-1298,-5333,-4182,-434,-2.384033203125,-477,-2.6202392578125,-6633,-36.4361572265625,408,4.08
4670,168747,2349412,1.927,2,5,0.00244140625,-21,-0.01025390625,2077,1.01416015625,-3,-0.18310546875,-5,-0.30517578125,10,0.6103515625,-2830,4999,13269,-234,-1.285400390625,-19,-0.1043701171875,25256,138.7353515625,409,4.09
4681,169149,2349422,1.932,0,1,0.00048828125,-20,-0.009765625,2105,1.02783203125,-4,-0.244140625,-13,-0.79345703125,4,0.244140625,-8309,-3890,165,-191,-1.0491943359375,6,0.032958984375,-20944,-115.048828125,405,4.05
4684,169255,2349424,1.933,1,-9,-0.00439453125,-18,-0.0087890625,2063,1.00732421875,-3,-0.18310546875,-11,-0.67138671875,-2,-0.1220703125,-1308,-5327,-4178,-434,-2.384033203125,-477,-2.6202392578125,-6633,-36.4361572265625,408,4.08
4687,169361,2349426,1.934,2,6,0.0029296875,-21,-0.01025390625,2077,1.01416015625,-3,-0.18310546875,-4,-0.244140625,9,0.54931640625,-2826,4994,13265,-234,-1.285400390625,-19,-0.1043701171875,25256,138.7353515625,409,4.09
4698,169763,2349436,1.939,0,-1,-0.00048828125,-20,-0.009765625,2101,1.02587890625,-3,-0.18310546875,-14,-0.8544921875,8,0.48828125,-8314,-3918,159,-191,-1.0491943359375,6,0.032958984375,-20944,-115.048828125,405,4.05
4701,169869,2349438,1.94,1,-8,-0.00390625,-19,-0.00927734375,2062,1.0068359375,-3,-0.18310546875,-13,-0.79345703125,-1,-0.06103515625,-1292,-5332,-4214,-432,-2.373046875,-474,-2.603759765625,-6633,-36.4361572265625,408,4.08
4704,169975,2349440,1.941,2,6,0.0029296875,-21,-0.01025390625,2077,1.01416015625,-2,-0.1220703125,-4,-0.244140625,9,0.54931640625,-2843,4963,13281,-234,-1.285400390625,-19,-0.1043701171875,25256,138.7353515625,409,4.09
4715,170377,2349450,1.946,0,-3,-0.00146484375,-21,-0.01025390625,2102,1.0263671875,-6,-0.3662109375,-15,-0.91552734375,5,0.30517578125,-8306,-3917,109,-191,-1.0491943359375,6,0.032958984375,-20944,-115.048828125,404,4.04
4718,170483,2349452,1.947,1,-5,-0.00244140625,-19,-0.00927734375,2059,1.00537109375,-1,-0.06103515625,-14,-0.8544921875,-1,-0.06103515625,-1269,-5351,-4217,-432,-2.373046875,-474,-2.603759765625,-6633,-36.4361572265625,408,4.08
4724,170700,2349457,1.9495,2,6,0.0029296875,-21,-0.01025390625,2076,1.013671875,-3,-0.18310546875,-4,-0.244140625,10,0.6103515625,-2882,4984,13244,-234,-1.285400390625,-19,-0.1043701171875,25256,138.7353515625,409,4.09
4732,170991,2349464,1.953,0,-1,-0.00048828125,-20,-0.009765625,2099,1.02490234375,-7,-0.42724609375,-15,-0.91552734375,6,0.3662109375,-8283,-3923,109,-191,-1.0491943359375,6,0.032958984375,-20944,-115.048828125,404,4.04
4738,171208,2349469,1.9555,1,-8,-0.00390625,-19,-0.00927734375,2055,1.00341796875,-2,-0.1220703125,-16,-0.9765625,-1,-0.06103515625,-1282,-5333,-4209,-432,-2.373046875,-474,-2.603759765625,-6633,-36.4361572265625,409,4.09
4739,171240,2349469,1.9555,2,6,0.0029296875,-21,-0.01025390625,2075,1.01318359375,-3,-0.18310546875,-4,-0.244140625,10,0.6103515625,-2896,4956,13254,-234,-1.285400390625,-19,-0.1043701171875,25256,138.7353515625,409,4.09
4752,171716,2349481,1.9615,0,-4,-0.001953125,-22,-0.0107421875,2097,1.02392578125,-6,-0.3662109375,-15,-0.91552734375,5,0.30517578125,-8272,-3910,112,-191,-1.0491943359375,6,0.032958984375,-20944,-115.048828125,404,4.04
4753,171748,2349481,1.9615,1,-12,-0.005859375,-15,-0.00732421875,2060,1.005859375,-2,-0.1220703125,-15,-0.91552734375,0,0.0,-1304,-5344,-4190,-431,-2.3675537109375,-471,-2.5872802734375,-6633,-36.4361572265625,409,4.09
4755,171817,2349482,1.962,2,6,0.0029296875,-21,-0.01025390625,2075,1.01318359375,-3,-0.18310546875,-4,-0.244140625,10,0.6103515625,-2881,4975,13278,-234,-1.285400390625,-19,-0.1043701171875,25256,138.7353515625,409,4.09
4766,172219,2349492,1.967,0,-1,-0.00048828125,-18,-0.0087890625,2104,1.02734375,-7,-0.42724609375,-15,-0.91552734375,4,0.244140625,-8280,-3914,100,-191,-1.0491943359375,6,0.032958984375,-20944,-115.048828125,404,4.04
4769,172325,2349494,1.968,1,-7,-0.00341796875,-19,-0.00927734375,2062,1.0068359375,-4,-0.244140625,-15,-0.91552734375,-3,-0.18310546875,-1297,-5330,-4209,-431,-2.3675537109375,-471,-2.5872802734375,-6633,-36.4361572265625,408,4.08
4772,172431,2349496,1.969,2,6,0.0029296875,-21,-0.01025390625,2076,1.013671875,-3,-0.18310546875,-4,-0.244140625,10,0.6103515625,-2903,4973,13298,-234,-1.285400390625,-19,-0.1043701171875,25256,138.7353515625,409,4.09
4783,172833,2349506,1.974,0,-1,-0.00048828125,-18,-0.0087890625,2099,1.02490234375,-5,-0.30517578125,-15,-0.91552734375,4,0.244140625,-8274,-3939,112,-191,-1.0491943359375,6,0.032958984375,-20944,-115.048828125,404,4.04
4786,172939,2349508,1.975,1,-8,-0.00390625,-18,-0.0087890625,2057,1.00439453125,-2,-0.1220703125,-14,-0.8544921875,-2,-0.1220703125,-1307,-5321,-4241,-431,-2.3675537109375,-471,-2.5872802734375,-6633,-36.4361572265625,408,4.08
4789,173045,2349510,1.976,2,5,0.00244140625,-21,-0.01025390625,2076,1.013671875,-3,-0.18310546875,-4,-0.244140625,9,0.54931640625,-2906,4982,13246,-234,-1.285400390625,-19,-0.1043701171875,25256,138.7353515625,409,4.09
4800,173447,2349520,1.981,0,-1,-0.00048828125,-18,-0.0087890625,2100,1.025390625,-5,-0.30517578125,-13,-0.79345703125,4,0.244140625,-8284,-3932,126,-191,-1.0491943359375,6,0.032958984375,-20944,-115.048828125,404,4.04
4803,173553,2349522,1.982,1,-9,-0.00439453125,-17,-0.00830078125,2061,1.00634765625,1,0.06103515625,-17,-1.03759765625,-4,-0.244140625,-1351,-5322,-4216,-429,-2.3565673828125,-468,-2.57080078125,-6633,-36.4361572265625,408,4.08
4809,173770,2349527,1.9845,2,5,0.00244140625,-21,-0.01025390625,2077,1.01416015625,-3,-0.18310546875,-4,-0.244140625,10,0.6103515625,-2917,4961,13260,-234,-1.285400390625,-19,-0.1043701171875,25256,138.7353515625,408,4.08
4817,174061,2349534,1.988,0,0,0.0,-21,-0.01025390625,2100,1.025390625,-8,-0.48828125,-13,-0.79345703125,6,0.3662109375,-8275,-3926,148,-191,-1.0491943359375,6,0.032958984375,-20944,-115.048828125,404,4.04
4823,174278,2349539,1.9905,1,-9,-0.00439453125,-16,-0.0078125,2055,1.00341796875,-3,-0.18310546875,-13,-0.79345703125,-5,-0.30517578125,-1390,-5310,-4192,-429,-2.3565673828125,-468,-2.57080078125,-6633,-36.4361572265625,407,4.07
4824,174310,2349539,1.9905,2,5,0.00244140625,-21,-0.01025390625,2076,1.013671875,-3,-0.18310546875,-4,-0.244140625,10,0.6103515625,-2901,4958,13292,-234,-1.285400390625,-19,-0.1043701171875,25256,138.7353515625,408,4.08
4837,174786,2349551,1.9965,0,-1,-0.00048828125,-19,-0.00927734375,2100,1.025390625,-6,-0.3662109375,-15,-0.91552734375,4,0.244140625,-8285,-3942,142,-191,-1.0491943359375,6,0.032958984375,-20944,-115.048828125,404,4.04
4838,174818,2349551,1.9965,1,-11,-0.00537109375,-17,-0.00830078125,2059,1.00537109375,-4,-0.244140625,-16,-0.9765625,0,0.0,-1426,-5294,-4188,-429,-2.3565673828125,-468,-2.57080078125,-6633,-36.4361572265625,407,4.07
4840,174887,2349552,1.997,2,5,0.00244140625,-22,-0.0107421875,2076,1.013671875,-3,-0.18310546875,-4,-0.244140625,10,0.6103515625,-2896,4962,13313,-234,-1.285400390625,-19,-0.1043701171875,25256,138.7353515625,408,4.08
4851,175289,2349562,2.002,0,-2,-0.0009765625,-21,-0.01025390625,2102,1.0263671875,-4,-0.244140625,-15,-0.91552734375,4,0.244140625,-8310,-3936,132,-191,-1.0491943359375,6,0.032958984375,-20944,-115.048828125,404,4.04
4854,175395,2349564,2.003,1,-8,-0.00390625,-23,-0.01123046875,2061,1.00634765625,-2,-0.1220703125,-15,-0.91552734375,-2,-0.1220703125,-1437,-5297,-4173,-427,-2.3455810546875,-466,-2.559814453125,-6633,-36.4361572265625,407,4.07
4857,175501,2349566,2.004,2,6,0.0029296875,-21,-0.01025390625,2075,1.01318359375,-3,-0.18310546875,-4,-0.244140625,10,0.6103515625,-2872,4938,13285,-234,-1.285400390625,-19,-0.1043701171875,25256,138.7353515625,408,4.08
4868,175903,2349576,2.009,0,-1,-0.00048828125,-20,-0.009765625,2098,1.0244140625,-6,-0.3662109375,-14,-0.8544921875,4,0.244140625,-8316,-3958,142,-191,-1.0491943359375,6,0.032958984375,-20944,-115.048828125,403,4.03
4871,176009,2349578,2.01,1,-7,-0.00341796875,-21,-0.01025390625,2057,1.00439453125,1,0.06103515625,-14,-0.8544921875,-1,-0.06103515625,-1426,-5293,-4149,-427,-2.3455810546875,-466,-2.559814453125,-6633,-36.4361572265625,407,4.07
4896,176929,2349602,2.022,2,6,0.0029296875,-21,-0.01025390625,2075,1.01318359375,-2,-0.1220703125,-4,-0.244140625,10,0.6103515625,-2879,4945,13264,-234,-1.285400390625,-19,-0.1043701171875,25256,138.7353515625,407,4.07
4928,178108,2349633,2.0375,0,-2,-0.0009765625,-23,-0.01123046875,2102,1.0263671875,-7,-0.42724609375,-14,-0.8544921875,4,0.244140625,-8296,-3954,142,-191,-1.0491943359375,6,0.032958984375,-20944,-115.048828125,403,4.03
4937,178436,2349641,2.0415,1,-8,-0.00390625,-18,-0.0087890625,2058,1.0048828125,-4,-0.244140625,-13,-0.79345703125,-1,-0.06103515625,-1413,-5284,-4175,-425,-2.3345947265625,-463,-2.5433349609375,-6633,-36.4361572265625,406,4.06
4938,178468,2349641,2.0415,2,5,0.00244140625,-22,-0.0107421875,2076,1.013671875,-3,-0.18310546875,-4,-0.244140625,10,0.6103515625,-2889,4943,13324,-234,-1.285400390625,-19,-0.1043701171875,25256,138.7353515625,407,4.07
4944,178685,2349646,2.044,0,-2,-0.0009765625,-19,-0.00927734375,2094,1.0224609375,-6,-0.3662109375,-12,-0.732421875,6,0.3662109375,-8321,-3961,186,-191,-1.0491943359375,6,0.032958984375,-20944,-115.048828125,403,4.03
4950,178902,2349651,2.0465,1,-9,-0.00439453125,-19,-0.00927734375,2060,1.005859375,-2,-0.1220703125,-14,-0.8544921875,-2,-0.1220703125,-1419,-5282,-4192,-423,-2.3236083984375,-460,-2.52685546875,-6633,-36.4361572265625,406,4.06
4952,178971,2349652,2.047,2,5,0.00244140625,-21,-0.01025390625,2077,1.01416015625,-3,-0.18310546875,-4,-0.244140625,10,0.6103515625,-2872,4972,13336,-234,-1.285400390625,-19,-0.1043701171875,25256,138.7353515625,407,4.07
4964,179410,2349663,2.0525,0,-1,-0.00048828125,-20,-0.009765625,2102,1.0263671875,-6,-0.3662109375,-14,-0.8544921875,7,0.42724609375,-8336,-3945,168,-191,-1.0491943359375,6,0.032958984375,-20944,-115.048828125,403,4.03
4965,179442,2349663,2.0525,1,-10,-0.0048828125,-18,-0.0087890625,2062,1.0068359375,0,0.0,-16,-0.9765625,-2,-0.1220703125,-1387,-5290,-4239,-423,-2.3236083984375,-460,-2.52685546875,-6633,-36.4361572265625,406,4.06
4967,179511,2349664,2.053,2,4,0.001953125,-21,-0.01025390625,2075,1.01318359375,-3,-0.18310546875,-4,-0.244140625,9,0.54931640625,-2863,4954,13365,-234,-1.285400390625,-19,-0.1043701171875,25256,138.7353515625,406,4.06
4978,179913,2349674,2.058,0,-1,-0.00048828125,-20,-0.009765625,2102,1.0263671875,-6,-0.3662109375,-14,-0.8544921875,7,0.42724609375,-8336,-3945,168,-191,-1.0491943359375,6,0.032958984375,-20944,-115.048828125,403,4.03
4981,180019,2349676,2.059,1,-11,-0.00537109375,-16,-0.0078125,2055,1.00341796875,-3,-0.18310546875,-16,-0.9765625,-2,-0.1220703125,-1392,-5293,-4211,-423,-2.3236083984375,-460,-2.52685546875,-6633,-36.4361572265625,406,4.06
4984,180125,2349678,2.06,2,4,0.001953125,-20,-0.009765625,2075,1.01318359375,-3,-0.18310546875,-4,-0.244140625,9,0.54931640625,-2849,4961,13343,-234,-1.285400390625,-19,-0.1043701171875,25256,138.7353515625,406,4.06
4995,180527,2349688,2.065,0,0,0.0,-21,-0.01025390625,2102,1.0263671875,-8,-0.48828125,-13,-0.79345703125,6,0.3662109375,-8343,-3930,130,-191,-1.0491943359375,6,0.032958984375,-20944,-115.048828125,403,4.03
4998,180633,2349690,2.066,1,-6,-0.0029296875,-19,-0.00927734375,2058,1.0048828125,-6,-0.3662109375,-14,-0.8544921875,-1,-0.06103515625,-1390,-5271,-4271,-421,-2.3126220703125,-457,-2.5103759765625,-6633,-36.4361572265625,406,4.06
5001,180739,2349692,2.067,2,4,0.001953125,-20,-0.009765625,2075,1.01318359375,-3,-0.18310546875,-4,-0.244140625,9,0.54931640625,-2875,4956,13343,-234,-1.285400390625,-19,-0.1043701171875,25256,138.7353515625,406,4.06
5012,181141,2349702,2.072,0,-2,-0.0009765625,-18,-0.0087890625,2099,1.02490234375,-6,-0.3662109375,-14,-0.8544921875,5,0.30517578125,-8327,-3939,165,-191,-1.0491943359375,6,0.032958984375,-20944,-115.048828125,403,4.03
5015,181247,2349704,2.073,1,-6,-0.0029296875,-18,-0.0087890625,2061,1.00634765625,-2,-0.1220703125,-14,-0.8544921875,-1,-0.06103515625,-1358,-5263,-4259,-421,-2.3126220703125,-457,-2.5103759765625,-6633,-36.4361572265625,406,4.06
5021,181464,2349709,2.0755,2,5,0.00244140625,-20,-0.009765625,2075,1.01318359375,-2,-0.1220703125,-4,-0.244140625,9,0.54931640625,-2899,4965,13334,-234,-1.285400390625,-19,-0.1043701171875,25256,138.7353515625,406,4.06
5029,181755,2349716,2.079,0,-1,-0.00048828125,-16,-0.0078125,2096,1.0234375,-6,-0.3662109375,-16,-0.9765625,6,0.3662109375,-8312,-3929,127,-191,-1.0491943359375,6,0.032958984375,-20944,-115.048828125,403,4.03
5035,181972,2349721,2.0815,1,-7,-0.00341796875,-16,-0.0078125,2056,1.00390625,-2,-0.1220703125,-14,-0.8544921875,-1,-0.06103515625,-1349,-5245,-4256,-421,-2.3126220703125,-457,-2.5103759765625,-6633,-36.4361572265625,406,4.06
5036,182004,2349721,2.0815,2,5,0.00244140625,-21,-0.01025390625,2075,1.01318359375,-3,-0.18310546875,-4,-0.244140625,10,0.6103515625,-2910,4973,13339,-234,-1.285400390625,-19,-0.1043701171875,25256,138.7353515625,406,4.06
5049,182480,2349733,2.0875,0,0,0.0,-19,-0.00927734375,2100,1.025390625,-6,-0.3662109375,-13,-0.79345703125,6,0.3662109375,-8304,-3915,145,-191,-1.0491943359375,6,0.032958984375,-20944,-115.048828125,403,4.03
5050,182512,2349733,2.0875,1,-9,-0.00439453125,-19,-0.00927734375,2060,1.005859375,-2,-0.1220703125,-15,-0.91552734375,-1,-0.06103515625,-1368,-5218,-4283,-419,-2.3016357421875,-454,-2.493896484375,-6633,-36.4361572265625,406,4.06
5052,182581,2349734,2.088,2,5,0.00244140625,-21,-0.01025390625,2076,1.013671875,-3,-0.18310546875,-4,-0.244140625,10,0.6103515625,-2913,4969,13375,-234,-1.285400390625,-19,-0.1043701171875,25256,138.7353515625,406,4.06
5063,182983,2349744,2.093,0,0,0.0,-19,-0.00927734375,2100,1.025390625,-6,-0.3662109375,-13,-0.79345703125,6,0.3662109375,-8304,-3915,145,-191,-1.0491943359375,6,0.032958984375,-20944,-115.048828125,403,4.03
5066,183089,2349746,2.094,1,-10,-0.0048828125,-17,-0.00830078125,2060,1.005859375,-6,-0.3662109375,-12,-0.732421875,-1,-0.06103515625,-1362,-5221,-4260,-419,-2.3016357421875,-454,-2.493896484375,-6633,-36.4361572265625,406,4.06
5069,183195,2349748,2.095,2,5,0.00244140625,-21,-0.01025390625,2077,1.01416015625,-3,-0.18310546875,-4,-0.244140625,9,0.54931640625,-2940,4962,13370,-234,-1.285400390625,-19,-0.1043701171875,25256,138.7353515625,407,4.07
5080,183597,2349758,2.1,0,0,0.0,-24,-0.01171875,2101,1.02587890625,-5,-0.30517578125,-15,-0.91552734375,5,0.30517578125,-8312,-3937,151,-191,-1.0491943359375,6,0.032958984375,-20944,-115.048828125,403,4.03
5083,183703,2349760,2.101,1,-8,-0.00390625,-17,-0.00830078125,2059,1.00537109375,3,0.18310546875,-14,-0.8544921875,-1,-0.06103515625,-1344,-5237,-4255,-417,-2.2906494140625,-451,-2.4774169921875,-6633,-36.4361572265625,406,4.06
5086,183809,2349762,2.102,2,5,0.00244140625,-21,-0.01025390625,2076,1.013671875,-3,-0.18310546875,-5,-0.30517578125,10,0.6103515625,-2936,4958,13355,-234,-1.285400390625,-19,-0.1043701171875,25256,138.7353515625,407,4.07
5097,184211,2349772,2.107,0,1,0.00048828125,-18,-0.0087890625,2099,1.02490234375,-5,-0.30517578125,-15,-0.91552734375,4,0.244140625,-8313,-3943,153,-191,-1.0491943359375,6,0.032958984375,-20944,-115.048828125,403,4.03
5100,184317,2349774,2.108,1,-10,-0.0048828125,-16,-0.0078125,2060,1.005859375,-2,-0.1220703125,-18,-1.0986328125,0,0.0,-1349,-5244,-4246,-417,-2.2906494140625,-451,-2.4774169921875,-6633,-36.4361572265625,406,4.06
5106,184534,2349779,2.1105,2,5,0.00244140625,-20,-0.009765625,2076,1.013671875,-3,-0.18310546875,-4,-0.244140625,9,0.54931640625,-2932,4951,13339,-234,-1.285400390625,-19,-0.1043701171875,25256,138.7353515625,407,4.07
5114,184825,2349786,2.114,0,-2,-0.0009765625,-21,-0.01025390625,2099,1.02490234375,-4,-0.244140625,-13,-0.79345703125,3,0.18310546875,-8329,-3958,162,-191,-1.0491943359375,6,0.032958984375,-20945,-115.0543212890625,404,4.04
5120,185042,2349791,2.1165,1,-10,-0.0048828125,-20,-0.009765625,2060,1.005859375,-2,-0.1220703125,-13,-0.79345703125,-2,-0.1220703125,-1364,-5254,-4226,-417,-2.2906494140625,-451,-2.4774169921875,-6633,-36.4361572265625,406,4.06
5121,185074,2349791,2.1165,2,4,0.001953125,-21,-0.01025390625,2076,1.013671875,-3,-0.18310546875,-4,-0.244140625,10,0.6103515625,-2922,4947,13297,-234,-1.285400390625,-19,-0.1043701171875,25256,138.7353515625,407,4.07
5134,185550,2349803,2.1225,0,0,0.0,-20,-0.009765625,2101,1.02587890625,-7,-0.42724609375,-13,-0.79345703125,6,0.3662109375,-8329,-3942,150,-191,-1.0491943359375,6,0.032958984375,-20945,-115.0543212890625,404,4.04
5135,185582,2349803,2.1225,1,-10,-0.0048828125,-20,-0.009765625,2064,1.0078125,-4,-0.244140625,-15,-0.91552734375,0,0.0,-1368,-5266,-4231,-416,-2.28515625,-449,-2.4664306640625,-6633,-36.4361572265625,406,4.06
5137,185651,2349804,2.123,2,5,0.00244140625,-21,-0.01025390625,2075,1.01318359375,-3,-0.18310546875,-4,-0.244140625,9,0.54931640625,-2918,4973,13264,-234,-1.285400390625,-19,-0.1043701171875,25256,138.7353515625,407,4.07
5148,186053,2349814,2.128,0,-1,-0.00048828125,-20,-0.009765625,2101,1.02587890625,-6,-0.3662109375,-16,-0.9765625,4,0.244140625,-8327,-3948,137,-191,-1.0491943359375,6,0.032958984375,-20945,-115.0543212890625,404,4.04
5151,186159,2349816,2.129,1,-9,-0.00439453125,-18,-0.0087890625,2059,1.00537109375,-2,-0.1220703125,-13,-0.79345703125,-1,-0.06103515625,-1397,-5260,-4298,-416,-2.28515625,-449,-2.4664306640625,-6633,-36.4361572265625,406,4.06
5154,186265,2349818,2.13,2,5,0.00244140625,-20,-0.009765625,2076,1.013671875,-3,-0.18310546875,-4,-0.244140625,9,0.54931640625,-2907,4991,13222,-234,-1.285400390625,-19,-0.1043701171875,25256,138.7353515625,407,4.07
5165,186667,2349828,2.135,0,2,0.0009765625,-21,-0.01025390625,2099,1.02490234375,-6,-0.3662109375,-15,-0.91552734375,5,0.30517578125,-8330,-3910,110,-191,-1.0491943359375,6,0.032958984375,-20945,-115.0543212890625,404,4.04
5168,186773,2349830,2.136,1,-9,-0.00439453125,-17,-0.00830078125,2058,1.0048828125,1,0.06103515625,-15,-0.91552734375,0,0.0,-1387,-5246,-4279,-416,-2.28515625,-449,-2.4664306640625,-6633,-36.4361572265625,406,4.06
5171,186879,2349832,2.137,2,5,0.00244140625,-20,-0.009765625,2076,1.013671875,-3,-0.18310546875,-4,-0.244140625,9,0.54931640625,-2909,4987,13231,-234,-1.285400390625,-19,-0.1043701171875,25256,138.7353515625,407,4.07
5182,187281,2349842,2.142,0,1,0.00048828125,-19,-0.00927734375,2096,1.0234375,-4,-0.244140625,-14,-0.8544921875,5,0.30517578125,-8338,-3928,107,-191,-1.0491943359375,6,0.032958984375,-20945,-115.0543212890625,405,4.05
5185,187387,2349844,2.143,1,-8,-0.00390625,-16,-0.0078125,2062,1.0068359375,0,0.0,-15,-0.91552734375,-1,-0.06103515625,-1351,-5250,-4275,-414,-2.274169921875,-446,-2.449951171875,-6633,-36.4361572265625,406,4.06
5191,187604,2349849,2.1455,2,6,0.0029296875,-20,-0.009765625,2076,1.013671875,-3,-0.18310546875,-4,-0.244140625,10,0.6103515625,-2904,5004,13236,-234,-1.285400390625,-19,-0.1043701171875,25256,138.7353515625,407,4.07
5199,187895,2349856,2.149,0,0,0.0,-22,-0.0107421875,2101,1.02587890625,-7,-0.42724609375,-15,-0.91552734375,5,0.30517578125,-8327,-3945,199,-191,-1.0491943359375,6,0.032958984375,-20945,-115.0543212890625,405,4.05
5205,188112,2349861,2.1515,1,-6,-0.0029296875,-21,-0.01025390625,2061,1.00634765625,-2,-0.1220703125,-14,-0.8544921875,0,0.0,-1346,-5257,-4271,-414,-2.274169921875,-446,-2.449951171875,-6633,-36.4361572265625,406,4.06
5206,188144,2349861,2.1515,2,5,0.00244140625,-20,-0.009765625,2076,1.013671875,-3,-0.18310546875,-4,-0.244140625,10,0.6103515625,-2894,4997,13250,-234,-1.285400390625,-19,-0.1043701171875,25256,138.7353515625,407,4.07
5219,188620,2349873,2.1575,0,-1,-0.00048828125,-19,-0.00927734375,2103,1.02685546875,-8,-0.48828125,-14,-0.8544921875,6,0.3662109375,-8325,-3938,178,-191,-1.0491943359375,6,0.032958984375,-20945,-115.0543212890625,405,4.05
5220,188652,2349873,2.1575,1,-12,-0.005859375,-16,-0.0078125,2060,1.005859375,-1,-0.06103515625,-11,-0.67138671875,-2,-0.1220703125,-1357,-5261,-4261,-414,-2.274169921875,-446,-2.449951171875,-6633,-36.4361572265625,406,4.06
5222,188721,2349874,2.158,2,5,0.00244140625,-20,-0.009765625,2076,1.013671875,-3,-0.18310546875,-4,-0.244140625,10,0.6103515625,-2891,4989,13245,-234,-1.285400390625,-19,-0.1043701171875,25256,138.7353515625,407,4.07
5233,189123,2349884,2.163,0,0,0.0,-22,-0.0107421875,2103,1.02685546875,-6,-0.3662109375,-16,-0.9765625,4,0.244140625,-8343,-3948,192,-191,-1.0491943359375,6,0.032958984375,-20945,-115.0543212890625,405,4.05
5236,189229,2349886,2.164,1,-7,-0.00341796875,-16,-0.0078125,2057,1.00439453125,-2,-0.1220703125,-13,-0.79345703125,-2,-0.1220703125,-1360,-5279,-4282,-412,-2.26318359375,-443,-2.4334716796875,-6633,-36.4361572265625,406,4.06
5239,189335,2349888,2.165,2,5,0.00244140625,-20,-0.009765625,2076,1.013671875,-3,-0.18310546875,-4,-0.244140625,10,0.6103515625,-2879,5005,13272,-234,-1.285400390625,-19,-0.1043701171875,25256,138.7353515625,407,4.07
5250,189737,2349898,2.17,0,0,0.0,-22,-0.0107421875,2097,1.02392578125,-5,-0.30517578125,-15,-0.91552734375,5,0.30517578125,-8369,-3963,172,-191,-1.0491943359375,6,0.032958984375,-20945,-115.0543212890625,405,4.05
5253,189843,2349900,2.171,1,-12,-0.005859375,-16,-0.0078125,2058,1.0048828125,-1,-0.06103515625,-15,-0.91552734375,1,0.06103515625,-1362,-5269,-4261,-412,-2.26318359375,-443,-2.4334716796875,-6633,-36.4361572265625,406,4.06
5256,189949,2349902,2.172,2,5,0.00244140625,-21,-0.01025390625,2075,1.01318359375,-3,-0.18310546875,-4,-0.244140625,10,0.6103515625,-2870,5025,13301,-234,-1.285400390625,-19,-0.1043701171875,25256,138.7353515625,407,4.07
5267,190351,2349912,2.177,0,0,0.0,-17,-0.00830078125,2098,1.0244140625,-6,-0.3662109375,-17,-1.03759765625,6,0.3662109375,-8357,-3954,180,-191,-1.0491943359375,6,0.032958984375,-20945,-115.0543212890625,405,4.05
5270,190457,2349914,2.178,1,-10,-0.0048828125,-16,-0.0078125,2056,1.00390625,0,0.0,-15,-0.91552734375,-3,-0.18310546875,-1363,-5251,-4232,-412,-2.26318359375,-443,-2.4334716796875,-6633,-36.4361572265625,407,4.07
5276,190674,2349919,2.1805,2,5,0.00244140625,-21,-0.01025390625,2074,1.0126953125,-3,-0.18310546875,-4,-0.244140625,10,0.6103515625,-2891,4989,13306,-234,-1.285400390625,-19,-0.1043701171875,25256,138.7353515625,407,4.07
5284,190965,2349926,2.184,0,0,0.0,-17,-0.00830078125,2098,1.0244140625,-6,-0.3662109375,-17,-1.03759765625,6,0.3662109375,-8357,-3954,180,-191,-1.0491943359375,6,0.032958984375,-20945,-115.0543212890625,405,4.05
5290,191182,2349931,2.1865,1,-11,-0.00537109375,-17,-0.00830078125,2063,1.00732421875,0,0.0,-14,-0.8544921875,0,0.0,-1361,-5243,-4223,-410,-2.252197265625,-440,-2.4169921875,-6633,-36.4361572265625,407,4.07
5291,191214,2349931,2.1865,2,5,0.00244140625,-21,-0.01025390625,2075,1.01318359375,-3,-0.18310546875,-4,-0.244140625,10,0.6103515625,-2893,4988,13331,-234,-1.285400390625,-19,-0.1043701171875,25256,138.7353515625,407,4.07
5304,191690,2349943,2.1925,0,-3,-0.00146484375,-19,-0.00927734375,2100,1.025390625,-6,-0.3662109375,-16,-0.9765625,5,0.30517578125,-8345,-3927,185,-191,-1.0491943359375,6,0.032958984375,-20945,-115.0543212890625,405,4.05
5305,191722,2349943,2.1925,1,-8,-0.00390625,-18,-0.0087890625,2056,1.00390625,-2,-0.1220703125,-14,-0.8544921875,-1,-0.06103515625,-1345,-5264,-4179,-410,-2.252197265625,-440,-2.4169921875,-6633,-36.4361572265625,408,4.08
5307,191791,2349944,2.193,2,5,0.00244140625,-20,-0.009765625,2076,1.013671875,-3,-0.18310546875,-4,-0.244140625,10,0.6103515625,-2879,4961,13317,-234,-1.285400390625,-19,-0.1043701171875,25256,138.7353515625,407,4.07
5318,192193,2349954,2.198,0,-1,-0.00048828125,-22,-0.0107421875,2097,1.02392578125,-6,-0.3662109375,-14,-0.8544921875,4,0.244140625,-8325,-3918,258,-191,-1.0491943359375,6,0.032958984375,-20945,-115.0543212890625,405,4.05
5321,192299,2349956,2.199,1,-12,-0.005859375,-21,-0.01025390625,2052,1.001953125,-2,-0.1220703125,-14,-0.8544921875,-2,-0.1220703125,-1341,-5263,-4175,-410,-2.252197265625,-440,-2.4169921875,-6633,-36.4361572265625,408,4.08
5324,192405,2349958,2.2,2,5,0.00244140625,-21,-0.01025390625,2076,1.013671875,-3,-0.18310546875,-4,-0.244140625,10,0.6103515625,-2879,4956,13362,-234,-1.285400390625,-19,-0.1043701171875,25256,138.7353515625,408,4.08
5335,192807,2349968,2.205,0,3,0.00146484375,-21,-0.01025390625,2104,1.02734375,-7,-0.42724609375,-12,-0.732421875,5,0.30517578125,-8298,-3914,212,-191,-1.0491943359375,6,0.032958984375,-20945,-115.0543212890625,406,4.06
5338,192913,2349970,2.206,1,-8,-0.00390625,-17,-0.00830078125,2058,1.0048828125,-2,-0.1220703125,-15,-0.91552734375,-3,-0.18310546875,-1337,-5277,-4211,-408,-2.2412109375,-438,-2.406005859375,-6633,-36.4361572265625,408,4.08
5341,193019,2349972,2.207,2,5,0.00244140625,-21,-0.01025390625,2075,1.01318359375,-3,-0.18310546875,-4,-0.244140625,10,0.6103515625,-2885,4955,13324,-234,-1.285400390625,-19,-0.1043701171875,25256,138.7353515625,408,4.08
5352,193421,2349982,2.212,0,-1,-0.00048828125,-17,-0.00830078125,2098,1.0244140625,-4,-0.244140625,-15,-0.91552734375,5,0.30517578125,-8299,-3920,193,-191,-1.0491943359375,6,0.032958984375,-20945,-115.0543212890625,405,4.05
5355,193527,2349984,2.213,1,-6,-0.0029296875,-15,-0.00732421875,2057,1.00439453125,-1,-0.06103515625,-14,-0.8544921875,-3,-0.18310546875,-1322,-5291,-4233,-408,-2.2412109375,-438,-2.406005859375,-6633,-36.4361572265625,409,4.09
5361,193744,2349989,2.2155,2,5,0.00244140625,-21,-0.01025390625,2075,1.01318359375,-3,-0.18310546875,-4,-0.244140625,9,0.54931640625,-2877,4970,13278,-234,-1.285400390625,-19,-0.1043701171875,25256,138.7353515625,408,4.08
5369,194035,2349996,2.219,0,-1,-0.00048828125,-17,-0.00830078125,2098,1.0244140625,-4,-0.244140625,-15,-0.91552734375,5,0.30517578125,-8299,-3920,193,-191,-1.0491943359375,6,0.032958984375,-20945,-115.0543212890625,405,4.05
5375,194252,2350001,2.2215,1,-9,-0.00439453125,-17,-0.00830078125,2060,1.005859375,-3,-0.18310546875,-14,-0.8544921875,-2,-0.1220703125,-1329,-5287,-4221,-408,-2.2412109375,-438,-2.406005859375,-6633,-36.4361572265625,409,4.09
5376,194284,2350001,2.2215,2,5,0.00244140625,-21,-0.01025390625,2074,1.0126953125,-2,-0.1220703125,-4,-0.244140625,10,0.6103515625,-2871,4986,13280,-234,-1.285400390625,-19,-0.1043701171875,25256,138.7353515625,408,4.08
5389,194760,2350013,2.2275,0,-4,-0.001953125,-18,-0.0087890625,2091,1.02099609375,-7,-0.42724609375,-15,-0.91552734375,3,0.18310546875,-8305,-3946,194,-191,-1.0491943359375,6,0.032958984375,-20945,-115.0543212890625,405,4.05
5390,194792,2350013,2.2275,1,-8,-0.00390625,-17,-0.00830078125,2055,1.00341796875,-3,-0.18310546875,-13,-0.79345703125,-2,-0.1220703125,-1343,-5293,-4265,-407,-2.2357177734375,-435,-2.3895263671875,-6633,-36.4361572265625,409,4.09
5392,194861,2350014,2.228,2,5,0.00244140625,-22,-0.0107421875,2075,1.01318359375,-2,-0.1220703125,-4,-0.244140625,10,0.6103515625,-2860,4978,13280,-234,-1.285400390625,-19,-0.1043701171875,25256,138.7353515625,408,4.08
5403,195263,2350024,2.233,0,1,0.00048828125,-21,-0.01025390625,2101,1.02587890625,-4,-0.244140625,-13,-0.79345703125,5,0.30517578125,-8325,-3957,180,-191,-1.0491943359375,6,0.032958984375,-20945,-115.0543212890625,405,4.05
5406,195369,2350026,2.234,1,-9,-0.00439453125,-21,-0.01025390625,2058,1.0048828125,3,0.18310546875,-13,-0.79345703125,0,0.0,-1341,-5296,-4238,-407,-2.2357177734375,-435,-2.3895263671875,-6633,-36.4361572265625,409,4.09
5409,195475,2350028,2.235,2,5,0.00244140625,-21,-0.01025390625,2076,1.013671875,-3,-0.18310546875,-4,-0.244140625,9,0.54931640625,-2870,5005,13294,-234,-1.285400390625,-19,-0.1043701171875,25256,138.7353515625,408,4.08
5420,195877,2350038,2.24,0,2,0.0009765625,-20,-0.009765625,2104,1.02734375,-6,-0.3662109375,-15,-0.91552734375,4,0.244140625,-8331,-3911,179,-191,-1.0491943359375,6,0.032958984375,-20945,-115.0543212890625,405,4.05
5423,195983,2350040,2.241,1,-10,-0.0048828125,-17,-0.00830078125,2060,1.005859375,-2,-0.1220703125,-13,-0.79345703125,-2,-0.1220703125,-1325,-5284,-4231,-407,-2.2357177734375,-435,-2.3895263671875,-6633,-36.4361572265625,409,4.09
5426,196089,2350042,2.242,2,5,0.00244140625,-21,-0.01025390625,2076,1.013671875,-3,-0.18310546875,-4,-0.244140625,9,0.54931640625,-2865,5001,13308,-234,-1.285400390625,-19,-0.1043701171875,25256,138.7353515625,408,4.08
5437,196491,2350052,2.247,0,-1,-0.00048828125,-21,-0.01025390625,2095,1.02294921875,-5,-0.30517578125,-15,-0.91552734375,4,0.244140625,-8316,-3903,160,-191,-1.0491943359375,6,0.032958984375,-20945,-115.0543212890625,405,4.05
5440,196597,2350054,2.248,1,-8,-0.00390625,-21,-0.01025390625,2058,1.0048828125,-1,-0.06103515625,-15,-0.91552734375,0,0.0,-1336,-5253,-4208,-405,-2.2247314453125,-432,-2.373046875,-6633,-36.4361572265625,409,4.09
5446,196814,2350059,2.2505,2,5,0.00244140625,-21,-0.01025390625,2077,1.01416015625,-3,-0.18310546875,-4,-0.244140625,9,0.54931640625,-2872,5000,13321,-234,-1.285400390625,-19,-0.1043701171875,25256,138.7353515625,408,4.08
5454,197105,2350066,2.254,0,-2,-0.0009765625,-22,-0.0107421875,2099,1.02490234375,-6,-0.3662109375,-16,-0.9765625,5,0.30517578125,-8308,-3904,134,-191,-1.0491943359375,6,0.032958984375,-20945,-115.0543212890625,405,4.05
5460,197322,2350071,2.2565,1,-10,-0.0048828125,-17,-0.00830078125,2059,1.00537109375,-1,-0.06103515625,-16,-0.9765625,-3,-0.18310546875,-1345,-5258,-4240,-405,-2.2247314453125,-432,-2.373046875,-6633,-36.4361572265625,409,4.09
5461,197354,2350071,2.2565,2,6,0.0029296875,-20,-0.009765625,2077,1.01416015625,-3,-0.18310546875,-4,-0.244140625,9,0.54931640625,-2866,5025,13295,-233,-1.2799072265625,-19,-0.1043701171875,25256,138.7353515625,408,4.08
5474,197830,2350083,2.2625,0,0,0.0,-18,-0.0087890625,2096,1.0234375,-6,-0.3662109375,-15,-0.91552734375,4,0.244140625,-8303,-3927,189,-191,-1.0491943359375,6,0.032958984375,-20945,-115.0543212890625,405,4.05
5475,197862,2350083,2.2625,1,-10,-0.0048828125,-18,-0.0087890625,2058,1.0048828125,-3,-0.18310546875,-14,-0.8544921875,-3,-0.18310546875,-1360,-5253,-4199,-405,-2.2247314453125,-432,-2.373046875,-6633,-36.4361572265625,410,4.1
5477,197931,2350084,2.263,2,5,0.00244140625,-21,-0.01025390625,2076,1.013671875,-2,-0.1220703125,-4,-0.244140625,9,0.54931640625,-2877,5005,13297,-233,-1.2799072265625,-19,-0.1043701171875,25256,138.7353515625,408,4.08
5488,198333,2350094,2.268,0,-2,-0.0009765625,-16,-0.0078125,2104,1.02734375,-5,-0.30517578125,-12,-0.732421875,1,0.06103515625,-8291,-3926,226,-191,-1.0491943359375,6,0.032958984375,-20945,-115.0543212890625,405,4.05
5491,198439,2350096,2.269,1,-7,-0.00341796875,-21,-0.01025390625,2061,1.00634765625,1,0.06103515625,-15,-0.91552734375,-1,-0.06103515625,-1330,-5242,-4144,-403,-2.2137451171875,-430,-2.362060546875,-6633,-36.4361572265625,410,4.1
5494,198545,2350098,2.27,2,4,0.001953125,-21,-0.01025390625,2076,1.013671875,-3,-0.18310546875,-4,-0.244140625,9,0.54931640625,-2888,5012,13334,-233,-1.2799072265625,-19,-0.1043701171875,25256,138.7353515625,408,4.08
5505,198947,2350108,2.275,0,0,0.0,-17,-0.00830078125,2104,1.02734375,-6,-0.3662109375,-13,-0.79345703125,4,0.244140625,-8328,-3916,251,-191,-1.0491943359375,6,0.032958984375,-20945,-115.0543212890625,405,4.05
5508,199053,2350110,2.276,1,-7,-0.00341796875,-15,-0.00732421875,2062,1.0068359375,-7,-0.42724609375,-13,-0.79345703125,-3,-0.18310546875,-1344,-5238,-4140,-403,-2.2137451171875,-430,-2.362060546875,-6633,-36.4361572265625,409,4.09
5511,199159,2350112,2.277,2,4,0.001953125,-21,-0.01025390625,2076,1.013671875,-3,-0.18310546875,-4,-0.244140625,9,0.54931640625,-2860,5024,13333,-233,-1.2799072265625,-19,-0.1043701171875,25256,138.7353515625,409,4.09
5522,199561,2350122,2.282,0,-2,-0.0009765625,-20,-0.009765625,2105,1.02783203125,-6,-0.3662109375,-16,-0.9765625,7,0.42724609375,-8329,-3930,243,-191,-1.0491943359375,6,0.032958984375,-20945,-115.0543212890625,405,4.05
5525,199667,2350124,2.283,1,-6,-0.0029296875,-14,-0.0068359375,2057,1.00439453125,-1,-0.06103515625,-14,-0.8544921875,-2,-0.1220703125,-1342,-5233,-4147,-401,-2.2027587890625,-427,-2.3455810546875,-6633,-36.4361572265625,409,4.09
5531,199884,2350129,2.2855,2,4,0.001953125,-20,-0.009765625,2077,1.01416015625,-3,-0.18310546875,-4,-0.244140625,9,0.54931640625,-2860,4995,13349,-233,-1.2799072265625,-19,-0.1043701171875,25256,138.7353515625,409,4.09
5539,200175,2350136,2.289,0,-1,-0.00048828125,-20,-0.009765625,2097,1.02392578125,-5,-0.30517578125,-13,-0.79345703125,4,0.244140625,-8326,-3928,236,-191,-1.0491943359375,6,0.032958984375,-20945,-115.0543212890625,405,4.05
5545,200392,2350141,2.2915,1,-10,-0.0048828125,-16,-0.0078125,2060,1.005859375,2,0.1220703125,-13,-0.79345703125,-3,-0.18310546875,-1334,-5222,-4144,-401,-2.2027587890625,-427,-2.3455810546875,-6633,-36.4361572265625,409,4.09
5546,200424,2350141,2.2915,2,4,0.001953125,-21,-0.01025390625,2075,1.01318359375,-3,-0.18310546875,-4,-0.244140625,10,0.6103515625,-2872,4997,13346,-233,-1.2799072265625,-19,-0.1043701171875,25256,138.7353515625,409,4.09
5559,200900,2350153,2.2975,0,0,0.0,-20,-0.009765625,2101,1.02587890625,-5,-0.30517578125,-13,-0.79345703125,7,0.42724609375,-8320,-3926,223,-191,-1.0491943359375,6,0.032958984375,-20945,-115.0543212890625,405,4.05
5560,200932,2350153,2.2975,1,-8,-0.00390625,-16,-0.0078125,2060,1.005859375,0,0.0,-15,-0.91552734375,-2,-0.1220703125,-1340,-5213,-4128,-401,-2.2027587890625,-427,-2.3455810546875,-6633,-36.4361572265625,409,4.09
5562,201001,2350154,2.298,2,5,0.00244140625,-21,-0.01025390625,2075,1.01318359375,-2,-0.1220703125,-4,-0.244140625,9,0.54931640625,-2856,5006,13350,-233,-1.2799072265625,-19,-0.1043701171875,25256,138.7353515625,409,4.09
5573,201403,2350164,2.303,0,0,0.0,-19,-0.00927734375,2105,1.02783203125,-6,-0.3662109375,-14,-0.8544921875,6,0.3662109375,-8317,-3924,218,-191,-1.0491943359375,6,0.032958984375,-20945,-115.0543212890625,405,4.05
5576,201509,2350166,2.304,1,-5,-0.00244140625,-18,-0.0087890625,2061,1.00634765625,-2,-0.1220703125,-16,-0.9765625,-1,-0.06103515625,-1339,-5233,-4150,-400,-2.197265625,-424,-2.3291015625,-6633,-36.4361572265625,409,4.09
5579,201615,2350168,2.305,2,5,0.00244140625,-21,-0.01025390625,2076,1.013671875,-3,-0.18310546875,-4,-0.244140625,9,0.54931640625,-2866,5002,13318,-233,-1.2799072265625,-19,-0.1043701171875,25256,138.7353515625,409,4.09
5590,202017,2350178,2.31,0,0,0.0,-19,-0.00927734375,2105,1.02783203125,-6,-0.3662109375,-14,-0.8544921875,6,0.3662109375,-8317,-3924,218,-191,-1.0491943359375,6,0.032958984375,-20945,-115.0543212890625,405,4.05
5593,202123,2350180,2.311,1,-9,-0.00439453125,-17,-0.00830078125,2059,1.00537109375,3,0.18310546875,-16,-0.9765625,-2,-0.1220703125,-1361,-5230,-4169,-400,-2.197265625,-424,-2.3291015625,-6633,-36.4361572265625,409,4.09
5596,202229,2350182,2.312,2,5,0.00244140625,-21,-0.01025390625,2076,1.013671875,-3,-0.18310546875,-4,-0.244140625,9,0.54931640625,-2847,5016,13291,-233,-1.2799072265625,-19,-0.1043701171875,25256,138.7353515625,409,4.09
5607,202631,2350192,2.317,0,0,0.0,-20,-0.009765625,2097,1.02392578125,-6,-0.3662109375,-15,-0.91552734375,5,0.30517578125,-8318,-3950,191,-191,-1.0491943359375,6,0.032958984375,-20945,-115.0543212890625,404,4.04
5610,202737,2350194,2.318,1,-7,-0.00341796875,-18,-0.0087890625,2056,1.00390625,-1,-0.06103515625,-14,-0.8544921875,-2,-0.1220703125,-1371,-5226,-4159,-400,-2.197265625,-424,-2.3291015625,-6633,-36.4361572265625,409,4.09
5616,202954,2350199,2.3205,2,5,0.00244140625,-21,-0.01025390625,2076,1.013671875,-3,-0.18310546875,-4,-0.244140625,9,0.54931640625,-2815,5016,13330,-233,-1.2799072265625,-19,-0.1043701171875,25256,138.7353515625,409,4.09
5624,203245,2350206,2.324,0,0,0.0,-18,-0.0087890625,2100,1.025390625,-6,-0.3662109375,-15,-0.91552734375,7,0.42724609375,-8323,-3930,173,-191,-1.0491943359375,6,0.032958984375,-20945,-115.0543212890625,404,4.04
5630,203462,2350211,2.3265,1,-8,-0.00390625,-15,-0.00732421875,2063,1.00732421875,2,0.1220703125,-15,-0.91552734375,-1,-0.06103515625,-1376,-5217,-4169,-398,-2.186279296875,-422,-2.318115234375,-6633,-36.4361572265625,409,4.09
5631,203494,2350211,2.3265,2,5,0.00244140625,-21,-0.01025390625,2075,1.01318359375,-2,-0.1220703125,-4,-0.244140625,10,0.6103515625,-2818,5003,13317,-233,-1.2799072265625,-19,-0.1043701171875,25256,138.7353515625,409,4.09
5644,203970,2350223,2.3325,0,-1,-0.00048828125,-15,-0.00732421875,2100,1.025390625,-6,-0.3662109375,-16,-0.9765625,4,0.244140625,-8338,-3938,215,-191,-1.0491943359375,6,0.032958984375,-20945,-115.0543212890625,404,4.04
5645,204002,2350223,2.3325,1,-6,-0.0029296875,-20,-0.009765625,2056,1.00390625,-4,-0.244140625,-14,-0.8544921875,-1,-0.06103515625,-1375,-5244,-4190,-398,-2.186279296875,-422,-2.318115234375,-6633,-36.4361572265625,409,4.09
5647,204071,2350224,2.333,2,5,0.00244140625,-21,-0.01025390625,2075,1.01318359375,-3,-0.18310546875,-4,-0.244140625,10,0.6103515625,-2809,4995,13287,-233,-1.2799072265625,-19,-0.1043701171875,25256,138.7353515625,409,4.09
5658,204473,2350234,2.338,0,0,0.0,-24,-0.01171875,2099,1.02490234375,-5,-0.30517578125,-13,-0.79345703125,5,0.30517578125,-8350,-3937,213,-191,-1.0491943359375,6,0.032958984375,-20945,-115.0543212890625,404,4.04
5661,204579,2350236,2.339,1,-10,-0.0048828125,-22,-0.0107421875,2064,1.0078125,-2,-0.1220703125,-14,-0.8544921875,-2,-0.1220703125,-1415,-5242,-4201,-398,-2.186279296875,-422,-2.318115234375,-6633,-36.4361572265625,409,4.09
5664,204685,2350238,2.34,2,5,0.00244140625,-22,-0.0107421875,2076,1.013671875,-3,-0.18310546875,-4,-0.244140625,9,0.54931640625,-2786,4981,13263,-233,-1.2799072265625,-19,-0.1043701171875,25256,138.7353515625,409,4.09
5675,205087,2350248,2.345,0,0,0.0,-24,-0.01171875,2099,1.02490234375,-5,-0.30517578125,-13,-0.79345703125,5,0.30517578125,-8350,-3937,213,-191,-1.0491943359375,6,0.032958984375,-20945,-115.0543212890625,404,4.04
5678,205193,2350250,2.346,1,-7,-0.00341796875,-19,-0.00927734375,2053,1.00244140625,-1,-0.06103515625,-14,-0.8544921875,-2,-0.1220703125,-1457,-5260,-4208,-396,-2.17529296875,-419,-2.3016357421875,-6633,-36.4361572265625,409,4.09
5681,205299,2350252,2.347,2,5,0.00244140625,-22,-0.0107421875,2077,1.01416015625,-3,-0.18310546875,-4,-0.244140625,10,0.6103515625,-2791,4987,13274,-233,-1.2799072265625,-19,-0.1043701171875,25256,138.7353515625,409,4.09
5692,205701,2350262,2.352,0,-1,-0.00048828125,-22,-0.0107421875,2098,1.0244140625,-5,-0.30517578125,-16,-0.9765625,6,0.3662109375,-8351,-3952,155,-191,-1.0491943359375,6,0.032958984375,-20945,-115.0543212890625,404,4.04
5695,205807,2350264,2.353,1,-7,-0.00341796875,-20,-0.009765625,2056,1.00390625,0,0.0,-16,-0.9765625,-2,-0.1220703125,-1434,-5263,-4214,-396,-2.17529296875,-419,-2.3016357421875,-6633,-36.4361572265625,409,4.09
5701,206024,2350269,2.3555,2,5,0.00244140625,-21,-0.01025390625,2076,1.013671875,-3,-0.18310546875,-4,-0.244140625,10,0.6103515625,-2794,5003,13309,-233,-1.2799072265625,-19,-0.1043701171875,25256,138.7353515625,409,4.09
5709,206315,2350276,2.359,0,1,0.00048828125,-20,-0.009765625,2098,1.0244140625,-6,-0.3662109375,-15,-0.91552734375,3,0.18310546875,-8358,-3943,150,-191,-1.0491943359375,6,0.032958984375,-20945,-115.0543212890625,404,4.04
5715,206532,2350281,2.3615,1,-9,-0.00439453125,-18,-0.0087890625,2061,1.00634765625,3,0.18310546875,-14,-0.8544921875,-2,-0.1220703125,-1430,-5245,-4221,-396,-2.17529296875,-419,-2.3016357421875,-6633,-36.4361572265625,409,4.09
5716,206564,2350281,2.3615,2,5,0.00244140625,-21,-0.01025390625,2075,1.01318359375,-2,-0.1220703125,-4,-0.244140625,9,0.54931640625,-2797,5006,13307,-233,-1.2799072265625,-19,-0.1043701171875,25256,138.7353515625,409,4.09
5729,207040,2350293,2.3675,0,-1,-0.00048828125,-22,-0.0107421875,2098,1.0244140625,-6,-0.3662109375,-14,-0.8544921875,6,0.3662109375,-8352,-3944,134,-191,-1.0491943359375,6,0.032958984375,-20945,-115.0543212890625,404,4.04
5730,207072,2350293,2.3675,1,-6,-0.0029296875,-20,-0.009765625,2064,1.0078125,-1,-0.06103515625,-14,-0.8544921875,-1,-0.06103515625,-1446,-5256,-4281,-394,-2.164306640625,-417,-2.2906494140625,-6633,-36.4361572265625,409,4.09
5732,207141,2350294,2.368,2,5,0.00244140625,-21,-0.01025390625,2076,1.013671875,-3,-0.18310546875,-4,-0.244140625,9,0.54931640625,-2816,4981,13323,-233,-1.2799072265625,-19,-0.1043701171875,25256,138.7353515625,409,4.09
5743,207543,2350304,2.373,0,-2,-0.0009765625,-21,-0.01025390625,2101,1.02587890625,-9,-0.54931640625,-15,-0.91552734375,4,0.244140625,-8337,-3929,167,-191,-1.0491943359375,6,0.032958984375,-20945,-115.0543212890625,403,4.03
5746,207649,2350306,2.374,1,-10,-0.0048828125,-19,-0.00927734375,2061,1.00634765625,-2,-0.1220703125,-15,-0.91552734375,-3,-0.18310546875,-1371,-5277,-4211,-394,-2.164306640625,-417,-2.2906494140625,-6633,-36.4361572265625,409,4.09
5749,207755,2350308,2.375,2,5,0.00244140625,-21,-0.01025390625,2076,1.013671875,-3,-0.18310546875,-4,-0.244140625,9,0.54931640625,-2821,5002,13349,-233,-1.2799072265625,-19,-0.1043701171875,25256,138.7353515625,409,4.09
5760,208157,2350318,2.38,0,-2,-0.0009765625,-21,-0.01025390625,2101,1.02587890625,-9,-0.54931640625,-15,-0.91552734375,4,0.244140625,-8337,-3929,167,-191,-1.0491943359375,6,0.032958984375,-20945,-115.0543212890625,403,4.03
5763,208263,2350320,2.381,1,-9,-0.00439453125,-16,-0.0078125,2060,1.005859375,-2,-0.1220703125,-13,-0.79345703125,-3,-0.18310546875,-1361,-5269,-4255,-394,-2.164306640625,-417,-2.2906494140625,-6633,-36.4361572265625,409,4.09
5766,208369,2350322,2.382,2,6,0.0029296875,-21,-0.01025390625,2076,1.013671875,-3,-0.18310546875,-4,-0.244140625,10,0.6103515625,-2837,4967,13314,-233,-1.2799072265625,-19,-0.1043701171875,25256,138.7353515625,409,4.09
5777,208771,2350332,2.387,0,-1,-0.00048828125,-21,-0.01025390625,2101,1.02587890625,-6,-0.3662109375,-14,-0.8544921875,5,0.30517578125,-8312,-3923,198,-191,-1.0491943359375,6,0.032958984375,-20945,-115.0543212890625,403,4.03
5780,208877,2350334,2.388,1,-9,-0.00439453125,-21,-0.01025390625,2061,1.00634765625,0,0.0,-15,-0.91552734375,-2,-0.1220703125,-1345,-5254,-4330,-393,-2.1588134765625,-414,-2.274169921875,-6633,-36.4361572265625,409,4.09
5786,209094,2350339,2.3905,2,6,0.0029296875,-20,-0.009765625,2076,1.013671875,-3,-0.18310546875,-4,-0.244140625,10,0.6103515625,-2841,4993,13339,-233,-1.2799072265625,-19,-0.1043701171875,25256,138.7353515625,409,4.09
5794,209385,2350346,2.394,0,-1,-0.00048828125,-19,-0.00927734375,2099,1.02490234375,-6,-0.3662109375,-14,-0.8544921875,4,0.244140625,-8325,-3946,235,-191,-1.0491943359375,6,0.032958984375,-20945,-115.0543212890625,403,4.03
5800,209602,2350351,2.3965,1,-7,-0.00341796875,-16,-0.0078125,2058,1.0048828125,-2,-0.1220703125,-14,-0.8544921875,-2,-0.1220703125,-1338,-5247,-4362,-393,-2.1588134765625,-414,-2.274169921875,-6633,-36.4361572265625,409,4.09
5801,209634,2350351,2.3965,2,5,0.00244140625,-20,-0.009765625,2076,1.013671875,-3,-0.18310546875,-5,-0.30517578125,9,0.54931640625,-2814,4958,13374,-233,-1.2799072265625,-19,-0.1043701171875,25256,138.7353515625,409,4.09
5814,210110,2350363,2.4025,0,-3,-0.00146484375,-19,-0.00927734375,2101,1.02587890625,-8,-0.48828125,-16,-0.9765625,4,0.244140625,-8323,-3926,196,-191,-1.0491943359375,6,0.032958984375,-20945,-115.0543212890625,403,4.03
5815,210142,2350363,2.4025,1,-9,-0.00439453125,-18,-0.0087890625,2067,1.00927734375,-1,-0.06103515625,-15,-0.91552734375,-1,-0.06103515625,-1351,-5250,-4324,-393,-2.1588134765625,-414,-2.274169921875,-6633,-36.4361572265625,409,4.09
5817,210211,2350364,2.403,2,5,0.00244140625,-20,-0.009765625,2076,1.013671875,-3,-0.18310546875,-4,-0.244140625,9,0.54931640625,-2818,4942,13368,-233,-1.2799072265625,-19,-0.1043701171875,25256,138.7353515625,409,4.09
5828,210613,2350374,2.408,0,0,0.0,-21,-0.01025390625,2100,1.025390625,-5,-0.30517578125,-13,-0.79345703125,1,0.06103515625,-8314,-3935,161,-191,-1.0491943359375,6,0.032958984375,-20945,-115.0543212890625,403,4.03
5831,210719,2350376,2.409,1,-7,-0.00341796875,-18,-0.0087890625,2059,1.00537109375,-1,-0.06103515625,-14,-0.8544921875,0,0.0,-1333,-5217,-4306,-391,-2.1478271484375,-412,-2.26318359375,-6633,-36.4361572265625,409,4.09
5834,210825,2350378,2.41,2,5,0.00244140625,-21,-0.01025390625,2076,1.013671875,-3,-0.18310546875,-4,-0.244140625,9,0.54931640625,-2815,4929,13392,-233,-1.2799072265625,-19,-0.1043701171875,25256,138.7353515625,409,4.09
5845,211227,2350388,2.415,0,0,0.0,-21,-0.01025390625,2097,1.02392578125,-5,-0.30517578125,-15,-0.91552734375,5,0.30517578125,-8314,-3933,123,-191,-1.0491943359375,6,0.032958984375,-20946,-115.059814453125,403,4.03
5848,211333,2350390,2.416,1,-8,-0.00390625,-17,-0.00830078125,2056,1.00390625,-3,-0.18310546875,-14,-0.8544921875,-1,-0.06103515625,-1346,-5205,-4328,-391,-2.1478271484375,-412,-2.26318359375,-6633,-36.4361572265625,409,4.09
5851,211439,2350392,2.417,2,4,0.001953125,-21,-0.01025390625,2075,1.01318359375,-3,-0.18310546875,-4,-0.244140625,9,0.54931640625,-2839,4953,13395,-233,-1.2799072265625,-19,-0.1043701171875,25256,138.7353515625,409,4.09
5862,211841,2350402,2.422,0,-1,-0.00048828125,-22,-0.0107421875,2106,1.0283203125,-5,-0.30517578125,-13,-0.79345703125,4,0.244140625,-8284,-3936,134,-191,-1.0491943359375,6,0.032958984375,-20946,-115.059814453125,404,4.04
5865,211947,2350404,2.423,1,-10,-0.0048828125,-18,-0.0087890625,2060,1.005859375,-3,-0.18310546875,-16,-0.9765625,-1,-0.06103515625,-1356,-5201,-4360,-391,-2.1478271484375,-412,-2.26318359375,-6633,-36.4361572265625,409,4.09
5871,212164,2350409,2.4255,2,5,0.00244140625,-21,-0.01025390625,2074,1.0126953125,-2,-0.1220703125,-4,-0.244140625,10,0.6103515625,-2849,4963,13397,-233,-1.2799072265625,-19,-0.1043701171875,25256,138.7353515625,409,4.09
5879,212455,2350416,2.429,0,1,0.00048828125,-21,-0.01025390625,2098,1.0244140625,-8,-0.48828125,-15,-0.91552734375,2,0.1220703125,-8284,-3921,104,-191,-1.0491943359375,6,0.032958984375,-20946,-115.059814453125,404,4.04
5885,212672,2350421,2.4315,1,-10,-0.0048828125,-14,-0.0068359375,2054,1.0029296875,-2,-0.1220703125,-16,-0.9765625,1,0.06103515625,-1353,-5186,-4306,-389,-2.1368408203125,-409,-2.2467041015625,-6633,-36.4361572265625,409,4.09
5886,212704,2350421,2.4315,2,6,0.0029296875,-21,-0.01025390625,2075,1.01318359375,-3,-0.18310546875,-4,-0.244140625,10,0.6103515625,-2802,4964,13405,-233,-1.2799072265625,-19,-0.1043701171875,25256,138.7353515625,409,4.09
5899,213180,2350433,2.4375,0,1,0.00048828125,-21,-0.01025390625,2098,1.0244140625,-8,-0.48828125,-15,-0.91552734375,2,0.1220703125,-8284,-3921,104,-191,-1.0491943359375,6,0.032958984375,-20946,-115.059814453125,404,4.04
5900,213212,2350433,2.4375,1,-10,-0.0048828125,-17,-0.00830078125,2058,1.0048828125,-4,-0.244140625,-13,-0.79345703125,-1,-0.06103515625,-1324,-5185,-4335,-389,-2.1368408203125,-409,-2.2467041015625,-6633,-36.4361572265625,409,4.09
5902,213281,2350434,2.438,2,6,0.0029296875,-20,-0.009765625,2075,1.01318359375,-3,-0.18310546875,-4,-0.244140625,9,0.54931640625,-2797,4961,13375,-233,-1.2799072265625,-19,-0.1043701171875,25256,138.7353515625,409,4.09
5929,214275,2350460,2.451,0,-2,-0.0009765625,-19,-0.00927734375,2099,1.02490234375,-5,-0.30517578125,-15,-0.91552734375,7,0.42724609375,-8291,-3909,150,-191,-1.0491943359375,6,0.032958984375,-20946,-115.059814453125,404,4.04
5930,214307,2350460,2.451,1,-11,-0.00537109375,-16,-0.0078125,2057,1.00439453125,-1,-0.06103515625,-14,-0.8544921875,0,0.0,-1305,-5199,-4350,-388,-2.13134765625,-406,-2.230224609375,-6633,-36.4361572265625,409,4.09
5933,214413,2350462,2.452,2,4,0.001953125,-21,-0.01025390625,2075,1.01318359375,-3,-0.18310546875,-4,-0.244140625,10,0.6103515625,-2808,4932,13368,-233,-1.2799072265625,-19,-0.1043701171875,25256,138.7353515625,409,4.09
5944,214815,2350472,2.457,0,-1,-0.00048828125,-19,-0.00927734375,2105,1.02783203125,-5,-0.30517578125,-14,-0.8544921875,6,0.3662109375,-8261,-3931,167,-191,-1.0491943359375,6,0.032958984375,-20946,-115.059814453125,404,4.04
5947,214921,2350474,2.458,1,-11,-0.00537109375,-17,-0.00830078125,2057,1.00439453125,-3,-0.18310546875,-16,-0.9765625,0,0.0,-1318,-5230,-4288,-388,-2.13134765625,-406,-2.230224609375,-6633,-36.4361572265625,409,4.09
5950,215027,2350476,2.459,2,5,0.00244140625,-21,-0.01025390625,2075,1.01318359375,-3,-0.18310546875,-4,-0.244140625,10,0.6103515625,-2821,4920,13371,-233,-1.2799072265625,-19,-0.1043701171875,25256,138.7353515625,409,4.09
5961,215429,2350486,2.464,0,0,0.0,-19,-0.00927734375,2099,1.02490234375,-5,-0.30517578125,-14,-0.8544921875,5,0.30517578125,-8267,-3952,186,-191,-1.0491943359375,6,0.032958984375,-20946,-115.059814453125,404,4.04
5964,215535,2350488,2.465,1,-9,-0.00439453125,-18,-0.0087890625,2061,1.00634765625,-2,-0.1220703125,-14,-0.8544921875,0,0.0,-1298,-5215,-4238,-386,-2.120361328125,-404,-2.21923828125,-6633,-36.4361572265625,408,4.08
5970,215752,2350493,2.4675,2,5,0.00244140625,-21,-0.01025390625,2077,1.01416015625,-2,-0.1220703125,-4,-0.244140625,10,0.6103515625,-2821,4895,13368,-233,-1.2799072265625,-19,-0.1043701171875,25256,138.7353515625,409,4.09
5978,216043,2350500,2.471,0,0,0.0,-19,-0.00927734375,2099,1.02490234375,-5,-0.30517578125,-14,-0.8544921875,5,0.30517578125,-8267,-3952,186,-191,-1.0491943359375,6,0.032958984375,-20946,-115.059814453125,404,4.04
5984,216260,2350505,2.4735,1,-8,-0.00390625,-17,-0.00830078125,2060,1.005859375,-4,-0.244140625,-16,-0.9765625,-3,-0.18310546875,-1320,-5199,-4260,-386,-2.120361328125,-404,-2.21923828125,-6633,-36.4361572265625,408,4.08
5985,216292,2350505,2.4735,2,5,0.00244140625,-21,-0.01025390625,2077,1.01416015625,-2,-0.1220703125,-4,-0.244140625,9,0.54931640625,-2828,4917,13369,-233,-1.2799072265625,-19,-0.1043701171875,25256,138.7353515625,409,4.09
5998,216768,2350517,2.4795,0,1,0.00048828125,-22,-0.0107421875,2093,1.02197265625,-4,-0.244140625,-14,-0.8544921875,2,0.1220703125,-8281,-4009,209,-191,-1.0491943359375,6,0.032958984375,-20946,-115.059814453125,404,4.04
5999,216800,2350517,2.4795,1,-7,-0.00341796875,-18,-0.0087890625,2056,1.00390625,0,0.0,-13,-0.79345703125,-3,-0.18310546875,-1302,-5213,-4288,-386,-2.120361328125,-404,-2.21923828125,-6633,-36.4361572265625,408,4.08
6001,216869,2350518,2.48,2,5,0.00244140625,-21,-0.01025390625,2077,1.01416015625,-3,-0.18310546875,-4,-0.244140625,10,0.6103515625,-2832,4922,13361,-233,-1.2799072265625,-19,-0.1043701171875,25256,138.7353515625,409,4.09
6012,217271,2350528,2.485,0,-1,-0.00048828125,-23,-0.01123046875,2106,1.0283203125,-7,-0.42724609375,-16,-0.9765625,5,0.30517578125,-8279,-4009,194,-191,-1.0491943359375,6,0.032958984375,-20946,-115.059814453125,404,4.04
6015,217377,2350530,2.486,1,-9,-0.00439453125,-17,-0.00830078125,2059,1.00537109375,-4,-0.244140625,-15,-0.91552734375,-2,-0.1220703125,-1298,-5224,-4312,-384,-2.109375,-401,-2.2027587890625,-6633,-36.4361572265625,408,4.08
6018,217483,2350532,2.487,2,5,0.00244140625,-21,-0.01025390625,2077,1.01416015625,-3,-0.18310546875,-4,-0.244140625,10,0.6103515625,-2824,4923,13372,-233,-1.2799072265625,-19,-0.1043701171875,25256,138.7353515625,409,4.09
6029,217885,2350542,2.492,0,0,0.0,-18,-0.0087890625,2100,1.025390625,-8,-0.48828125,-13,-0.79345703125,4,0.244140625,-8308,-3989,163,-191,-1.0491943359375,6,0.032958984375,-20946,-115.059814453125,404,4.04
6032,217991,2350544,2.493,1,-7,-0.00341796875,-17,-0.00830078125,2060,1.005859375,-2,-0.1220703125,-15,-0.91552734375,-1,-0.06103515625,-1291,-5226,-4274,-384,-2.109375,-401,-2.2027587890625,-6633,-36.4361572265625,407,4.07
6035,218097,2350546,2.494,2,4,0.001953125,-21,-0.01025390625,2077,1.01416015625,-3,-0.18310546875,-4,-0.244140625,10,0.6103515625,-2843,4930,13372,-233,-1.2799072265625,-19,-0.1043701171875,25256,138.7353515625,409,4.09
6046,218499,2350556,2.499,0,-3,-0.00146484375,-21,-0.01025390625,2102,1.0263671875,-4,-0.244140625,-13,-0.79345703125,6,0.3662109375,-8311,-3995,104,-191,-1.0491943359375,6,0.032958984375,-20946,-115.059814453125,404,4.04
6049,218605,2350558,2.5,1,-9,-0.00439453125,-16,-0.0078125,2055,1.00341796875,2,0.1220703125,-14,-0.8544921875,-3,-0.18310546875,-1323,-5248,-4277,-384,-2.109375,-401,-2.2027587890625,-6633,-36.4361572265625,407,4.07
6055,218822,2350563,2.5025,2,4,0.001953125,-21,-0.01025390625,2077,1.01416015625,-3,-0.18310546875,-4,-0.244140625,10,0.6103515625,-2866,4913,13390,-233,-1.2799072265625,-19,-0.1043701171875,25256,138.7353515625,409,4.09
6063,219113,2350570,2.506,0,-3,-0.00146484375,-21,-0.01025390625,2102,1.0263671875,-4,-0.244140625,-13,-0.79345703125,6,0.3662109375,-8311,-3995,104,-191,-1.0491943359375,6,0.032958984375,-20946,-115.059814453125,404,4.04
6069,219330,2350575,2.5085,1,-9,-0.00439453125,-18,-0.0087890625,2061,1.00634765625,1,0.06103515625,-14,-0.8544921875,-2,-0.1220703125,-1321,-5252,-4266,-383,-2.1038818359375,-399,-2.1917724609375,-6633,-36.4361572265625,407,4.07
6070,219362,2350575,2.5085,2,5,0.00244140625,-21,-0.01025390625,2077,1.01416015625,-3,-0.18310546875,-4,-0.244140625,10,0.6103515625,-2855,4898,13345,-233,-1.2799072265625,-19,-0.1043701171875,25256,138.7353515625,409,4.09
6083,219838,2350587,2.5145,0,-3,-0.00146484375,-19,-0.00927734375,2098,1.0244140625,-4,-0.244140625,-14,-0.8544921875,6,0.3662109375,-8332,-3979,168,-191,-1.0491943359375,6,0.032958984375,-20946,-115.059814453125,404,4.04
6084,219870,2350587,2.5145,1,-9,-0.00439453125,-17,-0.00830078125,2060,1.005859375,-1,-0.06103515625,-14,-0.8544921875,0,0.0,-1350,-5248,-4266,-383,-2.1038818359375,-399,-2.1917724609375,-6633,-36.4361572265625,407,4.07
6086,219939,2350588,2.515,2,4,0.001953125,-21,-0.01025390625,2077,1.01416015625,-3,-0.18310546875,-4,-0.244140625,10,0.6103515625,-2841,4906,13321,-233,-1.2799072265625,-19,-0.1043701171875,25256,138.7353515625,409,4.09
6097,220341,2350598,2.52,0,2,0.0009765625,-19,-0.00927734375,2098,1.0244140625,-7,-0.42724609375,-13,-0.79345703125,3,0.18310546875,-8304,-3965,114,-191,-1.0491943359375,6,0.032958984375,-20946,-115.059814453125,404,4.04
6100,220447,2350600,2.521,1,-12,-0.005859375,-20,-0.009765625,2058,1.0048828125,-2,-0.1220703125,-14,-0.8544921875,-3,-0.18310546875,-1376,-5268,-4255,-383,-2.1038818359375,-399,-2.1917724609375,-6633,-36.4361572265625,407,4.07
6103,220553,2350602,2.522,2,5,0.00244140625,-20,-0.009765625,2076,1.013671875,-3,-0.18310546875,-4,-0.244140625,9,0.54931640625,-2839,4909,13337,-233,-1.2799072265625,-19,-0.1043701171875,25256,138.7353515625,409,4.09
6114,220955,2350612,2.527,0,0,0.0,-20,-0.009765625,2101,1.02587890625,-7,-0.42724609375,-15,-0.91552734375,3,0.18310546875,-8338,-3970,121,-191,-1.0491943359375,6,0.032958984375,-20946,-115.059814453125,404,4.04
6117,221061,2350614,2.528,1,-8,-0.00390625,-17,-0.00830078125,2057,1.00439453125,-2,-0.1220703125,-15,-0.91552734375,-1,-0.06103515625,-1346,-5266,-4272,-381,-2.0928955078125,-397,-2.1807861328125,-6633,-36.4361572265625,407,4.07
6120,221167,2350616,2.529,2,5,0.00244140625,-21,-0.01025390625,2076,1.013671875,-2,-0.1220703125,-4,-0.244140625,10,0.6103515625,-2842,4907,13347,-233,-1.2799072265625,-19,-0.1043701171875,25256,138.7353515625,409,4.09
6131,221569,2350626,2.534,0,-1,-0.00048828125,-22,-0.0107421875,2103,1.02685546875,-6,-0.3662109375,-13,-0.79345703125,6,0.3662109375,-8341,-3961,92,-191,-1.0491943359375,6,0.032958984375,-20946,-115.059814453125,404,4.04
6134,221675,2350628,2.535,1,-8,-0.00390625,-15,-0.00732421875,2055,1.00341796875,-1,-0.06103515625,-14,-0.8544921875,0,0.0,-1354,-5250,-4260,-381,-2.0928955078125,-397,-2.1807861328125,-6633,-36.4361572265625,406,4.06
6140,221892,2350633,2.5375,2,5,0.00244140625,-21,-0.01025390625,2077,1.01416015625,-2,-0.1220703125,-4,-0.244140625,9,0.54931640625,-2832,4918,13356,-233,-1.2799072265625,-19,-0.1043701171875,25256,138.7353515625,409,4.09
6148,222183,2350640,2.541,0,0,0.0,-18,-0.0087890625,2096,1.0234375,-8,-0.48828125,-14,-0.8544921875,5,0.30517578125,-8344,-3963,88,-191,-1.0491943359375,6,0.032958984375,-20946,-115.059814453125,404,4.04
6154,222400,2350645,2.5435,1,-10,-0.0048828125,-16,-0.0078125,2060,1.005859375,1,0.06103515625,-17,-1.03759765625,-2,-0.1220703125,-1361,-5261,-4268,-381,-2.0928955078125,-397,-2.1807861328125,-6633,-36.4361572265625,406,4.06
6155,222432,2350645,2.5435,2,5,0.00244140625,-21,-0.01025390625,2076,1.013671875,-3,-0.18310546875,-4,-0.244140625,9,0.54931640625,-2833,4898,13379,-233,-1.2799072265625,-19,-0.1043701171875,25256,138.7353515625,409,4.09
6168,222908,2350657,2.5495,0,-1,-0.00048828125,-22,-0.0107421875,2100,1.025390625,-5,-0.30517578125,-14,-0.8544921875,2,0.1220703125,-8324,-3944,102,-191,-1.0491943359375,6,0.032958984375,-20946,-115.059814453125,404,4.04
6169,222940,2350657,2.5495,1,-10,-0.0048828125,-17,-0.00830078125,2060,1.005859375,1,0.06103515625,-14,-0.8544921875,-3,-0.18310546875,-1364,-5231,-4246,-379,-2.0819091796875,-394,-2.164306640625,-6633,-36.4361572265625,406,4.06
6171,223009,2350658,2.55,2,5,0.00244140625,-21,-0.01025390625,2076,1.013671875,-3,-0.18310546875,-4,-0.244140625,10,0.6103515625,-2848,4876,13378,-233,-1.2799072265625,-19,-0.1043701171875,25256,138.7353515625,409,4.09
6213,224558,2350699,2.5705,0,1,0.00048828125,-19,-0.00927734375,2099,1.02490234375,-6,-0.3662109375,-13,-0.79345703125,6,0.3662109375,-8317,-3928,93,-191,-1.0491943359375,6,0.032958984375,-20947,-115.0653076171875,404,4.04
6214,224590,2350700,2.571,1,-9,-0.00439453125,-18,-0.0087890625,2063,1.00732421875,-1,-0.06103515625,-14,-0.8544921875,-2,-0.1220703125,-1358,-5227,-4279,-379,-2.0819091796875,-394,-2.164306640625,-6633,-36.4361572265625,406,4.06
6226,225029,2350710,2.576,0,0,0.0,-20,-0.009765625,2101,1.02587890625,-5,-0.30517578125,-15,-0.91552734375,5,0.30517578125,-8320,-3936,128,-191,-1.0491943359375,6,0.032958984375,-20947,-115.0653076171875,404,4.04
6229,225135,2350712,2.577,1,-7,-0.00341796875,-19,-0.00927734375,2062,1.0068359375,-1,-0.06103515625,-14,-0.8544921875,0,0.0,-1422,-5212,-4228,-378,-2.076416015625,-392,-2.1533203125,-6633,-36.4361572265625,407,4.07
6232,225241,2350714,2.578,2,5,0.00244140625,-20,-0.009765625,2075,1.01318359375,-3,-0.18310546875,-4,-0.244140625,9,0.54931640625,-2843,4885,13307,-233,-1.2799072265625,-19,-0.1043701171875,25256,138.7353515625,409,4.09
6254,226050,2350735,2.5885,0,-1,-0.00048828125,-22,-0.0107421875,2100,1.025390625,-5,-0.30517578125,-15,-0.91552734375,4,0.244140625,-8341,-3948,104,-191,-1.0491943359375,6,0.032958984375,-20947,-115.0653076171875,404,4.04
6255,226082,2350735,2.5885,1,-8,-0.00390625,-18,-0.0087890625,2064,1.0078125,-4,-0.244140625,-16,-0.9765625,0,0.0,-1422,-5213,-4216,-378,-2.076416015625,-392,-2.1533203125,-6633,-36.4361572265625,407,4.07
6256,226114,2350735,2.5885,2,5,0.00244140625,-20,-0.009765625,2075,1.01318359375,-3,-0.18310546875,-4,-0.244140625,9,0.54931640625,-2835,4891,13314,-233,-1.2799072265625,-19,-0.1043701171875,25256,138.7353515625,409,4.09
6260,226257,2350738,2.59,0,-2,-0.0009765625,-19,-0.00927734375,2098,1.0244140625,-4,-0.244140625,-13,-0.79345703125,4,0.244140625,-8351,-3941,128,-191,-1.0491943359375,6,0.032958984375,-20947,-115.0653076171875,404,4.04
6267,226511,2350744,2.593,1,-7,-0.00341796875,-19,-0.00927734375,2064,1.0078125,-1,-0.06103515625,-15,-0.91552734375,0,0.0,-1439,-5217,-4183,-376,-2.0654296875,-389,-2.1368408203125,-6633,-36.4361572265625,407,4.07
6268,226543,2350744,2.593,2,5,0.00244140625,-19,-0.00927734375,2076,1.013671875,-3,-0.18310546875,-4,-0.244140625,9,0.54931640625,-2848,4913,13277,-233,-1.2799072265625,-19,-0.1043701171875,25256,138.7353515625,409,4.09
6281,227019,2350756,2.599,0,-2,-0.0009765625,-19,-0.00927734375,2098,1.0244140625,-4,-0.244140625,-13,-0.79345703125,4,0.244140625,-8351,-3941,128,-191,-1.0491943359375,6,0.032958984375,-20947,-115.0653076171875,404,4.04
6282,227051,2350756,2.599,1,-9,-0.00439453125,-14,-0.0068359375,2057,1.00439453125,-3,-0.18310546875,-13,-0.79345703125,-2,-0.1220703125,-1438,-5236,-4163,-376,-2.0654296875,-389,-2.1368408203125,-6633,-36.4361572265625,408,4.08
6283,227083,2350756,2.599,2,5,0.00244140625,-20,-0.009765625,2076,1.013671875,-3,-0.18310546875,-4,-0.244140625,9,0.54931640625,-2865,4902,13304,-233,-1.2799072265625,-19,-0.1043701171875,25256,138.7353515625,409,4.09
6295,227522,2350767,2.6045,0,-3,-0.00146484375,-19,-0.00927734375,2101,1.02587890625,-4,-0.244140625,-15,-0.91552734375,4,0.244140625,-8343,-3970,170,-191,-1.0491943359375,6,0.032958984375,-20947,-115.0653076171875,404,4.04
6297,227591,2350768,2.605,1,-9,-0.00439453125,-19,-0.00927734375,2058,1.0048828125,-2,-0.1220703125,-13,-0.79345703125,-1,-0.06103515625,-1436,-5265,-4158,-375,-2.0599365234375,-387,-2.1258544921875,-6633,-36.4361572265625,408,4.08
6300,227697,2350770,2.606,2,5,0.00244140625,-20,-0.009765625,2075,1.01318359375,-3,-0.18310546875,-3,-0.18310546875,9,0.54931640625,-2866,4902,13335,-233,-1.2799072265625,-19,-0.1043701171875,25256,138.7353515625,409,4.09
6311,228099,2350780,2.611,0,-4,-0.001953125,-20,-0.009765625,2101,1.02587890625,-5,-0.30517578125,-16,-0.9765625,3,0.18310546875,-8349,-3957,184,-191,-1.0491943359375,6,0.032958984375,-20947,-115.0653076171875,404,4.04
6314,228205,2350782,2.612,1,-10,-0.0048828125,-21,-0.01025390625,2060,1.005859375,-2,-0.1220703125,-16,-0.9765625,-4,-0.244140625,-1427,-5266,-4141,-375,-2.0599365234375,-387,-2.1258544921875,-6633,-36.4361572265625,408,4.08
6317,228311,2350784,2.613,2,5,0.00244140625,-21,-0.01025390625,2076,1.013671875,-3,-0.18310546875,-4,-0.244140625,9,0.54931640625,-2876,4893,13291,-233,-1.2799072265625,-19,-0.1043701171875,25256,138.7353515625,409,4.09
6328,228713,2350794,2.618,0,-1,-0.00048828125,-18,-0.0087890625,2097,1.02392578125,-3,-0.18310546875,-15,-0.91552734375,5,0.30517578125,-8334,-3939,173,-191,-1.0491943359375,6,0.032958984375,-20947,-115.0653076171875,405,4.05
6331,228819,2350796,2.619,1,-7,-0.00341796875,-22,-0.0107421875,2063,1.00732421875,-3,-0.18310546875,-16,-0.9765625,-1,-0.06103515625,-1446,-5247,-4173,-375,-2.0599365234375,-387,-2.1258544921875,-6633,-36.4361572265625,408,4.08
6338,229073,2350802,2.622,2,4,0.001953125,-21,-0.01025390625,2077,1.01416015625,-3,-0.18310546875,-4,-0.244140625,9,0.54931640625,-2867,4908,13293,-233,-1.2799072265625,-19,-0.1043701171875,25256,138.7353515625,409,4.09
6345,229327,2350808,2.625,0,-1,-0.00048828125,-13,-0.00634765625,2103,1.02685546875,-7,-0.42724609375,-14,-0.8544921875,5,0.30517578125,-8331,-3935,143,-191,-1.0491943359375,6,0.032958984375,-20947,-115.0653076171875,405,4.05
6352,229581,2350814,2.628,1,-9,-0.00439453125,-19,-0.00927734375,2062,1.0068359375,-2,-0.1220703125,-14,-0.8544921875,-2,-0.1220703125,-1425,-5231,-4151,-373,-2.0489501953125,-384,-2.109375,-6633,-36.4361572265625,408,4.08
6353,229613,2350814,2.628,2,4,0.001953125,-22,-0.0107421875,2077,1.01416015625,-3,-0.18310546875,-4,-0.244140625,10,0.6103515625,-2870,4930,13234,-233,-1.2799072265625,-19,-0.1043701171875,25256,138.7353515625,410,4.1
6366,230089,2350826,2.634,0,-1,-0.00048828125,-13,-0.00634765625,2103,1.02685546875,-7,-0.42724609375,-14,-0.8544921875,5,0.30517578125,-8331,-3935,143,-191,-1.0491943359375,6,0.032958984375,-20947,-115.0653076171875,405,4.05
6367,230121,2350826,2.634,1,-9,-0.00439453125,-19,-0.00927734375,2059,1.00537109375,-1,-0.06103515625,-13,-0.79345703125,-2,-0.1220703125,-1405,-5232,-4153,-373,-2.0489501953125,-384,-2.109375,-6633,-36.4361572265625,408,4.08
6368,230153,2350826,2.634,2,4,0.001953125,-22,-0.0107421875,2076,1.013671875,-3,-0.18310546875,-4,-0.244140625,9,0.54931640625,-2868,4939,13236,-233,-1.2799072265625,-19,-0.1043701171875,25256,138.7353515625,410,4.1
6380,230592,2350837,2.6395,0,4,0.001953125,-22,-0.0107421875,2102,1.0263671875,-6,-0.3662109375,-17,-1.03759765625,6,0.3662109375,-8323,-3943,192,-191,-1.0491943359375,6,0.032958984375,-20947,-115.0653076171875,405,4.05
6382,230661,2350838,2.64,1,-9,-0.00439453125,-18,-0.0087890625,2061,1.00634765625,-1,-0.06103515625,-15,-0.91552734375,-1,-0.06103515625,-1383,-5231,-4178,-373,-2.0489501953125,-384,-2.109375,-6633,-36.4361572265625,408,4.08
6385,230767,2350840,2.641,2,5,0.00244140625,-22,-0.0107421875,2075,1.01318359375,-3,-0.18310546875,-4,-0.244140625,10,0.6103515625,-2864,4945,13262,-233,-1.2799072265625,-19,-0.1043701171875,25256,138.7353515625,410,4.1
6396,231169,2350850,2.646,0,-1,-0.00048828125,-20,-0.009765625,2098,1.0244140625,-7,-0.42724609375,-16,-0.9765625,2,0.1220703125,-8309,-3932,198,-191,-1.0491943359375,6,0.032958984375,-20947,-115.0653076171875,405,4.05
6399,231275,2350852,2.647,1,-10,-0.0048828125,-17,-0.00830078125,2058,1.0048828125,0,0.0,-15,-0.91552734375,-3,-0.18310546875,-1374,-5226,-4183,-371,-2.0379638671875,-382,-2.098388671875,-6633,-36.4361572265625,408,4.08
6402,231381,2350854,2.648,2,5,0.00244140625,-21,-0.01025390625,2074,1.0126953125,-3,-0.18310546875,-4,-0.244140625,9,0.54931640625,-2881,4958,13268,-233,-1.2799072265625,-19,-0.1043701171875,25256,138.7353515625,410,4.1
6413,231783,2350864,2.653,0,0,0.0,-20,-0.009765625,2098,1.0244140625,-4,-0.244140625,-15,-0.91552734375,3,0.18310546875,-8314,-3916,200,-191,-1.0491943359375,6,0.032958984375,-20947,-115.0653076171875,405,4.05
6416,231889,2350866,2.654,1,-7,-0.00341796875,-16,-0.0078125,2060,1.005859375,-2,-0.1220703125,-14,-0.8544921875,-2,-0.1220703125,-1358,-5231,-4164,-371,-2.0379638671875,-382,-2.098388671875,-6633,-36.4361572265625,408,4.08
6423,232143,2350872,2.657,2,5,0.00244140625,-21,-0.01025390625,2075,1.01318359375,-3,-0.18310546875,-4,-0.244140625,10,0.6103515625,-2866,4944,13264,-233,-1.2799072265625,-19,-0.1043701171875,25256,138.7353515625,410,4.1
6430,232397,2350878,2.66,0,-2,-0.0009765625,-19,-0.00927734375,2098,1.0244140625,-8,-0.48828125,-15,-0.91552734375,4,0.244140625,-8308,-3899,181,-191,-1.0491943359375,6,0.032958984375,-20947,-115.0653076171875,405,4.05
6437,232651,2350884,2.663,1,-8,-0.00390625,-14,-0.0068359375,2061,1.00634765625,0,0.0,-15,-0.91552734375,-2,-0.1220703125,-1371,-5223,-4148,-371,-2.0379638671875,-382,-2.098388671875,-6633,-36.4361572265625,408,4.08
6438,232683,2350884,2.663,2,5,0.00244140625,-21,-0.01025390625,2076,1.013671875,-3,-0.18310546875,-4,-0.244140625,10,0.6103515625,-2857,4941,13245,-233,-1.2799072265625,-19,-0.1043701171875,25256,138.7353515625,410,4.1
6451,233159,2350896,2.669,0,1,0.00048828125,-22,-0.0107421875,2100,1.025390625,-6,-0.3662109375,-17,-1.03759765625,6,0.3662109375,-8309,-3902,171,-191,-1.0491943359375,6,0.032958984375,-20947,-115.0653076171875,405,4.05
6452,233191,2350896,2.669,1,-6,-0.0029296875,-19,-0.00927734375,2061,1.00634765625,-4,-0.244140625,-13,-0.79345703125,0,0.0,-1357,-5230,-4121,-370,-2.032470703125,-380,-2.08740234375,-6633,-36.4361572265625,408,4.08
6454,233260,2350897,2.6695,2,5,0.00244140625,-21,-0.01025390625,2076,1.013671875,-3,-0.18310546875,-4,-0.244140625,10,0.6103515625,-2855,4956,13235,-233,-1.2799072265625,-19,-0.1043701171875,25256,138.7353515625,410,4.1
6465,233662,2350907,2.6745,0,0,0.0,-21,-0.01025390625,2105,1.02783203125,-7,-0.42724609375,-13,-0.79345703125,5,0.30517578125,-8319,-3905,129,-191,-1.0491943359375,6,0.032958984375,-20947,-115.0653076171875,406,4.06
6467,233731,2350908,2.675,1,-8,-0.00390625,-19,-0.00927734375,2056,1.00390625,-3,-0.18310546875,-14,-0.8544921875,0,0.0,-1367,-5212,-4159,-370,-2.032470703125,-380,-2.08740234375,-6633,-36.4361572265625,408,4.08
6470,233837,2350910,2.676,2,5,0.00244140625,-21,-0.01025390625,2076,1.013671875,-3,-0.18310546875,-4,-0.244140625,10,0.6103515625,-2854,4950,13261,-233,-1.2799072265625,-19,-0.1043701171875,25256,138.7353515625,410,4.1
6481,234239,2350920,2.681,0,0,0.0,-21,-0.01025390625,2100,1.025390625,-4,-0.244140625,-15,-0.91552734375,3,0.18310546875,-8313,-3901,118,-191,-1.0491943359375,6,0.032958984375,-20947,-115.0653076171875,406,4.06
6484,234345,2350922,2.682,1,-8,-0.00390625,-19,-0.00927734375,2060,1.005859375,-1,-0.06103515625,-15,-0.91552734375,0,0.0,-1358,-5211,-4151,-370,-2.032470703125,-380,-2.08740234375,-6633,-36.4361572265625,408,4.08
6487,234451,2350924,2.683,2,6,0.0029296875,-21,-0.01025390625,2077,1.01416015625,-3,-0.18310546875,-4,-0.244140625,10,0.6103515625,-2853,4942,13305,-233,-1.2799072265625,-19,-0.1043701171875,25256,138.7353515625,410,4.1
6498,234853,2350934,2.688,0,-2,-0.0009765625,-22,-0.0107421875,2099,1.02490234375,-5,-0.30517578125,-14,-0.8544921875,4,0.244140625,-8307,-3907,159,-191,-1.0491943359375,6,0.032958984375,-20947,-115.0653076171875,406,4.06
6501,234959,2350936,2.689,1,-13,-0.00634765625,-18,-0.0087890625,2059,1.00537109375,-2,-0.1220703125,-14,-0.8544921875,-2,-0.1220703125,-1336,-5222,-4151,-368,-2.021484375,-377,-2.0709228515625,-6633,-36.4361572265625,407,4.07
6508,235213,2350942,2.692,2,7,0.00341796875,-21,-0.01025390625,2076,1.013671875,-3,-0.18310546875,-4,-0.244140625,10,0.6103515625,-2856,4942,13294,-233,-1.2799072265625,-19,-0.1043701171875,25256,138.7353515625,410,4.1
6515,235467,2350948,2.695,0,0,0.0,-20,-0.009765625,2099,1.02490234375,-6,-0.3662109375,-15,-0.91552734375,6,0.3662109375,-8331,-3902,120,-191,-1.0491943359375,6,0.032958984375,-20947,-115.0653076171875,406,4.06
6522,235721,2350954,2.698,1,-8,-0.00390625,-19,-0.00927734375,2059,1.00537109375,-1,-0.06103515625,-14,-0.8544921875,-1,-0.06103515625,-1354,-5208,-4148,-368,-2.021484375,-377,-2.0709228515625,-6633,-36.4361572265625,407,4.07
6523,235753,2350954,2.698,2,6,0.0029296875,-22,-0.0107421875,2076,1.013671875,-2,-0.1220703125,-4,-0.244140625,10,0.6103515625,-2852,4925,13266,-233,-1.2799072265625,-19,-0.1043701171875,25256,138.7353515625,410,4.1
6536,236229,2350966,2.704,0,-2,-0.0009765625,-18,-0.0087890625,2106,1.0283203125,-6,-0.3662109375,-13,-0.79345703125,7,0.42724609375,-8326,-3912,51,-191,-1.0491943359375,6,0.032958984375,-20947,-115.0653076171875,406,4.06
6537,236261,2350966,2.704,1,-6,-0.0029296875,-16,-0.0078125,2060,1.005859375,0,0.0,-14,-0.8544921875,-1,-0.06103515625,-1362,-5211,-4165,-368,-2.021484375,-377,-2.0709228515625,-6633,-36.4361572265625,407,4.07
6538,236293,2350966,2.704,2,5,0.00244140625,-22,-0.0107421875,2076,1.013671875,-3,-0.18310546875,-4,-0.244140625,9,0.54931640625,-2846,4926,13274,-233,-1.2799072265625,-19,-0.1043701171875,25256,138.7353515625,410,4.1
6550,236732,2350977,2.7095,0,-1,-0.00048828125,-19,-0.00927734375,2100,1.025390625,-5,-0.30517578125,-15,-0.91552734375,5,0.30517578125,-8301,-3895,90,-191,-1.0491943359375,6,0.032958984375,-20947,-115.0653076171875,406,4.06
6552,236801,2350978,2.71,1,-7,-0.00341796875,-17,-0.00830078125,2060,1.005859375,-2,-0.1220703125,-15,-0.91552734375,1,0.06103515625,-1349,-5218,-4184,-367,-2.0159912109375,-375,-2.0599365234375,-6633,-36.4361572265625,407,4.07
6555,236907,2350980,2.711,2,5,0.00244140625,-22,-0.0107421875,2076,1.013671875,-3,-0.18310546875,-4,-0.244140625,9,0.54931640625,-2837,4906,13269,-233,-1.2799072265625,-19,-0.1043701171875,25256,138.7353515625,410,4.1
6566,237309,2350990,2.716,0,0,0.0,-18,-0.0087890625,2101,1.02587890625,-6,-0.3662109375,-15,-0.91552734375,6,0.3662109375,-8304,-3897,95,-191,-1.0491943359375,6,0.032958984375,-20947,-115.0653076171875,406,4.06
6569,237415,2350992,2.717,1,-9,-0.00439453125,-19,-0.00927734375,2057,1.00439453125,2,0.1220703125,-13,-0.79345703125,1,0.06103515625,-1316,-5243,-4190,-367,-2.0159912109375,-375,-2.0599365234375,-6633,-36.4361572265625,407,4.07
6572,237521,2350994,2.718,2,5,0.00244140625,-23,-0.01123046875,2077,1.01416015625,-3,-0.18310546875,-4,-0.244140625,9,0.54931640625,-2841,4906,13250,-233,-1.2799072265625,-19,-0.1043701171875,25256,138.7353515625,410,4.1
6583,237923,2351004,2.723,0,0,0.0,-18,-0.0087890625,2101,1.02587890625,-6,-0.3662109375,-15,-0.91552734375,6,0.3662109375,-8304,-3897,95,-191,-1.0491943359375,6,0.032958984375,-20947,-115.0653076171875,406,4.06
6586,238029,2351006,2.724,1,-8,-0.00390625,-16,-0.0078125,2064,1.0078125,-4,-0.244140625,-16,-0.9765625,-2,-0.1220703125,-1318,-5232,-4203,-367,-2.0159912109375,-375,-2.0599365234375,-6633,-36.4361572265625,407,4.07
6593,238283,2351012,2.727,2,4,0.001953125,-22,-0.0107421875,2076,1.013671875,-3,-0.18310546875,-4,-0.244140625,10,0.6103515625,-2840,4904,13271,-233,-1.2799072265625,-19,-0.1043701171875,25256,138.7353515625,410,4.1
6600,238537,2351018,2.73,0,2,0.0009765625,-18,-0.0087890625,2096,1.0234375,-6,-0.3662109375,-15,-0.91552734375,6,0.3662109375,-8287,-3928,105,-191,-1.0491943359375,6,0.032958984375,-20947,-115.0653076171875,405,4.05
6607,238791,2351024,2.733,1,-12,-0.005859375,-17,-0.00830078125,2059,1.00537109375,-1,-0.06103515625,-15,-0.91552734375,1,0.06103515625,-1308,-5254,-4227,-365,-2.0050048828125,-373,-2.0489501953125,-6633,-36.4361572265625,406,4.06
6608,238823,2351024,2.733,2,4,0.001953125,-21,-0.01025390625,2076,1.013671875,-3,-0.18310546875,-4,-0.244140625,9,0.54931640625,-2820,4919,13261,-233,-1.2799072265625,-19,-0.1043701171875,25256,138.7353515625,410,4.1
6621,239299,2351036,2.739,0,-2,-0.0009765625,-18,-0.0087890625,2102,1.0263671875,-6,-0.3662109375,-14,-0.8544921875,3,0.18310546875,-8294,-3937,108,-191,-1.0491943359375,6,0.032958984375,-20947,-115.0653076171875,405,4.05
6622,239331,2351036,2.739,1,-10,-0.0048828125,-19,-0.00927734375,2062,1.0068359375,-3,-0.18310546875,-14,-0.8544921875,-4,-0.244140625,-1292,-5253,-4237,-365,-2.0050048828125,-373,-2.0489501953125,-6633,-36.4361572265625,406,4.06
6624,239400,2351037,2.7395,2,5,0.00244140625,-22,-0.0107421875,2075,1.01318359375,-3,-0.18310546875,-5,-0.30517578125,10,0.6103515625,-2809,4933,13228,-233,-1.2799072265625,-19,-0.1043701171875,25256,138.7353515625,410,4.1
6635,239802,2351047,2.7445,0,-2,-0.0009765625,-22,-0.0107421875,2104,1.02734375,-7,-0.42724609375,-13,-0.79345703125,3,0.18310546875,-8282,-3949,160,-191,-1.0491943359375,6,0.032958984375,-20947,-115.0653076171875,405,4.05
6637,239871,2351048,2.745,1,-7,-0.00341796875,-19,-0.00927734375,2057,1.00439453125,1,0.06103515625,-15,-0.91552734375,-1,-0.06103515625,-1277,-5253,-4228,-365,-2.0050048828125,-373,-2.0489501953125,-6633,-36.4361572265625,406,4.06
6640,239977,2351050,2.746,2,5,0.00244140625,-22,-0.0107421875,2075,1.01318359375,-3,-0.18310546875,-4,-0.244140625,10,0.6103515625,-2796,4935,13260,-233,-1.2799072265625,-19,-0.1043701171875,25256,138.7353515625,410,4.1
6651,240379,2351060,2.751,0,-2,-0.0009765625,-22,-0.0107421875,2099,1.02490234375,-6,-0.3662109375,-16,-0.9765625,4,0.244140625,-8286,-3962,153,-191,-1.0491943359375,6,0.032958984375,-20947,-115.0653076171875,405,4.05
6654,240485,2351062,2.752,1,-8,-0.00390625,-15,-0.00732421875,2056,1.00390625,0,0.0,-13,-0.79345703125,-4,-0.244140625,-1280,-5274,-4210,-364,-1.99951171875,-370,-2.032470703125,-6632,-36.4306640625,406,4.06
6657,240591,2351064,2.753,2,6,0.0029296875,-21,-0.01025390625,2076,1.013671875,-3,-0.18310546875,-4,-0.244140625,10,0.6103515625,-2816,4931,13247,-233,-1.2799072265625,-19,-0.1043701171875,25256,138.7353515625,410,4.1
6668,240993,2351074,2.758,0,-2,-0.0009765625,-22,-0.0107421875,2099,1.02490234375,-6,-0.3662109375,-16,-0.9765625,4,0.244140625,-8286,-3962,153,-191,-1.0491943359375,6,0.032958984375,-20947,-115.0653076171875,405,4.05
6671,241099,2351076,2.759,1,-10,-0.0048828125,-17,-0.00830078125,2064,1.0078125,1,0.06103515625,-14,-0.8544921875,0,0.0,-1302,-5264,-4208,-364,-1.99951171875,-370,-2.032470703125,-6632,-36.4306640625,406,4.06
6678,241353,2351082,2.762,2,6,0.0029296875,-21,-0.01025390625,2076,1.013671875,-3,-0.18310546875,-4,-0.244140625,10,0.6103515625,-2821,4918,13268,-233,-1.2799072265625,-19,-0.1043701171875,25256,138.7353515625,410,4.1
6685,241607,2351088,2.765,0,-2,-0.0009765625,-18,-0.0087890625,2101,1.02587890625,-6,-0.3662109375,-13,-0.79345703125,3,0.18310546875,-8263,-3941,185,-191,-1.0491943359375,6,0.032958984375,-20947,-115.0653076171875,405,4.05
6695,241972,2351097,2.7695,1,-10,-0.0048828125,-18,-0.0087890625,2060,1.005859375,2,0.1220703125,-16,-0.9765625,-1,-0.06103515625,-1341,-5264,-4160,-362,-1.988525390625,-368,-2.021484375,-6632,-36.4306640625,406,4.06
6696,242004,2351097,2.7695,2,6,0.0029296875,-21,-0.01025390625,2076,1.013671875,-3,-0.18310546875,-4,-0.244140625,10,0.6103515625,-2801,4916,13297,-233,-1.2799072265625,-19,-0.1043701171875,25256,138.7353515625,410,4.1
6708,242443,2351108,2.775,0,-3,-0.00146484375,-18,-0.0087890625,2104,1.02734375,-8,-0.48828125,-15,-0.91552734375,4,0.244140625,-8288,-3961,199,-191,-1.0491943359375,6,0.032958984375,-20947,-115.0653076171875,405,4.05
6709,242475,2351108,2.775,1,-6,-0.0029296875,-21,-0.01025390625,2060,1.005859375,4,0.244140625,-16,-0.9765625,-2,-0.1220703125,-1327,-5258,-4176,-362,-1.988525390625,-368,-2.021484375,-6632,-36.4306640625,407,4.07
6711,242544,2351109,2.7755,2,6,0.0029296875,-21,-0.01025390625,2076,1.013671875,-3,-0.18310546875,-4,-0.244140625,9,0.54931640625,-2849,4913,13303,-233,-1.2799072265625,-19,-0.1043701171875,25256,138.7353515625,410,4.1
6721,242909,2351118,2.78,0,-4,-0.001953125,-20,-0.009765625,2099,1.02490234375,-4,-0.244140625,-15,-0.91552734375,5,0.30517578125,-8289,-3928,214,-191,-1.0491943359375,6,0.032958984375,-20947,-115.0653076171875,405,4.05
6722,242941,2351118,2.78,1,-10,-0.0048828125,-19,-0.00927734375,2057,1.00439453125,-2,-0.1220703125,-13,-0.79345703125,0,0.0,-1314,-5253,-4191,-362,-1.988525390625,-368,-2.021484375,-6632,-36.4306640625,407,4.07
6725,243047,2351120,2.781,2,6,0.0029296875,-20,-0.009765625,2076,1.013671875,-3,-0.18310546875,-4,-0.244140625,9,0.54931640625,-2861,4934,13299,-233,-1.2799072265625,-19,-0.1043701171875,25256,138.7353515625,410,4.1
6736,243449,2351130,2.786,0,-3,-0.00146484375,-23,-0.01123046875,2101,1.02587890625,-6,-0.3662109375,-14,-0.8544921875,4,0.244140625,-8302,-3916,232,-191,-1.0491943359375,6,0.032958984375,-20947,-115.0653076171875,405,4.05
6739,243555,2351132,2.787,1,-7,-0.00341796875,-15,-0.00732421875,2058,1.0048828125,-1,-0.06103515625,-13,-0.79345703125,-2,-0.1220703125,-1358,-5269,-4208,-361,-1.9830322265625,-366,-2.010498046875,-6632,-36.4306640625,407,4.07
6742,243661,2351134,2.788,2,5,0.00244140625,-20,-0.009765625,2075,1.01318359375,-3,-0.18310546875,-4,-0.244140625,9,0.54931640625,-2868,4943,13345,-233,-1.2799072265625,-19,-0.1043701171875,25256,138.7353515625,410,4.1
6753,244063,2351144,2.793,0,-3,-0.00146484375,-23,-0.01123046875,2101,1.02587890625,-6,-0.3662109375,-14,-0.8544921875,4,0.244140625,-8302,-3916,232,-191,-1.0491943359375,6,0.032958984375,-20947,-115.0653076171875,405,4.05
6756,244169,2351146,2.794,1,-10,-0.0048828125,-17,-0.00830078125,2060,1.005859375,-1,-0.06103515625,-14,-0.8544921875,-1,-0.06103515625,-1337,-5290,-4223,-361,-1.9830322265625,-366,-2.010498046875,-6632,-36.4306640625,407,4.07
6763,244423,2351152,2.797,2,4,0.001953125,-21,-0.01025390625,2075,1.01318359375,-2,-0.1220703125,-4,-0.244140625,10,0.6103515625,-2867,4932,13312,-233,-1.2799072265625,-19,-0.1043701171875,25256,138.7353515625,410,4.1
6770,244677,2351158,2.8,0,0,0.0,-18,-0.0087890625,2099,1.02490234375,-4,-0.244140625,-14,-0.8544921875,5,0.30517578125,-8300,-3927,266,-191,-1.0491943359375,6,0.032958984375,-20947,-115.0653076171875,405,4.05
6777,244931,2351164,2.803,1,-8,-0.00390625,-19,-0.00927734375,2055,1.00341796875,-3,-0.18310546875,-14,-0.8544921875,0,0.0,-1369,-5299,-4235,-361,-1.9830322265625,-366,-2.010498046875,-6632,-36.4306640625,408,4.08
6778,244963,2351164,2.803,2,4,0.001953125,-22,-0.0107421875,2075,1.01318359375,-3,-0.18310546875,-4,-0.244140625,10,0.6103515625,-2871,4921,13312,-233,-1.2799072265625,-19,-0.1043701171875,25256,138.7353515625,410,4.1
6791,245439,2351176,2.809,0,-2,-0.0009765625,-21,-0.01025390625,2101,1.02587890625,-8,-0.48828125,-14,-0.8544921875,4,0.244140625,-8284,-3935,278,-191,-1.0491943359375,6,0.032958984375,-20947,-115.0653076171875,405,4.05
6792,245471,2351176,2.809,1,-10,-0.0048828125,-20,-0.009765625,2060,1.005859375,1,0.06103515625,-15,-0.91552734375,-1,-0.06103515625,-1377,-5291,-4225,-359,-1.9720458984375,-363,-1.9940185546875,-6632,-36.4306640625,408,4.08
6794,245540,2351177,2.8095,2,5,0.00244140625,-21,-0.01025390625,2075,1.01318359375,-3,-0.18310546875,-4,-0.244140625,10,0.6103515625,-2873,4966,13308,-233,-1.2799072265625,-19,-0.1043701171875,25256,138.7353515625,410,4.1
6814,246275,2351196,2.819,0,-4,-0.001953125,-19,-0.00927734375,2101,1.02587890625,-6,-0.3662109375,-15,-0.91552734375,4,0.244140625,-8287,-3934,306,-191,-1.0491943359375,6,0.032958984375,-20948,-115.07080078125,405,4.05
6821,246529,2351202,2.822,1,-9,-0.00439453125,-17,-0.00830078125,2055,1.00341796875,-2,-0.1220703125,-17,-1.03759765625,-2,-0.1220703125,-1397,-5283,-4245,-359,-1.9720458984375,-363,-1.9940185546875,-6632,-36.4306640625,408,4.08
6824,246635,2351204,2.823,2,5,0.00244140625,-22,-0.0107421875,2076,1.013671875,-2,-0.1220703125,-4,-0.244140625,9,0.54931640625,-2886,4943,13349,-233,-1.2799072265625,-19,-0.1043701171875,25256,138.7353515625,410,4.1
6835,247037,2351214,2.828,0,1,0.00048828125,-18,-0.0087890625,2102,1.0263671875,-8,-0.48828125,-15,-0.91552734375,6,0.3662109375,-8294,-3945,286,-191,-1.0491943359375,6,0.032958984375,-20948,-115.07080078125,405,4.05
6838,247143,2351216,2.829,1,-8,-0.00390625,-13,-0.00634765625,2062,1.0068359375,0,0.0,-13,-0.79345703125,-1,-0.06103515625,-1385,-5242,-4258,-358,-1.966552734375,-361,-1.9830322265625,-6632,-36.4306640625,408,4.08
6841,247249,2351218,2.83,2,5,0.00244140625,-22,-0.0107421875,2076,1.013671875,-3,-0.18310546875,-4,-0.244140625,9,0.54931640625,-2863,4917,13346,-233,-1.2799072265625,-19,-0.1043701171875,25256,138.7353515625,410,4.1
6852,247651,2351228,2.835,0,0,0.0,-18,-0.0087890625,2097,1.02392578125,-7,-0.42724609375,-12,-0.732421875,6,0.3662109375,-8260,-3968,261,-191,-1.0491943359375,6,0.032958984375,-20948,-115.07080078125,405,4.05
6855,247757,2351230,2.836,1,-7,-0.00341796875,-19,-0.00927734375,2063,1.00732421875,0,0.0,-14,-0.8544921875,-4,-0.244140625,-1388,-5235,-4248,-358,-1.966552734375,-361,-1.9830322265625,-6632,-36.4306640625,408,4.08
6862,248011,2351236,2.839,2,6,0.0029296875,-22,-0.0107421875,2077,1.01416015625,-3,-0.18310546875,-4,-0.244140625,10,0.6103515625,-2875,4920,13319,-233,-1.2799072265625,-19,-0.1043701171875,25256,138.7353515625,410,4.1
6869,248265,2351242,2.842,0,-1,-0.00048828125,-19,-0.00927734375,2101,1.02587890625,-8,-0.48828125,-16,-0.9765625,5,0.30517578125,-8265,-3979,267,-191,-1.0491943359375,6,0.032958984375,-20948,-115.07080078125,405,4.05
6876,248519,2351248,2.845,1,-8,-0.00390625,-15,-0.00732421875,2062,1.0068359375,0,0.0,-15,-0.91552734375,0,0.0,-1432,-5257,-4229,-358,-1.966552734375,-361,-1.9830322265625,-6632,-36.4306640625,408,4.08
6877,248551,2351248,2.845,2,6,0.0029296875,-21,-0.01025390625,2076,1.013671875,-3,-0.18310546875,-4,-0.244140625,9,0.54931640625,-2894,4922,13344,-233,-1.2799072265625,-19,-0.1043701171875,25256,138.7353515625,410,4.1
6890,249027,2351260,2.851,0,-1,-0.00048828125,-19,-0.00927734375,2101,1.02587890625,-8,-0.48828125,-16,-0.9765625,5,0.30517578125,-8265,-3979,267,-191,-1.0491943359375,6,0.032958984375,-20948,-115.07080078125,405,4.05
6891,249059,2351260,2.851,1,-8,-0.00390625,-18,-0.0087890625,2055,1.00341796875,-2,-0.1220703125,-15,-0.91552734375,-4,-0.244140625,-1439,-5274,-4249,-356,-1.95556640625,-359,-1.9720458984375,-6632,-36.4306640625,408,4.08
6893,249128,2351261,2.8515,2,5,0.00244140625,-22,-0.0107421875,2076,1.013671875,-3,-0.18310546875,-4,-0.244140625,9,0.54931640625,-2886,4930,13347,-233,-1.2799072265625,-19,-0.1043701171875,25256,138.7353515625,410,4.1
6904,249530,2351271,2.8565,0,-2,-0.0009765625,-18,-0.0087890625,2102,1.0263671875,-4,-0.244140625,-15,-0.91552734375,4,0.244140625,-8287,-3949,238,-191,-1.0491943359375,6,0.032958984375,-20948,-115.07080078125,405,4.05
6906,249599,2351272,2.857,1,-7,-0.00341796875,-21,-0.01025390625,2060,1.005859375,-5,-0.30517578125,-15,-0.91552734375,-2,-0.1220703125,-1409,-5273,-4252,-356,-1.95556640625,-359,-1.9720458984375,-6632,-36.4306640625,408,4.08
6909,249705,2351274,2.858,2,5,0.00244140625,-22,-0.0107421875,2075,1.01318359375,-3,-0.18310546875,-3,-0.18310546875,9,0.54931640625,-2881,4923,13347,-233,-1.2799072265625,-19,-0.1043701171875,25256,138.7353515625,410,4.1
6920,250107,2351284,2.863,0,-1,-0.00048828125,-21,-0.01025390625,2102,1.0263671875,-4,-0.244140625,-15,-0.91552734375,5,0.30517578125,-8288,-3967,217,-191,-1.0491943359375,6,0.032958984375,-20948,-115.07080078125,406,4.06
6923,250213,2351286,2.864,1,-7,-0.00341796875,-16,-0.0078125,2060,1.005859375,-3,-0.18310546875,-14,-0.8544921875,0,0.0,-1395,-5288,-4221,-356,-1.95556640625,-359,-1.9720458984375,-6632,-36.4306640625,408,4.08
6926,250319,2351288,2.865,2,6,0.0029296875,-21,-0.01025390625,2076,1.013671875,-3,-0.18310546875,-4,-0.244140625,9,0.54931640625,-2873,4919,13301,-233,-1.2799072265625,-19,-0.1043701171875,25256,138.7353515625,410,4.1
6937,250721,2351298,2.87,0,2,0.0009765625,-22,-0.0107421875,2094,1.0224609375,-7,-0.42724609375,-16,-0.9765625,4,0.244140625,-8269,-3959,167,-191,-1.0491943359375,6,0.032958984375,-20948,-115.07080078125,406,4.06
6940,250827,2351300,2.871,1,-8,-0.00390625,-17,-0.00830078125,2061,1.00634765625,1,0.06103515625,-14,-0.8544921875,-1,-0.06103515625,-1397,-5277,-4230,-355,-1.9500732421875,-357,-1.9610595703125,-6632,-36.4306640625,409,4.09
6947,251081,2351306,2.874,2,6,0.0029296875,-21,-0.01025390625,2076,1.013671875,-3,-0.18310546875,-4,-0.244140625,9,0.54931640625,-2875,4946,13327,-233,-1.2799072265625,-19,-0.1043701171875,25256,138.7353515625,410,4.1
6954,251335,2351312,2.877,0,-1,-0.00048828125,-21,-0.01025390625,2098,1.0244140625,-4,-0.244140625,-13,-0.79345703125,5,0.30517578125,-8296,-3959,167,-191,-1.0491943359375,6,0.032958984375,-20948,-115.07080078125,406,4.06
6961,251589,2351318,2.88,1,-9,-0.00439453125,-17,-0.00830078125,2057,1.00439453125,1,0.06103515625,-14,-0.8544921875,0,0.0,-1379,-5309,-4178,-355,-1.9500732421875,-357,-1.9610595703125,-6632,-36.4306640625,409,4.09
6962,251621,2351318,2.88,2,6,0.0029296875,-21,-0.01025390625,2075,1.01318359375,-3,-0.18310546875,-4,-0.244140625,9,0.54931640625,-2871,4942,13295,-233,-1.2799072265625,-19,-0.1043701171875,25256,138.7353515625,410,4.1
6975,252097,2351330,2.886,0,-1,-0.00048828125,-21,-0.01025390625,2098,1.0244140625,-4,-0.244140625,-13,-0.79345703125,5,0.30517578125,-8296,-3959,167,-191,-1.0491943359375,6,0.032958984375,-20948,-115.07080078125,406,4.06
6976,252129,2351330,2.886,1,-7,-0.00341796875,-18,-0.0087890625,2059,1.00537109375,-4,-0.244140625,-15,-0.91552734375,-2,-0.1220703125,-1326,-5306,-4176,-355,-1.9500732421875,-357,-1.9610595703125,-6632,-36.4306640625,409,4.09
6977,252161,2351330,2.886,2,5,0.00244140625,-21,-0.01025390625,2075,1.01318359375,-3,-0.18310546875,-4,-0.244140625,10,0.6103515625,-2881,4938,13333,-233,-1.2799072265625,-19,-0.1043701171875,25256,138.7353515625,410,4.1
6989,252600,2351341,2.8915,0,-1,-0.00048828125,-20,-0.009765625,2106,1.0283203125,-7,-0.42724609375,-14,-0.8544921875,4,0.244140625,-8305,-3973,191,-191,-1.0491943359375,6,0.032958984375,-20948,-115.07080078125,406,4.06
6991,252669,2351342,2.892,1,-7,-0.00341796875,-17,-0.00830078125,2058,1.0048828125,-4,-0.244140625,-13,-0.79345703125,1,0.06103515625,-1343,-5289,-4153,-353,-1.9390869140625,-354,-1.944580078125,-6632,-36.4306640625,409,4.09
6994,252775,2351344,2.893,2,5,0.00244140625,-21,-0.01025390625,2076,1.013671875,-3,-0.18310546875,-4,-0.244140625,10,0.6103515625,-2861,4944,13323,-233,-1.2799072265625,-19,-0.1043701171875,25256,138.7353515625,410,4.1
7005,253177,2351354,2.898,0,0,0.0,-20,-0.009765625,2098,1.0244140625,-5,-0.30517578125,-14,-0.8544921875,6,0.3662109375,-8284,-3980,217,-191,-1.0491943359375,6,0.032958984375,-20948,-115.07080078125,406,4.06
7008,253283,2351356,2.899,1,-8,-0.00390625,-17,-0.00830078125,2060,1.005859375,-1,-0.06103515625,-14,-0.8544921875,1,0.06103515625,-1336,-5288,-4137,-353,-1.9390869140625,-354,-1.944580078125,-6632,-36.4306640625,409,4.09
7011,253389,2351358,2.9,2,5,0.00244140625,-21,-0.01025390625,2076,1.013671875,-3,-0.18310546875,-4,-0.244140625,10,0.6103515625,-2863,4983,13296,-233,-1.2799072265625,-19,-0.1043701171875,25256,138.7353515625,410,4.1
7022,253791,2351368,2.905,0,-2,-0.0009765625,-22,-0.0107421875,2101,1.02587890625,-7,-0.42724609375,-15,-0.91552734375,6,0.3662109375,-8273,-3971,195,-191,-1.0491943359375,6,0.032958984375,-20948,-115.07080078125,406,4.06
7025,253897,2351370,2.906,1,-8,-0.00390625,-18,-0.0087890625,2059,1.00537109375,0,0.0,-16,-0.9765625,0,0.0,-1357,-5284,-4169,-353,-1.9390869140625,-354,-1.944580078125,-6632,-36.4306640625,409,4.09
7032,254151,2351376,2.909,2,5,0.00244140625,-21,-0.01025390625,2077,1.01416015625,-3,-0.18310546875,-4,-0.244140625,10,0.6103515625,-2885,4983,13328,-233,-1.2799072265625,-19,-0.1043701171875,25256,138.7353515625,410,4.1
7039,254405,2351382,2.912,0,0,0.0,-22,-0.0107421875,2098,1.0244140625,-5,-0.30517578125,-14,-0.8544921875,5,0.30517578125,-8271,-3973,232,-191,-1.0491943359375,6,0.032958984375,-20948,-115.07080078125,406,4.06
7046,254659,2351388,2.915,1,-9,-0.00439453125,-19,-0.00927734375,2059,1.00537109375,0,0.0,-13,-0.79345703125,-2,-0.1220703125,-1359,-5269,-4234,-352,-1.93359375,-352,-1.93359375,-6632,-36.4306640625,410,4.1
7047,254691,2351388,2.915,2,5,0.00244140625,-21,-0.01025390625,2076,1.013671875,-3,-0.18310546875,-4,-0.244140625,10,0.6103515625,-2848,4975,13360,-233,-1.2799072265625,-19,-0.1043701171875,25256,138.7353515625,409,4.09
7060,255167,2351400,2.921,0,0,0.0,-22,-0.0107421875,2098,1.0244140625,-5,-0.30517578125,-14,-0.8544921875,5,0.30517578125,-8271,-3973,232,-191,-1.0491943359375,6,0.032958984375,-20948,-115.07080078125,406,4.06
7061,255199,2351400,2.921,1,-12,-0.005859375,-18,-0.0087890625,2057,1.00439453125,1,0.06103515625,-14,-0.8544921875,0,0.0,-1356,-5260,-4227,-352,-1.93359375,-352,-1.93359375,-6632,-36.4306640625,410,4.1
7063,255268,2351401,2.9215,2,6,0.0029296875,-21,-0.01025390625,2077,1.01416015625,-3,-0.18310546875,-4,-0.244140625,10,0.6103515625,-2834,4967,13340,-233,-1.2799072265625,-19,-0.1043701171875,25256,138.7353515625,409,4.09
7074,255670,2351411,2.9265,0,0,0.0,-20,-0.009765625,2106,1.0283203125,-7,-0.42724609375,-13,-0.79345703125,6,0.3662109375,-8315,-3964,217,-191,-1.0491943359375,6,0.032958984375,-20948,-115.07080078125,405,4.05
7076,255739,2351412,2.927,1,-9,-0.00439453125,-19,-0.00927734375,2061,1.00634765625,-1,-0.06103515625,-14,-0.8544921875,-2,-0.1220703125,-1381,-5260,-4252,-350,-1.922607421875,-350,-1.922607421875,-6632,-36.4306640625,410,4.1
7079,255845,2351414,2.928,2,6,0.0029296875,-21,-0.01025390625,2077,1.01416015625,-3,-0.18310546875,-4,-0.244140625,9,0.54931640625,-2836,4968,13344,-233,-1.2799072265625,-19,-0.1043701171875,25256,138.7353515625,409,4.09
7090,256247,2351424,2.933,0,-4,-0.001953125,-24,-0.01171875,2100,1.025390625,-6,-0.3662109375,-15,-0.91552734375,4,0.244140625,-8319,-3958,197,-191,-1.0491943359375,6,0.032958984375,-20948,-115.07080078125,405,4.05
7093,256353,2351426,2.934,1,-9,-0.00439453125,-17,-0.00830078125,2055,1.00341796875,1,0.06103515625,-15,-0.91552734375,-1,-0.06103515625,-1387,-5265,-4237,-350,-1.922607421875,-350,-1.922607421875,-6632,-36.4306640625,410,4.1
7096,256459,2351428,2.935,2,5,0.00244140625,-21,-0.01025390625,2077,1.01416015625,-3,-0.18310546875,-3,-0.18310546875,9,0.54931640625,-2862,4941,13348,-233,-1.2799072265625,-19,-0.1043701171875,25256,138.7353515625,409,4.09
7107,256861,2351438,2.94,0,-2,-0.0009765625,-22,-0.0107421875,2099,1.02490234375,-5,-0.30517578125,-15,-0.91552734375,4,0.244140625,-8294,-3943,176,-191,-1.0491943359375,6,0.032958984375,-20948,-115.07080078125,405,4.05
7110,256967,2351440,2.941,1,-10,-0.0048828125,-21,-0.01025390625,2062,1.0068359375,-1,-0.06103515625,-13,-0.79345703125,-3,-0.18310546875,-1385,-5286,-4254,-350,-1.922607421875,-350,-1.922607421875,-6632,-36.4306640625,410,4.1
7117,257221,2351446,2.944,2,5,0.00244140625,-21,-0.01025390625,2076,1.013671875,-3,-0.18310546875,-4,-0.244140625,9,0.54931640625,-2870,4915,13362,-233,-1.2799072265625,-19,-0.1043701171875,25256,138.7353515625,409,4.09
7124,257475,2351452,2.947,0,-1,-0.00048828125,-18,-0.0087890625,2103,1.02685546875,-6,-0.3662109375,-11,-0.67138671875,6,0.3662109375,-8294,-3958,171,-191,-1.0491943359375,6,0.032958984375,-20948,-115.07080078125,405,4.05
7131,257729,2351458,2.95,1,-7,-0.00341796875,-18,-0.0087890625,2064,1.0078125,-1,-0.06103515625,-15,-0.91552734375,-2,-0.1220703125,-1396,-5261,-4254,-349,-1.9171142578125,-348,-1.91162109375,-6632,-36.4306640625,410,4.1
7132,257761,2351458,2.95,2,5,0.00244140625,-21,-0.01025390625,2075,1.01318359375,-3,-0.18310546875,-4,-0.244140625,10,0.6103515625,-2877,4892,13374,-233,-1.2799072265625,-19,-0.1043701171875,25256,138.7353515625,409,4.09
7145,258237,2351470,2.956,0,-1,-0.00048828125,-22,-0.0107421875,2102,1.0263671875,-7,-0.42724609375,-15,-0.91552734375,7,0.42724609375,-8279,-3962,138,-191,-1.0491943359375,6,0.032958984375,-20948,-115.07080078125,405,4.05
7146,258269,2351470,2.956,1,-6,-0.0029296875,-18,-0.0087890625,2058,1.0048828125,-2,-0.1220703125,-14,-0.8544921875,-3,-0.18310546875,-1412,-5249,-4242,-349,-1.9171142578125,-348,-1.91162109375,-6632,-36.4306640625,410,4.1
7148,258338,2351471,2.9565,2,5,0.00244140625,-21,-0.01025390625,2076,1.013671875,-3,-0.18310546875,-4,-0.244140625,10,0.6103515625,-2863,4915,13369,-233,-1.2799072265625,-19,-0.1043701171875,25256,138.7353515625,409,4.09
7159,258740,2351481,2.9615,0,-1,-0.00048828125,-17,-0.00830078125,2099,1.02490234375,-5,-0.30517578125,-14,-0.8544921875,6,0.3662109375,-8288,-3927,79,-191,-1.0491943359375,6,0.032958984375,-20949,-115.0762939453125,405,4.05
7161,258809,2351482,2.962,1,-7,-0.00341796875,-18,-0.0087890625,2057,1.00439453125,-4,-0.244140625,-16,-0.9765625,0,0.0,-1430,-5254,-4257,-349,-1.9171142578125,-348,-1.91162109375,-6632,-36.4306640625,410,4.1
7164,258915,2351484,2.963,2,5,0.00244140625,-21,-0.01025390625,2076,1.013671875,-3,-0.18310546875,-4,-0.244140625,10,0.6103515625,-2886,4907,13400,-233,-1.2799072265625,-19,-0.1043701171875,25256,138.7353515625,409,4.09
7175,259317,2351494,2.968,0,-2,-0.0009765625,-18,-0.0087890625,2101,1.02587890625,-6,-0.3662109375,-14,-0.8544921875,6,0.3662109375,-8301,-3935,82,-191,-1.0491943359375,6,0.032958984375,-20949,-115.0762939453125,405,4.05
7178,259423,2351496,2.969,1,-9,-0.00439453125,-19,-0.00927734375,2057,1.00439453125,-3,-0.18310546875,-14,-0.8544921875,-2,-0.1220703125,-1424,-5238,-4278,-347,-1.9061279296875,-346,-1.900634765625,-6632,-36.4306640625,410,4.1
7181,259529,2351498,2.97,2,5,0.00244140625,-20,-0.009765625,2075,1.01318359375,-3,-0.18310546875,-4,-0.244140625,9,0.54931640625,-2859,4926,13399,-233,-1.2799072265625,-19,-0.1043701171875,25256,138.7353515625,409,4.09
7192,259931,2351508,2.975,0,-1,-0.00048828125,-21,-0.01025390625,2098,1.0244140625,-6,-0.3662109375,-17,-1.03759765625,4,0.244140625,-8319,-3931,65,-191,-1.0491943359375,6,0.032958984375,-20949,-115.0762939453125,405,4.05
7195,260037,2351510,2.976,1,-10,-0.0048828125,-18,-0.0087890625,2058,1.0048828125,-1,-0.06103515625,-15,-0.91552734375,-2,-0.1220703125,-1407,-5269,-4298,-347,-1.9061279296875,-346,-1.900634765625,-6632,-36.4306640625,410,4.1
7202,260291,2351516,2.979,2,5,0.00244140625,-20,-0.009765625,2075,1.01318359375,-3,-0.18310546875,-4,-0.244140625,10,0.6103515625,-2885,4942,13397,-233,-1.2799072265625,-19,-0.1043701171875,25256,138.7353515625,409,4.09
7209,260545,2351522,2.982,0,-1,-0.00048828125,-17,-0.00830078125,2094,1.0224609375,-7,-0.42724609375,-14,-0.8544921875,5,0.30517578125,-8308,-3928,64,-191,-1.0491943359375,6,0.032958984375,-20949,-115.0762939453125,405,4.05
7216,260799,2351528,2.985,1,-10,-0.0048828125,-19,-0.00927734375,2060,1.005859375,-1,-0.06103515625,-13,-0.79345703125,0,0.0,-1381,-5292,-4313,-347,-1.9061279296875,-346,-1.900634765625,-6632,-36.4306640625,410,4.1
7217,260831,2351528,2.985,2,5,0.00244140625,-20,-0.009765625,2075,1.01318359375,-3,-0.18310546875,-4,-0.244140625,9,0.54931640625,-2884,4952,13398,-233,-1.2799072265625,-19,-0.1043701171875,25256,138.7353515625,409,4.09
7230,261307,2351540,2.991,0,2,0.0009765625,-21,-0.01025390625,2100,1.025390625,-7,-0.42724609375,-14,-0.8544921875,6,0.3662109375,-8319,-3918,65,-191,-1.0491943359375,6,0.032958984375,-20949,-115.0762939453125,405,4.05
7231,261339,2351540,2.991,1,-11,-0.00537109375,-20,-0.009765625,2062,1.0068359375,-3,-0.18310546875,-14,-0.8544921875,0,0.0,-1390,-5283,-4292,-346,-1.900634765625,-343,-1.8841552734375,-6632,-36.4306640625,410,4.1
7233,261408,2351541,2.9915,2,5,0.00244140625,-21,-0.01025390625,2076,1.013671875,-3,-0.18310546875,-3,-0.18310546875,9,0.54931640625,-2872,4942,13388,-233,-1.2799072265625,-19,-0.1043701171875,25256,138.7353515625,409,4.09
7245,261847,2351552,2.997,0,1,0.00048828125,-22,-0.0107421875,2098,1.0244140625,-4,-0.244140625,-15,-0.91552734375,4,0.244140625,-8313,-3912,64,-191,-1.0491943359375,6,0.032958984375,-20949,-115.0762939453125,405,4.05
7246,261879,2351552,2.997,1,-8,-0.00390625,-17,-0.00830078125,2057,1.00439453125,-2,-0.1220703125,-13,-0.79345703125,-1,-0.06103515625,-1389,-5283,-4307,-346,-1.900634765625,-343,-1.8841552734375,-6632,-36.4306640625,410,4.1
7249,261985,2351554,2.998,2,5,0.00244140625,-22,-0.0107421875,2076,1.013671875,-3,-0.18310546875,-4,-0.244140625,9,0.54931640625,-2859,4940,13360,-233,-1.2799072265625,-19,-0.1043701171875,25256,138.7353515625,409,4.09
7260,262387,2351564,3.003,0,-2,-0.0009765625,-17,-0.00830078125,2098,1.0244140625,-7,-0.42724609375,-14,-0.8544921875,3,0.18310546875,-8332,-3920,47,-191,-1.0491943359375,6,0.032958984375,-20949,-115.0762939453125,405,4.05
7263,262493,2351566,3.004,1,-9,-0.00439453125,-15,-0.00732421875,2056,1.00390625,-2,-0.1220703125,-16,-0.9765625,-2,-0.1220703125,-1428,-5273,-4312,-346,-1.900634765625,-343,-1.8841552734375,-6632,-36.4306640625,410,4.1
7266,262599,2351568,3.005,2,6,0.0029296875,-22,-0.0107421875,2075,1.01318359375,-3,-0.18310546875,-4,-0.244140625,9,0.54931640625,-2857,4933,13348,-233,-1.2799072265625,-19,-0.1043701171875,25256,138.7353515625,409,4.09
7277,263001,2351578,3.01,0,-2,-0.0009765625,-17,-0.00830078125,2098,1.0244140625,-7,-0.42724609375,-14,-0.8544921875,3,0.18310546875,-8332,-3920,47,-191,-1.0491943359375,6,0.032958984375,-20949,-115.0762939453125,405,4.05
7280,263107,2351580,3.011,1,-7,-0.00341796875,-17,-0.00830078125,2058,1.0048828125,-3,-0.18310546875,-13,-0.79345703125,1,0.06103515625,-1410,-5266,-4304,-344,-1.8896484375,-341,-1.8731689453125,-6632,-36.4306640625,410,4.1
7287,263361,2351586,3.014,2,6,0.0029296875,-21,-0.01025390625,2074,1.0126953125,-3,-0.18310546875,-4,-0.244140625,9,0.54931640625,-2864,4936,13342,-233,-1.2799072265625,-19,-0.1043701171875,25256,138.7353515625,409,4.09
7294,263615,2351592,3.017,0,0,0.0,-19,-0.00927734375,2099,1.02490234375,-4,-0.244140625,-14,-0.8544921875,4,0.244140625,-8301,-3911,33,-191,-1.0491943359375,6,0.032958984375,-20949,-115.0762939453125,405,4.05
7301,263869,2351598,3.02,1,-9,-0.00439453125,-17,-0.00830078125,2056,1.00390625,-4,-0.244140625,-14,-0.8544921875,-1,-0.06103515625,-1384,-5248,-4298,-344,-1.8896484375,-341,-1.8731689453125,-6632,-36.4306640625,410,4.1
7302,263901,2351598,3.02,2,6,0.0029296875,-21,-0.01025390625,2075,1.01318359375,-3,-0.18310546875,-5,-0.30517578125,10,0.6103515625,-2846,4942,13337,-233,-1.2799072265625,-19,-0.1043701171875,25256,138.7353515625,410,4.1
7315,264377,2351610,3.026,0,-1,-0.00048828125,-19,-0.00927734375,2099,1.02490234375,-8,-0.48828125,-11,-0.67138671875,7,0.42724609375,-8314,-3927,83,-191,-1.0491943359375,6,0.032958984375,-20949,-115.0762939453125,405,4.05
7316,264409,2351610,3.026,1,-10,-0.0048828125,-20,-0.009765625,2061,1.00634765625,-4,-0.244140625,-14,-0.8544921875,0,0.0,-1370,-5242,-4285,-344,-1.8896484375,-341,-1.8731689453125,-6632,-36.4306640625,410,4.1
7317,264441,2351610,3.026,2,5,0.00244140625,-20,-0.009765625,2075,1.01318359375,-3,-0.18310546875,-4,-0.244140625,10,0.6103515625,-2845,4928,13309,-233,-1.2799072265625,-19,-0.1043701171875,25256,138.7353515625,410,4.1
7330,264917,2351622,3.032,0,0,0.0,-18,-0.0087890625,2100,1.025390625,-7,-0.42724609375,-14,-0.8544921875,5,0.30517578125,-8337,-3918,91,-191,-1.0491943359375,6,0.032958984375,-20949,-115.0762939453125,405,4.05
7331,264949,2351622,3.032,1,-10,-0.0048828125,-17,-0.00830078125,2056,1.00390625,-2,-0.1220703125,-14,-0.8544921875,0,0.0,-1386,-5232,-4273,-343,-1.8841552734375,-339,-1.8621826171875,-6632,-36.4306640625,410,4.1
7334,265055,2351624,3.033,2,5,0.00244140625,-20,-0.009765625,2076,1.013671875,-3,-0.18310546875,-4,-0.244140625,10,0.6103515625,-2847,4932,13289,-233,-1.2799072265625,-19,-0.1043701171875,25256,138.7353515625,410,4.1
7345,265457,2351634,3.038,0,-1,-0.00048828125,-19,-0.00927734375,2099,1.02490234375,-6,-0.3662109375,-14,-0.8544921875,6,0.3662109375,-8337,-3903,134,-191,-1.0491943359375,6,0.032958984375,-20949,-115.0762939453125,405,4.05
7348,265563,2351636,3.039,1,-7,-0.00341796875,-17,-0.00830078125,2059,1.00537109375,-1,-0.06103515625,-13,-0.79345703125,-1,-0.06103515625,-1377,-5225,-4231,-343,-1.8841552734375,-339,-1.8621826171875,-6632,-36.4306640625,410,4.1
7351,265669,2351638,3.04,2,5,0.00244140625,-20,-0.009765625,2077,1.01416015625,-3,-0.18310546875,-4,-0.244140625,10,0.6103515625,-2842,4954,13268,-233,-1.2799072265625,-19,-0.1043701171875,25256,138.7353515625,410,4.1
7362,266071,2351648,3.045,0,-1,-0.00048828125,-19,-0.00927734375,2099,1.02490234375,-6,-0.3662109375,-14,-0.8544921875,6,0.3662109375,-8337,-3903,134,-191,-1.0491943359375,6,0.032958984375,-20949,-115.0762939453125,405,4.05
7365,266177,2351650,3.046,1,-11,-0.00537109375,-17,-0.00830078125,2060,1.005859375,-2,-0.1220703125,-13,-0.79345703125,-1,-0.06103515625,-1396,-5238,-4227,-343,-1.8841552734375,-339,-1.8621826171875,-6632,-36.4306640625,410,4.1
7372,266431,2351656,3.049,2,5,0.00244140625,-20,-0.009765625,2077,1.01416015625,-3,-0.18310546875,-4,-0.244140625,10,0.6103515625,-2828,4933,13278,-233,-1.2799072265625,-19,-0.1043701171875,25256,138.7353515625,410,4.1
7379,266685,2351662,3.052,0,0,0.0,-17,-0.00830078125,2098,1.0244140625,-5,-0.30517578125,-15,-0.91552734375,6,0.3662109375,-8326,-3905,127,-191,-1.0491943359375,6,0.032958984375,-20949,-115.0762939453125,405,4.05
7386,266939,2351668,3.055,1,-8,-0.00390625,-15,-0.00732421875,2061,1.00634765625,-1,-0.06103515625,-15,-0.91552734375,-2,-0.1220703125,-1411,-5254,-4199,-342,-1.878662109375,-337,-1.8511962890625,-6632,-36.4306640625,410,4.1
7387,266971,2351668,3.055,2,5,0.00244140625,-21,-0.01025390625,2077,1.01416015625,-3,-0.18310546875,-4,-0.244140625,9,0.54931640625,-2833,4921,13293,-233,-1.2799072265625,-19,-0.1043701171875,25256,138.7353515625,410,4.1
7400,267447,2351680,3.061,0,0,0.0,-21,-0.01025390625,2100,1.025390625,-5,-0.30517578125,-14,-0.8544921875,6,0.3662109375,-8340,-3921,111,-191,-1.0491943359375,6,0.032958984375,-20949,-115.0762939453125,405,4.05
7401,267479,2351680,3.061,1,-9,-0.00439453125,-19,-0.00927734375,2061,1.00634765625,0,0.0,-14,-0.8544921875,-1,-0.06103515625,-1427,-5264,-4171,-342,-1.878662109375,-337,-1.8511962890625,-6632,-36.4306640625,410,4.1
7403,267548,2351681,3.0615,2,4,0.001953125,-21,-0.01025390625,2075,1.01318359375,-3,-0.18310546875,-4,-0.244140625,10,0.6103515625,-2873,4923,13348,-233,-1.2799072265625,-19,-0.1043701171875,25256,138.7353515625,410,4.1
7415,267987,2351692,3.067,0,1,0.00048828125,-18,-0.0087890625,2096,1.0234375,-5,-0.30517578125,-15,-0.91552734375,5,0.30517578125,-8322,-3923,121,-191,-1.0491943359375,6,0.032958984375,-20949,-115.0762939453125,406,4.06
7417,268056,2351693,3.0675,1,-8,-0.00390625,-18,-0.0087890625,2060,1.005859375,-1,-0.06103515625,-16,-0.9765625,0,0.0,-1439,-5252,-4173,-342,-1.878662109375,-337,-1.8511962890625,-6632,-36.4306640625,410,4.1
7419,268125,2351694,3.068,2,4,0.001953125,-21,-0.01025390625,2076,1.013671875,-3,-0.18310546875,-4,-0.244140625,10,0.6103515625,-2888,4949,13358,-233,-1.2799072265625,-19,-0.1043701171875,25256,138.7353515625,410,4.1
7430,268527,2351704,3.073,0,-1,-0.00048828125,-21,-0.01025390625,2102,1.0263671875,-4,-0.244140625,-14,-0.8544921875,4,0.244140625,-8341,-3903,151,-191,-1.0491943359375,6,0.032958984375,-20949,-115.0762939453125,406,4.06
7433,268633,2351706,3.074,1,-10,-0.0048828125,-18,-0.0087890625,2061,1.00634765625,-1,-0.06103515625,-12,-0.732421875,0,0.0,-1436,-5244,-4207,-340,-1.86767578125,-335,-1.8402099609375,-6631,-36.4251708984375,410,4.1
7436,268739,2351708,3.075,2,4,0.001953125,-21,-0.01025390625,2076,1.013671875,-3,-0.18310546875,-4,-0.244140625,10,0.6103515625,-2905,4945,13323,-233,-1.2799072265625,-19,-0.1043701171875,25256,138.7353515625,410,4.1
7447,269141,2351718,3.08,0,-1,-0.00048828125,-21,-0.01025390625,2102,1.0263671875,-4,-0.244140625,-14,-0.8544921875,4,0.244140625,-8341,-3903,151,-191,-1.0491943359375,6,0.032958984375,-20949,-115.0762939453125,406,4.06
7450,269247,2351720,3.081,1,-10,-0.0048828125,-21,-0.01025390625,2056,1.00390625,-1,-0.06103515625,-13,-0.79345703125,1,0.06103515625,-1435,-5245,-4203,-340,-1.86767578125,-335,-1.8402099609375,-6631,-36.4251708984375,410,4.1
7457,269501,2351726,3.084,2,5,0.00244140625,-21,-0.01025390625,2076,1.013671875,-2,-0.1220703125,-4,-0.244140625,10,0.6103515625,-2912,4921,13362,-233,-1.2799072265625,-19,-0.1043701171875,25256,138.7353515625,410,4.1
7464,269755,2351732,3.087,0,-1,-0.00048828125,-19,-0.00927734375,2100,1.025390625,-4,-0.244140625,-15,-0.91552734375,5,0.30517578125,-8331,-3913,178,-191,-1.0491943359375,6,0.032958984375,-20949,-115.0762939453125,406,4.06
7471,270009,2351738,3.09,1,-8,-0.00390625,-17,-0.00830078125,2056,1.00390625,-3,-0.18310546875,-17,-1.03759765625,-1,-0.06103515625,-1426,-5273,-4181,-339,-1.8621826171875,-333,-1.8292236328125,-6631,-36.4251708984375,410,4.1
7472,270041,2351738,3.09,2,6,0.0029296875,-22,-0.0107421875,2076,1.013671875,-3,-0.18310546875,-4,-0.244140625,10,0.6103515625,-2918,4928,13354,-233,-1.2799072265625,-19,-0.1043701171875,25256,138.7353515625,410,4.1
7485,270517,2351750,3.096,0,1,0.00048828125,-20,-0.009765625,2097,1.02392578125,-7,-0.42724609375,-13,-0.79345703125,2,0.1220703125,-8324,-3917,193,-191,-1.0491943359375,6,0.032958984375,-20949,-115.0762939453125,406,4.06
7486,270549,2351750,3.096,1,-11,-0.00537109375,-16,-0.0078125,2058,1.0048828125,-3,-0.18310546875,-13,-0.79345703125,-2,-0.1220703125,-1433,-5284,-4195,-339,-1.8621826171875,-333,-1.8292236328125,-6631,-36.4251708984375,409,4.09
7488,270618,2351751,3.0965,2,6,0.0029296875,-20,-0.009765625,2075,1.01318359375,-3,-0.18310546875,-5,-0.30517578125,9,0.54931640625,-2890,4944,13347,-233,-1.2799072265625,-19,-0.1043701171875,25256,138.7353515625,410,4.1
7500,271057,2351762,3.102,0,0,0.0,-19,-0.00927734375,2101,1.02587890625,-4,-0.244140625,-13,-0.79345703125,5,0.30517578125,-8337,-3925,208,-191,-1.0491943359375,6,0.032958984375,-20949,-115.0762939453125,406,4.06
7501,271089,2351762,3.102,1,-9,-0.00439453125,-17,-0.00830078125,2059,1.00537109375,-1,-0.06103515625,-14,-0.8544921875,0,0.0,-1419,-5266,-4207,-339,-1.8621826171875,-333,-1.8292236328125,-6631,-36.4251708984375,409,4.09
7504,271195,2351764,3.103,2,6,0.0029296875,-20,-0.009765625,2075,1.01318359375,-3,-0.18310546875,-4,-0.244140625,9,0.54931640625,-2893,4949,13368,-233,-1.2799072265625,-19,-0.1043701171875,25256,138.7353515625,410,4.1
7515,271597,2351774,3.108,0,-1,-0.00048828125,-21,-0.01025390625,2104,1.02734375,-6,-0.3662109375,-16,-0.9765625,5,0.30517578125,-8355,-3915,194,-191,-1.0491943359375,6,0.032958984375,-20949,-115.0762939453125,406,4.06
7518,271703,2351776,3.109,1,-10,-0.0048828125,-18,-0.0087890625,2055,1.00341796875,-2,-0.1220703125,-15,-0.91552734375,-2,-0.1220703125,-1421,-5281,-4266,-337,-1.8511962890625,-330,-1.812744140625,-6631,-36.4251708984375,409,4.09
7521,271809,2351778,3.11,2,6,0.0029296875,-20,-0.009765625,2074,1.0126953125,-3,-0.18310546875,-4,-0.244140625,9,0.54931640625,-2925,4949,13354,-233,-1.2799072265625,-19,-0.1043701171875,25256,138.7353515625,410,4.1
7532,272211,2351788,3.115,0,-1,-0.00048828125,-21,-0.01025390625,2097,1.02392578125,-5,-0.30517578125,-14,-0.8544921875,5,0.30517578125,-8329,-3924,172,-191,-1.0491943359375,6,0.032958984375,-20949,-115.0762939453125,406,4.06
7535,272317,2351790,3.116,1,-7,-0.00341796875,-20,-0.009765625,2060,1.005859375,-1,-0.06103515625,-14,-0.8544921875,-1,-0.06103515625,-1399,-5290,-4272,-337,-1.8511962890625,-330,-1.812744140625,-6631,-36.4251708984375,409,4.09
7542,272571,2351796,3.119,2,6,0.0029296875,-20,-0.009765625,2075,1.01318359375,-3,-0.18310546875,-4,-0.244140625,10,0.6103515625,-2919,4965,13355,-233,-1.2799072265625,-19,-0.1043701171875,25256,138.7353515625,410,4.1
7549,272825,2351802,3.122,0,-1,-0.00048828125,-22,-0.0107421875,2103,1.02685546875,-5,-0.30517578125,-13,-0.79345703125,5,0.30517578125,-8308,-3928,185,-191,-1.0491943359375,6,0.032958984375,-20949,-115.0762939453125,406,4.06
7556,273079,2351808,3.125,1,-8,-0.00390625,-16,-0.0078125,2058,1.0048828125,-2,-0.1220703125,-16,-0.9765625,-3,-0.18310546875,-1407,-5284,-4297,-337,-1.8511962890625,-330,-1.812744140625,-6631,-36.4251708984375,409,4.09
7557,273111,2351808,3.125,2,5,0.00244140625,-20,-0.009765625,2075,1.01318359375,-3,-0.18310546875,-4,-0.244140625,9,0.54931640625,-2902,4953,13314,-233,-1.2799072265625,-19,-0.1043701171875,25256,138.7353515625,410,4.1
7566,273439,2351816,3.129,0,-1,-0.00048828125,-18,-0.0087890625,2098,1.0244140625,-7,-0.42724609375,-14,-0.8544921875,3,0.18310546875,-8295,-3944,170,-191,-1.0491943359375,6,0.032958984375,-20949,-115.0762939453125,406,4.06
7571,273619,2351820,3.131,1,-11,-0.00537109375,-16,-0.0078125,2058,1.0048828125,0,0.0,-15,-0.91552734375,-4,-0.244140625,-1396,-5292,-4334,-336,-1.845703125,-328,-1.8017578125,-6631,-36.4251708984375,409,4.09
7573,273688,2351821,3.1315,2,5,0.00244140625,-20,-0.009765625,2075,1.01318359375,-3,-0.18310546875,-4,-0.244140625,10,0.6103515625,-2918,4957,13310,-233,-1.2799072265625,-19,-0.1043701171875,25256,138.7353515625,410,4.1
7585,274127,2351832,3.137,0,-1,-0.00048828125,-21,-0.01025390625,2102,1.0263671875,-7,-0.42724609375,-16,-0.9765625,4,0.244140625,-8289,-3930,156,-191,-1.0491943359375,6,0.032958984375,-20949,-115.0762939453125,406,4.06
7586,274159,2351832,3.137,1,-9,-0.00439453125,-15,-0.00732421875,2060,1.005859375,-4,-0.244140625,-14,-0.8544921875,-3,-0.18310546875,-1373,-5295,-4360,-336,-1.845703125,-328,-1.8017578125,-6631,-36.4251708984375,409,4.09
7589,274265,2351834,3.138,2,6,0.0029296875,-20,-0.009765625,2075,1.01318359375,-3,-0.18310546875,-4,-0.244140625,10,0.6103515625,-2921,4976,13266,-233,-1.2799072265625,-19,-0.1043701171875,25256,138.7353515625,410,4.1
7600,274667,2351844,3.143,0,0,0.0,-16,-0.0078125,2101,1.02587890625,-5,-0.30517578125,-14,-0.8544921875,3,0.18310546875,-8270,-3936,173,-191,-1.0491943359375,6,0.032958984375,-20949,-115.0762939453125,406,4.06
7603,274773,2351846,3.144,1,-10,-0.0048828125,-17,-0.00830078125,2062,1.0068359375,-3,-0.18310546875,-14,-0.8544921875,-2,-0.1220703125,-1375,-5308,-4295,-336,-1.845703125,-328,-1.8017578125,-6631,-36.4251708984375,409,4.09
7606,274879,2351848,3.145,2,6,0.0029296875,-21,-0.01025390625,2075,1.01318359375,-3,-0.18310546875,-4,-0.244140625,10,0.6103515625,-2896,4982,13262,-233,-1.2799072265625,-19,-0.1043701171875,25256,138.7353515625,410,4.1
7617,275281,2351858,3.15,0,-3,-0.00146484375,-22,-0.0107421875,2094,1.0224609375,-6,-0.3662109375,-14,-0.8544921875,5,0.30517578125,-8280,-3947,194,-191,-1.0491943359375,6,0.032958984375,-20949,-115.0762939453125,406,4.06
7620,275387,2351860,3.151,1,-10,-0.0048828125,-15,-0.00732421875,2058,1.0048828125,-2,-0.1220703125,-13,-0.79345703125,-2,-0.1220703125,-1394,-5290,-4345,-335,-1.8402099609375,-326,-1.790771484375,-6631,-36.4251708984375,409,4.09
7627,275641,2351866,3.154,2,6,0.0029296875,-21,-0.01025390625,2076,1.013671875,-3,-0.18310546875,-4,-0.244140625,10,0.6103515625,-2883,4952,13276,-233,-1.2799072265625,-19,-0.1043701171875,25256,138.7353515625,410,4.1
7634,275895,2351872,3.157,0,0,0.0,-20,-0.009765625,2099,1.02490234375,-7,-0.42724609375,-13,-0.79345703125,6,0.3662109375,-8278,-3952,185,-191,-1.0491943359375,6,0.032958984375,-20949,-115.0762939453125,406,4.06
7641,276149,2351878,3.16,1,-9,-0.00439453125,-17,-0.00830078125,2061,1.00634765625,1,0.06103515625,-15,-0.91552734375,-1,-0.06103515625,-1413,-5297,-4308,-335,-1.8402099609375,-326,-1.790771484375,-6631,-36.4251708984375,409,4.09
7642,276181,2351878,3.16,2,6,0.0029296875,-20,-0.009765625,2076,1.013671875,-3,-0.18310546875,-4,-0.244140625,10,0.6103515625,-2883,4944,13289,-233,-1.2799072265625,-19,-0.1043701171875,25256,138.7353515625,410,4.1
7651,276509,2351886,3.164,0,-3,-0.00146484375,-22,-0.0107421875,2098,1.0244140625,-4,-0.244140625,-14,-0.8544921875,4,0.244140625,-8278,-3939,180,-191,-1.0491943359375,6,0.032958984375,-20949,-115.0762939453125,406,4.06
7656,276689,2351890,3.166,1,-12,-0.005859375,-19,-0.00927734375,2063,1.00732421875,-3,-0.18310546875,-16,-0.9765625,-1,-0.06103515625,-1401,-5269,-4300,-335,-1.8402099609375,-326,-1.790771484375,-6631,-36.4251708984375,409,4.09
7657,276721,2351890,3.166,2,6,0.0029296875,-21,-0.01025390625,2076,1.013671875,-3,-0.18310546875,-4,-0.244140625,9,0.54931640625,-2874,4942,13310,-233,-1.2799072265625,-19,-0.1043701171875,25256,138.7353515625,410,4.1
7670,277197,2351902,3.172,0,-3,-0.00146484375,-22,-0.0107421875,2098,1.0244140625,-4,-0.244140625,-14,-0.8544921875,4,0.244140625,-8278,-3939,180,-191,-1.0491943359375,6,0.032958984375,-20949,-115.0762939453125,406,4.06
7671,277229,2351902,3.172,1,-12,-0.005859375,-18,-0.0087890625,2059,1.00537109375,0,0.0,-14,-0.8544921875,-1,-0.06103515625,-1407,-5288,-4287,-333,-1.8292236328125,-324,-1.77978515625,-6631,-36.4251708984375,409,4.09
7674,277335,2351904,3.173,2,6,0.0029296875,-21,-0.01025390625,2077,1.01416015625,-3,-0.18310546875,-4,-0.244140625,10,0.6103515625,-2865,4936,13299,-233,-1.2799072265625,-19,-0.1043701171875,25256,138.7353515625,410,4.1
7693,278033,2351922,3.182,0,-1,-0.00048828125,-21,-0.01025390625,2102,1.0263671875,-7,-0.42724609375,-14,-0.8544921875,5,0.30517578125,-8279,-3971,166,-191,-1.0491943359375,6,0.032958984375,-20949,-115.0762939453125,406,4.06
7700,278287,2351928,3.185,1,-8,-0.00390625,-17,-0.00830078125,2061,1.00634765625,-2,-0.1220703125,-13,-0.79345703125,-1,-0.06103515625,-1419,-5321,-4264,-333,-1.8292236328125,-324,-1.77978515625,-6631,-36.4251708984375,408,4.08
7702,278356,2351929,3.1855,2,6,0.0029296875,-20,-0.009765625,2077,1.01416015625,-3,-0.18310546875,-4,-0.244140625,9,0.54931640625,-2885,4940,13291,-233,-1.2799072265625,-19,-0.1043701171875,25256,138.7353515625,410,4.1
7703,278388,2351929,3.1855,0,-1,-0.00048828125,-23,-0.01123046875,2097,1.02392578125,-6,-0.3662109375,-17,-1.03759765625,6,0.3662109375,-8270,-3973,197,-191,-1.0491943359375,6,0.032958984375,-20949,-115.0762939453125,406,4.06
7705,278457,2351930,3.186,1,-10,-0.0048828125,-12,-0.005859375,2054,1.0029296875,-3,-0.18310546875,-15,-0.91552734375,-2,-0.1220703125,-1418,-5324,-4269,-333,-1.8292236328125,-324,-1.77978515625,-6631,-36.4251708984375,408,4.08
7713,278748,2351937,3.1895,2,6,0.0029296875,-20,-0.009765625,2077,1.01416015625,-2,-0.1220703125,-4,-0.244140625,9,0.54931640625,-2884,4929,13306,-233,-1.2799072265625,-19,-0.1043701171875,25256,138.7353515625,410,4.1
7719,278965,2351942,3.192,0,1,0.00048828125,-20,-0.009765625,2098,1.0244140625,-6,-0.3662109375,-16,-0.9765625,5,0.30517578125,-8271,-3953,258,-191,-1.0491943359375,6,0.032958984375,-20949,-115.0762939453125,406,4.06
7722,279071,2351944,3.193,1,-5,-0.00244140625,-17,-0.00830078125,2059,1.00537109375,-1,-0.06103515625,-14,-0.8544921875,-2,-0.1220703125,-1401,-5324,-4230,-332,-1.82373046875,-322,-1.768798828125,-6631,-36.4251708984375,408,4.08
7727,279251,2351948,3.195,2,6,0.0029296875,-20,-0.009765625,2077,1.01416015625,-2,-0.1220703125,-4,-0.244140625,9,0.54931640625,-2884,4946,13277,-233,-1.2799072265625,-19,-0.1043701171875,25256,138.7353515625,410,4.1
7736,279579,2351956,3.199,0,1,0.00048828125,-21,-0.01025390625,2102,1.0263671875,-5,-0.30517578125,-14,-0.8544921875,5,0.30517578125,-8281,-3933,245,-191,-1.0491943359375,6,0.032958984375,-20949,-115.0762939453125,406,4.06
7741,279759,2351960,3.201,1,-10,-0.0048828125,-17,-0.00830078125,2061,1.00634765625,0,0.0,-13,-0.79345703125,-3,-0.18310546875,-1406,-5305,-4246,-332,-1.82373046875,-322,-1.768798828125,-6631,-36.4251708984375,408,4.08
7743,279828,2351961,3.2015,2,5,0.00244140625,-20,-0.009765625,2077,1.01416015625,-3,-0.18310546875,-4,-0.244140625,9,0.54931640625,-2883,4942,13248,-233,-1.2799072265625,-19,-0.1043701171875,25256,138.7353515625,410,4.1
7755,280267,2351972,3.207,0,1,0.00048828125,-21,-0.01025390625,2102,1.0263671875,-5,-0.30517578125,-14,-0.8544921875,5,0.30517578125,-8281,-3933,245,-191,-1.0491943359375,6,0.032958984375,-20949,-115.0762939453125,406,4.06
7756,280299,2351972,3.207,1,-10,-0.0048828125,-17,-0.00830078125,2060,1.005859375,0,0.0,-14,-0.8544921875,-3,-0.18310546875,-1402,-5289,-4253,-332,-1.82373046875,-322,-1.768798828125,-6631,-36.4251708984375,408,4.08
7759,280405,2351974,3.208,2,5,0.00244140625,-20,-0.009765625,2077,1.01416015625,-3,-0.18310546875,-5,-0.30517578125,10,0.6103515625,-2883,4935,13197,-233,-1.2799072265625,-19,-0.1043701171875,25256,138.7353515625,410,4.1
7770,280807,2351984,3.213,0,-3,-0.00146484375,-19,-0.00927734375,2099,1.02490234375,-8,-0.48828125,-14,-0.8544921875,4,0.244140625,-8259,-3919,135,-191,-1.0491943359375,6,0.032958984375,-20949,-115.0762939453125,406,4.06
7773,280913,2351986,3.214,1,-9,-0.00439453125,-14,-0.0068359375,2058,1.0048828125,2,0.1220703125,-14,-0.8544921875,1,0.06103515625,-1393,-5288,-4265,-330,-1.812744140625,-320,-1.7578125,-6631,-36.4251708984375,408,4.08
7776,281019,2351988,3.215,2,5,0.00244140625,-20,-0.009765625,2076,1.013671875,-3,-0.18310546875,-5,-0.30517578125,10,0.6103515625,-2897,4939,13194,-233,-1.2799072265625,-19,-0.1043701171875,25256,138.7353515625,410,4.1
7787,281421,2351998,3.22,0,-2,-0.0009765625,-20,-0.009765625,2094,1.0224609375,-7,-0.42724609375,-18,-1.0986328125,4,0.244140625,-8257,-3926,130,-191,-1.0491943359375,6,0.032958984375,-20950,-115.081787109375,406,4.06
7790,281527,2352000,3.221,1,-12,-0.005859375,-19,-0.00927734375,2057,1.00439453125,-1,-0.06103515625,-16,-0.9765625,0,0.0,-1396,-5304,-4276,-330,-1.812744140625,-320,-1.7578125,-6631,-36.4251708984375,408,4.08
7797,281781,2352006,3.224,2,5,0.00244140625,-20,-0.009765625,2075,1.01318359375,-3,-0.18310546875,-4,-0.244140625,10,0.6103515625,-2899,4930,13231,-233,-1.2799072265625,-19,-0.1043701171875,25256,138.7353515625,410,4.1
7804,282035,2352012,3.227,0,-2,-0.0009765625,-19,-0.00927734375,2099,1.02490234375,-5,-0.30517578125,-12,-0.732421875,4,0.244140625,-8254,-3959,132,-191,-1.0491943359375,6,0.032958984375,-20950,-115.081787109375,405,4.05
7807,282141,2352014,3.228,1,-6,-0.0029296875,-18,-0.0087890625,2065,1.00830078125,-2,-0.1220703125,-14,-0.8544921875,-1,-0.06103515625,-1417,-5319,-4259,-330,-1.812744140625,-320,-1.7578125,-6631,-36.4251708984375,408,4.08
7812,282321,2352018,3.23,2,5,0.00244140625,-20,-0.009765625,2075,1.01318359375,-2,-0.1220703125,-4,-0.244140625,9,0.54931640625,-2922,4935,13224,-233,-1.2799072265625,-19,-0.1043701171875,25256,138.7353515625,410,4.1
7821,282649,2352026,3.234,0,-3,-0.00146484375,-22,-0.0107421875,2099,1.02490234375,-5,-0.30517578125,-13,-0.79345703125,4,0.244140625,-8263,-3941,138,-191,-1.0491943359375,6,0.032958984375,-20950,-115.081787109375,405,4.05
7826,282829,2352030,3.236,1,-10,-0.0048828125,-14,-0.0068359375,2055,1.00341796875,-2,-0.1220703125,-16,-0.9765625,0,0.0,-1442,-5295,-4251,-329,-1.8072509765625,-318,-1.746826171875,-6631,-36.4251708984375,408,4.08
7828,282898,2352031,3.2365,2,4,0.001953125,-20,-0.009765625,2076,1.013671875,-3,-0.18310546875,-4,-0.244140625,9,0.54931640625,-2933,4930,13248,-233,-1.2799072265625,-19,-0.1043701171875,25256,138.7353515625,410,4.1
7840,283337,2352042,3.242,0,0,0.0,-20,-0.009765625,2099,1.02490234375,-8,-0.48828125,-15,-0.91552734375,4,0.244140625,-8277,-3934,138,-191,-1.0491943359375,6,0.032958984375,-20950,-115.081787109375,405,4.05
7841,283369,2352042,3.242,1,-9,-0.00439453125,-20,-0.009765625,2061,1.00634765625,-2,-0.1220703125,-13,-0.79345703125,-3,-0.18310546875,-1430,-5294,-4249,-329,-1.8072509765625,-318,-1.746826171875,-6631,-36.4251708984375,408,4.08
7844,283475,2352044,3.243,2,4,0.001953125,-20,-0.009765625,2076,1.013671875,-3,-0.18310546875,-4,-0.244140625,10,0.6103515625,-2956,4889,13259,-233,-1.2799072265625,-19,-0.1043701171875,25256,138.7353515625,410,4.1
7855,283877,2352054,3.248,0,0,0.0,-20,-0.009765625,2098,1.0244140625,-7,-0.42724609375,-14,-0.8544921875,4,0.244140625,-8294,-3917,118,-191,-1.0491943359375,6,0.032958984375,-20950,-115.081787109375,405,4.05
7858,283983,2352056,3.249,1,-10,-0.0048828125,-18,-0.0087890625,2058,1.0048828125,-5,-0.30517578125,-15,-0.91552734375,-2,-0.1220703125,-1450,-5289,-4231,-329,-1.8072509765625,-318,-1.746826171875,-6631,-36.4251708984375,408,4.08
7861,284089,2352058,3.25,2,4,0.001953125,-21,-0.01025390625,2075,1.01318359375,-3,-0.18310546875,-5,-0.30517578125,10,0.6103515625,-2940,4903,13250,-233,-1.2799072265625,-19,-0.1043701171875,25256,138.7353515625,410,4.1
7872,284491,2352068,3.255,0,0,0.0,-22,-0.0107421875,2098,1.0244140625,-6,-0.3662109375,-12,-0.732421875,6,0.3662109375,-8294,-3921,142,-191,-1.0491943359375,6,0.032958984375,-20950,-115.081787109375,405,4.05
7875,284597,2352070,3.256,1,-8,-0.00390625,-16,-0.0078125,2062,1.0068359375,-3,-0.18310546875,-14,-0.8544921875,-2,-0.1220703125,-1427,-5281,-4231,-328,-1.8017578125,-316,-1.73583984375,-6631,-36.4251708984375,408,4.08
7878,284703,2352072,3.257,2,6,0.0029296875,-21,-0.01025390625,2075,1.01318359375,-3,-0.18310546875,-4,-0.244140625,9,0.54931640625,-2948,4927,13262,-233,-1.2799072265625,-19,-0.1043701171875,25256,138.7353515625,410,4.1
7889,285105,2352082,3.262,0,0,0.0,-20,-0.009765625,2103,1.02685546875,-6,-0.3662109375,-13,-0.79345703125,4,0.244140625,-8305,-3925,176,-191,-1.0491943359375,6,0.032958984375,-20950,-115.081787109375,405,4.05
7892,285211,2352084,3.263,1,-10,-0.0048828125,-13,-0.00634765625,2060,1.005859375,-3,-0.18310546875,-16,-0.9765625,-2,-0.1220703125,-1388,-5286,-4229,-328,-1.8017578125,-316,-1.73583984375,-6631,-36.4251708984375,408,4.08
7897,285391,2352088,3.265,2,6,0.0029296875,-21,-0.01025390625,2076,1.013671875,-3,-0.18310546875,-3,-0.18310546875,9,0.54931640625,-2943,4926,13277,-233,-1.2799072265625,-19,-0.1043701171875,25256,138.7353515625,410,4.1
7906,285719,2352096,3.269,0,-4,-0.001953125,-22,-0.0107421875,2096,1.0234375,-4,-0.244140625,-16,-0.9765625,5,0.30517578125,-8307,-3924,184,-191,-1.0491943359375,6,0.032958984375,-20950,-115.081787109375,405,4.05
7911,285899,2352100,3.271,1,-11,-0.00537109375,-18,-0.0087890625,2054,1.0029296875,-1,-0.06103515625,-14,-0.8544921875,-1,-0.06103515625,-1388,-5270,-4270,-326,-1.790771484375,-314,-1.724853515625,-6631,-36.4251708984375,408,4.08
7912,285931,2352100,3.271,2,6,0.0029296875,-21,-0.01025390625,2078,1.0146484375,-3,-0.18310546875,-4,-0.244140625,9,0.54931640625,-2947,4919,13253,-233,-1.2799072265625,-19,-0.1043701171875,25256,138.7353515625,410,4.1
7925,286407,2352112,3.277,0,-1,-0.00048828125,-18,-0.0087890625,2101,1.02587890625,-6,-0.3662109375,-13,-0.79345703125,4,0.244140625,-8286,-3916,170,-191,-1.0491943359375,6,0.032958984375,-20950,-115.081787109375,405,4.05
7926,286439,2352112,3.277,1,-8,-0.00390625,-17,-0.00830078125,2062,1.0068359375,-1,-0.06103515625,-15,-0.91552734375,-1,-0.06103515625,-1387,-5283,-4272,-326,-1.790771484375,-314,-1.724853515625,-6631,-36.4251708984375,408,4.08
7929,286545,2352114,3.278,2,6,0.0029296875,-21,-0.01025390625,2077,1.01416015625,-3,-0.18310546875,-4,-0.244140625,10,0.6103515625,-2910,4930,13276,-233,-1.2799072265625,-19,-0.1043701171875,25256,138.7353515625,410,4.1
7940,286947,2352124,3.283,0,-4,-0.001953125,-16,-0.0078125,2103,1.02685546875,-5,-0.30517578125,-14,-0.8544921875,4,0.244140625,-8263,-3951,223,-191,-1.0491943359375,6,0.032958984375,-20950,-115.081787109375,405,4.05
7943,287053,2352126,3.284,1,-4,-0.001953125,-16,-0.0078125,2056,1.00390625,-1,-0.06103515625,-14,-0.8544921875,-3,-0.18310546875,-1376,-5271,-4277,-326,-1.790771484375,-314,-1.724853515625,-6631,-36.4251708984375,408,4.08
7946,287159,2352128,3.285,2,6,0.0029296875,-21,-0.01025390625,2076,1.013671875,-2,-0.1220703125,-4,-0.244140625,10,0.6103515625,-2900,4923,13279,-233,-1.2799072265625,-19,-0.1043701171875,25256,138.7353515625,410,4.1
7957,287561,2352138,3.29,0,1,0.00048828125,-22,-0.0107421875,2097,1.02392578125,-5,-0.30517578125,-16,-0.9765625,5,0.30517578125,-8259,-3934,217,-191,-1.0491943359375,6,0.032958984375,-20950,-115.081787109375,405,4.05
7960,287667,2352140,3.291,1,-6,-0.0029296875,-19,-0.00927734375,2061,1.00634765625,-2,-0.1220703125,-13,-0.79345703125,-2,-0.1220703125,-1376,-5306,-4247,-325,-1.7852783203125,-312,-1.7138671875,-6631,-36.4251708984375,408,4.08
7963,287773,2352142,3.292,2,5,0.00244140625,-22,-0.0107421875,2076,1.013671875,-3,-0.18310546875,-4,-0.244140625,9,0.54931640625,-2896,4911,13292,-233,-1.2799072265625,-19,-0.1043701171875,25256,138.7353515625,410,4.1
7974,288175,2352152,3.297,0,1,0.00048828125,-22,-0.0107421875,2097,1.02392578125,-5,-0.30517578125,-16,-0.9765625,5,0.30517578125,-8259,-3934,217,-191,-1.0491943359375,6,0.032958984375,-20950,-115.081787109375,405,4.05
7977,288281,2352154,3.298,1,-10,-0.0048828125,-20,-0.009765625,2061,1.00634765625,-3,-0.18310546875,-15,-0.91552734375,-3,-0.18310546875,-1354,-5315,-4216,-325,-1.7852783203125,-312,-1.7138671875,-6631,-36.4251708984375,408,4.08
7982,288461,2352158,3.3,2,5,0.00244140625,-22,-0.0107421875,2077,1.01416015625,-2,-0.1220703125,-4,-0.244140625,9,0.54931640625,-2895,4908,13294,-232,-1.2744140625,-19,-0.1043701171875,25256,138.7353515625,410,4.1
7991,288789,2352166,3.304,0,-2,-0.0009765625,-20,-0.009765625,2094,1.0224609375,-5,-0.30517578125,-14,-0.8544921875,6,0.3662109375,-8268,-3976,236,-191,-1.0491943359375,6,0.032958984375,-20950,-115.081787109375,405,4.05
7996,288969,2352170,3.306,1,-7,-0.00341796875,-18,-0.0087890625,2057,1.00439453125,-4,-0.244140625,-17,-1.03759765625,-4,-0.244140625,-1384,-5284,-4201,-325,-1.7852783203125,-312,-1.7138671875,-6631,-36.4251708984375,408,4.08
7997,289001,2352170,3.306,2,5,0.00244140625,-21,-0.01025390625,2076,1.013671875,-3,-0.18310546875,-4,-0.244140625,9,0.54931640625,-2892,4922,13252,-232,-1.2744140625,-19,-0.1043701171875,25256,138.7353515625,410,4.1
8010,289477,2352182,3.312,0,0,0.0,-20,-0.009765625,2100,1.025390625,-5,-0.30517578125,-16,-0.9765625,6,0.3662109375,-8263,-3963,223,-191,-1.0491943359375,6,0.032958984375,-20950,-115.081787109375,405,4.05
8011,289509,2352182,3.312,1,-10,-0.0048828125,-18,-0.0087890625,2062,1.0068359375,-5,-0.30517578125,-15,-0.91552734375,-2,-0.1220703125,-1394,-5279,-4191,-324,-1.77978515625,-310,-1.702880859375,-6631,-36.4251708984375,408,4.08
8014,289615,2352184,3.313,2,5,0.00244140625,-20,-0.009765625,2075,1.01318359375,-3,-0.18310546875,-4,-0.244140625,10,0.6103515625,-2855,4909,13261,-232,-1.2744140625,-19,-0.1043701171875,25256,138.7353515625,409,4.09
8025,290017,2352194,3.318,0,-3,-0.00146484375,-20,-0.009765625,2097,1.02392578125,-4,-0.244140625,-17,-1.03759765625,4,0.244140625,-8253,-4001,220,-191,-1.0491943359375,6,0.032958984375,-20950,-115.081787109375,405,4.05
8028,290123,2352196,3.319,1,-8,-0.00390625,-17,-0.00830078125,2059,1.00537109375,-3,-0.18310546875,-14,-0.8544921875,-2,-0.1220703125,-1394,-5263,-4194,-324,-1.77978515625,-310,-1.702880859375,-6631,-36.4251708984375,408,4.08
8031,290229,2352198,3.32,2,5,0.00244140625,-19,-0.00927734375,2075,1.01318359375,-3,-0.18310546875,-4,-0.244140625,10,0.6103515625,-2877,4905,13272,-232,-1.2744140625,-19,-0.1043701171875,25256,138.7353515625,409,4.09
8042,290631,2352208,3.325,0,0,0.0,-22,-0.0107421875,2104,1.02734375,-7,-0.42724609375,-15,-0.91552734375,4,0.244140625,-8260,-3997,221,-191,-1.0491943359375,6,0.032958984375,-20950,-115.081787109375,405,4.05
8045,290737,2352210,3.326,1,-9,-0.00439453125,-18,-0.0087890625,2060,1.005859375,-7,-0.42724609375,-15,-0.91552734375,-2,-0.1220703125,-1388,-5270,-4161,-324,-1.77978515625,-310,-1.702880859375,-6631,-36.4251708984375,408,4.08
8048,290843,2352212,3.327,2,5,0.00244140625,-20,-0.009765625,2076,1.013671875,-3,-0.18310546875,-4,-0.244140625,9,0.54931640625,-2890,4908,13299,-232,-1.2744140625,-19,-0.1043701171875,25256,138.7353515625,409,4.09
8059,291245,2352222,3.332,0,0,0.0,-22,-0.0107421875,2104,1.02734375,-7,-0.42724609375,-15,-0.91552734375,4,0.244140625,-8260,-3997,221,-191,-1.0491943359375,6,0.032958984375,-20950,-115.081787109375,405,4.05
8062,291351,2352224,3.333,1,-10,-0.0048828125,-16,-0.0078125,2057,1.00439453125,-2,-0.1220703125,-14,-0.8544921875,1,0.06103515625,-1377,-5275,-4183,-323,-1.7742919921875,-308,-1.69189453125,-6631,-36.4251708984375,408,4.08
8067,291531,2352228,3.335,2,5,0.00244140625,-21,-0.01025390625,2076,1.013671875,-3,-0.18310546875,-4,-0.244140625,9,0.54931640625,-2870,4914,13274,-232,-1.2744140625,-19,-0.1043701171875,25256,138.7353515625,409,4.09
8076,291859,2352236,3.339,0,-1,-0.00048828125,-21,-0.01025390625,2096,1.0234375,-7,-0.42724609375,-14,-0.8544921875,6,0.3662109375,-8259,-3973,214,-191,-1.0491943359375,6,0.032958984375,-20950,-115.081787109375,406,4.06
8081,292039,2352240,3.341,1,-5,-0.00244140625,-16,-0.0078125,2058,1.0048828125,-1,-0.06103515625,-14,-0.8544921875,0,0.0,-1358,-5265,-4231,-323,-1.7742919921875,-308,-1.69189453125,-6631,-36.4251708984375,408,4.08
8082,292071,2352240,3.341,2,5,0.00244140625,-21,-0.01025390625,2076,1.013671875,-3,-0.18310546875,-4,-0.244140625,9,0.54931640625,-2865,4908,13290,-232,-1.2744140625,-19,-0.1043701171875,25256,138.7353515625,409,4.09
8095,292547,2352252,3.347,0,-2,-0.0009765625,-20,-0.009765625,2101,1.02587890625,-6,-0.3662109375,-14,-0.8544921875,4,0.244140625,-8264,-3975,198,-191,-1.0491943359375,6,0.032958984375,-20950,-115.081787109375,406,4.06
8096,292579,2352252,3.347,1,-11,-0.00537109375,-18,-0.0087890625,2063,1.00732421875,0,0.0,-15,-0.91552734375,-1,-0.06103515625,-1381,-5260,-4194,-323,-1.7742919921875,-308,-1.69189453125,-6631,-36.4251708984375,409,4.09
8099,292685,2352254,3.348,2,6,0.0029296875,-21,-0.01025390625,2075,1.01318359375,-3,-0.18310546875,-4,-0.244140625,9,0.54931640625,-2853,4900,13266,-232,-1.2744140625,-19,-0.1043701171875,25256,138.7353515625,409,4.09
8110,293087,2352264,3.353,0,-1,-0.00048828125,-20,-0.009765625,2097,1.02392578125,-6,-0.3662109375,-14,-0.8544921875,6,0.3662109375,-8267,-3964,191,-191,-1.0491943359375,6,0.032958984375,-20950,-115.081787109375,406,4.06
8113,293193,2352266,3.354,1,-7,-0.00341796875,-17,-0.00830078125,2058,1.0048828125,-1,-0.06103515625,-15,-0.91552734375,-3,-0.18310546875,-1361,-5270,-4177,-321,-1.7633056640625,-306,-1.680908203125,-6631,-36.4251708984375,409,4.09
8116,293299,2352268,3.355,2,5,0.00244140625,-22,-0.0107421875,2076,1.013671875,-3,-0.18310546875,-4,-0.244140625,10,0.6103515625,-2872,4892,13271,-232,-1.2744140625,-19,-0.1043701171875,25256,138.7353515625,409,4.09
8127,293701,2352278,3.36,0,-3,-0.00146484375,-21,-0.01025390625,2098,1.0244140625,-6,-0.3662109375,-13,-0.79345703125,5,0.30517578125,-8268,-3963,201,-191,-1.0491943359375,6,0.032958984375,-20950,-115.081787109375,406,4.06
8130,293807,2352280,3.361,1,-9,-0.00439453125,-17,-0.00830078125,2057,1.00439453125,-3,-0.18310546875,-14,-0.8544921875,-3,-0.18310546875,-1414,-5286,-4152,-321,-1.7633056640625,-306,-1.680908203125,-6631,-36.4251708984375,409,4.09
8133,293913,2352282,3.362,2,5,0.00244140625,-21,-0.01025390625,2076,1.013671875,-3,-0.18310546875,-4,-0.244140625,10,0.6103515625,-2873,4895,13299,-232,-1.2744140625,-19,-0.1043701171875,25256,138.7353515625,409,4.09
8144,294315,2352292,3.367,0,1,0.00048828125,-21,-0.01025390625,2100,1.025390625,-7,-0.42724609375,-15,-0.91552734375,9,0.54931640625,-8283,-3957,207,-191,-1.0491943359375,6,0.032958984375,-20950,-115.081787109375,406,4.06
8147,294421,2352294,3.368,1,-8,-0.00390625,-13,-0.00634765625,2059,1.00537109375,-2,-0.1220703125,-16,-0.9765625,-2,-0.1220703125,-1406,-5282,-4178,-321,-1.7633056640625,-306,-1.680908203125,-6631,-36.4251708984375,408,4.08
8152,294601,2352298,3.37,2,6,0.0029296875,-21,-0.01025390625,2076,1.013671875,-3,-0.18310546875,-4,-0.244140625,10,0.6103515625,-2893,4896,13332,-232,-1.2744140625,-19,-0.1043701171875,25256,138.7353515625,409,4.09
8161,294929,2352306,3.374,0,-1,-0.00048828125,-20,-0.009765625,2104,1.02734375,-6,-0.3662109375,-14,-0.8544921875,4,0.244140625,-8294,-3923,185,-191,-1.0491943359375,6,0.032958984375,-20950,-115.081787109375,407,4.07
8166,295109,2352310,3.376,1,-11,-0.00537109375,-16,-0.0078125,2059,1.00537109375,-2,-0.1220703125,-13,-0.79345703125,-2,-0.1220703125,-1398,-5267,-4193,-320,-1.7578125,-304,-1.669921875,-6631,-36.4251708984375,408,4.08
8167,295141,2352310,3.376,2,6,0.0029296875,-20,-0.009765625,2075,1.01318359375,-3,-0.18310546875,-4,-0.244140625,10,0.6103515625,-2883,4900,13339,-232,-1.2744140625,-19,-0.1043701171875,25256,138.7353515625,409,4.09
8180,295617,2352322,3.382,0,-1,-0.00048828125,-21,-0.01025390625,2103,1.02685546875,-3,-0.18310546875,-12,-0.732421875,4,0.244140625,-8270,-3954,213,-191,-1.0491943359375,6,0.032958984375,-20951,-115.0872802734375,407,4.07
8181,295649,2352322,3.382,1,-8,-0.00390625,-15,-0.00732421875,2064,1.0078125,-4,-0.244140625,-15,-0.91552734375,-2,-0.1220703125,-1395,-5261,-4199,-320,-1.7578125,-304,-1.669921875,-6631,-36.4251708984375,408,4.08
8184,295755,2352324,3.383,2,5,0.00244140625,-20,-0.009765625,2075,1.01318359375,-3,-0.18310546875,-4,-0.244140625,10,0.6103515625,-2888,4921,13297,-232,-1.2744140625,-19,-0.1043701171875,25256,138.7353515625,409,4.09
8195,296157,2352334,3.388,0,0,0.0,-20,-0.009765625,2098,1.0244140625,-5,-0.30517578125,-15,-0.91552734375,4,0.244140625,-8255,-3946,217,-191,-1.0491943359375,6,0.032958984375,-20951,-115.0872802734375,407,4.07
8198,296263,2352336,3.389,1,-7,-0.00341796875,-17,-0.00830078125,2059,1.00537109375,-1,-0.06103515625,-14,-0.8544921875,0,0.0,-1371,-5245,-4179,-320,-1.7578125,-304,-1.669921875,-6631,-36.4251708984375,408,4.08
8201,296369,2352338,3.39,2,6,0.0029296875,-21,-0.01025390625,2076,1.013671875,-3,-0.18310546875,-4,-0.244140625,10,0.6103515625,-2911,4925,13308,-232,-1.2744140625,-19,-0.1043701171875,25256,138.7353515625,409,4.09
8212,296771,2352348,3.395,0,-1,-0.00048828125,-17,-0.00830078125,2099,1.02490234375,-7,-0.42724609375,-15,-0.91552734375,7,0.42724609375,-8262,-3980,199,-191,-1.0491943359375,6,0.032958984375,-20951,-115.0872802734375,407,4.07
8215,296877,2352350,3.396,1,-9,-0.00439453125,-15,-0.00732421875,2057,1.00439453125,-6,-0.3662109375,-13,-0.79345703125,-4,-0.244140625,-1380,-5245,-4200,-319,-1.7523193359375,-302,-1.658935546875,-6630,-36.419677734375,408,4.08
8218,296983,2352352,3.397,2,6,0.0029296875,-20,-0.009765625,2076,1.013671875,-3,-0.18310546875,-4,-0.244140625,10,0.6103515625,-2923,4929,13305,-232,-1.2744140625,-19,-0.1043701171875,25256,138.7353515625,409,4.09
8229,297385,2352362,3.402,0,0,0.0,-21,-0.01025390625,2097,1.02392578125,-5,-0.30517578125,-14,-0.8544921875,8,0.48828125,-8277,-3960,219,-191,-1.0491943359375,6,0.032958984375,-20951,-115.0872802734375,407,4.07
8232,297491,2352364,3.403,1,-9,-0.00439453125,-13,-0.00634765625,2055,1.00341796875,-1,-0.06103515625,-15,-0.91552734375,0,0.0,-1392,-5244,-4211,-319,-1.7523193359375,-302,-1.658935546875,-6630,-36.419677734375,408,4.08
8237,297671,2352368,3.405,2,5,0.00244140625,-21,-0.01025390625,2076,1.013671875,-3,-0.18310546875,-4,-0.244140625,9,0.54931640625,-2901,4943,13342,-232,-1.2744140625,-19,-0.1043701171875,25256,138.7353515625,409,4.09
8246,297999,2352376,3.409,0,1,0.00048828125,-20,-0.009765625,2099,1.02490234375,-7,-0.42724609375,-16,-0.9765625,5,0.30517578125,-8261,-3961,246,-191,-1.0491943359375,6,0.032958984375,-20951,-115.0872802734375,407,4.07
8251,298179,2352380,3.411,1,-10,-0.0048828125,-21,-0.01025390625,2063,1.00732421875,1,0.06103515625,-17,-1.03759765625,-1,-0.06103515625,-1398,-5253,-4231,-319,-1.7523193359375,-302,-1.658935546875,-6630,-36.419677734375,408,4.08
8252,298211,2352380,3.411,2,5,0.00244140625,-21,-0.01025390625,2076,1.013671875,-3,-0.18310546875,-4,-0.244140625,10,0.6103515625,-2920,4943,13375,-232,-1.2744140625,-19,-0.1043701171875,25256,138.7353515625,409,4.09
8265,298687,2352392,3.417,0,-1,-0.00048828125,-19,-0.00927734375,2101,1.02587890625,-9,-0.54931640625,-17,-1.03759765625,6,0.3662109375,-8280,-3962,229,-191,-1.0491943359375,6,0.032958984375,-20951,-115.0872802734375,407,4.07
8266,298719,2352392,3.417,1,-10,-0.0048828125,-17,-0.00830078125,2060,1.005859375,-1,-0.06103515625,-16,-0.9765625,-2,-0.1220703125,-1394,-5263,-4248,-317,-1.7413330078125,-300,-1.64794921875,-6630,-36.419677734375,408,4.08
8269,298825,2352394,3.418,2,4,0.001953125,-21,-0.01025390625,2077,1.01416015625,-2,-0.1220703125,-4,-0.244140625,10,0.6103515625,-2927,4939,13359,-232,-1.2744140625,-19,-0.1043701171875,25256,138.7353515625,410,4.1
8280,299227,2352404,3.423,0,-1,-0.00048828125,-19,-0.00927734375,2101,1.02587890625,-9,-0.54931640625,-17,-1.03759765625,6,0.3662109375,-8280,-3962,229,-191,-1.0491943359375,6,0.032958984375,-20951,-115.0872802734375,407,4.07
8283,299333,2352406,3.424,1,-10,-0.0048828125,-19,-0.00927734375,2060,1.005859375,2,0.1220703125,-15,-0.91552734375,1,0.06103515625,-1398,-5275,-4219,-317,-1.7413330078125,-300,-1.64794921875,-6630,-36.419677734375,408,4.08
8286,299439,2352408,3.425,2,5,0.00244140625,-21,-0.01025390625,2077,1.01416015625,-3,-0.18310546875,-4,-0.244140625,10,0.6103515625,-2918,4925,13366,-232,-1.2744140625,-19,-0.1043701171875,25256,138.7353515625,410,4.1
8297,299841,2352418,3.43,0,-1,-0.00048828125,-23,-0.01123046875,2100,1.025390625,-6,-0.3662109375,-14,-0.8544921875,7,0.42724609375,-8290,-3935,190,-191,-1.0491943359375,6,0.032958984375,-20951,-115.0872802734375,406,4.06
8300,299947,2352420,3.431,1,-10,-0.0048828125,-18,-0.0087890625,2066,1.0087890625,-1,-0.06103515625,-15,-0.91552734375,-3,-0.18310546875,-1380,-5265,-4217,-316,-1.73583984375,-298,-1.636962890625,-6630,-36.419677734375,408,4.08
8303,300053,2352422,3.432,2,5,0.00244140625,-21,-0.01025390625,2077,1.01416015625,-3,-0.18310546875,-4,-0.244140625,10,0.6103515625,-2924,4943,13361,-232,-1.2744140625,-19,-0.1043701171875,25256,138.7353515625,410,4.1
8314,300455,2352432,3.437,0,-1,-0.00048828125,-18,-0.0087890625,2098,1.0244140625,-3,-0.18310546875,-15,-0.91552734375,5,0.30517578125,-8301,-3915,181,-191,-1.0491943359375,6,0.032958984375,-20951,-115.0872802734375,406,4.06
8317,300561,2352434,3.438,1,-8,-0.00390625,-17,-0.00830078125,2057,1.00439453125,1,0.06103515625,-15,-0.91552734375,0,0.0,-1378,-5246,-4233,-316,-1.73583984375,-298,-1.636962890625,-6630,-36.419677734375,408,4.08
8322,300741,2352438,3.44,2,6,0.0029296875,-21,-0.01025390625,2076,1.013671875,-3,-0.18310546875,-4,-0.244140625,10,0.6103515625,-2962,4940,13327,-232,-1.2744140625,-19,-0.1043701171875,25256,138.7353515625,410,4.1
8331,301069,2352446,3.444,0,-1,-0.00048828125,-23,-0.01123046875,2101,1.02587890625,-6,-0.3662109375,-15,-0.91552734375,5,0.30517578125,-8298,-3930,158,-191,-1.0491943359375,6,0.032958984375,-20951,-115.0872802734375,406,4.06
8336,301249,2352450,3.446,1,-6,-0.0029296875,-19,-0.00927734375,2064,1.0078125,-3,-0.18310546875,-16,-0.9765625,1,0.06103515625,-1377,-5272,-4242,-316,-1.73583984375,-298,-1.636962890625,-6630,-36.419677734375,408,4.08
8337,301281,2352450,3.446,2,6,0.0029296875,-20,-0.009765625,2076,1.013671875,-3,-0.18310546875,-4,-0.244140625,10,0.6103515625,-2945,4962,13317,-232,-1.2744140625,-19,-0.1043701171875,25256,138.7353515625,410,4.1
8350,301757,2352462,3.452,0,-2,-0.0009765625,-22,-0.0107421875,2098,1.0244140625,-8,-0.48828125,-15,-0.91552734375,3,0.18310546875,-8309,-3929,159,-191,-1.0491943359375,6,0.032958984375,-20951,-115.0872802734375,406,4.06
8351,301789,2352462,3.452,1,-9,-0.00439453125,-15,-0.00732421875,2058,1.0048828125,-3,-0.18310546875,-13,-0.79345703125,-2,-0.1220703125,-1348,-5274,-4195,-315,-1.7303466796875,-296,-1.6259765625,-6630,-36.419677734375,408,4.08
8354,301895,2352464,3.453,2,6,0.0029296875,-20,-0.009765625,2076,1.013671875,-3,-0.18310546875,-4,-0.244140625,10,0.6103515625,-2923,4988,13305,-232,-1.2744140625,-19,-0.1043701171875,25256,138.7353515625,410,4.1
8365,302297,2352474,3.458,0,-2,-0.0009765625,-22,-0.0107421875,2098,1.0244140625,-8,-0.48828125,-15,-0.91552734375,3,0.18310546875,-8309,-3929,159,-191,-1.0491943359375,6,0.032958984375,-20951,-115.0872802734375,406,4.06
8368,302403,2352476,3.459,1,-9,-0.00439453125,-18,-0.0087890625,2059,1.00537109375,-3,-0.18310546875,-15,-0.91552734375,0,0.0,-1363,-5250,-4170,-315,-1.7303466796875,-296,-1.6259765625,-6630,-36.419677734375,407,4.07
8371,302509,2352478,3.46,2,6,0.0029296875,-20,-0.009765625,2075,1.01318359375,-3,-0.18310546875,-4,-0.244140625,10,0.6103515625,-2929,5000,13286,-232,-1.2744140625,-19,-0.1043701171875,25256,138.7353515625,410,4.1
8382,302911,2352488,3.465,0,0,0.0,-20,-0.009765625,2101,1.02587890625,-7,-0.42724609375,-13,-0.79345703125,4,0.244140625,-8311,-3918,163,-191,-1.0491943359375,6,0.032958984375,-20951,-115.0872802734375,405,4.05
8385,303017,2352490,3.466,1,-11,-0.00537109375,-20,-0.009765625,2059,1.00537109375,-3,-0.18310546875,-15,-0.91552734375,-1,-0.06103515625,-1355,-5261,-4167,-315,-1.7303466796875,-296,-1.6259765625,-6630,-36.419677734375,407,4.07
8388,303123,2352492,3.467,2,6,0.0029296875,-21,-0.01025390625,2074,1.0126953125,-3,-0.18310546875,-4,-0.244140625,10,0.6103515625,-2935,5010,13268,-232,-1.2744140625,-19,-0.1043701171875,25256,138.7353515625,410,4.1
8399,303525,2352502,3.472,0,-1,-0.00048828125,-21,-0.01025390625,2101,1.02587890625,-6,-0.3662109375,-13,-0.79345703125,5,0.30517578125,-8314,-3916,175,-191,-1.0491943359375,6,0.032958984375,-20951,-115.0872802734375,405,4.05
8402,303631,2352504,3.473,1,-9,-0.00439453125,-19,-0.00927734375,2061,1.00634765625,-3,-0.18310546875,-13,-0.79345703125,0,0.0,-1345,-5263,-4162,-313,-1.7193603515625,-295,-1.6204833984375,-6630,-36.419677734375,407,4.07
8407,303811,2352508,3.475,2,5,0.00244140625,-21,-0.01025390625,2076,1.013671875,-3,-0.18310546875,-4,-0.244140625,10,0.6103515625,-2958,5030,13268,-232,-1.2744140625,-19,-0.1043701171875,25256,138.7353515625,410,4.1
8416,304139,2352516,3.479,0,0,0.0,-22,-0.0107421875,2100,1.025390625,-5,-0.30517578125,-13,-0.79345703125,5,0.30517578125,-8308,-3905,194,-191,-1.0491943359375,6,0.032958984375,-20951,-115.0872802734375,405,4.05
8421,304319,2352520,3.481,1,-10,-0.0048828125,-14,-0.0068359375,2061,1.00634765625,-1,-0.06103515625,-15,-0.91552734375,-2,-0.1220703125,-1344,-5260,-4210,-313,-1.7193603515625,-295,-1.6204833984375,-6630,-36.419677734375,407,4.07
8422,304351,2352520,3.481,2,4,0.001953125,-21,-0.01025390625,2076,1.013671875,-3,-0.18310546875,-4,-0.244140625,10,0.6103515625,-2966,5023,13251,-232,-1.2744140625,-19,-0.1043701171875,25256,138.7353515625,410,4.1
8435,304827,2352532,3.487,0,-4,-0.001953125,-17,-0.00830078125,2097,1.02392578125,-5,-0.30517578125,-13,-0.79345703125,6,0.3662109375,-8311,-3925,204,-191,-1.0491943359375,6,0.032958984375,-20951,-115.0872802734375,405,4.05
8436,304859,2352532,3.487,1,-9,-0.00439453125,-13,-0.00634765625,2054,1.0029296875,-2,-0.1220703125,-16,-0.9765625,-1,-0.06103515625,-1324,-5238,-4192,-313,-1.7193603515625,-295,-1.6204833984375,-6630,-36.419677734375,407,4.07
8439,304965,2352534,3.488,2,5,0.00244140625,-21,-0.01025390625,2076,1.013671875,-2,-0.1220703125,-4,-0.244140625,9,0.54931640625,-2979,5025,13240,-232,-1.2744140625,-19,-0.1043701171875,25256,138.7353515625,410,4.1
8450,305367,2352544,3.493,0,-4,-0.001953125,-17,-0.00830078125,2097,1.02392578125,-5,-0.30517578125,-13,-0.79345703125,6,0.3662109375,-8311,-3925,204,-191,-1.0491943359375,6,0.032958984375,-20951,-115.0872802734375,405,4.05
8453,305473,2352546,3.494,1,-8,-0.00390625,-16,-0.0078125,2060,1.005859375,1,0.06103515625,-15,-0.91552734375,-2,-0.1220703125,-1332,-5252,-4199,-312,-1.7138671875,-293,-1.6094970703125,-6630,-36.419677734375,407,4.07
8456,305579,2352548,3.495,2,4,0.001953125,-21,-0.01025390625,2075,1.01318359375,-3,-0.18310546875,-4,-0.244140625,9,0.54931640625,-2979,5019,13223,-232,-1.2744140625,-19,-0.1043701171875,25256,138.7353515625,410,4.1
8467,305981,2352558,3.5,0,-1,-0.00048828125,-21,-0.01025390625,2099,1.02490234375,-5,-0.30517578125,-14,-0.8544921875,3,0.18310546875,-8254,-3944,161,-191,-1.0491943359375,6,0.032958984375,-20951,-115.0872802734375,405,4.05
8470,306087,2352560,3.501,1,-9,-0.00439453125,-15,-0.00732421875,2058,1.0048828125,-3,-0.18310546875,-15,-0.91552734375,0,0.0,-1351,-5242,-4228,-312,-1.7138671875,-293,-1.6094970703125,-6630,-36.419677734375,407,4.07
8473,306193,2352562,3.502,2,4,0.001953125,-21,-0.01025390625,2076,1.013671875,-3,-0.18310546875,-4,-0.244140625,10,0.6103515625,-2962,4999,13277,-232,-1.2744140625,-19,-0.1043701171875,25256,138.7353515625,410,4.1
8484,306595,2352572,3.507,0,-1,-0.00048828125,-22,-0.0107421875,2103,1.02685546875,-6,-0.3662109375,-14,-0.8544921875,4,0.244140625,-8256,-3950,165,-191,-1.0491943359375,6,0.032958984375,-20951,-115.0872802734375,405,4.05
8487,306701,2352574,3.508,1,-10,-0.0048828125,-18,-0.0087890625,2057,1.00439453125,-5,-0.30517578125,-14,-0.8544921875,-3,-0.18310546875,-1346,-5254,-4217,-312,-1.7138671875,-293,-1.6094970703125,-6630,-36.419677734375,407,4.07
8492,306881,2352578,3.51,2,4,0.001953125,-21,-0.01025390625,2076,1.013671875,-2,-0.1220703125,-4,-0.244140625,9,0.54931640625,-2975,4993,13309,-232,-1.2744140625,-19,-0.1043701171875,25256,138.7353515625,409,4.09
8501,307209,2352586,3.514,0,-1,-0.00048828125,-23,-0.01123046875,2101,1.02587890625,-6,-0.3662109375,-13,-0.79345703125,5,0.30517578125,-8288,-3946,159,-191,-1.0491943359375,6,0.032958984375,-20951,-115.0872802734375,405,4.05
8506,307389,2352590,3.516,1,-9,-0.00439453125,-15,-0.00732421875,2058,1.0048828125,-1,-0.06103515625,-16,-0.9765625,-1,-0.06103515625,-1350,-5258,-4230,-311,-1.7083740234375,-291,-1.5985107421875,-6630,-36.419677734375,407,4.07
8507,307421,2352590,3.516,2,4,0.001953125,-22,-0.0107421875,2076,1.013671875,-2,-0.1220703125,-4,-0.244140625,10,0.6103515625,-2937,4989,13259,-232,-1.2744140625,-19,-0.1043701171875,25256,138.7353515625,409,4.09
8520,307897,2352602,3.522,0,0,0.0,-19,-0.00927734375,2094,1.0224609375,-4,-0.244140625,-14,-0.8544921875,6,0.3662109375,-8293,-3944,175,-191,-1.0491943359375,6,0.032958984375,-20951,-115.0872802734375,405,4.05
8521,307929,2352602,3.522,1,-9,-0.00439453125,-16,-0.0078125,2057,1.00439453125,-2,-0.1220703125,-13,-0.79345703125,-2,-0.1220703125,-1371,-5244,-4236,-311,-1.7083740234375,-291,-1.5985107421875,-6630,-36.419677734375,407,4.07
8524,308035,2352604,3.523,2,4,0.001953125,-22,-0.0107421875,2076,1.013671875,-2,-0.1220703125,-4,-0.244140625,10,0.6103515625,-2942,4994,13301,-232,-1.2744140625,-19,-0.1043701171875,25256,138.7353515625,409,4.09
8535,308437,2352614,3.528,0,-5,-0.00244140625,-20,-0.009765625,2100,1.025390625,-6,-0.3662109375,-12,-0.732421875,8,0.48828125,-8309,-3946,210,-191,-1.0491943359375,6,0.032958984375,-20951,-115.0872802734375,405,4.05
8538,308543,2352616,3.529,1,-10,-0.0048828125,-17,-0.00830078125,2062,1.0068359375,0,0.0,-13,-0.79345703125,0,0.0,-1362,-5259,-4251,-311,-1.7083740234375,-291,-1.5985107421875,-6630,-36.419677734375,407,4.07
8541,308649,2352618,3.53,2,5,0.00244140625,-20,-0.009765625,2075,1.01318359375,-3,-0.18310546875,-3,-0.18310546875,9,0.54931640625,-2935,4967,13278,-232,-1.2744140625,-19,-0.1043701171875,25256,138.7353515625,409,4.09
8552,309051,2352628,3.535,0,0,0.0,-15,-0.00732421875,2104,1.02734375,-7,-0.42724609375,-14,-0.8544921875,6,0.3662109375,-8293,-3932,155,-191,-1.0491943359375,6,0.032958984375,-20951,-115.0872802734375,405,4.05
8555,309157,2352630,3.536,1,-9,-0.00439453125,-15,-0.00732421875,2060,1.005859375,-1,-0.06103515625,-15,-0.91552734375,-1,-0.06103515625,-1351,-5260,-4258,-310,-1.702880859375,-289,-1.5875244140625,-6630,-36.419677734375,407,4.07
8558,309263,2352632,3.537,2,5,0.00244140625,-20,-0.009765625,2076,1.013671875,-3,-0.18310546875,-3,-0.18310546875,9,0.54931640625,-2927,4962,13263,-232,-1.2744140625,-19,-0.1043701171875,25256,138.7353515625,409,4.09
8572,309776,2352645,3.5435,0,0,0.0,-19,-0.00927734375,2101,1.02587890625,-7,-0.42724609375,-16,-0.9765625,6,0.3662109375,-8292,-3926,180,-191,-1.0491943359375,6,0.032958984375,-20951,-115.0872802734375,405,4.05
8579,310030,2352651,3.5465,1,-11,-0.00537109375,-17,-0.00830078125,2059,1.00537109375,-4,-0.244140625,-13,-0.79345703125,-1,-0.06103515625,-1320,-5262,-4244,-310,-1.702880859375,-289,-1.5875244140625,-6630,-36.419677734375,407,4.07
8580,310062,2352651,3.5465,2,6,0.0029296875,-20,-0.009765625,2077,1.01416015625,-2,-0.1220703125,-4,-0.244140625,10,0.6103515625,-2904,4960,13287,-232,-1.2744140625,-19,-0.1043701171875,25256,138.7353515625,409,4.09
8586,310279,2352656,3.549,0,0,0.0,-19,-0.00927734375,2101,1.02587890625,-7,-0.42724609375,-16,-0.9765625,6,0.3662109375,-8292,-3926,180,-191,-1.0491943359375,6,0.032958984375,-20951,-115.0872802734375,405,4.05
8592,310496,2352661,3.5515,1,-9,-0.00439453125,-18,-0.0087890625,2055,1.00341796875,-5,-0.30517578125,-15,-0.91552734375,-1,-0.06103515625,-1325,-5264,-4209,-310,-1.702880859375,-289,-1.5875244140625,-6630,-36.419677734375,407,4.07
8594,310565,2352662,3.552,2,5,0.00244140625,-21,-0.01025390625,2076,1.013671875,-3,-0.18310546875,-4,-0.244140625,10,0.6103515625,-2917,4977,13260,-232,-1.2744140625,-19,-0.1043701171875,25256,138.7353515625,409,4.09
8605,310967,2352672,3.557,0,1,0.00048828125,-21,-0.01025390625,2099,1.02490234375,-5,-0.30517578125,-14,-0.8544921875,4,0.244140625,-8322,-3917,139,-191,-1.0491943359375,6,0.032958984375,-20951,-115.0872802734375,405,4.05
8606,310999,2352672,3.557,1,-7,-0.00341796875,-12,-0.005859375,2057,1.00439453125,0,0.0,-13,-0.79345703125,-2,-0.1220703125,-1304,-5262,-4273,-308,-1.69189453125,-287,-1.5765380859375,-6630,-36.419677734375,407,4.07
8609,311105,2352674,3.558,2,5,0.00244140625,-21,-0.01025390625,2074,1.0126953125,-3,-0.18310546875,-4,-0.244140625,10,0.6103515625,-2913,4964,13287,-232,-1.2744140625,-19,-0.1043701171875,25256,138.7353515625,409,4.09
8620,311507,2352684,3.563,0,1,0.00048828125,-21,-0.01025390625,2102,1.0263671875,-6,-0.3662109375,-13,-0.79345703125,6,0.3662109375,-8313,-3911,130,-191,-1.0491943359375,6,0.032958984375,-20951,-115.0872802734375,405,4.05
8623,311613,2352686,3.564,1,-7,-0.00341796875,-19,-0.00927734375,2062,1.0068359375,-3,-0.18310546875,-12,-0.732421875,-1,-0.06103515625,-1319,-5256,-4280,-308,-1.69189453125,-287,-1.5765380859375,-6630,-36.419677734375,407,4.07
8626,311719,2352688,3.565,2,5,0.00244140625,-21,-0.01025390625,2075,1.01318359375,-3,-0.18310546875,-4,-0.244140625,10,0.6103515625,-2902,4975,13252,-232,-1.2744140625,-19,-0.1043701171875,25256,138.7353515625,409,4.09
8637,312121,2352698,3.57,0,-3,-0.00146484375,-21,-0.01025390625,2100,1.025390625,-4,-0.244140625,-14,-0.8544921875,5,0.30517578125,-8323,-3939,133,-191,-1.0491943359375,6,0.032958984375,-20951,-115.0872802734375,405,4.05
8640,312227,2352700,3.571,1,-8,-0.00390625,-19,-0.00927734375,2060,1.005859375,0,0.0,-16,-0.9765625,1,0.06103515625,-1318,-5261,-4309,-308,-1.69189453125,-287,-1.5765380859375,-6630,-36.419677734375,407,4.07
8643,312333,2352702,3.572,2,5,0.00244140625,-21,-0.01025390625,2076,1.013671875,-2,-0.1220703125,-4,-0.244140625,10,0.6103515625,-2898,4955,13264,-232,-1.2744140625,-19,-0.1043701171875,25256,138.7353515625,409,4.09
8654,312735,2352712,3.577,0,0,0.0,-21,-0.01025390625,2102,1.0263671875,-6,-0.3662109375,-14,-0.8544921875,4,0.244140625,-8309,-3956,159,-191,-1.0491943359375,6,0.032958984375,-20951,-115.0872802734375,405,4.05
8657,312841,2352714,3.578,1,-8,-0.00390625,-19,-0.00927734375,2056,1.00390625,0,0.0,-15,-0.91552734375,-1,-0.06103515625,-1315,-5271,-4357,-307,-1.6864013671875,-285,-1.5655517578125,-6630,-36.419677734375,407,4.07
8662,313021,2352718,3.58,2,5,0.00244140625,-20,-0.009765625,2077,1.01416015625,-3,-0.18310546875,-4,-0.244140625,10,0.6103515625,-2915,4944,13285,-232,-1.2744140625,-19,-0.1043701171875,25256,138.7353515625,409,4.09
8671,313349,2352726,3.584,0,0,0.0,-21,-0.01025390625,2102,1.0263671875,-6,-0.3662109375,-14,-0.8544921875,4,0.244140625,-8309,-3956,159,-191,-1.0491943359375,6,0.032958984375,-20951,-115.0872802734375,405,4.05
8676,313529,2352730,3.586,1,-7,-0.00341796875,-14,-0.0068359375,2060,1.005859375,-2,-0.1220703125,-14,-0.8544921875,-3,-0.18310546875,-1350,-5270,-4316,-307,-1.6864013671875,-285,-1.5655517578125,-6630,-36.419677734375,407,4.07
8677,313561,2352730,3.586,2,5,0.00244140625,-20,-0.009765625,2077,1.01416015625,-3,-0.18310546875,-4,-0.244140625,10,0.6103515625,-2910,4955,13330,-232,-1.2744140625,-19,-0.1043701171875,25256,138.7353515625,409,4.09
8690,314037,2352742,3.592,0,2,0.0009765625,-22,-0.0107421875,2102,1.0263671875,-3,-0.18310546875,-15,-0.91552734375,6,0.3662109375,-8340,-3946,183,-191,-1.0491943359375,6,0.032958984375,-20951,-115.0872802734375,405,4.05
8691,314069,2352742,3.592,1,-7,-0.00341796875,-20,-0.009765625,2058,1.0048828125,-2,-0.1220703125,-15,-0.91552734375,0,0.0,-1340,-5292,-4340,-306,-1.680908203125,-283,-1.5545654296875,-6630,-36.419677734375,407,4.07
8694,314175,2352744,3.593,2,5,0.00244140625,-21,-0.01025390625,2076,1.013671875,-3,-0.18310546875,-5,-0.30517578125,10,0.6103515625,-2903,4963,13305,-232,-1.2744140625,-19,-0.1043701171875,25256,138.7353515625,408,4.08
8705,314577,2352754,3.598,0,0,0.0,-22,-0.0107421875,2097,1.02392578125,-5,-0.30517578125,-13,-0.79345703125,3,0.18310546875,-8337,-3944,194,-191,-1.0491943359375,6,0.032958984375,-20951,-115.0872802734375,405,4.05
8708,314683,2352756,3.599,1,-10,-0.0048828125,-17,-0.00830078125,2061,1.00634765625,0,0.0,-14,-0.8544921875,-1,-0.06103515625,-1360,-5295,-4361,-306,-1.680908203125,-283,-1.5545654296875,-6630,-36.419677734375,407,4.07
8711,314789,2352758,3.6,2,5,0.00244140625,-21,-0.01025390625,2075,1.01318359375,-3,-0.18310546875,-4,-0.244140625,10,0.6103515625,-2924,4947,13240,-232,-1.2744140625,-19,-0.1043701171875,25256,138.7353515625,408,4.08
8722,315191,2352768,3.605,0,-3,-0.00146484375,-20,-0.009765625,2101,1.02587890625,-6,-0.3662109375,-15,-0.91552734375,3,0.18310546875,-8336,-3914,180,-191,-1.0491943359375,6,0.032958984375,-20951,-115.0872802734375,405,4.05
8725,315297,2352770,3.606,1,-9,-0.00439453125,-14,-0.0068359375,2058,1.0048828125,-4,-0.244140625,-13,-0.79345703125,-3,-0.18310546875,-1356,-5268,-4348,-306,-1.680908203125,-283,-1.5545654296875,-6630,-36.419677734375,407,4.07
8728,315403,2352772,3.607,2,5,0.00244140625,-21,-0.01025390625,2076,1.013671875,-3,-0.18310546875,-4,-0.244140625,10,0.6103515625,-2936,4943,13244,-232,-1.2744140625,-19,-0.1043701171875,25256,138.7353515625,408,4.08
8739,315805,2352782,3.612,0,0,0.0,-19,-0.00927734375,2099,1.02490234375,-7,-0.42724609375,-14,-0.8544921875,6,0.3662109375,-8335,-3905,172,-191,-1.0491943359375,6,0.032958984375,-20951,-115.0872802734375,405,4.05
8742,315911,2352784,3.613,1,-5,-0.00244140625,-20,-0.009765625,2058,1.0048828125,1,0.06103515625,-13,-0.79345703125,-1,-0.06103515625,-1351,-5276,-4331,-305,-1.6754150390625,-282,-1.549072265625,-6630,-36.419677734375,407,4.07
8747,316091,2352788,3.615,2,5,0.00244140625,-21,-0.01025390625,2076,1.013671875,-3,-0.18310546875,-4,-0.244140625,9,0.54931640625,-2932,4940,13276,-232,-1.2744140625,-19,-0.1043701171875,25256,138.7353515625,407,4.07
8756,316419,2352796,3.619,0,0,0.0,-19,-0.00927734375,2099,1.02490234375,-7,-0.42724609375,-14,-0.8544921875,6,0.3662109375,-8335,-3905,172,-191,-1.0491943359375,6,0.032958984375,-20951,-115.0872802734375,405,4.05
8761,316599,2352800,3.621,1,-7,-0.00341796875,-12,-0.005859375,2055,1.00341796875,-1,-0.06103515625,-14,-0.8544921875,0,0.0,-1329,-5266,-4319,-305,-1.6754150390625,-282,-1.549072265625,-6630,-36.419677734375,407,4.07
8762,316631,2352800,3.621,2,5,0.00244140625,-21,-0.01025390625,2076,1.013671875,-3,-0.18310546875,-4,-0.244140625,10,0.6103515625,-2940,4949,13277,-232,-1.2744140625,-19,-0.1043701171875,25256,138.7353515625,407,4.07
8776,317144,2352813,3.6275,0,-1,-0.00048828125,-16,-0.0078125,2104,1.02734375,-6,-0.3662109375,-15,-0.91552734375,4,0.244140625,-8295,-3944,174,-191,-1.0491943359375,6,0.032958984375,-20952,-115.0927734375,405,4.05
8777,317176,2352813,3.6275,1,-6,-0.0029296875,-17,-0.00830078125,2058,1.0048828125,-2,-0.1220703125,-14,-0.8544921875,-1,-0.06103515625,-1321,-5264,-4365,-305,-1.6754150390625,-282,-1.549072265625,-6630,-36.419677734375,407,4.07
8779,317245,2352814,3.628,2,5,0.00244140625,-21,-0.01025390625,2075,1.01318359375,-3,-0.18310546875,-4,-0.244140625,10,0.6103515625,-2915,4962,13323,-232,-1.2744140625,-19,-0.1043701171875,25256,138.7353515625,407,4.07
8790,317647,2352824,3.633,0,0,0.0,-18,-0.0087890625,2100,1.025390625,-8,-0.48828125,-16,-0.9765625,5,0.30517578125,-8285,-3955,175,-191,-1.0491943359375,6,0.032958984375,-20952,-115.0927734375,405,4.05
8793,317753,2352826,3.634,1,-10,-0.0048828125,-19,-0.00927734375,2064,1.0078125,-1,-0.06103515625,-14,-0.8544921875,-2,-0.1220703125,-1327,-5258,-4327,-304,-1.669921875,-280,-1.5380859375,-6630,-36.419677734375,407,4.07
8796,317859,2352828,3.635,2,5,0.00244140625,-21,-0.01025390625,2076,1.013671875,-3,-0.18310546875,-4,-0.244140625,9,0.54931640625,-2899,4975,13327,-232,-1.2744140625,-19,-0.1043701171875,25256,138.7353515625,407,4.07
8807,318261,2352838,3.64,0,-1,-0.00048828125,-19,-0.00927734375,2097,1.02392578125,-5,-0.30517578125,-15,-0.91552734375,3,0.18310546875,-8317,-3955,109,-191,-1.0491943359375,6,0.032958984375,-20952,-115.0927734375,405,4.05
8810,318367,2352840,3.641,1,-9,-0.00439453125,-18,-0.0087890625,2057,1.00439453125,3,0.18310546875,-14,-0.8544921875,0,0.0,-1349,-5259,-4296,-304,-1.669921875,-280,-1.5380859375,-6630,-36.419677734375,407,4.07
8813,318473,2352842,3.642,2,5,0.00244140625,-21,-0.01025390625,2077,1.01416015625,-3,-0.18310546875,-4,-0.244140625,10,0.6103515625,-2897,4971,13344,-232,-1.2744140625,-19,-0.1043701171875,25256,138.7353515625,407,4.07
8824,318875,2352852,3.647,0,-2,-0.0009765625,-21,-0.01025390625,2102,1.0263671875,-6,-0.3662109375,-14,-0.8544921875,5,0.30517578125,-8305,-3926,105,-191,-1.0491943359375,6,0.032958984375,-20952,-115.0927734375,405,4.05
8827,318981,2352854,3.648,1,-9,-0.00439453125,-19,-0.00927734375,2063,1.00732421875,-4,-0.244140625,-16,-0.9765625,-3,-0.18310546875,-1353,-5262,-4284,-304,-1.669921875,-280,-1.5380859375,-6630,-36.419677734375,407,4.07
8832,319161,2352858,3.65,2,5,0.00244140625,-21,-0.01025390625,2076,1.013671875,-3,-0.18310546875,-3,-0.18310546875,10,0.6103515625,-2908,4969,13371,-232,-1.2744140625,-19,-0.1043701171875,25256,138.7353515625,407,4.07
8841,319489,2352866,3.654,0,-2,-0.0009765625,-20,-0.009765625,2100,1.025390625,-3,-0.18310546875,-15,-0.91552734375,5,0.30517578125,-8303,-3938,115,-191,-1.0491943359375,6,0.032958984375,-20952,-115.0927734375,405,4.05
8846,319669,2352870,3.656,1,-9,-0.00439453125,-21,-0.01025390625,2058,1.0048828125,-3,-0.18310546875,-14,-0.8544921875,0,0.0,-1365,-5261,-4314,-302,-1.658935546875,-278,-1.527099609375,-6630,-36.419677734375,407,4.07
8847,319701,2352870,3.656,2,5,0.00244140625,-21,-0.01025390625,2075,1.01318359375,-2,-0.1220703125,-4,-0.244140625,10,0.6103515625,-2869,4954,13290,-232,-1.2744140625,-19,-0.1043701171875,25256,138.7353515625,407,4.07
8861,320214,2352883,3.6625,0,-3,-0.00146484375,-20,-0.009765625,2098,1.0244140625,-6,-0.3662109375,-16,-0.9765625,5,0.30517578125,-8324,-3936,164,-191,-1.0491943359375,6,0.032958984375,-20952,-115.0927734375,405,4.05
8862,320246,2352883,3.6625,1,-12,-0.005859375,-17,-0.00830078125,2059,1.00537109375,-1,-0.06103515625,-14,-0.8544921875,-4,-0.244140625,-1353,-5263,-4306,-302,-1.658935546875,-278,-1.527099609375,-6630,-36.419677734375,407,4.07
8864,320315,2352884,3.663,2,5,0.00244140625,-21,-0.01025390625,2075,1.01318359375,-3,-0.18310546875,-4,-0.244140625,10,0.6103515625,-2873,4965,13296,-232,-1.2744140625,-19,-0.1043701171875,25256,138.7353515625,406,4.06
8875,320717,2352894,3.668,0,-2,-0.0009765625,-17,-0.00830078125,2098,1.0244140625,-7,-0.42724609375,-14,-0.8544921875,4,0.244140625,-8324,-3931,188,-191,-1.0491943359375,6,0.032958984375,-20952,-115.0927734375,405,4.05
8878,320823,2352896,3.669,1,-9,-0.00439453125,-16,-0.0078125,2060,1.005859375,1,0.06103515625,-15,-0.91552734375,-2,-0.1220703125,-1375,-5262,-4342,-302,-1.658935546875,-278,-1.527099609375,-6630,-36.419677734375,407,4.07
8881,320929,2352898,3.67,2,5,0.00244140625,-21,-0.01025390625,2074,1.0126953125,-3,-0.18310546875,-4,-0.244140625,9,0.54931640625,-2872,4929,13274,-232,-1.2744140625,-19,-0.1043701171875,25256,138.7353515625,406,4.06
8892,321331,2352908,3.675,0,2,0.0009765625,-20,-0.009765625,2097,1.02392578125,-6,-0.3662109375,-14,-0.8544921875,5,0.30517578125,-8334,-3911,175,-191,-1.0491943359375,6,0.032958984375,-20952,-115.0927734375,405,4.05
8895,321437,2352910,3.676,1,-8,-0.00390625,-19,-0.00927734375,2064,1.0078125,-3,-0.18310546875,-17,-1.03759765625,1,0.06103515625,-1335,-5290,-4374,-301,-1.6534423828125,-276,-1.51611328125,-6630,-36.419677734375,407,4.07
8898,321543,2352912,3.677,2,5,0.00244140625,-21,-0.01025390625,2074,1.0126953125,-3,-0.18310546875,-4,-0.244140625,10,0.6103515625,-2854,4913,13286,-232,-1.2744140625,-19,-0.1043701171875,25256,138.7353515625,406,4.06
8909,321945,2352922,3.682,0,-2,-0.0009765625,-20,-0.009765625,2102,1.0263671875,-6,-0.3662109375,-16,-0.9765625,4,0.244140625,-8339,-3916,171,-191,-1.0491943359375,6,0.032958984375,-20952,-115.0927734375,405,4.05
8912,322051,2352924,3.683,1,-9,-0.00439453125,-17,-0.00830078125,2062,1.0068359375,0,0.0,-12,-0.732421875,-2,-0.1220703125,-1357,-5270,-4336,-301,-1.6534423828125,-276,-1.51611328125,-6630,-36.419677734375,407,4.07
8917,322231,2352928,3.685,2,5,0.00244140625,-21,-0.01025390625,2075,1.01318359375,-3,-0.18310546875,-4,-0.244140625,9,0.54931640625,-2858,4933,13268,-232,-1.2744140625,-19,-0.1043701171875,25256,138.7353515625,406,4.06
8926,322559,2352936,3.689,0,-6,-0.0029296875,-20,-0.009765625,2097,1.02392578125,-6,-0.3662109375,-14,-0.8544921875,2,0.1220703125,-8349,-3920,162,-191,-1.0491943359375,6,0.032958984375,-20952,-115.0927734375,405,4.05
8932,322776,2352941,3.6915,1,-8,-0.00390625,-18,-0.0087890625,2057,1.00439453125,-4,-0.244140625,-15,-0.91552734375,-4,-0.244140625,-1370,-5271,-4328,-301,-1.6534423828125,-276,-1.51611328125,-6630,-36.419677734375,407,4.07
8933,322808,2352941,3.6915,2,5,0.00244140625,-20,-0.009765625,2076,1.013671875,-3,-0.18310546875,-4,-0.244140625,9,0.54931640625,-2874,4946,13267,-232,-1.2744140625,-19,-0.1043701171875,25256,138.7353515625,406,4.06
8946,323284,2352953,3.6975,0,2,0.0009765625,-21,-0.01025390625,2100,1.025390625,-6,-0.3662109375,-14,-0.8544921875,4,0.244140625,-8306,-3933,178,-191,-1.0491943359375,6,0.032958984375,-20952,-115.0927734375,405,4.05
8947,323316,2352953,3.6975,1,-10,-0.0048828125,-17,-0.00830078125,2062,1.0068359375,-2,-0.1220703125,-14,-0.8544921875,-4,-0.244140625,-1361,-5260,-4372,-300,-1.64794921875,-274,-1.505126953125,-6629,-36.4141845703125,407,4.07
8949,323385,2352954,3.698,2,5,0.00244140625,-20,-0.009765625,2076,1.013671875,-3,-0.18310546875,-4,-0.244140625,10,0.6103515625,-2898,4963,13257,-232,-1.2744140625,-19,-0.1043701171875,25256,138.7353515625,407,4.07
8960,323787,2352964,3.703,0,-1,-0.00048828125,-19,-0.00927734375,2097,1.02392578125,-7,-0.42724609375,-14,-0.8544921875,6,0.3662109375,-8312,-3944,196,-191,-1.0491943359375,6,0.032958984375,-20952,-115.0927734375,405,4.05
8963,323893,2352966,3.704,1,-9,-0.00439453125,-16,-0.0078125,2058,1.0048828125,-5,-0.30517578125,-14,-0.8544921875,-1,-0.06103515625,-1397,-5256,-4317,-300,-1.64794921875,-274,-1.505126953125,-6629,-36.4141845703125,407,4.07
8966,323999,2352968,3.705,2,5,0.00244140625,-20,-0.009765625,2076,1.013671875,-3,-0.18310546875,-4,-0.244140625,10,0.6103515625,-2893,4949,13240,-232,-1.2744140625,-19,-0.1043701171875,25256,138.7353515625,407,4.07
8977,324401,2352978,3.71,0,-1,-0.00048828125,-19,-0.00927734375,2097,1.02392578125,-7,-0.42724609375,-14,-0.8544921875,6,0.3662109375,-8312,-3944,196,-191,-1.0491943359375,6,0.032958984375,-20952,-115.0927734375,405,4.05
8980,324507,2352980,3.711,1,-10,-0.0048828125,-17,-0.00830078125,2057,1.00439453125,0,0.0,-13,-0.79345703125,-3,-0.18310546875,-1376,-5251,-4287,-300,-1.64794921875,-274,-1.505126953125,-6629,-36.4141845703125,407,4.07
8983,324613,2352982,3.712,2,5,0.00244140625,-21,-0.01025390625,2076,1.013671875,-3,-0.18310546875,-4,-0.244140625,10,0.6103515625,-2877,4958,13233,-232,-1.2744140625,-19,-0.1043701171875,25256,138.7353515625,407,4.07
8994,325015,2352992,3.717,0,-1,-0.00048828125,-21,-0.01025390625,2099,1.02490234375,-5,-0.30517578125,-14,-0.8544921875,4,0.244140625,-8340,-3899,163,-191,-1.0491943359375,6,0.032958984375,-20952,-115.0927734375,405,4.05
8997,325121,2352994,3.718,1,-5,-0.00244140625,-16,-0.0078125,2058,1.0048828125,-2,-0.1220703125,-14,-0.8544921875,-3,-0.18310546875,-1381,-5263,-4240,-299,-1.6424560546875,-273,-1.4996337890625,-6629,-36.4141845703125,407,4.07
9002,325301,2352998,3.72,2,5,0.00244140625,-21,-0.01025390625,2076,1.013671875,-3,-0.18310546875,-4,-0.244140625,10,0.6103515625,-2897,4951,13253,-232,-1.2744140625,-19,-0.1043701171875,25256,138.7353515625,407,4.07
9011,325629,2353006,3.724,0,-1,-0.00048828125,-18,-0.0087890625,2100,1.025390625,-5,-0.30517578125,-14,-0.8544921875,5,0.30517578125,-8316,-3909,180,-191,-1.0491943359375,6,0.032958984375,-20952,-115.0927734375,405,4.05
9017,325846,2353011,3.7265,1,-10,-0.0048828125,-19,-0.00927734375,2059,1.00537109375,-4,-0.244140625,-14,-0.8544921875,-1,-0.06103515625,-1372,-5253,-4257,-299,-1.6424560546875,-273,-1.4996337890625,-6629,-36.4141845703125,407,4.07
9018,325878,2353011,3.7265,2,6,0.0029296875,-21,-0.01025390625,2075,1.01318359375,-3,-0.18310546875,-4,-0.244140625,9,0.54931640625,-2930,4939,13287,-232,-1.2744140625,-19,-0.1043701171875,25256,138.7353515625,407,4.07
9031,326354,2353023,3.7325,0,0,0.0,-22,-0.0107421875,2103,1.02685546875,-7,-0.42724609375,-14,-0.8544921875,4,0.244140625,-8322,-3909,181,-191,-1.0491943359375,6,0.032958984375,-20952,-115.0927734375,405,4.05
9032,326386,2353023,3.7325,1,-6,-0.0029296875,-17,-0.00830078125,2058,1.0048828125,-2,-0.1220703125,-15,-0.91552734375,-2,-0.1220703125,-1355,-5266,-4234,-299,-1.6424560546875,-273,-1.4996337890625,-6629,-36.4141845703125,407,4.07
9034,326455,2353024,3.733,2,5,0.00244140625,-20,-0.009765625,2075,1.01318359375,-3,-0.18310546875,-4,-0.244140625,9,0.54931640625,-2945,4934,13302,-232,-1.2744140625,-19,-0.1043701171875,25256,138.7353515625,407,4.07
9045,326857,2353034,3.738,0,-1,-0.00048828125,-20,-0.009765625,2099,1.02490234375,-3,-0.18310546875,-14,-0.8544921875,5,0.30517578125,-8309,-3900,210,-191,-1.0491943359375,6,0.032958984375,-20952,-115.0927734375,405,4.05
9048,326963,2353036,3.739,1,-5,-0.00244140625,-19,-0.00927734375,2058,1.0048828125,-2,-0.1220703125,-15,-0.91552734375,0,0.0,-1378,-5293,-4292,-298,-1.636962890625,-271,-1.4886474609375,-6629,-36.4141845703125,407,4.07
9051,327069,2353038,3.74,2,4,0.001953125,-20,-0.009765625,2076,1.013671875,-3,-0.18310546875,-4,-0.244140625,10,0.6103515625,-2940,4928,13307,-232,-1.2744140625,-19,-0.1043701171875,25256,138.7353515625,407,4.07
9062,327471,2353048,3.745,0,-1,-0.00048828125,-20,-0.009765625,2099,1.02490234375,-3,-0.18310546875,-14,-0.8544921875,5,0.30517578125,-8309,-3900,210,-191,-1.0491943359375,6,0.032958984375,-20952,-115.0927734375,405,4.05
9065,327577,2353050,3.746,1,-9,-0.00439453125,-21,-0.01025390625,2061,1.00634765625,2,0.1220703125,-15,-0.91552734375,-1,-0.06103515625,-1352,-5268,-4308,-298,-1.636962890625,-271,-1.4886474609375,-6629,-36.4141845703125,407,4.07
9068,327683,2353052,3.747,2,4,0.001953125,-21,-0.01025390625,2075,1.01318359375,-3,-0.18310546875,-4,-0.244140625,10,0.6103515625,-2950,4926,13314,-232,-1.2744140625,-19,-0.1043701171875,25256,138.7353515625,407,4.07
9079,328085,2353062,3.752,0,1,0.00048828125,-16,-0.0078125,2099,1.02490234375,-4,-0.244140625,-14,-0.8544921875,6,0.3662109375,-8301,-3920,192,-191,-1.0491943359375,6,0.032958984375,-20952,-115.0927734375,405,4.05
9082,328191,2353064,3.753,1,-8,-0.00390625,-16,-0.0078125,2060,1.005859375,-2,-0.1220703125,-13,-0.79345703125,0,0.0,-1357,-5277,-4304,-297,-1.6314697265625,-269,-1.4776611328125,-6629,-36.4141845703125,407,4.07
9088,328408,2353069,3.7555,2,5,0.00244140625,-21,-0.01025390625,2075,1.01318359375,-3,-0.18310546875,-4,-0.244140625,10,0.6103515625,-2951,4928,13323,-232,-1.2744140625,-19,-0.1043701171875,25256,138.7353515625,407,4.07
9096,328699,2353076,3.759,0,-1,-0.00048828125,-21,-0.01025390625,2098,1.0244140625,-5,-0.30517578125,-16,-0.9765625,7,0.42724609375,-8294,-3930,206,-191,-1.0491943359375,6,0.032958984375,-20952,-115.0927734375,405,4.05
9102,328916,2353081,3.7615,1,-10,-0.0048828125,-16,-0.0078125,2057,1.00439453125,-1,-0.06103515625,-15,-0.91552734375,-2,-0.1220703125,-1362,-5264,-4266,-297,-1.6314697265625,-269,-1.4776611328125,-6629,-36.4141845703125,407,4.07
9103,328948,2353081,3.7615,2,5,0.00244140625,-21,-0.01025390625,2076,1.013671875,-3,-0.18310546875,-4,-0.244140625,10,0.6103515625,-2951,4930,13295,-232,-1.2744140625,-19,-0.1043701171875,25256,138.7353515625,407,4.07
9116,329424,2353093,3.7675,0,-1,-0.00048828125,-17,-0.00830078125,2101,1.02587890625,-6,-0.3662109375,-14,-0.8544921875,5,0.30517578125,-8272,-3938,178,-191,-1.0491943359375,6,0.032958984375,-20952,-115.0927734375,406,4.06
9117,329456,2353093,3.7675,1,-8,-0.00390625,-13,-0.00634765625,2056,1.00390625,-2,-0.1220703125,-15,-0.91552734375,-1,-0.06103515625,-1376,-5266,-4274,-297,-1.6314697265625,-269,-1.4776611328125,-6629,-36.4141845703125,407,4.07
9119,329525,2353094,3.768,2,5,0.00244140625,-21,-0.01025390625,2075,1.01318359375,-3,-0.18310546875,-4,-0.244140625,9,0.54931640625,-2959,4910,13245,-232,-1.2744140625,-19,-0.1043701171875,25256,138.7353515625,407,4.07
9130,329927,2353104,3.773,0,0,0.0,-17,-0.00830078125,2097,1.02392578125,-6,-0.3662109375,-15,-0.91552734375,3,0.18310546875,-8290,-3933,155,-191,-1.0491943359375,6,0.032958984375,-20952,-115.0927734375,406,4.06
9133,330033,2353106,3.774,1,-7,-0.00341796875,-16,-0.0078125,2058,1.0048828125,-1,-0.06103515625,-14,-0.8544921875,-2,-0.1220703125,-1371,-5220,-4231,-295,-1.6204833984375,-267,-1.4666748046875,-6629,-36.4141845703125,408,4.08
9136,330139,2353108,3.775,2,5,0.00244140625,-21,-0.01025390625,2075,1.01318359375,-2,-0.1220703125,-4,-0.244140625,10,0.6103515625,-2943,4915,13276,-232,-1.2744140625,-19,-0.1043701171875,25256,138.7353515625,407,4.07
9147,330541,2353118,3.78,0,0,0.0,-17,-0.00830078125,2097,1.02392578125,-6,-0.3662109375,-15,-0.91552734375,3,0.18310546875,-8290,-3933,155,-191,-1.0491943359375,6,0.032958984375,-20952,-115.0927734375,406,4.06
9150,330647,2353120,3.781,1,-9,-0.00439453125,-20,-0.009765625,2062,1.0068359375,-2,-0.1220703125,-12,-0.732421875,-2,-0.1220703125,-1369,-5200,-4212,-295,-1.6204833984375,-267,-1.4666748046875,-6629,-36.4141845703125,408,4.08
9153,330753,2353122,3.782,2,5,0.00244140625,-21,-0.01025390625,2075,1.01318359375,-3,-0.18310546875,-4,-0.244140625,10,0.6103515625,-2963,4930,13312,-232,-1.2744140625,-19,-0.1043701171875,25256,138.7353515625,407,4.07
9164,331155,2353132,3.787,0,0,0.0,-19,-0.00927734375,2101,1.02587890625,-8,-0.48828125,-11,-0.67138671875,6,0.3662109375,-8276,-3906,221,-191,-1.0491943359375,6,0.032958984375,-20952,-115.0927734375,406,4.06
9167,331261,2353134,3.788,1,-7,-0.00341796875,-16,-0.0078125,2062,1.0068359375,-1,-0.06103515625,-15,-0.91552734375,-2,-0.1220703125,-1367,-5205,-4232,-295,-1.6204833984375,-267,-1.4666748046875,-6629,-36.4141845703125,408,4.08
9173,331478,2353139,3.7905,2,5,0.00244140625,-21,-0.01025390625,2075,1.01318359375,-3,-0.18310546875,-4,-0.244140625,10,0.6103515625,-2952,4934,13315,-232,-1.2744140625,-19,-0.1043701171875,25256,138.7353515625,408,4.08
9181,331769,2353146,3.794,0,0,0.0,-21,-0.01025390625,2104,1.02734375,-5,-0.30517578125,-16,-0.9765625,5,0.30517578125,-8308,-3892,199,-191,-1.0491943359375,6,0.032958984375,-20952,-115.0927734375,406,4.06
9187,331986,2353151,3.7965,1,-8,-0.00390625,-19,-0.00927734375,2058,1.0048828125,-1,-0.06103515625,-14,-0.8544921875,-1,-0.06103515625,-1390,-5204,-4195,-294,-1.614990234375,-266,-1.461181640625,-6629,-36.4141845703125,408,4.08
9188,332018,2353151,3.7965,2,5,0.00244140625,-21,-0.01025390625,2077,1.01416015625,-3,-0.18310546875,-4,-0.244140625,9,0.54931640625,-2926,4962,13316,-232,-1.2744140625,-19,-0.1043701171875,25256,138.7353515625,408,4.08
9201,332494,2353163,3.8025,0,-2,-0.0009765625,-20,-0.009765625,2101,1.02587890625,-5,-0.30517578125,-14,-0.8544921875,4,0.244140625,-8297,-3891,188,-191,-1.0491943359375,6,0.032958984375,-20952,-115.0927734375,406,4.06
9202,332526,2353163,3.8025,1,-8,-0.00390625,-17,-0.00830078125,2057,1.00439453125,1,0.06103515625,-15,-0.91552734375,-3,-0.18310546875,-1411,-5213,-4221,-294,-1.614990234375,-266,-1.461181640625,-6629,-36.4141845703125,408,4.08
9204,332595,2353164,3.803,2,5,0.00244140625,-21,-0.01025390625,2076,1.013671875,-3,-0.18310546875,-4,-0.244140625,9,0.54931640625,-2931,4964,13322,-232,-1.2744140625,-19,-0.1043701171875,25256,138.7353515625,409,4.09
9215,332997,2353174,3.808,0,1,0.00048828125,-20,-0.009765625,2097,1.02392578125,-5,-0.30517578125,-14,-0.8544921875,4,0.244140625,-8304,-3904,189,-191,-1.0491943359375,6,0.032958984375,-20952,-115.0927734375,406,4.06
9218,333103,2353176,3.809,1,-8,-0.00390625,-18,-0.0087890625,2057,1.00439453125,-3,-0.18310546875,-15,-0.91552734375,-3,-0.18310546875,-1398,-5197,-4272,-294,-1.614990234375,-266,-1.461181640625,-6629,-36.4141845703125,408,4.08
9221,333209,2353178,3.81,2,5,0.00244140625,-22,-0.0107421875,2075,1.01318359375,-3,-0.18310546875,-4,-0.244140625,10,0.6103515625,-2909,4977,13307,-232,-1.2744140625,-19,-0.1043701171875,25256,138.7353515625,409,4.09
9232,333611,2353188,3.815,0,-1,-0.00048828125,-17,-0.00830078125,2101,1.02587890625,-6,-0.3662109375,-16,-0.9765625,5,0.30517578125,-8323,-3916,194,-191,-1.0491943359375,6,0.032958984375,-20952,-115.0927734375,406,4.06
9235,333717,2353190,3.816,1,-8,-0.00390625,-17,-0.00830078125,2061,1.00634765625,1,0.06103515625,-16,-0.9765625,0,0.0,-1409,-5198,-4255,-293,-1.6094970703125,-264,-1.4501953125,-6629,-36.4141845703125,408,4.08
9238,333823,2353192,3.817,2,5,0.00244140625,-21,-0.01025390625,2074,1.0126953125,-3,-0.18310546875,-4,-0.244140625,10,0.6103515625,-2921,4981,13310,-232,-1.2744140625,-19,-0.1043701171875,25256,138.7353515625,409,4.09
9249,334225,2353202,3.822,0,-2,-0.0009765625,-20,-0.009765625,2100,1.025390625,-3,-0.18310546875,-12,-0.732421875,5,0.30517578125,-8297,-3916,205,-191,-1.0491943359375,6,0.032958984375,-20952,-115.0927734375,406,4.06
9252,334331,2353204,3.823,1,-10,-0.0048828125,-19,-0.00927734375,2062,1.0068359375,-3,-0.18310546875,-14,-0.8544921875,0,0.0,-1395,-5206,-4271,-293,-1.6094970703125,-264,-1.4501953125,-6629,-36.4141845703125,408,4.08
9258,334548,2353209,3.8255,2,4,0.001953125,-21,-0.01025390625,2075,1.01318359375,-3,-0.18310546875,-4,-0.244140625,10,0.6103515625,-2917,4956,13343,-232,-1.2744140625,-19,-0.1043701171875,25256,138.7353515625,410,4.1
9266,334839,2353216,3.829,0,0,0.0,-18,-0.0087890625,2098,1.0244140625,-7,-0.42724609375,-15,-0.91552734375,4,0.244140625,-8290,-3917,228,-191,-1.0491943359375,6,0.032958984375,-20952,-115.0927734375,406,4.06
9272,335056,2353221,3.8315,2,5,0.00244140625,-21,-0.01025390625,2076,1.013671875,-3,-0.18310546875,-4,-0.244140625,10,0.6103515625,-2930,4971,13362,-232,-1.2744140625,-19,-0.1043701171875,25256,138.7353515625,410,4.1
9286,335569,2353234,3.838,0,0,0.0,-18,-0.0087890625,2098,1.0244140625,-7,-0.42724609375,-15,-0.91552734375,4,0.244140625,-8290,-3917,228,-191,-1.0491943359375,6,0.032958984375,-20952,-115.0927734375,406,4.06
9287,335601,2353234,3.838,1,-5,-0.00244140625,-16,-0.0078125,2059,1.00537109375,-2,-0.1220703125,-15,-0.91552734375,-2,-0.1220703125,-1402,-5247,-4310,-292,-1.60400390625,-262,-1.439208984375,-6629,-36.4141845703125,408,4.08
9288,335633,2353234,3.838,2,5,0.00244140625,-21,-0.01025390625,2076,1.013671875,-3,-0.18310546875,-4,-0.244140625,10,0.6103515625,-2926,4989,13355,-232,-1.2744140625,-19,-0.1043701171875,25256,138.7353515625,410,4.1
9300,336072,2353245,3.8435,0,-3,-0.00146484375,-20,-0.009765625,2101,1.02587890625,-6,-0.3662109375,-13,-0.79345703125,6,0.3662109375,-8261,-3940,241,-191,-1.0491943359375,6,0.032958984375,-20952,-115.0927734375,406,4.06
9302,336141,2353246,3.844,1,-9,-0.00439453125,-16,-0.0078125,2058,1.0048828125,-2,-0.1220703125,-15,-0.91552734375,-2,-0.1220703125,-1368,-5270,-4300,-292,-1.60400390625,-262,-1.439208984375,-6629,-36.4141845703125,408,4.08
9305,336247,2353248,3.845,2,5,0.00244140625,-20,-0.009765625,2076,1.013671875,-3,-0.18310546875,-4,-0.244140625,9,0.54931640625,-2912,4976,13359,-232,-1.2744140625,-19,-0.1043701171875,25256,138.7353515625,410,4.1
9316,336649,2353258,3.85,0,-2,-0.0009765625,-17,-0.00830078125,2100,1.025390625,-6,-0.3662109375,-13,-0.79345703125,4,0.244140625,-8285,-3936,224,-191,-1.0491943359375,6,0.032958984375,-20952,-115.0927734375,406,4.06
9319,336755,2353260,3.851,1,-9,-0.00439453125,-16,-0.0078125,2061,1.00634765625,-4,-0.244140625,-14,-0.8544921875,-2,-0.1220703125,-1353,-5245,-4248,-292,-1.60400390625,-262,-1.439208984375,-6629,-36.4141845703125,408,4.08
9322,336861,2353262,3.852,2,5,0.00244140625,-20,-0.009765625,2076,1.013671875,-3,-0.18310546875,-4,-0.244140625,9,0.54931640625,-2915,4976,13313,-232,-1.2744140625,-19,-0.1043701171875,25256,138.7353515625,411,4.11
9333,337263,2353272,3.857,0,-3,-0.00146484375,-21,-0.01025390625,2100,1.025390625,-6,-0.3662109375,-15,-0.91552734375,5,0.30517578125,-8261,-3950,202,-191,-1.0491943359375,6,0.032958984375,-20952,-115.0927734375,406,4.06
9336,337369,2353274,3.858,1,-9,-0.00439453125,-16,-0.0078125,2059,1.00537109375,2,0.1220703125,-14,-0.8544921875,0,0.0,-1389,-5276,-4236,-291,-1.5985107421875,-260,-1.42822265625,-6629,-36.4141845703125,409,4.09
9343,337623,2353280,3.861,2,6,0.0029296875,-21,-0.01025390625,2076,1.013671875,-3,-0.18310546875,-4,-0.244140625,9,0.54931640625,-2904,4955,13292,-232,-1.2744140625,-19,-0.1043701171875,25256,138.7353515625,411,4.11
9350,337877,2353286,3.864,0,-1,-0.00048828125,-20,-0.009765625,2100,1.025390625,-6,-0.3662109375,-13,-0.79345703125,4,0.244140625,-8254,-3967,191,-191,-1.0491943359375,6,0.032958984375,-20952,-115.0927734375,406,4.06
9357,338131,2353292,3.867,1,-9,-0.00439453125,-19,-0.00927734375,2059,1.00537109375,-2,-0.1220703125,-13,-0.79345703125,0,0.0,-1407,-5282,-4249,-291,-1.5985107421875,-260,-1.42822265625,-6629,-36.4141845703125,408,4.08
9358,338163,2353292,3.867,2,6,0.0029296875,-21,-0.01025390625,2075,1.01318359375,-3,-0.18310546875,-4,-0.244140625,9,0.54931640625,-2905,4948,13307,-232,-1.2744140625,-19,-0.1043701171875,25256,138.7353515625,411,4.11
9371,338639,2353304,3.873,0,-1,-0.00048828125,-20,-0.009765625,2100,1.025390625,-6,-0.3662109375,-13,-0.79345703125,4,0.244140625,-8254,-3967,191,-191,-1.0491943359375,6,0.032958984375,-20952,-115.0927734375,406,4.06
9372,338671,2353304,3.873,1,-6,-0.0029296875,-19,-0.00927734375,2055,1.00341796875,1,0.06103515625,-15,-0.91552734375,-2,-0.1220703125,-1416,-5282,-4181,-291,-1.5985107421875,-260,-1.42822265625,-6629,-36.4141845703125,408,4.08
9373,338703,2353304,3.873,2,5,0.00244140625,-21,-0.01025390625,2074,1.0126953125,-3,-0.18310546875,-4,-0.244140625,9,0.54931640625,-2898,4921,13349,-232,-1.2744140625,-19,-0.1043701171875,25256,138.7353515625,411,4.11
9385,339142,2353315,3.8785,0,-2,-0.0009765625,-18,-0.0087890625,2100,1.025390625,-6,-0.3662109375,-14,-0.8544921875,3,0.18310546875,-8273,-3964,208,-191,-1.0491943359375,6,0.032958984375,-20952,-115.0927734375,406,4.06
9387,339211,2353316,3.879,1,-7,-0.00341796875,-17,-0.00830078125,2059,1.00537109375,-1,-0.06103515625,-14,-0.8544921875,-2,-0.1220703125,-1435,-5258,-4247,-290,-1.593017578125,-259,-1.4227294921875,-6629,-36.4141845703125,408,4.08
9390,339317,2353318,3.88,2,5,0.00244140625,-21,-0.01025390625,2074,1.0126953125,-3,-0.18310546875,-4,-0.244140625,9,0.54931640625,-2896,4945,13349,-232,-1.2744140625,-19,-0.1043701171875,25256,138.7353515625,411,4.11
9401,339719,2353328,3.885,0,0,0.0,-20,-0.009765625,2102,1.0263671875,-8,-0.48828125,-15,-0.91552734375,6,0.3662109375,-8307,-3963,213,-191,-1.0491943359375,6,0.032958984375,-20952,-115.0927734375,406,4.06
9404,339825,2353330,3.886,1,-9,-0.00439453125,-16,-0.0078125,2064,1.0078125,-3,-0.18310546875,-14,-0.8544921875,-1,-0.06103515625,-1437,-5245,-4269,-290,-1.593017578125,-259,-1.4227294921875,-6629,-36.4141845703125,408,4.08
9407,339931,2353332,3.887,2,5,0.00244140625,-21,-0.01025390625,2076,1.013671875,-3,-0.18310546875,-4,-0.244140625,10,0.6103515625,-2897,4991,13345,-232,-1.2744140625,-19,-0.1043701171875,25256,138.7353515625,411,4.11
9418,340333,2353342,3.892,0,0,0.0,-20,-0.009765625,2098,1.0244140625,-5,-0.30517578125,-16,-0.9765625,5,0.30517578125,-8262,-3945,159,-191,-1.0491943359375,6,0.032958984375,-20952,-115.0927734375,406,4.06
9421,340439,2353344,3.893,1,-7,-0.00341796875,-20,-0.009765625,2061,1.00634765625,0,0.0,-16,-0.9765625,-1,-0.06103515625,-1410,-5279,-4272,-290,-1.593017578125,-259,-1.4227294921875,-6629,-36.4141845703125,408,4.08
9428,340693,2353350,3.896,2,5,0.00244140625,-22,-0.0107421875,2076,1.013671875,-3,-0.18310546875,-4,-0.244140625,9,0.54931640625,-2891,4968,13333,-232,-1.2744140625,-19,-0.1043701171875,25256,138.7353515625,411,4.11
9435,340947,2353356,3.899,0,-3,-0.00146484375,-21,-0.01025390625,2102,1.0263671875,-6,-0.3662109375,-15,-0.91552734375,6,0.3662109375,-8243,-3938,136,-191,-1.0491943359375,6,0.032958984375,-20952,-115.0927734375,406,4.06
9451,341534,2353371,3.9065,1,-10,-0.0048828125,-19,-0.00927734375,2063,1.00732421875,-1,-0.06103515625,-14,-0.8544921875,-2,-0.1220703125,-1407,-5290,-4316,-289,-1.5875244140625,-257,-1.4117431640625,-6629,-36.4141845703125,408,4.08
9458,341788,2353377,3.9095,2,5,0.00244140625,-22,-0.0107421875,2076,1.013671875,-2,-0.1220703125,-4,-0.244140625,9,0.54931640625,-2890,4949,13331,-232,-1.2744140625,-19,-0.1043701171875,25256,138.7353515625,411,4.11
9470,342227,2353388,3.915,0,0,0.0,-21,-0.01025390625,2101,1.02587890625,-8,-0.48828125,-15,-0.91552734375,5,0.30517578125,-8304,-3936,159,-191,-1.0491943359375,6,0.032958984375,-20953,-115.0982666015625,406,4.06
9471,342259,2353388,3.915,1,-10,-0.0048828125,-18,-0.0087890625,2062,1.0068359375,-1,-0.06103515625,-16,-0.9765625,-2,-0.1220703125,-1365,-5297,-4225,-287,-1.5765380859375,-255,-1.4007568359375,-6629,-36.4141845703125,408,4.08
9472,342291,2353388,3.915,2,5,0.00244140625,-21,-0.01025390625,2076,1.013671875,-3,-0.18310546875,-4,-0.244140625,9,0.54931640625,-2923,4925,13282,-232,-1.2744140625,-19,-0.1043701171875,25256,138.7353515625,411,4.11
9484,342730,2353399,3.9205,0,-2,-0.0009765625,-18,-0.0087890625,2094,1.0224609375,-7,-0.42724609375,-13,-0.79345703125,6,0.3662109375,-8307,-3931,163,-191,-1.0491943359375,6,0.032958984375,-20953,-115.0982666015625,406,4.06
9486,342799,2353400,3.921,1,-9,-0.00439453125,-18,-0.0087890625,2056,1.00390625,-4,-0.244140625,-13,-0.79345703125,1,0.06103515625,-1371,-5319,-4243,-287,-1.5765380859375,-255,-1.4007568359375,-6629,-36.4141845703125,408,4.08
9489,342905,2353402,3.922,2,6,0.0029296875,-21,-0.01025390625,2076,1.013671875,-3,-0.18310546875,-4,-0.244140625,10,0.6103515625,-2928,4954,13333,-232,-1.2744140625,-19,-0.1043701171875,25256,138.7353515625,411,4.11
9500,343307,2353412,3.927,0,1,0.00048828125,-22,-0.0107421875,2094,1.0224609375,-5,-0.30517578125,-14,-0.8544921875,3,0.18310546875,-8290,-3926,112,-191,-1.0491943359375,6,0.032958984375,-20953,-115.0982666015625,406,4.06
9503,343413,2353414,3.928,1,-13,-0.00634765625,-17,-0.00830078125,2062,1.0068359375,-2,-0.1220703125,-13,-0.79345703125,-2,-0.1220703125,-1357,-5342,-4255,-287,-1.5765380859375,-255,-1.4007568359375,-6629,-36.4141845703125,408,4.08
9506,343519,2353416,3.929,2,6,0.0029296875,-22,-0.0107421875,2075,1.01318359375,-3,-0.18310546875,-4,-0.244140625,10,0.6103515625,-2908,4950,13319,-232,-1.2744140625,-19,-0.1043701171875,25256,138.7353515625,411,4.11
9517,343921,2353426,3.934,0,-1,-0.00048828125,-21,-0.01025390625,2103,1.02685546875,-8,-0.48828125,-17,-1.03759765625,6,0.3662109375,-8299,-3900,132,-191,-1.0491943359375,6,0.032958984375,-20953,-115.0982666015625,406,4.06
9520,344027,2353428,3.935,1,-7,-0.00341796875,-17,-0.00830078125,2062,1.0068359375,-1,-0.06103515625,-15,-0.91552734375,-1,-0.06103515625,-1368,-5333,-4278,-286,-1.571044921875,-254,-1.395263671875,-6629,-36.4141845703125,408,4.08
9526,344244,2353433,3.9375,2,7,0.00341796875,-21,-0.01025390625,2075,1.01318359375,-3,-0.18310546875,-4,-0.244140625,10,0.6103515625,-2911,4926,13306,-232,-1.2744140625,-19,-0.1043701171875,25256,138.7353515625,411,4.11
9534,344535,2353440,3.941,0,1,0.00048828125,-21,-0.01025390625,2100,1.025390625,-6,-0.3662109375,-14,-0.8544921875,6,0.3662109375,-8270,-3916,164,-191,-1.0491943359375,6,0.032958984375,-20953,-115.0982666015625,407,4.07
9541,344789,2353446,3.944,1,-9,-0.00439453125,-18,-0.0087890625,2060,1.005859375,-1,-0.06103515625,-15,-0.91552734375,-1,-0.06103515625,-1370,-5311,-4306,-286,-1.571044921875,-254,-1.395263671875,-6629,-36.4141845703125,408,4.08
9542,344821,2353446,3.944,2,6,0.0029296875,-20,-0.009765625,2076,1.013671875,-3,-0.18310546875,-4,-0.244140625,9,0.54931640625,-2916,4932,13286,-232,-1.2744140625,-19,-0.1043701171875,25256,138.7353515625,411,4.11
9555,345297,2353458,3.95,0,-2,-0.0009765625,-21,-0.01025390625,2102,1.0263671875,-6,-0.3662109375,-16,-0.9765625,6,0.3662109375,-8310,-3933,154,-191,-1.0491943359375,6,0.032958984375,-20953,-115.0982666015625,407,4.07
9556,345329,2353458,3.95,1,-9,-0.00439453125,-18,-0.0087890625,2060,1.005859375,-3,-0.18310546875,-13,-0.79345703125,-2,-0.1220703125,-1379,-5320,-4274,-286,-1.571044921875,-254,-1.395263671875,-6629,-36.4141845703125,408,4.08
9557,345361,2353458,3.95,2,6,0.0029296875,-20,-0.009765625,2076,1.013671875,-3,-0.18310546875,-4,-0.244140625,10,0.6103515625,-2928,4918,13285,-232,-1.2744140625,-19,-0.1043701171875,25256,138.7353515625,411,4.11
9569,345800,2353469,3.9555,0,-1,-0.00048828125,-19,-0.00927734375,2098,1.0244140625,-5,-0.30517578125,-15,-0.91552734375,3,0.18310546875,-8316,-3927,170,-191,-1.0491943359375,6,0.032958984375,-20953,-115.0982666015625,407,4.07
9571,345869,2353470,3.956,1,-9,-0.00439453125,-19,-0.00927734375,2058,1.0048828125,0,0.0,-13,-0.79345703125,-2,-0.1220703125,-1351,-5295,-4290,-285,-1.5655517578125,-252,-1.38427734375,-6628,-36.40869140625,407,4.07
9574,345975,2353472,3.957,2,5,0.00244140625,-21,-0.01025390625,2075,1.01318359375,-2,-0.1220703125,-4,-0.244140625,10,0.6103515625,-2889,4914,13267,-232,-1.2744140625,-19,-0.1043701171875,25256,138.7353515625,411,4.11
9585,346377,2353482,3.962,0,-2,-0.0009765625,-19,-0.00927734375,2100,1.025390625,-5,-0.30517578125,-14,-0.8544921875,4,0.244140625,-8293,-3903,231,-191,-1.0491943359375,6,0.032958984375,-20953,-115.0982666015625,407,4.07
9588,346483,2353484,3.963,1,-10,-0.0048828125,-17,-0.00830078125,2058,1.0048828125,3,0.18310546875,-15,-0.91552734375,0,0.0,-1351,-5285,-4302,-285,-1.5655517578125,-252,-1.38427734375,-6628,-36.40869140625,407,4.07
9591,346589,2353486,3.964,2,5,0.00244140625,-21,-0.01025390625,2075,1.01318359375,-3,-0.18310546875,-4,-0.244140625,9,0.54931640625,-2887,4922,13269,-232,-1.2744140625,-19,-0.1043701171875,25256,138.7353515625,411,4.11
9602,346991,2353496,3.969,0,-2,-0.0009765625,-14,-0.0068359375,2100,1.025390625,-5,-0.30517578125,-13,-0.79345703125,4,0.244140625,-8308,-3902,200,-191,-1.0491943359375,6,0.032958984375,-20953,-115.0982666015625,407,4.07
9605,347097,2353498,3.97,1,-7,-0.00341796875,-16,-0.0078125,2064,1.0078125,-1,-0.06103515625,-14,-0.8544921875,0,0.0,-1375,-5265,-4321,-285,-1.5655517578125,-252,-1.38427734375,-6628,-36.40869140625,407,4.07
9612,347351,2353504,3.973,2,5,0.00244140625,-21,-0.01025390625,2076,1.013671875,-3,-0.18310546875,-4,-0.244140625,9,0.54931640625,-2881,4920,13277,-232,-1.2744140625,-19,-0.1043701171875,25256,138.7353515625,411,4.11
9619,347605,2353510,3.976,0,-1,-0.00048828125,-22,-0.0107421875,2105,1.02783203125,-3,-0.18310546875,-13,-0.79345703125,2,0.1220703125,-8319,-3880,237,-191,-1.0491943359375,6,0.032958984375,-20953,-115.0982666015625,407,4.07
9626,347859,2353516,3.979,1,-7,-0.00341796875,-17,-0.00830078125,2052,1.001953125,-1,-0.06103515625,-14,-0.8544921875,-3,-0.18310546875,-1396,-5256,-4328,-284,-1.56005859375,-250,-1.373291015625,-6628,-36.40869140625,407,4.07
9627,347891,2353516,3.979,2,6,0.0029296875,-21,-0.01025390625,2076,1.013671875,-3,-0.18310546875,-4,-0.244140625,9,0.54931640625,-2911,4946,13251,-232,-1.2744140625,-19,-0.1043701171875,25256,138.7353515625,411,4.11
9640,348367,2353528,3.985,0,-1,-0.00048828125,-21,-0.01025390625,2100,1.025390625,-7,-0.42724609375,-14,-0.8544921875,6,0.3662109375,-8293,-3916,228,-191,-1.0491943359375,6,0.032958984375,-20953,-115.0982666015625,407,4.07
9641,348399,2353528,3.985,1,-9,-0.00439453125,-16,-0.0078125,2059,1.00537109375,-1,-0.06103515625,-18,-1.0986328125,-1,-0.06103515625,-1399,-5266,-4294,-284,-1.56005859375,-250,-1.373291015625,-6628,-36.40869140625,407,4.07
9642,348431,2353528,3.985,2,6,0.0029296875,-21,-0.01025390625,2074,1.0126953125,-3,-0.18310546875,-5,-0.30517578125,9,0.54931640625,-2916,4966,13252,-232,-1.2744140625,-19,-0.1043701171875,25256,138.7353515625,411,4.11
9654,348870,2353539,3.9905,0,-1,-0.00048828125,-22,-0.0107421875,2097,1.02392578125,-7,-0.42724609375,-16,-0.9765625,4,0.244140625,-8298,-3913,198,-191,-1.0491943359375,6,0.032958984375,-20953,-115.0982666015625,407,4.07
9656,348939,2353540,3.991,1,-8,-0.00390625,-17,-0.00830078125,2060,1.005859375,-3,-0.18310546875,-12,-0.732421875,-3,-0.18310546875,-1411,-5268,-4248,-284,-1.56005859375,-250,-1.373291015625,-6628,-36.40869140625,407,4.07
9659,349045,2353542,3.992,2,6,0.0029296875,-21,-0.01025390625,2074,1.0126953125,-3,-0.18310546875,-4,-0.244140625,10,0.6103515625,-2923,5000,13253,-232,-1.2744140625,-19,-0.1043701171875,25256,138.7353515625,411,4.11
9670,349447,2353552,3.997,0,-1,-0.00048828125,-22,-0.0107421875,2097,1.02392578125,-7,-0.42724609375,-16,-0.9765625,4,0.244140625,-8298,-3913,198,-191,-1.0491943359375,6,0.032958984375,-20953,-115.0982666015625,407,4.07
9673,349553,2353554,3.998,1,-9,-0.00439453125,-16,-0.0078125,2064,1.0078125,-1,-0.06103515625,-13,-0.79345703125,-2,-0.1220703125,-1402,-5276,-4258,-283,-1.5545654296875,-249,-1.3677978515625,-6628,-36.40869140625,407,4.07
9676,349659,2353556,3.999,2,6,0.0029296875,-22,-0.0107421875,2075,1.01318359375,-3,-0.18310546875,-4,-0.244140625,10,0.6103515625,-2911,4999,13260,-232,-1.2744140625,-19,-0.1043701171875,25256,138.7353515625,411,4.11
9687,350061,2353566,4.004,0,2,0.0009765625,-20,-0.009765625,2100,1.025390625,-5,-0.30517578125,-14,-0.8544921875,4,0.244140625,-8295,-3921,194,-191,-1.0491943359375,6,0.032958984375,-20953,-115.0982666015625,407,4.07
9690,350167,2353568,4.005,1,-7,-0.00341796875,-17,-0.00830078125,2062,1.0068359375,-1,-0.06103515625,-14,-0.8544921875,0,0.0,-1421,-5244,-4263,-283,-1.5545654296875,-249,-1.3677978515625,-6628,-36.40869140625,407,4.07
9697,350421,2353574,4.008,2,6,0.0029296875,-22,-0.0107421875,2075,1.01318359375,-2,-0.1220703125,-4,-0.244140625,10,0.6103515625,-2904,4988,13256,-232,-1.2744140625,-19,-0.1043701171875,25256,138.7353515625,411,4.11
9726,351489,2353602,4.022,0,0,0.0,-19,-0.00927734375,2102,1.0263671875,-6,-0.3662109375,-15,-0.91552734375,4,0.244140625,-8285,-3934,226,-191,-1.0491943359375,6,0.032958984375,-20953,-115.0982666015625,407,4.07
9740,352002,2353615,4.0285,1,-9,-0.00439453125,-17,-0.00830078125,2057,1.00439453125,-7,-0.42724609375,-16,-0.9765625,0,0.0,-1435,-5245,-4253,-283,-1.5545654296875,-249,-1.3677978515625,-6628,-36.40869140625,407,4.07
9755,352552,2353629,4.0355,0,0,0.0,-17,-0.00830078125,2100,1.025390625,-5,-0.30517578125,-15,-0.91552734375,6,0.3662109375,-8291,-3930,202,-191,-1.0491943359375,6,0.032958984375,-20953,-115.0982666015625,406,4.06
9756,352584,2353629,4.0355,1,-11,-0.00537109375,-14,-0.0068359375,2061,1.00634765625,-4,-0.244140625,-15,-0.91552734375,0,0.0,-1406,-5228,-4245,-282,-1.549072265625,-247,-1.3568115234375,-6628,-36.40869140625,407,4.07
9757,352616,2353629,4.0355,2,5,0.00244140625,-21,-0.01025390625,2077,1.01416015625,-3,-0.18310546875,-4,-0.244140625,9,0.54931640625,-2872,4945,13230,-232,-1.2744140625,-19,-0.1043701171875,25256,138.7353515625,412,4.12
9767,352981,2353638,4.04,0,1,0.00048828125,-22,-0.0107421875,2095,1.02294921875,-5,-0.30517578125,-13,-0.79345703125,5,0.30517578125,-8296,-3939,187,-191,-1.0491943359375,6,0.032958984375,-20953,-115.0982666015625,406,4.06
9768,353013,2353638,4.04,1,-9,-0.00439453125,-17,-0.00830078125,2059,1.00537109375,-1,-0.06103515625,-15,-0.91552734375,-1,-0.06103515625,-1405,-5236,-4257,-281,-1.5435791015625,-245,-1.3458251953125,-6628,-36.40869140625,407,4.07
9771,353119,2353640,4.041,2,5,0.00244140625,-21,-0.01025390625,2077,1.01416015625,-3,-0.18310546875,-4,-0.244140625,10,0.6103515625,-2861,4959,13218,-232,-1.2744140625,-19,-0.1043701171875,25256,138.7353515625,412,4.12
9782,353521,2353650,4.046,0,0,0.0,-23,-0.01123046875,2100,1.025390625,-9,-0.54931640625,-17,-1.03759765625,4,0.244140625,-8313,-3934,191,-191,-1.0491943359375,6,0.032958984375,-20953,-115.0982666015625,406,4.06
9785,353627,2353652,4.047,1,-6,-0.0029296875,-20,-0.009765625,2060,1.005859375,0,0.0,-14,-0.8544921875,-1,-0.06103515625,-1401,-5233,-4266,-281,-1.5435791015625,-245,-1.3458251953125,-6628,-36.40869140625,407,4.07
9788,353733,2353654,4.048,2,5,0.00244140625,-21,-0.01025390625,2075,1.01318359375,-3,-0.18310546875,-4,-0.244140625,10,0.6103515625,-2862,4961,13238,-232,-1.2744140625,-19,-0.1043701171875,25256,138.7353515625,412,4.12
9799,354135,2353664,4.053,0,3,0.00146484375,-17,-0.00830078125,2104,1.02734375,-6,-0.3662109375,-14,-0.8544921875,6,0.3662109375,-8313,-3936,251,-191,-1.0491943359375,6,0.032958984375,-20953,-115.0982666015625,406,4.06
9802,354241,2353666,4.054,1,-9,-0.00439453125,-15,-0.00732421875,2061,1.00634765625,-2,-0.1220703125,-15,-0.91552734375,-1,-0.06103515625,-1415,-5242,-4286,-281,-1.5435791015625,-245,-1.3458251953125,-6628,-36.40869140625,407,4.07
9809,354495,2353672,4.057,2,6,0.0029296875,-21,-0.01025390625,2075,1.01318359375,-3,-0.18310546875,-3,-0.18310546875,9,0.54931640625,-2861,4990,13256,-232,-1.2744140625,-19,-0.1043701171875,25256,138.7353515625,412,4.12
9816,354749,2353678,4.06,0,-2,-0.0009765625,-18,-0.0087890625,2099,1.02490234375,-6,-0.3662109375,-17,-1.03759765625,4,0.244140625,-8311,-3937,273,-191,-1.0491943359375,6,0.032958984375,-20953,-115.0982666015625,405,4.05
9823,355003,2353684,4.063,1,-8,-0.00390625,-13,-0.00634765625,2061,1.00634765625,0,0.0,-16,-0.9765625,-2,-0.1220703125,-1415,-5243,-4322,-280,-1.5380859375,-244,-1.34033203125,-6628,-36.40869140625,407,4.07
9824,355035,2353684,4.063,2,5,0.00244140625,-20,-0.009765625,2077,1.01416015625,-2,-0.1220703125,-4,-0.244140625,9,0.54931640625,-2870,4990,13247,-232,-1.2744140625,-19,-0.1043701171875,25256,138.7353515625,412,4.12
9837,355511,2353696,4.069,0,0,0.0,-17,-0.00830078125,2106,1.0283203125,-8,-0.48828125,-13,-0.79345703125,4,0.244140625,-8290,-3928,302,-191,-1.0491943359375,6,0.032958984375,-20953,-115.0982666015625,405,4.05
9838,355543,2353696,4.069,1,-8,-0.00390625,-15,-0.00732421875,2064,1.0078125,-1,-0.06103515625,-13,-0.79345703125,0,0.0,-1381,-5251,-4325,-280,-1.5380859375,-244,-1.34033203125,-6628,-36.40869140625,407,4.07
9839,355575,2353696,4.069,2,5,0.00244140625,-20,-0.009765625,2077,1.01416015625,-3,-0.18310546875,-4,-0.244140625,9,0.54931640625,-2869,4999,13278,-232,-1.2744140625,-19,-0.1043701171875,25256,138.7353515625,412,4.12
9852,356051,2353708,4.075,0,-1,-0.00048828125,-20,-0.009765625,2100,1.025390625,-8,-0.48828125,-15,-0.91552734375,6,0.3662109375,-8301,-3928,265,-191,-1.0491943359375,6,0.032958984375,-20953,-115.0982666015625,405,4.05
9853,356083,2353708,4.075,1,-9,-0.00439453125,-15,-0.00732421875,2055,1.00341796875,-1,-0.06103515625,-15,-0.91552734375,-2,-0.1220703125,-1377,-5245,-4282,-279,-1.5325927734375,-242,-1.329345703125,-6628,-36.40869140625,407,4.07
9856,356189,2353710,4.076,2,5,0.00244140625,-21,-0.01025390625,2077,1.01416015625,-3,-0.18310546875,-4,-0.244140625,9,0.54931640625,-2887,4998,13234,-232,-1.2744140625,-19,-0.1043701171875,25256,138.7353515625,412,4.12
9867,356591,2353720,4.081,0,0,0.0,-18,-0.0087890625,2102,1.0263671875,-5,-0.30517578125,-11,-0.67138671875,5,0.30517578125,-8294,-3930,259,-191,-1.0491943359375,6,0.032958984375,-20953,-115.0982666015625,405,4.05
9870,356697,2353722,4.082,1,-10,-0.0048828125,-20,-0.009765625,2060,1.005859375,-1,-0.06103515625,-14,-0.8544921875,-1,-0.06103515625,-1396,-5243,-4297,-279,-1.5325927734375,-242,-1.329345703125,-6628,-36.40869140625,407,4.07
9873,356803,2353724,4.083,2,5,0.00244140625,-21,-0.01025390625,2075,1.01318359375,-3,-0.18310546875,-4,-0.244140625,10,0.6103515625,-2895,5012,13255,-232,-1.2744140625,-19,-0.1043701171875,25256,138.7353515625,411,4.11
9884,357205,2353734,4.088,0,0,0.0,-21,-0.01025390625,2100,1.025390625,-7,-0.42724609375,-14,-0.8544921875,5,0.30517578125,-8268,-3964,218,-191,-1.0491943359375,6,0.032958984375,-20953,-115.0982666015625,405,4.05
9887,357311,2353736,4.089,1,-7,-0.00341796875,-18,-0.0087890625,2058,1.0048828125,-3,-0.18310546875,-14,-0.8544921875,1,0.06103515625,-1383,-5266,-4324,-279,-1.5325927734375,-242,-1.329345703125,-6628,-36.40869140625,407,4.07
9894,357565,2353742,4.092,2,5,0.00244140625,-21,-0.01025390625,2075,1.01318359375,-3,-0.18310546875,-4,-0.244140625,9,0.54931640625,-2888,5000,13216,-232,-1.2744140625,-19,-0.1043701171875,25256,138.7353515625,411,4.11
9901,357819,2353748,4.095,0,-1,-0.00048828125,-21,-0.01025390625,2099,1.02490234375,-4,-0.244140625,-13,-0.79345703125,3,0.18310546875,-8278,-3937,226,-191,-1.0491943359375,6,0.032958984375,-20953,-115.0982666015625,405,4.05
9908,358073,2353754,4.098,1,-8,-0.00390625,-16,-0.0078125,2058,1.0048828125,-4,-0.244140625,-15,-0.91552734375,1,0.06103515625,-1396,-5245,-4283,-278,-1.527099609375,-241,-1.3238525390625,-6628,-36.40869140625,407,4.07
9909,358105,2353754,4.098,2,5,0.00244140625,-20,-0.009765625,2076,1.013671875,-3,-0.18310546875,-4,-0.244140625,10,0.6103515625,-2910,5007,13217,-232,-1.2744140625,-19,-0.1043701171875,25256,138.7353515625,411,4.11
9922,358581,2353766,4.104,0,-1,-0.00048828125,-20,-0.009765625,2097,1.02392578125,-5,-0.30517578125,-15,-0.91552734375,6,0.3662109375,-8266,-3942,215,-191,-1.0491943359375,6,0.032958984375,-20953,-115.0982666015625,405,4.05
9923,358613,2353766,4.104,1,-9,-0.00439453125,-16,-0.0078125,2058,1.0048828125,-2,-0.1220703125,-14,-0.8544921875,-1,-0.06103515625,-1407,-5243,-4295,-278,-1.527099609375,-241,-1.3238525390625,-6628,-36.40869140625,407,4.07
9924,358645,2353766,4.104,2,5,0.00244140625,-21,-0.01025390625,2076,1.013671875,-3,-0.18310546875,-4,-0.244140625,9,0.54931640625,-2887,5001,13260,-232,-1.2744140625,-19,-0.1043701171875,25256,138.7353515625,410,4.1
9937,359121,2353778,4.11,0,0,0.0,-22,-0.0107421875,2093,1.02197265625,-2,-0.1220703125,-14,-0.8544921875,5,0.30517578125,-8271,-3937,176,-191,-1.0491943359375,6,0.032958984375,-20953,-115.0982666015625,405,4.05
9938,359153,2353778,4.11,1,-11,-0.00537109375,-16,-0.0078125,2062,1.0068359375,-5,-0.30517578125,-13,-0.79345703125,-3,-0.18310546875,-1425,-5246,-4320,-278,-1.527099609375,-241,-1.3238525390625,-6628,-36.40869140625,407,4.07
9941,359259,2353780,4.111,2,5,0.00244140625,-21,-0.01025390625,2076,1.013671875,-3,-0.18310546875,-4,-0.244140625,10,0.6103515625,-2894,5004,13277,-232,-1.2744140625,-19,-0.1043701171875,25256,138.7353515625,410,4.1
9952,359661,2353790,4.116,0,0,0.0,-17,-0.00830078125,2100,1.025390625,-7,-0.42724609375,-15,-0.91552734375,4,0.244140625,-8272,-3940,185,-191,-1.0491943359375,6,0.032958984375,-20953,-115.0982666015625,405,4.05
9955,359767,2353792,4.117,1,-7,-0.00341796875,-19,-0.00927734375,2063,1.00732421875,-5,-0.30517578125,-15,-0.91552734375,-4,-0.244140625,-1409,-5230,-4318,-277,-1.5216064453125,-239,-1.3128662109375,-6628,-36.40869140625,407,4.07
9958,359873,2353794,4.118,2,6,0.0029296875,-21,-0.01025390625,2076,1.013671875,-3,-0.18310546875,-4,-0.244140625,9,0.54931640625,-2891,4986,13272,-232,-1.2744140625,-19,-0.1043701171875,25256,138.7353515625,410,4.1
9969,360275,2353804,4.123,0,-1,-0.00048828125,-17,-0.00830078125,2102,1.0263671875,-6,-0.3662109375,-14,-0.8544921875,4,0.244140625,-8297,-3957,200,-191,-1.0491943359375,6,0.032958984375,-20953,-115.0982666015625,405,4.05
9972,360381,2353806,4.124,1,-9,-0.00439453125,-18,-0.0087890625,2058,1.0048828125,-1,-0.06103515625,-14,-0.8544921875,-1,-0.06103515625,-1407,-5220,-4303,-277,-1.5216064453125,-239,-1.3128662109375,-6628,-36.40869140625,407,4.07
9979,360635,2353812,4.127,2,6,0.0029296875,-21,-0.01025390625,2076,1.013671875,-2,-0.1220703125,-4,-0.244140625,9,0.54931640625,-2879,4984,13313,-232,-1.2744140625,-19,-0.1043701171875,25256,138.7353515625,410,4.1
9986,360889,2353818,4.13,0,-3,-0.00146484375,-21,-0.01025390625,2102,1.0263671875,-7,-0.42724609375,-14,-0.8544921875,4,0.244140625,-8297,-3930,169,-191,-1.0491943359375,6,0.032958984375,-20953,-115.0982666015625,405,4.05
9993,361143,2353824,4.133,1,-10,-0.0048828125,-17,-0.00830078125,2058,1.0048828125,-1,-0.06103515625,-16,-0.9765625,-3,-0.18310546875,-1394,-5231,-4318,-277,-1.5216064453125,-239,-1.3128662109375,-6628,-36.40869140625,407,4.07
9994,361175,2353824,4.133,2,5,0.00244140625,-20,-0.009765625,2077,1.01416015625,-3,-0.18310546875,-4,-0.244140625,10,0.6103515625,-2893,4970,13292,-232,-1.2744140625,-19,-0.1043701171875,25256,138.7353515625,410,4.1
10003,361503,2353832,4.137,0,1,0.00048828125,-19,-0.00927734375,2094,1.0224609375,-4,-0.244140625,-14,-0.8544921875,3,0.18310546875,-8298,-3927,172,-191,-1.0491943359375,6,0.032958984375,-20953,-115.0982666015625,405,4.05
10008,361683,2353836,4.139,1,-13,-0.00634765625,-17,-0.00830078125,2058,1.0048828125,1,0.06103515625,-15,-0.91552734375,0,0.0,-1397,-5230,-4329,-276,-1.51611328125,-237,-1.3018798828125,-6628,-36.40869140625,407,4.07
10009,361715,2353836,4.139,2,6,0.0029296875,-20,-0.009765625,2075,1.01318359375,-3,-0.18310546875,-4,-0.244140625,10,0.6103515625,-2914,4971,13234,-232,-1.2744140625,-19,-0.1043701171875,25256,138.7353515625,410,4.1
10022,362191,2353848,4.145,0,1,0.00048828125,-20,-0.009765625,2098,1.0244140625,-5,-0.30517578125,-15,-0.91552734375,3,0.18310546875,-8349,-3925,210,-191,-1.0491943359375,6,0.032958984375,-20953,-115.0982666015625,405,4.05
10023,362223,2353848,4.145,1,-11,-0.00537109375,-16,-0.0078125,2059,1.00537109375,1,0.06103515625,-15,-0.91552734375,-2,-0.1220703125,-1374,-5247,-4284,-276,-1.51611328125,-237,-1.3018798828125,-6628,-36.40869140625,407,4.07
10026,362329,2353850,4.146,2,6,0.0029296875,-20,-0.009765625,2075,1.01318359375,-3,-0.18310546875,-4,-0.244140625,9,0.54931640625,-2912,4978,13254,-232,-1.2744140625,-19,-0.1043701171875,25256,138.7353515625,409,4.09
10037,362731,2353860,4.151,0,-1,-0.00048828125,-23,-0.01123046875,2100,1.025390625,-5,-0.30517578125,-14,-0.8544921875,5,0.30517578125,-8363,-3942,161,-191,-1.0491943359375,6,0.032958984375,-20953,-115.0982666015625,405,4.05
10040,362837,2353862,4.152,1,-9,-0.00439453125,-15,-0.00732421875,2063,1.00732421875,-4,-0.244140625,-14,-0.8544921875,0,0.0,-1346,-5248,-4289,-276,-1.51611328125,-237,-1.3018798828125,-6628,-36.40869140625,407,4.07
10043,362943,2353864,4.153,2,5,0.00244140625,-20,-0.009765625,2076,1.013671875,-3,-0.18310546875,-4,-0.244140625,10,0.6103515625,-2927,4961,13242,-232,-1.2744140625,-19,-0.1043701171875,25256,138.7353515625,409,4.09
10054,363345,2353874,4.158,0,-1,-0.00048828125,-23,-0.01123046875,2100,1.025390625,-5,-0.30517578125,-14,-0.8544921875,5,0.30517578125,-8363,-3942,161,-191,-1.0491943359375,6,0.032958984375,-20953,-115.0982666015625,405,4.05
10057,363451,2353876,4.159,1,-8,-0.00390625,-19,-0.00927734375,2060,1.005859375,-2,-0.1220703125,-17,-1.03759765625,-2,-0.1220703125,-1342,-5242,-4313,-275,-1.5106201171875,-236,-1.29638671875,-6628,-36.40869140625,407,4.07
10064,363705,2353882,4.162,2,5,0.00244140625,-21,-0.01025390625,2077,1.01416015625,-2,-0.1220703125,-3,-0.18310546875,10,0.6103515625,-2910,4954,13249,-232,-1.2744140625,-19,-0.1043701171875,25256,138.7353515625,409,4.09
10071,363959,2353888,4.165,0,2,0.0009765625,-20,-0.009765625,2101,1.02587890625,-7,-0.42724609375,-13,-0.79345703125,3,0.18310546875,-8397,-3983,43,-191,-1.0491943359375,6,0.032958984375,-20953,-115.0982666015625,405,4.05
10078,364213,2353894,4.168,1,-8,-0.00390625,-16,-0.0078125,2056,1.00390625,-3,-0.18310546875,-10,-0.6103515625,-2,-0.1220703125,-1355,-5235,-4325,-275,-1.5106201171875,-236,-1.29638671875,-6628,-36.40869140625,408,4.08
10079,364245,2353894,4.168,2,6,0.0029296875,-22,-0.0107421875,2077,1.01416015625,-3,-0.18310546875,-3,-0.18310546875,10,0.6103515625,-2913,4944,13285,-232,-1.2744140625,-19,-0.1043701171875,25256,138.7353515625,409,4.09
10088,364573,2353902,4.172,0,-1,-0.00048828125,-18,-0.0087890625,2098,1.0244140625,-5,-0.30517578125,-13,-0.79345703125,5,0.30517578125,-8361,-3981,53,-191,-1.0491943359375,6,0.032958984375,-20953,-115.0982666015625,405,4.05
10093,364753,2353906,4.174,1,-9,-0.00439453125,-19,-0.00927734375,2062,1.0068359375,0,0.0,-12,-0.732421875,-1,-0.06103515625,-1360,-5232,-4330,-275,-1.5106201171875,-236,-1.29638671875,-6628,-36.40869140625,408,4.08
10094,364785,2353906,4.174,2,6,0.0029296875,-21,-0.01025390625,2076,1.013671875,-3,-0.18310546875,-4,-0.244140625,10,0.6103515625,-2902,4928,13254,-232,-1.2744140625,-19,-0.1043701171875,25256,138.7353515625,409,4.09
10107,365261,2353918,4.18,0,-1,-0.00048828125,-19,-0.00927734375,2097,1.02392578125,-8,-0.48828125,-16,-0.9765625,6,0.3662109375,-8392,-3964,75,-191,-1.0491943359375,6,0.032958984375,-20953,-115.0982666015625,405,4.05
10108,365293,2353918,4.18,1,-9,-0.00439453125,-16,-0.0078125,2059,1.00537109375,-3,-0.18310546875,-15,-0.91552734375,0,0.0,-1350,-5248,-4369,-274,-1.505126953125,-234,-1.285400390625,-6628,-36.40869140625,408,4.08
10111,365399,2353920,4.181,2,6,0.0029296875,-21,-0.01025390625,2076,1.013671875,-3,-0.18310546875,-4,-0.244140625,10,0.6103515625,-2912,4912,13266,-232,-1.2744140625,-19,-0.1043701171875,25256,138.7353515625,409,4.09
10122,365801,2353930,4.186,0,-2,-0.0009765625,-17,-0.00830078125,2102,1.0263671875,-8,-0.48828125,-14,-0.8544921875,3,0.18310546875,-8390,-3977,76,-191,-1.0491943359375,6,0.032958984375,-20953,-115.0982666015625,405,4.05
10127,365981,2353934,4.188,2,6,0.0029296875,-21,-0.01025390625,2076,1.013671875,-3,-0.18310546875,-4,-0.244140625,10,0.6103515625,-2896,4924,13250,-232,-1.2744140625,-19,-0.1043701171875,25256,138.7353515625,409,4.09
10138,366383,2353944,4.193,0,-2,-0.0009765625,-17,-0.00830078125,2102,1.0263671875,-8,-0.48828125,-14,-0.8544921875,3,0.18310546875,-8390,-3977,76,-191,-1.0491943359375,6,0.032958984375,-20953,-115.0982666015625,405,4.05
10141,366489,2353946,4.194,1,-11,-0.00537109375,-16,-0.0078125,2055,1.00341796875,2,0.1220703125,-14,-0.8544921875,0,0.0,-1370,-5272,-4365,-274,-1.505126953125,-234,-1.285400390625,-6628,-36.40869140625,409,4.09
10144,366595,2353948,4.195,2,5,0.00244140625,-20,-0.009765625,2076,1.013671875,-3,-0.18310546875,-4,-0.244140625,9,0.54931640625,-2901,4909,13229,-232,-1.2744140625,-19,-0.1043701171875,25256,138.7353515625,409,4.09
10155,366997,2353958,4.2,0,-1,-0.00048828125,-18,-0.0087890625,2100,1.025390625,-7,-0.42724609375,-15,-0.91552734375,6,0.3662109375,-8371,-3973,116,-191,-1.0491943359375,6,0.032958984375,-20953,-115.0982666015625,405,4.05
10158,367103,2353960,4.201,1,-7,-0.00341796875,-20,-0.009765625,2056,1.00390625,1,0.06103515625,-13,-0.79345703125,-2,-0.1220703125,-1394,-5254,-4348,-273,-1.4996337890625,-233,-1.2799072265625,-6627,-36.4031982421875,409,4.09
10164,367320,2353965,4.2035,2,5,0.00244140625,-21,-0.01025390625,2076,1.013671875,-3,-0.18310546875,-4,-0.244140625,9,0.54931640625,-2885,4898,13258,-232,-1.2744140625,-19,-0.1043701171875,25256,138.7353515625,409,4.09
10172,367611,2353972,4.207,0,2,0.0009765625,-17,-0.00830078125,2096,1.0234375,-7,-0.42724609375,-15,-0.91552734375,9,0.54931640625,-8353,-3977,137,-191,-1.0491943359375,6,0.032958984375,-20954,-115.103759765625,405,4.05
10178,367828,2353977,4.2095,1,-5,-0.00244140625,-14,-0.0068359375,2054,1.0029296875,-3,-0.18310546875,-14,-0.8544921875,1,0.06103515625,-1389,-5242,-4354,-273,-1.4996337890625,-233,-1.2799072265625,-6627,-36.4031982421875,409,4.09
10179,367860,2353977,4.2095,2,5,0.00244140625,-21,-0.01025390625,2077,1.01416015625,-3,-0.18310546875,-4,-0.244140625,9,0.54931640625,-2908,4876,13253,-232,-1.2744140625,-19,-0.1043701171875,25256,138.7353515625,409,4.09
10192,368336,2353989,4.2155,0,-1,-0.00048828125,-22,-0.0107421875,2098,1.0244140625,-8,-0.48828125,-18,-1.0986328125,3,0.18310546875,-8345,-3976,102,-191,-1.0491943359375,6,0.032958984375,-20954,-115.103759765625,405,4.05
10193,368368,2353989,4.2155,1,-10,-0.0048828125,-17,-0.00830078125,2065,1.00830078125,-2,-0.1220703125,-15,-0.91552734375,0,0.0,-1408,-5245,-4341,-273,-1.4996337890625,-233,-1.2799072265625,-6627,-36.4031982421875,409,4.09
10195,368437,2353990,4.216,2,5,0.00244140625,-21,-0.01025390625,2076,1.013671875,-3,-0.18310546875,-4,-0.244140625,9,0.54931640625,-2913,4899,13284,-232,-1.2744140625,-19,-0.1043701171875,25256,138.7353515625,409,4.09
10206,368839,2354000,4.221,0,-2,-0.0009765625,-21,-0.01025390625,2099,1.02490234375,-5,-0.30517578125,-13,-0.79345703125,4,0.244140625,-8352,-3963,135,-191,-1.0491943359375,6,0.032958984375,-20954,-115.103759765625,405,4.05
10209,368945,2354002,4.222,1,-7,-0.00341796875,-17,-0.00830078125,2064,1.0078125,-2,-0.1220703125,-15,-0.91552734375,0,0.0,-1407,-5273,-4285,-271,-1.4886474609375,-231,-1.2689208984375,-6627,-36.4031982421875,409,4.09
10212,369051,2354004,4.223,2,5,0.00244140625,-21,-0.01025390625,2076,1.013671875,-3,-0.18310546875,-4,-0.244140625,10,0.6103515625,-2916,4901,13311,-232,-1.2744140625,-19,-0.1043701171875,25256,138.7353515625,409,4.09
10223,369453,2354014,4.228,0,-1,-0.00048828125,-22,-0.0107421875,2098,1.0244140625,-7,-0.42724609375,-14,-0.8544921875,4,0.244140625,-8349,-3967,166,-191,-1.0491943359375,6,0.032958984375,-20954,-115.103759765625,405,4.05
10226,369559,2354016,4.229,1,-7,-0.00341796875,-18,-0.0087890625,2054,1.0029296875,-1,-0.06103515625,-14,-0.8544921875,-2,-0.1220703125,-1395,-5261,-4259,-271,-1.4886474609375,-231,-1.2689208984375,-6627,-36.4031982421875,409,4.09
10229,369665,2354018,4.23,2,4,0.001953125,-20,-0.009765625,2076,1.013671875,-3,-0.18310546875,-4,-0.244140625,10,0.6103515625,-2924,4918,13339,-232,-1.2744140625,-19,-0.1043701171875,25256,138.7353515625,409,4.09
10240,370067,2354028,4.235,0,0,0.0,-20,-0.009765625,2105,1.02783203125,-6,-0.3662109375,-15,-0.91552734375,6,0.3662109375,-8332,-3956,186,-191,-1.0491943359375,6,0.032958984375,-20954,-115.103759765625,405,4.05
10243,370173,2354030,4.236,1,-7,-0.00341796875,-16,-0.0078125,2063,1.00732421875,0,0.0,-15,-0.91552734375,-2,-0.1220703125,-1394,-5271,-4262,-271,-1.4886474609375,-231,-1.2689208984375,-6627,-36.4031982421875,409,4.09
10249,370390,2354035,4.2385,2,4,0.001953125,-21,-0.01025390625,2077,1.01416015625,-3,-0.18310546875,-4,-0.244140625,10,0.6103515625,-2933,4912,13343,-232,-1.2744140625,-19,-0.1043701171875,25256,138.7353515625,409,4.09
10257,370681,2354042,4.242,0,0,0.0,-20,-0.009765625,2099,1.02490234375,-4,-0.244140625,-15,-0.91552734375,4,0.244140625,-8324,-3962,218,-191,-1.0491943359375,6,0.032958984375,-20954,-115.103759765625,405,4.05
10263,370898,2354047,4.2445,1,-9,-0.00439453125,-17,-0.00830078125,2058,1.0048828125,1,0.06103515625,-13,-0.79345703125,0,0.0,-1367,-5270,-4241,-270,-1.483154296875,-230,-1.263427734375,-6627,-36.4031982421875,410,4.1
10264,370930,2354047,4.2445,2,5,0.00244140625,-20,-0.009765625,2077,1.01416015625,-2,-0.1220703125,-4,-0.244140625,10,0.6103515625,-2955,4930,13390,-232,-1.2744140625,-19,-0.1043701171875,25256,138.7353515625,409,4.09
10277,371406,2354059,4.2505,1,-10,-0.0048828125,-16,-0.0078125,2063,1.00732421875,1,0.06103515625,-14,-0.8544921875,0,0.0,-1376,-5256,-4227,-270,-1.483154296875,-230,-1.263427734375,-6627,-36.4031982421875,410,4.1
10279,371475,2354060,4.251,2,6,0.0029296875,-20,-0.009765625,2077,1.01416015625,-3,-0.18310546875,-4,-0.244140625,10,0.6103515625,-2976,4942,13395,-232,-1.2744140625,-19,-0.1043701171875,25256,138.7353515625,409,4.09
10291,371914,2354071,4.2565,0,-1,-0.00048828125,-21,-0.01025390625,2100,1.025390625,-5,-0.30517578125,-14,-0.8544921875,3,0.18310546875,-8321,-3955,124,-191,-1.0491943359375,6,0.032958984375,-20954,-115.103759765625,405,4.05
10293,371983,2354072,4.257,1,-7,-0.00341796875,-17,-0.00830078125,2062,1.0068359375,-3,-0.18310546875,-13,-0.79345703125,-1,-0.06103515625,-1345,-5246,-4263,-269,-1.4776611328125,-228,-1.25244140625,-6627,-36.4031982421875,410,4.1
10296,372089,2354074,4.258,2,6,0.0029296875,-20,-0.009765625,2076,1.013671875,-3,-0.18310546875,-4,-0.244140625,10,0.6103515625,-2995,4953,13399,-232,-1.2744140625,-19,-0.1043701171875,25256,138.7353515625,409,4.09
10307,372491,2354084,4.263,0,0,0.0,-22,-0.0107421875,2102,1.0263671875,-5,-0.30517578125,-11,-0.67138671875,5,0.30517578125,-8342,-3942,146,-191,-1.0491943359375,6,0.032958984375,-20954,-115.103759765625,405,4.05
10310,372597,2354086,4.264,1,-7,-0.00341796875,-16,-0.0078125,2059,1.00537109375,-2,-0.1220703125,-14,-0.8544921875,-2,-0.1220703125,-1333,-5254,-4236,-269,-1.4776611328125,-228,-1.25244140625,-6627,-36.4031982421875,410,4.1
10313,372703,2354088,4.265,2,6,0.0029296875,-20,-0.009765625,2076,1.013671875,-2,-0.1220703125,-4,-0.244140625,10,0.6103515625,-2955,4912,13363,-232,-1.2744140625,-20,-0.10986328125,25256,138.7353515625,409,4.09
10335,373512,2354109,4.2755,0,1,0.00048828125,-20,-0.009765625,2101,1.02587890625,-6,-0.3662109375,-15,-0.91552734375,7,0.42724609375,-8302,-3961,162,-191,-1.0491943359375,6,0.032958984375,-20954,-115.103759765625,405,4.05
10336,373544,2354109,4.2755,1,-7,-0.00341796875,-16,-0.0078125,2059,1.00537109375,-3,-0.18310546875,-15,-0.91552734375,-2,-0.1220703125,-1356,-5249,-4223,-269,-1.4776611328125,-228,-1.25244140625,-6627,-36.4031982421875,410,4.1
10338,373613,2354110,4.276,2,6,0.0029296875,-21,-0.01025390625,2076,1.013671875,-2,-0.1220703125,-4,-0.244140625,9,0.54931640625,-2956,4908,13343,-232,-1.2744140625,-20,-0.10986328125,25256,138.7353515625,409,4.09
10341,373719,2354112,4.277,0,-1,-0.00048828125,-20,-0.009765625,2097,1.02392578125,-6,-0.3662109375,-13,-0.79345703125,4,0.244140625,-8291,-3961,178,-191,-1.0491943359375,6,0.032958984375,-20954,-115.103759765625,405,4.05
10348,373973,2354118,4.28,1,-10,-0.0048828125,-17,-0.00830078125,2057,1.00439453125,-4,-0.244140625,-14,-0.8544921875,-2,-0.1220703125,-1322,-5264,-4214,-268,-1.47216796875,-227,-1.2469482421875,-6627,-36.4031982421875,409,4.09
10350,374042,2354119,4.2805,2,6,0.0029296875,-21,-0.01025390625,2076,1.013671875,-3,-0.18310546875,-4,-0.244140625,10,0.6103515625,-2946,4915,13324,-232,-1.2744140625,-20,-0.10986328125,25256,138.7353515625,409,4.09
10358,374333,2354126,4.284,0,-1,-0.00048828125,-20,-0.009765625,2097,1.02392578125,-6,-0.3662109375,-13,-0.79345703125,4,0.244140625,-8291,-3961,178,-191,-1.0491943359375,6,0.032958984375,-20954,-115.103759765625,405,4.05
10363,374513,2354130,4.286,1,-10,-0.0048828125,-21,-0.01025390625,2061,1.00634765625,0,0.0,-13,-0.79345703125,-1,-0.06103515625,-1337,-5272,-4197,-268,-1.47216796875,-227,-1.2469482421875,-6627,-36.4031982421875,409,4.09
10364,374545,2354130,4.286,2,6,0.0029296875,-21,-0.01025390625,2075,1.01318359375,-3,-0.18310546875,-4,-0.244140625,10,0.6103515625,-2941,4941,13339,-232,-1.2744140625,-20,-0.10986328125,25256,138.7353515625,409,4.09
10376,374984,2354141,4.2915,0,0,0.0,-20,-0.009765625,2097,1.02392578125,-5,-0.30517578125,-14,-0.8544921875,5,0.30517578125,-8273,-3946,147,-191,-1.0491943359375,6,0.032958984375,-20954,-115.103759765625,405,4.05
10378,375053,2354142,4.292,1,-9,-0.00439453125,-16,-0.0078125,2060,1.005859375,-1,-0.06103515625,-13,-0.79345703125,-3,-0.18310546875,-1322,-5241,-4230,-268,-1.47216796875,-227,-1.2469482421875,-6627,-36.4031982421875,409,4.09
10381,375159,2354144,4.293,2,6,0.0029296875,-20,-0.009765625,2075,1.01318359375,-3,-0.18310546875,-4,-0.244140625,9,0.54931640625,-2941,4946,13348,-232,-1.2744140625,-20,-0.10986328125,25256,138.7353515625,409,4.09
10392,375561,2354154,4.298,0,0,0.0,-20,-0.009765625,2100,1.025390625,-6,-0.3662109375,-14,-0.8544921875,4,0.244140625,-8274,-3961,174,-191,-1.0491943359375,6,0.032958984375,-20954,-115.103759765625,405,4.05
10395,375667,2354156,4.299,1,-9,-0.00439453125,-22,-0.0107421875,2061,1.00634765625,-1,-0.06103515625,-15,-0.91552734375,-1,-0.06103515625,-1340,-5229,-4253,-267,-1.4666748046875,-225,-1.2359619140625,-6627,-36.4031982421875,409,4.09
10398,375773,2354158,4.3,2,5,0.00244140625,-21,-0.01025390625,2076,1.013671875,-3,-0.18310546875,-4,-0.244140625,10,0.6103515625,-2947,4932,13359,-232,-1.2744140625,-20,-0.10986328125,25256,138.7353515625,409,4.09
10409,376175,2354168,4.305,0,-1,-0.00048828125,-21,-0.01025390625,2106,1.0283203125,-7,-0.42724609375,-14,-0.8544921875,7,0.42724609375,-8266,-3971,176,-191,-1.0491943359375,6,0.032958984375,-20954,-115.103759765625,405,4.05
10412,376281,2354170,4.306,1,-10,-0.0048828125,-16,-0.0078125,2059,1.00537109375,-1,-0.06103515625,-14,-0.8544921875,-3,-0.18310546875,-1360,-5220,-4297,-267,-1.4666748046875,-225,-1.2359619140625,-6627,-36.4031982421875,409,4.09
10419,376535,2354176,4.309,2,5,0.00244140625,-21,-0.01025390625,2075,1.01318359375,-3,-0.18310546875,-4,-0.244140625,9,0.54931640625,-2918,4919,13372,-232,-1.2744140625,-20,-0.10986328125,25256,138.7353515625,409,4.09
10426,376789,2354182,4.312,0,2,0.0009765625,-19,-0.00927734375,2095,1.02294921875,-7,-0.42724609375,-14,-0.8544921875,5,0.30517578125,-8281,-3953,177,-191,-1.0491943359375,6,0.032958984375,-20954,-115.103759765625,404,4.04
10433,377043,2354188,4.315,1,-6,-0.0029296875,-15,-0.00732421875,2060,1.005859375,0,0.0,-13,-0.79345703125,-2,-0.1220703125,-1371,-5222,-4288,-267,-1.4666748046875,-225,-1.2359619140625,-6627,-36.4031982421875,409,4.09
10434,377075,2354188,4.315,2,5,0.00244140625,-21,-0.01025390625,2076,1.013671875,-3,-0.18310546875,-4,-0.244140625,10,0.6103515625,-2934,4918,13363,-232,-1.2744140625,-20,-0.10986328125,25256,138.7353515625,409,4.09
10447,377551,2354200,4.321,0,2,0.0009765625,-19,-0.00927734375,2095,1.02294921875,-7,-0.42724609375,-14,-0.8544921875,5,0.30517578125,-8281,-3953,177,-191,-1.0491943359375,6,0.032958984375,-20954,-115.103759765625,404,4.04
10448,377583,2354200,4.321,1,-10,-0.0048828125,-21,-0.01025390625,2057,1.00439453125,-4,-0.244140625,-15,-0.91552734375,-3,-0.18310546875,-1385,-5228,-4252,-266,-1.461181640625,-224,-1.23046875,-6627,-36.4031982421875,409,4.09
10449,377615,2354200,4.321,2,5,0.00244140625,-21,-0.01025390625,2075,1.01318359375,-3,-0.18310546875,-4,-0.244140625,10,0.6103515625,-2918,4903,13363,-232,-1.2744140625,-20,-0.10986328125,25256,138.7353515625,409,4.09
10461,378054,2354211,4.3265,0,1,0.00048828125,-17,-0.00830078125,2095,1.02294921875,-6,-0.3662109375,-14,-0.8544921875,4,0.244140625,-8296,-3908,170,-191,-1.0491943359375,6,0.032958984375,-20954,-115.103759765625,404,4.04
10463,378123,2354212,4.327,1,-10,-0.0048828125,-17,-0.00830078125,2059,1.00537109375,-1,-0.06103515625,-14,-0.8544921875,-1,-0.06103515625,-1390,-5242,-4262,-266,-1.461181640625,-224,-1.23046875,-6627,-36.4031982421875,409,4.09
10466,378229,2354214,4.328,2,5,0.00244140625,-22,-0.0107421875,2075,1.01318359375,-3,-0.18310546875,-4,-0.244140625,10,0.6103515625,-2906,4908,13338,-232,-1.2744140625,-20,-0.10986328125,25257,138.7408447265625,409,4.09
10477,378631,2354224,4.333,0,0,0.0,-23,-0.01123046875,2100,1.025390625,-5,-0.30517578125,-15,-0.91552734375,5,0.30517578125,-8308,-3889,169,-191,-1.0491943359375,6,0.032958984375,-20954,-115.103759765625,404,4.04
10480,378737,2354226,4.334,1,-8,-0.00390625,-17,-0.00830078125,2060,1.005859375,-1,-0.06103515625,-15,-0.91552734375,-1,-0.06103515625,-1350,-5240,-4263,-266,-1.461181640625,-224,-1.23046875,-6627,-36.4031982421875,409,4.09
10483,378843,2354228,4.335,2,5,0.00244140625,-21,-0.01025390625,2074,1.0126953125,-3,-0.18310546875,-4,-0.244140625,9,0.54931640625,-2910,4925,13332,-232,-1.2744140625,-20,-0.10986328125,25257,138.7408447265625,409,4.09
10494,379245,2354238,4.34,0,-1,-0.00048828125,-20,-0.009765625,2103,1.02685546875,-8,-0.48828125,-15,-0.91552734375,5,0.30517578125,-8309,-3886,185,-191,-1.0491943359375,6,0.032958984375,-20954,-115.103759765625,404,4.04
10497,379351,2354240,4.341,1,-9,-0.00439453125,-17,-0.00830078125,2057,1.00439453125,-1,-0.06103515625,-15,-0.91552734375,-2,-0.1220703125,-1374,-5243,-4295,-265,-1.4556884765625,-222,-1.219482421875,-6627,-36.4031982421875,409,4.09
10504,379605,2354246,4.344,2,4,0.001953125,-21,-0.01025390625,2074,1.0126953125,-3,-0.18310546875,-4,-0.244140625,9,0.54931640625,-2912,4930,13336,-232,-1.2744140625,-20,-0.10986328125,25257,138.7408447265625,409,4.09
10511,379859,2354252,4.347,0,0,0.0,-22,-0.0107421875,2102,1.0263671875,-6,-0.3662109375,-14,-0.8544921875,4,0.244140625,-8288,-3898,179,-191,-1.0491943359375,6,0.032958984375,-20954,-115.103759765625,404,4.04
10514,379965,2354254,4.348,1,-8,-0.00390625,-16,-0.0078125,2060,1.005859375,-6,-0.3662109375,-13,-0.79345703125,-3,-0.18310546875,-1373,-5266,-4285,-265,-1.4556884765625,-222,-1.219482421875,-6627,-36.4031982421875,409,4.09
10519,380145,2354258,4.35,2,4,0.001953125,-21,-0.01025390625,2075,1.01318359375,-3,-0.18310546875,-4,-0.244140625,9,0.54931640625,-2894,4956,13344,-232,-1.2744140625,-20,-0.10986328125,25257,138.7408447265625,409,4.09
10532,380621,2354270,4.356,0,0,0.0,-20,-0.009765625,2096,1.0234375,-6,-0.3662109375,-13,-0.79345703125,5,0.30517578125,-8295,-3909,163,-191,-1.0491943359375,6,0.032958984375,-20954,-115.103759765625,404,4.04
10533,380653,2354270,4.356,1,-11,-0.00537109375,-17,-0.00830078125,2056,1.00390625,-3,-0.18310546875,-13,-0.79345703125,0,0.0,-1350,-5275,-4286,-265,-1.4556884765625,-222,-1.219482421875,-6627,-36.4031982421875,409,4.09
10534,380685,2354270,4.356,2,5,0.00244140625,-21,-0.01025390625,2075,1.01318359375,-3,-0.18310546875,-4,-0.244140625,10,0.6103515625,-2939,4942,13324,-232,-1.2744140625,-20,-0.10986328125,25257,138.7408447265625,409,4.09
10546,381124,2354281,4.3615,0,-3,-0.00146484375,-20,-0.009765625,2095,1.02294921875,-3,-0.18310546875,-13,-0.79345703125,7,0.42724609375,-8312,-3914,155,-191,-1.0491943359375,6,0.032958984375,-20954,-115.103759765625,404,4.04
10548,381193,2354282,4.362,1,-7,-0.00341796875,-19,-0.00927734375,2058,1.0048828125,-3,-0.18310546875,-14,-0.8544921875,-1,-0.06103515625,-1368,-5261,-4300,-264,-1.4501953125,-221,-1.2139892578125,-6627,-36.4031982421875,409,4.09
10551,381299,2354284,4.363,2,5,0.00244140625,-21,-0.01025390625,2076,1.013671875,-2,-0.1220703125,-4,-0.244140625,10,0.6103515625,-2963,4938,13296,-232,-1.2744140625,-20,-0.10986328125,25257,138.7408447265625,409,4.09
10562,381701,2354294,4.368,0,-1,-0.00048828125,-19,-0.00927734375,2102,1.0263671875,-4,-0.244140625,-14,-0.8544921875,7,0.42724609375,-8339,-3921,141,-191,-1.0491943359375,6,0.032958984375,-20954,-115.103759765625,403,4.03
10565,381807,2354296,4.369,1,-9,-0.00439453125,-19,-0.00927734375,2059,1.00537109375,0,0.0,-15,-0.91552734375,-1,-0.06103515625,-1364,-5261,-4287,-264,-1.4501953125,-221,-1.2139892578125,-6627,-36.4031982421875,409,4.09
10568,381913,2354298,4.37,2,5,0.00244140625,-21,-0.01025390625,2076,1.013671875,-2,-0.1220703125,-5,-0.30517578125,10,0.6103515625,-2949,4931,13301,-232,-1.2744140625,-20,-0.10986328125,25257,138.7408447265625,409,4.09
10579,382315,2354308,4.375,0,0,0.0,-18,-0.0087890625,2100,1.025390625,-8,-0.48828125,-14,-0.8544921875,4,0.244140625,-8320,-3901,108,-191,-1.0491943359375,6,0.032958984375,-20954,-115.103759765625,403,4.03
10582,382421,2354310,4.376,1,-5,-0.00244140625,-19,-0.00927734375,2059,1.00537109375,-4,-0.244140625,-13,-0.79345703125,-2,-0.1220703125,-1387,-5253,-4313,-264,-1.4501953125,-221,-1.2139892578125,-6627,-36.4031982421875,409,4.09
10589,382675,2354316,4.379,2,5,0.00244140625,-20,-0.009765625,2075,1.01318359375,-3,-0.18310546875,-4,-0.244140625,10,0.6103515625,-2937,4929,13293,-232,-1.2744140625,-20,-0.10986328125,25257,138.7408447265625,409,4.09
10596,382929,2354322,4.382,0,-1,-0.00048828125,-22,-0.0107421875,2097,1.02392578125,-8,-0.48828125,-14,-0.8544921875,5,0.30517578125,-8318,-3896,123,-191,-1.0491943359375,6,0.032958984375,-20954,-115.103759765625,403,4.03
10599,383035,2354324,4.383,1,-11,-0.00537109375,-17,-0.00830078125,2059,1.00537109375,-3,-0.18310546875,-15,-0.91552734375,-5,-0.30517578125,-1368,-5260,-4327,-263,-1.4447021484375,-219,-1.2030029296875,-6627,-36.4031982421875,408,4.08
10604,383215,2354328,4.385,2,5,0.00244140625,-20,-0.009765625,2074,1.0126953125,-3,-0.18310546875,-4,-0.244140625,10,0.6103515625,-2941,4920,13319,-232,-1.2744140625,-20,-0.10986328125,25257,138.7408447265625,409,4.09
10617,383691,2354340,4.391,0,-2,-0.0009765625,-20,-0.009765625,2099,1.02490234375,-6,-0.3662109375,-15,-0.91552734375,4,0.244140625,-8306,-3898,149,-191,-1.0491943359375,6,0.032958984375,-20954,-115.103759765625,403,4.03
10618,383723,2354340,4.391,1,-10,-0.0048828125,-20,-0.009765625,2059,1.00537109375,-3,-0.18310546875,-15,-0.91552734375,-1,-0.06103515625,-1347,-5265,-4330,-263,-1.4447021484375,-219,-1.2030029296875,-6627,-36.4031982421875,408,4.08
10619,383755,2354340,4.391,2,4,0.001953125,-20,-0.009765625,2074,1.0126953125,-3,-0.18310546875,-4,-0.244140625,10,0.6103515625,-2923,4893,13295,-232,-1.2744140625,-20,-0.10986328125,25257,138.7408447265625,410,4.1
10631,384194,2354351,4.3965,0,1,0.00048828125,-21,-0.01025390625,2098,1.0244140625,-5,-0.30517578125,-14,-0.8544921875,2,0.1220703125,-8295,-3889,185,-191,-1.0491943359375,6,0.032958984375,-20954,-115.103759765625,403,4.03
10633,384263,2354352,4.397,1,-9,-0.00439453125,-15,-0.00732421875,2058,1.0048828125,-1,-0.06103515625,-13,-0.79345703125,0,0.0,-1346,-5239,-4308,-263,-1.4447021484375,-219,-1.2030029296875,-6627,-36.4031982421875,408,4.08
10636,384369,2354354,4.398,2,4,0.001953125,-21,-0.01025390625,2075,1.01318359375,-3,-0.18310546875,-4,-0.244140625,10,0.6103515625,-2916,4890,13306,-232,-1.2744140625,-20,-0.10986328125,25257,138.7408447265625,410,4.1
10647,384771,2354364,4.403,0,-1,-0.00048828125,-19,-0.00927734375,2101,1.02587890625,-5,-0.30517578125,-15,-0.91552734375,6,0.3662109375,-8276,-3893,211,-191,-1.0491943359375,6,0.032958984375,-20954,-115.103759765625,403,4.03
10650,384877,2354366,4.404,1,-10,-0.0048828125,-16,-0.0078125,2065,1.00830078125,-2,-0.1220703125,-15,-0.91552734375,0,0.0,-1323,-5228,-4270,-262,-1.439208984375,-218,-1.197509765625,-6627,-36.4031982421875,408,4.08
10653,384983,2354368,4.405,2,5,0.00244140625,-21,-0.01025390625,2076,1.013671875,-3,-0.18310546875,-4,-0.244140625,10,0.6103515625,-2892,4890,13310,-232,-1.2744140625,-20,-0.10986328125,25257,138.7408447265625,410,4.1
10664,385385,2354378,4.41,0,-1,-0.00048828125,-19,-0.00927734375,2101,1.02587890625,-5,-0.30517578125,-15,-0.91552734375,6,0.3662109375,-8276,-3893,211,-191,-1.0491943359375,6,0.032958984375,-20954,-115.103759765625,403,4.03
10667,385491,2354380,4.411,1,-9,-0.00439453125,-15,-0.00732421875,2055,1.00341796875,1,0.06103515625,-14,-0.8544921875,-3,-0.18310546875,-1317,-5226,-4243,-262,-1.439208984375,-218,-1.197509765625,-6627,-36.4031982421875,408,4.08
10674,385745,2354386,4.414,2,5,0.00244140625,-21,-0.01025390625,2076,1.013671875,-3,-0.18310546875,-4,-0.244140625,10,0.6103515625,-2882,4894,13340,-232,-1.2744140625,-20,-0.10986328125,25257,138.7408447265625,411,4.11
10681,385999,2354392,4.417,0,-2,-0.0009765625,-19,-0.00927734375,2099,1.02490234375,-6,-0.3662109375,-14,-0.8544921875,3,0.18310546875,-8301,-3897,226,-191,-1.0491943359375,6,0.032958984375,-20954,-115.103759765625,404,4.04
10684,386105,2354394,4.418,1,-11,-0.00537109375,-17,-0.00830078125,2054,1.0029296875,-3,-0.18310546875,-15,-0.91552734375,-1,-0.06103515625,-1301,-5272,-4246,-262,-1.439208984375,-216,-1.1865234375,-6627,-36.4031982421875,408,4.08
10689,386285,2354398,4.42,2,5,0.00244140625,-20,-0.009765625,2076,1.013671875,-3,-0.18310546875,-4,-0.244140625,9,0.54931640625,-2886,4921,13317,-232,-1.2744140625,-20,-0.10986328125,25257,138.7408447265625,411,4.11
10702,386761,2354410,4.426,0,0,0.0,-23,-0.01123046875,2094,1.0224609375,-5,-0.30517578125,-14,-0.8544921875,4,0.244140625,-8311,-3896,229,-191,-1.0491943359375,6,0.032958984375,-20954,-115.103759765625,404,4.04
10703,386793,2354410,4.426,1,-9,-0.00439453125,-17,-0.00830078125,2056,1.00390625,-6,-0.3662109375,-15,-0.91552734375,-1,-0.06103515625,-1301,-5264,-4211,-262,-1.439208984375,-216,-1.1865234375,-6627,-36.4031982421875,408,4.08
10704,386825,2354410,4.426,2,6,0.0029296875,-20,-0.009765625,2074,1.0126953125,-3,-0.18310546875,-5,-0.30517578125,9,0.54931640625,-2917,4852,13327,-232,-1.2744140625,-20,-0.10986328125,25257,138.7408447265625,411,4.11
10716,387264,2354421,4.4315,0,-2,-0.0009765625,-18,-0.0087890625,2100,1.025390625,-6,-0.3662109375,-14,-0.8544921875,6,0.3662109375,-8323,-3882,209,-191,-1.0491943359375,6,0.032958984375,-20954,-115.103759765625,404,4.04
10718,387333,2354422,4.432,1,-6,-0.0029296875,-18,-0.0087890625,2062,1.0068359375,-4,-0.244140625,-15,-0.91552734375,-2,-0.1220703125,-1306,-5285,-4234,-262,-1.439208984375,-216,-1.1865234375,-6627,-36.4031982421875,408,4.08
10721,387439,2354424,4.433,2,6,0.0029296875,-21,-0.01025390625,2074,1.0126953125,-3,-0.18310546875,-5,-0.30517578125,9,0.54931640625,-2928,4831,13352,-232,-1.2744140625,-20,-0.10986328125,25257,138.7408447265625,411,4.11
10732,387841,2354434,4.438,0,-2,-0.0009765625,-20,-0.009765625,2102,1.0263671875,-7,-0.42724609375,-14,-0.8544921875,4,0.244140625,-8362,-3906,209,-191,-1.0491943359375,6,0.032958984375,-20954,-115.103759765625,405,4.05
10735,387947,2354436,4.439,1,-9,-0.00439453125,-15,-0.00732421875,2063,1.00732421875,-1,-0.06103515625,-17,-1.03759765625,-1,-0.06103515625,-1345,-5267,-4228,-261,-1.4337158203125,-215,-1.1810302734375,-6627,-36.4031982421875,408,4.08
10738,388053,2354438,4.44,2,5,0.00244140625,-21,-0.01025390625,2076,1.013671875,-2,-0.1220703125,-4,-0.244140625,9,0.54931640625,-2917,4867,13310,-232,-1.2744140625,-20,-0.10986328125,25257,138.7408447265625,412,4.12
10749,388455,2354448,4.445,0,-2,-0.0009765625,-20,-0.009765625,2102,1.0263671875,-7,-0.42724609375,-14,-0.8544921875,4,0.244140625,-8362,-3906,209,-191,-1.0491943359375,6,0.032958984375,-20954,-115.103759765625,405,4.05
10752,388561,2354450,4.446,1,-8,-0.00390625,-15,-0.00732421875,2059,1.00537109375,-2,-0.1220703125,-14,-0.8544921875,-3,-0.18310546875,-1365,-5268,-4203,-261,-1.4337158203125,-215,-1.1810302734375,-6627,-36.4031982421875,408,4.08
10759,388815,2354456,4.449,2,6,0.0029296875,-21,-0.01025390625,2077,1.01416015625,-3,-0.18310546875,-4,-0.244140625,10,0.6103515625,-2933,4880,13298,-232,-1.2744140625,-20,-0.10986328125,25257,138.7408447265625,412,4.12
10766,389069,2354462,4.452,0,-4,-0.001953125,-21,-0.01025390625,2100,1.025390625,-7,-0.42724609375,-16,-0.9765625,3,0.18310546875,-8382,-3928,200,-191,-1.0491943359375,6,0.032958984375,-20954,-115.103759765625,405,4.05
10769,389175,2354464,4.453,1,-10,-0.0048828125,-21,-0.01025390625,2060,1.005859375,-2,-0.1220703125,-14,-0.8544921875,-3,-0.18310546875,-1388,-5267,-4194,-261,-1.4337158203125,-215,-1.1810302734375,-6627,-36.4031982421875,408,4.08
10774,389355,2354468,4.455,2,5,0.00244140625,-21,-0.01025390625,2076,1.013671875,-3,-0.18310546875,-4,-0.244140625,10,0.6103515625,-2912,4873,13270,-232,-1.2744140625,-20,-0.10986328125,25257,138.7408447265625,412,4.12
10783,389683,2354476,4.459,0,-2,-0.0009765625,-22,-0.0107421875,2098,1.0244140625,-5,-0.30517578125,-15,-0.91552734375,4,0.244140625,-8355,-3927,195,-191,-1.0491943359375,6,0.032958984375,-20954,-115.103759765625,405,4.05
10788,389863,2354480,4.461,1,-10,-0.0048828125,-15,-0.00732421875,2055,1.00341796875,-2,-0.1220703125,-13,-0.79345703125,-1,-0.06103515625,-1416,-5271,-4223,-260,-1.42822265625,-213,-1.1700439453125,-6626,-36.397705078125,408,4.08
10789,389895,2354480,4.461,2,5,0.00244140625,-20,-0.009765625,2075,1.01318359375,-3,-0.18310546875,-4,-0.244140625,9,0.54931640625,-2882,4875,13261,-232,-1.2744140625,-20,-0.10986328125,25257,138.7408447265625,412,4.12
10801,390334,2354491,4.4665,0,-3,-0.00146484375,-22,-0.0107421875,2100,1.025390625,-3,-0.18310546875,-16,-0.9765625,5,0.30517578125,-8346,-3922,173,-191,-1.0491943359375,6,0.032958984375,-20954,-115.103759765625,405,4.05
10803,390403,2354492,4.467,1,-10,-0.0048828125,-20,-0.009765625,2065,1.00830078125,-2,-0.1220703125,-13,-0.79345703125,-5,-0.30517578125,-1420,-5261,-4223,-260,-1.42822265625,-213,-1.1700439453125,-6626,-36.397705078125,407,4.07
10806,390509,2354494,4.468,2,4,0.001953125,-20,-0.009765625,2075,1.01318359375,-3,-0.18310546875,-4,-0.244140625,10,0.6103515625,-2891,4868,13302,-232,-1.2744140625,-20,-0.10986328125,25257,138.7408447265625,412,4.12
10817,390911,2354504,4.473,0,-4,-0.001953125,-17,-0.00830078125,2099,1.02490234375,-4,-0.244140625,-12,-0.732421875,6,0.3662109375,-8343,-3926,188,-191,-1.0491943359375,6,0.032958984375,-20954,-115.103759765625,405,4.05
10820,391017,2354506,4.474,1,-9,-0.00439453125,-18,-0.0087890625,2060,1.005859375,-2,-0.1220703125,-14,-0.8544921875,-1,-0.06103515625,-1414,-5249,-4253,-260,-1.42822265625,-213,-1.1700439453125,-6626,-36.397705078125,407,4.07
10823,391123,2354508,4.475,2,4,0.001953125,-21,-0.01025390625,2076,1.013671875,-3,-0.18310546875,-4,-0.244140625,10,0.6103515625,-2890,4871,13318,-232,-1.2744140625,-20,-0.10986328125,25257,138.7408447265625,412,4.12
10834,391525,2354518,4.48,0,-4,-0.001953125,-17,-0.00830078125,2099,1.02490234375,-4,-0.244140625,-12,-0.732421875,6,0.3662109375,-8343,-3926,188,-191,-1.0491943359375,6,0.032958984375,-20954,-115.103759765625,405,4.05
10837,391631,2354520,4.481,1,-7,-0.00341796875,-17,-0.00830078125,2056,1.00390625,-5,-0.30517578125,-14,-0.8544921875,-1,-0.06103515625,-1395,-5249,-4269,-259,-1.4227294921875,-212,-1.16455078125,-6626,-36.397705078125,407,4.07
10840,391737,2354522,4.482,2,6,0.0029296875,-21,-0.01025390625,2076,1.013671875,-2,-0.1220703125,-4,-0.244140625,9,0.54931640625,-2872,4925,13328,-232,-1.2744140625,-20,-0.10986328125,25257,138.7408447265625,412,4.12
10851,392139,2354532,4.487,0,-1,-0.00048828125,-18,-0.0087890625,2103,1.02685546875,-7,-0.42724609375,-14,-0.8544921875,3,0.18310546875,-8352,-3904,233,-191,-1.0491943359375,6,0.032958984375,-20954,-115.103759765625,405,4.05
10858,392393,2354538,4.49,1,-7,-0.00341796875,-19,-0.00927734375,2060,1.005859375,-4,-0.244140625,-16,-0.9765625,-3,-0.18310546875,-1368,-5240,-4335,-259,-1.4227294921875,-212,-1.16455078125,-6626,-36.397705078125,407,4.07
10859,392425,2354538,4.49,2,6,0.0029296875,-21,-0.01025390625,2076,1.013671875,-3,-0.18310546875,-4,-0.244140625,9,0.54931640625,-2896,4917,13363,-232,-1.2744140625,-20,-0.10986328125,25257,138.7408447265625,412,4.12
10872,392901,2354550,4.496,0,-1,-0.00048828125,-17,-0.00830078125,2101,1.02587890625,-6,-0.3662109375,-14,-0.8544921875,5,0.30517578125,-8357,-3918,296,-191,-1.0491943359375,6,0.032958984375,-20954,-115.103759765625,405,4.05
10873,392933,2354550,4.496,1,-10,-0.0048828125,-15,-0.00732421875,2059,1.00537109375,-6,-0.3662109375,-15,-0.91552734375,-2,-0.1220703125,-1380,-5247,-4360,-259,-1.4227294921875,-212,-1.16455078125,-6626,-36.397705078125,407,4.07
10874,392965,2354550,4.496,2,5,0.00244140625,-21,-0.01025390625,2076,1.013671875,-3,-0.18310546875,-5,-0.30517578125,10,0.6103515625,-2873,4914,13315,-232,-1.2744140625,-20,-0.10986328125,25257,138.7408447265625,412,4.12
10886,393404,2354561,4.5015,0,0,0.0,-22,-0.0107421875,2099,1.02490234375,-5,-0.30517578125,-16,-0.9765625,4,0.244140625,-8344,-3928,244,-191,-1.0491943359375,6,0.032958984375,-20954,-115.103759765625,406,4.06
10888,393473,2354562,4.502,1,-14,-0.0068359375,-19,-0.00927734375,2063,1.00732421875,-2,-0.1220703125,-15,-0.91552734375,0,0.0,-1384,-5265,-4383,-258,-1.417236328125,-210,-1.153564453125,-6626,-36.397705078125,407,4.07
10891,393579,2354564,4.503,2,4,0.001953125,-21,-0.01025390625,2077,1.01416015625,-3,-0.18310546875,-4,-0.244140625,10,0.6103515625,-2889,4924,13300,-232,-1.2744140625,-20,-0.10986328125,25257,138.7408447265625,412,4.12
10902,393981,2354574,4.508,0,1,0.00048828125,-17,-0.00830078125,2098,1.0244140625,-6,-0.3662109375,-15,-0.91552734375,4,0.244140625,-8349,-3936,249,-191,-1.0491943359375,6,0.032958984375,-20954,-115.103759765625,406,4.06
10905,394087,2354576,4.509,1,-7,-0.00341796875,-15,-0.00732421875,2058,1.0048828125,-3,-0.18310546875,-15,-0.91552734375,-1,-0.06103515625,-1394,-5279,-4341,-258,-1.417236328125,-210,-1.153564453125,-6626,-36.397705078125,407,4.07
10908,394193,2354578,4.51,2,5,0.00244140625,-21,-0.01025390625,2077,1.01416015625,-3,-0.18310546875,-4,-0.244140625,10,0.6103515625,-2903,4932,13287,-232,-1.2744140625,-20,-0.10986328125,25257,138.7408447265625,411,4.11
10921,394669,2354590,4.516,1,-8,-0.00390625,-21,-0.01025390625,2063,1.00732421875,-2,-0.1220703125,-14,-0.8544921875,-3,-0.18310546875,-1401,-5271,-4299,-258,-1.417236328125,-210,-1.153564453125,-6626,-36.397705078125,407,4.07
10924,394775,2354592,4.517,2,6,0.0029296875,-21,-0.01025390625,2076,1.013671875,-3,-0.18310546875,-4,-0.244140625,10,0.6103515625,-2903,4965,13285,-232,-1.2744140625,-20,-0.10986328125,25257,138.7408447265625,411,4.11
10935,395177,2354602,4.522,0,-1,-0.00048828125,-20,-0.009765625,2102,1.0263671875,-7,-0.42724609375,-13,-0.79345703125,5,0.30517578125,-8317,-3912,248,-191,-1.0491943359375,6,0.032958984375,-20954,-115.103759765625,405,4.05
10938,395283,2354604,4.523,1,-9,-0.00439453125,-14,-0.0068359375,2056,1.00390625,-1,-0.06103515625,-15,-0.91552734375,-1,-0.06103515625,-1387,-5283,-4293,-257,-1.4117431640625,-209,-1.1480712890625,-6626,-36.397705078125,407,4.07
10943,395463,2354608,4.525,2,6,0.0029296875,-21,-0.01025390625,2076,1.013671875,-3,-0.18310546875,-4,-0.244140625,10,0.6103515625,-2915,4991,13313,-232,-1.2744140625,-20,-0.10986328125,25257,138.7408447265625,411,4.11
10952,395791,2354616,4.529,0,0,0.0,-21,-0.01025390625,2095,1.02294921875,-4,-0.244140625,-15,-0.91552734375,4,0.244140625,-8334,-3903,230,-191,-1.0491943359375,6,0.032958984375,-20954,-115.103759765625,405,4.05
10957,395971,2354620,4.531,2,6,0.0029296875,-21,-0.01025390625,2077,1.01416015625,-3,-0.18310546875,-4,-0.244140625,10,0.6103515625,-2889,4973,13323,-232,-1.2744140625,-20,-0.10986328125,25257,138.7408447265625,411,4.11
10971,396484,2354633,4.5375,1,-10,-0.0048828125,-16,-0.0078125,2062,1.0068359375,-4,-0.244140625,-13,-0.79345703125,-3,-0.18310546875,-1334,-5267,-4312,-257,-1.4117431640625,-209,-1.1480712890625,-6626,-36.397705078125,407,4.07
10973,396553,2354634,4.538,2,6,0.0029296875,-20,-0.009765625,2076,1.013671875,-3,-0.18310546875,-4,-0.244140625,10,0.6103515625,-2897,4975,13346,-232,-1.2744140625,-20,-0.10986328125,25257,138.7408447265625,411,4.11
10985,396992,2354645,4.5435,0,1,0.00048828125,-19,-0.00927734375,2098,1.0244140625,-5,-0.30517578125,-14,-0.8544921875,3,0.18310546875,-8326,-3912,208,-191,-1.0491943359375,6,0.032958984375,-20954,-115.103759765625,404,4.04
10987,397061,2354646,4.544,1,-8,-0.00390625,-16,-0.0078125,2054,1.0029296875,2,0.1220703125,-15,-0.91552734375,-3,-0.18310546875,-1349,-5260,-4296,-256,-1.40625,-208,-1.142578125,-6626,-36.397705078125,407,4.07
10990,397167,2354648,4.545,2,5,0.00244140625,-21,-0.01025390625,2077,1.01416015625,-3,-0.18310546875,-4,-0.244140625,10,0.6103515625,-2916,4970,13349,-232,-1.2744140625,-20,-0.10986328125,25257,138.7408447265625,411,4.11
11001,397569,2354658,4.55,0,-1,-0.00048828125,-20,-0.009765625,2101,1.02587890625,-8,-0.48828125,-13,-0.79345703125,5,0.30517578125,-8329,-3899,212,-191,-1.0491943359375,6,0.032958984375,-20954,-115.103759765625,404,4.04
11004,397675,2354660,4.551,1,-6,-0.0029296875,-19,-0.00927734375,2060,1.005859375,-1,-0.06103515625,-13,-0.79345703125,1,0.06103515625,-1357,-5271,-4301,-256,-1.40625,-208,-1.142578125,-6626,-36.397705078125,407,4.07
11007,397781,2354662,4.552,2,5,0.00244140625,-21,-0.01025390625,2075,1.01318359375,-3,-0.18310546875,-4,-0.244140625,9,0.54931640625,-2955,4983,13345,-232,-1.2744140625,-20,-0.10986328125,25257,138.7408447265625,411,4.11
11018,398183,2354672,4.557,0,0,0.0,-19,-0.00927734375,2105,1.02783203125,-8,-0.48828125,-14,-0.8544921875,5,0.30517578125,-8332,-3907,179,-191,-1.0491943359375,6,0.032958984375,-20954,-115.103759765625,404,4.04
11021,398289,2354674,4.558,1,-9,-0.00439453125,-20,-0.009765625,2059,1.00537109375,1,0.06103515625,-16,-0.9765625,-2,-0.1220703125,-1338,-5263,-4312,-256,-1.40625,-208,-1.142578125,-6626,-36.397705078125,407,4.07
11024,398395,2354676,4.559,2,6,0.0029296875,-21,-0.01025390625,2074,1.0126953125,-2,-0.1220703125,-4,-0.244140625,9,0.54931640625,-2943,4983,13321,-232,-1.2744140625,-20,-0.10986328125,25257,138.7408447265625,411,4.11
11035,398797,2354686,4.564,0,0,0.0,-22,-0.0107421875,2105,1.02783203125,-4,-0.244140625,-16,-0.9765625,1,0.06103515625,-8322,-3915,203,-191,-1.0491943359375,6,0.032958984375,-20954,-115.103759765625,404,4.04
11038,398903,2354688,4.565,1,-9,-0.00439453125,-15,-0.00732421875,2060,1.005859375,-1,-0.06103515625,-15,-0.91552734375,-1,-0.06103515625,-1359,-5253,-4376,-255,-1.4007568359375,-206,-1.131591796875,-6626,-36.397705078125,407,4.07
11043,399083,2354692,4.567,2,5,0.00244140625,-20,-0.009765625,2076,1.013671875,-2,-0.1220703125,-5,-0.30517578125,10,0.6103515625,-2962,4969,13325,-231,-1.2689208984375,-20,-0.10986328125,25257,138.7408447265625,411,4.11
11056,399559,2354704,4.573,0,0,0.0,-22,-0.0107421875,2105,1.02783203125,-4,-0.244140625,-16,-0.9765625,1,0.06103515625,-8322,-3915,203,-191,-1.0491943359375,6,0.032958984375,-20954,-115.103759765625,404,4.04
11057,399591,2354704,4.573,1,-9,-0.00439453125,-18,-0.0087890625,2061,1.00634765625,-2,-0.1220703125,-14,-0.8544921875,-3,-0.18310546875,-1373,-5260,-4412,-255,-1.4007568359375,-206,-1.131591796875,-6626,-36.397705078125,407,4.07
11058,399623,2354704,4.573,2,5,0.00244140625,-20,-0.009765625,2076,1.013671875,-3,-0.18310546875,-4,-0.244140625,10,0.6103515625,-2948,4961,13369,-231,-1.2689208984375,-20,-0.10986328125,25257,138.7408447265625,410,4.1
11070,400062,2354715,4.5785,0,-1,-0.00048828125,-15,-0.00732421875,2096,1.0234375,-4,-0.244140625,-15,-0.91552734375,3,0.18310546875,-8302,-3931,159,-191,-1.0491943359375,6,0.032958984375,-20954,-115.103759765625,404,4.04
11072,400131,2354716,4.579,1,-7,-0.00341796875,-18,-0.0087890625,2053,1.00244140625,0,0.0,-14,-0.8544921875,1,0.06103515625,-1332,-5297,-4415,-254,-1.395263671875,-205,-1.1260986328125,-6626,-36.397705078125,407,4.07
11075,400237,2354718,4.58,2,5,0.00244140625,-20,-0.009765625,2077,1.01416015625,-3,-0.18310546875,-4,-0.244140625,10,0.6103515625,-2923,4961,13342,-231,-1.2689208984375,-20,-0.10986328125,25257,138.7408447265625,410,4.1
11086,400639,2354728,4.585,0,-3,-0.00146484375,-21,-0.01025390625,2101,1.02587890625,-8,-0.48828125,-14,-0.8544921875,7,0.42724609375,-8311,-3934,145,-191,-1.0491943359375,6,0.032958984375,-20954,-115.103759765625,404,4.04
11089,400745,2354730,4.586,1,-9,-0.00439453125,-18,-0.0087890625,2060,1.005859375,0,0.0,-14,-0.8544921875,-1,-0.06103515625,-1319,-5261,-4391,-254,-1.395263671875,-205,-1.1260986328125,-6626,-36.397705078125,407,4.07
11092,400851,2354732,4.587,2,5,0.00244140625,-21,-0.01025390625,2075,1.01318359375,-3,-0.18310546875,-4,-0.244140625,10,0.6103515625,-2935,4977,13260,-231,-1.2689208984375,-20,-0.10986328125,25257,138.7408447265625,410,4.1
11103,401253,2354742,4.592,0,0,0.0,-18,-0.0087890625,2100,1.025390625,-8,-0.48828125,-13,-0.79345703125,4,0.244140625,-8327,-3943,163,-191,-1.0491943359375,6,0.032958984375,-20954,-115.103759765625,404,4.04
11106,401359,2354744,4.593,1,-9,-0.00439453125,-18,-0.0087890625,2060,1.005859375,1,0.06103515625,-12,-0.732421875,-3,-0.18310546875,-1342,-5252,-4362,-254,-1.395263671875,-205,-1.1260986328125,-6626,-36.397705078125,407,4.07
11113,401613,2354750,4.596,2,5,0.00244140625,-21,-0.01025390625,2076,1.013671875,-3,-0.18310546875,-4,-0.244140625,10,0.6103515625,-2914,4978,13263,-231,-1.2689208984375,-20,-0.10986328125,25257,138.7408447265625,410,4.1
11120,401867,2354756,4.599,0,-3,-0.00146484375,-23,-0.01123046875,2103,1.02685546875,-5,-0.30517578125,-16,-0.9765625,4,0.244140625,-8318,-3943,176,-191,-1.0491943359375,6,0.032958984375,-20954,-115.103759765625,403,4.03
11123,401973,2354758,4.6,1,-8,-0.00390625,-18,-0.0087890625,2062,1.0068359375,-2,-0.1220703125,-16,-0.9765625,-2,-0.1220703125,-1357,-5257,-4405,-253,-1.3897705078125,-203,-1.1151123046875,-6626,-36.397705078125,407,4.07
11128,402153,2354762,4.602,2,6,0.0029296875,-20,-0.009765625,2076,1.013671875,-3,-0.18310546875,-4,-0.244140625,10,0.6103515625,-2909,4987,13295,-231,-1.2689208984375,-20,-0.10986328125,25257,138.7408447265625,410,4.1
11137,402481,2354770,4.606,0,-3,-0.00146484375,-23,-0.01123046875,2103,1.02685546875,-5,-0.30517578125,-16,-0.9765625,4,0.244140625,-8318,-3943,176,-191,-1.0491943359375,6,0.032958984375,-20954,-115.103759765625,403,4.03
11142,402661,2354774,4.608,1,-10,-0.0048828125,-17,-0.00830078125,2059,1.00537109375,-4,-0.244140625,-15,-0.91552734375,0,0.0,-1357,-5264,-4403,-253,-1.3897705078125,-203,-1.1151123046875,-6626,-36.397705078125,407,4.07
11143,402693,2354774,4.608,2,6,0.0029296875,-21,-0.01025390625,2077,1.01416015625,-3,-0.18310546875,-4,-0.244140625,9,0.54931640625,-2907,4970,13338,-231,-1.2689208984375,-20,-0.10986328125,25257,138.7408447265625,410,4.1
11155,403132,2354785,4.6135,0,-2,-0.0009765625,-22,-0.0107421875,2095,1.02294921875,-7,-0.42724609375,-14,-0.8544921875,3,0.18310546875,-8322,-3954,206,-191,-1.0491943359375,6,0.032958984375,-20954,-115.103759765625,404,4.04
11157,403201,2354786,4.614,1,-10,-0.0048828125,-17,-0.00830078125,2057,1.00439453125,0,0.0,-15,-0.91552734375,-2,-0.1220703125,-1366,-5300,-4418,-253,-1.3897705078125,-203,-1.1151123046875,-6626,-36.397705078125,407,4.07
11160,403307,2354788,4.615,2,5,0.00244140625,-21,-0.01025390625,2077,1.01416015625,-3,-0.18310546875,-4,-0.244140625,10,0.6103515625,-2909,4980,13351,-231,-1.2689208984375,-20,-0.10986328125,25257,138.7408447265625,410,4.1
11171,403709,2354798,4.62,0,0,0.0,-18,-0.0087890625,2100,1.025390625,-6,-0.3662109375,-15,-0.91552734375,4,0.244140625,-8296,-3962,225,-191,-1.0491943359375,6,0.032958984375,-20954,-115.103759765625,404,4.04
11174,403815,2354800,4.621,1,-9,-0.00439453125,-16,-0.0078125,2060,1.005859375,-1,-0.06103515625,-15,-0.91552734375,-2,-0.1220703125,-1357,-5295,-4402,-252,-1.38427734375,-202,-1.109619140625,-6626,-36.397705078125,407,4.07
11177,403921,2354802,4.622,2,5,0.00244140625,-23,-0.01123046875,2075,1.01318359375,-3,-0.18310546875,-5,-0.30517578125,10,0.6103515625,-2923,4951,13344,-231,-1.2689208984375,-20,-0.10986328125,25257,138.7408447265625,410,4.1
11188,404323,2354812,4.627,0,0,0.0,-15,-0.00732421875,2097,1.02392578125,-4,-0.244140625,-15,-0.91552734375,5,0.30517578125,-8324,-3947,201,-191,-1.0491943359375,6,0.032958984375,-20955,-115.1092529296875,404,4.04
11191,404429,2354814,4.628,1,-7,-0.00341796875,-16,-0.0078125,2059,1.00537109375,-1,-0.06103515625,-15,-0.91552734375,-3,-0.18310546875,-1361,-5275,-4372,-252,-1.38427734375,-202,-1.109619140625,-6626,-36.397705078125,407,4.07
11198,404683,2354820,4.631,2,5,0.00244140625,-22,-0.0107421875,2075,1.01318359375,-2,-0.1220703125,-4,-0.244140625,10,0.6103515625,-2928,4928,13277,-231,-1.2689208984375,-20,-0.10986328125,25257,138.7408447265625,410,4.1
11205,404937,2354826,4.634,0,-1,-0.00048828125,-20,-0.009765625,2103,1.02685546875,-6,-0.3662109375,-13,-0.79345703125,5,0.30517578125,-8300,-3940,189,-191,-1.0491943359375,6,0.032958984375,-20955,-115.1092529296875,404,4.04
11212,405191,2354832,4.637,1,-6,-0.0029296875,-15,-0.00732421875,2061,1.00634765625,-2,-0.1220703125,-14,-0.8544921875,0,0.0,-1388,-5296,-4320,-252,-1.38427734375,-202,-1.109619140625,-6626,-36.397705078125,407,4.07
11213,405223,2354832,4.637,2,5,0.00244140625,-21,-0.01025390625,2075,1.01318359375,-3,-0.18310546875,-4,-0.244140625,10,0.6103515625,-2930,4938,13287,-231,-1.2689208984375,-20,-0.10986328125,25257,138.7408447265625,410,4.1
11222,405551,2354840,4.641,0,-1,-0.00048828125,-21,-0.01025390625,2099,1.02490234375,-4,-0.244140625,-14,-0.8544921875,4,0.244140625,-8298,-3946,202,-191,-1.0491943359375,6,0.032958984375,-20955,-115.1092529296875,405,4.05
11227,405731,2354844,4.643,1,-11,-0.00537109375,-18,-0.0087890625,2056,1.00390625,0,0.0,-14,-0.8544921875,-1,-0.06103515625,-1392,-5277,-4340,-251,-1.3787841796875,-201,-1.1041259765625,-6626,-36.397705078125,407,4.07
11228,405763,2354844,4.643,2,5,0.00244140625,-20,-0.009765625,2076,1.013671875,-2,-0.1220703125,-4,-0.244140625,10,0.6103515625,-2890,4948,13300,-231,-1.2689208984375,-20,-0.10986328125,25257,138.7408447265625,410,4.1
11240,406202,2354855,4.6485,0,2,0.0009765625,-22,-0.0107421875,2098,1.0244140625,-6,-0.3662109375,-13,-0.79345703125,5,0.30517578125,-8311,-3964,208,-191,-1.0491943359375,6,0.032958984375,-20955,-115.1092529296875,405,4.05
11242,406271,2354856,4.649,1,-7,-0.00341796875,-21,-0.01025390625,2060,1.005859375,-2,-0.1220703125,-15,-0.91552734375,-2,-0.1220703125,-1386,-5271,-4365,-251,-1.3787841796875,-201,-1.1041259765625,-6626,-36.397705078125,407,4.07
11245,406377,2354858,4.65,2,5,0.00244140625,-20,-0.009765625,2076,1.013671875,-3,-0.18310546875,-4,-0.244140625,9,0.54931640625,-2884,4952,13296,-231,-1.2689208984375,-20,-0.10986328125,25257,138.7408447265625,410,4.1
11256,406779,2354868,4.655,0,-1,-0.00048828125,-18,-0.0087890625,2100,1.025390625,-6,-0.3662109375,-12,-0.732421875,5,0.30517578125,-8315,-3972,181,-191,-1.0491943359375,6,0.032958984375,-20955,-115.1092529296875,405,4.05
11259,406885,2354870,4.656,1,-10,-0.0048828125,-21,-0.01025390625,2060,1.005859375,1,0.06103515625,-16,-0.9765625,-1,-0.06103515625,-1345,-5295,-4312,-251,-1.3787841796875,-201,-1.1041259765625,-6626,-36.397705078125,407,4.07
11262,406991,2354872,4.657,2,6,0.0029296875,-20,-0.009765625,2076,1.013671875,-3,-0.18310546875,-4,-0.244140625,10,0.6103515625,-2883,4925,13288,-231,-1.2689208984375,-20,-0.10986328125,25257,138.7408447265625,410,4.1
11273,407393,2354882,4.662,0,1,0.00048828125,-18,-0.0087890625,2100,1.025390625,-6,-0.3662109375,-13,-0.79345703125,4,0.244140625,-8320,-3965,171,-191,-1.0491943359375,6,0.032958984375,-20955,-115.1092529296875,405,4.05
11276,407499,2354884,4.663,1,-9,-0.00439453125,-16,-0.0078125,2058,1.0048828125,-1,-0.06103515625,-17,-1.03759765625,-4,-0.244140625,-1351,-5272,-4306,-250,-1.373291015625,-199,-1.0931396484375,-6626,-36.397705078125,407,4.07
11279,407605,2354886,4.664,2,6,0.0029296875,-20,-0.009765625,2076,1.013671875,-2,-0.1220703125,-4,-0.244140625,10,0.6103515625,-2869,4920,13297,-231,-1.2689208984375,-20,-0.10986328125,25257,138.7408447265625,410,4.1
11290,408007,2354896,4.669,0,-4,-0.001953125,-18,-0.0087890625,2103,1.02685546875,-4,-0.244140625,-12,-0.732421875,3,0.18310546875,-8321,-3930,160,-191,-1.0491943359375,6,0.032958984375,-20955,-115.1092529296875,405,4.05
11297,408261,2354902,4.672,1,-9,-0.00439453125,-20,-0.009765625,2059,1.00537109375,3,0.18310546875,-13,-0.79345703125,-2,-0.1220703125,-1370,-5301,-4264,-250,-1.373291015625,-199,-1.0931396484375,-6626,-36.397705078125,407,4.07
11298,408293,2354902,4.672,2,6,0.0029296875,-21,-0.01025390625,2076,1.013671875,-3,-0.18310546875,-4,-0.244140625,10,0.6103515625,-2870,4932,13311,-231,-1.2689208984375,-20,-0.10986328125,25257,138.7408447265625,410,4.1
11311,408769,2354914,4.678,0,-2,-0.0009765625,-20,-0.009765625,2099,1.02490234375,-5,-0.30517578125,-14,-0.8544921875,6,0.3662109375,-8306,-3933,182,-191,-1.0491943359375,6,0.032958984375,-20955,-115.1092529296875,405,4.05
11312,408801,2354914,4.678,1,-9,-0.00439453125,-18,-0.0087890625,2058,1.0048828125,-5,-0.30517578125,-14,-0.8544921875,-1,-0.06103515625,-1341,-5306,-4264,-250,-1.373291015625,-199,-1.0931396484375,-6626,-36.397705078125,407,4.07
11313,408833,2354914,4.678,2,6,0.0029296875,-21,-0.01025390625,2075,1.01318359375,-3,-0.18310546875,-4,-0.244140625,9,0.54931640625,-2841,4940,13327,-231,-1.2689208984375,-20,-0.10986328125,25257,138.7408447265625,410,4.1
11334,409605,2354934,4.688,0,0,0.0,-19,-0.00927734375,2098,1.0244140625,-5,-0.30517578125,-13,-0.79345703125,4,0.244140625,-8287,-3915,140,-191,-1.0491943359375,6,0.032958984375,-20955,-115.1092529296875,405,4.05
11342,409896,2354941,4.6915,1,-11,-0.00537109375,-20,-0.009765625,2062,1.0068359375,0,0.0,-17,-1.03759765625,0,0.0,-1364,-5296,-4242,-249,-1.3677978515625,-198,-1.087646484375,-6625,-36.3922119140625,407,4.07
11344,409965,2354942,4.692,2,5,0.00244140625,-21,-0.01025390625,2075,1.01318359375,-3,-0.18310546875,-5,-0.30517578125,10,0.6103515625,-2804,4924,13292,-231,-1.2689208984375,-20,-0.10986328125,25257,138.7408447265625,409,4.09
11355,410367,2354952,4.697,0,-1,-0.00048828125,-21,-0.01025390625,2097,1.02392578125,-6,-0.3662109375,-16,-0.9765625,3,0.18310546875,-8278,-3908,121,-191,-1.0491943359375,6,0.032958984375,-20955,-115.1092529296875,405,4.05
11358,410473,2354954,4.698,1,-8,-0.00390625,-12,-0.005859375,2060,1.005859375,0,0.0,-13,-0.79345703125,-3,-0.18310546875,-1358,-5290,-4207,-249,-1.3677978515625,-198,-1.087646484375,-6625,-36.3922119140625,407,4.07
11361,410579,2354956,4.699,2,5,0.00244140625,-21,-0.01025390625,2075,1.01318359375,-3,-0.18310546875,-4,-0.244140625,10,0.6103515625,-2817,4919,13294,-231,-1.2689208984375,-20,-0.10986328125,25257,138.7408447265625,409,4.09
11372,410981,2354966,4.704,0,-1,-0.00048828125,-20,-0.009765625,2105,1.02783203125,-6,-0.3662109375,-15,-0.91552734375,4,0.244140625,-8297,-3922,107,-191,-1.0491943359375,6,0.032958984375,-20955,-115.1092529296875,406,4.06
11375,411087,2354968,4.705,1,-8,-0.00390625,-20,-0.009765625,2061,1.00634765625,1,0.06103515625,-15,-0.91552734375,-1,-0.06103515625,-1373,-5312,-4172,-249,-1.3677978515625,-197,-1.0821533203125,-6625,-36.3922119140625,406,4.06
11378,411193,2354970,4.706,2,5,0.00244140625,-22,-0.0107421875,2076,1.013671875,-3,-0.18310546875,-4,-0.244140625,9,0.54931640625,-2834,4937,13303,-231,-1.2689208984375,-20,-0.10986328125,25257,138.7408447265625,409,4.09
11389,411595,2354980,4.711,0,0,0.0,-20,-0.009765625,2096,1.0234375,-4,-0.244140625,-13,-0.79345703125,5,0.30517578125,-8296,-3909,115,-191,-1.0491943359375,6,0.032958984375,-20955,-115.1092529296875,406,4.06
11392,411701,2354982,4.712,1,-10,-0.0048828125,-16,-0.0078125,2056,1.00390625,-3,-0.18310546875,-15,-0.91552734375,-2,-0.1220703125,-1379,-5324,-4166,-249,-1.3677978515625,-197,-1.0821533203125,-6625,-36.3922119140625,406,4.06
11397,411881,2354986,4.714,2,5,0.00244140625,-21,-0.01025390625,2075,1.01318359375,-3,-0.18310546875,-4,-0.244140625,9,0.54931640625,-2851,4930,13285,-231,-1.2689208984375,-20,-0.10986328125,25257,138.7408447265625,408,4.08
11406,412209,2354994,4.718,0,1,0.00048828125,-21,-0.01025390625,2100,1.025390625,-4,-0.244140625,-13,-0.79345703125,3,0.18310546875,-8302,-3897,126,-191,-1.0491943359375,6,0.032958984375,-20955,-115.1092529296875,406,4.06
11411,412389,2354998,4.72,1,-9,-0.00439453125,-19,-0.00927734375,2065,1.00830078125,-3,-0.18310546875,-13,-0.79345703125,-1,-0.06103515625,-1379,-5307,-4157,-249,-1.3677978515625,-197,-1.0821533203125,-6625,-36.3922119140625,406,4.06
11413,412458,2354999,4.7205,2,5,0.00244140625,-21,-0.01025390625,2075,1.01318359375,-2,-0.1220703125,-4,-0.244140625,10,0.6103515625,-2854,4944,13286,-231,-1.2689208984375,-20,-0.10986328125,25257,138.7408447265625,408,4.08
11424,412860,2355009,4.7255,0,-1,-0.00048828125,-18,-0.0087890625,2099,1.02490234375,-5,-0.30517578125,-15,-0.91552734375,4,0.244140625,-8304,-3899,128,-191,-1.0491943359375,6,0.032958984375,-20955,-115.1092529296875,406,4.06
11426,412929,2355010,4.726,1,-5,-0.00244140625,-18,-0.0087890625,2060,1.005859375,-6,-0.3662109375,-13,-0.79345703125,0,0.0,-1381,-5269,-4207,-248,-1.3623046875,-195,-1.0711669921875,-6625,-36.3922119140625,406,4.06
11429,413035,2355012,4.727,2,6,0.0029296875,-20,-0.009765625,2076,1.013671875,-3,-0.18310546875,-4,-0.244140625,9,0.54931640625,-2843,4939,13250,-231,-1.2689208984375,-20,-0.10986328125,25257,138.7408447265625,408,4.08
11440,413437,2355022,4.732,0,-1,-0.00048828125,-18,-0.0087890625,2099,1.02490234375,-5,-0.30517578125,-15,-0.91552734375,4,0.244140625,-8304,-3899,128,-191,-1.0491943359375,6,0.032958984375,-20955,-115.1092529296875,406,4.06
11443,413543,2355024,4.733,1,-9,-0.00439453125,-18,-0.0087890625,2054,1.0029296875,-3,-0.18310546875,-14,-0.8544921875,-3,-0.18310546875,-1364,-5261,-4245,-248,-1.3623046875,-195,-1.0711669921875,-6625,-36.3922119140625,406,4.06
11446,413649,2355026,4.734,2,5,0.00244140625,-21,-0.01025390625,2076,1.013671875,-3,-0.18310546875,-4,-0.244140625,9,0.54931640625,-2830,4964,13257,-231,-1.2689208984375,-20,-0.10986328125,25257,138.7408447265625,407,4.07
11457,414051,2355036,4.739,0,-3,-0.00146484375,-21,-0.01025390625,2103,1.02685546875,-8,-0.48828125,-16,-0.9765625,3,0.18310546875,-8315,-3910,183,-191,-1.0491943359375,6,0.032958984375,-20955,-115.1092529296875,406,4.06
11460,414157,2355038,4.74,1,-6,-0.0029296875,-18,-0.0087890625,2059,1.00537109375,-3,-0.18310546875,-13,-0.79345703125,-4,-0.244140625,-1402,-5287,-4211,-247,-1.3568115234375,-194,-1.065673828125,-6625,-36.3922119140625,406,4.06
11467,414411,2355044,4.743,2,5,0.00244140625,-21,-0.01025390625,2075,1.01318359375,-3,-0.18310546875,-4,-0.244140625,10,0.6103515625,-2835,4965,13260,-231,-1.2689208984375,-20,-0.10986328125,25257,138.7408447265625,407,4.07
11474,414665,2355050,4.746,0,3,0.00146484375,-21,-0.01025390625,2094,1.0224609375,-5,-0.30517578125,-15,-0.91552734375,5,0.30517578125,-8304,-3929,204,-191,-1.0491943359375,6,0.032958984375,-20955,-115.1092529296875,406,4.06
11481,414919,2355056,4.749,1,-7,-0.00341796875,-17,-0.00830078125,2057,1.00439453125,0,0.0,-14,-0.8544921875,0,0.0,-1397,-5285,-4255,-247,-1.3568115234375,-194,-1.065673828125,-6625,-36.3922119140625,406,4.06
11482,414951,2355056,4.749,2,5,0.00244140625,-21,-0.01025390625,2075,1.01318359375,-3,-0.18310546875,-4,-0.244140625,9,0.54931640625,-2849,4965,13239,-231,-1.2689208984375,-20,-0.10986328125,25257,138.7408447265625,407,4.07
11491,415279,2355064,4.753,0,-3,-0.00146484375,-23,-0.01123046875,2103,1.02685546875,-6,-0.3662109375,-14,-0.8544921875,4,0.244140625,-8305,-3934,257,-191,-1.0491943359375,6,0.032958984375,-20955,-115.1092529296875,406,4.06
11496,415459,2355068,4.755,1,-8,-0.00390625,-15,-0.00732421875,2061,1.00634765625,-2,-0.1220703125,-14,-0.8544921875,-3,-0.18310546875,-1398,-5289,-4270,-247,-1.3568115234375,-194,-1.065673828125,-6625,-36.3922119140625,406,4.06
11497,415491,2355068,4.755,2,4,0.001953125,-21,-0.01025390625,2075,1.01318359375,-3,-0.18310546875,-4,-0.244140625,10,0.6103515625,-2834,4953,13288,-231,-1.2689208984375,-20,-0.10986328125,25257,138.7408447265625,407,4.07
11509,415930,2355079,4.7605,0,-1,-0.00048828125,-16,-0.0078125,2100,1.025390625,-4,-0.244140625,-13,-0.79345703125,5,0.30517578125,-8314,-3923,217,-191,-1.0491943359375,6,0.032958984375,-20955,-115.1092529296875,406,4.06
11511,415999,2355080,4.761,1,-9,-0.00439453125,-18,-0.0087890625,2060,1.005859375,0,0.0,-14,-0.8544921875,-2,-0.1220703125,-1396,-5287,-4259,-246,-1.351318359375,-193,-1.0601806640625,-6625,-36.3922119140625,406,4.06
11514,416105,2355082,4.762,2,4,0.001953125,-21,-0.01025390625,2074,1.0126953125,-3,-0.18310546875,-4,-0.244140625,10,0.6103515625,-2820,4942,13333,-231,-1.2689208984375,-20,-0.10986328125,25257,138.7408447265625,407,4.07
11525,416507,2355092,4.767,0,0,0.0,-24,-0.01171875,2105,1.02783203125,-6,-0.3662109375,-16,-0.9765625,4,0.244140625,-8302,-3921,222,-191,-1.0491943359375,6,0.032958984375,-20955,-115.1092529296875,406,4.06
11528,416613,2355094,4.768,1,-10,-0.0048828125,-19,-0.00927734375,2057,1.00439453125,-3,-0.18310546875,-14,-0.8544921875,-2,-0.1220703125,-1396,-5288,-4280,-246,-1.351318359375,-193,-1.0601806640625,-6625,-36.3922119140625,406,4.06
11531,416719,2355096,4.769,2,5,0.00244140625,-21,-0.01025390625,2076,1.013671875,-3,-0.18310546875,-4,-0.244140625,10,0.6103515625,-2794,4958,13233,-231,-1.2689208984375,-20,-0.10986328125,25257,138.7408447265625,407,4.07
11542,417121,2355106,4.774,0,-1,-0.00048828125,-18,-0.0087890625,2099,1.02490234375,-5,-0.30517578125,-14,-0.8544921875,3,0.18310546875,-8277,-3926,206,-191,-1.0491943359375,6,0.032958984375,-20955,-115.1092529296875,406,4.06
11545,417227,2355108,4.775,1,-9,-0.00439453125,-17,-0.00830078125,2060,1.005859375,-2,-0.1220703125,-14,-0.8544921875,-1,-0.06103515625,-1415,-5288,-4270,-246,-1.351318359375,-193,-1.0601806640625,-6625,-36.3922119140625,406,4.06
11552,417481,2355114,4.778,2,5,0.00244140625,-21,-0.01025390625,2076,1.013671875,-3,-0.18310546875,-4,-0.244140625,9,0.54931640625,-2783,4965,13190,-231,-1.2689208984375,-20,-0.10986328125,25257,138.7408447265625,407,4.07
11559,417735,2355120,4.781,0,0,0.0,-23,-0.01123046875,2100,1.025390625,-5,-0.30517578125,-14,-0.8544921875,3,0.18310546875,-8264,-3916,164,-191,-1.0491943359375,6,0.032958984375,-20955,-115.1092529296875,406,4.06
11562,417841,2355122,4.782,1,-8,-0.00390625,-17,-0.00830078125,2059,1.00537109375,-3,-0.18310546875,-15,-0.91552734375,-2,-0.1220703125,-1403,-5290,-4266,-245,-1.3458251953125,-191,-1.0491943359375,-6625,-36.3922119140625,407,4.07
11567,418021,2355126,4.784,2,5,0.00244140625,-22,-0.0107421875,2076,1.013671875,-3,-0.18310546875,-4,-0.244140625,10,0.6103515625,-2784,4970,13180,-231,-1.2689208984375,-20,-0.10986328125,25257,138.7408447265625,406,4.06
11580,418497,2355138,4.79,0,-1,-0.00048828125,-23,-0.01123046875,2104,1.02734375,-5,-0.30517578125,-15,-0.91552734375,3,0.18310546875,-8286,-3930,116,-191,-1.0491943359375,6,0.032958984375,-20955,-115.1092529296875,406,4.06
11581,418529,2355138,4.79,1,-7,-0.00341796875,-16,-0.0078125,2059,1.00537109375,-1,-0.06103515625,-13,-0.79345703125,-2,-0.1220703125,-1424,-5274,-4252,-245,-1.3458251953125,-191,-1.0491943359375,-6625,-36.3922119140625,407,4.07
11582,418561,2355138,4.79,2,5,0.00244140625,-22,-0.0107421875,2077,1.01416015625,-2,-0.1220703125,-4,-0.244140625,9,0.54931640625,-2771,4968,13179,-231,-1.2689208984375,-20,-0.10986328125,25257,138.7408447265625,407,4.07
11594,419000,2355149,4.7955,0,-1,-0.00048828125,-17,-0.00830078125,2098,1.0244140625,-5,-0.30517578125,-15,-0.91552734375,5,0.30517578125,-8291,-3919,117,-191,-1.0491943359375,6,0.032958984375,-20955,-115.1092529296875,406,4.06
11596,419069,2355150,4.796,1,-8,-0.00390625,-17,-0.00830078125,2060,1.005859375,-1,-0.06103515625,-14,-0.8544921875,-2,-0.1220703125,-1438,-5292,-4267,-245,-1.3458251953125,-191,-1.0491943359375,-6625,-36.3922119140625,407,4.07
11599,419175,2355152,4.797,2,5,0.00244140625,-21,-0.01025390625,2078,1.0146484375,-3,-0.18310546875,-4,-0.244140625,9,0.54931640625,-2788,4951,13201,-231,-1.2689208984375,-20,-0.10986328125,25257,138.7408447265625,407,4.07
11610,419577,2355162,4.802,0,-2,-0.0009765625,-20,-0.009765625,2102,1.0263671875,-4,-0.244140625,-12,-0.732421875,5,0.30517578125,-8307,-3923,125,-191,-1.0491943359375,6,0.032958984375,-20955,-115.1092529296875,406,4.06
11613,419683,2355164,4.803,1,-8,-0.00390625,-21,-0.01025390625,2060,1.005859375,2,0.1220703125,-15,-0.91552734375,-1,-0.06103515625,-1420,-5288,-4255,-244,-1.34033203125,-190,-1.043701171875,-6625,-36.3922119140625,407,4.07
11616,419789,2355166,4.804,2,6,0.0029296875,-21,-0.01025390625,2077,1.01416015625,-3,-0.18310546875,-4,-0.244140625,10,0.6103515625,-2797,4928,13195,-231,-1.2689208984375,-20,-0.10986328125,25257,138.7408447265625,407,4.07
11627,420191,2355176,4.809,0,-2,-0.0009765625,-17,-0.00830078125,2097,1.02392578125,-4,-0.244140625,-13,-0.79345703125,4,0.244140625,-8302,-3923,138,-191,-1.0491943359375,6,0.032958984375,-20955,-115.1092529296875,406,4.06
11630,420297,2355178,4.81,1,-9,-0.00439453125,-17,-0.00830078125,2057,1.00439453125,-1,-0.06103515625,-16,-0.9765625,1,0.06103515625,-1449,-5286,-4239,-244,-1.34033203125,-190,-1.043701171875,-6625,-36.3922119140625,407,4.07
11633,420403,2355180,4.811,2,6,0.0029296875,-21,-0.01025390625,2076,1.013671875,-3,-0.18310546875,-4,-0.244140625,9,0.54931640625,-2798,4927,13192,-231,-1.2689208984375,-20,-0.10986328125,25257,138.7408447265625,407,4.07
11644,420805,2355190,4.816,0,-3,-0.00146484375,-19,-0.00927734375,2100,1.025390625,-4,-0.244140625,-14,-0.8544921875,3,0.18310546875,-8331,-3948,127,-191,-1.0491943359375,6,0.032958984375,-20955,-115.1092529296875,406,4.06
11647,420911,2355192,4.817,1,-6,-0.0029296875,-17,-0.00830078125,2058,1.0048828125,-1,-0.06103515625,-13,-0.79345703125,-2,-0.1220703125,-1412,-5275,-4213,-244,-1.34033203125,-190,-1.043701171875,-6625,-36.3922119140625,407,4.07
11652,421091,2355196,4.819,2,6,0.0029296875,-21,-0.01025390625,2074,1.0126953125,-2,-0.1220703125,-4,-0.244140625,9,0.54931640625,-2812,4944,13270,-231,-1.2689208984375,-20,-0.10986328125,25257,138.7408447265625,408,4.08
11661,421419,2355204,4.823,0,-3,-0.00146484375,-19,-0.00927734375,2100,1.025390625,-4,-0.244140625,-14,-0.8544921875,3,0.18310546875,-8331,-3948,127,-191,-1.0491943359375,6,0.032958984375,-20955,-115.1092529296875,406,4.06
11666,421599,2355208,4.825,1,-10,-0.0048828125,-19,-0.00927734375,2063,1.00732421875,-2,-0.1220703125,-15,-0.91552734375,-3,-0.18310546875,-1406,-5271,-4218,-243,-1.3348388671875,-189,-1.0382080078125,-6625,-36.3922119140625,407,4.07
11667,421631,2355208,4.825,2,6,0.0029296875,-21,-0.01025390625,2074,1.0126953125,-3,-0.18310546875,-4,-0.244140625,9,0.54931640625,-2810,4943,13295,-231,-1.2689208984375,-20,-0.10986328125,25257,138.7408447265625,408,4.08
11679,422070,2355219,4.8305,0,1,0.00048828125,-19,-0.00927734375,2096,1.0234375,-4,-0.244140625,-15,-0.91552734375,5,0.30517578125,-8304,-3948,145,-191,-1.0491943359375,6,0.032958984375,-20955,-115.1092529296875,406,4.06
11681,422139,2355220,4.831,1,-9,-0.00439453125,-17,-0.00830078125,2060,1.005859375,-4,-0.244140625,-16,-0.9765625,2,0.1220703125,-1384,-5245,-4246,-243,-1.3348388671875,-189,-1.0382080078125,-6625,-36.3922119140625,407,4.07
11684,422245,2355222,4.832,2,6,0.0029296875,-21,-0.01025390625,2076,1.013671875,-3,-0.18310546875,-4,-0.244140625,10,0.6103515625,-2823,4935,13309,-231,-1.2689208984375,-20,-0.10986328125,25257,138.7408447265625,408,4.08
11695,422647,2355232,4.837,0,0,0.0,-18,-0.0087890625,2097,1.02392578125,-5,-0.30517578125,-13,-0.79345703125,3,0.18310546875,-8306,-3956,142,-191,-1.0491943359375,6,0.032958984375,-20955,-115.1092529296875,406,4.06
11698,422753,2355234,4.838,1,-7,-0.00341796875,-16,-0.0078125,2063,1.00732421875,2,0.1220703125,-14,-0.8544921875,-1,-0.06103515625,-1381,-5238,-4256,-243,-1.3348388671875,-189,-1.0382080078125,-6625,-36.3922119140625,407,4.07
11701,422859,2355236,4.839,2,5,0.00244140625,-21,-0.01025390625,2076,1.013671875,-3,-0.18310546875,-4,-0.244140625,10,0.6103515625,-2815,4929,13241,-231,-1.2689208984375,-20,-0.10986328125,25257,138.7408447265625,408,4.08
11712,423261,2355246,4.844,0,-1,-0.00048828125,-20,-0.009765625,2100,1.025390625,-7,-0.42724609375,-15,-0.91552734375,5,0.30517578125,-8328,-3967,155,-191,-1.0491943359375,6,0.032958984375,-20955,-115.1092529296875,406,4.06
11715,423367,2355248,4.845,1,-9,-0.00439453125,-16,-0.0078125,2061,1.00634765625,-1,-0.06103515625,-14,-0.8544921875,-1,-0.06103515625,-1382,-5237,-4247,-242,-1.329345703125,-187,-1.0272216796875,-6625,-36.3922119140625,407,4.07
11718,423473,2355250,4.846,2,5,0.00244140625,-20,-0.009765625,2075,1.01318359375,-3,-0.18310546875,-4,-0.244140625,10,0.6103515625,-2829,4951,13255,-231,-1.2689208984375,-20,-0.10986328125,25257,138.7408447265625,408,4.08
11729,423875,2355260,4.851,0,0,0.0,-22,-0.0107421875,2098,1.0244140625,-5,-0.30517578125,-14,-0.8544921875,6,0.3662109375,-8308,-3953,162,-191,-1.0491943359375,6,0.032958984375,-20955,-115.1092529296875,406,4.06
11732,423981,2355262,4.852,1,-10,-0.0048828125,-19,-0.00927734375,2055,1.00341796875,2,0.1220703125,-15,-0.91552734375,-2,-0.1220703125,-1375,-5243,-4227,-242,-1.329345703125,-187,-1.0272216796875,-6625,-36.3922119140625,407,4.07
11737,424161,2355266,4.854,2,6,0.0029296875,-20,-0.009765625,2076,1.013671875,-2,-0.1220703125,-4,-0.244140625,10,0.6103515625,-2859,4930,13315,-231,-1.2689208984375,-20,-0.10986328125,25257,138.7408447265625,408,4.08
11745,424452,2355274,4.858,0,0,0.0,-22,-0.0107421875,2098,1.0244140625,-5,-0.30517578125,-14,-0.8544921875,6,0.3662109375,-8308,-3953,162,-191,-1.0491943359375,6,0.032958984375,-20955,-115.1092529296875,406,4.06
11751,424669,2355278,4.86,1,-11,-0.00537109375,-16,-0.0078125,2059,1.00537109375,-2,-0.1220703125,-15,-0.91552734375,-2,-0.1220703125,-1380,-5271,-4258,-242,-1.329345703125,-187,-1.0272216796875,-6625,-36.3922119140625,407,4.07
11752,424701,2355278,4.86,2,6,0.0029296875,-21,-0.01025390625,2075,1.01318359375,-2,-0.1220703125,-4,-0.244140625,10,0.6103515625,-2870,4909,13335,-231,-1.2689208984375,-20,-0.10986328125,25257,138.7408447265625,408,4.08
11764,425140,2355289,4.8655,0,0,0.0,-18,-0.0087890625,2099,1.02490234375,-7,-0.42724609375,-14,-0.8544921875,7,0.42724609375,-8271,-3953,214,-191,-1.0491943359375,6,0.032958984375,-20955,-115.1092529296875,406,4.06
11766,425209,2355290,4.866,1,-5,-0.00244140625,-19,-0.00927734375,2055,1.00341796875,-1,-0.06103515625,-16,-0.9765625,0,0.0,-1391,-5250,-4233,-242,-1.329345703125,-186,-1.021728515625,-6625,-36.3922119140625,407,4.07
11769,425315,2355292,4.867,2,6,0.0029296875,-21,-0.01025390625,2075,1.01318359375,-2,-0.1220703125,-4,-0.244140625,9,0.54931640625,-2883,4928,13312,-231,-1.2689208984375,-20,-0.10986328125,25257,138.7408447265625,408,4.08
11780,425717,2355302,4.872,0,0,0.0,-19,-0.00927734375,2098,1.0244140625,-4,-0.244140625,-12,-0.732421875,6,0.3662109375,-8287,-3951,203,-191,-1.0491943359375,6,0.032958984375,-20955,-115.1092529296875,406,4.06
11783,425823,2355304,4.873,1,-8,-0.00390625,-18,-0.0087890625,2064,1.0078125,-1,-0.06103515625,-14,-0.8544921875,0,0.0,-1378,-5244,-4230,-242,-1.329345703125,-186,-1.021728515625,-6625,-36.3922119140625,407,4.07
11786,425929,2355306,4.874,2,5,0.00244140625,-21,-0.01025390625,2074,1.0126953125,-3,-0.18310546875,-4,-0.244140625,10,0.6103515625,-2905,4944,13289,-231,-1.2689208984375,-20,-0.10986328125,25257,138.7408447265625,408,4.08
11797,426331,2355316,4.879,0,0,0.0,-20,-0.009765625,2099,1.02490234375,-7,-0.42724609375,-17,-1.03759765625,5,0.30517578125,-8309,-3951,192,-191,-1.0491943359375,6,0.032958984375,-20955,-115.1092529296875,406,4.06
11800,426437,2355318,4.88,1,-9,-0.00439453125,-16,-0.0078125,2058,1.0048828125,-2,-0.1220703125,-13,-0.79345703125,-1,-0.06103515625,-1372,-5228,-4230,-242,-1.329345703125,-186,-1.021728515625,-6625,-36.3922119140625,407,4.07
11807,426691,2355324,4.883,2,5,0.00244140625,-21,-0.01025390625,2075,1.01318359375,-2,-0.1220703125,-4,-0.244140625,10,0.6103515625,-2899,4939,13286,-231,-1.2689208984375,-20,-0.10986328125,25257,138.7408447265625,408,4.08
11814,426945,2355330,4.886,0,-3,-0.00146484375,-20,-0.009765625,2100,1.025390625,-4,-0.244140625,-13,-0.79345703125,5,0.30517578125,-8313,-3950,181,-191,-1.0491943359375,6,0.032958984375,-20955,-115.1092529296875,406,4.06
11816,427014,2355332,4.887,1,-10,-0.0048828125,-18,-0.0087890625,2058,1.0048828125,-6,-0.3662109375,-14,-0.8544921875,-1,-0.06103515625,-1389,-5218,-4214,-241,-1.3238525390625,-185,-1.0162353515625,-6625,-36.3922119140625,407,4.07
11822,427231,2355336,4.889,2,5,0.00244140625,-21,-0.01025390625,2075,1.01318359375,-2,-0.1220703125,-4,-0.244140625,9,0.54931640625,-2929,4953,13298,-231,-1.2689208984375,-20,-0.10986328125,25257,138.7408447265625,408,4.08
11830,427522,2355343,4.8925,0,-3,-0.00146484375,-20,-0.009765625,2100,1.025390625,-4,-0.244140625,-13,-0.79345703125,5,0.30517578125,-8313,-3950,181,-191,-1.0491943359375,6,0.032958984375,-20955,-115.1092529296875,406,4.06
11836,427739,2355348,4.895,1,-9,-0.00439453125,-15,-0.00732421875,2058,1.0048828125,1,0.06103515625,-14,-0.8544921875,-1,-0.06103515625,-1385,-5220,-4239,-241,-1.3238525390625,-185,-1.0162353515625,-6625,-36.3922119140625,407,4.07
11837,427771,2355348,4.895,2,4,0.001953125,-21,-0.01025390625,2075,1.01318359375,-3,-0.18310546875,-4,-0.244140625,9,0.54931640625,-2962,4931,13267,-231,-1.2689208984375,-20,-0.10986328125,25257,138.7408447265625,408,4.08
11850,428247,2355360,4.901,0,-1,-0.00048828125,-24,-0.01171875,2096,1.0234375,-5,-0.30517578125,-15,-0.91552734375,4,0.244140625,-8282,-3910,149,-191,-1.0491943359375,6,0.032958984375,-20955,-115.1092529296875,406,4.06
11851,428279,2355360,4.901,1,-13,-0.00634765625,-15,-0.00732421875,2053,1.00244140625,0,0.0,-15,-0.91552734375,-2,-0.1220703125,-1375,-5242,-4279,-240,-1.318359375,-184,-1.0107421875,-6625,-36.3922119140625,406,4.06
11854,428385,2355362,4.902,2,4,0.001953125,-21,-0.01025390625,2076,1.013671875,-2,-0.1220703125,-4,-0.244140625,10,0.6103515625,-2945,4928,13239,-231,-1.2689208984375,-20,-0.10986328125,25257,138.7408447265625,409,4.09
11865,428787,2355372,4.907,0,0,0.0,-23,-0.01123046875,2102,1.0263671875,-5,-0.30517578125,-15,-0.91552734375,4,0.244140625,-8294,-3917,160,-191,-1.0491943359375,6,0.032958984375,-20955,-115.1092529296875,406,4.06
11868,428893,2355374,4.908,1,-12,-0.005859375,-16,-0.0078125,2063,1.00732421875,-3,-0.18310546875,-15,-0.91552734375,-2,-0.1220703125,-1365,-5265,-4290,-240,-1.318359375,-184,-1.0107421875,-6625,-36.3922119140625,406,4.06
11871,428999,2355376,4.909,2,5,0.00244140625,-21,-0.01025390625,2075,1.01318359375,-3,-0.18310546875,-4,-0.244140625,10,0.6103515625,-2924,4911,13257,-231,-1.2689208984375,-20,-0.10986328125,25257,138.7408447265625,409,4.09
11881,429364,2355385,4.9135,0,2,0.0009765625,-17,-0.00830078125,2101,1.02587890625,-7,-0.42724609375,-15,-0.91552734375,5,0.30517578125,-8292,-3947,154,-191,-1.0491943359375,6,0.032958984375,-20956,-115.11474609375,405,4.05
11885,429507,2355388,4.915,1,-10,-0.0048828125,-19,-0.00927734375,2059,1.00537109375,-3,-0.18310546875,-12,-0.732421875,-1,-0.06103515625,-1384,-5267,-4301,-240,-1.318359375,-184,-1.0107421875,-6625,-36.3922119140625,406,4.06
11888,429613,2355390,4.916,2,5,0.00244140625,-21,-0.01025390625,2075,1.01318359375,-3,-0.18310546875,-4,-0.244140625,10,0.6103515625,-2924,4927,13260,-231,-1.2689208984375,-20,-0.10986328125,25257,138.7408447265625,409,4.09
11899,430015,2355400,4.921,0,0,0.0,-20,-0.009765625,2099,1.02490234375,-7,-0.42724609375,-14,-0.8544921875,3,0.18310546875,-8291,-3948,144,-191,-1.0491943359375,6,0.032958984375,-20956,-115.11474609375,405,4.05
11901,430084,2355401,4.9215,1,-8,-0.00390625,-19,-0.00927734375,2056,1.00390625,-1,-0.06103515625,-14,-0.8544921875,-1,-0.06103515625,-1404,-5245,-4270,-239,-1.3128662109375,-182,-0.999755859375,-6624,-36.38671875,406,4.06
