record_index,byte_offset,sample_seq,time_s,device_id,accel_x_raw,accel_x_g,accel_y_raw,accel_y_g,accel_z_raw,accel_z_g,gyro_x_raw,gyro_x_dps,gyro_y_raw,gyro_y_dps,gyro_z_raw,gyro_z_dps,mag_x_raw,mag_y_raw,mag_z_raw,angle_x_raw,angle_x_deg,angle_y_raw,angle_y_deg,angle_z_raw,angle_z_deg,battery_raw,battery_voltage
28,1068,195507,0.0135,2,0,0.0,-14,-0.0068359375,2074,1.0126953125,-3,-0.18310546875,-4,-0.244140625,10,0.6103515625,-24193,2027,31482,-197,-1.0821533203125,-3,-0.0164794921875,18903,103.8372802734375,403,4.03
54,2025,195532,0.026,0,-5,-0.00244140625,-20,-0.009765625,2099,1.02490234375,-9,-0.54931640625,-15,-0.91552734375,4,0.244140625,-8059,-2214,-594,-192,-1.0546875,23,0.1263427734375,-19255,-105.7708740234375,396,3.96
61,2279,195538,0.029,1,-4,-0.001953125,-24,-0.01171875,2056,1.00390625,0,0.0,-15,-0.91552734375,-1,-0.06103515625,-186,-5396,-4818,-98,-0.538330078125,33,0.1812744140625,-32226,-177.022705078125,401,4.01
62,2311,195538,0.029,2,3,0.00146484375,-14,-0.0068359375,2075,1.01318359375,-4,-0.244140625,-4,-0.244140625,10,0.6103515625,-24239,1995,31458,-197,-1.0821533203125,-3,-0.0164794921875,18903,103.8372802734375,403,4.03
74,2750,195549,0.0345,0,-4,-0.001953125,-21,-0.01025390625,2096,1.0234375,-10,-0.6103515625,-15,-0.91552734375,5,0.30517578125,-8077,-2263,-595,-192,-1.0546875,23,0.1263427734375,-19255,-105.7708740234375,396,3.96
75,2782,195549,0.0345,1,-7,-0.00341796875,-20,-0.009765625,2054,1.0029296875,0,0.0,-14,-0.8544921875,-1,-0.06103515625,-203,-5395,-4796,-98,-0.538330078125,33,0.1812744140625,-32226,-177.022705078125,401,4.01
76,2814,195549,0.0345,2,3,0.00146484375,-13,-0.00634765625,2075,1.01318359375,-4,-0.244140625,-4,-0.244140625,10,0.6103515625,-24250,1969,31454,-197,-1.0821533203125,-3,-0.0164794921875,18903,103.8372802734375,403,4.03
88,3253,195560,0.04,0,-4,-0.001953125,-19,-0.00927734375,2098,1.0244140625,-9,-0.54931640625,-15,-0.91552734375,7,0.42724609375,-8068,-2260,-593,-192,-1.0546875,23,0.1263427734375,-19255,-105.7708740234375,396,3.96
90,3322,195561,0.0405,1,-5,-0.00244140625,-19,-0.00927734375,2060,1.005859375,-1,-0.06103515625,-14,-0.8544921875,1,0.06103515625,-222,-5382,-4764,-98,-0.538330078125,34,0.186767578125,-32226,-177.022705078125,401,4.01
93,3428,195563,0.0415,2,3,0.00146484375,-14,-0.0068359375,2075,1.01318359375,-4,-0.244140625,-4,-0.244140625,9,0.54931640625,-24241,1965,31481,-197,-1.0821533203125,-3,-0.0164794921875,18903,103.8372802734375,403,4.03
104,3830,195573,0.0465,0,-5,-0.00244140625,-20,-0.009765625,2101,1.02587890625,-6,-0.3662109375,-13,-0.79345703125,7,0.42724609375,-8095,-2271,-622,-192,-1.0546875,23,0.1263427734375,-19255,-105.7708740234375,396,3.96
107,3936,195575,0.0475,1,-7,-0.00341796875,-17,-0.00830078125,2060,1.005859375,-3,-0.18310546875,-15,-0.91552734375,-3,-0.18310546875,-224,-5364,-4784,-98,-0.538330078125,34,0.186767578125,-32226,-177.022705078125,401,4.01
110,4042,195577,0.0485,2,2,0.0009765625,-14,-0.0068359375,2075,1.01318359375,-4,-0.244140625,-3,-0.18310546875,9,0.54931640625,-24223,1959,31460,-197,-1.0821533203125,-3,-0.0164794921875,18903,103.8372802734375,403,4.03
121,4444,195587,0.0535,0,-3,-0.00146484375,-20,-0.009765625,2098,1.0244140625,-8,-0.48828125,-15,-0.91552734375,6,0.3662109375,-8105,-2260,-609,-192,-1.0546875,23,0.1263427734375,-19255,-105.7708740234375,396,3.96
124,4550,195589,0.0545,1,-5,-0.00244140625,-16,-0.0078125,2061,1.00634765625,0,0.0,-13,-0.79345703125,0,0.0,-224,-5348,-4822,-98,-0.538330078125,34,0.186767578125,-32226,-177.022705078125,400,4.0
131,4804,195595,0.0575,2,2,0.0009765625,-15,-0.00732421875,2077,1.01416015625,-4,-0.244140625,-4,-0.244140625,10,0.6103515625,-24222,2014,31444,-197,-1.0821533203125,-3,-0.0164794921875,18903,103.8372802734375,403,4.03
138,5058,195601,0.0605,0,-3,-0.00146484375,-20,-0.009765625,2098,1.0244140625,-8,-0.48828125,-15,-0.91552734375,6,0.3662109375,-8105,-2260,-609,-192,-1.0546875,23,0.1263427734375,-19255,-105.7708740234375,396,3.96
145,5312,195607,0.0635,1,-7,-0.00341796875,-20,-0.009765625,2057,1.00439453125,-3,-0.18310546875,-14,-0.8544921875,-4,-0.244140625,-200,-5348,-4809,-98,-0.538330078125,34,0.186767578125,-32226,-177.022705078125,400,4.0
146,5344,195607,0.0635,2,2,0.0009765625,-15,-0.00732421875,2076,1.013671875,-3,-0.18310546875,-4,-0.244140625,10,0.6103515625,-24198,2021,31439,-197,-1.0821533203125,-3,-0.0164794921875,18903,103.8372802734375,402,4.02
159,5820,195619,0.0695,0,-6,-0.0029296875,-21,-0.01025390625,2095,1.02294921875,-7,-0.42724609375,-17,-1.03759765625,5,0.30517578125,-8078,-2234,-641,-192,-1.0546875,23,0.1263427734375,-19255,-105.7708740234375,396,3.96
160,5852,195619,0.0695,1,-10,-0.0048828125,-25,-0.01220703125,2053,1.00244140625,0,0.0,-15,-0.91552734375,-3,-0.18310546875,-187,-5330,-4825,-98,-0.538330078125,34,0.186767578125,-32226,-177.022705078125,400,4.0
162,5921,195620,0.07,2,2,0.0009765625,-14,-0.0068359375,2076,1.013671875,-3,-0.18310546875,-4,-0.244140625,10,0.6103515625,-24177,2027,31435,-197,-1.0821533203125,-3,-0.0164794921875,18903,103.8372802734375,402,4.02
174,6360,195631,0.0755,0,-1,-0.00048828125,-17,-0.00830078125,2096,1.0234375,-8,-0.48828125,-15,-0.91552734375,5,0.30517578125,-8064,-2243,-612,-192,-1.0546875,23,0.1263427734375,-19255,-105.7708740234375,396,3.96
175,6392,195631,0.0755,1,-6,-0.0029296875,-17,-0.00830078125,2056,1.00390625,-2,-0.1220703125,-14,-0.8544921875,0,0.0,-220,-5356,-4802,-98,-0.538330078125,34,0.186767578125,-32227,-177.0281982421875,400,4.0
178,6498,195633,0.0765,2,1,0.00048828125,-14,-0.0068359375,2075,1.01318359375,-3,-0.18310546875,-4,-0.244140625,9,0.54931640625,-24140,2038,31428,-197,-1.0821533203125,-3,-0.0164794921875,18903,103.8372802734375,402,4.02
189,6900,195643,0.0815,0,-4,-0.001953125,-18,-0.0087890625,2098,1.0244140625,-7,-0.42724609375,-16,-0.9765625,5,0.30517578125,-8065,-2220,-605,-192,-1.0546875,23,0.1263427734375,-19255,-105.7708740234375,396,3.96
192,7006,195645,0.0825,1,-9,-0.00439453125,-20,-0.009765625,2056,1.00390625,-3,-0.18310546875,-16,-0.9765625,1,0.06103515625,-191,-5354,-4834,-98,-0.538330078125,34,0.186767578125,-32227,-177.0281982421875,400,4.0
195,7112,195647,0.0835,2,1,0.00048828125,-15,-0.00732421875,2075,1.01318359375,-3,-0.18310546875,-4,-0.244140625,10,0.6103515625,-24132,2040,31431,-197,-1.0821533203125,-3,-0.0164794921875,18903,103.8372802734375,402,4.02
206,7514,195657,0.0885,0,-5,-0.00244140625,-19,-0.00927734375,2097,1.02392578125,-11,-0.67138671875,-16,-0.9765625,6,0.3662109375,-8046,-2223,-635,-192,-1.0546875,23,0.1263427734375,-19255,-105.7708740234375,396,3.96
209,7620,195659,0.0895,1,-7,-0.00341796875,-18,-0.0087890625,2059,1.00537109375,-3,-0.18310546875,-14,-0.8544921875,-1,-0.06103515625,-169,-5356,-4827,-98,-0.538330078125,34,0.186767578125,-32227,-177.0281982421875,400,4.0
216,7874,195665,0.0925,2,1,0.00048828125,-14,-0.0068359375,2075,1.01318359375,-4,-0.244140625,-4,-0.244140625,10,0.6103515625,-24120,2042,31418,-197,-1.0821533203125,-3,-0.0164794921875,18903,103.8372802734375,401,4.01
223,8128,195671,0.0955,0,-5,-0.00244140625,-19,-0.00927734375,2097,1.02392578125,-11,-0.67138671875,-16,-0.9765625,6,0.3662109375,-8046,-2223,-635,-192,-1.0546875,23,0.1263427734375,-19255,-105.7708740234375,396,3.96
230,8382,195677,0.0985,1,-9,-0.00439453125,-18,-0.0087890625,2058,1.0048828125,2,0.1220703125,-16,-0.9765625,-1,-0.06103515625,-171,-5360,-4839,-98,-0.538330078125,34,0.186767578125,-32227,-177.0281982421875,399,3.99
231,8414,195677,0.0985,2,1,0.00048828125,-14,-0.0068359375,2074,1.0126953125,-4,-0.244140625,-4,-0.244140625,10,0.6103515625,-24111,2051,31425,-197,-1.0821533203125,-3,-0.0164794921875,18903,103.8372802734375,401,4.01
244,8890,195689,0.1045,0,-5,-0.00244140625,-22,-0.0107421875,2100,1.025390625,-6,-0.3662109375,-16,-0.9765625,7,0.42724609375,-8062,-2218,-576,-192,-1.0546875,23,0.1263427734375,-19255,-105.7708740234375,397,3.97
245,8922,195689,0.1045,1,-7,-0.00341796875,-20,-0.009765625,2064,1.0078125,-1,-0.06103515625,-15,-0.91552734375,1,0.06103515625,-174,-5346,-4813,-98,-0.538330078125,34,0.186767578125,-32227,-177.0281982421875,399,3.99
246,8954,195689,0.1045,2,1,0.00048828125,-15,-0.00732421875,2075,1.01318359375,-4,-0.244140625,-4,-0.244140625,10,0.6103515625,-24115,2043,31437,-197,-1.0821533203125,-3,-0.0164794921875,18903,103.8372802734375,401,4.01
259,9430,195701,0.1105,0,-3,-0.00146484375,-19,-0.00927734375,2095,1.02294921875,-9,-0.54931640625,-14,-0.8544921875,7,0.42724609375,-8058,-2228,-524,-192,-1.0546875,23,0.1263427734375,-19255,-105.7708740234375,397,3.97
260,9462,195701,0.1105,1,-4,-0.001953125,-20,-0.009765625,2059,1.00537109375,1,0.06103515625,-14,-0.8544921875,0,0.0,-153,-5345,-4776,-98,-0.538330078125,34,0.186767578125,-32227,-177.0281982421875,399,3.99
263,9568,195703,0.1115,2,2,0.0009765625,-15,-0.00732421875,2076,1.013671875,-3,-0.18310546875,-4,-0.244140625,10,0.6103515625,-24143,2040,31469,-197,-1.0821533203125,-3,-0.0164794921875,18903,103.8372802734375,401,4.01
274,9970,195713,0.1165,0,-5,-0.00244140625,-21,-0.01025390625,2096,1.0234375,-8,-0.48828125,-14,-0.8544921875,6,0.3662109375,-8088,-2245,-532,-192,-1.0546875,23,0.1263427734375,-19255,-105.7708740234375,397,3.97
277,10076,195715,0.1175,1,-8,-0.00390625,-19,-0.00927734375,2056,1.00390625,-2,-0.1220703125,-15,-0.91552734375,-1,-0.06103515625,-147,-5320,-4780,-98,-0.538330078125,34,0.186767578125,-32227,-177.0281982421875,399,3.99
280,10182,195717,0.1185,2,2,0.0009765625,-15,-0.00732421875,2076,1.013671875,-3,-0.18310546875,-4,-0.244140625,10,0.6103515625,-24151,2065,31454,-197,-1.0821533203125,-3,-0.0164794921875,18903,103.8372802734375,401,4.01
291,10584,195727,0.1235,0,-4,-0.001953125,-19,-0.00927734375,2097,1.02392578125,-10,-0.6103515625,-15,-0.91552734375,5,0.30517578125,-8110,-2226,-553,-192,-1.0546875,23,0.1263427734375,-19255,-105.7708740234375,397,3.97
294,10690,195729,0.1245,1,-5,-0.00244140625,-20,-0.009765625,2060,1.005859375,4,0.244140625,-14,-0.8544921875,-1,-0.06103515625,-142,-5328,-4760,-98,-0.538330078125,34,0.186767578125,-32227,-177.0281982421875,399,3.99
301,10944,195735,0.1275,2,2,0.0009765625,-15,-0.00732421875,2075,1.01318359375,-4,-0.244140625,-4,-0.244140625,10,0.6103515625,-24168,2039,31483,-197,-1.0821533203125,-3,-0.0164794921875,18903,103.8372802734375,401,4.01
308,11198,195741,0.1305,0,-4,-0.001953125,-19,-0.00927734375,2097,1.02392578125,-10,-0.6103515625,-15,-0.91552734375,5,0.30517578125,-8110,-2226,-553,-192,-1.0546875,23,0.1263427734375,-19255,-105.7708740234375,397,3.97
315,11452,195747,0.1335,1,-3,-0.00146484375,-19,-0.00927734375,2051,1.00146484375,-2,-0.1220703125,-13,-0.79345703125,1,0.06103515625,-117,-5311,-4716,-98,-0.538330078125,34,0.186767578125,-32227,-177.0281982421875,399,3.99
316,11484,195747,0.1335,2,3,0.00146484375,-16,-0.0078125,2075,1.01318359375,-4,-0.244140625,-4,-0.244140625,9,0.54931640625,-24161,2033,31474,-197,-1.0821533203125,-3,-0.0164794921875,18903,103.8372802734375,401,4.01
329,11960,195759,0.1395,0,-1,-0.00048828125,-16,-0.0078125,2098,1.0244140625,-10,-0.6103515625,-14,-0.8544921875,4,0.244140625,-8132,-2232,-596,-192,-1.0546875,23,0.1263427734375,-19255,-105.7708740234375,397,3.97
330,11992,195759,0.1395,1,-4,-0.001953125,-18,-0.0087890625,2061,1.00634765625,-2,-0.1220703125,-13,-0.79345703125,-2,-0.1220703125,-114,-5305,-4726,-98,-0.538330078125,34,0.186767578125,-32228,-177.03369140625,399,3.99
331,12024,195759,0.1395,2,3,0.00146484375,-15,-0.00732421875,2075,1.01318359375,-4,-0.244140625,-3,-0.18310546875,9,0.54931640625,-24141,2013,31493,-197,-1.0821533203125,-3,-0.0164794921875,18903,103.8372802734375,401,4.01
344,12500,195771,0.1455,0,-6,-0.0029296875,-22,-0.0107421875,2094,1.0224609375,-8,-0.48828125,-16,-0.9765625,4,0.244140625,-8140,-2225,-613,-192,-1.0546875,23,0.1263427734375,-19255,-105.7708740234375,397,3.97
345,12532,195771,0.1455,1,-5,-0.00244140625,-21,-0.01025390625,2056,1.00390625,0,0.0,-16,-0.9765625,-1,-0.06103515625,-126,-5358,-4716,-98,-0.538330078125,34,0.186767578125,-32228,-177.03369140625,399,3.99
348,12638,195773,0.1465,2,2,0.0009765625,-15,-0.00732421875,2075,1.01318359375,-3,-0.18310546875,-4,-0.244140625,10,0.6103515625,-24163,1988,31465,-197,-1.0821533203125,-3,-0.0164794921875,18903,103.8372802734375,401,4.01
359,13040,195783,0.1515,0,-2,-0.0009765625,-20,-0.009765625,2096,1.0234375,-9,-0.54931640625,-16,-0.9765625,5,0.30517578125,-8122,-2207,-641,-192,-1.0546875,23,0.1263427734375,-19254,-105.765380859375,397,3.97
362,13146,195785,0.1525,1,-6,-0.0029296875,-20,-0.009765625,2055,1.00341796875,-3,-0.18310546875,-14,-0.8544921875,-2,-0.1220703125,-160,-5359,-4692,-98,-0.538330078125,34,0.186767578125,-32228,-177.03369140625,399,3.99
365,13252,195787,0.1535,2,2,0.0009765625,-14,-0.0068359375,2076,1.013671875,-4,-0.244140625,-4,-0.244140625,10,0.6103515625,-24175,1990,31530,-197,-1.0821533203125,-3,-0.0164794921875,18903,103.8372802734375,401,4.01
376,13654,195797,0.1585,0,-4,-0.001953125,-18,-0.0087890625,2101,1.02587890625,-7,-0.42724609375,-15,-0.91552734375,4,0.244140625,-8120,-2211,-655,-192,-1.0546875,23,0.1263427734375,-19254,-105.765380859375,397,3.97
379,13760,195799,0.1595,1,-7,-0.00341796875,-20,-0.009765625,2053,1.00244140625,-1,-0.06103515625,-15,-0.91552734375,-1,-0.06103515625,-144,-5352,-4693,-98,-0.538330078125,34,0.186767578125,-32228,-177.03369140625,398,3.98
386,14014,195805,0.1625,2,2,0.0009765625,-15,-0.00732421875,2076,1.013671875,-3,-0.18310546875,-3,-0.18310546875,10,0.6103515625,-24178,1989,31460,-197,-1.0821533203125,-3,-0.0164794921875,18903,103.8372802734375,401,4.01
393,14268,195811,0.1655,0,-4,-0.001953125,-18,-0.0087890625,2099,1.02490234375,-8,-0.48828125,-16,-0.9765625,6,0.3662109375,-8094,-2209,-620,-192,-1.0546875,23,0.1263427734375,-19254,-105.765380859375,397,3.97
400,14522,195817,0.1685,1,-7,-0.00341796875,-22,-0.0107421875,2054,1.0029296875,1,0.06103515625,-14,-0.8544921875,0,0.0,-122,-5357,-4707,-98,-0.538330078125,34,0.186767578125,-32228,-177.03369140625,398,3.98
401,14554,195817,0.1685,2,2,0.0009765625,-15,-0.00732421875,2075,1.01318359375,-3,-0.18310546875,-4,-0.244140625,10,0.6103515625,-24200,1978,31468,-197,-1.0821533203125,-3,-0.0164794921875,18903,103.8372802734375,401,4.01
414,15030,195829,0.1745,0,-2,-0.0009765625,-21,-0.01025390625,2100,1.025390625,-9,-0.54931640625,-15,-0.91552734375,4,0.244140625,-8092,-2188,-622,-192,-1.0546875,23,0.1263427734375,-19254,-105.765380859375,397,3.97
415,15062,195829,0.1745,1,-5,-0.00244140625,-19,-0.00927734375,2056,1.00390625,-6,-0.3662109375,-16,-0.9765625,-3,-0.18310546875,-132,-5369,-4715,-98,-0.538330078125,34,0.186767578125,-32228,-177.03369140625,398,3.98
417,15131,195830,0.175,2,1,0.00048828125,-15,-0.00732421875,2075,1.01318359375,-3,-0.18310546875,-4,-0.244140625,10,0.6103515625,-24202,1978,31476,-197,-1.0821533203125,-3,-0.0164794921875,18903,103.8372802734375,401,4.01
429,15570,195841,0.1805,0,-2,-0.0009765625,-24,-0.01171875,2095,1.02294921875,-6,-0.3662109375,-14,-0.8544921875,6,0.3662109375,-8107,-2204,-602,-192,-1.0546875,23,0.1263427734375,-19254,-105.765380859375,397,3.97
430,15602,195841,0.1805,1,-7,-0.00341796875,-18,-0.0087890625,2055,1.00341796875,-3,-0.18310546875,-13,-0.79345703125,-1,-0.06103515625,-113,-5357,-4762,-98,-0.538330078125,34,0.186767578125,-32228,-177.03369140625,398,3.98
433,15708,195843,0.1815,2,1,0.00048828125,-14,-0.0068359375,2074,1.0126953125,-4,-0.244140625,-4,-0.244140625,10,0.6103515625,-24245,1974,31439,-197,-1.0821533203125,-3,-0.0164794921875,18903,103.8372802734375,401,4.01
444,16110,195853,0.1865,0,-2,-0.0009765625,-22,-0.0107421875,2100,1.025390625,-8,-0.48828125,-17,-1.03759765625,8,0.48828125,-8102,-2211,-645,-192,-1.0546875,23,0.1263427734375,-19254,-105.765380859375,397,3.97
447,16216,195855,0.1875,1,-8,-0.00390625,-20,-0.009765625,2064,1.0078125,-1,-0.06103515625,-14,-0.8544921875,0,0.0,-111,-5360,-4750,-98,-0.538330078125,34,0.186767578125,-32228,-177.03369140625,398,3.98
450,16322,195857,0.1885,2,1,0.00048828125,-14,-0.0068359375,2073,1.01220703125,-4,-0.244140625,-4,-0.244140625,10,0.6103515625,-24259,1973,31468,-197,-1.0821533203125,-3,-0.0164794921875,18903,103.8372802734375,401,4.01
461,16724,195867,0.1935,0,-5,-0.00244140625,-19,-0.00927734375,2099,1.02490234375,-9,-0.54931640625,-17,-1.03759765625,5,0.30517578125,-8099,-2215,-617,-192,-1.0546875,23,0.1263427734375,-19254,-105.765380859375,397,3.97
464,16830,195869,0.1945,1,-9,-0.00439453125,-24,-0.01171875,2055,1.00341796875,-2,-0.1220703125,-13,-0.79345703125,-1,-0.06103515625,-110,-5364,-4748,-98,-0.538330078125,34,0.186767578125,-32228,-177.03369140625,398,3.98
471,17084,195875,0.1975,2,1,0.00048828125,-13,-0.00634765625,2074,1.0126953125,-4,-0.244140625,-4,-0.244140625,10,0.6103515625,-24248,1978,31458,-197,-1.0821533203125,-3,-0.0164794921875,18903,103.8372802734375,401,4.01
478,17338,195881,0.2005,0,-6,-0.0029296875,-18,-0.0087890625,2098,1.0244140625,-7,-0.42724609375,-16,-0.9765625,5,0.30517578125,-8093,-2196,-581,-192,-1.0546875,23,0.1263427734375,-19254,-105.765380859375,397,3.97
485,17592,195887,0.2035,1,-9,-0.00439453125,-20,-0.009765625,2055,1.00341796875,0,0.0,-14,-0.8544921875,1,0.06103515625,-102,-5370,-4736,-98,-0.538330078125,34,0.186767578125,-32229,-177.0391845703125,398,3.98
486,17624,195887,0.2035,2,1,0.00048828125,-14,-0.0068359375,2075,1.01318359375,-4,-0.244140625,-4,-0.244140625,9,0.54931640625,-24260,1978,31476,-197,-1.0821533203125,-3,-0.0164794921875,18903,103.8372802734375,401,4.01
499,18100,195899,0.2095,0,-7,-0.00341796875,-22,-0.0107421875,2098,1.0244140625,-10,-0.6103515625,-14,-0.8544921875,6,0.3662109375,-8063,-2192,-539,-192,-1.0546875,23,0.1263427734375,-19254,-105.765380859375,397,3.97
500,18132,195899,0.2095,1,-10,-0.0048828125,-20,-0.009765625,2057,1.00439453125,-1,-0.06103515625,-14,-0.8544921875,-2,-0.1220703125,-107,-5381,-4750,-98,-0.538330078125,34,0.186767578125,-32229,-177.0391845703125,398,3.98
501,18164,195899,0.2095,2,1,0.00048828125,-14,-0.0068359375,2074,1.0126953125,-4,-0.244140625,-4,-0.244140625,9,0.54931640625,-24267,1976,31474,-197,-1.0821533203125,-3,-0.0164794921875,18903,103.8372802734375,401,4.01
514,18640,195911,0.2155,0,-5,-0.00244140625,-19,-0.00927734375,2097,1.02392578125,-9,-0.54931640625,-17,-1.03759765625,5,0.30517578125,-8068,-2168,-566,-192,-1.0546875,23,0.1263427734375,-19254,-105.765380859375,397,3.97
515,18672,195911,0.2155,1,-7,-0.00341796875,-22,-0.0107421875,2060,1.005859375,1,0.06103515625,-15,-0.91552734375,-1,-0.06103515625,-93,-5383,-4761,-98,-0.538330078125,34,0.186767578125,-32229,-177.0391845703125,398,3.98
518,18778,195913,0.2165,2,1,0.00048828125,-14,-0.0068359375,2075,1.01318359375,-3,-0.18310546875,-4,-0.244140625,10,0.6103515625,-24257,1974,31422,-197,-1.0821533203125,-3,-0.0164794921875,18903,103.8372802734375,401,4.01
529,19180,195923,0.2215,0,-5,-0.00244140625,-19,-0.00927734375,2097,1.02392578125,-9,-0.54931640625,-17,-1.03759765625,5,0.30517578125,-8068,-2168,-566,-192,-1.0546875,23,0.1263427734375,-19254,-105.765380859375,397,3.97
532,19286,195925,0.2225,1,-9,-0.00439453125,-19,-0.00927734375,2057,1.00439453125,-1,-0.06103515625,-13,-0.79345703125,0,0.0,-104,-5377,-4778,-98,-0.538330078125,34,0.186767578125,-32229,-177.0391845703125,398,3.98
535,19392,195927,0.2235,2,2,0.0009765625,-14,-0.0068359375,2075,1.01318359375,-3,-0.18310546875,-4,-0.244140625,10,0.6103515625,-24251,1959,31413,-197,-1.0821533203125,-3,-0.0164794921875,18903,103.8372802734375,401,4.01
546,19794,195937,0.2285,0,0,0.0,-20,-0.009765625,2100,1.025390625,-8,-0.48828125,-18,-1.0986328125,4,0.244140625,-8095,-2196,-576,-192,-1.0546875,23,0.1263427734375,-19254,-105.765380859375,396,3.96
549,19900,195939,0.2295,1,-8,-0.00390625,-20,-0.009765625,2058,1.0048828125,2,0.1220703125,-15,-0.91552734375,-2,-0.1220703125,-121,-5372,-4757,-98,-0.538330078125,34,0.186767578125,-32229,-177.0391845703125,398,3.98
556,20154,195945,0.2325,2,2,0.0009765625,-14,-0.0068359375,2074,1.0126953125,-3,-0.18310546875,-4,-0.244140625,10,0.6103515625,-24245,1960,31424,-197,-1.0821533203125,-3,-0.0164794921875,18903,103.8372802734375,401,4.01
563,20408,195951,0.2355,0,-4,-0.001953125,-18,-0.0087890625,2101,1.02587890625,-9,-0.54931640625,-16,-0.9765625,3,0.18310546875,-8105,-2215,-567,-192,-1.0546875,23,0.1263427734375,-19254,-105.765380859375,396,3.96
570,20662,195957,0.2385,1,-8,-0.00390625,-24,-0.01171875,2062,1.0068359375,0,0.0,-14,-0.8544921875,0,0.0,-96,-5371,-4759,-98,-0.538330078125,34,0.186767578125,-32230,-177.044677734375,398,3.98
571,20694,195957,0.2385,2,3,0.00146484375,-15,-0.00732421875,2074,1.0126953125,-4,-0.244140625,-4,-0.244140625,10,0.6103515625,-24223,1938,31414,-197,-1.0821533203125,-3,-0.0164794921875,18903,103.8372802734375,402,4.02
580,21022,195965,0.2425,0,-4,-0.001953125,-20,-0.009765625,2100,1.025390625,-10,-0.6103515625,-15,-0.91552734375,7,0.42724609375,-8121,-2247,-550,-192,-1.0546875,23,0.1263427734375,-19254,-105.765380859375,396,3.96
585,21202,195969,0.2445,1,-5,-0.00244140625,-21,-0.01025390625,2057,1.00439453125,-1,-0.06103515625,-13,-0.79345703125,-3,-0.18310546875,-114,-5383,-4755,-98,-0.538330078125,34,0.186767578125,-32230,-177.044677734375,398,3.98
586,21234,195969,0.2445,2,3,0.00146484375,-14,-0.0068359375,2075,1.01318359375,-4,-0.244140625,-4,-0.244140625,10,0.6103515625,-24210,1941,31421,-197,-1.0821533203125,-3,-0.0164794921875,18903,103.8372802734375,402,4.02
599,21710,195981,0.2505,0,-2,-0.0009765625,-16,-0.0078125,2101,1.02587890625,-9,-0.54931640625,-17,-1.03759765625,5,0.30517578125,-8110,-2225,-572,-192,-1.0546875,23,0.1263427734375,-19254,-105.765380859375,396,3.96
600,21742,195981,0.2505,1,-8,-0.00390625,-21,-0.01025390625,2060,1.005859375,0,0.0,-14,-0.8544921875,-1,-0.06103515625,-122,-5382,-4725,-98,-0.538330078125,34,0.186767578125,-32230,-177.044677734375,398,3.98
603,21848,195983,0.2515,2,2,0.0009765625,-14,-0.0068359375,2075,1.01318359375,-4,-0.244140625,-4,-0.244140625,10,0.6103515625,-24240,1931,31445,-197,-1.0821533203125,-3,-0.0164794921875,18903,103.8372802734375,402,4.02
614,22250,195993,0.2565,0,-2,-0.0009765625,-16,-0.0078125,2101,1.02587890625,-9,-0.54931640625,-17,-1.03759765625,5,0.30517578125,-8110,-2225,-572,-192,-1.0546875,23,0.1263427734375,-19254,-105.765380859375,396,3.96
617,22356,195995,0.2575,1,-10,-0.0048828125,-20,-0.009765625,2056,1.00390625,-1,-0.06103515625,-14,-0.8544921875,-2,-0.1220703125,-108,-5366,-4734,-98,-0.538330078125,34,0.186767578125,-32230,-177.044677734375,398,3.98
620,22462,195997,0.2585,2,2,0.0009765625,-14,-0.0068359375,2075,1.01318359375,-4,-0.244140625,-4,-0.244140625,10,0.6103515625,-24216,1949,31455,-197,-1.0821533203125,-3,-0.0164794921875,18903,103.8372802734375,402,4.02
631,22864,196007,0.2635,0,0,0.0,-21,-0.01025390625,2097,1.02392578125,-9,-0.54931640625,-15,-0.91552734375,4,0.244140625,-8124,-2228,-595,-192,-1.0546875,23,0.1263427734375,-19254,-105.765380859375,396,3.96
634,22970,196009,0.2645,1,-6,-0.0029296875,-20,-0.009765625,2057,1.00439453125,3,0.18310546875,-15,-0.91552734375,1,0.06103515625,-94,-5355,-4736,-98,-0.538330078125,34,0.186767578125,-32230,-177.044677734375,398,3.98
641,23224,196015,0.2675,2,2,0.0009765625,-14,-0.0068359375,2074,1.0126953125,-3,-0.18310546875,-4,-0.244140625,10,0.6103515625,-24221,1967,31414,-197,-1.0821533203125,-3,-0.0164794921875,18903,103.8372802734375,402,4.02
648,23478,196021,0.2705,0,-7,-0.00341796875,-22,-0.0107421875,2102,1.0263671875,-9,-0.54931640625,-18,-1.0986328125,7,0.42724609375,-8113,-2230,-608,-192,-1.0546875,23,0.1263427734375,-19254,-105.765380859375,396,3.96
655,23732,196027,0.2735,1,-9,-0.00439453125,-16,-0.0078125,2056,1.00390625,2,0.1220703125,-16,-0.9765625,0,0.0,-120,-5359,-4704,-98,-0.538330078125,34,0.186767578125,-32230,-177.044677734375,398,3.98
656,23764,196027,0.2735,2,2,0.0009765625,-15,-0.00732421875,2074,1.0126953125,-4,-0.244140625,-4,-0.244140625,10,0.6103515625,-24215,1973,31430,-197,-1.0821533203125,-3,-0.0164794921875,18903,103.8372802734375,402,4.02
665,24092,196035,0.2775,0,-5,-0.00244140625,-19,-0.00927734375,2094,1.0224609375,-5,-0.30517578125,-15,-0.91552734375,6,0.3662109375,-8129,-2218,-591,-192,-1.0546875,23,0.1263427734375,-19254,-105.765380859375,396,3.96
670,24272,196039,0.2795,1,-6,-0.0029296875,-18,-0.0087890625,2061,1.00634765625,2,0.1220703125,-14,-0.8544921875,0,0.0,-163,-5345,-4716,-98,-0.538330078125,34,0.186767578125,-32231,-177.0501708984375,398,3.98
672,24341,196040,0.28,2,2,0.0009765625,-15,-0.00732421875,2074,1.0126953125,-3,-0.18310546875,-4,-0.244140625,9,0.54931640625,-24205,1978,31415,-197,-1.0821533203125,-3,-0.0164794921875,18903,103.8372802734375,402,4.02
684,24780,196051,0.2855,0,-2,-0.0009765625,-20,-0.009765625,2103,1.02685546875,-8,-0.48828125,-16,-0.9765625,8,0.48828125,-8122,-2215,-565,-192,-1.0546875,23,0.1263427734375,-19254,-105.765380859375,396,3.96
685,24812,196051,0.2855,1,-8,-0.00390625,-19,-0.00927734375,2060,1.005859375,3,0.18310546875,-14,-0.8544921875,0,0.0,-154,-5318,-4726,-98,-0.538330078125,34,0.186767578125,-32231,-177.0501708984375,398,3.98
688,24918,196053,0.2865,2,2,0.0009765625,-15,-0.00732421875,2075,1.01318359375,-3,-0.18310546875,-4,-0.244140625,10,0.6103515625,-24195,1991,31437,-197,-1.0821533203125,-3,-0.0164794921875,18903,103.8372802734375,402,4.02
699,25320,196063,0.2915,0,-5,-0.00244140625,-24,-0.01171875,2095,1.02294921875,-8,-0.48828125,-15,-0.91552734375,5,0.30517578125,-8121,-2217,-573,-192,-1.0546875,23,0.1263427734375,-19254,-105.765380859375,397,3.97
702,25426,196065,0.2925,1,-6,-0.0029296875,-17,-0.00830078125,2056,1.00390625,1,0.06103515625,-13,-0.79345703125,-1,-0.06103515625,-125,-5322,-4712,-98,-0.538330078125,34,0.186767578125,-32231,-177.0501708984375,399,3.99
705,25532,196067,0.2935,2,2,0.0009765625,-15,-0.00732421875,2075,1.01318359375,-4,-0.244140625,-4,-0.244140625,10,0.6103515625,-24181,1993,31393,-197,-1.0821533203125,-3,-0.0164794921875,18903,103.8372802734375,402,4.02
716,25934,196077,0.2985,0,-3,-0.00146484375,-20,-0.009765625,2101,1.02587890625,-8,-0.48828125,-15,-0.91552734375,6,0.3662109375,-8104,-2240,-548,-192,-1.0546875,23,0.1263427734375,-19253,-105.7598876953125,397,3.97
719,26040,196079,0.2995,1,-4,-0.001953125,-22,-0.0107421875,2056,1.00390625,-2,-0.1220703125,-17,-1.03759765625,0,0.0,-126,-5327,-4704,-98,-0.538330078125,34,0.186767578125,-32231,-177.0501708984375,399,3.99
726,26294,196085,0.3025,2,1,0.00048828125,-15,-0.00732421875,2075,1.01318359375,-4,-0.244140625,-4,-0.244140625,10,0.6103515625,-24178,2020,31400,-197,-1.0821533203125,-3,-0.0164794921875,18903,103.8372802734375,402,4.02
733,26548,196091,0.3055,0,-5,-0.00244140625,-21,-0.01025390625,2098,1.0244140625,-7,-0.42724609375,-16,-0.9765625,7,0.42724609375,-8122,-2218,-520,-192,-1.0546875,23,0.1263427734375,-19253,-105.7598876953125,397,3.97
736,26654,196093,0.3065,1,-5,-0.00244140625,-17,-0.00830078125,2055,1.00341796875,-3,-0.18310546875,-13,-0.79345703125,-1,-0.06103515625,-116,-5342,-4716,-98,-0.538330078125,34,0.186767578125,-32231,-177.0501708984375,399,3.99
741,26834,196097,0.3085,2,1,0.00048828125,-15,-0.00732421875,2074,1.0126953125,-4,-0.244140625,-4,-0.244140625,10,0.6103515625,-24186,2019,31370,-197,-1.0821533203125,-3,-0.0164794921875,18903,103.8372802734375,402,4.02
750,27162,196105,0.3125,0,-6,-0.0029296875,-20,-0.009765625,2094,1.0224609375,-9,-0.54931640625,-15,-0.91552734375,6,0.3662109375,-8122,-2226,-573,-192,-1.0546875,23,0.1263427734375,-19253,-105.7598876953125,397,3.97
755,27342,196109,0.3145,1,-5,-0.00244140625,-17,-0.00830078125,2056,1.00390625,-2,-0.1220703125,-15,-0.91552734375,-3,-0.18310546875,-129,-5327,-4804,-98,-0.538330078125,34,0.186767578125,-32231,-177.0501708984375,399,3.99
757,27411,196110,0.315,2,1,0.00048828125,-14,-0.0068359375,2074,1.0126953125,-4,-0.244140625,-3,-0.18310546875,9,0.54931640625,-24198,2004,31354,-197,-1.0821533203125,-3,-0.0164794921875,18903,103.8372802734375,402,4.02
769,27850,196121,0.3205,0,-3,-0.00146484375,-21,-0.01025390625,2093,1.02197265625,-9,-0.54931640625,-15,-0.91552734375,5,0.30517578125,-8120,-2239,-578,-192,-1.0546875,23,0.1263427734375,-19253,-105.7598876953125,397,3.97
770,27882,196121,0.3205,1,-4,-0.001953125,-21,-0.01025390625,2054,1.0029296875,-1,-0.06103515625,-15,-0.91552734375,0,0.0,-139,-5337,-4796,-98,-0.538330078125,34,0.186767578125,-32231,-177.0501708984375,399,3.99
773,27988,196123,0.3215,2,1,0.00048828125,-15,-0.00732421875,2074,1.0126953125,-4,-0.244140625,-4,-0.244140625,9,0.54931640625,-24208,2018,31359,-197,-1.0821533203125,-3,-0.0164794921875,18903,103.8372802734375,402,4.02
784,28390,196133,0.3265,0,-6,-0.0029296875,-23,-0.01123046875,2102,1.0263671875,-10,-0.6103515625,-16,-0.9765625,6,0.3662109375,-8134,-2219,-565,-192,-1.0546875,23,0.1263427734375,-19253,-105.7598876953125,397,3.97
787,28496,196135,0.3275,1,-9,-0.00439453125,-21,-0.01025390625,2058,1.0048828125,-2,-0.1220703125,-14,-0.8544921875,0,0.0,-114,-5304,-4818,-98,-0.538330078125,34,0.186767578125,-32231,-177.0501708984375,399,3.99
790,28602,196137,0.3285,2,1,0.00048828125,-14,-0.0068359375,2074,1.0126953125,-4,-0.244140625,-4,-0.244140625,10,0.6103515625,-24246,2016,31434,-197,-1.0821533203125,-3,-0.0164794921875,18903,103.8372802734375,402,4.02
801,29004,196147,0.3335,0,-5,-0.00244140625,-20,-0.009765625,2099,1.02490234375,-9,-0.54931640625,-18,-1.0986328125,6,0.3662109375,-8151,-2213,-593,-192,-1.0546875,23,0.1263427734375,-19253,-105.7598876953125,397,3.97
804,29110,196149,0.3345,1,-9,-0.00439453125,-16,-0.0078125,2057,1.00439453125,0,0.0,-15,-0.91552734375,0,0.0,-112,-5321,-4818,-98,-0.538330078125,34,0.186767578125,-32231,-177.0501708984375,399,3.99
811,29364,196155,0.3375,2,1,0.00048828125,-14,-0.0068359375,2075,1.01318359375,-4,-0.244140625,-4,-0.244140625,9,0.54931640625,-24247,2015,31418,-197,-1.0821533203125,-3,-0.0164794921875,18903,103.8372802734375,402,4.02
818,29618,196161,0.3405,0,-2,-0.0009765625,-21,-0.01025390625,2101,1.02587890625,-8,-0.48828125,-16,-0.9765625,6,0.3662109375,-8144,-2221,-576,-192,-1.0546875,23,0.1263427734375,-19253,-105.7598876953125,397,3.97
821,29724,196163,0.3415,1,-4,-0.001953125,-17,-0.00830078125,2057,1.00439453125,0,0.0,-12,-0.732421875,0,0.0,-99,-5333,-4813,-98,-0.538330078125,35,0.1922607421875,-32232,-177.0556640625,399,3.99
826,29904,196167,0.3435,2,2,0.0009765625,-14,-0.0068359375,2074,1.0126953125,-4,-0.244140625,-3,-0.18310546875,10,0.6103515625,-24242,2044,31439,-197,-1.0821533203125,-3,-0.0164794921875,18903,103.8372802734375,402,4.02
835,30232,196175,0.3475,0,-2,-0.0009765625,-21,-0.01025390625,2101,1.02587890625,-8,-0.48828125,-16,-0.9765625,6,0.3662109375,-8144,-2221,-576,-192,-1.0546875,23,0.1263427734375,-19253,-105.7598876953125,397,3.97
840,30412,196179,0.3495,1,-6,-0.0029296875,-18,-0.0087890625,2058,1.0048828125,-1,-0.06103515625,-17,-1.03759765625,-1,-0.06103515625,-79,-5347,-4790,-98,-0.538330078125,35,0.1922607421875,-32232,-177.0556640625,399,3.99
842,30481,196180,0.35,2,2,0.0009765625,-14,-0.0068359375,2074,1.0126953125,-4,-0.244140625,-4,-0.244140625,10,0.6103515625,-24230,2045,31474,-197,-1.0821533203125,-3,-0.0164794921875,18903,103.8372802734375,402,4.02
854,30920,196191,0.3555,0,-1,-0.00048828125,-19,-0.00927734375,2095,1.02294921875,-7,-0.42724609375,-15,-0.91552734375,5,0.30517578125,-8090,-2196,-667,-192,-1.0546875,23,0.1263427734375,-19253,-105.7598876953125,397,3.97
855,30952,196191,0.3555,1,-4,-0.001953125,-17,-0.00830078125,2059,1.00537109375,-3,-0.18310546875,-13,-0.79345703125,-1,-0.06103515625,-72,-5355,-4776,-98,-0.538330078125,35,0.1922607421875,-32232,-177.0556640625,399,3.99
858,31058,196193,0.3565,2,2,0.0009765625,-14,-0.0068359375,2074,1.0126953125,-4,-0.244140625,-4,-0.244140625,9,0.54931640625,-24222,2038,31481,-197,-1.0821533203125,-3,-0.0164794921875,18903,103.8372802734375,402,4.02
869,31460,196203,0.3615,0,-6,-0.0029296875,-20,-0.009765625,2099,1.02490234375,-9,-0.54931640625,-16,-0.9765625,5,0.30517578125,-8101,-2195,-653,-192,-1.0546875,23,0.1263427734375,-19253,-105.7598876953125,397,3.97
872,31566,196205,0.3625,1,-8,-0.00390625,-21,-0.01025390625,2056,1.00390625,0,0.0,-15,-0.91552734375,-1,-0.06103515625,-70,-5332,-4750,-98,-0.538330078125,35,0.1922607421875,-32232,-177.0556640625,399,3.99
875,31672,196207,0.3635,2,1,0.00048828125,-14,-0.0068359375,2074,1.0126953125,-3,-0.18310546875,-4,-0.244140625,10,0.6103515625,-24229,2017,31531,-197,-1.0821533203125,-3,-0.0164794921875,18903,103.8372802734375,402,4.02
886,32074,196217,0.3685,0,-6,-0.0029296875,-19,-0.00927734375,2096,1.0234375,-8,-0.48828125,-15,-0.91552734375,6,0.3662109375,-8097,-2191,-651,-192,-1.0546875,23,0.1263427734375,-19253,-105.7598876953125,397,3.97
889,32180,196219,0.3695,1,-9,-0.00439453125,-21,-0.01025390625,2055,1.00341796875,-3,-0.18310546875,-16,-0.9765625,1,0.06103515625,-72,-5344,-4733,-98,-0.538330078125,35,0.1922607421875,-32232,-177.0556640625,399,3.99
892,32286,196221,0.3705,2,1,0.00048828125,-15,-0.00732421875,2075,1.01318359375,-4,-0.244140625,-4,-0.244140625,9,0.54931640625,-24221,2036,31494,-197,-1.0821533203125,-3,-0.0164794921875,18903,103.8372802734375,402,4.02
903,32688,196231,0.3755,0,-6,-0.0029296875,-17,-0.00830078125,2095,1.02294921875,-8,-0.48828125,-14,-0.8544921875,7,0.42724609375,-8106,-2188,-635,-192,-1.0546875,23,0.1263427734375,-19253,-105.7598876953125,397,3.97
906,32794,196233,0.3765,1,-5,-0.00244140625,-20,-0.009765625,2061,1.00634765625,-1,-0.06103515625,-13,-0.79345703125,-3,-0.18310546875,-56,-5337,-4719,-98,-0.538330078125,35,0.1922607421875,-32232,-177.0556640625,399,3.99
911,32974,196237,0.3785,2,2,0.0009765625,-15,-0.00732421875,2074,1.0126953125,-4,-0.244140625,-4,-0.244140625,9,0.54931640625,-24229,2065,31526,-197,-1.0821533203125,-3,-0.0164794921875,18903,103.8372802734375,402,4.02
920,33302,196245,0.3825,0,-6,-0.0029296875,-17,-0.00830078125,2095,1.02294921875,-8,-0.48828125,-14,-0.8544921875,7,0.42724609375,-8106,-2188,-635,-192,-1.0546875,23,0.1263427734375,-19253,-105.7598876953125,397,3.97
925,33482,196249,0.3845,1,-4,-0.001953125,-19,-0.00927734375,2061,1.00634765625,-2,-0.1220703125,-13,-0.79345703125,0,0.0,-75,-5349,-4730,-98,-0.538330078125,35,0.1922607421875,-32233,-177.0611572265625,399,3.99
926,33514,196249,0.3845,2,2,0.0009765625,-15,-0.00732421875,2074,1.0126953125,-3,-0.18310546875,-4,-0.244140625,10,0.6103515625,-24212,2060,31519,-197,-1.0821533203125,-3,-0.0164794921875,18903,103.8372802734375,402,4.02
939,33990,196261,0.3905,0,-3,-0.00146484375,-20,-0.009765625,2091,1.02099609375,-7,-0.42724609375,-16,-0.9765625,7,0.42724609375,-8086,-2197,-653,-192,-1.0546875,23,0.1263427734375,-19253,-105.7598876953125,397,3.97
940,34022,196261,0.3905,1,-6,-0.0029296875,-19,-0.00927734375,2058,1.0048828125,-3,-0.18310546875,-14,-0.8544921875,-2,-0.1220703125,-114,-5350,-4717,-98,-0.538330078125,35,0.1922607421875,-32233,-177.0611572265625,399,3.99
943,34128,196263,0.3915,2,2,0.0009765625,-15,-0.00732421875,2075,1.01318359375,-3,-0.18310546875,-3,-0.18310546875,10,0.6103515625,-24197,2055,31513,-197,-1.0821533203125,-3,-0.0164794921875,18903,103.8372802734375,402,4.02
954,34530,196273,0.3965,0,-6,-0.0029296875,-17,-0.00830078125,2097,1.02392578125,-9,-0.54931640625,-16,-0.9765625,5,0.30517578125,-8083,-2205,-657,-192,-1.0546875,23,0.1263427734375,-19253,-105.7598876953125,397,3.97
957,34636,196275,0.3975,1,-10,-0.0048828125,-22,-0.0107421875,2059,1.00537109375,-2,-0.1220703125,-14,-0.8544921875,-3,-0.18310546875,-122,-5358,-4788,-98,-0.538330078125,35,0.1922607421875,-32233,-177.0611572265625,399,3.99
960,34742,196277,0.3985,2,2,0.0009765625,-16,-0.0078125,2076,1.013671875,-3,-0.18310546875,-4,-0.244140625,10,0.6103515625,-24188,2043,31519,-197,-1.0821533203125,-3,-0.0164794921875,18903,103.8372802734375,403,4.03
971,35144,196287,0.4035,0,-5,-0.00244140625,-16,-0.0078125,2100,1.025390625,-9,-0.54931640625,-15,-0.91552734375,5,0.30517578125,-8095,-2202,-663,-192,-1.0546875,23,0.1263427734375,-19253,-105.7598876953125,397,3.97
974,35250,196289,0.4045,1,-4,-0.001953125,-21,-0.01025390625,2056,1.00390625,-3,-0.18310546875,-16,-0.9765625,-1,-0.06103515625,-117,-5365,-4761,-98,-0.538330078125,35,0.1922607421875,-32233,-177.0611572265625,399,3.99
977,35356,196291,0.4055,2,2,0.0009765625,-16,-0.0078125,2076,1.013671875,-3,-0.18310546875,-4,-0.244140625,10,0.6103515625,-24157,2059,31531,-197,-1.0821533203125,-3,-0.0164794921875,18903,103.8372802734375,403,4.03
988,35758,196301,0.4105,0,-5,-0.00244140625,-19,-0.00927734375,2098,1.0244140625,-7,-0.42724609375,-15,-0.91552734375,7,0.42724609375,-8087,-2187,-665,-192,-1.0546875,23,0.1263427734375,-19253,-105.7598876953125,397,3.97
991,35864,196303,0.4115,1,-12,-0.005859375,-19,-0.00927734375,2055,1.00341796875,-1,-0.06103515625,-14,-0.8544921875,-1,-0.06103515625,-113,-5361,-4791,-98,-0.538330078125,35,0.1922607421875,-32233,-177.0611572265625,399,3.99
996,36044,196307,0.4135,2,2,0.0009765625,-15,-0.00732421875,2076,1.013671875,-4,-0.244140625,-4,-0.244140625,10,0.6103515625,-24161,2036,31547,-197,-1.0821533203125,-3,-0.0164794921875,18903,103.8372802734375,403,4.03
1005,36372,196315,0.4175,0,-5,-0.00244140625,-19,-0.00927734375,2098,1.0244140625,-7,-0.42724609375,-15,-0.91552734375,7,0.42724609375,-8087,-2187,-665,-192,-1.0546875,23,0.1263427734375,-19253,-105.7598876953125,397,3.97
1016,36774,196325,0.4225,1,-7,-0.00341796875,-20,-0.009765625,2060,1.005859375,-2,-0.1220703125,-15,-0.91552734375,0,0.0,-86,-5340,-4751,-98,-0.538330078125,35,0.1922607421875,-32234,-177.066650390625,399,3.99
1018,36843,196326,0.423,2,1,0.00048828125,-15,-0.00732421875,2074,1.0126953125,-4,-0.244140625,-4,-0.244140625,10,0.6103515625,-24159,2046,31532,-197,-1.0821533203125,-3,-0.0164794921875,18903,103.8372802734375,403,4.03
1028,37208,196335,0.4275,0,-5,-0.00244140625,-23,-0.01123046875,2097,1.02392578125,-8,-0.48828125,-18,-1.0986328125,6,0.3662109375,-8091,-2210,-640,-192,-1.0546875,23,0.1263427734375,-19253,-105.7598876953125,396,3.96
1029,37240,196335,0.4275,1,-8,-0.00390625,-21,-0.01025390625,2055,1.00341796875,2,0.1220703125,-14,-0.8544921875,1,0.06103515625,-74,-5331,-4734,-98,-0.538330078125,35,0.1922607421875,-32234,-177.066650390625,399,3.99
1031,37309,196336,0.428,2,1,0.00048828125,-14,-0.0068359375,2074,1.0126953125,-4,-0.244140625,-4,-0.244140625,10,0.6103515625,-24151,2047,31518,-197,-1.0821533203125,-3,-0.0164794921875,18903,103.8372802734375,403,4.03
1039,37600,196343,0.4315,0,-1,-0.00048828125,-19,-0.00927734375,2098,1.0244140625,-9,-0.54931640625,-17,-1.03759765625,4,0.244140625,-8086,-2215,-654,-192,-1.0546875,23,0.1263427734375,-19253,-105.7598876953125,396,3.96
1042,37706,196345,0.4325,1,-8,-0.00390625,-22,-0.0107421875,2052,1.001953125,0,0.0,-14,-0.8544921875,0,0.0,-166,-5370,-4755,-98,-0.538330078125,35,0.1922607421875,-32234,-177.066650390625,399,3.99
1045,37812,196347,0.4335,2,1,0.00048828125,-14,-0.0068359375,2074,1.0126953125,-4,-0.244140625,-4,-0.244140625,10,0.6103515625,-24166,2020,31560,-197,-1.0821533203125,-3,-0.0164794921875,18903,103.8372802734375,403,4.03
1056,38214,196357,0.4385,0,-4,-0.001953125,-23,-0.01123046875,2098,1.0244140625,-9,-0.54931640625,-15,-0.91552734375,5,0.30517578125,-8064,-2225,-647,-192,-1.0546875,23,0.1263427734375,-19252,-105.75439453125,396,3.96
1059,38320,196359,0.4395,1,-7,-0.00341796875,-20,-0.009765625,2055,1.00341796875,3,0.18310546875,-14,-0.8544921875,-3,-0.18310546875,-148,-5361,-4738,-98,-0.538330078125,35,0.1922607421875,-32234,-177.066650390625,399,3.99
1062,38426,196361,0.4405,2,1,0.00048828125,-15,-0.00732421875,2074,1.0126953125,-3,-0.18310546875,-4,-0.244140625,10,0.6103515625,-24147,2030,31562,-197,-1.0821533203125,-3,-0.0164794921875,18903,103.8372802734375,403,4.03
1073,38828,196371,0.4455,0,-3,-0.00146484375,-19,-0.00927734375,2097,1.02392578125,-9,-0.54931640625,-14,-0.8544921875,4,0.244140625,-8053,-2220,-619,-192,-1.0546875,23,0.1263427734375,-19252,-105.75439453125,396,3.96
1076,38934,196373,0.4465,1,-4,-0.001953125,-17,-0.00830078125,2056,1.00390625,0,0.0,-15,-0.91552734375,0,0.0,-156,-5352,-4697,-98,-0.538330078125,35,0.1922607421875,-32234,-177.066650390625,399,3.99
1081,39114,196377,0.4485,2,2,0.0009765625,-15,-0.00732421875,2074,1.0126953125,-3,-0.18310546875,-4,-0.244140625,10,0.6103515625,-24181,2014,31590,-197,-1.0821533203125,-3,-0.0164794921875,18903,103.8372802734375,403,4.03
1090,39442,196385,0.4525,0,-6,-0.0029296875,-23,-0.01123046875,2092,1.021484375,-10,-0.6103515625,-15,-0.91552734375,6,0.3662109375,-8065,-2214,-609,-192,-1.0546875,23,0.1263427734375,-19252,-105.75439453125,396,3.96
1095,39622,196389,0.4545,1,-6,-0.0029296875,-18,-0.0087890625,2051,1.00146484375,-3,-0.18310546875,-13,-0.79345703125,-4,-0.244140625,-194,-5322,-4704,-98,-0.538330078125,35,0.1922607421875,-32234,-177.066650390625,399,3.99
1097,39691,196390,0.455,2,1,0.00048828125,-14,-0.0068359375,2076,1.013671875,-4,-0.244140625,-3,-0.18310546875,10,0.6103515625,-24173,2004,31608,-197,-1.0821533203125,-3,-0.0164794921875,18903,103.8372802734375,403,4.03
1109,40130,196401,0.4605,0,-7,-0.00341796875,-21,-0.01025390625,2102,1.0263671875,-9,-0.54931640625,-16,-0.9765625,8,0.48828125,-8058,-2223,-605,-192,-1.0546875,23,0.1263427734375,-19252,-105.75439453125,396,3.96
1110,40162,196401,0.4605,1,-7,-0.00341796875,-20,-0.009765625,2058,1.0048828125,0,0.0,-15,-0.91552734375,-3,-0.18310546875,-180,-5322,-4700,-98,-0.538330078125,35,0.1922607421875,-32234,-177.066650390625,399,3.99
1113,40268,196403,0.4615,2,1,0.00048828125,-13,-0.00634765625,2075,1.01318359375,-3,-0.18310546875,-3,-0.18310546875,10,0.6103515625,-24164,1994,31602,-197,-1.0821533203125,-3,-0.0164794921875,18903,103.8372802734375,403,4.03
1124,40670,196413,0.4665,0,1,0.00048828125,-23,-0.01123046875,2094,1.0224609375,-9,-0.54931640625,-14,-0.8544921875,8,0.48828125,-8058,-2225,-587,-192,-1.0546875,23,0.1263427734375,-19252,-105.75439453125,396,3.96
1127,40776,196415,0.4675,1,-8,-0.00390625,-21,-0.01025390625,2061,1.00634765625,-2,-0.1220703125,-14,-0.8544921875,-1,-0.06103515625,-168,-5327,-4697,-98,-0.538330078125,35,0.1922607421875,-32234,-177.066650390625,399,3.99
1130,40882,196417,0.4685,2,2,0.0009765625,-14,-0.0068359375,2075,1.01318359375,-3,-0.18310546875,-4,-0.244140625,10,0.6103515625,-24158,1970,31579,-197,-1.0821533203125,-3,-0.0164794921875,18903,103.8372802734375,403,4.03
1141,41284,196427,0.4735,0,-4,-0.001953125,-18,-0.0087890625,2098,1.0244140625,-8,-0.48828125,-16,-0.9765625,5,0.30517578125,-8071,-2216,-593,-192,-1.0546875,23,0.1263427734375,-19252,-105.75439453125,396,3.96
1144,41390,196429,0.4745,1,-11,-0.00537109375,-19,-0.00927734375,2053,1.00244140625,0,0.0,-17,-1.03759765625,-1,-0.06103515625,-197,-5359,-4725,-98,-0.538330078125,35,0.1922607421875,-32234,-177.066650390625,399,3.99
1147,41496,196431,0.4755,2,2,0.0009765625,-14,-0.0068359375,2075,1.01318359375,-4,-0.244140625,-4,-0.244140625,10,0.6103515625,-24162,1992,31552,-197,-1.0821533203125,-3,-0.0164794921875,18903,103.8372802734375,403,4.03
1158,41898,196441,0.4805,0,-2,-0.0009765625,-20,-0.009765625,2095,1.02294921875,-8,-0.48828125,-15,-0.91552734375,6,0.3662109375,-8083,-2215,-661,-192,-1.0546875,23,0.1263427734375,-19252,-105.75439453125,396,3.96
1161,42004,196443,0.4815,1,-3,-0.00146484375,-16,-0.0078125,2056,1.00390625,0,0.0,-15,-0.91552734375,1,0.06103515625,-189,-5377,-4734,-98,-0.538330078125,35,0.1922607421875,-32235,-177.0721435546875,399,3.99
1166,42184,196447,0.4835,2,2,0.0009765625,-14,-0.0068359375,2075,1.01318359375,-4,-0.244140625,-4,-0.244140625,9,0.54931640625,-24156,2022,31555,-197,-1.0821533203125,-3,-0.0164794921875,18903,103.8372802734375,403,4.03
1175,42512,196455,0.4875,0,-5,-0.00244140625,-19,-0.00927734375,2102,1.0263671875,-12,-0.732421875,-17,-1.03759765625,5,0.30517578125,-8083,-2232,-670,-192,-1.0546875,23,0.1263427734375,-19252,-105.75439453125,396,3.96
1180,42692,196459,0.4895,1,-7,-0.00341796875,-21,-0.01025390625,2056,1.00390625,1,0.06103515625,-14,-0.8544921875,-1,-0.06103515625,-154,-5356,-4729,-98,-0.538330078125,35,0.1922607421875,-32235,-177.0721435546875,399,3.99
1182,42761,196460,0.49,2,2,0.0009765625,-14,-0.0068359375,2076,1.013671875,-4,-0.244140625,-4,-0.244140625,9,0.54931640625,-24183,2011,31579,-197,-1.0821533203125,-3,-0.0164794921875,18903,103.8372802734375,403,4.03
1194,43200,196471,0.4955,0,-6,-0.0029296875,-17,-0.00830078125,2098,1.0244140625,-9,-0.54931640625,-18,-1.0986328125,4,0.244140625,-8107,-2232,-661,-192,-1.0546875,23,0.1263427734375,-19252,-105.75439453125,397,3.97
1195,43232,196471,0.4955,1,-5,-0.00244140625,-17,-0.00830078125,2056,1.00390625,-1,-0.06103515625,-15,-0.91552734375,-2,-0.1220703125,-142,-5350,-4762,-98,-0.538330078125,35,0.1922607421875,-32235,-177.0721435546875,399,3.99
1198,43338,196473,0.4965,2,2,0.0009765625,-15,-0.00732421875,2075,1.01318359375,-4,-0.244140625,-4,-0.244140625,10,0.6103515625,-24164,2013,31569,-197,-1.0821533203125,-3,-0.0164794921875,18903,103.8372802734375,403,4.03
1209,43740,196483,0.5015,0,-7,-0.00341796875,-22,-0.0107421875,2099,1.02490234375,-8,-0.48828125,-15,-0.91552734375,5,0.30517578125,-8106,-2199,-673,-192,-1.0546875,23,0.1263427734375,-19252,-105.75439453125,397,3.97
1212,43846,196485,0.5025,1,-7,-0.00341796875,-21,-0.01025390625,2055,1.00341796875,0,0.0,-15,-0.91552734375,0,0.0,-143,-5340,-4762,-98,-0.538330078125,35,0.1922607421875,-32235,-177.0721435546875,399,3.99
1215,43952,196487,0.5035,2,2,0.0009765625,-15,-0.00732421875,2074,1.0126953125,-4,-0.244140625,-3,-0.18310546875,10,0.6103515625,-24188,2027,31566,-197,-1.0821533203125,-3,-0.0164794921875,18903,103.8372802734375,403,4.03
1226,44354,196497,0.5085,0,-7,-0.00341796875,-22,-0.0107421875,2099,1.02490234375,-8,-0.48828125,-15,-0.91552734375,5,0.30517578125,-8106,-2199,-673,-192,-1.0546875,23,0.1263427734375,-19252,-105.75439453125,397,3.97
1229,44460,196499,0.5095,1,-9,-0.00439453125,-19,-0.00927734375,2057,1.00439453125,-1,-0.06103515625,-16,-0.9765625,-1,-0.06103515625,-137,-5339,-4720,-98,-0.538330078125,35,0.1922607421875,-32235,-177.0721435546875,399,3.99
1232,44566,196501,0.5105,2,2,0.0009765625,-15,-0.00732421875,2075,1.01318359375,-4,-0.244140625,-4,-0.244140625,10,0.6103515625,-24193,2015,31555,-197,-1.0821533203125,-3,-0.0164794921875,18903,103.8372802734375,403,4.03
1243,44968,196511,0.5155,0,-3,-0.00146484375,-23,-0.01123046875,2091,1.02099609375,-10,-0.6103515625,-15,-0.91552734375,6,0.3662109375,-8095,-2228,-678,-192,-1.0546875,23,0.1263427734375,-19252,-105.75439453125,397,3.97
1246,45074,196513,0.5165,1,-9,-0.00439453125,-20,-0.009765625,2052,1.001953125,1,0.06103515625,-13,-0.79345703125,-2,-0.1220703125,-120,-5330,-4757,-98,-0.538330078125,35,0.1922607421875,-32235,-177.0721435546875,399,3.99
1251,45254,196517,0.5185,2,2,0.0009765625,-15,-0.00732421875,2075,1.01318359375,-4,-0.244140625,-4,-0.244140625,10,0.6103515625,-24203,2008,31551,-197,-1.0821533203125,-3,-0.0164794921875,18903,103.8372802734375,403,4.03
1260,45582,196525,0.5225,0,-5,-0.00244140625,-19,-0.00927734375,2095,1.02294921875,-9,-0.54931640625,-15,-0.91552734375,7,0.42724609375,-8097,-2221,-662,-192,-1.0546875,23,0.1263427734375,-19252,-105.75439453125,397,3.97
1265,45762,196529,0.5245,1,-9,-0.00439453125,-22,-0.0107421875,2061,1.00634765625,1,0.06103515625,-14,-0.8544921875,-2,-0.1220703125,-122,-5324,-4785,-98,-0.538330078125,35,0.1922607421875,-32235,-177.0721435546875,399,3.99
1266,45794,196529,0.5245,2,1,0.00048828125,-14,-0.0068359375,2073,1.01220703125,-3,-0.18310546875,-4,-0.244140625,10,0.6103515625,-24185,1978,31519,-197,-1.0821533203125,-3,-0.0164794921875,18903,103.8372802734375,403,4.03
1279,46270,196541,0.5305,0,-4,-0.001953125,-19,-0.00927734375,2095,1.02294921875,-9,-0.54931640625,-17,-1.03759765625,4,0.244140625,-8066,-2207,-660,-192,-1.0546875,23,0.1263427734375,-19252,-105.75439453125,397,3.97
1280,46302,196541,0.5305,1,-6,-0.0029296875,-17,-0.00830078125,2054,1.0029296875,1,0.06103515625,-16,-0.9765625,-1,-0.06103515625,-118,-5334,-4758,-98,-0.538330078125,35,0.1922607421875,-32235,-177.0721435546875,399,3.99
1283,46408,196543,0.5315,2,1,0.00048828125,-14,-0.0068359375,2074,1.0126953125,-3,-0.18310546875,-4,-0.244140625,10,0.6103515625,-24174,1987,31513,-197,-1.0821533203125,-3,-0.0164794921875,18903,103.8372802734375,403,4.03
1294,46810,196553,0.5365,0,-4,-0.001953125,-17,-0.00830078125,2096,1.0234375,-7,-0.42724609375,-17,-1.03759765625,4,0.244140625,-8072,-2232,-660,-192,-1.0546875,23,0.1263427734375,-19252,-105.75439453125,397,3.97
1297,46916,196555,0.5375,1,-9,-0.00439453125,-20,-0.009765625,2060,1.005859375,-4,-0.244140625,-14,-0.8544921875,-2,-0.1220703125,-124,-5348,-4752,-98,-0.538330078125,35,0.1922607421875,-32235,-177.0721435546875,399,3.99
1300,47022,196557,0.5385,2,1,0.00048828125,-14,-0.0068359375,2075,1.01318359375,-3,-0.18310546875,-4,-0.244140625,10,0.6103515625,-24199,1983,31485,-197,-1.0821533203125,-3,-0.0164794921875,18903,103.8372802734375,403,4.03
1311,47424,196567,0.5435,0,-4,-0.001953125,-17,-0.00830078125,2096,1.0234375,-7,-0.42724609375,-17,-1.03759765625,4,0.244140625,-8072,-2232,-660,-192,-1.0546875,23,0.1263427734375,-19252,-105.75439453125,397,3.97
1314,47530,196569,0.5445,1,-5,-0.00244140625,-20,-0.009765625,2055,1.00341796875,1,0.06103515625,-14,-0.8544921875,-1,-0.06103515625,-137,-5355,-4724,-98,-0.538330078125,35,0.1922607421875,-32236,-177.07763671875,399,3.99
1317,47636,196571,0.5455,2,1,0.00048828125,-14,-0.0068359375,2075,1.01318359375,-4,-0.244140625,-3,-0.18310546875,10,0.6103515625,-24207,1990,31485,-197,-1.0821533203125,-3,-0.0164794921875,18903,103.8372802734375,403,4.03
1328,48038,196581,0.5505,0,-7,-0.00341796875,-21,-0.01025390625,2101,1.02587890625,-6,-0.3662109375,-16,-0.9765625,6,0.3662109375,-8093,-2193,-625,-192,-1.0546875,23,0.1263427734375,-19252,-105.75439453125,397,3.97
1331,48144,196583,0.5515,1,-13,-0.00634765625,-18,-0.0087890625,2058,1.0048828125,0,0.0,-16,-0.9765625,-2,-0.1220703125,-130,-5356,-4728,-98,-0.538330078125,35,0.1922607421875,-32236,-177.07763671875,399,3.99
1336,48324,196587,0.5535,2,1,0.00048828125,-14,-0.0068359375,2075,1.01318359375,-4,-0.244140625,-4,-0.244140625,10,0.6103515625,-24209,1969,31464,-197,-1.0821533203125,-3,-0.0164794921875,18903,103.8372802734375,403,4.03
1345,48652,196595,0.5575,0,-3,-0.00146484375,-19,-0.00927734375,2095,1.02294921875,-9,-0.54931640625,-16,-0.9765625,5,0.30517578125,-8096,-2181,-612,-192,-1.0546875,23,0.1263427734375,-19252,-105.75439453125,397,3.97
1350,48832,196599,0.5595,1,-7,-0.00341796875,-19,-0.00927734375,2060,1.005859375,-3,-0.18310546875,-17,-1.03759765625,0,0.0,-158,-5361,-4701,-98,-0.538330078125,35,0.1922607421875,-32236,-177.07763671875,399,3.99
1352,48901,196600,0.56,2,1,0.00048828125,-15,-0.00732421875,2075,1.01318359375,-4,-0.244140625,-4,-0.244140625,10,0.6103515625,-24192,1983,31467,-197,-1.0821533203125,-3,-0.0164794921875,18903,103.8372802734375,403,4.03
1364,49340,196611,0.5655,0,-6,-0.0029296875,-20,-0.009765625,2095,1.02294921875,-8,-0.48828125,-16,-0.9765625,5,0.30517578125,-8081,-2156,-618,-192,-1.0546875,23,0.1263427734375,-19252,-105.75439453125,397,3.97
1365,49372,196611,0.5655,1,-6,-0.0029296875,-19,-0.00927734375,2057,1.00439453125,-2,-0.1220703125,-12,-0.732421875,-2,-0.1220703125,-174,-5359,-4676,-98,-0.538330078125,35,0.1922607421875,-32236,-177.07763671875,399,3.99
1368,49478,196613,0.5665,2,1,0.00048828125,-15,-0.00732421875,2075,1.01318359375,-4,-0.244140625,-4,-0.244140625,10,0.6103515625,-24194,1988,31460,-197,-1.0821533203125,-3,-0.0164794921875,18903,103.8372802734375,403,4.03
1379,49880,196623,0.5715,0,-1,-0.00048828125,-17,-0.00830078125,2094,1.0224609375,-11,-0.67138671875,-17,-1.03759765625,4,0.244140625,-8092,-2175,-575,-192,-1.0546875,23,0.1263427734375,-19252,-105.75439453125,397,3.97
1382,49986,196625,0.5725,1,-7,-0.00341796875,-18,-0.0087890625,2055,1.00341796875,-1,-0.06103515625,-15,-0.91552734375,-1,-0.06103515625,-165,-5354,-4642,-98,-0.538330078125,35,0.1922607421875,-32236,-177.07763671875,399,3.99
1385,50092,196627,0.5735,2,2,0.0009765625,-15,-0.00732421875,2076,1.013671875,-4,-0.244140625,-4,-0.244140625,10,0.6103515625,-24188,1977,31486,-197,-1.0821533203125,-3,-0.0164794921875,18903,103.8372802734375,403,4.03
1396,50494,196637,0.5785,0,-4,-0.001953125,-24,-0.01171875,2101,1.02587890625,-7,-0.42724609375,-16,-0.9765625,3,0.18310546875,-8084,-2175,-560,-192,-1.0546875,23,0.1263427734375,-19251,-105.7489013671875,397,3.97
1399,50600,196639,0.5795,1,-8,-0.00390625,-17,-0.00830078125,2053,1.00244140625,-1,-0.06103515625,-16,-0.9765625,0,0.0,-182,-5346,-4630,-98,-0.538330078125,35,0.1922607421875,-32236,-177.07763671875,399,3.99
1402,50706,196641,0.5805,2,2,0.0009765625,-15,-0.00732421875,2076,1.013671875,-4,-0.244140625,-4,-0.244140625,10,0.6103515625,-24174,1996,31479,-197,-1.0821533203125,-3,-0.0164794921875,18903,103.8372802734375,402,4.02
1413,51108,196651,0.5855,0,-5,-0.00244140625,-19,-0.00927734375,2102,1.0263671875,-8,-0.48828125,-16,-0.9765625,5,0.30517578125,-8078,-2178,-597,-192,-1.0546875,23,0.1263427734375,-19251,-105.7489013671875,397,3.97
1416,51214,196653,0.5865,1,-7,-0.00341796875,-16,-0.0078125,2059,1.00537109375,2,0.1220703125,-15,-0.91552734375,-1,-0.06103515625,-167,-5359,-4644,-98,-0.538330078125,35,0.1922607421875,-32236,-177.07763671875,399,3.99
1421,51394,196657,0.5885,2,2,0.0009765625,-16,-0.0078125,2075,1.01318359375,-4,-0.244140625,-4,-0.244140625,10,0.6103515625,-24170,2019,31472,-197,-1.0821533203125,-3,-0.0164794921875,18903,103.8372802734375,402,4.02
1430,51722,196665,0.5925,0,-3,-0.00146484375,-20,-0.009765625,2097,1.02392578125,-8,-0.48828125,-17,-1.03759765625,5,0.30517578125,-8108,-2200,-580,-192,-1.0546875,23,0.1263427734375,-19251,-105.7489013671875,397,3.97
1435,51902,196669,0.5945,1,-3,-0.00146484375,-19,-0.00927734375,2058,1.0048828125,0,0.0,-13,-0.79345703125,-1,-0.06103515625,-174,-5372,-4637,-98,-0.538330078125,35,0.1922607421875,-32236,-177.07763671875,399,3.99
1437,51971,196670,0.595,2,3,0.00146484375,-15,-0.00732421875,2075,1.01318359375,-4,-0.244140625,-4,-0.244140625,9,0.54931640625,-24144,2012,31440,-197,-1.0821533203125,-3,-0.0164794921875,18903,103.8372802734375,402,4.02
1449,52410,196681,0.6005,0,-3,-0.00146484375,-20,-0.009765625,2097,1.02392578125,-8,-0.48828125,-17,-1.03759765625,5,0.30517578125,-8108,-2200,-580,-192,-1.0546875,23,0.1263427734375,-19251,-105.7489013671875,397,3.97
1450,52442,196681,0.6005,1,-3,-0.00146484375,-19,-0.00927734375,2058,1.0048828125,0,0.0,-13,-0.79345703125,-3,-0.18310546875,-193,-5362,-4652,-98,-0.538330078125,35,0.1922607421875,-32237,-177.0831298828125,399,3.99
1453,52548,196683,0.6015,2,3,0.00146484375,-14,-0.0068359375,2075,1.01318359375,-4,-0.244140625,-4,-0.244140625,10,0.6103515625,-24140,2016,31442,-197,-1.0821533203125,-3,-0.0164794921875,18903,103.8372802734375,402,4.02
1464,52950,196693,0.6065,0,-5,-0.00244140625,-18,-0.0087890625,2096,1.0234375,-9,-0.54931640625,-15,-0.91552734375,6,0.3662109375,-8108,-2169,-612,-192,-1.0546875,23,0.1263427734375,-19251,-105.7489013671875,397,3.97
1467,53056,196695,0.6075,1,-9,-0.00439453125,-18,-0.0087890625,2056,1.00390625,-2,-0.1220703125,-14,-0.8544921875,-2,-0.1220703125,-177,-5360,-4651,-98,-0.538330078125,35,0.1922607421875,-32237,-177.0831298828125,399,3.99
1470,53162,196697,0.6085,2,3,0.00146484375,-14,-0.0068359375,2075,1.01318359375,-4,-0.244140625,-3,-0.18310546875,9,0.54931640625,-24160,2055,31426,-197,-1.0821533203125,-3,-0.0164794921875,18903,103.8372802734375,402,4.02
1481,53564,196707,0.6135,0,-4,-0.001953125,-17,-0.00830078125,2097,1.02392578125,-10,-0.6103515625,-16,-0.9765625,5,0.30517578125,-8110,-2185,-647,-192,-1.0546875,23,0.1263427734375,-19251,-105.7489013671875,397,3.97
1484,53670,196709,0.6145,1,-8,-0.00390625,-23,-0.01123046875,2057,1.00439453125,-1,-0.06103515625,-15,-0.91552734375,1,0.06103515625,-181,-5351,-4674,-98,-0.538330078125,35,0.1922607421875,-32237,-177.0831298828125,399,3.99
1487,53776,196711,0.6155,2,2,0.0009765625,-14,-0.0068359375,2076,1.013671875,-3,-0.18310546875,-4,-0.244140625,10,0.6103515625,-24178,2064,31438,-197,-1.0821533203125,-3,-0.0164794921875,18903,103.8372802734375,402,4.02
1498,54178,196721,0.6205,0,-4,-0.001953125,-19,-0.00927734375,2100,1.025390625,-10,-0.6103515625,-15,-0.91552734375,5,0.30517578125,-8106,-2203,-601,-192,-1.0546875,23,0.1263427734375,-19251,-105.7489013671875,396,3.96
1501,54284,196723,0.6215,1,-8,-0.00390625,-19,-0.00927734375,2058,1.0048828125,-4,-0.244140625,-14,-0.8544921875,0,0.0,-210,-5338,-4678,-98,-0.538330078125,35,0.1922607421875,-32237,-177.0831298828125,399,3.99
1506,54464,196727,0.6235,2,1,0.00048828125,-14,-0.0068359375,2075,1.01318359375,-4,-0.244140625,-4,-0.244140625,9,0.54931640625,-24160,2054,31412,-197,-1.0821533203125,-3,-0.0164794921875,18903,103.8372802734375,402,4.02
1515,54792,196735,0.6275,0,-6,-0.0029296875,-20,-0.009765625,2102,1.0263671875,-9,-0.54931640625,-17,-1.03759765625,5,0.30517578125,-8097,-2204,-587,-192,-1.0546875,23,0.1263427734375,-19251,-105.7489013671875,396,3.96
1520,54972,196739,0.6295,1,-6,-0.0029296875,-21,-0.01025390625,2064,1.0078125,-3,-0.18310546875,-14,-0.8544921875,-2,-0.1220703125,-224,-5353,-4679,-98,-0.538330078125,35,0.1922607421875,-32237,-177.0831298828125,399,3.99
1521,55004,196739,0.6295,2,1,0.00048828125,-14,-0.0068359375,2075,1.01318359375,-4,-0.244140625,-4,-0.244140625,9,0.54931640625,-24203,2087,31412,-197,-1.0821533203125,-3,-0.0164794921875,18903,103.8372802734375,402,4.02
1534,55480,196751,0.6355,0,-6,-0.0029296875,-20,-0.009765625,2102,1.0263671875,-9,-0.54931640625,-17,-1.03759765625,5,0.30517578125,-8097,-2204,-587,-192,-1.0546875,23,0.1263427734375,-19251,-105.7489013671875,396,3.96
1535,55512,196751,0.6355,1,-7,-0.00341796875,-19,-0.00927734375,2060,1.005859375,0,0.0,-16,-0.9765625,-1,-0.06103515625,-218,-5357,-4719,-98,-0.538330078125,35,0.1922607421875,-32237,-177.0831298828125,399,3.99
1538,55618,196753,0.6365,2,1,0.00048828125,-15,-0.00732421875,2075,1.01318359375,-3,-0.18310546875,-4,-0.244140625,10,0.6103515625,-24208,2081,31423,-197,-1.0821533203125,-3,-0.0164794921875,18903,103.8372802734375,402,4.02
1549,56020,196763,0.6415,0,-5,-0.00244140625,-21,-0.01025390625,2095,1.02294921875,-9,-0.54931640625,-14,-0.8544921875,6,0.3662109375,-8104,-2210,-560,-192,-1.0546875,23,0.1263427734375,-19251,-105.7489013671875,396,3.96
1552,56126,196765,0.6425,1,-6,-0.0029296875,-24,-0.01171875,2058,1.0048828125,-1,-0.06103515625,-14,-0.8544921875,-3,-0.18310546875,-228,-5367,-4735,-98,-0.538330078125,35,0.1922607421875,-32237,-177.0831298828125,399,3.99
1555,56232,196767,0.6435,2,1,0.00048828125,-15,-0.00732421875,2074,1.0126953125,-4,-0.244140625,-4,-0.244140625,10,0.6103515625,-24210,2087,31402,-197,-1.0821533203125,-3,-0.0164794921875,18903,103.8372802734375,402,4.02
1566,56634,196777,0.6485,0,-6,-0.0029296875,-17,-0.00830078125,2100,1.025390625,-9,-0.54931640625,-14,-0.8544921875,8,0.48828125,-8077,-2220,-566,-192,-1.0546875,23,0.1263427734375,-19251,-105.7489013671875,396,3.96
1569,56740,196779,0.6495,1,-8,-0.00390625,-20,-0.009765625,2061,1.00634765625,0,0.0,-15,-0.91552734375,-1,-0.06103515625,-196,-5359,-4785,-98,-0.538330078125,35,0.1922607421875,-32237,-177.0831298828125,399,3.99
1572,56846,196781,0.6505,2,2,0.0009765625,-14,-0.0068359375,2074,1.0126953125,-4,-0.244140625,-4,-0.244140625,10,0.6103515625,-24170,2083,31426,-197,-1.0821533203125,-3,-0.0164794921875,18903,103.8372802734375,402,4.02
1583,57248,196791,0.6555,0,-4,-0.001953125,-22,-0.0107421875,2092,1.021484375,-9,-0.54931640625,-18,-1.0986328125,6,0.3662109375,-8077,-2222,-534,-192,-1.0546875,23,0.1263427734375,-19251,-105.7489013671875,396,3.96
1586,57354,196793,0.6565,1,-9,-0.00439453125,-20,-0.009765625,2052,1.001953125,1,0.06103515625,-16,-0.9765625,-1,-0.06103515625,-179,-5356,-4792,-98,-0.538330078125,35,0.1922607421875,-32237,-177.0831298828125,399,3.99
1591,57534,196797,0.6585,2,2,0.0009765625,-15,-0.00732421875,2075,1.01318359375,-4,-0.244140625,-4,-0.244140625,10,0.6103515625,-24178,2080,31462,-197,-1.0821533203125,-3,-0.0164794921875,18903,103.8372802734375,402,4.02
1600,57862,196805,0.6625,0,-5,-0.00244140625,-19,-0.00927734375,2099,1.02490234375,-8,-0.48828125,-15,-0.91552734375,3,0.18310546875,-8081,-2235,-550,-192,-1.0546875,23,0.1263427734375,-19251,-105.7489013671875,396,3.96
1605,58042,196809,0.6645,1,-8,-0.00390625,-20,-0.009765625,2055,1.00341796875,0,0.0,-13,-0.79345703125,0,0.0,-178,-5356,-4776,-98,-0.538330078125,35,0.1922607421875,-32237,-177.0831298828125,399,3.99
1606,58074,196809,0.6645,2,2,0.0009765625,-15,-0.00732421875,2074,1.0126953125,-3,-0.18310546875,-4,-0.244140625,10,0.6103515625,-24187,2077,31464,-197,-1.0821533203125,-3,-0.0164794921875,18903,103.8372802734375,402,4.02
1619,58550,196821,0.6705,0,-5,-0.00244140625,-19,-0.00927734375,2099,1.02490234375,-8,-0.48828125,-15,-0.91552734375,3,0.18310546875,-8081,-2235,-550,-192,-1.0546875,23,0.1263427734375,-19251,-105.7489013671875,396,3.96
1621,58619,196822,0.671,1,-9,-0.00439453125,-17,-0.00830078125,2055,1.00341796875,-1,-0.06103515625,-14,-0.8544921875,-1,-0.06103515625,-157,-5350,-4730,-98,-0.538330078125,35,0.1922607421875,-32237,-177.0831298828125,399,3.99
1623,58688,196823,0.6715,2,2,0.0009765625,-15,-0.00732421875,2074,1.0126953125,-4,-0.244140625,-4,-0.244140625,10,0.6103515625,-24194,2068,31484,-197,-1.0821533203125,-3,-0.0164794921875,18903,103.8372802734375,402,4.02
1634,59090,196833,0.6765,0,-3,-0.00146484375,-23,-0.01123046875,2099,1.02490234375,-7,-0.42724609375,-17,-1.03759765625,4,0.244140625,-8094,-2230,-554,-192,-1.0546875,23,0.1263427734375,-19251,-105.7489013671875,396,3.96
1637,59196,196835,0.6775,1,-8,-0.00390625,-21,-0.01025390625,2057,1.00439453125,1,0.06103515625,-14,-0.8544921875,-1,-0.06103515625,-149,-5355,-4733,-98,-0.538330078125,35,0.1922607421875,-32237,-177.0831298828125,399,3.99
1640,59302,196837,0.6785,2,1,0.00048828125,-15,-0.00732421875,2073,1.01220703125,-4,-0.244140625,-4,-0.244140625,10,0.6103515625,-24192,2055,31499,-197,-1.0821533203125,-3,-0.0164794921875,18903,103.8372802734375,402,4.02
1651,59704,196847,0.6835,0,-6,-0.0029296875,-20,-0.009765625,2093,1.02197265625,-8,-0.48828125,-16,-0.9765625,6,0.3662109375,-8099,-2228,-590,-192,-1.0546875,23,0.1263427734375,-19251,-105.7489013671875,396,3.96
1654,59810,196849,0.6845,1,-7,-0.00341796875,-21,-0.01025390625,2059,1.00537109375,-4,-0.244140625,-14,-0.8544921875,-1,-0.06103515625,-140,-5367,-4757,-98,-0.538330078125,35,0.1922607421875,-32237,-177.0831298828125,399,3.99
1657,59916,196851,0.6855,2,1,0.00048828125,-14,-0.0068359375,2074,1.0126953125,-4,-0.244140625,-4,-0.244140625,9,0.54931640625,-24165,2062,31537,-197,-1.0821533203125,-3,-0.0164794921875,18903,103.8372802734375,402,4.02
1668,60318,196861,0.6905,0,-3,-0.00146484375,-23,-0.01123046875,2097,1.02392578125,-7,-0.42724609375,-16,-0.9765625,6,0.3662109375,-8111,-2229,-624,-192,-1.0546875,23,0.1263427734375,-19251,-105.7489013671875,397,3.97
1671,60424,196863,0.6915,1,-4,-0.001953125,-22,-0.0107421875,2059,1.00537109375,2,0.1220703125,-14,-0.8544921875,-1,-0.06103515625,-158,-5358,-4780,-98,-0.538330078125,35,0.1922607421875,-32237,-177.0831298828125,399,3.99
1676,60604,196867,0.6935,2,2,0.0009765625,-14,-0.0068359375,2075,1.01318359375,-3,-0.18310546875,-4,-0.244140625,10,0.6103515625,-24162,2025,31585,-197,-1.0821533203125,-3,-0.0164794921875,18903,103.8372802734375,402,4.02
1685,60932,196875,0.6975,0,-3,-0.00146484375,-17,-0.00830078125,2097,1.02392578125,-11,-0.67138671875,-15,-0.91552734375,8,0.48828125,-8118,-2212,-578,-192,-1.0546875,23,0.1263427734375,-19251,-105.7489013671875,397,3.97
1690,61112,196879,0.6995,1,-8,-0.00390625,-16,-0.0078125,2058,1.0048828125,2,0.1220703125,-15,-0.91552734375,0,0.0,-157,-5362,-4751,-98,-0.538330078125,35,0.1922607421875,-32237,-177.0831298828125,399,3.99
1692,61181,196880,0.7,2,3,0.00146484375,-15,-0.00732421875,2075,1.01318359375,-3,-0.18310546875,-4,-0.244140625,10,0.6103515625,-24153,2034,31590,-197,-1.0821533203125,-3,-0.0164794921875,18903,103.8372802734375,402,4.02
1704,61620,196891,0.7055,0,-3,-0.00146484375,-17,-0.00830078125,2097,1.02392578125,-11,-0.67138671875,-15,-0.91552734375,8,0.48828125,-8118,-2212,-578,-192,-1.0546875,23,0.1263427734375,-19251,-105.7489013671875,397,3.97
1705,61652,196891,0.7055,1,-8,-0.00390625,-18,-0.0087890625,2059,1.00537109375,-2,-0.1220703125,-15,-0.91552734375,0,0.0,-173,-5391,-4758,-98,-0.538330078125,36,0.19775390625,-32238,-177.088623046875,399,3.99
1708,61758,196893,0.7065,2,3,0.00146484375,-14,-0.0068359375,2074,1.0126953125,-4,-0.244140625,-4,-0.244140625,10,0.6103515625,-24138,2049,31599,-197,-1.0821533203125,-3,-0.0164794921875,18903,103.8372802734375,402,4.02
1719,62160,196903,0.7115,0,-7,-0.00341796875,-22,-0.0107421875,2100,1.025390625,-6,-0.3662109375,-17,-1.03759765625,4,0.244140625,-8133,-2214,-613,-192,-1.0546875,23,0.1263427734375,-19251,-105.7489013671875,397,3.97
1722,62266,196905,0.7125,1,-6,-0.0029296875,-22,-0.0107421875,2056,1.00390625,3,0.18310546875,-13,-0.79345703125,-1,-0.06103515625,-194,-5369,-4757,-98,-0.538330078125,36,0.19775390625,-32238,-177.088623046875,399,3.99
1725,62372,196907,0.7135,2,3,0.00146484375,-14,-0.0068359375,2074,1.0126953125,-4,-0.244140625,-4,-0.244140625,9,0.54931640625,-24132,2056,31603,-197,-1.0821533203125,-3,-0.0164794921875,18903,103.8372802734375,402,4.02
1736,62774,196917,0.7185,0,-3,-0.00146484375,-21,-0.01025390625,2095,1.02294921875,-10,-0.6103515625,-18,-1.0986328125,5,0.30517578125,-8121,-2224,-579,-192,-1.0546875,23,0.1263427734375,-19251,-105.7489013671875,397,3.97
1739,62880,196919,0.7195,1,-8,-0.00390625,-21,-0.01025390625,2052,1.001953125,0,0.0,-15,-0.91552734375,-2,-0.1220703125,-183,-5393,-4785,-98,-0.538330078125,36,0.19775390625,-32238,-177.088623046875,399,3.99
1742,62986,196921,0.7205,2,2,0.0009765625,-15,-0.00732421875,2074,1.0126953125,-4,-0.244140625,-4,-0.244140625,10,0.6103515625,-24171,2055,31517,-197,-1.0821533203125,-3,-0.0164794921875,18903,103.8372802734375,402,4.02
1753,63388,196931,0.7255,0,-2,-0.0009765625,-22,-0.0107421875,2102,1.0263671875,-8,-0.48828125,-17,-1.03759765625,4,0.244140625,-8112,-2212,-623,-192,-1.0546875,23,0.1263427734375,-19251,-105.7489013671875,397,3.97
1756,63494,196933,0.7265,1,-8,-0.00390625,-22,-0.0107421875,2063,1.00732421875,-3,-0.18310546875,-14,-0.8544921875,-2,-0.1220703125,-175,-5391,-4758,-98,-0.538330078125,36,0.19775390625,-32238,-177.088623046875,399,3.99
1761,63674,196937,0.7285,2,2,0.0009765625,-15,-0.00732421875,2074,1.0126953125,-4,-0.244140625,-3,-0.18310546875,10,0.6103515625,-24210,2038,31499,-197,-1.0821533203125,-3,-0.0164794921875,18903,103.8372802734375,402,4.02
1770,64002,196945,0.7325,0,-5,-0.00244140625,-23,-0.01123046875,2095,1.02294921875,-9,-0.54931640625,-17,-1.03759765625,7,0.42724609375,-8111,-2209,-616,-192,-1.0546875,23,0.1263427734375,-19251,-105.7489013671875,397,3.97
1775,64182,196949,0.7345,1,-8,-0.00390625,-21,-0.01025390625,2054,1.0029296875,-2,-0.1220703125,-14,-0.8544921875,-2,-0.1220703125,-185,-5377,-4772,-98,-0.538330078125,36,0.19775390625,-32238,-177.088623046875,399,3.99
1776,64214,196949,0.7345,2,2,0.0009765625,-15,-0.00732421875,2075,1.01318359375,-4,-0.244140625,-3,-0.18310546875,10,0.6103515625,-24208,2031,31522,-197,-1.0821533203125,-3,-0.0164794921875,18903,103.8372802734375,402,4.02
1790,64727,196962,0.741,0,-2,-0.0009765625,-20,-0.009765625,2100,1.025390625,-9,-0.54931640625,-16,-0.9765625,5,0.30517578125,-8087,-2218,-656,-192,-1.0546875,23,0.1263427734375,-19250,-105.743408203125,397,3.97
1791,64759,196962,0.741,1,-7,-0.00341796875,-20,-0.009765625,2053,1.00244140625,-4,-0.244140625,-13,-0.79345703125,1,0.06103515625,-157,-5387,-4770,-98,-0.538330078125,36,0.19775390625,-32238,-177.088623046875,399,3.99
1793,64828,196963,0.7415,2,1,0.00048828125,-15,-0.00732421875,2075,1.01318359375,-3,-0.18310546875,-4,-0.244140625,10,0.6103515625,-24233,2016,31521,-197,-1.0821533203125,-3,-0.0164794921875,18903,103.8372802734375,402,4.02
1804,65230,196973,0.7465,0,-1,-0.00048828125,-16,-0.0078125,2101,1.02587890625,-11,-0.67138671875,-15,-0.91552734375,5,0.30517578125,-8098,-2230,-677,-192,-1.0546875,23,0.1263427734375,-19250,-105.743408203125,397,3.97
1807,65336,196975,0.7475,1,-9,-0.00439453125,-18,-0.0087890625,2054,1.0029296875,-1,-0.06103515625,-16,-0.9765625,-1,-0.06103515625,-143,-5375,-4781,-98,-0.538330078125,36,0.19775390625,-32238,-177.088623046875,399,3.99
1810,65442,196977,0.7485,2,1,0.00048828125,-14,-0.0068359375,2075,1.01318359375,-3,-0.18310546875,-4,-0.244140625,10,0.6103515625,-24216,2003,31529,-197,-1.0821533203125,-3,-0.0164794921875,18903,103.8372802734375,402,4.02
1821,65844,196987,0.7535,0,-2,-0.0009765625,-19,-0.00927734375,2103,1.02685546875,-9,-0.54931640625,-18,-1.0986328125,6,0.3662109375,-8069,-2229,-675,-192,-1.0546875,23,0.1263427734375,-19250,-105.743408203125,397,3.97
1824,65950,196989,0.7545,1,-8,-0.00390625,-22,-0.0107421875,2062,1.0068359375,1,0.06103515625,-14,-0.8544921875,-2,-0.1220703125,-121,-5397,-4789,-98,-0.538330078125,36,0.19775390625,-32238,-177.088623046875,399,3.99
1827,66056,196991,0.7555,2,1,0.00048828125,-14,-0.0068359375,2076,1.013671875,-4,-0.244140625,-4,-0.244140625,10,0.6103515625,-24188,2037,31506,-197,-1.0821533203125,-3,-0.0164794921875,18903,103.8372802734375,402,4.02
1838,66458,197001,0.7605,0,-2,-0.0009765625,-19,-0.00927734375,2103,1.02685546875,-9,-0.54931640625,-18,-1.0986328125,6,0.3662109375,-8069,-2229,-675,-192,-1.0546875,23,0.1263427734375,-19250,-105.743408203125,397,3.97
1841,66564,197003,0.7615,1,-9,-0.00439453125,-23,-0.01123046875,2056,1.00390625,1,0.06103515625,-15,-0.91552734375,-1,-0.06103515625,-123,-5383,-4819,-98,-0.538330078125,36,0.19775390625,-32239,-177.0941162109375,399,3.99
1846,66744,197007,0.7635,2,1,0.00048828125,-14,-0.0068359375,2076,1.013671875,-3,-0.18310546875,-4,-0.244140625,10,0.6103515625,-24169,2034,31483,-197,-1.0821533203125,-3,-0.0164794921875,18903,103.8372802734375,401,4.01
1855,67072,197015,0.7675,0,-3,-0.00146484375,-19,-0.00927734375,2097,1.02392578125,-8,-0.48828125,-16,-0.9765625,5,0.30517578125,-8079,-2217,-700,-192,-1.0546875,23,0.1263427734375,-19250,-105.743408203125,397,3.97
1860,67252,197019,0.7695,1,-7,-0.00341796875,-20,-0.009765625,2052,1.001953125,0,0.0,-15,-0.91552734375,-1,-0.06103515625,-153,-5362,-4829,-98,-0.538330078125,36,0.19775390625,-32239,-177.0941162109375,399,3.99
1862,67321,197020,0.77,2,1,0.00048828125,-14,-0.0068359375,2075,1.01318359375,-3,-0.18310546875,-4,-0.244140625,10,0.6103515625,-24166,2032,31492,-197,-1.0821533203125,-3,-0.0164794921875,18903,103.8372802734375,401,4.01
1875,67797,197032,0.776,0,-7,-0.00341796875,-23,-0.01123046875,2102,1.0263671875,-11,-0.67138671875,-14,-0.8544921875,6,0.3662109375,-8087,-2219,-711,-192,-1.0546875,23,0.1263427734375,-19250,-105.743408203125,397,3.97
1876,67829,197032,0.776,1,-4,-0.001953125,-22,-0.0107421875,2059,1.00537109375,0,0.0,-13,-0.79345703125,1,0.06103515625,-151,-5363,-4782,-98,-0.538330078125,36,0.19775390625,-32239,-177.0941162109375,399,3.99
1878,67898,197033,0.7765,2,2,0.0009765625,-14,-0.0068359375,2075,1.01318359375,-4,-0.244140625,-4,-0.244140625,10,0.6103515625,-24169,2063,31525,-197,-1.0821533203125,-3,-0.0164794921875,18903,103.8372802734375,401,4.01
1889,68300,197043,0.7815,0,-7,-0.00341796875,-20,-0.009765625,2092,1.021484375,-9,-0.54931640625,-15,-0.91552734375,5,0.30517578125,-8086,-2225,-700,-192,-1.0546875,23,0.1263427734375,-19250,-105.743408203125,397,3.97
1892,68406,197045,0.7825,1,-8,-0.00390625,-22,-0.0107421875,2054,1.0029296875,0,0.0,-15,-0.91552734375,-2,-0.1220703125,-163,-5361,-4749,-98,-0.538330078125,36,0.19775390625,-32239,-177.0941162109375,399,3.99
1895,68512,197047,0.7835,2,2,0.0009765625,-14,-0.0068359375,2075,1.01318359375,-4,-0.244140625,-4,-0.244140625,10,0.6103515625,-24199,2071,31480,-197,-1.0821533203125,-3,-0.0164794921875,18903,103.8372802734375,401,4.01
1906,68914,197057,0.7885,0,-3,-0.00146484375,-21,-0.01025390625,2098,1.0244140625,-11,-0.67138671875,-15,-0.91552734375,4,0.244140625,-8092,-2227,-669,-192,-1.0546875,23,0.1263427734375,-19250,-105.743408203125,397,3.97
1909,69020,197059,0.7895,1,-9,-0.00439453125,-15,-0.00732421875,2056,1.00390625,-1,-0.06103515625,-15,-0.91552734375,0,0.0,-175,-5378,-4744,-98,-0.538330078125,36,0.19775390625,-32239,-177.0941162109375,399,3.99
1912,69126,197061,0.7905,2,1,0.00048828125,-14,-0.0068359375,2074,1.0126953125,-3,-0.18310546875,-4,-0.244140625,9,0.54931640625,-24180,2089,31446,-197,-1.0821533203125,-3,-0.0164794921875,18903,103.8372802734375,401,4.01
1923,69528,197071,0.7955,0,-3,-0.00146484375,-21,-0.01025390625,2098,1.0244140625,-11,-0.67138671875,-15,-0.91552734375,4,0.244140625,-8092,-2227,-669,-192,-1.0546875,23,0.1263427734375,-19250,-105.743408203125,397,3.97
1926,69634,197073,0.7965,1,-3,-0.00146484375,-20,-0.009765625,2057,1.00439453125,0,0.0,-14,-0.8544921875,0,0.0,-164,-5376,-4695,-98,-0.538330078125,36,0.19775390625,-32239,-177.0941162109375,399,3.99
1931,69814,197077,0.7985,2,1,0.00048828125,-15,-0.00732421875,2074,1.0126953125,-3,-0.18310546875,-4,-0.244140625,10,0.6103515625,-24171,2081,31486,-197,-1.0821533203125,-3,-0.0164794921875,18903,103.8372802734375,401,4.01
1940,70142,197085,0.8025,0,-3,-0.00146484375,-23,-0.01123046875,2098,1.0244140625,-8,-0.48828125,-14,-0.8544921875,6,0.3662109375,-8099,-2254,-667,-192,-1.0546875,23,0.1263427734375,-19250,-105.743408203125,397,3.97
1946,70359,197090,0.805,1,-6,-0.0029296875,-21,-0.01025390625,2058,1.0048828125,4,0.244140625,-16,-0.9765625,0,0.0,-158,-5359,-4689,-98,-0.538330078125,36,0.19775390625,-32239,-177.0941162109375,399,3.99
1947,70391,197090,0.805,2,2,0.0009765625,-15,-0.00732421875,2075,1.01318359375,-3,-0.18310546875,-4,-0.244140625,10,0.6103515625,-24161,2093,31516,-197,-1.0821533203125,-3,-0.0164794921875,18903,103.8372802734375,401,4.01
1960,70867,197102,0.811,0,-4,-0.001953125,-18,-0.0087890625,2095,1.02294921875,-5,-0.30517578125,-13,-0.79345703125,4,0.244140625,-8101,-2246,-685,-192,-1.0546875,23,0.1263427734375,-19250,-105.743408203125,397,3.97
1961,70899,197102,0.811,1,-10,-0.0048828125,-18,-0.0087890625,2059,1.00537109375,0,0.0,-15,-0.91552734375,-3,-0.18310546875,-155,-5362,-4744,-98,-0.538330078125,36,0.19775390625,-32239,-177.0941162109375,399,3.99
1963,70968,197103,0.8115,2,2,0.0009765625,-14,-0.0068359375,2075,1.01318359375,-3,-0.18310546875,-4,-0.244140625,10,0.6103515625,-24169,2057,31555,-197,-1.0821533203125,-3,-0.0164794921875,18903,103.8372802734375,401,4.01
1974,71370,197113,0.8165,0,-4,-0.001953125,-21,-0.01025390625,2095,1.02294921875,-9,-0.54931640625,-15,-0.91552734375,4,0.244140625,-8100,-2245,-647,-192,-1.0546875,23,0.1263427734375,-19250,-105.743408203125,397,3.97
1977,71476,197115,0.8175,1,-8,-0.00390625,-19,-0.00927734375,2058,1.0048828125,0,0.0,-14,-0.8544921875,-1,-0.06103515625,-182,-5359,-4754,-98,-0.538330078125,36,0.19775390625,-32239,-177.0941162109375,399,3.99
1980,71582,197117,0.8185,2,3,0.00146484375,-14,-0.0068359375,2075,1.01318359375,-4,-0.244140625,-4,-0.244140625,10,0.6103515625,-24167,2060,31561,-197,-1.0821533203125,-3,-0.0164794921875,18903,103.8372802734375,401,4.01
1991,71984,197127,0.8235,0,-3,-0.00146484375,-18,-0.0087890625,2099,1.02490234375,-10,-0.6103515625,-16,-0.9765625,5,0.30517578125,-8103,-2250,-613,-192,-1.0546875,23,0.1263427734375,-19250,-105.743408203125,397,3.97
1994,72090,197129,0.8245,1,-9,-0.00439453125,-19,-0.00927734375,2056,1.00390625,-2,-0.1220703125,-14,-0.8544921875,-1,-0.06103515625,-184,-5369,-4751,-98,-0.538330078125,36,0.19775390625,-32239,-177.0941162109375,399,3.99
1997,72196,197131,0.8255,2,2,0.0009765625,-14,-0.0068359375,2075,1.01318359375,-4,-0.244140625,-4,-0.244140625,10,0.6103515625,-24160,2052,31483,-197,-1.0821533203125,-3,-0.0164794921875,18903,103.8372802734375,401,4.01
2009,72635,197142,0.831,0,-3,-0.00146484375,-18,-0.0087890625,2099,1.02490234375,-10,-0.6103515625,-16,-0.9765625,5,0.30517578125,-8103,-2250,-613,-192,-1.0546875,23,0.1263427734375,-19250,-105.743408203125,397,3.97
2011,72704,197143,0.8315,1,-7,-0.00341796875,-18,-0.0087890625,2055,1.00341796875,-1,-0.06103515625,-15,-0.91552734375,-1,-0.06103515625,-199,-5375,-4744,-98,-0.538330078125,36,0.19775390625,-32239,-177.0941162109375,399,3.99
2021,73069,197152,0.836,2,2,0.0009765625,-14,-0.0068359375,2075,1.01318359375,-4,-0.244140625,-4,-0.244140625,10,0.6103515625,-24166,2048,31522,-197,-1.0821533203125,-3,-0.0164794921875,18903,103.8372802734375,401,4.01
2025,73212,197155,0.8375,0,-4,-0.001953125,-21,-0.01025390625,2099,1.02490234375,-11,-0.67138671875,-16,-0.9765625,5,0.30517578125,-8099,-2258,-614,-192,-1.0546875,23,0.1263427734375,-19250,-105.743408203125,397,3.97
2031,73429,197160,0.84,1,-7,-0.00341796875,-20,-0.009765625,2058,1.0048828125,1,0.06103515625,-16,-0.9765625,-3,-0.18310546875,-165,-5385,-4750,-98,-0.538330078125,36,0.19775390625,-32239,-177.0941162109375,399,3.99
2032,73461,197160,0.84,2,2,0.0009765625,-14,-0.0068359375,2075,1.01318359375,-3,-0.18310546875,-4,-0.244140625,10,0.6103515625,-24168,2029,31518,-197,-1.0821533203125,-3,-0.0164794921875,18903,103.8372802734375,401,4.01
2045,73937,197172,0.846,0,-6,-0.0029296875,-24,-0.01171875,2097,1.02392578125,-7,-0.42724609375,-17,-1.03759765625,7,0.42724609375,-8086,-2257,-601,-192,-1.0546875,23,0.1263427734375,-19250,-105.743408203125,397,3.97
2046,73969,197172,0.846,1,-8,-0.00390625,-18,-0.0087890625,2061,1.00634765625,-2,-0.1220703125,-14,-0.8544921875,-2,-0.1220703125,-162,-5400,-4701,-98,-0.538330078125,36,0.19775390625,-32240,-177.099609375,399,3.99
2048,74038,197173,0.8465,2,2,0.0009765625,-15,-0.00732421875,2074,1.0126953125,-4,-0.244140625,-4,-0.244140625,10,0.6103515625,-24172,2027,31532,-197,-1.0821533203125,-3,-0.0164794921875,18903,103.8372802734375,400,4.0
2060,74477,197184,0.852,0,-2,-0.0009765625,-21,-0.01025390625,2097,1.02392578125,-11,-0.67138671875,-18,-1.0986328125,7,0.42724609375,-8116,-2260,-654,-192,-1.0546875,23,0.1263427734375,-19250,-105.743408203125,397,3.97
2062,74546,197185,0.8525,1,-9,-0.00439453125,-22,-0.0107421875,2058,1.0048828125,-2,-0.1220703125,-14,-0.8544921875,1,0.06103515625,-195,-5393,-4687,-98,-0.538330078125,36,0.19775390625,-32240,-177.099609375,399,3.99
2065,74652,197187,0.8535,2,1,0.00048828125,-15,-0.00732421875,2074,1.0126953125,-4,-0.244140625,-4,-0.244140625,9,0.54931640625,-24163,2033,31522,-197,-1.0821533203125,-3,-0.0164794921875,18903,103.8372802734375,400,4.0
2076,75054,197197,0.8585,0,-5,-0.00244140625,-23,-0.01123046875,2098,1.0244140625,-8,-0.48828125,-16,-0.9765625,6,0.3662109375,-8127,-2259,-679,-192,-1.0546875,23,0.1263427734375,-19250,-105.743408203125,397,3.97
2079,75160,197199,0.8595,1,-6,-0.0029296875,-21,-0.01025390625,2058,1.0048828125,-3,-0.18310546875,-15,-0.91552734375,-1,-0.06103515625,-219,-5399,-4669,-98,-0.538330078125,36,0.19775390625,-32240,-177.099609375,399,3.99
2082,75266,197201,0.8605,2,1,0.00048828125,-15,-0.00732421875,2075,1.01318359375,-4,-0.244140625,-4,-0.244140625,10,0.6103515625,-24152,2009,31545,-197,-1.0821533203125,-3,-0.0164794921875,18903,103.8372802734375,401,4.01
2093,75668,197211,0.8655,0,-6,-0.0029296875,-18,-0.0087890625,2098,1.0244140625,-7,-0.42724609375,-14,-0.8544921875,6,0.3662109375,-8136,-2258,-702,-192,-1.0546875,23,0.1263427734375,-19250,-105.743408203125,397,3.97
2096,75774,197213,0.8665,1,-8,-0.00390625,-20,-0.009765625,2055,1.00341796875,2,0.1220703125,-13,-0.79345703125,0,0.0,-260,-5411,-4638,-98,-0.538330078125,36,0.19775390625,-32240,-177.099609375,399,3.99
2102,75991,197218,0.869,2,1,0.00048828125,-14,-0.0068359375,2076,1.013671875,-4,-0.244140625,-3,-0.18310546875,10,0.6103515625,-24133,2036,31558,-197,-1.0821533203125,-3,-0.0164794921875,18903,103.8372802734375,401,4.01
2110,76282,197225,0.8725,0,-6,-0.0029296875,-21,-0.01025390625,2102,1.0263671875,-12,-0.732421875,-16,-0.9765625,7,0.42724609375,-8152,-2256,-742,-191,-1.0491943359375,23,0.1263427734375,-19250,-105.743408203125,397,3.97
2116,76499,197230,0.875,1,-10,-0.0048828125,-21,-0.01025390625,2059,1.00537109375,-1,-0.06103515625,-14,-0.8544921875,-1,-0.06103515625,-277,-5416,-4625,-98,-0.538330078125,36,0.19775390625,-32240,-177.099609375,399,3.99
2117,76531,197230,0.875,2,1,0.00048828125,-14,-0.0068359375,2076,1.013671875,-4,-0.244140625,-4,-0.244140625,10,0.6103515625,-24137,2036,31590,-197,-1.0821533203125,-3,-0.0164794921875,18903,103.8372802734375,401,4.01
2130,77007,197242,0.881,0,-7,-0.00341796875,-19,-0.00927734375,2099,1.02490234375,-10,-0.6103515625,-15,-0.91552734375,7,0.42724609375,-8162,-2254,-758,-192,-1.0546875,23,0.1263427734375,-19250,-105.743408203125,397,3.97
2131,77039,197242,0.881,1,-8,-0.00390625,-19,-0.00927734375,2061,1.00634765625,-3,-0.18310546875,-14,-0.8544921875,0,0.0,-303,-5386,-4619,-98,-0.538330078125,36,0.19775390625,-32240,-177.099609375,399,3.99
2133,77108,197243,0.8815,2,1,0.00048828125,-14,-0.0068359375,2076,1.013671875,-4,-0.244140625,-3,-0.18310546875,10,0.6103515625,-24124,2038,31596,-197,-1.0821533203125,-3,-0.0164794921875,18903,103.8372802734375,402,4.02
2144,77510,197253,0.8865,0,-6,-0.0029296875,-15,-0.00732421875,2106,1.0283203125,-8,-0.48828125,-15,-0.91552734375,5,0.30517578125,-8166,-2225,-701,-191,-1.0491943359375,23,0.1263427734375,-19250,-105.743408203125,397,3.97
2147,77616,197255,0.8875,1,-8,-0.00390625,-20,-0.009765625,2064,1.0078125,-1,-0.06103515625,-14,-0.8544921875,0,0.0,-279,-5397,-4599,-98,-0.538330078125,36,0.19775390625,-32240,-177.099609375,399,3.99
2150,77722,197257,0.8885,2,1,0.00048828125,-15,-0.00732421875,2074,1.0126953125,-3,-0.18310546875,-3,-0.18310546875,10,0.6103515625,-24133,2015,31614,-197,-1.0821533203125,-3,-0.0164794921875,18903,103.8372802734375,402,4.02
2161,78124,197267,0.8935,0,-4,-0.001953125,-20,-0.009765625,2097,1.02392578125,-8,-0.48828125,-16,-0.9765625,4,0.244140625,-8169,-2255,-720,-191,-1.0491943359375,23,0.1263427734375,-19250,-105.743408203125,397,3.97
2164,78230,197269,0.8945,1,-7,-0.00341796875,-19,-0.00927734375,2056,1.00390625,-3,-0.18310546875,-16,-0.9765625,-1,-0.06103515625,-264,-5404,-4603,-98,-0.538330078125,36,0.19775390625,-32240,-177.099609375,399,3.99
2167,78336,197271,0.8955,2,1,0.00048828125,-15,-0.00732421875,2075,1.01318359375,-4,-0.244140625,-3,-0.18310546875,10,0.6103515625,-24140,2015,31625,-197,-1.0821533203125,-3,-0.0164794921875,18903,103.8372802734375,402,4.02
2178,78738,197281,0.9005,0,-2,-0.0009765625,-21,-0.01025390625,2098,1.0244140625,-8,-0.48828125,-16,-0.9765625,6,0.3662109375,-8153,-2257,-696,-191,-1.0491943359375,23,0.1263427734375,-19250,-105.743408203125,397,3.97
2181,78844,197283,0.9015,1,-4,-0.001953125,-19,-0.00927734375,2057,1.00439453125,-4,-0.244140625,-14,-0.8544921875,0,0.0,-226,-5404,-4586,-98,-0.538330078125,36,0.19775390625,-32240,-177.099609375,399,3.99
2187,79061,197288,0.904,2,1,0.00048828125,-14,-0.0068359375,2076,1.013671875,-4,-0.244140625,-4,-0.244140625,9,0.54931640625,-24157,2049,31582,-197,-1.0821533203125,-3,-0.0164794921875,18903,103.8372802734375,402,4.02
2195,79352,197295,0.9075,0,-7,-0.00341796875,-18,-0.0087890625,2094,1.0224609375,-7,-0.42724609375,-15,-0.91552734375,3,0.18310546875,-8140,-2233,-729,-191,-1.0491943359375,23,0.1263427734375,-19250,-105.743408203125,397,3.97
2201,79569,197300,0.91,1,-8,-0.00390625,-18,-0.0087890625,2053,1.00244140625,-4,-0.244140625,-13,-0.79345703125,-1,-0.06103515625,-214,-5399,-4573,-98,-0.538330078125,36,0.19775390625,-32240,-177.099609375,399,3.99
2203,79638,197301,0.9105,2,2,0.0009765625,-15,-0.00732421875,2076,1.013671875,-4,-0.244140625,-3,-0.18310546875,9,0.54931640625,-24143,2038,31551,-197,-1.0821533203125,-3,-0.0164794921875,18903,103.8372802734375,402,4.02
2215,80077,197312,0.916,0,-2,-0.0009765625,-20,-0.009765625,2099,1.02490234375,-9,-0.54931640625,-15,-0.91552734375,6,0.3662109375,-8145,-2241,-698,-191,-1.0491943359375,23,0.1263427734375,-19250,-105.743408203125,397,3.97
2216,80109,197312,0.916,1,-4,-0.001953125,-21,-0.01025390625,2058,1.0048828125,-1,-0.06103515625,-16,-0.9765625,-2,-0.1220703125,-206,-5406,-4592,-98,-0.538330078125,36,0.19775390625,-32240,-177.099609375,399,3.99
2218,80178,197313,0.9165,2,2,0.0009765625,-14,-0.0068359375,2075,1.01318359375,-4,-0.244140625,-4,-0.244140625,9,0.54931640625,-24200,2025,31502,-197,-1.0821533203125,-3,-0.0164794921875,18903,103.8372802734375,402,4.02
2229,80580,197323,0.9215,0,-2,-0.0009765625,-20,-0.009765625,2099,1.02490234375,-9,-0.54931640625,-15,-0.91552734375,6,0.3662109375,-8145,-2241,-698,-191,-1.0491943359375,23,0.1263427734375,-19250,-105.743408203125,397,3.97
2232,80686,197325,0.9225,1,-11,-0.00537109375,-18,-0.0087890625,2058,1.0048828125,-3,-0.18310546875,-17,-1.03759765625,0,0.0,-184,-5413,-4598,-98,-0.538330078125,36,0.19775390625,-32240,-177.099609375,399,3.99
2235,80792,197327,0.9235,2,2,0.0009765625,-14,-0.0068359375,2075,1.01318359375,-4,-0.244140625,-4,-0.244140625,9,0.54931640625,-24203,2032,31480,-197,-1.0821533203125,-3,-0.0164794921875,18903,103.8372802734375,402,4.02
2246,81194,197337,0.9285,0,-2,-0.0009765625,-20,-0.009765625,2096,1.0234375,-9,-0.54931640625,-14,-0.8544921875,4,0.244140625,-8112,-2265,-649,-191,-1.0491943359375,23,0.1263427734375,-19250,-105.743408203125,397,3.97
2249,81300,197339,0.9295,1,-3,-0.00146484375,-20,-0.009765625,2058,1.0048828125,0,0.0,-15,-0.91552734375,-1,-0.06103515625,-189,-5403,-4590,-98,-0.538330078125,36,0.19775390625,-32240,-177.099609375,399,3.99
2252,81406,197341,0.9305,2,2,0.0009765625,-14,-0.0068359375,2075,1.01318359375,-4,-0.244140625,-4,-0.244140625,9,0.54931640625,-24209,2038,31459,-197,-1.0821533203125,-3,-0.0164794921875,18903,103.8372802734375,403,4.03
2263,81808,197351,0.9355,0,-4,-0.001953125,-18,-0.0087890625,2095,1.02294921875,-8,-0.48828125,-15,-0.91552734375,4,0.244140625,-8114,-2266,-636,-191,-1.0491943359375,23,0.1263427734375,-19250,-105.743408203125,397,3.97
2266,81914,197353,0.9365,1,-5,-0.00244140625,-18,-0.0087890625,2059,1.00537109375,-1,-0.06103515625,-15,-0.91552734375,0,0.0,-203,-5396,-4663,-98,-0.538330078125,36,0.19775390625,-32240,-177.099609375,399,3.99
2272,82131,197358,0.939,2,3,0.00146484375,-15,-0.00732421875,2075,1.01318359375,-4,-0.244140625,-4,-0.244140625,10,0.6103515625,-24246,2013,31430,-197,-1.0821533203125,-3,-0.0164794921875,18903,103.8372802734375,403,4.03
2280,82422,197365,0.9425,0,-5,-0.00244140625,-17,-0.00830078125,2096,1.0234375,-7,-0.42724609375,-16,-0.9765625,5,0.30517578125,-8112,-2241,-660,-191,-1.0491943359375,23,0.1263427734375,-19250,-105.743408203125,397,3.97
2286,82639,197370,0.945,1,-5,-0.00244140625,-16,-0.0078125,2057,1.00439453125,-1,-0.06103515625,-16,-0.9765625,0,0.0,-211,-5375,-4651,-98,-0.538330078125,36,0.19775390625,-32240,-177.099609375,399,3.99
2287,82671,197370,0.945,2,3,0.00146484375,-15,-0.00732421875,2075,1.01318359375,-4,-0.244140625,-4,-0.244140625,10,0.6103515625,-24248,2018,31460,-197,-1.0821533203125,-3,-0.0164794921875,18903,103.8372802734375,403,4.03
2300,83147,197382,0.951,0,-7,-0.00341796875,-18,-0.0087890625,2100,1.025390625,-7,-0.42724609375,-17,-1.03759765625,5,0.30517578125,-8116,-2228,-680,-191,-1.0491943359375,23,0.1263427734375,-19250,-105.743408203125,397,3.97
2301,83179,197382,0.951,1,-9,-0.00439453125,-19,-0.00927734375,2060,1.005859375,-2,-0.1220703125,-15,-0.91552734375,0,0.0,-209,-5389,-4662,-98,-0.538330078125,36,0.19775390625,-32240,-177.099609375,399,3.99
2303,83248,197383,0.9515,2,2,0.0009765625,-14,-0.0068359375,2075,1.01318359375,-3,-0.18310546875,-4,-0.244140625,10,0.6103515625,-24248,2000,31489,-197,-1.0821533203125,-3,-0.0164794921875,18903,103.8372802734375,403,4.03
2314,83650,197393,0.9565,0,-7,-0.00341796875,-18,-0.0087890625,2100,1.025390625,-7,-0.42724609375,-17,-1.03759765625,5,0.30517578125,-8116,-2228,-680,-191,-1.0491943359375,23,0.1263427734375,-19250,-105.743408203125,397,3.97
2317,83756,197395,0.9575,1,-6,-0.0029296875,-22,-0.0107421875,2050,1.0009765625,0,0.0,-12,-0.732421875,0,0.0,-209,-5414,-4682,-98,-0.538330078125,36,0.19775390625,-32240,-177.099609375,399,3.99
2320,83862,197397,0.9585,2,2,0.0009765625,-14,-0.0068359375,2075,1.01318359375,-3,-0.18310546875,-4,-0.244140625,10,0.6103515625,-24226,1996,31488,-197,-1.0821533203125,-3,-0.0164794921875,18903,103.8372802734375,403,4.03
2331,84264,197407,0.9635,0,-6,-0.0029296875,-21,-0.01025390625,2103,1.02685546875,-7,-0.42724609375,-15,-0.91552734375,5,0.30517578125,-8140,-2247,-647,-191,-1.0491943359375,23,0.1263427734375,-19250,-105.743408203125,397,3.97
2334,84370,197409,0.9645,1,-7,-0.00341796875,-17,-0.00830078125,2061,1.00634765625,-4,-0.244140625,-14,-0.8544921875,0,0.0,-195,-5412,-4624,-98,-0.538330078125,36,0.19775390625,-32240,-177.099609375,400,4.0
2337,84476,197411,0.9655,2,1,0.00048828125,-15,-0.00732421875,2074,1.0126953125,-4,-0.244140625,-4,-0.244140625,9,0.54931640625,-24218,2004,31509,-197,-1.0821533203125,-3,-0.0164794921875,18903,103.8372802734375,403,4.03
2348,84878,197421,0.9705,0,-7,-0.00341796875,-20,-0.009765625,2100,1.025390625,-8,-0.48828125,-18,-1.0986328125,6,0.3662109375,-8129,-2242,-679,-191,-1.0491943359375,23,0.1263427734375,-19250,-105.743408203125,397,3.97
2351,84984,197423,0.9715,1,-11,-0.00537109375,-15,-0.00732421875,2056,1.00390625,0,0.0,-15,-0.91552734375,0,0.0,-167,-5417,-4607,-98,-0.538330078125,36,0.19775390625,-32240,-177.099609375,400,4.0
2357,85201,197428,0.974,2,2,0.0009765625,-15,-0.00732421875,2075,1.01318359375,-4,-0.244140625,-3,-0.18310546875,10,0.6103515625,-24216,2021,31483,-197,-1.0821533203125,-3,-0.0164794921875,18903,103.8372802734375,402,4.02
2365,85492,197435,0.9775,0,-4,-0.001953125,-22,-0.0107421875,2093,1.02197265625,-9,-0.54931640625,-15,-0.91552734375,6,0.3662109375,-8118,-2226,-683,-191,-1.0491943359375,23,0.1263427734375,-19250,-105.743408203125,397,3.97
2371,85709,197440,0.98,1,-5,-0.00244140625,-14,-0.0068359375,2056,1.00390625,-3,-0.18310546875,-14,-0.8544921875,1,0.06103515625,-181,-5396,-4609,-98,-0.538330078125,36,0.19775390625,-32240,-177.099609375,400,4.0
2372,85741,197440,0.98,2,2,0.0009765625,-15,-0.00732421875,2075,1.01318359375,-4,-0.244140625,-4,-0.244140625,10,0.6103515625,-24213,2009,31522,-197,-1.0821533203125,-3,-0.0164794921875,18903,103.8372802734375,402,4.02
2385,86217,197452,0.986,0,-5,-0.00244140625,-20,-0.009765625,2099,1.02490234375,-9,-0.54931640625,-16,-0.9765625,7,0.42724609375,-8092,-2223,-666,-191,-1.0491943359375,23,0.1263427734375,-19250,-105.743408203125,397,3.97
2386,86249,197452,0.986,1,-7,-0.00341796875,-17,-0.00830078125,2056,1.00390625,0,0.0,-14,-0.8544921875,0,0.0,-201,-5381,-4629,-98,-0.538330078125,36,0.19775390625,-32240,-177.099609375,400,4.0
2388,86318,197453,0.9865,2,2,0.0009765625,-15,-0.00732421875,2075,1.01318359375,-4,-0.244140625,-4,-0.244140625,10,0.6103515625,-24236,2036,31525,-197,-1.0821533203125,-3,-0.0164794921875,18903,103.8372802734375,402,4.02
2399,86720,197463,0.9915,0,-4,-0.001953125,-19,-0.00927734375,2098,1.0244140625,-9,-0.54931640625,-15,-0.91552734375,5,0.30517578125,-8108,-2207,-637,-191,-1.0491943359375,23,0.1263427734375,-19249,-105.7379150390625,397,3.97
2402,86826,197465,0.9925,1,-5,-0.00244140625,-22,-0.0107421875,2056,1.00390625,0,0.0,-14,-0.8544921875,-1,-0.06103515625,-199,-5383,-4676,-98,-0.538330078125,36,0.19775390625,-32240,-177.099609375,400,4.0
2405,86932,197467,0.9935,2,2,0.0009765625,-14,-0.0068359375,2075,1.01318359375,-4,-0.244140625,-4,-0.244140625,10,0.6103515625,-24209,2066,31486,-197,-1.0821533203125,-3,-0.0164794921875,18903,103.8372802734375,402,4.02
2416,87334,197477,0.9985,0,-6,-0.0029296875,-19,-0.00927734375,2099,1.02490234375,-7,-0.42724609375,-14,-0.8544921875,6,0.3662109375,-8084,-2207,-622,-191,-1.0491943359375,23,0.1263427734375,-19249,-105.7379150390625,397,3.97
2419,87440,197479,0.9995,1,-8,-0.00390625,-16,-0.0078125,2057,1.00439453125,-3,-0.18310546875,-18,-1.0986328125,-2,-0.1220703125,-214,-5368,-4662,-98,-0.538330078125,36,0.19775390625,-32240,-177.099609375,400,4.0
2422,87546,197481,1.0005,2,1,0.00048828125,-14,-0.0068359375,2075,1.01318359375,-4,-0.244140625,-4,-0.244140625,10,0.6103515625,-24209,2060,31483,-197,-1.0821533203125,-3,-0.0164794921875,18903,103.8372802734375,402,4.02
2433,87948,197491,1.0055,0,-1,-0.00048828125,-18,-0.0087890625,2099,1.02490234375,-7,-0.42724609375,-15,-0.91552734375,4,0.244140625,-8090,-2210,-627,-191,-1.0491943359375,23,0.1263427734375,-19249,-105.7379150390625,397,3.97
2436,88054,197493,1.0065,1,-5,-0.00244140625,-18,-0.0087890625,2058,1.0048828125,4,0.244140625,-13,-0.79345703125,-2,-0.1220703125,-219,-5368,-4674,-98,-0.538330078125,36,0.19775390625,-32241,-177.1051025390625,400,4.0
2442,88271,197498,1.009,2,2,0.0009765625,-15,-0.00732421875,2075,1.01318359375,-3,-0.18310546875,-4,-0.244140625,10,0.6103515625,-24195,2066,31504,-197,-1.0821533203125,-3,-0.0164794921875,18903,103.8372802734375,402,4.02
2450,88562,197505,1.0125,0,-4,-0.001953125,-19,-0.00927734375,2098,1.0244140625,-8,-0.48828125,-16,-0.9765625,5,0.30517578125,-8109,-2216,-641,-191,-1.0491943359375,23,0.1263427734375,-19249,-105.7379150390625,397,3.97
2456,88779,197510,1.015,1,-10,-0.0048828125,-19,-0.00927734375,2057,1.00439453125,0,0.0,-15,-0.91552734375,-1,-0.06103515625,-219,-5367,-4712,-98,-0.538330078125,36,0.19775390625,-32241,-177.1051025390625,400,4.0
2457,88811,197510,1.015,2,2,0.0009765625,-15,-0.00732421875,2075,1.01318359375,-3,-0.18310546875,-4,-0.244140625,10,0.6103515625,-24184,2068,31487,-197,-1.0821533203125,-3,-0.0164794921875,18903,103.8372802734375,402,4.02
2470,89287,197522,1.021,0,-3,-0.00146484375,-19,-0.00927734375,2095,1.02294921875,-10,-0.6103515625,-15,-0.91552734375,5,0.30517578125,-8078,-2224,-645,-191,-1.0491943359375,23,0.1263427734375,-19249,-105.7379150390625,397,3.97
2471,89319,197522,1.021,1,-6,-0.0029296875,-20,-0.009765625,2052,1.001953125,-1,-0.06103515625,-15,-0.91552734375,-1,-0.06103515625,-229,-5363,-4728,-98,-0.538330078125,36,0.19775390625,-32241,-177.1051025390625,400,4.0
2473,89388,197523,1.0215,2,1,0.00048828125,-15,-0.00732421875,2075,1.01318359375,-3,-0.18310546875,-4,-0.244140625,10,0.6103515625,-24188,2079,31493,-197,-1.0821533203125,-3,-0.0164794921875,18903,103.8372802734375,402,4.02
2484,89790,197533,1.0265,0,-5,-0.00244140625,-21,-0.01025390625,2098,1.0244140625,-8,-0.48828125,-15,-0.91552734375,8,0.48828125,-8091,-2224,-666,-191,-1.0491943359375,23,0.1263427734375,-19249,-105.7379150390625,397,3.97
2487,89896,197535,1.0275,1,-4,-0.001953125,-18,-0.0087890625,2063,1.00732421875,-3,-0.18310546875,-15,-0.91552734375,-2,-0.1220703125,-210,-5360,-4713,-98,-0.538330078125,36,0.19775390625,-32241,-177.1051025390625,400,4.0
2490,90002,197537,1.0285,2,1,0.00048828125,-15,-0.00732421875,2073,1.01220703125,-3,-0.18310546875,-3,-0.18310546875,10,0.6103515625,-24195,2097,31504,-197,-1.0821533203125,-3,-0.0164794921875,18903,103.8372802734375,402,4.02
2501,90404,197547,1.0335,0,-5,-0.00244140625,-20,-0.009765625,2097,1.02392578125,-7,-0.42724609375,-14,-0.8544921875,5,0.30517578125,-8122,-2215,-687,-191,-1.0491943359375,23,0.1263427734375,-19249,-105.7379150390625,397,3.97
2504,90510,197549,1.0345,1,-6,-0.0029296875,-21,-0.01025390625,2054,1.0029296875,-4,-0.244140625,-15,-0.91552734375,-1,-0.06103515625,-195,-5360,-4703,-98,-0.538330078125,36,0.19775390625,-32241,-177.1051025390625,400,4.0
2507,90616,197551,1.0355,2,2,0.0009765625,-15,-0.00732421875,2074,1.0126953125,-4,-0.244140625,-4,-0.244140625,10,0.6103515625,-24198,2105,31509,-197,-1.0821533203125,-3,-0.0164794921875,18903,103.8372802734375,402,4.02
2518,91018,197561,1.0405,0,-3,-0.00146484375,-17,-0.00830078125,2097,1.02392578125,-9,-0.54931640625,-15,-0.91552734375,7,0.42724609375,-8112,-2223,-675,-191,-1.0491943359375,23,0.1263427734375,-19249,-105.7379150390625,397,3.97
2521,91124,197563,1.0415,1,-6,-0.0029296875,-19,-0.00927734375,2058,1.0048828125,0,0.0,-16,-0.9765625,-2,-0.1220703125,-190,-5350,-4696,-98,-0.538330078125,36,0.19775390625,-32241,-177.1051025390625,400,4.0
2527,91341,197568,1.044,2,2,0.0009765625,-15,-0.00732421875,2075,1.01318359375,-4,-0.244140625,-4,-0.244140625,9,0.54931640625,-24193,2070,31535,-197,-1.0821533203125,-3,-0.0164794921875,18903,103.8372802734375,402,4.02
2535,91632,197575,1.0475,0,-3,-0.00146484375,-17,-0.00830078125,2097,1.02392578125,-9,-0.54931640625,-15,-0.91552734375,7,0.42724609375,-8112,-2223,-675,-191,-1.0491943359375,23,0.1263427734375,-19249,-105.7379150390625,397,3.97
2541,91849,197580,1.05,1,-7,-0.00341796875,-20,-0.009765625,2059,1.00537109375,-3,-0.18310546875,-16,-0.9765625,-1,-0.06103515625,-190,-5320,-4713,-98,-0.538330078125,36,0.19775390625,-32241,-177.1051025390625,400,4.0
2542,91881,197580,1.05,2,2,0.0009765625,-15,-0.00732421875,2075,1.01318359375,-3,-0.18310546875,-4,-0.244140625,10,0.6103515625,-24165,2068,31536,-197,-1.0821533203125,-3,-0.0164794921875,18903,103.8372802734375,402,4.02
2555,92357,197592,1.056,0,-4,-0.001953125,-17,-0.00830078125,2094,1.0224609375,-9,-0.54931640625,-16,-0.9765625,5,0.30517578125,-8124,-2260,-613,-191,-1.0491943359375,23,0.1263427734375,-19249,-105.7379150390625,397,3.97
2556,92389,197592,1.056,1,-7,-0.00341796875,-20,-0.009765625,2054,1.0029296875,-2,-0.1220703125,-15,-0.91552734375,-1,-0.06103515625,-165,-5326,-4769,-98,-0.538330078125,36,0.19775390625,-32241,-177.1051025390625,400,4.0
2558,92458,197593,1.0565,2,2,0.0009765625,-15,-0.00732421875,2076,1.013671875,-4,-0.244140625,-4,-0.244140625,10,0.6103515625,-24175,2062,31555,-197,-1.0821533203125,-3,-0.0164794921875,18903,103.8372802734375,402,4.02
2569,92860,197603,1.0615,0,-5,-0.00244140625,-20,-0.009765625,2100,1.025390625,-8,-0.48828125,-15,-0.91552734375,4,0.244140625,-8108,-2253,-631,-191,-1.0491943359375,23,0.1263427734375,-19249,-105.7379150390625,397,3.97
2572,92966,197605,1.0625,1,-7,-0.00341796875,-20,-0.009765625,2060,1.005859375,0,0.0,-13,-0.79345703125,-1,-0.06103515625,-192,-5341,-4715,-98,-0.538330078125,36,0.19775390625,-32241,-177.1051025390625,400,4.0
2575,93072,197607,1.0635,2,2,0.0009765625,-14,-0.0068359375,2074,1.0126953125,-3,-0.18310546875,-4,-0.244140625,11,0.67138671875,-24157,2037,31509,-197,-1.0821533203125,-3,-0.0164794921875,18903,103.8372802734375,402,4.02
2586,93474,197617,1.0685,0,-4,-0.001953125,-20,-0.009765625,2100,1.025390625,-9,-0.54931640625,-17,-1.03759765625,7,0.42724609375,-8106,-2220,-641,-191,-1.0491943359375,23,0.1263427734375,-19249,-105.7379150390625,397,3.97
2589,93580,197619,1.0695,1,-9,-0.00439453125,-17,-0.00830078125,2059,1.00537109375,2,0.1220703125,-14,-0.8544921875,-2,-0.1220703125,-180,-5333,-4726,-98,-0.538330078125,36,0.19775390625,-32241,-177.1051025390625,400,4.0
2592,93686,197621,1.0705,2,2,0.0009765625,-15,-0.00732421875,2074,1.0126953125,-3,-0.18310546875,-3,-0.18310546875,10,0.6103515625,-24167,2019,31503,-197,-1.0821533203125,-3,-0.0164794921875,18903,103.8372802734375,401,4.01
2603,94088,197631,1.0755,0,-2,-0.0009765625,-21,-0.01025390625,2098,1.0244140625,-8,-0.48828125,-16,-0.9765625,5,0.30517578125,-8096,-2223,-626,-191,-1.0491943359375,23,0.1263427734375,-19249,-105.7379150390625,397,3.97
2606,94194,197633,1.0765,1,-6,-0.0029296875,-17,-0.00830078125,2054,1.0029296875,-2,-0.1220703125,-11,-0.67138671875,-2,-0.1220703125,-180,-5355,-4717,-98,-0.538330078125,36,0.19775390625,-32241,-177.1051025390625,400,4.0
2612,94411,197638,1.079,2,2,0.0009765625,-16,-0.0078125,2075,1.01318359375,-3,-0.18310546875,-4,-0.244140625,10,0.6103515625,-24191,2073,31505,-197,-1.0821533203125,-3,-0.0164794921875,18903,103.8372802734375,401,4.01
2620,94702,197645,1.0825,0,-2,-0.0009765625,-21,-0.01025390625,2098,1.0244140625,-8,-0.48828125,-16,-0.9765625,5,0.30517578125,-8096,-2223,-626,-191,-1.0491943359375,23,0.1263427734375,-19249,-105.7379150390625,397,3.97
2626,94919,197650,1.085,1,-11,-0.00537109375,-20,-0.009765625,2057,1.00439453125,-1,-0.06103515625,-15,-0.91552734375,-1,-0.06103515625,-146,-5383,-4726,-98,-0.538330078125,36,0.19775390625,-32241,-177.1051025390625,400,4.0
2627,94951,197650,1.085,2,2,0.0009765625,-16,-0.0078125,2074,1.0126953125,-3,-0.18310546875,-3,-0.18310546875,10,0.6103515625,-24207,2068,31491,-197,-1.0821533203125,-3,-0.0164794921875,18903,103.8372802734375,401,4.01
2640,95427,197662,1.091,0,-3,-0.00146484375,-20,-0.009765625,2104,1.02734375,-10,-0.6103515625,-15,-0.91552734375,7,0.42724609375,-8057,-2195,-609,-191,-1.0491943359375,23,0.1263427734375,-19249,-105.7379150390625,397,3.97
2641,95459,197662,1.091,1,-6,-0.0029296875,-20,-0.009765625,2062,1.0068359375,1,0.06103515625,-15,-0.91552734375,-3,-0.18310546875,-131,-5395,-4730,-98,-0.538330078125,36,0.19775390625,-32241,-177.1051025390625,400,4.0
2643,95528,197663,1.0915,2,1,0.00048828125,-16,-0.0078125,2074,1.0126953125,-3,-0.18310546875,-4,-0.244140625,10,0.6103515625,-24206,2070,31485,-197,-1.0821533203125,-3,-0.0164794921875,18903,103.8372802734375,401,4.01
2654,95930,197673,1.0965,0,-6,-0.0029296875,-22,-0.0107421875,2097,1.02392578125,-9,-0.54931640625,-15,-0.91552734375,6,0.3662109375,-8057,-2208,-632,-191,-1.0491943359375,23,0.1263427734375,-19249,-105.7379150390625,397,3.97
2657,96036,197675,1.0975,1,-9,-0.00439453125,-20,-0.009765625,2052,1.001953125,1,0.06103515625,-14,-0.8544921875,-2,-0.1220703125,-130,-5403,-4715,-98,-0.538330078125,36,0.19775390625,-32241,-177.1051025390625,400,4.0
2660,96142,197677,1.0985,2,1,0.00048828125,-15,-0.00732421875,2076,1.013671875,-4,-0.244140625,-4,-0.244140625,10,0.6103515625,-24256,2019,31493,-197,-1.0821533203125,-3,-0.0164794921875,18903,103.8372802734375,401,4.01
2671,96544,197687,1.1035,0,-2,-0.0009765625,-20,-0.009765625,2095,1.02294921875,-8,-0.48828125,-16,-0.9765625,4,0.244140625,-8055,-2192,-646,-191,-1.0491943359375,23,0.1263427734375,-19249,-105.7379150390625,396,3.96
2674,96650,197689,1.1045,1,-8,-0.00390625,-22,-0.0107421875,2054,1.0029296875,-2,-0.1220703125,-17,-1.03759765625,-2,-0.1220703125,-144,-5405,-4725,-98,-0.538330078125,36,0.19775390625,-32242,-177.110595703125,400,4.0
2677,96756,197691,1.1055,2,1,0.00048828125,-14,-0.0068359375,2075,1.01318359375,-4,-0.244140625,-4,-0.244140625,10,0.6103515625,-24265,2016,31465,-197,-1.0821533203125,-3,-0.0164794921875,18903,103.8372802734375,401,4.01
2688,97158,197701,1.1105,0,-5,-0.00244140625,-20,-0.009765625,2101,1.02587890625,-10,-0.6103515625,-15,-0.91552734375,6,0.3662109375,-8049,-2205,-626,-191,-1.0491943359375,23,0.1263427734375,-19249,-105.7379150390625,396,3.96
2691,97264,197703,1.1115,1,-9,-0.00439453125,-22,-0.0107421875,2055,1.00341796875,-1,-0.06103515625,-16,-0.9765625,-2,-0.1220703125,-143,-5387,-4734,-98,-0.538330078125,36,0.19775390625,-32242,-177.110595703125,400,4.0
2697,97481,197708,1.114,2,2,0.0009765625,-14,-0.0068359375,2074,1.0126953125,-3,-0.18310546875,-5,-0.30517578125,10,0.6103515625,-24250,2006,31452,-197,-1.0821533203125,-3,-0.0164794921875,18903,103.8372802734375,401,4.01
2705,97772,197715,1.1175,0,-5,-0.00244140625,-20,-0.009765625,2101,1.02587890625,-10,-0.6103515625,-15,-0.91552734375,6,0.3662109375,-8049,-2205,-626,-191,-1.0491943359375,23,0.1263427734375,-19249,-105.7379150390625,396,3.96
2711,97989,197720,1.12,1,-7,-0.00341796875,-19,-0.00927734375,2048,1.0,-3,-0.18310546875,-15,-0.91552734375,1,0.06103515625,-144,-5393,-4695,-98,-0.538330078125,36,0.19775390625,-32242,-177.110595703125,400,4.0
2712,98021,197720,1.12,2,2,0.0009765625,-15,-0.00732421875,2075,1.01318359375,-4,-0.244140625,-4,-0.244140625,10,0.6103515625,-24243,2013,31477,-197,-1.0821533203125,-3,-0.0164794921875,18903,103.8372802734375,401,4.01
2725,98497,197732,1.126,0,-7,-0.00341796875,-18,-0.0087890625,2100,1.025390625,-8,-0.48828125,-14,-0.8544921875,3,0.18310546875,-8072,-2206,-618,-191,-1.0491943359375,23,0.1263427734375,-19249,-105.7379150390625,396,3.96
2726,98529,197732,1.126,1,-6,-0.0029296875,-17,-0.00830078125,2058,1.0048828125,-1,-0.06103515625,-12,-0.732421875,-1,-0.06103515625,-164,-5382,-4682,-98,-0.538330078125,36,0.19775390625,-32242,-177.110595703125,400,4.0
2728,98598,197733,1.1265,2,2,0.0009765625,-15,-0.00732421875,2074,1.0126953125,-4,-0.244140625,-4,-0.244140625,10,0.6103515625,-24209,2008,31519,-197,-1.0821533203125,-3,-0.0164794921875,18903,103.8372802734375,401,4.01
2739,99000,197743,1.1315,0,-1,-0.00048828125,-19,-0.00927734375,2099,1.02490234375,-10,-0.6103515625,-16,-0.9765625,4,0.244140625,-8058,-2219,-610,-191,-1.0491943359375,23,0.1263427734375,-19249,-105.7379150390625,396,3.96
2744,99180,197747,1.1335,2,2,0.0009765625,-15,-0.00732421875,2075,1.01318359375,-4,-0.244140625,-3,-0.18310546875,10,0.6103515625,-24212,2009,31491,-197,-1.0821533203125,-3,-0.0164794921875,18903,103.8372802734375,401,4.01
2755,99582,197757,1.1385,0,-5,-0.00244140625,-21,-0.01025390625,2091,1.02099609375,-10,-0.6103515625,-16,-0.9765625,5,0.30517578125,-8092,-2227,-624,-191,-1.0491943359375,23,0.1263427734375,-19249,-105.7379150390625,395,3.95
2758,99688,197759,1.1395,1,-7,-0.00341796875,-20,-0.009765625,2056,1.00390625,0,0.0,-13,-0.79345703125,-2,-0.1220703125,-111,-5381,-4662,-98,-0.538330078125,36,0.19775390625,-32242,-177.110595703125,400,4.0
2761,99794,197761,1.1405,2,2,0.0009765625,-14,-0.0068359375,2076,1.013671875,-4,-0.244140625,-4,-0.244140625,10,0.6103515625,-24208,2011,31508,-197,-1.0821533203125,-3,-0.0164794921875,18903,103.8372802734375,401,4.01
2772,100196,197771,1.1455,0,0,0.0,-18,-0.0087890625,2092,1.021484375,-7,-0.42724609375,-18,-1.0986328125,4,0.244140625,-8103,-2227,-626,-191,-1.0491943359375,23,0.1263427734375,-19249,-105.7379150390625,395,3.95
2775,100302,197773,1.1465,1,-9,-0.00439453125,-23,-0.01123046875,2056,1.00390625,-3,-0.18310546875,-13,-0.79345703125,0,0.0,-127,-5356,-4682,-98,-0.538330078125,36,0.19775390625,-32242,-177.110595703125,400,4.0
2782,100556,197779,1.1495,2,2,0.0009765625,-14,-0.0068359375,2075,1.01318359375,-4,-0.244140625,-4,-0.244140625,11,0.67138671875,-24220,2015,31491,-197,-1.0821533203125,-3,-0.0164794921875,18903,103.8372802734375,401,4.01
2789,100810,197785,1.1525,0,-5,-0.00244140625,-22,-0.0107421875,2101,1.02587890625,-10,-0.6103515625,-14,-0.8544921875,4,0.244140625,-8110,-2236,-633,-191,-1.0491943359375,23,0.1263427734375,-19249,-105.7379150390625,395,3.95
2796,101064,197791,1.1555,1,-4,-0.001953125,-20,-0.009765625,2056,1.00390625,-2,-0.1220703125,-17,-1.03759765625,-2,-0.1220703125,-145,-5348,-4697,-98,-0.538330078125,36,0.19775390625,-32242,-177.110595703125,400,4.0
2797,101096,197791,1.1555,2,2,0.0009765625,-14,-0.0068359375,2074,1.0126953125,-3,-0.18310546875,-4,-0.244140625,10,0.6103515625,-24234,2016,31434,-197,-1.0821533203125,-3,-0.0164794921875,18903,103.8372802734375,400,4.0
2810,101572,197803,1.1615,0,-6,-0.0029296875,-20,-0.009765625,2091,1.02099609375,-8,-0.48828125,-16,-0.9765625,5,0.30517578125,-8112,-2227,-612,-191,-1.0491943359375,23,0.1263427734375,-19249,-105.7379150390625,395,3.95
2811,101604,197803,1.1615,1,-9,-0.00439453125,-21,-0.01025390625,2054,1.0029296875,-1,-0.06103515625,-14,-0.8544921875,-2,-0.1220703125,-170,-5351,-4645,-98,-0.538330078125,36,0.19775390625,-32242,-177.110595703125,400,4.0
2812,101636,197803,1.1615,2,2,0.0009765625,-14,-0.0068359375,2075,1.01318359375,-3,-0.18310546875,-4,-0.244140625,10,0.6103515625,-24245,2029,31433,-197,-1.0821533203125,-3,-0.0164794921875,18903,103.8372802734375,400,4.0
2824,102075,197814,1.167,0,-4,-0.001953125,-21,-0.01025390625,2098,1.0244140625,-9,-0.54931640625,-16,-0.9765625,6,0.3662109375,-8122,-2229,-642,-191,-1.0491943359375,23,0.1263427734375,-19249,-105.7379150390625,395,3.95
2826,102144,197815,1.1675,1,-5,-0.00244140625,-20,-0.009765625,2056,1.00390625,0,0.0,-16,-0.9765625,-1,-0.06103515625,-166,-5348,-4647,-98,-0.538330078125,36,0.19775390625,-32243,-177.1160888671875,400,4.0
2829,102250,197817,1.1685,2,3,0.00146484375,-15,-0.00732421875,2074,1.0126953125,-3,-0.18310546875,-4,-0.244140625,10,0.6103515625,-24267,2004,31461,-197,-1.0821533203125,-3,-0.0164794921875,18903,103.8372802734375,400,4.0
2840,102652,197827,1.1735,0,-4,-0.001953125,-21,-0.01025390625,2098,1.0244140625,-9,-0.54931640625,-16,-0.9765625,6,0.3662109375,-8122,-2229,-642,-191,-1.0491943359375,23,0.1263427734375,-19249,-105.7379150390625,395,3.95
2843,102758,197829,1.1745,1,-7,-0.00341796875,-22,-0.0107421875,2060,1.005859375,3,0.18310546875,-14,-0.8544921875,-1,-0.06103515625,-203,-5346,-4729,-98,-0.538330078125,36,0.19775390625,-32243,-177.1160888671875,399,3.99
2846,102864,197831,1.1755,2,3,0.00146484375,-15,-0.00732421875,2074,1.0126953125,-4,-0.244140625,-4,-0.244140625,10,0.6103515625,-24273,1979,31460,-197,-1.0821533203125,-3,-0.0164794921875,18903,103.8372802734375,400,4.0
2857,103266,197841,1.1805,0,-2,-0.0009765625,-18,-0.0087890625,2097,1.02392578125,-11,-0.67138671875,-15,-0.91552734375,6,0.3662109375,-8124,-2241,-736,-191,-1.0491943359375,23,0.1263427734375,-19248,-105.732421875,395,3.95
2860,103372,197843,1.1815,1,-6,-0.0029296875,-21,-0.01025390625,2054,1.0029296875,1,0.06103515625,-14,-0.8544921875,-1,-0.06103515625,-196,-5358,-4720,-98,-0.538330078125,36,0.19775390625,-32243,-177.1160888671875,399,3.99
2867,103626,197849,1.1845,2,3,0.00146484375,-16,-0.0078125,2075,1.01318359375,-3,-0.18310546875,-4,-0.244140625,10,0.6103515625,-24264,1996,31454,-197,-1.0821533203125,-3,-0.0164794921875,18903,103.8372802734375,400,4.0
2874,103880,197855,1.1875,0,-4,-0.001953125,-20,-0.009765625,2100,1.025390625,-7,-0.42724609375,-15,-0.91552734375,6,0.3662109375,-8112,-2232,-724,-191,-1.0491943359375,23,0.1263427734375,-19248,-105.732421875,395,3.95
2887,104356,197867,1.1935,1,-6,-0.0029296875,-20,-0.009765625,2056,1.00390625,1,0.06103515625,-14,-0.8544921875,-1,-0.06103515625,-189,-5358,-4768,-98,-0.538330078125,36,0.19775390625,-32243,-177.1160888671875,399,3.99
2889,104425,197868,1.194,2,2,0.0009765625,-15,-0.00732421875,2075,1.01318359375,-3,-0.18310546875,-3,-0.18310546875,10,0.6103515625,-24220,2014,31463,-197,-1.0821533203125,-3,-0.0164794921875,18903,103.8372802734375,400,4.0
2899,104790,197877,1.1985,0,-4,-0.001953125,-20,-0.009765625,2101,1.02587890625,-8,-0.48828125,-18,-1.0986328125,6,0.3662109375,-8109,-2214,-702,-191,-1.0491943359375,23,0.1263427734375,-19248,-105.732421875,395,3.95
2900,104822,197877,1.1985,1,-6,-0.0029296875,-18,-0.0087890625,2056,1.00390625,-1,-0.06103515625,-16,-0.9765625,0,0.0,-173,-5358,-4774,-98,-0.538330078125,36,0.19775390625,-32243,-177.1160888671875,399,3.99
2902,104891,197878,1.199,2,2,0.0009765625,-15,-0.00732421875,2075,1.01318359375,-3,-0.18310546875,-4,-0.244140625,10,0.6103515625,-24213,2024,31418,-197,-1.0821533203125,-3,-0.0164794921875,18903,103.8372802734375,400,4.0
2911,105219,197886,1.203,0,-4,-0.001953125,-20,-0.009765625,2096,1.0234375,-7,-0.42724609375,-17,-1.03759765625,4,0.244140625,-8111,-2213,-687,-191,-1.0491943359375,23,0.1263427734375,-19248,-105.732421875,395,3.95
2912,105251,197886,1.203,1,-8,-0.00390625,-20,-0.009765625,2058,1.0048828125,-3,-0.18310546875,-13,-0.79345703125,1,0.06103515625,-153,-5359,-4731,-98,-0.538330078125,36,0.19775390625,-32243,-177.1160888671875,399,3.99
2914,105320,197887,1.2035,2,1,0.00048828125,-14,-0.0068359375,2076,1.013671875,-4,-0.244140625,-4,-0.244140625,10,0.6103515625,-24225,2009,31436,-197,-1.0821533203125,-3,-0.0164794921875,18903,103.8372802734375,400,4.0
2925,105722,197897,1.2085,0,-4,-0.001953125,-20,-0.009765625,2096,1.0234375,-7,-0.42724609375,-17,-1.03759765625,4,0.244140625,-8111,-2213,-687,-191,-1.0491943359375,23,0.1263427734375,-19248,-105.732421875,395,3.95
2928,105828,197899,1.2095,1,-5,-0.00244140625,-18,-0.0087890625,2058,1.0048828125,1,0.06103515625,-14,-0.8544921875,0,0.0,-157,-5360,-4729,-98,-0.538330078125,36,0.19775390625,-32243,-177.1160888671875,399,3.99
2931,105934,197901,1.2105,2,1,0.00048828125,-14,-0.0068359375,2075,1.01318359375,-4,-0.244140625,-4,-0.244140625,10,0.6103515625,-24215,2014,31432,-197,-1.0821533203125,-3,-0.0164794921875,18903,103.8372802734375,400,4.0
2942,106336,197911,1.2155,0,-8,-0.00390625,-24,-0.01171875,2101,1.02587890625,-8,-0.48828125,-17,-1.03759765625,5,0.30517578125,-8088,-2223,-742,-191,-1.0491943359375,23,0.1263427734375,-19248,-105.732421875,396,3.96
2945,106442,197913,1.2165,1,-9,-0.00439453125,-18,-0.0087890625,2057,1.00439453125,-1,-0.06103515625,-14,-0.8544921875,-1,-0.06103515625,-158,-5349,-4726,-98,-0.538330078125,36,0.19775390625,-32243,-177.1160888671875,399,3.99
2952,106696,197919,1.2195,2,1,0.00048828125,-14,-0.0068359375,2075,1.01318359375,-3,-0.18310546875,-4,-0.244140625,10,0.6103515625,-24228,2033,31414,-197,-1.0821533203125,-3,-0.0164794921875,18903,103.8372802734375,400,4.0
2959,106950,197925,1.2225,0,-2,-0.0009765625,-18,-0.0087890625,2098,1.0244140625,-9,-0.54931640625,-14,-0.8544921875,6,0.3662109375,-8087,-2241,-752,-191,-1.0491943359375,23,0.1263427734375,-19248,-105.732421875,396,3.96
2966,107204,197931,1.2255,1,-7,-0.00341796875,-19,-0.00927734375,2056,1.00390625,-1,-0.06103515625,-14,-0.8544921875,0,0.0,-154,-5347,-4766,-98,-0.538330078125,36,0.19775390625,-32244,-177.12158203125,399,3.99
2967,107236,197931,1.2255,2,2,0.0009765625,-14,-0.0068359375,2075,1.01318359375,-3,-0.18310546875,-4,-0.244140625,10,0.6103515625,-24226,2063,31454,-197,-1.0821533203125,-3,-0.0164794921875,18903,103.8372802734375,400,4.0
2980,107712,197943,1.2315,0,-4,-0.001953125,-17,-0.00830078125,2097,1.02392578125,-7,-0.42724609375,-16,-0.9765625,4,0.244140625,-8083,-2244,-706,-191,-1.0491943359375,23,0.1263427734375,-19248,-105.732421875,396,3.96
2981,107744,197943,1.2315,1,-5,-0.00244140625,-19,-0.00927734375,2059,1.00537109375,-3,-0.18310546875,-13,-0.79345703125,-1,-0.06103515625,-173,-5355,-4756,-98,-0.538330078125,36,0.19775390625,-32244,-177.12158203125,399,3.99
2982,107776,197943,1.2315,2,2,0.0009765625,-14,-0.0068359375,2075,1.01318359375,-3,-0.18310546875,-4,-0.244140625,10,0.6103515625,-24242,2081,31424,-197,-1.0821533203125,-3,-0.0164794921875,18903,103.8372802734375,400,4.0
2994,108215,197954,1.237,0,-7,-0.00341796875,-16,-0.0078125,2104,1.02734375,-8,-0.48828125,-15,-0.91552734375,8,0.48828125,-8083,-2243,-708,-191,-1.0491943359375,23,0.1263427734375,-19248,-105.732421875,396,3.96
2996,108284,197955,1.2375,1,-8,-0.00390625,-21,-0.01025390625,2052,1.001953125,1,0.06103515625,-15,-0.91552734375,-2,-0.1220703125,-199,-5374,-4719,-98,-0.538330078125,36,0.19775390625,-32244,-177.12158203125,399,3.99
2999,108390,197957,1.2385,2,2,0.0009765625,-14,-0.0068359375,2075,1.01318359375,-4,-0.244140625,-4,-0.244140625,9,0.54931640625,-24232,2076,31491,-197,-1.0821533203125,-3,-0.0164794921875,18903,103.8372802734375,400,4.0
3010,108792,197967,1.2435,0,-7,-0.00341796875,-16,-0.0078125,2104,1.02734375,-8,-0.48828125,-15,-0.91552734375,8,0.48828125,-8083,-2243,-708,-191,-1.0491943359375,23,0.1263427734375,-19248,-105.732421875,396,3.96
3013,108898,197969,1.2445,1,-5,-0.00244140625,-19,-0.00927734375,2056,1.00390625,-1,-0.06103515625,-14,-0.8544921875,-2,-0.1220703125,-175,-5366,-4704,-98,-0.538330078125,36,0.19775390625,-32244,-177.12158203125,400,4.0
3016,109004,197971,1.2455,2,2,0.0009765625,-15,-0.00732421875,2075,1.01318359375,-3,-0.18310546875,-4,-0.244140625,10,0.6103515625,-24219,2078,31497,-197,-1.0821533203125,-3,-0.0164794921875,18903,103.8372802734375,400,4.0
3027,109406,197981,1.2505,0,-5,-0.00244140625,-24,-0.01171875,2099,1.02490234375,-11,-0.67138671875,-17,-1.03759765625,6,0.3662109375,-8130,-2288,-673,-191,-1.0491943359375,23,0.1263427734375,-19248,-105.732421875,396,3.96
3030,109512,197983,1.2515,1,-7,-0.00341796875,-20,-0.009765625,2060,1.005859375,-1,-0.06103515625,-16,-0.9765625,1,0.06103515625,-180,-5362,-4730,-98,-0.538330078125,36,0.19775390625,-32244,-177.12158203125,400,4.0
3037,109766,197989,1.2545,2,2,0.0009765625,-15,-0.00732421875,2075,1.01318359375,-4,-0.244140625,-4,-0.244140625,10,0.6103515625,-24223,2067,31517,-197,-1.0821533203125,-3,-0.0164794921875,18903,103.8372802734375,400,4.0
3044,110020,197995,1.2575,0,-2,-0.0009765625,-20,-0.009765625,2092,1.021484375,-9,-0.54931640625,-18,-1.0986328125,6,0.3662109375,-8119,-2289,-714,-191,-1.0491943359375,23,0.1263427734375,-19248,-105.732421875,396,3.96
3051,110274,198001,1.2605,1,-8,-0.00390625,-19,-0.00927734375,2059,1.00537109375,-2,-0.1220703125,-14,-0.8544921875,0,0.0,-154,-5375,-4771,-98,-0.538330078125,36,0.19775390625,-32244,-177.12158203125,400,4.0
3052,110306,198001,1.2605,2,2,0.0009765625,-16,-0.0078125,2074,1.0126953125,-3,-0.18310546875,-4,-0.244140625,10,0.6103515625,-24258,2042,31511,-197,-1.0821533203125,-3,-0.0164794921875,18903,103.8372802734375,401,4.01
3065,110782,198013,1.2665,0,-4,-0.001953125,-20,-0.009765625,2103,1.02685546875,-7,-0.42724609375,-16,-0.9765625,4,0.244140625,-8130,-2253,-700,-191,-1.0491943359375,23,0.1263427734375,-19248,-105.732421875,396,3.96
3066,110814,198013,1.2665,1,-4,-0.001953125,-19,-0.00927734375,2061,1.00634765625,0,0.0,-16,-0.9765625,-2,-0.1220703125,-188,-5358,-4750,-98,-0.538330078125,36,0.19775390625,-32244,-177.12158203125,400,4.0
3067,110846,198013,1.2665,2,1,0.00048828125,-15,-0.00732421875,2073,1.01220703125,-3,-0.18310546875,-4,-0.244140625,10,0.6103515625,-24257,2040,31520,-197,-1.0821533203125,-3,-0.0164794921875,18903,103.8372802734375,401,4.01
3079,111285,198024,1.272,0,-2,-0.0009765625,-20,-0.009765625,2096,1.0234375,-8,-0.48828125,-15,-0.91552734375,4,0.244140625,-8113,-2253,-714,-191,-1.0491943359375,23,0.1263427734375,-19248,-105.732421875,396,3.96
3081,111354,198025,1.2725,1,-6,-0.0029296875,-16,-0.0078125,2057,1.00439453125,2,0.1220703125,-16,-0.9765625,-1,-0.06103515625,-184,-5347,-4744,-98,-0.538330078125,36,0.19775390625,-32244,-177.12158203125,401,4.01
3084,111460,198027,1.2735,2,1,0.00048828125,-15,-0.00732421875,2073,1.01220703125,-4,-0.244140625,-4,-0.244140625,10,0.6103515625,-24226,2045,31529,-197,-1.0821533203125,-3,-0.0164794921875,18903,103.8372802734375,401,4.01
3095,111862,198037,1.2785,0,-4,-0.001953125,-19,-0.00927734375,2097,1.02392578125,-7,-0.42724609375,-17,-1.03759765625,5,0.30517578125,-8122,-2253,-689,-191,-1.0491943359375,23,0.1263427734375,-19248,-105.732421875,396,3.96
3098,111968,198039,1.2795,1,-4,-0.001953125,-21,-0.01025390625,2054,1.0029296875,-1,-0.06103515625,-14,-0.8544921875,0,0.0,-217,-5346,-4768,-98,-0.538330078125,36,0.19775390625,-32244,-177.12158203125,401,4.01
3101,112074,198041,1.2805,2,2,0.0009765625,-15,-0.00732421875,2075,1.01318359375,-3,-0.18310546875,-4,-0.244140625,10,0.6103515625,-24184,2053,31532,-197,-1.0821533203125,-3,-0.0164794921875,18903,103.8372802734375,401,4.01
3112,112476,198051,1.2855,0,-3,-0.00146484375,-21,-0.01025390625,2099,1.02490234375,-5,-0.30517578125,-15,-0.91552734375,6,0.3662109375,-8123,-2286,-664,-191,-1.0491943359375,23,0.1263427734375,-19248,-105.732421875,396,3.96
3115,112582,198053,1.2865,1,-9,-0.00439453125,-18,-0.0087890625,2059,1.00537109375,1,0.06103515625,-14,-0.8544921875,1,0.06103515625,-209,-5367,-4734,-98,-0.538330078125,36,0.19775390625,-32244,-177.12158203125,401,4.01
3122,112836,198059,1.2895,2,2,0.0009765625,-15,-0.00732421875,2075,1.01318359375,-3,-0.18310546875,-4,-0.244140625,10,0.6103515625,-24162,2036,31542,-197,-1.0821533203125,-3,-0.0164794921875,18903,103.8372802734375,401,4.01
3129,113090,198065,1.2925,0,-6,-0.0029296875,-22,-0.0107421875,2097,1.02392578125,-10,-0.6103515625,-17,-1.03759765625,5,0.30517578125,-8117,-2266,-647,-191,-1.0491943359375,23,0.1263427734375,-19248,-105.732421875,396,3.96
3136,113344,198071,1.2955,1,-7,-0.00341796875,-18,-0.0087890625,2056,1.00390625,0,0.0,-14,-0.8544921875,-2,-0.1220703125,-201,-5370,-4749,-98,-0.538330078125,36,0.19775390625,-32244,-177.12158203125,401,4.01
3137,113376,198071,1.2955,2,2,0.0009765625,-15,-0.00732421875,2075,1.01318359375,-3,-0.18310546875,-3,-0.18310546875,10,0.6103515625,-24148,2033,31551,-197,-1.0821533203125,-3,-0.0164794921875,18903,103.8372802734375,401,4.01
3150,113852,198083,1.3015,0,-2,-0.0009765625,-25,-0.01220703125,2103,1.02685546875,-8,-0.48828125,-14,-0.8544921875,7,0.42724609375,-8113,-2232,-663,-191,-1.0491943359375,23,0.1263427734375,-19248,-105.732421875,396,3.96
3151,113884,198083,1.3015,1,-5,-0.00244140625,-22,-0.0107421875,2060,1.005859375,-1,-0.06103515625,-13,-0.79345703125,-3,-0.18310546875,-182,-5395,-4764,-98,-0.538330078125,36,0.19775390625,-32244,-177.12158203125,401,4.01
3152,113916,198083,1.3015,2,1,0.00048828125,-15,-0.00732421875,2074,1.0126953125,-4,-0.244140625,-4,-0.244140625,11,0.67138671875,-24163,2043,31542,-197,-1.0821533203125,-3,-0.0164794921875,18903,103.8372802734375,401,4.01
3165,114392,198095,1.3075,0,-4,-0.001953125,-20,-0.009765625,2095,1.02294921875,-9,-0.54931640625,-15,-0.91552734375,4,0.244140625,-8110,-2233,-633,-191,-1.0491943359375,23,0.1263427734375,-19248,-105.732421875,396,3.96
3166,114424,198095,1.3075,1,-4,-0.001953125,-21,-0.01025390625,2060,1.005859375,-2,-0.1220703125,-16,-0.9765625,-2,-0.1220703125,-162,-5398,-4782,-98,-0.538330078125,36,0.19775390625,-32244,-177.12158203125,401,4.01
3169,114530,198097,1.3085,2,1,0.00048828125,-15,-0.00732421875,2075,1.01318359375,-4,-0.244140625,-3,-0.18310546875,10,0.6103515625,-24177,2050,31546,-197,-1.0821533203125,-3,-0.0164794921875,18903,103.8372802734375,401,4.01
3180,114932,198107,1.3135,0,-7,-0.00341796875,-17,-0.00830078125,2100,1.025390625,-7,-0.42724609375,-16,-0.9765625,6,0.3662109375,-8097,-2222,-613,-191,-1.0491943359375,23,0.1263427734375,-19248,-105.732421875,396,3.96
3183,115038,198109,1.3145,1,-6,-0.0029296875,-20,-0.009765625,2056,1.00390625,-2,-0.1220703125,-15,-0.91552734375,-1,-0.06103515625,-176,-5392,-4798,-98,-0.538330078125,36,0.19775390625,-32244,-177.12158203125,401,4.01
3186,115144,198111,1.3155,2,1,0.00048828125,-15,-0.00732421875,2076,1.013671875,-4,-0.244140625,-4,-0.244140625,9,0.54931640625,-24154,2034,31608,-197,-1.0821533203125,-3,-0.0164794921875,18903,103.8372802734375,401,4.01
3197,115546,198121,1.3205,0,-5,-0.00244140625,-20,-0.009765625,2097,1.02392578125,-10,-0.6103515625,-15,-0.91552734375,7,0.42724609375,-8109,-2200,-616,-191,-1.0491943359375,23,0.1263427734375,-19248,-105.732421875,396,3.96
3200,115652,198123,1.3215,1,-7,-0.00341796875,-18,-0.0087890625,2055,1.00341796875,-3,-0.18310546875,-14,-0.8544921875,1,0.06103515625,-205,-5384,-4799,-98,-0.538330078125,36,0.19775390625,-32244,-177.12158203125,401,4.01
3207,115906,198129,1.3245,2,1,0.00048828125,-15,-0.00732421875,2076,1.013671875,-4,-0.244140625,-4,-0.244140625,9,0.54931640625,-24170,2040,31602,-197,-1.0821533203125,-3,-0.0164794921875,18903,103.8372802734375,401,4.01
3214,116160,198135,1.3275,0,-3,-0.00146484375,-23,-0.01123046875,2106,1.0283203125,-7,-0.42724609375,-17,-1.03759765625,8,0.48828125,-8094,-2214,-627,-191,-1.0491943359375,23,0.1263427734375,-19248,-105.732421875,396,3.96
3221,116414,198141,1.3305,1,-7,-0.00341796875,-21,-0.01025390625,2068,1.009765625,-1,-0.06103515625,-17,-1.03759765625,-2,-0.1220703125,-219,-5376,-4806,-98,-0.538330078125,36,0.19775390625,-32245,-177.1270751953125,401,4.01
3222,116446,198141,1.3305,2,1,0.00048828125,-15,-0.00732421875,2076,1.013671875,-4,-0.244140625,-4,-0.244140625,10,0.6103515625,-24168,2063,31543,-197,-1.0821533203125,-3,-0.0164794921875,18903,103.8372802734375,401,4.01
3235,116922,198153,1.3365,0,-3,-0.00146484375,-23,-0.01123046875,2106,1.0283203125,-7,-0.42724609375,-17,-1.03759765625,8,0.48828125,-8094,-2214,-627,-191,-1.0491943359375,23,0.1263427734375,-19248,-105.732421875,396,3.96
3236,116954,198153,1.3365,1,-7,-0.00341796875,-20,-0.009765625,2054,1.0029296875,-1,-0.06103515625,-17,-1.03759765625,-1,-0.06103515625,-194,-5383,-4795,-98,-0.538330078125,36,0.19775390625,-32245,-177.1270751953125,401,4.01
3237,116986,198153,1.3365,2,1,0.00048828125,-15,-0.00732421875,2076,1.013671875,-4,-0.244140625,-4,-0.244140625,9,0.54931640625,-24179,2086,31535,-197,-1.0821533203125,-3,-0.0164794921875,18903,103.8372802734375,401,4.01
3250,117462,198165,1.3425,0,-4,-0.001953125,-25,-0.01220703125,2093,1.02197265625,-7,-0.42724609375,-15,-0.91552734375,5,0.30517578125,-8079,-2207,-618,-191,-1.0491943359375,23,0.1263427734375,-19248,-105.732421875,396,3.96
3251,117494,198165,1.3425,1,-9,-0.00439453125,-23,-0.01123046875,2052,1.001953125,1,0.06103515625,-15,-0.91552734375,-1,-0.06103515625,-174,-5373,-4767,-98,-0.538330078125,36,0.19775390625,-32245,-177.1270751953125,401,4.01
3254,117600,198167,1.3435,2,2,0.0009765625,-15,-0.00732421875,2075,1.01318359375,-4,-0.244140625,-4,-0.244140625,9,0.54931640625,-24211,2083,31491,-197,-1.0821533203125,-3,-0.0164794921875,18903,103.8372802734375,401,4.01
3265,118002,198177,1.3485,0,-3,-0.00146484375,-19,-0.00927734375,2095,1.02294921875,-8,-0.48828125,-16,-0.9765625,4,0.244140625,-8072,-2215,-628,-191,-1.0491943359375,23,0.1263427734375,-19248,-105.732421875,396,3.96
3268,118108,198179,1.3495,1,-6,-0.0029296875,-21,-0.01025390625,2063,1.00732421875,-1,-0.06103515625,-12,-0.732421875,-1,-0.06103515625,-139,-5358,-4750,-98,-0.538330078125,36,0.19775390625,-32245,-177.1270751953125,401,4.01
3271,118214,198181,1.3505,2,2,0.0009765625,-15,-0.00732421875,2074,1.0126953125,-3,-0.18310546875,-3,-0.18310546875,10,0.6103515625,-24250,2090,31473,-197,-1.0821533203125,-3,-0.0164794921875,18903,103.8372802734375,402,4.02
3282,118616,198191,1.3555,0,-4,-0.001953125,-17,-0.00830078125,2089,1.02001953125,-8,-0.48828125,-15,-0.91552734375,6,0.3662109375,-8079,-2221,-646,-191,-1.0491943359375,23,0.1263427734375,-19248,-105.732421875,396,3.96
3285,118722,198193,1.3565,1,-7,-0.00341796875,-19,-0.00927734375,2056,1.00390625,-1,-0.06103515625,-16,-0.9765625,-2,-0.1220703125,-125,-5365,-4797,-98,-0.538330078125,36,0.19775390625,-32245,-177.1270751953125,400,4.0
3292,118976,198199,1.3595,2,3,0.00146484375,-15,-0.00732421875,2076,1.013671875,-3,-0.18310546875,-3,-0.18310546875,10,0.6103515625,-24264,2112,31520,-197,-1.0821533203125,-3,-0.0164794921875,18903,103.8372802734375,401,4.01
3299,119230,198205,1.3625,0,-6,-0.0029296875,-18,-0.0087890625,2096,1.0234375,-9,-0.54931640625,-16,-0.9765625,5,0.30517578125,-8068,-2221,-636,-191,-1.0491943359375,23,0.1263427734375,-19248,-105.732421875,396,3.96
3306,119484,198211,1.3655,1,-6,-0.0029296875,-16,-0.0078125,2053,1.00244140625,0,0.0,-15,-0.91552734375,0,0.0,-135,-5361,-4768,-98,-0.538330078125,36,0.19775390625,-32245,-177.1270751953125,400,4.0
3307,119516,198211,1.3655,2,2,0.0009765625,-15,-0.00732421875,2075,1.01318359375,-4,-0.244140625,-4,-0.244140625,10,0.6103515625,-24227,2101,31492,-197,-1.0821533203125,-3,-0.0164794921875,18903,103.8372802734375,401,4.01
3320,119992,198223,1.3715,0,-6,-0.0029296875,-18,-0.0087890625,2096,1.0234375,-9,-0.54931640625,-16,-0.9765625,5,0.30517578125,-8068,-2221,-636,-191,-1.0491943359375,23,0.1263427734375,-19248,-105.732421875,396,3.96
3321,120024,198223,1.3715,1,-5,-0.00244140625,-21,-0.01025390625,2062,1.0068359375,-2,-0.1220703125,-14,-0.8544921875,-1,-0.06103515625,-149,-5348,-4792,-98,-0.538330078125,37,0.2032470703125,-32245,-177.1270751953125,400,4.0
3322,120056,198223,1.3715,2,1,0.00048828125,-15,-0.00732421875,2074,1.0126953125,-3,-0.18310546875,-3,-0.18310546875,10,0.6103515625,-24204,2078,31503,-197,-1.0821533203125,-3,-0.0164794921875,18903,103.8372802734375,401,4.01
3335,120532,198235,1.3775,0,-3,-0.00146484375,-21,-0.01025390625,2105,1.02783203125,-7,-0.42724609375,-17,-1.03759765625,6,0.3662109375,-8054,-2195,-616,-191,-1.0491943359375,23,0.1263427734375,-19248,-105.732421875,396,3.96
3336,120564,198235,1.3775,1,-9,-0.00439453125,-20,-0.009765625,2066,1.0087890625,-4,-0.244140625,-15,-0.91552734375,-3,-0.18310546875,-156,-5362,-4801,-98,-0.538330078125,36,0.19775390625,-32245,-177.1270751953125,400,4.0
3339,120670,198237,1.3785,2,1,0.00048828125,-15,-0.00732421875,2076,1.013671875,-4,-0.244140625,-3,-0.18310546875,10,0.6103515625,-24184,2091,31502,-197,-1.0821533203125,-3,-0.0164794921875,18903,103.8372802734375,401,4.01
3350,121072,198247,1.3835,0,0,0.0,-22,-0.0107421875,2091,1.02099609375,-5,-0.30517578125,-16,-0.9765625,8,0.48828125,-8068,-2204,-579,-191,-1.0491943359375,23,0.1263427734375,-19248,-105.732421875,397,3.97
3353,121178,198249,1.3845,1,-9,-0.00439453125,-20,-0.009765625,2055,1.00341796875,-2,-0.1220703125,-15,-0.91552734375,1,0.06103515625,-153,-5354,-4779,-98,-0.538330078125,37,0.2032470703125,-32245,-177.1270751953125,400,4.0
3356,121284,198251,1.3855,2,2,0.0009765625,-15,-0.00732421875,2076,1.013671875,-4,-0.244140625,-3,-0.18310546875,9,0.54931640625,-24155,2077,31491,-197,-1.0821533203125,-3,-0.0164794921875,18903,103.8372802734375,401,4.01
3367,121686,198261,1.3905,0,-6,-0.0029296875,-22,-0.0107421875,2102,1.0263671875,-7,-0.42724609375,-15,-0.91552734375,6,0.3662109375,-8091,-2228,-570,-191,-1.0491943359375,23,0.1263427734375,-19248,-105.732421875,397,3.97
3370,121792,198263,1.3915,1,-5,-0.00244140625,-20,-0.009765625,2061,1.00634765625,-1,-0.06103515625,-15,-0.91552734375,0,0.0,-165,-5374,-4797,-98,-0.538330078125,37,0.2032470703125,-32245,-177.1270751953125,400,4.0
3377,122046,198269,1.3945,2,2,0.0009765625,-15,-0.00732421875,2075,1.01318359375,-3,-0.18310546875,-4,-0.244140625,9,0.54931640625,-24150,2085,31481,-197,-1.0821533203125,-3,-0.0164794921875,18903,103.8372802734375,401,4.01
3384,122300,198275,1.3975,0,-3,-0.00146484375,-19,-0.00927734375,2099,1.02490234375,-8,-0.48828125,-15,-0.91552734375,6,0.3662109375,-8081,-2236,-603,-191,-1.0491943359375,23,0.1263427734375,-19248,-105.732421875,397,3.97
3391,122554,198281,1.4005,1,-6,-0.0029296875,-18,-0.0087890625,2056,1.00390625,1,0.06103515625,-16,-0.9765625,2,0.1220703125,-159,-5361,-4823,-98,-0.538330078125,37,0.2032470703125,-32245,-177.1270751953125,400,4.0
3392,122586,198281,1.4005,2,2,0.0009765625,-15,-0.00732421875,2075,1.01318359375,-4,-0.244140625,-4,-0.244140625,10,0.6103515625,-24150,2046,31427,-197,-1.0821533203125,-3,-0.0164794921875,18903,103.8372802734375,401,4.01
3405,123062,198293,1.4065,0,-3,-0.00146484375,-19,-0.00927734375,2099,1.02490234375,-8,-0.48828125,-15,-0.91552734375,6,0.3662109375,-8081,-2236,-603,-191,-1.0491943359375,23,0.1263427734375,-19248,-105.732421875,397,3.97
3406,123094,198293,1.4065,1,-8,-0.00390625,-20,-0.009765625,2052,1.001953125,3,0.18310546875,-13,-0.79345703125,-1,-0.06103515625,-178,-5373,-4783,-98,-0.538330078125,37,0.2032470703125,-32246,-177.132568359375,399,3.99
3407,123126,198293,1.4065,2,1,0.00048828125,-14,-0.0068359375,2075,1.01318359375,-3,-0.18310546875,-4,-0.244140625,10,0.6103515625,-24156,2060,31435,-197,-1.0821533203125,-3,-0.0164794921875,18903,103.8372802734375,401,4.01
3420,123602,198305,1.4125,0,-5,-0.00244140625,-20,-0.009765625,2099,1.02490234375,-5,-0.30517578125,-16,-0.9765625,5,0.30517578125,-8079,-2197,-660,-191,-1.0491943359375,23,0.1263427734375,-19248,-105.732421875,398,3.98
3421,123634,198305,1.4125,1,-7,-0.00341796875,-17,-0.00830078125,2056,1.00390625,-3,-0.18310546875,-15,-0.91552734375,-2,-0.1220703125,-212,-5395,-4771,-98,-0.538330078125,37,0.2032470703125,-32246,-177.132568359375,399,3.99
3424,123740,198307,1.4135,2,0,0.0,-15,-0.00732421875,2074,1.0126953125,-3,-0.18310546875,-4,-0.244140625,10,0.6103515625,-24166,2043,31446,-197,-1.0821533203125,-3,-0.0164794921875,18903,103.8372802734375,401,4.01
3435,124142,198317,1.4185,0,-3,-0.00146484375,-20,-0.009765625,2100,1.025390625,-8,-0.48828125,-17,-1.03759765625,9,0.54931640625,-8068,-2216,-630,-191,-1.0491943359375,23,0.1263427734375,-19248,-105.732421875,398,3.98
3438,124248,198319,1.4195,1,-9,-0.00439453125,-21,-0.01025390625,2050,1.0009765625,-1,-0.06103515625,-15,-0.91552734375,-2,-0.1220703125,-162,-5385,-4751,-98,-0.538330078125,37,0.2032470703125,-32246,-177.132568359375,399,3.99
3441,124354,198321,1.4205,2,0,0.0,-15,-0.00732421875,2074,1.0126953125,-4,-0.244140625,-4,-0.244140625,9,0.54931640625,-24176,1999,31437,-197,-1.0821533203125,-3,-0.0164794921875,18903,103.8372802734375,401,4.01
3452,124756,198331,1.4255,0,-9,-0.00439453125,-19,-0.00927734375,2106,1.0283203125,-8,-0.48828125,-17,-1.03759765625,5,0.30517578125,-8076,-2192,-621,-191,-1.0491943359375,23,0.1263427734375,-19247,-105.7269287109375,398,3.98
3455,124862,198333,1.4265,1,-8,-0.00390625,-20,-0.009765625,2060,1.005859375,-2,-0.1220703125,-14,-0.8544921875,0,0.0,-156,-5376,-4748,-98,-0.538330078125,37,0.2032470703125,-32246,-177.132568359375,399,3.99
3462,125116,198339,1.4295,2,1,0.00048828125,-15,-0.00732421875,2075,1.01318359375,-4,-0.244140625,-4,-0.244140625,9,0.54931640625,-24184,2020,31424,-197,-1.0821533203125,-3,-0.0164794921875,18903,103.8372802734375,401,4.01
3469,125370,198345,1.4325,0,-6,-0.0029296875,-18,-0.0087890625,2094,1.0224609375,-9,-0.54931640625,-15,-0.91552734375,4,0.244140625,-8072,-2194,-640,-191,-1.0491943359375,23,0.1263427734375,-19247,-105.7269287109375,398,3.98
3476,125624,198351,1.4355,1,-5,-0.00244140625,-20,-0.009765625,2054,1.0029296875,0,0.0,-15,-0.91552734375,-1,-0.06103515625,-168,-5374,-4731,-98,-0.538330078125,37,0.2032470703125,-32246,-177.132568359375,399,3.99
3477,125656,198351,1.4355,2,1,0.00048828125,-15,-0.00732421875,2075,1.01318359375,-4,-0.244140625,-4,-0.244140625,9,0.54931640625,-24171,2058,31437,-197,-1.0821533203125,-3,-0.0164794921875,18903,103.8372802734375,401,4.01
3490,126132,198363,1.4415,0,-3,-0.00146484375,-17,-0.00830078125,2101,1.02587890625,-7,-0.42724609375,-13,-0.79345703125,4,0.244140625,-8080,-2188,-598,-191,-1.0491943359375,23,0.1263427734375,-19247,-105.7269287109375,398,3.98
3491,126164,198363,1.4415,1,-6,-0.0029296875,-23,-0.01123046875,2056,1.00390625,3,0.18310546875,-17,-1.03759765625,1,0.06103515625,-170,-5342,-4712,-98,-0.538330078125,37,0.2032470703125,-32246,-177.132568359375,399,3.99
3492,126196,198363,1.4415,2,2,0.0009765625,-15,-0.00732421875,2075,1.01318359375,-4,-0.244140625,-4,-0.244140625,10,0.6103515625,-24174,2066,31422,-197,-1.0821533203125,-3,-0.0164794921875,18903,103.8372802734375,400,4.0
3505,126672,198375,1.4475,0,-4,-0.001953125,-17,-0.00830078125,2095,1.02294921875,-8,-0.48828125,-17,-1.03759765625,3,0.18310546875,-8063,-2185,-571,-191,-1.0491943359375,23,0.1263427734375,-19247,-105.7269287109375,398,3.98
3506,126704,198375,1.4475,1,-8,-0.00390625,-20,-0.009765625,2055,1.00341796875,0,0.0,-15,-0.91552734375,-2,-0.1220703125,-163,-5352,-4681,-98,-0.538330078125,37,0.2032470703125,-32246,-177.132568359375,399,3.99
3509,126810,198377,1.4485,2,2,0.0009765625,-15,-0.00732421875,2074,1.0126953125,-3,-0.18310546875,-4,-0.244140625,10,0.6103515625,-24188,2058,31434,-197,-1.0821533203125,-3,-0.0164794921875,18903,103.8372802734375,400,4.0
3520,127212,198387,1.4535,0,-7,-0.00341796875,-20,-0.009765625,2103,1.02685546875,-7,-0.42724609375,-15,-0.91552734375,6,0.3662109375,-8070,-2178,-581,-191,-1.0491943359375,23,0.1263427734375,-19247,-105.7269287109375,398,3.98
3523,127318,198389,1.4545,1,-6,-0.0029296875,-17,-0.00830078125,2058,1.0048828125,-2,-0.1220703125,-13,-0.79345703125,-2,-0.1220703125,-161,-5345,-4733,-98,-0.538330078125,37,0.2032470703125,-32246,-177.132568359375,399,3.99
3526,127424,198391,1.4555,2,1,0.00048828125,-15,-0.00732421875,2074,1.0126953125,-4,-0.244140625,-4,-0.244140625,10,0.6103515625,-24180,2059,31439,-197,-1.0821533203125,-3,-0.0164794921875,18903,103.8372802734375,401,4.01
3537,127826,198401,1.4605,0,-1,-0.00048828125,-16,-0.0078125,2100,1.025390625,-9,-0.54931640625,-15,-0.91552734375,6,0.3662109375,-8081,-2178,-593,-191,-1.0491943359375,23,0.1263427734375,-19247,-105.7269287109375,398,3.98
3540,127932,198403,1.4615,1,-5,-0.00244140625,-20,-0.009765625,2055,1.00341796875,-1,-0.06103515625,-15,-0.91552734375,1,0.06103515625,-133,-5358,-4750,-98,-0.538330078125,37,0.2032470703125,-32246,-177.132568359375,399,3.99
3547,128186,198409,1.4645,2,1,0.00048828125,-14,-0.0068359375,2074,1.0126953125,-4,-0.244140625,-4,-0.244140625,9,0.54931640625,-24174,2057,31423,-197,-1.0821533203125,-3,-0.0164794921875,18903,103.8372802734375,401,4.01
3554,128440,198415,1.4675,0,-5,-0.00244140625,-21,-0.01025390625,2098,1.0244140625,-4,-0.244140625,-15,-0.91552734375,6,0.3662109375,-8069,-2176,-634,-191,-1.0491943359375,23,0.1263427734375,-19247,-105.7269287109375,398,3.98
3561,128694,198421,1.4705,1,-4,-0.001953125,-21,-0.01025390625,2058,1.0048828125,-1,-0.06103515625,-13,-0.79345703125,-2,-0.1220703125,-135,-5363,-4775,-98,-0.538330078125,37,0.2032470703125,-32247,-177.1380615234375,399,3.99
3562,128726,198421,1.4705,2,2,0.0009765625,-14,-0.0068359375,2074,1.0126953125,-3,-0.18310546875,-3,-0.18310546875,9,0.54931640625,-24167,2061,31433,-197,-1.0821533203125,-3,-0.0164794921875,18903,103.8372802734375,401,4.01
3571,129054,198429,1.4745,0,-1,-0.00048828125,-18,-0.0087890625,2096,1.0234375,-10,-0.6103515625,-15,-0.91552734375,6,0.3662109375,-8080,-2191,-637,-191,-1.0491943359375,23,0.1263427734375,-19247,-105.7269287109375,399,3.99
3576,129234,198433,1.4765,1,-5,-0.00244140625,-23,-0.01123046875,2058,1.0048828125,-3,-0.18310546875,-16,-0.9765625,0,0.0,-142,-5357,-4764,-98,-0.538330078125,37,0.2032470703125,-32247,-177.1380615234375,399,3.99
3577,129266,198433,1.4765,2,3,0.00146484375,-15,-0.00732421875,2075,1.01318359375,-3,-0.18310546875,-3,-0.18310546875,10,0.6103515625,-24196,2099,31432,-197,-1.0821533203125,-3,-0.0164794921875,18903,103.8372802734375,401,4.01
3590,129742,198445,1.4825,0,-5,-0.00244140625,-21,-0.01025390625,2090,1.0205078125,-9,-0.54931640625,-17,-1.03759765625,5,0.30517578125,-8078,-2168,-610,-191,-1.0491943359375,23,0.1263427734375,-19247,-105.7269287109375,398,3.98
3591,129774,198445,1.4825,1,-5,-0.00244140625,-19,-0.00927734375,2051,1.00146484375,1,0.06103515625,-16,-0.9765625,-2,-0.1220703125,-146,-5337,-4762,-98,-0.538330078125,37,0.2032470703125,-32247,-177.1380615234375,399,3.99
3594,129880,198447,1.4835,2,3,0.00146484375,-15,-0.00732421875,2075,1.01318359375,-4,-0.244140625,-4,-0.244140625,10,0.6103515625,-24181,2075,31437,-197,-1.0821533203125,-3,-0.0164794921875,18903,103.8372802734375,401,4.01
3605,130282,198457,1.4885,0,-5,-0.00244140625,-18,-0.0087890625,2105,1.02783203125,-11,-0.67138671875,-16,-0.9765625,5,0.30517578125,-8072,-2172,-622,-191,-1.0491943359375,23,0.1263427734375,-19247,-105.7269287109375,398,3.98
3608,130388,198459,1.4895,1,-7,-0.00341796875,-19,-0.00927734375,2061,1.00634765625,0,0.0,-14,-0.8544921875,0,0.0,-131,-5331,-4762,-98,-0.538330078125,37,0.2032470703125,-32247,-177.1380615234375,399,3.99
3611,130494,198461,1.4905,2,2,0.0009765625,-15,-0.00732421875,2075,1.01318359375,-3,-0.18310546875,-4,-0.244140625,10,0.6103515625,-24187,2058,31445,-197,-1.0821533203125,-3,-0.0164794921875,18903,103.8372802734375,401,4.01
3622,130896,198471,1.4955,0,-5,-0.00244140625,-18,-0.0087890625,2105,1.02783203125,-11,-0.67138671875,-16,-0.9765625,5,0.30517578125,-8072,-2172,-622,-191,-1.0491943359375,23,0.1263427734375,-19247,-105.7269287109375,398,3.98
3625,131002,198473,1.4965,1,-6,-0.0029296875,-16,-0.0078125,2059,1.00537109375,-2,-0.1220703125,-14,-0.8544921875,-3,-0.18310546875,-164,-5344,-4750,-98,-0.538330078125,37,0.2032470703125,-32247,-177.1380615234375,399,3.99
3632,131256,198479,1.4995,2,2,0.0009765625,-14,-0.0068359375,2075,1.01318359375,-3,-0.18310546875,-4,-0.244140625,10,0.6103515625,-24218,2060,31449,-197,-1.0821533203125,-3,-0.0164794921875,18903,103.8372802734375,401,4.01
3639,131510,198485,1.5025,0,-2,-0.0009765625,-19,-0.00927734375,2099,1.02490234375,-8,-0.48828125,-18,-1.0986328125,4,0.244140625,-8059,-2180,-650,-191,-1.0491943359375,23,0.1263427734375,-19247,-105.7269287109375,397,3.97
3646,131764,198491,1.5055,1,-9,-0.00439453125,-18,-0.0087890625,2059,1.00537109375,0,0.0,-13,-0.79345703125,1,0.06103515625,-155,-5351,-4748,-98,-0.538330078125,37,0.2032470703125,-32247,-177.1380615234375,399,3.99
3647,131796,198491,1.5055,2,2,0.0009765625,-14,-0.0068359375,2075,1.01318359375,-4,-0.244140625,-4,-0.244140625,10,0.6103515625,-24192,2049,31426,-197,-1.0821533203125,-3,-0.0164794921875,18903,103.8372802734375,401,4.01
3656,132124,198499,1.5095,0,-6,-0.0029296875,-19,-0.00927734375,2099,1.02490234375,-8,-0.48828125,-15,-0.91552734375,6,0.3662109375,-8042,-2207,-629,-191,-1.0491943359375,23,0.1263427734375,-19247,-105.7269287109375,397,3.97
3661,132304,198503,1.5115,1,-7,-0.00341796875,-18,-0.0087890625,2059,1.00537109375,1,0.06103515625,-16,-0.9765625,-1,-0.06103515625,-145,-5343,-4757,-98,-0.538330078125,37,0.2032470703125,-32247,-177.1380615234375,399,3.99
3662,132336,198503,1.5115,2,2,0.0009765625,-15,-0.00732421875,2075,1.01318359375,-3,-0.18310546875,-4,-0.244140625,10,0.6103515625,-24211,2051,31460,-197,-1.0821533203125,-3,-0.0164794921875,18903,103.8372802734375,401,4.01
3675,132812,198515,1.5175,0,-5,-0.00244140625,-24,-0.01171875,2101,1.02587890625,-7,-0.42724609375,-15,-0.91552734375,6,0.3662109375,-8030,-2217,-635,-191,-1.0491943359375,23,0.1263427734375,-19247,-105.7269287109375,397,3.97
3676,132844,198515,1.5175,1,-6,-0.0029296875,-22,-0.0107421875,2061,1.00634765625,2,0.1220703125,-15,-0.91552734375,-1,-0.06103515625,-137,-5338,-4776,-98,-0.538330078125,37,0.2032470703125,-32247,-177.1380615234375,399,3.99
3679,132950,198517,1.5185,2,2,0.0009765625,-15,-0.00732421875,2075,1.01318359375,-4,-0.244140625,-4,-0.244140625,10,0.6103515625,-24190,2029,31417,-197,-1.0821533203125,-3,-0.0164794921875,18903,103.8372802734375,401,4.01
3690,133352,198527,1.5235,0,-6,-0.0029296875,-16,-0.0078125,2099,1.02490234375,-9,-0.54931640625,-14,-0.8544921875,4,0.244140625,-8038,-2235,-610,-191,-1.0491943359375,23,0.1263427734375,-19247,-105.7269287109375,397,3.97
3693,133458,198529,1.5245,1,-7,-0.00341796875,-19,-0.00927734375,2056,1.00390625,-3,-0.18310546875,-14,-0.8544921875,-1,-0.06103515625,-160,-5337,-4767,-98,-0.538330078125,37,0.2032470703125,-32247,-177.1380615234375,399,3.99
3696,133564,198531,1.5255,2,2,0.0009765625,-15,-0.00732421875,2075,1.01318359375,-4,-0.244140625,-4,-0.244140625,10,0.6103515625,-24168,2017,31465,-197,-1.0821533203125,-3,-0.0164794921875,18903,103.8372802734375,401,4.01
3707,133966,198541,1.5305,0,-6,-0.0029296875,-16,-0.0078125,2099,1.02490234375,-9,-0.54931640625,-14,-0.8544921875,4,0.244140625,-8038,-2235,-610,-191,-1.0491943359375,23,0.1263427734375,-19247,-105.7269287109375,397,3.97
3710,134072,198543,1.5315,1,-6,-0.0029296875,-20,-0.009765625,2052,1.001953125,-3,-0.18310546875,-16,-0.9765625,0,0.0,-165,-5351,-4742,-98,-0.538330078125,37,0.2032470703125,-32247,-177.1380615234375,399,3.99
3717,134326,198549,1.5345,2,2,0.0009765625,-15,-0.00732421875,2075,1.01318359375,-4,-0.244140625,-4,-0.244140625,10,0.6103515625,-24177,2019,31461,-197,-1.0821533203125,-3,-0.0164794921875,18903,103.8372802734375,401,4.01
3724,134580,198555,1.5375,0,-4,-0.001953125,-19,-0.00927734375,2100,1.025390625,-9,-0.54931640625,-16,-0.9765625,5,0.30517578125,-8057,-2264,-641,-191,-1.0491943359375,23,0.1263427734375,-19247,-105.7269287109375,397,3.97
3727,134686,198557,1.5385,1,-6,-0.0029296875,-19,-0.00927734375,2058,1.0048828125,0,0.0,-16,-0.9765625,-1,-0.06103515625,-150,-5365,-4726,-98,-0.538330078125,37,0.2032470703125,-32247,-177.1380615234375,399,3.99
3732,134866,198561,1.5405,2,2,0.0009765625,-15,-0.00732421875,2075,1.01318359375,-4,-0.244140625,-4,-0.244140625,10,0.6103515625,-24186,2038,31455,-197,-1.0821533203125,-3,-0.0164794921875,18903,103.8372802734375,401,4.01
3741,135194,198569,1.5445,0,-5,-0.00244140625,-22,-0.0107421875,2099,1.02490234375,-10,-0.6103515625,-16,-0.9765625,6,0.3662109375,-8061,-2266,-620,-191,-1.0491943359375,23,0.1263427734375,-19247,-105.7269287109375,397,3.97
3746,135374,198573,1.5465,1,-7,-0.00341796875,-21,-0.01025390625,2058,1.0048828125,-1,-0.06103515625,-14,-0.8544921875,2,0.1220703125,-123,-5383,-4732,-98,-0.538330078125,37,0.2032470703125,-32248,-177.1435546875,400,4.0
3747,135406,198573,1.5465,2,2,0.0009765625,-15,-0.00732421875,2073,1.01220703125,-4,-0.244140625,-4,-0.244140625,10,0.6103515625,-24200,2035,31436,-197,-1.0821533203125,-3,-0.0164794921875,18903,103.8372802734375,402,4.02
3766,136104,198591,1.5555,0,-6,-0.0029296875,-20,-0.009765625,2098,1.0244140625,-7,-0.42724609375,-16,-0.9765625,6,0.3662109375,-8058,-2274,-643,-191,-1.0491943359375,23,0.1263427734375,-19247,-105.7269287109375,397,3.97
3767,136136,198591,1.5555,1,-7,-0.00341796875,-18,-0.0087890625,2061,1.00634765625,0,0.0,-16,-0.9765625,0,0.0,-136,-5365,-4704,-98,-0.538330078125,37,0.2032470703125,-32248,-177.1435546875,400,4.0
3769,136205,198592,1.556,2,2,0.0009765625,-14,-0.0068359375,2073,1.01220703125,-4,-0.244140625,-4,-0.244140625,9,0.54931640625,-24192,2019,31459,-197,-1.0821533203125,-3,-0.0164794921875,18903,103.8372802734375,402,4.02
3778,136533,198600,1.56,0,-4,-0.001953125,-18,-0.0087890625,2098,1.0244140625,-8,-0.48828125,-18,-1.0986328125,6,0.3662109375,-8060,-2269,-627,-191,-1.0491943359375,23,0.1263427734375,-19247,-105.7269287109375,396,3.96
3779,136565,198600,1.56,1,-5,-0.00244140625,-18,-0.0087890625,2052,1.001953125,-2,-0.1220703125,-15,-0.91552734375,0,0.0,-157,-5392,-4667,-98,-0.538330078125,37,0.2032470703125,-32248,-177.1435546875,400,4.0
3781,136634,198601,1.5605,2,2,0.0009765625,-14,-0.0068359375,2073,1.01220703125,-4,-0.244140625,-4,-0.244140625,10,0.6103515625,-24186,2041,31450,-197,-1.0821533203125,-3,-0.0164794921875,18903,103.8372802734375,401,4.01
3792,137036,198611,1.5655,0,0,0.0,-17,-0.00830078125,2102,1.0263671875,-9,-0.54931640625,-17,-1.03759765625,4,0.244140625,-8057,-2274,-622,-191,-1.0491943359375,23,0.1263427734375,-19247,-105.7269287109375,396,3.96
3795,137142,198613,1.5665,1,-5,-0.00244140625,-20,-0.009765625,2057,1.00439453125,-1,-0.06103515625,-16,-0.9765625,-1,-0.06103515625,-150,-5348,-4694,-98,-0.538330078125,37,0.2032470703125,-32248,-177.1435546875,400,4.0
3802,137396,198619,1.5695,2,3,0.00146484375,-15,-0.00732421875,2073,1.01220703125,-4,-0.244140625,-4,-0.244140625,10,0.6103515625,-24197,2039,31445,-197,-1.0821533203125,-3,-0.0164794921875,18903,103.8372802734375,401,4.01
3809,137650,198625,1.5725,0,-4,-0.001953125,-20,-0.009765625,2092,1.021484375,-8,-0.48828125,-15,-0.91552734375,5,0.30517578125,-8064,-2281,-601,-191,-1.0491943359375,23,0.1263427734375,-19247,-105.7269287109375,396,3.96
3812,137756,198627,1.5735,1,-7,-0.00341796875,-14,-0.0068359375,2058,1.0048828125,0,0.0,-15,-0.91552734375,0,0.0,-138,-5349,-4749,-98,-0.538330078125,37,0.2032470703125,-32248,-177.1435546875,400,4.0
3817,137936,198631,1.5755,2,3,0.00146484375,-14,-0.0068359375,2074,1.0126953125,-4,-0.244140625,-4,-0.244140625,10,0.6103515625,-24185,2024,31485,-197,-1.0821533203125,-3,-0.0164794921875,18903,103.8372802734375,401,4.01
3826,138264,198639,1.5795,0,-3,-0.00146484375,-21,-0.01025390625,2100,1.025390625,-8,-0.48828125,-14,-0.8544921875,5,0.30517578125,-8063,-2265,-650,-191,-1.0491943359375,23,0.1263427734375,-19247,-105.7269287109375,396,3.96
3831,138444,198643,1.5815,1,-5,-0.00244140625,-18,-0.0087890625,2056,1.00390625,1,0.06103515625,-16,-0.9765625,0,0.0,-159,-5335,-4740,-98,-0.538330078125,37,0.2032470703125,-32248,-177.1435546875,401,4.01
3833,138513,198644,1.582,2,2,0.0009765625,-13,-0.00634765625,2075,1.01318359375,-3,-0.18310546875,-4,-0.244140625,10,0.6103515625,-24213,2036,31537,-197,-1.0821533203125,-3,-0.0164794921875,18903,103.8372802734375,401,4.01
3845,138952,198655,1.5875,0,-1,-0.00048828125,-17,-0.00830078125,2102,1.0263671875,-8,-0.48828125,-16,-0.9765625,6,0.3662109375,-8066,-2263,-617,-191,-1.0491943359375,23,0.1263427734375,-19247,-105.7269287109375,397,3.97
3846,138984,198655,1.5875,1,-6,-0.0029296875,-19,-0.00927734375,2060,1.005859375,1,0.06103515625,-14,-0.8544921875,-3,-0.18310546875,-149,-5313,-4739,-98,-0.538330078125,37,0.2032470703125,-32249,-177.1490478515625,401,4.01
3849,139090,198657,1.5885,2,2,0.0009765625,-13,-0.00634765625,2075,1.01318359375,-3,-0.18310546875,-4,-0.244140625,10,0.6103515625,-24222,2051,31538,-197,-1.0821533203125,-3,-0.0164794921875,18903,103.8372802734375,401,4.01
3860,139492,198667,1.5935,0,0,0.0,-21,-0.01025390625,2096,1.0234375,-7,-0.42724609375,-14,-0.8544921875,5,0.30517578125,-8082,-2262,-602,-191,-1.0491943359375,23,0.1263427734375,-19247,-105.7269287109375,397,3.97
3863,139598,198669,1.5945,1,-4,-0.001953125,-22,-0.0107421875,2058,1.0048828125,-1,-0.06103515625,-15,-0.91552734375,-1,-0.06103515625,-146,-5311,-4702,-98,-0.538330078125,37,0.2032470703125,-32249,-177.1490478515625,401,4.01
3866,139704,198671,1.5955,2,2,0.0009765625,-13,-0.00634765625,2075,1.01318359375,-3,-0.18310546875,-4,-0.244140625,10,0.6103515625,-24254,2036,31539,-197,-1.0821533203125,-3,-0.0164794921875,18903,103.8372802734375,401,4.01
3877,140106,198681,1.6005,0,-5,-0.00244140625,-18,-0.0087890625,2097,1.02392578125,-10,-0.6103515625,-16,-0.9765625,5,0.30517578125,-8113,-2261,-603,-191,-1.0491943359375,23,0.1263427734375,-19247,-105.7269287109375,397,3.97
3880,140212,198683,1.6015,1,-8,-0.00390625,-19,-0.00927734375,2061,1.00634765625,-1,-0.06103515625,-13,-0.79345703125,0,0.0,-156,-5313,-4739,-98,-0.538330078125,37,0.2032470703125,-32249,-177.1490478515625,401,4.01
3883,140318,198685,1.6025,2,3,0.00146484375,-14,-0.0068359375,2075,1.01318359375,-4,-0.244140625,-4,-0.244140625,10,0.6103515625,-24253,2027,31559,-197,-1.0821533203125,-3,-0.0164794921875,18903,103.8372802734375,401,4.01
3894,140720,198695,1.6075,0,-4,-0.001953125,-20,-0.009765625,2099,1.02490234375,-8,-0.48828125,-16,-0.9765625,5,0.30517578125,-8127,-2236,-587,-191,-1.0491943359375,23,0.1263427734375,-19247,-105.7269287109375,397,3.97
3897,140826,198697,1.6085,1,-9,-0.00439453125,-19,-0.00927734375,2059,1.00537109375,-1,-0.06103515625,-14,-0.8544921875,-1,-0.06103515625,-146,-5324,-4705,-98,-0.538330078125,37,0.2032470703125,-32249,-177.1490478515625,401,4.01
3902,141006,198701,1.6105,2,2,0.0009765625,-14,-0.0068359375,2074,1.0126953125,-4,-0.244140625,-4,-0.244140625,10,0.6103515625,-24247,2049,31582,-197,-1.0821533203125,-3,-0.0164794921875,18903,103.8372802734375,401,4.01
3911,141334,198709,1.6145,0,-4,-0.001953125,-22,-0.0107421875,2103,1.02685546875,-7,-0.42724609375,-15,-0.91552734375,6,0.3662109375,-8126,-2236,-598,-191,-1.0491943359375,23,0.1263427734375,-19247,-105.7269287109375,397,3.97
3916,141514,198713,1.6165,1,-6,-0.0029296875,-20,-0.009765625,2062,1.0068359375,-2,-0.1220703125,-15,-0.91552734375,-2,-0.1220703125,-144,-5347,-4747,-98,-0.538330078125,37,0.2032470703125,-32249,-177.1490478515625,401,4.01
3917,141546,198713,1.6165,2,1,0.00048828125,-15,-0.00732421875,2075,1.01318359375,-4,-0.244140625,-4,-0.244140625,10,0.6103515625,-24252,2022,31588,-197,-1.0821533203125,-3,-0.0164794921875,18903,103.8372802734375,401,4.01
3930,142022,198725,1.6225,0,-4,-0.001953125,-22,-0.0107421875,2103,1.02685546875,-7,-0.42724609375,-15,-0.91552734375,6,0.3662109375,-8126,-2236,-598,-191,-1.0491943359375,23,0.1263427734375,-19247,-105.7269287109375,397,3.97
3931,142054,198725,1.6225,1,-8,-0.00390625,-17,-0.00830078125,2053,1.00244140625,2,0.1220703125,-15,-0.91552734375,-1,-0.06103515625,-111,-5327,-4746,-98,-0.538330078125,37,0.2032470703125,-32249,-177.1490478515625,401,4.01
3934,142160,198727,1.6235,2,1,0.00048828125,-15,-0.00732421875,2075,1.01318359375,-4,-0.244140625,-4,-0.244140625,10,0.6103515625,-24262,2015,31583,-197,-1.0821533203125,-3,-0.0164794921875,18903,103.8372802734375,401,4.01
3945,142562,198737,1.6285,0,-5,-0.00244140625,-19,-0.00927734375,2099,1.02490234375,-8,-0.48828125,-15,-0.91552734375,5,0.30517578125,-8137,-2274,-602,-191,-1.0491943359375,23,0.1263427734375,-19247,-105.7269287109375,397,3.97
3948,142668,198739,1.6295,1,-8,-0.00390625,-20,-0.009765625,2059,1.00537109375,1,0.06103515625,-14,-0.8544921875,0,0.0,-136,-5313,-4716,-98,-0.538330078125,37,0.2032470703125,-32249,-177.1490478515625,401,4.01
3951,142774,198741,1.6305,2,1,0.00048828125,-15,-0.00732421875,2074,1.0126953125,-4,-0.244140625,-4,-0.244140625,10,0.6103515625,-24264,2029,31565,-197,-1.0821533203125,-3,-0.0164794921875,18903,103.8372802734375,401,4.01
3962,143176,198751,1.6355,0,-3,-0.00146484375,-21,-0.01025390625,2096,1.0234375,-8,-0.48828125,-15,-0.91552734375,6,0.3662109375,-8143,-2300,-604,-191,-1.0491943359375,23,0.1263427734375,-19247,-105.7269287109375,397,3.97
3965,143282,198753,1.6365,1,-4,-0.001953125,-19,-0.00927734375,2054,1.0029296875,0,0.0,-16,-0.9765625,-2,-0.1220703125,-128,-5311,-4730,-98,-0.538330078125,37,0.2032470703125,-32249,-177.1490478515625,401,4.01
3968,143388,198755,1.6375,2,1,0.00048828125,-14,-0.0068359375,2075,1.01318359375,-4,-0.244140625,-4,-0.244140625,10,0.6103515625,-24265,2052,31587,-197,-1.0821533203125,-3,-0.0164794921875,18903,103.8372802734375,400,4.0
3979,143790,198765,1.6425,0,-4,-0.001953125,-18,-0.0087890625,2097,1.02392578125,-8,-0.48828125,-16,-0.9765625,6,0.3662109375,-8151,-2299,-650,-191,-1.0491943359375,23,0.1263427734375,-19247,-105.7269287109375,397,3.97
3982,143896,198767,1.6435,1,-6,-0.0029296875,-20,-0.009765625,2057,1.00439453125,0,0.0,-14,-0.8544921875,-4,-0.244140625,-130,-5323,-4745,-98,-0.538330078125,37,0.2032470703125,-32249,-177.1490478515625,401,4.01
3987,144076,198771,1.6455,2,1,0.00048828125,-14,-0.0068359375,2075,1.01318359375,-3,-0.18310546875,-4,-0.244140625,9,0.54931640625,-24254,2056,31604,-197,-1.0821533203125,-3,-0.0164794921875,18903,103.8372802734375,400,4.0
3996,144404,198779,1.6495,0,-4,-0.001953125,-20,-0.009765625,2099,1.02490234375,-7,-0.42724609375,-13,-0.79345703125,5,0.30517578125,-8149,-2288,-649,-191,-1.0491943359375,23,0.1263427734375,-19247,-105.7269287109375,397,3.97
4001,144584,198783,1.6515,1,-6,-0.0029296875,-16,-0.0078125,2056,1.00390625,0,0.0,-16,-0.9765625,0,0.0,-136,-5332,-4728,-98,-0.538330078125,37,0.2032470703125,-32250,-177.154541015625,401,4.01
4002,144616,198783,1.6515,2,2,0.0009765625,-14,-0.0068359375,2075,1.01318359375,-4,-0.244140625,-4,-0.244140625,10,0.6103515625,-24250,2049,31572,-197,-1.0821533203125,-3,-0.0164794921875,18903,103.8372802734375,400,4.0
4015,145092,198795,1.6575,0,-4,-0.001953125,-20,-0.009765625,2099,1.02490234375,-7,-0.42724609375,-13,-0.79345703125,5,0.30517578125,-8149,-2288,-649,-191,-1.0491943359375,23,0.1263427734375,-19247,-105.7269287109375,397,3.97
4016,145124,198795,1.6575,1,-6,-0.0029296875,-21,-0.01025390625,2052,1.001953125,1,0.06103515625,-14,-0.8544921875,0,0.0,-141,-5347,-4749,-98,-0.538330078125,37,0.2032470703125,-32250,-177.154541015625,400,4.0
4019,145230,198797,1.6585,2,2,0.0009765625,-14,-0.0068359375,2075,1.01318359375,-3,-0.18310546875,-4,-0.244140625,10,0.6103515625,-24216,2042,31579,-197,-1.0821533203125,-3,-0.0164794921875,18903,103.8372802734375,401,4.01
4030,145632,198807,1.6635,0,-5,-0.00244140625,-17,-0.00830078125,2097,1.02392578125,-9,-0.54931640625,-16,-0.9765625,8,0.48828125,-8125,-2294,-648,-191,-1.0491943359375,23,0.1263427734375,-19247,-105.7269287109375,397,3.97
4033,145738,198809,1.6645,1,-8,-0.00390625,-22,-0.0107421875,2054,1.0029296875,-2,-0.1220703125,-13,-0.79345703125,-1,-0.06103515625,-130,-5360,-4751,-98,-0.538330078125,37,0.2032470703125,-32250,-177.154541015625,400,4.0
4036,145844,198811,1.6655,2,2,0.0009765625,-14,-0.0068359375,2073,1.01220703125,-3,-0.18310546875,-4,-0.244140625,10,0.6103515625,-24214,2065,31627,-197,-1.0821533203125,-3,-0.0164794921875,18903,103.8372802734375,401,4.01
4047,146246,198821,1.6705,0,-2,-0.0009765625,-19,-0.00927734375,2099,1.02490234375,-8,-0.48828125,-17,-1.03759765625,7,0.42724609375,-8115,-2281,-653,-191,-1.0491943359375,23,0.1263427734375,-19247,-105.7269287109375,397,3.97
4050,146352,198823,1.6715,1,-7,-0.00341796875,-19,-0.00927734375,2059,1.00537109375,-3,-0.18310546875,-14,-0.8544921875,1,0.06103515625,-122,-5345,-4702,-98,-0.538330078125,37,0.2032470703125,-32250,-177.154541015625,400,4.0
4053,146458,198825,1.6725,2,2,0.0009765625,-14,-0.0068359375,2074,1.0126953125,-3,-0.18310546875,-4,-0.244140625,10,0.6103515625,-24229,2074,31536,-197,-1.0821533203125,-3,-0.0164794921875,18903,103.8372802734375,401,4.01
4064,146860,198835,1.6775,0,-3,-0.00146484375,-20,-0.009765625,2098,1.0244140625,-8,-0.48828125,-15,-0.91552734375,7,0.42724609375,-8130,-2292,-630,-191,-1.0491943359375,23,0.1263427734375,-19247,-105.7269287109375,397,3.97
4067,146966,198837,1.6785,1,-6,-0.0029296875,-20,-0.009765625,2056,1.00390625,0,0.0,-15,-0.91552734375,3,0.18310546875,-144,-5338,-4713,-98,-0.538330078125,37,0.2032470703125,-32250,-177.154541015625,400,4.0
4072,147146,198841,1.6805,2,3,0.00146484375,-15,-0.00732421875,2075,1.01318359375,-4,-0.244140625,-4,-0.244140625,10,0.6103515625,-24216,2063,31528,-197,-1.0821533203125,-3,-0.0164794921875,18903,103.8372802734375,401,4.01
4081,147474,198849,1.6845,0,-3,-0.00146484375,-22,-0.0107421875,2094,1.0224609375,-9,-0.54931640625,-18,-1.0986328125,4,0.244140625,-8139,-2299,-624,-191,-1.0491943359375,23,0.1263427734375,-19247,-105.7269287109375,397,3.97
4086,147654,198853,1.6865,1,-6,-0.0029296875,-23,-0.01123046875,2054,1.0029296875,3,0.18310546875,-16,-0.9765625,1,0.06103515625,-140,-5340,-4765,-98,-0.538330078125,37,0.2032470703125,-32250,-177.154541015625,400,4.0
4087,147686,198853,1.6865,2,3,0.00146484375,-15,-0.00732421875,2076,1.013671875,-4,-0.244140625,-4,-0.244140625,9,0.54931640625,-24212,2035,31508,-197,-1.0821533203125,-3,-0.0164794921875,18903,103.8372802734375,401,4.01
4100,148162,198865,1.6925,0,-3,-0.00146484375,-22,-0.0107421875,2094,1.0224609375,-9,-0.54931640625,-18,-1.0986328125,4,0.244140625,-8139,-2299,-624,-191,-1.0491943359375,23,0.1263427734375,-19247,-105.7269287109375,397,3.97
4101,148194,198865,1.6925,1,-7,-0.00341796875,-19,-0.00927734375,2061,1.00634765625,-3,-0.18310546875,-16,-0.9765625,0,0.0,-144,-5353,-4728,-98,-0.538330078125,37,0.2032470703125,-32250,-177.154541015625,400,4.0
4104,148300,198867,1.6935,2,2,0.0009765625,-15,-0.00732421875,2076,1.013671875,-3,-0.18310546875,-4,-0.244140625,10,0.6103515625,-24213,2016,31538,-197,-1.0821533203125,-3,-0.0164794921875,18903,103.8372802734375,401,4.01
4115,148702,198877,1.6985,0,-3,-0.00146484375,-18,-0.0087890625,2095,1.02294921875,-9,-0.54931640625,-14,-0.8544921875,5,0.30517578125,-8159,-2286,-672,-191,-1.0491943359375,23,0.1263427734375,-19247,-105.7269287109375,396,3.96
4118,148808,198879,1.6995,1,-6,-0.0029296875,-20,-0.009765625,2054,1.0029296875,1,0.06103515625,-15,-0.91552734375,-1,-0.06103515625,-133,-5377,-4750,-98,-0.538330078125,37,0.2032470703125,-32250,-177.154541015625,400,4.0
4121,148914,198881,1.7005,2,2,0.0009765625,-15,-0.00732421875,2075,1.01318359375,-3,-0.18310546875,-4,-0.244140625,10,0.6103515625,-24192,2004,31556,-197,-1.0821533203125,-3,-0.0164794921875,18903,103.8372802734375,401,4.01
4132,149316,198891,1.7055,0,-3,-0.00146484375,-17,-0.00830078125,2096,1.0234375,-9,-0.54931640625,-17,-1.03759765625,7,0.42724609375,-8156,-2285,-659,-191,-1.0491943359375,23,0.1263427734375,-19247,-105.7269287109375,396,3.96
4135,149422,198893,1.7065,1,-4,-0.001953125,-20,-0.009765625,2059,1.00537109375,-2,-0.1220703125,-14,-0.8544921875,-2,-0.1220703125,-128,-5372,-4736,-98,-0.538330078125,37,0.2032470703125,-32250,-177.154541015625,399,3.99
4138,149528,198895,1.7075,2,2,0.0009765625,-15,-0.00732421875,2074,1.0126953125,-4,-0.244140625,-3,-0.18310546875,10,0.6103515625,-24227,2006,31519,-197,-1.0821533203125,-3,-0.0164794921875,18903,103.8372802734375,401,4.01
4149,149930,198905,1.7125,0,-4,-0.001953125,-19,-0.00927734375,2098,1.0244140625,-7,-0.42724609375,-16,-0.9765625,5,0.30517578125,-8159,-2272,-638,-191,-1.0491943359375,23,0.1263427734375,-19247,-105.7269287109375,396,3.96
4152,150036,198907,1.7135,1,-6,-0.0029296875,-18,-0.0087890625,2058,1.0048828125,0,0.0,-15,-0.91552734375,-2,-0.1220703125,-99,-5363,-4746,-98,-0.538330078125,37,0.2032470703125,-32251,-177.1600341796875,399,3.99
4157,150216,198911,1.7155,2,2,0.0009765625,-15,-0.00732421875,2075,1.01318359375,-4,-0.244140625,-4,-0.244140625,10,0.6103515625,-24211,2016,31528,-197,-1.0821533203125,-3,-0.0164794921875,18903,103.8372802734375,401,4.01
4166,150544,198919,1.7195,0,-5,-0.00244140625,-22,-0.0107421875,2094,1.0224609375,-8,-0.48828125,-17,-1.03759765625,7,0.42724609375,-8150,-2296,-637,-191,-1.0491943359375,23,0.1263427734375,-19247,-105.7269287109375,396,3.96
4171,150724,198923,1.7215,1,-5,-0.00244140625,-20,-0.009765625,2056,1.00390625,1,0.06103515625,-13,-0.79345703125,0,0.0,-121,-5370,-4723,-98,-0.538330078125,37,0.2032470703125,-32251,-177.1600341796875,399,3.99
4172,150756,198923,1.7215,2,2,0.0009765625,-15,-0.00732421875,2075,1.01318359375,-4,-0.244140625,-4,-0.244140625,10,0.6103515625,-24224,2011,31548,-197,-1.0821533203125,-3,-0.0164794921875,18903,103.8372802734375,401,4.01
4185,151232,198935,1.7275,0,-5,-0.00244140625,-20,-0.009765625,2098,1.0244140625,-7,-0.42724609375,-15,-0.91552734375,5,0.30517578125,-8132,-2274,-670,-191,-1.0491943359375,23,0.1263427734375,-19247,-105.7269287109375,396,3.96
4186,151264,198935,1.7275,1,-10,-0.0048828125,-20,-0.009765625,2059,1.00537109375,-4,-0.244140625,-14,-0.8544921875,-2,-0.1220703125,-112,-5353,-4684,-98,-0.538330078125,37,0.2032470703125,-32251,-177.1600341796875,399,3.99
4189,151370,198937,1.7285,2,1,0.00048828125,-14,-0.0068359375,2073,1.01220703125,-4,-0.244140625,-4,-0.244140625,9,0.54931640625,-24248,2005,31536,-197,-1.0821533203125,-3,-0.0164794921875,18903,103.8372802734375,401,4.01
4228,152808,198975,1.7475,0,-7,-0.00341796875,-21,-0.01025390625,2100,1.025390625,-6,-0.3662109375,-14,-0.8544921875,6,0.3662109375,-8138,-2251,-650,-191,-1.0491943359375,23,0.1263427734375,-19247,-105.7269287109375,395,3.95
4229,152840,198975,1.7475,1,-5,-0.00244140625,-19,-0.00927734375,2057,1.00439453125,1,0.06103515625,-14,-0.8544921875,0,0.0,-103,-5358,-4665,-98,-0.538330078125,37,0.2032470703125,-32251,-177.1600341796875,399,3.99
4232,152946,198977,1.7485,1,-9,-0.00439453125,-19,-0.00927734375,2058,1.0048828125,0,0.0,-12,-0.732421875,1,0.06103515625,-175,-5377,-4743,-98,-0.538330078125,37,0.2032470703125,-32251,-177.1600341796875,400,4.0
4235,153052,198979,1.7495,2,1,0.00048828125,-15,-0.00732421875,2076,1.013671875,-4,-0.244140625,-4,-0.244140625,11,0.67138671875,-24222,1969,31491,-197,-1.0821533203125,-3,-0.0164794921875,18903,103.8372802734375,402,4.02
4246,153454,198989,1.7545,0,-3,-0.00146484375,-20,-0.009765625,2097,1.02392578125,-8,-0.48828125,-15,-0.91552734375,4,0.244140625,-8116,-2218,-713,-191,-1.0491943359375,23,0.1263427734375,-19247,-105.7269287109375,395,3.95
4249,153560,198991,1.7555,1,-7,-0.00341796875,-20,-0.009765625,2060,1.005859375,1,0.06103515625,-15,-0.91552734375,0,0.0,-160,-5367,-4745,-98,-0.538330078125,37,0.2032470703125,-32251,-177.1600341796875,400,4.0
4270,154332,199011,1.7655,2,1,0.00048828125,-15,-0.00732421875,2076,1.013671875,-4,-0.244140625,-4,-0.244140625,10,0.6103515625,-24201,1973,31515,-197,-1.0821533203125,-3,-0.0164794921875,18903,103.8372802734375,402,4.02
4271,154364,199011,1.7655,0,-6,-0.0029296875,-20,-0.009765625,2098,1.0244140625,-7,-0.42724609375,-16,-0.9765625,7,0.42724609375,-8132,-2234,-690,-191,-1.0491943359375,23,0.1263427734375,-19247,-105.7269287109375,395,3.95
4273,154433,199012,1.766,1,-7,-0.00341796875,-19,-0.00927734375,2058,1.0048828125,-1,-0.06103515625,-15,-0.91552734375,0,0.0,-135,-5350,-4748,-98,-0.538330078125,37,0.2032470703125,-32251,-177.1600341796875,401,4.01
4274,154465,199012,1.766,2,1,0.00048828125,-14,-0.0068359375,2075,1.01318359375,-4,-0.244140625,-4,-0.244140625,10,0.6103515625,-24193,1983,31481,-197,-1.0821533203125,-3,-0.0164794921875,18903,103.8372802734375,401,4.01
4284,154830,199021,1.7705,0,-4,-0.001953125,-21,-0.01025390625,2098,1.0244140625,-9,-0.54931640625,-15,-0.91552734375,5,0.30517578125,-8133,-2231,-656,-191,-1.0491943359375,23,0.1263427734375,-19246,-105.721435546875,395,3.95
4285,154862,199021,1.7705,1,-3,-0.00146484375,-19,-0.00927734375,2056,1.00390625,0,0.0,-12,-0.732421875,-2,-0.1220703125,-125,-5343,-4749,-98,-0.538330078125,37,0.2032470703125,-32252,-177.16552734375,401,4.01
4286,154894,199021,1.7705,2,1,0.00048828125,-14,-0.0068359375,2075,1.01318359375,-4,-0.244140625,-3,-0.18310546875,10,0.6103515625,-24203,1971,31502,-197,-1.0821533203125,-3,-0.0164794921875,18903,103.8372802734375,401,4.01
4298,155333,199032,1.776,0,-2,-0.0009765625,-18,-0.0087890625,2100,1.025390625,-10,-0.6103515625,-16,-0.9765625,6,0.3662109375,-8142,-2226,-637,-191,-1.0491943359375,23,0.1263427734375,-19246,-105.721435546875,395,3.95
4300,155402,199033,1.7765,1,-7,-0.00341796875,-19,-0.00927734375,2058,1.0048828125,-1,-0.06103515625,-15,-0.91552734375,0,0.0,-150,-5334,-4764,-98,-0.538330078125,37,0.2032470703125,-32252,-177.16552734375,401,4.01
4303,155508,199035,1.7775,2,1,0.00048828125,-14,-0.0068359375,2075,1.01318359375,-4,-0.244140625,-3,-0.18310546875,10,0.6103515625,-24216,1958,31547,-197,-1.0821533203125,-3,-0.0164794921875,18903,103.8372802734375,401,4.01
4314,155910,199045,1.7825,0,-2,-0.0009765625,-18,-0.0087890625,2100,1.025390625,-10,-0.6103515625,-16,-0.9765625,6,0.3662109375,-8142,-2226,-637,-191,-1.0491943359375,23,0.1263427734375,-19246,-105.721435546875,395,3.95
4317,156016,199047,1.7835,1,-8,-0.00390625,-20,-0.009765625,2056,1.00390625,2,0.1220703125,-16,-0.9765625,-1,-0.06103515625,-123,-5309,-4693,-98,-0.538330078125,37,0.2032470703125,-32252,-177.16552734375,401,4.01
4320,156122,199049,1.7845,2,1,0.00048828125,-14,-0.0068359375,2075,1.01318359375,-4,-0.244140625,-3,-0.18310546875,10,0.6103515625,-24209,1970,31544,-197,-1.0821533203125,-3,-0.0164794921875,18903,103.8372802734375,401,4.01
4331,156524,199059,1.7895,0,-3,-0.00146484375,-19,-0.00927734375,2098,1.0244140625,-9,-0.54931640625,-17,-1.03759765625,4,0.244140625,-8140,-2232,-636,-191,-1.0491943359375,23,0.1263427734375,-19246,-105.721435546875,395,3.95
4334,156630,199061,1.7905,1,-7,-0.00341796875,-19,-0.00927734375,2057,1.00439453125,-1,-0.06103515625,-15,-0.91552734375,0,0.0,-93,-5306,-4689,-98,-0.538330078125,37,0.2032470703125,-32252,-177.16552734375,401,4.01
4341,156884,199067,1.7935,2,2,0.0009765625,-15,-0.00732421875,2075,1.01318359375,-4,-0.244140625,-4,-0.244140625,10,0.6103515625,-24235,1946,31537,-197,-1.0821533203125,-3,-0.0164794921875,18903,103.8372802734375,401,4.01
4348,157138,199073,1.7965,0,-3,-0.00146484375,-17,-0.00830078125,2102,1.0263671875,-8,-0.48828125,-15,-0.91552734375,6,0.3662109375,-8142,-2213,-649,-191,-1.0491943359375,23,0.1263427734375,-19246,-105.721435546875,395,3.95
4355,157392,199079,1.7995,1,-6,-0.0029296875,-19,-0.00927734375,2059,1.00537109375,0,0.0,-15,-0.91552734375,1,0.06103515625,-77,-5320,-4638,-98,-0.538330078125,37,0.2032470703125,-32252,-177.16552734375,401,4.01
4356,157424,199079,1.7995,2,2,0.0009765625,-15,-0.00732421875,2076,1.013671875,-3,-0.18310546875,-3,-0.18310546875,9,0.54931640625,-24209,1934,31554,-197,-1.0821533203125,-3,-0.0164794921875,18903,103.8372802734375,401,4.01
4369,157900,199091,1.8055,0,-4,-0.001953125,-19,-0.00927734375,2094,1.0224609375,-9,-0.54931640625,-15,-0.91552734375,4,0.244140625,-8145,-2220,-698,-191,-1.0491943359375,23,0.1263427734375,-19246,-105.721435546875,395,3.95
4370,157932,199091,1.8055,1,-6,-0.0029296875,-20,-0.009765625,2054,1.0029296875,-1,-0.06103515625,-14,-0.8544921875,-4,-0.244140625,-116,-5328,-4640,-98,-0.538330078125,37,0.2032470703125,-32252,-177.16552734375,401,4.01
4371,157964,199091,1.8055,2,2,0.0009765625,-15,-0.00732421875,2076,1.013671875,-4,-0.244140625,-4,-0.244140625,10,0.6103515625,-24196,1942,31529,-197,-1.0821533203125,-3,-0.0164794921875,18903,103.8372802734375,401,4.01
4383,158403,199102,1.811,0,-9,-0.00439453125,-18,-0.0087890625,2096,1.0234375,-6,-0.3662109375,-13,-0.79345703125,5,0.30517578125,-8147,-2223,-719,-191,-1.0491943359375,23,0.1263427734375,-19246,-105.721435546875,396,3.96
4385,158472,199103,1.8115,1,-7,-0.00341796875,-17,-0.00830078125,2051,1.00146484375,2,0.1220703125,-13,-0.79345703125,-2,-0.1220703125,-104,-5323,-4598,-98,-0.538330078125,37,0.2032470703125,-32252,-177.16552734375,401,4.01
4388,158578,199105,1.8125,2,2,0.0009765625,-15,-0.00732421875,2075,1.01318359375,-4,-0.244140625,-4,-0.244140625,10,0.6103515625,-24203,1950,31496,-197,-1.0821533203125,-3,-0.0164794921875,18903,103.8372802734375,401,4.01
4399,158980,199115,1.8175,0,-9,-0.00439453125,-18,-0.0087890625,2096,1.0234375,-6,-0.3662109375,-13,-0.79345703125,5,0.30517578125,-8147,-2223,-719,-191,-1.0491943359375,23,0.1263427734375,-19246,-105.721435546875,396,3.96
4402,159086,199117,1.8185,1,-4,-0.001953125,-18,-0.0087890625,2055,1.00341796875,0,0.0,-15,-0.91552734375,1,0.06103515625,-99,-5314,-4577,-98,-0.538330078125,37,0.2032470703125,-32252,-177.16552734375,401,4.01
4405,159192,199119,1.8195,2,2,0.0009765625,-15,-0.00732421875,2075,1.01318359375,-3,-0.18310546875,-4,-0.244140625,10,0.6103515625,-24180,1973,31480,-197,-1.0821533203125,-3,-0.0164794921875,18903,103.8372802734375,401,4.01
4416,159594,199129,1.8245,0,-6,-0.0029296875,-19,-0.00927734375,2101,1.02587890625,-9,-0.54931640625,-15,-0.91552734375,6,0.3662109375,-8144,-2237,-692,-191,-1.0491943359375,23,0.1263427734375,-19246,-105.721435546875,396,3.96
4419,159700,199131,1.8255,1,-5,-0.00244140625,-20,-0.009765625,2054,1.0029296875,-1,-0.06103515625,-14,-0.8544921875,1,0.06103515625,-111,-5309,-4573,-98,-0.538330078125,37,0.2032470703125,-32252,-177.16552734375,401,4.01
4426,159954,199137,1.8285,2,2,0.0009765625,-14,-0.0068359375,2075,1.01318359375,-3,-0.18310546875,-4,-0.244140625,10,0.6103515625,-24216,2001,31502,-197,-1.0821533203125,-3,-0.0164794921875,18903,103.8372802734375,401,4.01
4433,160208,199143,1.8315,0,-4,-0.001953125,-16,-0.0078125,2100,1.025390625,-9,-0.54931640625,-15,-0.91552734375,6,0.3662109375,-8139,-2225,-696,-191,-1.0491943359375,23,0.1263427734375,-19246,-105.721435546875,396,3.96
4440,160462,199149,1.8345,1,-5,-0.00244140625,-20,-0.009765625,2057,1.00439453125,-1,-0.06103515625,-16,-0.9765625,-1,-0.06103515625,-120,-5302,-4660,-98,-0.538330078125,37,0.2032470703125,-32253,-177.1710205078125,401,4.01
4441,160494,199149,1.8345,2,2,0.0009765625,-14,-0.0068359375,2075,1.01318359375,-3,-0.18310546875,-4,-0.244140625,10,0.6103515625,-24215,2006,31493,-197,-1.0821533203125,-3,-0.0164794921875,18903,103.8372802734375,401,4.01
4454,160970,199161,1.8405,0,-6,-0.0029296875,-22,-0.0107421875,2095,1.02294921875,-9,-0.54931640625,-15,-0.91552734375,6,0.3662109375,-8136,-2239,-666,-191,-1.0491943359375,23,0.1263427734375,-19246,-105.721435546875,396,3.96
4455,161002,199161,1.8405,1,-9,-0.00439453125,-18,-0.0087890625,2056,1.00390625,-2,-0.1220703125,-14,-0.8544921875,-2,-0.1220703125,-111,-5306,-4646,-98,-0.538330078125,37,0.2032470703125,-32253,-177.1710205078125,401,4.01
4456,161034,199161,1.8405,2,2,0.0009765625,-13,-0.00634765625,2075,1.01318359375,-4,-0.244140625,-4,-0.244140625,10,0.6103515625,-24222,2006,31459,-197,-1.0821533203125,-3,-0.0164794921875,18903,103.8372802734375,400,4.0
4468,161473,199172,1.846,0,-4,-0.001953125,-20,-0.009765625,2097,1.02392578125,-7,-0.42724609375,-16,-0.9765625,5,0.30517578125,-8128,-2246,-630,-191,-1.0491943359375,23,0.1263427734375,-19246,-105.721435546875,396,3.96
4470,161542,199173,1.8465,1,-4,-0.001953125,-19,-0.00927734375,2056,1.00390625,0,0.0,-15,-0.91552734375,-1,-0.06103515625,-109,-5296,-4672,-98,-0.538330078125,37,0.2032470703125,-32253,-177.1710205078125,401,4.01
4473,161648,199175,1.8475,2,1,0.00048828125,-14,-0.0068359375,2076,1.013671875,-3,-0.18310546875,-4,-0.244140625,10,0.6103515625,-24216,2006,31480,-197,-1.0821533203125,-3,-0.0164794921875,18903,103.8372802734375,400,4.0
4484,162050,199185,1.8525,0,-6,-0.0029296875,-19,-0.00927734375,2098,1.0244140625,-8,-0.48828125,-15,-0.91552734375,3,0.18310546875,-8121,-2251,-612,-191,-1.0491943359375,23,0.1263427734375,-19246,-105.721435546875,396,3.96
4487,162156,199187,1.8535,1,-7,-0.00341796875,-18,-0.0087890625,2059,1.00537109375,0,0.0,-15,-0.91552734375,-3,-0.18310546875,-100,-5305,-4642,-98,-0.538330078125,37,0.2032470703125,-32253,-177.1710205078125,401,4.01
4490,162262,199189,1.8545,2,1,0.00048828125,-14,-0.0068359375,2074,1.0126953125,-3,-0.18310546875,-4,-0.244140625,10,0.6103515625,-24213,2030,31452,-197,-1.0821533203125,-3,-0.0164794921875,18903,103.8372802734375,400,4.0
4501,162664,199199,1.8595,0,-6,-0.0029296875,-20,-0.009765625,2101,1.02587890625,-9,-0.54931640625,-15,-0.91552734375,8,0.48828125,-8152,-2254,-624,-191,-1.0491943359375,23,0.1263427734375,-19246,-105.721435546875,396,3.96
4504,162770,199201,1.8605,1,-6,-0.0029296875,-20,-0.009765625,2056,1.00390625,-1,-0.06103515625,-14,-0.8544921875,-2,-0.1220703125,-95,-5317,-4654,-98,-0.538330078125,37,0.2032470703125,-32253,-177.1710205078125,401,4.01
4511,163024,199207,1.8635,2,2,0.0009765625,-14,-0.0068359375,2075,1.01318359375,-3,-0.18310546875,-4,-0.244140625,9,0.54931640625,-24213,2015,31422,-197,-1.0821533203125,-3,-0.0164794921875,18903,103.8372802734375,401,4.01
4518,163278,199213,1.8665,0,-5,-0.00244140625,-17,-0.00830078125,2096,1.0234375,-7,-0.42724609375,-15,-0.91552734375,7,0.42724609375,-8146,-2257,-634,-191,-1.0491943359375,23,0.1263427734375,-19246,-105.721435546875,396,3.96
4525,163532,199219,1.8695,1,-6,-0.0029296875,-17,-0.00830078125,2056,1.00390625,-4,-0.244140625,-13,-0.79345703125,-2,-0.1220703125,-117,-5351,-4664,-98,-0.538330078125,37,0.2032470703125,-32253,-177.1710205078125,401,4.01
4526,163564,199219,1.8695,2,1,0.00048828125,-14,-0.0068359375,2075,1.01318359375,-4,-0.244140625,-4,-0.244140625,10,0.6103515625,-24190,2033,31435,-197,-1.0821533203125,-3,-0.0164794921875,18903,103.8372802734375,401,4.01
4539,164040,199231,1.8755,0,-3,-0.00146484375,-21,-0.01025390625,2101,1.02587890625,-9,-0.54931640625,-15,-0.91552734375,4,0.244140625,-8127,-2255,-722,-191,-1.0491943359375,23,0.1263427734375,-19246,-105.721435546875,396,3.96
4540,164072,199231,1.8755,1,-6,-0.0029296875,-22,-0.0107421875,2059,1.00537109375,-1,-0.06103515625,-13,-0.79345703125,-1,-0.06103515625,-149,-5340,-4756,-98,-0.538330078125,38,0.208740234375,-32254,-177.176513671875,401,4.01
4541,164104,199231,1.8755,2,2,0.0009765625,-14,-0.0068359375,2074,1.0126953125,-4,-0.244140625,-4,-0.244140625,10,0.6103515625,-24206,2026,31419,-197,-1.0821533203125,-3,-0.0164794921875,18903,103.8372802734375,401,4.01
4560,164802,199249,1.8845,0,-4,-0.001953125,-20,-0.009765625,2093,1.02197265625,-8,-0.48828125,-18,-1.0986328125,5,0.30517578125,-8116,-2263,-728,-191,-1.0491943359375,23,0.1263427734375,-19246,-105.721435546875,396,3.96
4561,164834,199249,1.8845,1,-6,-0.0029296875,-21,-0.01025390625,2059,1.00537109375,-1,-0.06103515625,-14,-0.8544921875,0,0.0,-132,-5358,-4736,-98,-0.538330078125,38,0.208740234375,-32254,-177.176513671875,401,4.01
4562,164866,199249,1.8845,2,2,0.0009765625,-15,-0.00732421875,2075,1.01318359375,-4,-0.244140625,-4,-0.244140625,10,0.6103515625,-24219,2018,31417,-197,-1.0821533203125,-3,-0.0164794921875,18903,103.8372802734375,401,4.01
4571,165194,199257,1.8885,0,-5,-0.00244140625,-17,-0.00830078125,2098,1.0244140625,-9,-0.54931640625,-16,-0.9765625,7,0.42724609375,-8108,-2261,-739,-191,-1.0491943359375,23,0.1263427734375,-19246,-105.721435546875,396,3.96
4573,165263,199258,1.889,1,-7,-0.00341796875,-19,-0.00927734375,2058,1.0048828125,0,0.0,-15,-0.91552734375,0,0.0,-130,-5379,-4679,-98,-0.538330078125,38,0.208740234375,-32254,-177.176513671875,401,4.01
4575,165332,199259,1.8895,2,2,0.0009765625,-16,-0.0078125,2075,1.01318359375,-3,-0.18310546875,-3,-0.18310546875,10,0.6103515625,-24228,1989,31480,-197,-1.0821533203125,-3,-0.0164794921875,18903,103.8372802734375,401,4.01
4586,165734,199269,1.8945,0,-2,-0.0009765625,-21,-0.01025390625,2096,1.0234375,-8,-0.48828125,-14,-0.8544921875,2,0.1220703125,-8108,-2258,-761,-191,-1.0491943359375,23,0.1263427734375,-19246,-105.721435546875,396,3.96
4589,165840,199271,1.8955,1,-5,-0.00244140625,-17,-0.00830078125,2059,1.00537109375,1,0.06103515625,-14,-0.8544921875,-2,-0.1220703125,-120,-5367,-4669,-98,-0.538330078125,38,0.208740234375,-32254,-177.176513671875,401,4.01
4596,166094,199277,1.8985,2,2,0.0009765625,-15,-0.00732421875,2074,1.0126953125,-4,-0.244140625,-4,-0.244140625,10,0.6103515625,-24210,1989,31453,-197,-1.0821533203125,-3,-0.0164794921875,18903,103.8372802734375,401,4.01
4603,166348,199283,1.9015,0,-6,-0.0029296875,-20,-0.009765625,2100,1.025390625,-7,-0.42724609375,-15,-0.91552734375,5,0.30517578125,-8112,-2259,-746,-191,-1.0491943359375,23,0.1263427734375,-19246,-105.721435546875,397,3.97
4610,166602,199289,1.9045,1,-5,-0.00244140625,-22,-0.0107421875,2058,1.0048828125,-2,-0.1220703125,-16,-0.9765625,-2,-0.1220703125,-93,-5370,-4649,-98,-0.538330078125,38,0.208740234375,-32254,-177.176513671875,401,4.01
4611,166634,199289,1.9045,2,2,0.0009765625,-14,-0.0068359375,2075,1.01318359375,-4,-0.244140625,-4,-0.244140625,10,0.6103515625,-24204,2006,31450,-197,-1.0821533203125,-3,-0.0164794921875,18903,103.8372802734375,401,4.01
4624,167110,199301,1.9105,0,-6,-0.0029296875,-20,-0.009765625,2100,1.025390625,-7,-0.42724609375,-15,-0.91552734375,5,0.30517578125,-8112,-2259,-746,-191,-1.0491943359375,23,0.1263427734375,-19246,-105.721435546875,397,3.97
4625,167142,199301,1.9105,1,-8,-0.00390625,-18,-0.0087890625,2057,1.00439453125,-1,-0.06103515625,-15,-0.91552734375,1,0.06103515625,-97,-5367,-4623,-98,-0.538330078125,38,0.208740234375,-32254,-177.176513671875,400,4.0
4627,167211,199302,1.911,2,2,0.0009765625,-14,-0.0068359375,2075,1.01318359375,-3,-0.18310546875,-4,-0.244140625,10,0.6103515625,-24209,1969,31458,-197,-1.0821533203125,-3,-0.0164794921875,18903,103.8372802734375,401,4.01
4638,167613,199312,1.916,0,-4,-0.001953125,-25,-0.01220703125,2102,1.0263671875,-9,-0.54931640625,-16,-0.9765625,6,0.3662109375,-8099,-2252,-680,-191,-1.0491943359375,23,0.1263427734375,-19246,-105.721435546875,397,3.97
4640,167682,199313,1.9165,1,-9,-0.00439453125,-21,-0.01025390625,2058,1.0048828125,-2,-0.1220703125,-13,-0.79345703125,-1,-0.06103515625,-119,-5345,-4623,-98,-0.538330078125,38,0.208740234375,-32254,-177.176513671875,400,4.0
4643,167788,199315,1.9175,2,3,0.00146484375,-14,-0.0068359375,2075,1.01318359375,-3,-0.18310546875,-4,-0.244140625,10,0.6103515625,-24208,1965,31497,-197,-1.0821533203125,-3,-0.0164794921875,18903,103.8372802734375,401,4.01
4654,168190,199325,1.9225,0,-1,-0.00048828125,-19,-0.00927734375,2095,1.02294921875,-8,-0.48828125,-16,-0.9765625,6,0.3662109375,-8095,-2261,-669,-191,-1.0491943359375,23,0.1263427734375,-19246,-105.721435546875,397,3.97
4657,168296,199327,1.9235,1,-9,-0.00439453125,-18,-0.0087890625,2057,1.00439453125,0,0.0,-14,-0.8544921875,-1,-0.06103515625,-102,-5341,-4591,-98,-0.538330078125,38,0.208740234375,-32254,-177.176513671875,400,4.0
4660,168402,199329,1.9245,2,2,0.0009765625,-14,-0.0068359375,2075,1.01318359375,-3,-0.18310546875,-3,-0.18310546875,10,0.6103515625,-24210,1989,31472,-197,-1.0821533203125,-3,-0.0164794921875,18903,103.8372802734375,401,4.01
4671,168804,199339,1.9295,0,-5,-0.00244140625,-20,-0.009765625,2097,1.02392578125,-10,-0.6103515625,-17,-1.03759765625,5,0.30517578125,-8087,-2284,-631,-191,-1.0491943359375,23,0.1263427734375,-19246,-105.721435546875,397,3.97
4674,168910,199341,1.9305,1,-9,-0.00439453125,-22,-0.0107421875,2058,1.0048828125,-2,-0.1220703125,-14,-0.8544921875,-1,-0.06103515625,-88,-5342,-4590,-98,-0.538330078125,38,0.208740234375,-32255,-177.1820068359375,400,4.0
4681,169164,199347,1.9335,2,2,0.0009765625,-14,-0.0068359375,2075,1.01318359375,-4,-0.244140625,-4,-0.244140625,10,0.6103515625,-24222,1973,31476,-197,-1.0821533203125,-3,-0.0164794921875,18903,103.8372802734375,401,4.01
4688,169418,199353,1.9365,0,-4,-0.001953125,-19,-0.00927734375,2099,1.02490234375,-8,-0.48828125,-17,-1.03759765625,6,0.3662109375,-8076,-2276,-641,-191,-1.0491943359375,23,0.1263427734375,-19246,-105.721435546875,397,3.97
4695,169672,199359,1.9395,1,-5,-0.00244140625,-17,-0.00830078125,2058,1.0048828125,-1,-0.06103515625,-16,-0.9765625,0,0.0,-86,-5330,-4595,-98,-0.538330078125,38,0.208740234375,-32255,-177.1820068359375,400,4.0
4696,169704,199359,1.9395,2,2,0.0009765625,-14,-0.0068359375,2075,1.01318359375,-3,-0.18310546875,-4,-0.244140625,10,0.6103515625,-24203,1974,31470,-197,-1.0821533203125,-3,-0.0164794921875,18903,103.8372802734375,401,4.01
4709,170180,199371,1.9455,0,-4,-0.001953125,-19,-0.00927734375,2099,1.02490234375,-8,-0.48828125,-17,-1.03759765625,6,0.3662109375,-8076,-2276,-641,-191,-1.0491943359375,23,0.1263427734375,-19246,-105.721435546875,397,3.97
4710,170212,199371,1.9455,1,-7,-0.00341796875,-16,-0.0078125,2055,1.00341796875,-2,-0.1220703125,-16,-0.9765625,-1,-0.06103515625,-97,-5379,-4532,-98,-0.538330078125,38,0.208740234375,-32255,-177.1820068359375,400,4.0
4711,170244,199371,1.9455,2,1,0.00048828125,-14,-0.0068359375,2075,1.01318359375,-3,-0.18310546875,-4,-0.244140625,10,0.6103515625,-24220,1984,31457,-197,-1.0821533203125,-3,-0.0164794921875,18903,103.8372802734375,401,4.01
4723,170683,199382,1.951,0,-2,-0.0009765625,-21,-0.01025390625,2097,1.02392578125,-9,-0.54931640625,-18,-1.0986328125,5,0.30517578125,-8040,-2276,-584,-191,-1.0491943359375,23,0.1263427734375,-19246,-105.721435546875,397,3.97
4725,170752,199383,1.9515,1,-8,-0.00390625,-19,-0.00927734375,2061,1.00634765625,1,0.06103515625,-14,-0.8544921875,-2,-0.1220703125,-90,-5370,-4519,-98,-0.538330078125,38,0.208740234375,-32255,-177.1820068359375,400,4.0
4728,170858,199385,1.9525,2,1,0.00048828125,-14,-0.0068359375,2075,1.01318359375,-4,-0.244140625,-4,-0.244140625,10,0.6103515625,-24231,1995,31484,-197,-1.0821533203125,-3,-0.0164794921875,18903,103.8372802734375,402,4.02
4739,171260,199395,1.9575,0,-4,-0.001953125,-23,-0.01123046875,2097,1.02392578125,-8,-0.48828125,-14,-0.8544921875,7,0.42724609375,-8046,-2273,-568,-191,-1.0491943359375,23,0.1263427734375,-19246,-105.721435546875,397,3.97
4742,171366,199397,1.9585,1,-9,-0.00439453125,-20,-0.009765625,2053,1.00244140625,1,0.06103515625,-13,-0.79345703125,-2,-0.1220703125,-104,-5344,-4469,-98,-0.538330078125,38,0.208740234375,-32255,-177.1820068359375,400,4.0
4745,171472,199399,1.9595,2,1,0.00048828125,-14,-0.0068359375,2075,1.01318359375,-3,-0.18310546875,-4,-0.244140625,9,0.54931640625,-24284,2046,31451,-197,-1.0821533203125,-3,-0.0164794921875,18903,103.8372802734375,401,4.01
4756,171874,199409,1.9645,0,-4,-0.001953125,-20,-0.009765625,2099,1.02490234375,-5,-0.30517578125,-15,-0.91552734375,5,0.30517578125,-8065,-2276,-596,-191,-1.0491943359375,23,0.1263427734375,-19246,-105.721435546875,397,3.97
4759,171980,199411,1.9655,1,-9,-0.00439453125,-18,-0.0087890625,2060,1.005859375,0,0.0,-16,-0.9765625,-3,-0.18310546875,-123,-5348,-4521,-98,-0.538330078125,38,0.208740234375,-32255,-177.1820068359375,400,4.0
4766,172234,199417,1.9685,2,1,0.00048828125,-15,-0.00732421875,2074,1.0126953125,-4,-0.244140625,-3,-0.18310546875,9,0.54931640625,-24272,2029,31415,-197,-1.0821533203125,-3,-0.0164794921875,18903,103.8372802734375,401,4.01
4773,172488,199423,1.9715,0,-4,-0.001953125,-16,-0.0078125,2101,1.02587890625,-9,-0.54931640625,-14,-0.8544921875,4,0.244140625,-8067,-2278,-576,-191,-1.0491943359375,23,0.1263427734375,-19246,-105.721435546875,397,3.97
4780,172742,199429,1.9745,1,-6,-0.0029296875,-20,-0.009765625,2054,1.0029296875,0,0.0,-14,-0.8544921875,-1,-0.06103515625,-138,-5340,-4502,-98,-0.538330078125,38,0.208740234375,-32256,-177.1875,400,4.0
4781,172774,199429,1.9745,2,1,0.00048828125,-15,-0.00732421875,2074,1.0126953125,-4,-0.244140625,-3,-0.18310546875,10,0.6103515625,-24261,2014,31383,-197,-1.0821533203125,-3,-0.0164794921875,18903,103.8372802734375,401,4.01
4794,173250,199441,1.9805,0,-4,-0.001953125,-17,-0.00830078125,2099,1.02490234375,-9,-0.54931640625,-16,-0.9765625,5,0.30517578125,-8052,-2275,-572,-191,-1.0491943359375,23,0.1263427734375,-19246,-105.721435546875,397,3.97
4795,173282,199441,1.9805,1,-7,-0.00341796875,-19,-0.00927734375,2053,1.00244140625,-1,-0.06103515625,-14,-0.8544921875,-1,-0.06103515625,-105,-5379,-4528,-98,-0.538330078125,38,0.208740234375,-32256,-177.1875,399,3.99
4796,173314,199441,1.9805,2,1,0.00048828125,-14,-0.0068359375,2075,1.01318359375,-4,-0.244140625,-4,-0.244140625,10,0.6103515625,-24253,1987,31436,-197,-1.0821533203125,-3,-0.0164794921875,18903,103.8372802734375,401,4.01
4808,173753,199452,1.986,0,-8,-0.00390625,-19,-0.00927734375,2097,1.02392578125,-8,-0.48828125,-18,-1.0986328125,7,0.42724609375,-8077,-2263,-584,-191,-1.0491943359375,23,0.1263427734375,-19246,-105.721435546875,397,3.97
4810,173822,199453,1.9865,1,-6,-0.0029296875,-18,-0.0087890625,2058,1.0048828125,2,0.1220703125,-16,-0.9765625,-2,-0.1220703125,-96,-5405,-4546,-98,-0.538330078125,38,0.208740234375,-32256,-177.1875,399,3.99
4813,173928,199455,1.9875,2,2,0.0009765625,-13,-0.00634765625,2075,1.01318359375,-4,-0.244140625,-4,-0.244140625,10,0.6103515625,-24265,1993,31438,-197,-1.0821533203125,-3,-0.0164794921875,18903,103.8372802734375,401,4.01
4824,174330,199465,1.9925,0,-5,-0.00244140625,-23,-0.01123046875,2097,1.02392578125,-9,-0.54931640625,-15,-0.91552734375,3,0.18310546875,-8079,-2283,-594,-191,-1.0491943359375,23,0.1263427734375,-19246,-105.721435546875,397,3.97
4827,174436,199467,1.9935,1,-8,-0.00390625,-21,-0.01025390625,2061,1.00634765625,1,0.06103515625,-15,-0.91552734375,-2,-0.1220703125,-88,-5429,-4562,-98,-0.538330078125,38,0.208740234375,-32256,-177.1875,399,3.99
4830,174542,199469,1.9945,2,2,0.0009765625,-14,-0.0068359375,2076,1.013671875,-3,-0.18310546875,-4,-0.244140625,9,0.54931640625,-24263,2001,31512,-197,-1.0821533203125,-3,-0.0164794921875,18903,103.8372802734375,401,4.01
4841,174944,199479,1.9995,0,-4,-0.001953125,-22,-0.0107421875,2099,1.02490234375,-9,-0.54931640625,-17,-1.03759765625,4,0.244140625,-8075,-2300,-582,-191,-1.0491943359375,23,0.1263427734375,-19246,-105.721435546875,397,3.97
4844,175050,199481,2.0005,1,-10,-0.0048828125,-24,-0.01171875,2058,1.0048828125,1,0.06103515625,-15,-0.91552734375,0,0.0,-97,-5433,-4618,-98,-0.538330078125,38,0.208740234375,-32256,-177.1875,399,3.99
4851,175304,199487,2.0035,2,2,0.0009765625,-14,-0.0068359375,2076,1.013671875,-3,-0.18310546875,-4,-0.244140625,10,0.6103515625,-24250,1999,31497,-197,-1.0821533203125,-3,-0.0164794921875,18903,103.8372802734375,401,4.01
4858,175558,199493,2.0065,0,-3,-0.00146484375,-21,-0.01025390625,2098,1.0244140625,-8,-0.48828125,-16,-0.9765625,6,0.3662109375,-8073,-2305,-578,-191,-1.0491943359375,23,0.1263427734375,-19246,-105.721435546875,397,3.97
4865,175812,199499,2.0095,1,-8,-0.00390625,-22,-0.0107421875,2055,1.00341796875,1,0.06103515625,-16,-0.9765625,-2,-0.1220703125,-107,-5455,-4621,-98,-0.538330078125,38,0.208740234375,-32256,-177.1875,399,3.99
4866,175844,199499,2.0095,2,2,0.0009765625,-15,-0.00732421875,2076,1.013671875,-3,-0.18310546875,-4,-0.244140625,10,0.6103515625,-24245,1991,31511,-197,-1.0821533203125,-3,-0.0164794921875,18903,103.8372802734375,401,4.01
4896,176949,199528,2.024,0,-7,-0.00341796875,-20,-0.009765625,2098,1.0244140625,-10,-0.6103515625,-17,-1.03759765625,5,0.30517578125,-8080,-2265,-580,-191,-1.0491943359375,23,0.1263427734375,-19246,-105.721435546875,397,3.97
4912,177536,199543,2.0315,1,-10,-0.0048828125,-18,-0.0087890625,2055,1.00341796875,0,0.0,-14,-0.8544921875,-3,-0.18310546875,-120,-5410,-4614,-98,-0.538330078125,38,0.208740234375,-32256,-177.1875,399,3.99
4921,177864,199551,2.0355,0,-8,-0.00390625,-24,-0.01171875,2101,1.02587890625,-7,-0.42724609375,-15,-0.91552734375,6,0.3662109375,-8090,-2251,-644,-191,-1.0491943359375,23,0.1263427734375,-19246,-105.721435546875,396,3.96
4922,177896,199551,2.0355,1,-7,-0.00341796875,-19,-0.00927734375,2059,1.00537109375,-1,-0.06103515625,-15,-0.91552734375,-1,-0.06103515625,-125,-5370,-4621,-98,-0.538330078125,38,0.208740234375,-32257,-177.1929931640625,399,3.99
4925,178002,199553,2.0365,2,2,0.0009765625,-16,-0.0078125,2074,1.0126953125,-3,-0.18310546875,-4,-0.244140625,9,0.54931640625,-24197,2015,31522,-197,-1.0821533203125,-3,-0.0164794921875,18903,103.8372802734375,400,4.0
4936,178404,199563,2.0415,0,-5,-0.00244140625,-24,-0.01171875,2096,1.0234375,-6,-0.3662109375,-16,-0.9765625,6,0.3662109375,-8081,-2263,-640,-191,-1.0491943359375,23,0.1263427734375,-19246,-105.721435546875,396,3.96
4939,178510,199565,2.0425,1,-6,-0.0029296875,-19,-0.00927734375,2055,1.00341796875,0,0.0,-13,-0.79345703125,-1,-0.06103515625,-135,-5373,-4623,-98,-0.538330078125,38,0.208740234375,-32257,-177.1929931640625,399,3.99
4942,178616,199567,2.0435,2,2,0.0009765625,-15,-0.00732421875,2074,1.0126953125,-3,-0.18310546875,-4,-0.244140625,9,0.54931640625,-24213,2023,31510,-197,-1.0821533203125,-3,-0.0164794921875,18903,103.8372802734375,400,4.0
4953,179018,199577,2.0485,0,-2,-0.0009765625,-17,-0.00830078125,2097,1.02392578125,-8,-0.48828125,-16,-0.9765625,4,0.244140625,-8077,-2245,-650,-191,-1.0491943359375,23,0.1263427734375,-19246,-105.721435546875,396,3.96
4956,179124,199579,2.0495,1,-8,-0.00390625,-18,-0.0087890625,2058,1.0048828125,1,0.06103515625,-14,-0.8544921875,-2,-0.1220703125,-157,-5353,-4700,-98,-0.538330078125,38,0.208740234375,-32257,-177.1929931640625,399,3.99
4959,179230,199581,2.0505,2,2,0.0009765625,-14,-0.0068359375,2074,1.0126953125,-4,-0.244140625,-4,-0.244140625,10,0.6103515625,-24179,2028,31511,-197,-1.0821533203125,-3,-0.0164794921875,18903,103.8372802734375,400,4.0
4970,179632,199591,2.0555,0,-4,-0.001953125,-19,-0.00927734375,2092,1.021484375,-9,-0.54931640625,-16,-0.9765625,5,0.30517578125,-8061,-2263,-602,-191,-1.0491943359375,23,0.1263427734375,-19246,-105.721435546875,396,3.96
4973,179738,199593,2.0565,1,-7,-0.00341796875,-17,-0.00830078125,2057,1.00439453125,2,0.1220703125,-14,-0.8544921875,0,0.0,-147,-5356,-4694,-98,-0.538330078125,38,0.208740234375,-32257,-177.1929931640625,399,3.99
4978,179918,199597,2.0585,2,1,0.00048828125,-14,-0.0068359375,2074,1.0126953125,-3,-0.18310546875,-4,-0.244140625,10,0.6103515625,-24197,2030,31511,-197,-1.0821533203125,-3,-0.0164794921875,18903,103.8372802734375,401,4.01
4987,180246,199605,2.0625,0,-3,-0.00146484375,-21,-0.01025390625,2099,1.02490234375,-8,-0.48828125,-17,-1.03759765625,5,0.30517578125,-8063,-2257,-633,-191,-1.0491943359375,23,0.1263427734375,-19246,-105.721435546875,396,3.96
4992,180426,199609,2.0645,1,-9,-0.00439453125,-21,-0.01025390625,2055,1.00341796875,-4,-0.244140625,-14,-0.8544921875,-1,-0.06103515625,-172,-5351,-4705,-98,-0.538330078125,38,0.208740234375,-32257,-177.1929931640625,399,3.99
4993,180458,199609,2.0645,2,1,0.00048828125,-15,-0.00732421875,2074,1.0126953125,-3,-0.18310546875,-4,-0.244140625,10,0.6103515625,-24218,2022,31485,-197,-1.0821533203125,-3,-0.0164794921875,18903,103.8372802734375,401,4.01
5006,180934,199621,2.0705,0,-3,-0.00146484375,-21,-0.01025390625,2099,1.02490234375,-8,-0.48828125,-17,-1.03759765625,5,0.30517578125,-8063,-2257,-633,-191,-1.0491943359375,23,0.1263427734375,-19246,-105.721435546875,396,3.96
5007,180966,199621,2.0705,1,-6,-0.0029296875,-18,-0.0087890625,2057,1.00439453125,0,0.0,-15,-0.91552734375,-1,-0.06103515625,-157,-5348,-4675,-98,-0.538330078125,38,0.208740234375,-32257,-177.1929931640625,399,3.99
5010,181072,199623,2.0715,2,1,0.00048828125,-15,-0.00732421875,2074,1.0126953125,-3,-0.18310546875,-4,-0.244140625,10,0.6103515625,-24223,1997,31478,-197,-1.0821533203125,-3,-0.0164794921875,18903,103.8372802734375,401,4.01
5021,181474,199633,2.0765,0,-6,-0.0029296875,-17,-0.00830078125,2101,1.02587890625,-7,-0.42724609375,-17,-1.03759765625,6,0.3662109375,-8075,-2266,-601,-191,-1.0491943359375,23,0.1263427734375,-19246,-105.721435546875,396,3.96
5024,181580,199635,2.0775,1,-6,-0.0029296875,-19,-0.00927734375,2058,1.0048828125,-1,-0.06103515625,-12,-0.732421875,0,0.0,-173,-5338,-4700,-98,-0.538330078125,38,0.208740234375,-32257,-177.1929931640625,399,3.99
5027,181686,199637,2.0785,2,2,0.0009765625,-15,-0.00732421875,2075,1.01318359375,-3,-0.18310546875,-4,-0.244140625,10,0.6103515625,-24216,1989,31455,-197,-1.0821533203125,-3,-0.0164794921875,18903,103.8372802734375,401,4.01
5038,182088,199647,2.0835,0,-4,-0.001953125,-17,-0.00830078125,2093,1.02197265625,-6,-0.3662109375,-15,-0.91552734375,7,0.42724609375,-8066,-2252,-611,-191,-1.0491943359375,23,0.1263427734375,-19246,-105.721435546875,396,3.96
5041,182194,199649,2.0845,1,-6,-0.0029296875,-22,-0.0107421875,2058,1.0048828125,-2,-0.1220703125,-14,-0.8544921875,-1,-0.06103515625,-185,-5352,-4672,-98,-0.538330078125,38,0.208740234375,-32257,-177.1929931640625,399,3.99
5044,182300,199651,2.0855,2,2,0.0009765625,-14,-0.0068359375,2075,1.01318359375,-4,-0.244140625,-4,-0.244140625,10,0.6103515625,-24188,1991,31492,-197,-1.0821533203125,-3,-0.0164794921875,18903,103.8372802734375,401,4.01
5055,182702,199661,2.0905,0,-5,-0.00244140625,-20,-0.009765625,2100,1.025390625,-9,-0.54931640625,-16,-0.9765625,7,0.42724609375,-8084,-2249,-604,-191,-1.0491943359375,23,0.1263427734375,-19246,-105.721435546875,397,3.97
5058,182808,199663,2.0915,1,-4,-0.001953125,-20,-0.009765625,2056,1.00390625,-3,-0.18310546875,-13,-0.79345703125,0,0.0,-201,-5346,-4674,-98,-0.538330078125,38,0.208740234375,-32258,-177.198486328125,399,3.99
5063,182988,199667,2.0935,2,2,0.0009765625,-14,-0.0068359375,2076,1.013671875,-4,-0.244140625,-3,-0.18310546875,10,0.6103515625,-24195,1993,31470,-197,-1.0821533203125,-3,-0.0164794921875,18903,103.8372802734375,401,4.01
5072,183316,199675,2.0975,0,1,0.00048828125,-20,-0.009765625,2095,1.02294921875,-10,-0.6103515625,-17,-1.03759765625,5,0.30517578125,-8076,-2234,-602,-191,-1.0491943359375,23,0.1263427734375,-19246,-105.721435546875,397,3.97
5077,183496,199679,2.0995,1,-5,-0.00244140625,-17,-0.00830078125,2054,1.0029296875,-2,-0.1220703125,-16,-0.9765625,-1,-0.06103515625,-188,-5344,-4697,-98,-0.538330078125,38,0.208740234375,-32258,-177.198486328125,399,3.99
5079,183565,199680,2.1,2,1,0.00048828125,-14,-0.0068359375,2076,1.013671875,-3,-0.18310546875,-3,-0.18310546875,9,0.54931640625,-24187,1999,31433,-197,-1.0821533203125,-3,-0.0164794921875,18903,103.8372802734375,401,4.01
5091,184004,199691,2.1055,0,1,0.00048828125,-20,-0.009765625,2095,1.02294921875,-10,-0.6103515625,-17,-1.03759765625,5,0.30517578125,-8076,-2234,-602,-191,-1.0491943359375,23,0.1263427734375,-19246,-105.721435546875,397,3.97
5092,184036,199691,2.1055,1,-8,-0.00390625,-23,-0.01123046875,2051,1.00146484375,1,0.06103515625,-15,-0.91552734375,-3,-0.18310546875,-208,-5357,-4711,-98,-0.538330078125,38,0.208740234375,-32258,-177.198486328125,399,3.99
5095,184142,199693,2.1065,2,1,0.00048828125,-15,-0.00732421875,2076,1.013671875,-3,-0.18310546875,-4,-0.244140625,10,0.6103515625,-24168,2018,31478,-197,-1.0821533203125,-3,-0.0164794921875,18903,103.8372802734375,401,4.01
5106,184544,199703,2.1115,0,-4,-0.001953125,-20,-0.009765625,2097,1.02392578125,-8,-0.48828125,-15,-0.91552734375,7,0.42724609375,-8052,-2236,-621,-191,-1.0491943359375,23,0.1263427734375,-19246,-105.721435546875,397,3.97
5109,184650,199705,2.1125,1,-8,-0.00390625,-18,-0.0087890625,2055,1.00341796875,0,0.0,-15,-0.91552734375,0,0.0,-222,-5366,-4694,-98,-0.538330078125,38,0.208740234375,-32258,-177.198486328125,399,3.99
