frame_index,host_time_s,status,sd_present,usb_connected,dac_a_volts,dac_b_volts,adc_ch01_volts,adc_ch02_volts,adc_ch03_volts,adc_ch04_volts,adc_ch05_volts,adc_ch06_volts,adc_ch07_volts,adc_ch08_volts,adc_ch09_volts,adc_ch10_volts,adc_ch11_volts,adc_ch12_volts,adc_ch13_volts,adc_ch14_volts,adc_ch15_volts,adc_ch16_volts,emg_ch01_volts,emg_ch02_volts,emg_ch03_volts,emg_ch04_volts,emg_ch05_volts,emg_ch06_volts,emg_ch07_volts,emg_ch08_volts,emg_ch09_volts,emg_ch10_volts,emg_ch11_volts,emg_ch12_volts,emg_ch13_volts,emg_ch14_volts,emg_ch15_volts,emg_ch16_volts,imu0_roll_deg,imu0_pitch_deg,imu0_yaw_deg,imu0_ax_g,imu0_ay_g,imu0_az_g,imu1_roll_deg,imu1_pitch_deg,imu1_yaw_deg,imu1_ax_g,imu1_ay_g,imu1_az_g,imu2_roll_deg,imu2_pitch_deg,imu2_yaw_deg,imu2_ax_g,imu2_ay_g,imu2_az_g,imu3_roll_deg,imu3_pitch_deg,imu3_yaw_deg,imu3_ax_g,imu3_ay_g,imu3_az_g
1,0.234000,0,0,0,-7.52219594e-38,-4.93993425e+21,35.0967102,-1.43908648e+35,-2.17786953e+34,735198464,-1.11738545e-38,-7.29593013e+28,0.123401687,-7.96135391e-39,4.90140271e+11,4.11012908e+17,-4.23620427e-12,-1.16383248e-15,3.31232495e+16,1.50503222e+26,1.19153905e-20,-7.35046503e+36,8.92142025e-33,-1.19820418e-24,-7.35158688e-17,2.70136703e+18,0.000277368701,8.88061691e-22,-5.18946793e+26,4.04055959e-14,-0.0138460603,-4.86878475e-30,-8.21774254e+12,-4.8176798e-19,-3.29305684e-16,-1.6306771e-23,-1.38655977e+32,0.000371133036,-2.14184317e+23,-3.44637135e+14,-8.63365859e-25,3.76728378e-31,-1.53869417e-21,-3.49522937e+34,0.00674306322,2.18697507e-20,3.50230789e+16,7.22264262e+19,4.08282141e-36,0,0,0,0,0,0,0,0,0,0,0,0,0
2,0.234000,3,1,1,0,0,3.51104736,3.50799561,3.50372314,3.50952148,3.50250244,3.51470947,3.50799561,3.50280762,3.487854,3.48480225,3.48907471,3.47625732,3.47442627,3.47076416,3.48144531,3.48937988,-0.00190028176,-0.00231099664,-0.00247552246,-0.00204510242,-0.00194258068,-0.00255838316,-0.00166748464,-0.00152685028,-0.00352311204,-0.00357927289,-0.00389589882,-0.00389456796,-0.00326675083,-0.00176218734,-0.00303216558,-0.00234172423,0,0,0,0,0,0,0,0,0,0,0,0,0,0,0,0,0,0,0,0,0,0,0,0
3,0.234000,3,1,1,0,0,3.51135254,3.50738525,3.50463867,3.50921631,3.50250244,3.51501465,3.50952148,3.50280762,3.49182129,3.49029541,3.49365234,3.48022461,3.47930908,3.47320557,3.4854126,3.48999023,-0.000360286795,-0.00102554332,-0.000270695076,-7.69197359e-05,-0.000548130425,-0.000535272004,-0.000909331429,-0.000312928751,0.00233255653,0.00135248597,0.000551660312,0.00109290145,0.00303412788,0.00154158054,0.000913749449,-2.22878443e-05,0,0,0,0,0,0,0,0,0,0,0,0,0,0,0,0,0,0,0,0,0,0,0,0
4,0.234000,3,1,1,0,0,3.50585938,3.50311279,3.49945068,3.50128174,3.49731445,3.50891113,3.50189209,3.49639893,3.48205566,3.47930908,3.48388672,3.47106934,3.46923828,3.46343994,3.47717285,3.48114014,-0.00600327691,-0.00551631767,-0.00659113657,-0.00728476699,-0.00623439159,-0.00589207839,-0.00612280145,-0.00657467823,-0.0047320216,-0.00567368045,-0.00423556566,-0.00395405479,-0.00457655825,-0.00606051181,-0.00430544,-0.00690322928,0,0,0,0,0,0,0,0,0,0,0,0,0,0,0,0,0,0,0,0,0,0,0,0
5,0.234000,3,1,1,0,0,3.5067749,3.50311279,3.50097656,3.50463867,3.49853516,3.50982666,3.50250244,3.49822998,3.48236084,3.48388672,3.48388672,3.47137451,3.47045898,3.46466064,3.4777832,3.48480225,0.00465104077,0.00479586888,0.00464223232,0.00496481219,0.00452223653,0.00481799897,0.0031262103,0.00458302442,0.00235475227,0.00503671169,0.00188052922,0.00439038593,0.00263587944,0.00240306486,0.00272512692,0.00347237429,0,0,0,0,0,0,0,0,0,0,0,0,0,0,0,0,0,0,0,0,0,0,0,0
6,0.234000,3,1,1,0,0,3.51074219,3.50708008,3.50585938,3.50891113,3.50311279,3.51409912,3.50921631,3.50341797,3.49121094,3.49060059,3.4942627,3.47991943,3.47961426,3.47290039,3.48449707,3.49121094,0.00767803704,0.00723802065,0.00827362202,0.00817906298,0.00753979431,0.00703318371,0.00723234098,0.00787090696,0.00791423023,0.00840720069,0.0103089521,0.00879243668,0.0084496066,0.00835652091,0.00788666122,0.00828269403,0,0,0,0,0,0,0,0,0,0,0,0,0,0,0,0,0,0,0,0,0,0,0,0
7,0.234000,3,1,1,0,0,3.51745605,3.51470947,3.51043701,3.51409912,3.50891113,3.51989746,3.51348877,3.50830078,3.49304199,3.49212646,3.49456787,3.48205566,3.48022461,3.47412109,3.48754883,3.4954834,0.00764998235,0.00806184951,0.00705076242,0.00701700151,0.00794786029,0.00805221032,0.00697662262,0.00651069824,0.00660136482,0.00752365636,0.00635682791,0.00685671624,0.00726559665,0.00590378046,0.00724007515,0.00577165699,0,0,0,0,0,0,0,0,0,0,0,0,0,0,0,0,0,0,0,0,0,0,0,0
8,0.234000,3,1,1,0,0,3.51409912,3.51104736,3.50891113,3.51104736,3.50646973,3.51623535,3.51165771,3.50372314,3.49151611,3.49273682,3.49731445,3.48388672,3.48052979,3.47442627,3.48754883,3.49578857,-0.000881908287,-0.000561398221,0.000398018863,0.000191456988,-0.000796595938,-0.000285826594,-0.000478350004,-5.42207708e-05,0.00144991663,0.000496292836,0.00232362957,0.00251926156,0.00203675008,0.00166584272,0.0012643456,0.00100227376,0,0,0,0,0,0,0,0,0,0,0,0,0,0,0,0,0,0,0,0,0,0,0,0
9,0.234000,3,1,1,0,0,3.50738525,3.5043335,3.50158691,3.50463867,3.49975586,3.50891113,3.50311279,3.49914551,3.48693848,3.48480225,3.48937988,3.47503662,3.47412109,3.47015381,3.47900391,3.48907471,0.00497262739,0.00560645061,0.00490148319,0.00447565969,0.00534296921,0.00431055995,0.00468793279,0.00508806575,0.0043899403,0.00475398544,0.00346439425,0.00463358033,0.00385019043,0.00318147521,0.00484041357,0.00456293812,0,0,0,0,0,0,0,0,0,0,0,0,0,0,0,0,0,0,0,0,0,0,0,0
10,0.234000,3,1,1,0,0,3.51593018,3.51257324,3.50921631,3.51196289,3.50738525,3.5168457,3.51196289,3.50646973,3.49151611,3.49212646,3.49395752,3.48236084,3.48022461,3.47442627,3.4866333,3.49243164,0.00480360584,0.00535870437,0.00526675535,0.00486217951,0.00563458726,0.0050349161,0.00521037402,0.00500047347,0.00500816153,0.00588115072,0.00534322252,0.00597385503,0.0058019408,0.0049557942,0.00578154158,0.00601925002,0,0,0,0,0,0,0,0,0,0,0,0,0,0,0,0,0,0,0,0,0,0,0,0
11,0.234000,3,1,1,0,0,3.51654053,3.5144043,3.51043701,3.51409912,3.50860596,3.52020264,3.51226807,3.50769043,3.49212646,3.49243164,3.49395752,3.48144531,3.47991943,3.47473145,3.48693848,3.4954834,0.00685703568,0.00678576808,0.0066389963,0.00701915147,0.00617986731,0.00613294728,0.00596048497,0.00657776417,0.00488114497,0.00708269468,0.00764929364,0.0061080684,0.00477461144,0.00634682691,0.00577535946,0.00688843802,0,0,0,0,0,0,0,0,0,0,0,0,0,0,0,0,0,0,0,0,0,0,0,0
12,0.234000,3,1,1,0,0,3.51593018,3.51287842,3.50891113,3.51257324,3.50738525,3.51837158,3.51165771,3.5067749,3.49090576,3.49182129,3.49273682,3.48114014,3.47869873,3.47473145,3.48693848,3.49395752,-0.0045048953,-0.00335027487,-0.00466134027,-0.0053086332,-0.00430941535,-0.0034563567,-0.00497244904,-0.00465446385,-0.00426266901,-0.00473337853,-0.00416939938,-0.00383057329,-0.00494740065,-0.00441577984,-0.00410165312,-0.00558190653,0,0,0,0,0,0,0,0,0,0,0,0,0,0,0,0,0,0,0,0,0,0,0,0
13,0.234000,3,1,1,0,0,3.51165771,3.50769043,3.50372314,3.50860596,3.50250244,3.5144043,3.50921631,3.50250244,3.48846436,3.48571777,3.49212646,3.47595215,3.47564697,3.47259521,3.48297119,3.48968506,0.00460079359,0.00294368784,0.00407353649,0.00441586692,0.00384107837,0.00355261099,0.0039647622,0.00462065265,0.00546940044,0.00369727914,0.00567043945,0.00369653292,0.00491808122,0.0061815544,0.00504889851,0.00526164891,0,0,0,0,0,0,0,0,0,0,0,0,0,0,0,0,0,0,0,0,0,0,0,0
14,0.391000,3,1,1,0,0,3.51165771,3.50891113,3.50616455,3.50982666,3.5055542,3.51531982,3.51104736,3.50341797,3.49212646,3.49121094,3.49304199,3.48083496,3.47930908,3.47351074,3.48693848,3.49395752,0.00362364994,0.0040132883,0.00392004801,0.00397347473,0.00425785314,0.00405217987,0.00438273512,0.00318406289,0.00441636611,0.00495299976,0.00380400009,0.00536478497,0.00508060353,0.00382372737,0.00521446066,0.00439521857,0,0,0,0,0,0,0,0,0,0,0,0,0,0,0,0,0,0,0,0,0,0,0,0
15,0.391000,3,1,1,0,0,3.51165771,3.50860596,3.50402832,3.50799561,3.50219727,3.51470947,3.50982666,3.50280762,3.487854,3.4866333,3.48937988,3.4765625,3.4753418,3.47137451,3.48205566,3.48937988,0.00522176037,0.00640512304,0.00538231665,0.0054406561,0.00522565981,0.00608032336,0.00649346923,0.00524963532,0.00438279239,0.00482292986,0.00367126195,0.00334976427,0.00446897047,0.00513217179,0.0053314562,0.0028372691,0,0,0,0,0,0,0,0,0,0,0,0,0,0,0,0,0,0,0,0,0,0,0,0
16,0.391000,3,1,1,0,0,3.50952148,3.50646973,3.50250244,3.5067749,3.50158691,3.51074219,3.5067749,3.50006104,3.48327637,3.48510742,3.48419189,3.47503662,3.47076416,3.46832275,3.47839355,3.4854126,-0.00399746886,-0.00362289464,-0.0048610745,-0.00407853676,-0.0034157401,-0.00422964431,-0.00373522798,-0.00386184338,-0.00482590683,-0.00353402947,-0.00543776294,-0.00496907253,-0.00552970869,-0.00461746613,-0.00467594573,-0.00561512867,0,0,0,0,0,0,0,0,0,0,0,0,0,0,0,0,0,0,0,0,0,0,0,0
17,0.391000,3,1,1,0,0,3.51470947,3.51104736,3.50738525,3.51196289,3.50646973,3.51715088,3.51074219,3.50463867,3.49212646,3.49212646,3.4942627,3.48175049,3.48022461,3.47351074,3.4866333,3.4942627,0.000117843214,-0.000314453879,-0.000489901751,0.000491377199,-0.000727792038,0.000331814575,0.00034115772,0.000244790572,0.000728265557,-2.86876748e-05,0.00109715457,0.00157333352,0.00126150344,0.000720248208,0.000778207148,0.000199217597,0,0,0,0,0,0,0,0,0,0,0,0,0,0,0,0,0,0,0,0,0,0,0,0
18,0.391000,3,1,1,0,0,3.51165771,3.51043701,3.50738525,3.51013184,3.50524902,3.51623535,3.51013184,3.50402832,3.49212646,3.49029541,3.49304199,3.48114014,3.47930908,3.47259521,3.48602295,3.49121094,0.00788151752,0.00907145999,0.00887396559,0.00857127458,0.0094577428,0.00894285366,0.00868736207,0.00819773227,0.00896757189,0.00884376559,0.00783832278,0.00907413941,0.00889665633,0.00836858153,0.00940991193,0.00910144206,0,0,0,0,0,0,0,0,0,0,0,0,0,0,0,0,0,0,0,0,0,0,0,0
19,0.391000,3,1,1,0,0,3.50921631,3.5067749,3.50250244,3.5067749,3.50189209,3.51043701,3.5067749,3.50067139,3.48297119,3.4854126,3.4854126,3.47473145,3.47076416,3.46862793,3.47839355,3.48815918,0.00477081211,0.00564586604,0.00425154576,0.00468001096,0.00517486222,0.00495392736,0.00514813326,0.00488686748,0.00270281895,0.00467534456,0.00269468129,0.00416423939,0.00261133909,0.00371477287,0.00296020973,0.00290889409,0,0,0,0,0,0,0,0,0,0,0,0,0,0,0,0,0,0,0,0,0,0,0,0
20,0.391000,3,1,1,0,0,3.51531982,3.51257324,3.50921631,3.51165771,3.50738525,3.51806641,3.51257324,3.5067749,3.49090576,3.49304199,3.49487305,3.48266602,3.47869873,3.47442627,3.48724365,3.49487305,0.0103198867,0.0101428675,0.0106011163,0.0101443287,0.0093041826,0.00951961894,0.00919066835,0.0102328276,0.0101057515,0.0104346359,0.0102140317,0.00962839741,0.0102853086,0.00949285179,0.0102959806,0.0100610545,0,0,0,0,0,0,0,0,0,0,0,0,0,0,0,0,0,0,0,0,0,0,0,0
21,0.391000,3,1,1,0,0,3.51013184,3.50585938,3.50402832,3.50799561,3.50128174,3.51104736,3.50799561,3.50158691,3.49060059,3.48937988,3.49243164,3.47961426,3.47808838,3.47229004,3.4854126,3.48907471,0.00290145306,0.00154128473,0.00265387492,0.00280356128,0.00183625659,0.00144719356,0.00309973676,0.00215718243,0.00406777533,0.0029025902,0.00266377954,0.00296290964,0.00394439884,0.00384031236,0.00293020182,0.00245684991,0,0,0,0,0,0,0,0,0,0,0,0,0,0,0,0,0,0,0,0,0,0,0,0
22,0.391000,3,1,1,0,0,3.51715088,3.51379395,3.51013184,3.51348877,3.50921631,3.51959229,3.51196289,3.50738525,3.49121094,3.49121094,3.4942627,3.48083496,3.47930908,3.47381592,3.48724365,3.49395752,-0.00247082091,-0.00219312287,-0.00226241793,-0.00252113142,-0.00215125037,-0.00198515342,-0.00305169774,-0.00187447842,-0.00256237295,-0.00311116083,-0.0011276427,-0.00398641592,-0.00171113107,-0.0020734123,-0.00148862088,-0.00291395281,0,0,0,0,0,0,0,0,0,0,0,0,0,0,0,0,0,0,0,0,0,0,0,0
23,0.391000,3,1,1,0,0,3.51470947,3.51287842,3.50982666,3.51226807,3.50769043,3.51837158,3.51226807,3.50769043,3.49212646,3.49273682,3.49761963,3.48205566,3.47961426,3.47442627,3.48815918,3.4954834,-0.00183004653,-0.00205601892,-0.00121527934,-0.00193617959,-0.00182167604,-0.00210236711,-0.00186378846,-0.00136585278,-0.000984214246,-0.000625481945,0.000142512668,-0.000304419053,-0.000807228382,-0.00109514117,-0.00139403681,0.000297892431,0,0,0,0,0,0,0,0,0,0,0,0,0,0,0,0,0,0,0,0,0,0,0,0
24,0.391000,3,1,1,0,0,3.51287842,3.51013184,3.50616455,3.50952148,3.5055542,3.51654053,3.50952148,3.50311279,3.49090576,3.48693848,3.49273682,3.47991943,3.47625732,3.47351074,3.48419189,3.49029541,0.000854175771,0.00144654373,0.000108477427,8.43706366e-05,0.000663476589,0.00170657865,0.000148373976,8.57937266e-05,-0.00213733735,-0.00123841129,-0.00290134596,-0.000788913399,-0.00279900734,-0.0020612285,-0.00125471002,-0.00329788565,0,0,0,0,0,0,0,0,0,0,0,0,0,0,0,0,0,0,0,0,0,0,0,0
25,0.391000,3,1,1,0,0,3.515625,3.51379395,3.51043701,3.51470947,3.50891113,3.51867676,3.51287842,3.50799561,3.49304199,3.49395752,3.49456787,3.48388672,3.48022461,3.47625732,3.48632812,3.49517822,0.0070738392,0.00745318551,0.00714474125,0.00715287402,0.00682326034,0.00676629227,0.00603552256,0.00711352471,0.00566626154,0.00714742951,0.00568081439,0.00807803683,0.00629609451,0.00555650145,0.00634090137,0.00652924553,0,0,0,0,0,0,0,0,0,0,0,0,0,0,0,0,0,0,0,0,0,0,0,0
26,0.391000,3,1,1,0,0,3.5168457,3.51348877,3.51013184,3.5144043,3.50921631,3.51959229,3.51287842,3.50769043,3.49304199,3.49304199,3.4979248,3.48419189,3.47930908,3.47442627,3.48754883,3.49609375,0.00587418489,0.00582782645,0.00550270081,0.00469098007,0.00602190243,0.00639616139,0.0047157621,0.00428567175,0.00466350093,0.00506404135,0.00366002833,0.00456474489,0.00437935814,0.00299007143,0.0047468571,0.00349389412,0,0,0,0,0,0,0,0,0,0,0,0,0,0,0,0,0,0,0,0,0,0,0,0
27,0.391000,3,1,1,0,0,3.51867676,3.51531982,3.51257324,3.515625,3.50982666,3.52050781,3.515625,3.50952148,3.49578857,3.49456787,3.49914551,3.4854126,3.48388672,3.47564697,3.49121094,3.49731445,0.00899961963,0.00912176911,0.00876458827,0.00815071445,0.00897890795,0.00896229502,0.00832038652,0.00914160162,0.00731237978,0.00719041051,0.00788737554,0.00783469155,0.00754872104,0.00616101734,0.0082395887,0.0060296529,0,0,0,0,0,0,0,0,0,0,0,0,0,0,0,0,0,0,0,0,0,0,0,0
28,0.391000,3,1,1,0,0,3.50524902,3.50219727,3.49914551,3.50158691,3.49761963,3.50738525,3.50158691,3.49517822,3.48144531,3.47961426,3.48358154,3.47076416,3.46893311,3.46374512,3.47625732,3.48114014,-0.00392031949,-0.00408451306,-0.00359234423,-0.0041105547,-0.00422791205,-0.00419564033,-0.00437879469,-0.00353219826,-0.00359494309,-0.00264341617,-0.00442116894,-0.00247471454,-0.0038061724,-0.00241559092,-0.00442254078,-0.00342658977,0,0,0,0,0,0,0,0,0,0,0,0,0,0,0,0,0,0,0,0,0,0,0,0
29,0.391000,3,1,1,0,0,3.51104736,3.50738525,3.50463867,3.50860596,3.50189209,3.51501465,3.50860596,3.50189209,3.487854,3.4866333,3.48937988,3.47473145,3.47503662,3.47015381,3.47961426,3.48907471,0.0041349167,0.00430030236,0.00391478091,0.0041224109,0.00358700496,0.00498321373,0.00426590769,0.00442879973,0.00413995795,0.00311603164,0.00340713002,0.00220792601,0.00429256679,0.00428650249,0.00322639453,0.00447326154,0,0,0,0,0,0,0,0,0,0,0,0,0,0,0,0,0,0,0,0,0,0,0,0
30,0.391000,3,1,1,0,0,3.51013184,3.50646973,3.50402832,3.50769043,3.50128174,3.51196289,3.50799561,3.50158691,3.48632812,3.48571777,3.4854126,3.47564697,3.47137451,3.46954346,3.47808838,3.48693848,0.000733815599,0.00118558842,0.000735066249,0.000699075696,0.000756190915,0.000833989354,0.000646364409,0.000546460797,-0.000795254484,0.000196521578,-0.00245742267,-0.000196202251,-0.000800672919,-0.00171728595,-0.000832955819,0.000482896809,0,0,0,0,0,0,0,0,0,0,0,0,0,0,0,0,0,0,0,0,0,0,0,0
31,0.562000,3,1,1,0,0,3.515625,3.51196289,3.5067749,3.51135254,3.50708008,3.51715088,3.51043701,3.50646973,3.49121094,3.49182129,3.49456787,3.48114014,3.47869873,3.47351074,3.48632812,3.4942627,0.0031621193,0.00317612942,0.00257550785,0.00293752598,0.00281313178,0.00219975202,0.00287860353,0.00275459746,0.00260590808,0.00278330548,0.00376835279,0.00220256858,0.00289942068,0.00275016134,0.00358221401,0.00295738783,0,0,0,0,0,0,0,0,0,0,0,0,0,0,0,0,0,0,0,0,0,0,0,0
32,0.562000,3,1,1,0,0,3.5055542,3.50189209,3.49853516,3.50067139,3.49731445,3.50769043,3.50189209,3.4954834,3.48175049,3.48114014,3.48297119,3.47045898,3.46862793,3.46405029,3.47717285,3.48144531,-0.00274250517,-0.00274652266,-0.00365324318,-0.00387638924,-0.00357393455,-0.00316204457,-0.00277922978,-0.00339705357,-0.00348988571,-0.00326148421,-0.00295136357,-0.00318814069,-0.00301072886,-0.00326109352,-0.0033387905,-0.00288260705,0,0,0,0,0,0,0,0,0,0,0,0,0,0,0,0,0,0,0,0,0,0,0,0
33,0.562000,3,1,1,0,0,3.51623535,3.51257324,3.51074219,3.51257324,3.50769043,3.51837158,3.51165771,3.50524902,3.49243164,3.49243164,3.49731445,3.48236084,3.48022461,3.47412109,3.48632812,3.49609375,0.00303167989,0.0035730456,0.00283193938,0.00233156048,0.00288437703,0.00199781917,0.00219925307,0.0019259695,0.000211250386,0.00194063247,0.0013531273,0.00165693217,-0.000135602138,0.0012171187,0.000120800629,0.00270734983,0,0,0,0,0,0,0,0,0,0,0,0,0,0,0,0,0,0,0,0,0,0,0,0
34,0.562000,3,1,1,0,0,3.5144043,3.51196289,3.50921631,3.51318359,3.50738525,3.51806641,3.51165771,3.50616455,3.49182129,3.49212646,3.49334717,3.48388672,3.47869873,3.47290039,3.48632812,3.49487305,0.0105114579,0.0114195673,0.0117736924,0.0115604736,0.0107892863,0.0111669861,0.0124708237,0.0110138627,0.0125393607,0.0112877218,0.0114464629,0.0112169757,0.0121158082,0.0117268823,0.0124917775,0.0111083072,0,0,0,0,0,0,0,0,0,0,0,0,0,0,0,0,0,0,0,0,0,0,0,0
35,0.562000,3,1,1,0,0,3.51470947,3.51226807,3.50799561,3.51135254,3.50708008,3.51837158,3.51226807,3.5067749,3.49212646,3.49151611,3.49487305,3.48114014,3.48022461,3.47290039,3.48754883,3.49395752,-0.000831163721,-0.000925411587,-0.00113306695,-0.00145790214,-0.00134549174,-0.000581110478,-0.000315497949,-0.000679364544,-0.000478406117,-0.00152011402,-4.04415478e-05,-0.000626258785,-0.000685713254,-0.00185417256,-0.000437268289,-0.0027556261,0,0,0,0,0,0,0,0,0,0,0,0,0,0,0,0,0,0,0,0,0,0,0,0
36,0.562000,3,1,1,0,0,3.51715088,3.51531982,3.51196289,3.51531982,3.51043701,3.52081299,3.51531982,3.50921631,3.49761963,3.4954834,3.49975586,3.48571777,3.48449707,3.47839355,3.49121094,3.49822998,0.00156193122,0.0019502861,0.00197910611,0.00157019868,0.00176329433,0.0017438283,0.00114911911,0.000980573706,0.00233174395,0.000465375953,0.00216154847,0.00166636484,0.00168512785,0.00141173182,0.00157601014,0.000532185542,0,0,0,0,0,0,0,0,0,0,0,0,0,0,0,0,0,0,0,0,0,0,0,0
37,0.562000,3,1,1,0,0,3.51715088,3.51501465,3.51135254,3.51531982,3.50982666,3.51989746,3.51470947,3.50891113,3.49578857,3.49456787,3.4979248,3.48510742,3.47991943,3.4765625,3.48815918,3.49609375,0.00594973052,0.00618974492,0.00580874179,0.00577688729,0.00640058145,0.0059938957,0.00530475425,0.00550939329,0.00488563348,0.00669923238,0.00643481361,0.00674595311,0.00475201663,0.00539541431,0.00605335087,0.00436335988,0,0,0,0,0,0,0,0,0,0,0,0,0,0,0,0,0,0,0,0,0,0,0,0
38,0.562000,3,1,1,0,0,3.50311279,3.50036621,3.49731445,3.50067139,3.49578857,3.50646973,3.50067139,3.4954834,3.48236084,3.47839355,3.48388672,3.47045898,3.46954346,3.46405029,3.47595215,3.48449707,0.00049644371,-0.00020356942,-0.000298948784,0.000446413935,-0.000789247162,0.000170621453,0.000162363736,0.0006785437,4.33330351e-05,-0.00018258662,-0.00239956542,0.000353595358,-0.00163892587,-0.000406797481,-0.00154614018,0.000325049623,0,0,0,0,0,0,0,0,0,0,0,0,0,0,0,0,0,0,0,0,0,0,0,0
39,0.562000,3,1,1,0,0,3.50799561,3.50402832,3.50097656,3.50524902,3.49945068,3.51043701,3.50524902,3.49914551,3.48205566,3.48205566,3.48327637,3.47198486,3.46893311,3.46496582,3.47686768,3.48480225,1.25705265e-05,0.000257444568,0.00046744803,0.000193635817,0.000583134824,0.000282194815,-0.000132001587,-0.000966698804,-0.000128274085,0.00032956514,0.000237008324,0.000660465215,0.000724048703,-0.000325962086,0.00111651362,-0.000357786659,0,0,0,0,0,0,0,0,0,0,0,0,0,0,0,0,0,0,0,0,0,0,0,0
40,0.562000,3,1,1,0,0,3.50219727,3.49822998,3.49517822,3.49975586,3.49182129,3.50372314,3.49884033,3.49273682,3.48083496,3.47991943,3.48358154,3.47137451,3.46954346,3.46313477,3.4753418,3.47991943,-0.00682575163,-0.0069858185,-0.00656594709,-0.00662815198,-0.00778329093,-0.00750397053,-0.00716096628,-0.00682107639,-0.00826563872,-0.00679105334,-0.00763006276,-0.00695580989,-0.00869902968,-0.00778316706,-0.00936638098,-0.00813832041,0,0,0,0,0,0,0,0,0,0,0,0,0,0,0,0,0,0,0,0,0,0,0,0
41,0.562000,3,1,1,0,0,3.515625,3.51287842,3.50891113,3.51257324,3.50738525,3.51806641,3.51074219,3.50524902,3.49243164,3.49090576,3.49273682,3.48114014,3.47991943,3.47259521,3.4866333,3.49121094,0.00206360011,0.00240411446,0.00222627795,0.00174832717,0.00183110102,0.00293664401,0.00202144007,0.00116831006,0.00228811847,0.00134145049,0.00291811512,3.63935833e-05,0.00265117362,0.00144026824,0.00357834622,0.00148328103,0,0,0,0,0,0,0,0,0,0,0,0,0,0,0,0,0,0,0,0,0,0,0,0
42,0.562000,3,1,1,0,0,3.50280762,3.50067139,3.49609375,3.50006104,3.49609375,3.50616455,3.50189209,3.49365234,3.48266602,3.48175049,3.48510742,3.47229004,3.47015381,3.46374512,3.4777832,3.4854126,0.00203461037,0.00200220477,0.00177886593,0.00210883003,0.00184887182,0.00299382769,0.00205376721,0.00188264204,0.00146929419,0.00131709315,0.000796639826,0.000302142842,0.00248328852,0.000547028321,0.00170468143,0.00155855576,0,0,0,0,0,0,0,0,0,0,0,0,0,0,0,0,0,0,0,0,0,0,0,0
43,0.562000,3,1,1,0,0,3.5244751,3.51959229,3.51745605,3.52081299,3.51654053,3.52630615,3.52111816,3.51470947,3.50097656,3.49761963,3.50311279,3.48937988,3.48907471,3.48327637,3.49639893,3.50067139,0.00832290016,0.00830220152,0.00786080118,0.00833018124,0.008052513,0.00735506415,0.00761170732,0.00771616586,0.00629029237,0.0065256604,0.0060185194,0.00710538914,0.00682922918,0.00718643656,0.0067452318,0.00776515203,0,0,0,0,0,0,0,0,0,0,0,0,0,0,0,0,0,0,0,0,0,0,0,0
44,0.562000,3,1,1,0,0,3.50311279,3.50189209,3.49761963,3.50097656,3.4967041,3.50708008,3.50067139,3.4942627,3.48297119,3.48205566,3.48419189,3.47259521,3.47015381,3.46466064,3.4765625,3.48571777,-0.00539537333,-0.00450227922,-0.00482288422,-0.00566140283,-0.0050130398,-0.0051255119,-0.00585340289,-0.00517777633,-0.00409063138,-0.00479820557,-0.00496733095,-0.00449425261,-0.0055700033,-0.00399541343,-0.00456098234,-0.00503419107,0,0,0,0,0,0,0,0,0,0,0,0,0,0,0,0,0,0,0,0,0,0,0,0
45,0.562000,3,1,1,0,0,3.50616455,3.50372314,3.50006104,3.50402832,3.49853516,3.50982666,3.50311279,3.49731445,3.48297119,3.48480225,3.48480225,3.47442627,3.47106934,3.46496582,3.4777832,3.48571777,0.00660014618,0.00673201727,0.0070811538,0.0079212077,0.00685532019,0.00706360908,0.00701550068,0.00691988086,0.00682299351,0.00773614412,0.00624357536,0.00733036734,0.00695412839,0.00564061385,0.00711730309,0.00640784809,0,0,0,0,0,0,0,0,0,0,0,0,0,0,0,0,0,0,0,0,0,0,0,0
46,0.562000,3,1,1,0,0,3.51287842,3.51013184,3.50799561,3.51165771,3.50616455,3.51623535,3.51043701,3.50372314,3.49273682,3.49182129,3.49487305,3.48144531,3.47869873,3.47259521,3.48632812,3.49456787,-0.00152548833,-0.00102205283,-0.00151724846,-0.00124536338,-0.000759377028,-0.00111770374,-0.00112648786,-0.00206934521,-0.0012527809,0.000181625364,-0.000617127866,-0.000755051035,-0.00095217186,-0.000963726547,-0.000611736206,0.000136601506,0,0,0,0,0,0,0,0,0,0,0,0,0,0,0,0,0,0,0,0,0,0,0,0
47,0.562000,3,1,1,0,0,3.515625,3.51379395,3.51013184,3.51379395,3.50860596,3.51928711,3.51287842,3.50799561,3.49304199,3.49334717,3.4954834,3.48510742,3.47991943,3.47503662,3.48632812,3.49578857,0.00469910912,0.0047582956,0.00449141022,0.00460408675,0.00489669014,0.00474827643,0.00358944829,0.00426908769,0.00393821765,0.00534270611,0.00476584956,0.00593242515,0.00462828251,0.00409774482,0.00426702201,0.00462928414,0,0,0,0,0,0,0,0,0,0,0,0,0,0,0,0,0,0,0,0,0,0,0,0
48,0.734000,3,1,1,0,0,3.50585938,3.50219727,3.49822998,3.50067139,3.49700928,3.5067749,3.50128174,3.49517822,3.48205566,3.47930908,3.48419189,3.47045898,3.46954346,3.46313477,3.4765625,3.48114014,0.00532268081,0.00482830079,0.00558529235,0.00560770277,0.0049169953,0.0049282196,0.00558656594,0.00552017381,0.0039684074,0.00368215051,0.0043203095,0.00321638607,0.00316090812,0.00450539449,0.00501038367,0.00464368751,0,0,0,0,0,0,0,0,0,0,0,0,0,0,0,0,0,0,0,0,0,0,0,0
49,0.734000,3,1,1,0,0,3.51074219,3.5055542,3.50372314,3.50708008,3.50067139,3.51196289,3.50769043,3.50158691,3.48724365,3.48480225,3.4854126,3.47503662,3.47442627,3.46954346,3.47991943,3.48754883,0.00239397888,0.00173821824,0.00210807775,0.0028648444,0.00258043804,0.00251367735,0.00171441876,0.00243634079,0.00174730213,0.00260825874,0.00122148788,0.00223886268,0.00147653196,0.0013329772,0.00232564798,0.00133559515,0,0,0,0,0,0,0,0,0,0,0,0,0,0,0,0,0,0,0,0,0,0,0,0
50,0.734000,3,1,1,0,0,3.52142334,3.51898193,3.5144043,3.52050781,3.51470947,3.52478027,3.51959229,3.51318359,3.49884033,3.49945068,3.50280762,3.4866333,3.48632812,3.48175049,3.49273682,3.50036621,0.0105916457,0.0107045611,0.0107361488,0.0118449936,0.0107872766,0.010499428,0.0105960872,0.0112436106,0.00989500154,0.010970192,0.0108838845,0.0104023311,0.0103760213,0.00987019017,0.0102853887,0.0109571759,0,0,0,0,0,0,0,0,0,0,0,0,0,0,0,0,0,0,0,0,0,0,0,0
51,0.734000,3,1,1,0,0,3.51196289,3.50860596,3.50585938,3.51013184,3.50494385,3.51531982,3.50921631,3.50341797,3.49243164,3.49090576,3.4942627,3.48114014,3.47869873,3.47412109,3.48693848,3.49060059,0.0061019673,0.00654427707,0.00677954685,0.00596820842,0.00704910373,0.00627236627,0.00627879612,0.00632587867,0.00704398612,0.00717133377,0.00713561289,0.00770537648,0.00777265942,0.00627421727,0.00757821742,0.00604594033,0,0,0,0,0,0,0,0,0,0,0,0,0,0,0,0,0,0,0,0,0,0,0,0
52,0.734000,3,1,1,0,0,3.51043701,3.5067749,3.50494385,3.50860596,3.50219727,3.51196289,3.50830078,3.50128174,3.48724365,3.48602295,3.48968506,3.47473145,3.4753418,3.47015381,3.48205566,3.48999023,0.00439466629,0.00448591914,0.00383401429,0.00388331292,0.00462984061,0.00336672133,0.00351116294,0.00426760456,0.00169311999,0.004146419,0.002348501,0.00219801068,0.00195451616,0.00325397542,0.00333790993,0.00406772736,0,0,0,0,0,0,0,0,0,0,0,0,0,0,0,0,0,0,0,0,0,0,0,0
53,0.734000,3,1,1,0,0,3.51196289,3.50799561,3.50463867,3.51013184,3.50341797,3.5144043,3.51013184,3.50219727,3.49243164,3.49029541,3.49365234,3.48114014,3.47839355,3.47259521,3.48632812,3.49060059,0.0017285801,0.00101905456,0.00131310616,0.00158403057,0.00112677272,0.00151033967,0.00163273071,0.00147535279,0.00103567494,0.00210373895,0.00163824949,0.00191618595,0.00231573614,0.00207135151,0.00103212555,0.00228562858,0,0,0,0,0,0,0,0,0,0,0,0,0,0,0,0,0,0,0,0,0,0,0,0
54,0.734000,3,1,1,0,0,3.51593018,3.51348877,3.50982666,3.51348877,3.50891113,3.51837158,3.51165771,3.50738525,3.49151611,3.49273682,3.49456787,3.48388672,3.47869873,3.47473145,3.48632812,3.49517822,0.00259522907,0.00251723407,0.00214786385,0.00295381527,0.00258048484,0.00256173522,0.00162774336,0.00247887056,0.0033460001,0.00266673486,0.00280024763,0.00257837609,0.00180463342,0.00228458154,0.00243984303,0.00323868939,0,0,0,0,0,0,0,0,0,0,0,0,0,0,0,0,0,0,0,0,0,0,0,0
55,0.734000,3,1,1,0,0,3.5067749,3.50494385,3.50067139,3.50402832,3.49884033,3.50921631,3.50280762,3.49822998,3.48297119,3.48266602,3.48327637,3.47198486,3.47015381,3.46801758,3.47747803,3.48480225,0.00526810344,0.00500821974,0.00520675024,0.00477704592,0.00483442144,0.00545437401,0.00414568745,0.00535409059,0.00506266905,0.00565066515,0.00507283444,0.00572104147,0.00402483717,0.00366416015,0.00465054065,0.00585800363,0,0,0,0,0,0,0,0,0,0,0,0,0,0,0,0,0,0,0,0,0,0,0,0
56,0.734000,3,1,1,0,0,3.51531982,3.51226807,3.50921631,3.51318359,3.50799561,3.51745605,3.51196289,3.50708008,3.49090576,3.49212646,3.49334717,3.48297119,3.47930908,3.47381592,3.4866333,3.49487305,0.00200557755,0.00201121904,0.00195704494,0.0021063434,0.00246501318,0.00237273658,0.00222342741,0.00166208134,0.00256440812,0.00317779672,0.00255409954,0.0027792214,0.00314885518,0.00241548894,0.00269176462,0.00172447483,0,0,0,0,0,0,0,0,0,0,0,0,0,0,0,0,0,0,0,0,0,0,0,0
57,0.734000,3,1,1,0,0,3.52081299,3.51837158,3.51470947,3.52020264,3.51257324,3.5244751,3.51928711,3.51348877,3.50036621,3.50006104,3.50250244,3.48632812,3.4866333,3.48205566,3.49395752,3.50067139,-0.000915120821,0.000767135818,0.000518205808,-0.000148291525,7.82049028e-06,4.59403382e-05,-0.000303953362,0.000824735209,0.000795317348,0.00182379363,-0.000635727774,-9.12649557e-06,0.000985519262,-0.00126351696,0.000718910131,0.0021355229,0,0,0,0,0,0,0,0,0,0,0,0,0,0,0,0,0,0,0,0,0,0,0,0
58,0.734000,3,1,1,0,0,3.50799561,3.50494385,3.50158691,3.5055542,3.49975586,3.51013184,3.5055542,3.49975586,3.48724365,3.48602295,3.48999023,3.4765625,3.47595215,3.46954346,3.48236084,3.48907471,0.00172299601,0.00149268424,0.00151401514,0.00137663423,0.00181758322,0.00158022437,0.00154167938,0.000860461732,0.00169577682,0.00118688832,0.00160589407,0.00234446931,0.00253561721,0.00171630527,0.00298798713,0.000130069078,0,0,0,0,0,0,0,0,0,0,0,0,0,0,0,0,0,0,0,0,0,0,0,0
59,0.734000,3,1,1,0,0,3.50952148,3.5067749,3.50219727,3.50616455,3.50128174,3.51074219,3.50585938,3.49945068,3.48327637,3.48571777,3.48510742,3.47290039,3.47076416,3.46466064,3.47808838,3.4866333,0.00459296396,0.00430946937,0.003923479,0.00433243206,0.00379457837,0.00424563373,0.00429064687,0.00416368153,0.00229298649,0.00295329234,0.00124859391,0.00222445768,0.00170614431,0.00199165242,0.0013915333,0.00235169102,0,0,0,0,0,0,0,0,0,0,0,0,0,0,0,0,0,0,0,0,0,0,0,0
60,0.734000,3,1,1,0,0,3.50372314,3.50128174,3.4967041,3.50006104,3.49639893,3.5067749,3.50189209,3.49487305,3.48175049,3.47808838,3.48358154,3.46618652,3.46893311,3.46374512,3.47412109,3.47961426,-0.00617243676,-0.0053071091,-0.00574518368,-0.00628782948,-0.00476724282,-0.00514394976,-0.00512103643,-0.00589453895,-0.00335171469,-0.00405201036,-0.00416999124,-0.00399928447,-0.00352187874,-0.00476791011,-0.00406169798,-0.00374817522,0,0,0,0,0,0,0,0,0,0,0,0,0,0,0,0,0,0,0,0,0,0,0,0
61,0.734000,3,1,1,0,0,3.50646973,3.50402832,3.49975586,3.50219727,3.49822998,3.50891113,3.50250244,3.49822998,3.48144531,3.48175049,3.48327637,3.47137451,3.47015381,3.46405029,3.47717285,3.48175049,0.00293217297,0.0040843524,0.00390358875,0.00279242452,0.00359893683,0.00352632115,0.00332080317,0.00372100179,0.00280462578,0.00365434564,0.00382144796,0.00458551664,0.00409080181,0.00258360896,0.00356276147,0.00264022592,0,0,0,0,0,0,0,0,0,0,0,0,0,0,0,0,0,0,0,0,0,0,0,0
62,0.734000,3,1,1,0,0,3.51715088,3.5144043,3.51104736,3.5144043,3.50891113,3.51989746,3.51287842,3.50891113,3.49578857,3.4942627,3.49761963,3.48419189,3.48022461,3.4753418,3.48754883,3.49639893,0.0106285857,0.0115404911,0.0108276205,0.0111030471,0.0116651841,0.0112316702,0.0107982866,0.0112314187,0.0116418144,0.0106266979,0.0107146492,0.00933380984,0.0107686045,0.0107694929,0.0108818207,0.00936779007,0,0,0,0,0,0,0,0,0,0,0,0,0,0,0,0,0,0,0,0,0,0,0,0
63,0.734000,3,1,1,0,0,3.50769043,3.50372314,3.50128174,3.50372314,3.49822998,3.50952148,3.50250244,3.49853516,3.48693848,3.48602295,3.48876953,3.47473145,3.47442627,3.46954346,3.47839355,3.48754883,0.000240289548,0.000277090236,0.000486450968,0.000708969485,-0.000364829728,-0.000208335405,0.000343402207,-0.000389549765,0.00178203778,0.0018094437,0.00177385763,0.00242661033,0.00202353322,0.00112867961,0.000513994717,0.00201452547,0,0,0,0,0,0,0,0,0,0,0,0,0,0,0,0,0,0,0,0,0,0,0,0
64,0.734000,3,1,1,0,0,3.51959229,3.51623535,3.51348877,3.51623535,3.51104736,3.52050781,3.51715088,3.51104736,3.49639893,3.49609375,3.49914551,3.4866333,3.48449707,3.47991943,3.49212646,3.50006104,-0.000343936263,0.000547801086,6.00510975e-06,0.000785654061,9.65360377e-05,0.000156511931,0.00102834858,-4.53881221e-05,0.000483584299,-0.000990404049,0.000562959118,-0.00173644256,0.000534265535,0.000271016121,0.00124780659,-0.00114559475,0,0,0,0,0,0,0,0,0,0,0,0,0,0,0,0,0,0,0,0,0,0,0,0
65,0.906000,3,1,1,0,0,3.51074219,3.50708008,3.50372314,3.50860596,3.50128174,3.51257324,3.50769043,3.50250244,3.49121094,3.48632812,3.49273682,3.47961426,3.47900391,3.47320557,3.4854126,3.49090576,0.00584003236,0.0058782855,0.00605505006,0.00722758844,0.00593703752,0.00631475681,0.00625977432,0.00717926165,0.00835388061,0.00768198026,0.00798766967,0.00910018012,0.00947132241,0.008086049,0.00882064085,0.00805186294,0,0,0,0,0,0,0,0,0,0,0,0,0,0,0,0,0,0,0,0,0,0,0,0
66,0.906000,3,1,1,0,0,3.50280762,3.50067139,3.4954834,3.50036621,3.49365234,3.5055542,3.50067139,3.49304199,3.48083496,3.47869873,3.48388672,3.46710205,3.46740723,3.46313477,3.4765625,3.48022461,-0.00565931806,-0.00594869209,-0.00614756253,-0.0057522282,-0.00690470822,-0.00547219859,-0.00510093803,-0.00678221695,-0.00479373476,-0.0050354749,-0.00458331034,-0.00567865418,-0.00506680133,-0.00440843543,-0.00451971171,-0.00469605718,0,0,0,0,0,0,0,0,0,0,0,0,0,0,0,0,0,0,0,0,0,0,0,0
67,0.906000,3,1,1,0,0,3.51135254,3.5067749,3.5043335,3.50830078,3.50250244,3.51226807,3.50769043,3.50250244,3.48999023,3.48907471,3.49273682,3.47961426,3.47625732,3.47229004,3.48510742,3.48968506,0.00214602496,0.00144672079,0.00215518521,0.0017738468,0.00108689046,0.000731873093,0.00130295963,0.0026620531,0.00270511373,0.00206342945,0.00193405978,0.00163611094,0.00330841565,0.00232191733,0.00260030851,0.00208573835,0,0,0,0,0,0,0,0,0,0,0,0,0,0,0,0,0,0,0,0,0,0,0,0
68,0.906000,3,1,1,0,0,3.50708008,3.50311279,3.50036621,3.50372314,3.49945068,3.50891113,3.50341797,3.49822998,3.48632812,3.48602295,3.48571777,3.47473145,3.47381592,3.46862793,3.47808838,3.48724365,0.00111874891,0.00129684666,0.000614015386,0.00112183695,0.00129125314,0.000735759793,0.000466077297,0.00147685269,0.000236076259,0.00114690035,-0.000435297377,0.000114927629,0.00076890958,0.000572189456,4.24042955e-05,-0.00104682334,0,0,0,0,0,0,0,0,0,0,0,0,0,0,0,0,0,0,0,0,0,0,0,0
69,0.906000,3,1,1,0,0,3.51165771,3.50860596,3.50616455,3.51013184,3.50402832,3.51623535,3.50952148,3.50341797,3.49212646,3.49090576,3.49304199,3.48114014,3.47961426,3.47259521,3.48724365,3.49060059,0.00988255721,0.00984028261,0.0108988741,0.011554935,0.00996279996,0.0102729769,0.010728484,0.0105950981,0.0118221343,0.00999795087,0.0118079586,0.0097565297,0.0110723116,0.0109187691,0.0110199144,0.00995114632,0,0,0,0,0,0,0,0,0,0,0,0,0,0,0,0,0,0,0,0,0,0,0,0
70,0.906000,3,1,1,0,0,3.51623535,3.51318359,3.50921631,3.51348877,3.50769043,3.51867676,3.51196289,3.50708008,3.49182129,3.49395752,3.4942627,3.48175049,3.48022461,3.47320557,3.4866333,3.49487305,0.00485234428,0.00494326884,0.00518278684,0.00541056646,0.00484941248,0.00512935873,0.00458280416,0.00478919502,0.00407912256,0.00494393706,0.00351396063,0.00465216162,0.00379640469,0.00466747209,0.00371406297,0.00532621983,0,0,0,0,0,0,0,0,0,0,0,0,0,0,0,0,0,0,0,0,0,0,0,0
71,0.906000,3,1,1,0,0,3.52264404,3.51989746,3.51745605,3.52020264,3.51654053,3.52600098,3.51989746,3.51379395,3.50158691,3.50036621,3.50250244,3.48754883,3.48968506,3.48236084,3.49517822,3.50097656,0.00490304967,0.00565512525,0.0057128747,0.00529106054,0.00612049131,0.00540608866,0.00538454019,0.00524356589,0.00633830018,0.00489135832,0.00512954313,0.00445148582,0.00592234917,0.00606860919,0.00512130186,0.00510741584,0,0,0,0,0,0,0,0,0,0,0,0,0,0,0,0,0,0,0,0,0,0,0,0
72,0.906000,3,1,1,0,0,3.51379395,3.51196289,3.50708008,3.51074219,3.50616455,3.51715088,3.51196289,3.5043335,3.49121094,3.49090576,3.49334717,3.48052979,3.47869873,3.47412109,3.48693848,3.49029541,0.00322721223,0.00391416484,0.00380641082,0.00404918939,0.00401980337,0.00387699855,0.00309306011,0.0034237497,0.00253870571,0.0035738009,0.00366069633,0.00364241796,0.00196222099,0.00260508433,0.00295358314,0.00269662938,0,0,0,0,0,0,0,0,0,0,0,0,0,0,0,0,0,0,0,0,0,0,0,0
73,0.906000,3,1,1,0,0,3.50311279,3.50036621,3.49731445,3.50006104,3.49609375,3.5067749,3.50036621,3.49578857,3.48297119,3.47961426,3.48388672,3.47167969,3.46984863,3.46374512,3.47625732,3.48480225,-0.00160164258,-0.00175726856,-0.0014585309,-0.00189778011,-0.00116738491,-0.00165212119,-0.0016464066,-0.00131991075,-0.000937404286,-0.0012379454,-0.00136965374,-0.00157006946,-0.000467291393,-0.000839121116,-0.000364063191,0.000327784452,0,0,0,0,0,0,0,0,0,0,0,0,0,0,0,0,0,0,0,0,0,0,0,0
74,0.906000,3,1,1,0,0,3.50341797,3.50097656,3.49822998,3.50067139,3.4967041,3.5067749,3.50189209,3.49517822,3.48266602,3.48205566,3.48297119,3.47167969,3.46923828,3.46313477,3.4777832,3.48480225,0.00505162263,0.00535974558,0.00553520583,0.00427435199,0.00532749202,0.00435581338,0.00398274884,0.00432913844,0.00529443752,0.00594426785,0.00450760964,0.00555892102,0.00534637831,0.00331059471,0.00494581042,0.00381484046,0,0,0,0,0,0,0,0,0,0,0,0,0,0,0,0,0,0,0,0,0,0,0,0
75,0.906000,3,1,1,0,0,3.50891113,3.50585938,3.50219727,3.5055542,3.50006104,3.50952148,3.5055542,3.49945068,3.48327637,3.48449707,3.48388672,3.47412109,3.46893311,3.46832275,3.4765625,3.48602295,-0.0010956577,-0.00115028629,-0.00190946017,-0.00218726415,-0.00190753071,-0.00291500427,-0.00220073573,-0.00226271851,-0.00373712694,-0.00192970457,-0.00337001495,-0.00160157285,-0.00187967671,-0.00189803797,-0.00267680665,-0.00133123389,0,0,0,0,0,0,0,0,0,0,0,0,0,0,0,0,0,0,0,0,0,0,0,0
76,0.906000,3,1,1,0,0,3.51013184,3.5055542,3.50341797,3.50738525,3.50128174,3.51104736,3.50708008,3.50067139,3.49060059,3.48937988,3.49121094,3.47717285,3.47686768,3.47290039,3.48297119,3.49029541,0.010672193,0.0101895379,0.0104687111,0.0110375015,0.00954360235,0.0101366593,0.0109252464,0.0103026116,0.0122024044,0.0115013681,0.0122649744,0.00970840175,0.0116771869,0.0121005634,0.0115324697,0.0120927887,0,0,0,0,0,0,0,0,0,0,0,0,0,0,0,0,0,0,0,0,0,0,0,0
77,0.906000,3,1,1,0,0,3.51806641,3.51501465,3.51165771,3.51531982,3.51043701,3.52081299,3.51348877,3.50830078,3.49304199,3.4942627,3.49395752,3.4854126,3.47991943,3.47473145,3.48815918,3.49609375,-0.00187556644,-0.00118079106,-0.0015355096,-0.00139734987,-0.00107825128,-0.000896078709,-0.00160766055,-0.00175840803,-0.00134778139,-0.00261142082,-0.00238919165,-0.0024271016,-0.00268783048,-0.00226261397,-0.00195981958,-0.00277198688,0,0,0,0,0,0,0,0,0,0,0,0,0,0,0,0,0,0,0,0,0,0,0,0
78,0.906000,3,1,1,0,0,3.52020264,3.51715088,3.51348877,3.51867676,3.51287842,3.52386475,3.51898193,3.51318359,3.49761963,3.49639893,3.50189209,3.48480225,3.48571777,3.48144531,3.49243164,3.50006104,0.000832766236,3.25855217e-05,0.000683558581,0.000532214413,0.000547547941,-0.000414588139,0.000708011794,0.000576612656,0.000281239918,0.000984531711,0.0011785801,0.00154483283,0.00211812509,0.00226151664,0.000831639452,0.00169798639,0,0,0,0,0,0,0,0,0,0,0,0,0,0,0,0,0,0,0,0,0,0,0,0
79,0.906000,3,1,1,0,0,3.51196289,3.5067749,3.5043335,3.50921631,3.50189209,3.51226807,3.50952148,3.50341797,3.49212646,3.48724365,3.49334717,3.48052979,3.47808838,3.47412109,3.48571777,3.49090576,0.00601510564,0.00586962234,0.00588346506,0.00575862732,0.00563268829,0.00508354604,0.00506682973,0.00514302542,0.00529986527,0.00610083388,0.0061072344,0.00737555092,0.0064990446,0.00513496157,0.00603254139,0.00611496344,0,0,0,0,0,0,0,0,0,0,0,0,0,0,0,0,0,0,0,0,0,0,0,0
80,0.906000,3,1,1,0,0,3.50158691,3.49731445,3.4942627,3.4979248,3.49151611,3.50402832,3.49822998,3.49212646,3.47900391,3.4765625,3.48266602,3.4664917,3.46832275,3.46282959,3.47290039,3.47930908,0.00483548827,0.00365562015,0.00395427411,0.00462302938,0.00383072253,0.00372058013,0.00352152716,0.00446831295,0.00418761,0.00481073605,0.00395113183,0.00373641215,0.00344951358,0.00341505045,0.00300251413,0.00418885238,0,0,0,0,0,0,0,0,0,0,0,0,0,0,0,0,0,0,0,0,0,0,0,0
81,0.906000,3,1,1,0,0,3.51287842,3.51104736,3.50616455,3.51013184,3.50646973,3.51806641,3.51043701,3.50372314,3.49212646,3.49029541,3.49243164,3.47991943,3.47900391,3.47259521,3.48571777,3.48968506,0.00174846395,0.00307082455,0.00193149911,0.00207064487,0.00258849282,0.00322566088,0.00269066589,0.00222448609,0.00217610691,0.0021299785,0.00140826637,0.00223744381,0.00203288859,0.00178538659,0.00168199744,0.00178261939,0,0,0,0,0,0,0,0,0,0,0,0,0,0,0,0,0,0,0,0,0,0,0,0
82,1.078000,3,1,1,0,0,3.50280762,3.50036621,3.4967041,3.50036621,3.49609375,3.50738525,3.50036621,3.4942627,3.48022461,3.47717285,3.48266602,3.4664917,3.46862793,3.46313477,3.4753418,3.48022461,0.000334142824,0.000625736953,0.000543653674,0.000315007579,0.00104916689,0.000332361902,0.000359405734,0.000423985999,-0.00129985798,-0.000503857736,-0.00185294985,-0.000643825217,-0.00067757105,-9.33881965e-05,-0.000368307752,-0.00107732997,0,0,0,0,0,0,0,0,0,0,0,0,0,0,0,0,0,0,0,0,0,0,0,0
83,1.078000,3,1,1,0,0,3.50585938,3.50189209,3.49945068,3.50250244,3.49761963,3.50860596,3.50189209,3.49731445,3.48297119,3.48480225,3.4866333,3.47412109,3.47076416,3.46801758,3.4777832,3.48571777,0.0128605515,0.0122056808,0.0130824102,0.0128586106,0.0130423512,0.0125442185,0.0128029939,0.0118993251,0.012526867,0.0128103439,0.0126693193,0.0131576797,0.0130034238,0.0130539956,0.0129692256,0.0120903403,0,0,0,0,0,0,0,0,0,0,0,0,0,0,0,0,0,0,0,0,0,0,0,0
84,1.078000,3,1,1,0,0,3.50891113,3.5055542,3.50189209,3.50494385,3.50006104,3.51043701,3.50585938,3.49945068,3.48114014,3.48419189,3.48388672,3.47473145,3.46893311,3.46435547,3.47625732,3.4854126,-0.00208797888,-0.00174741063,-0.00255096634,-0.0026881313,-0.00186720537,-0.00177520793,-0.00129504129,-0.00229644473,-0.00207200786,2.30854785e-05,-0.00179845421,-0.000429769018,-0.00163122918,-0.00281259371,-0.000815840322,-0.000779872236,0,0,0,0,0,0,0,0,0,0,0,0,0,0,0,0,0,0,0,0,0,0,0,0
85,1.078000,3,1,1,0,0,3.52355957,3.52050781,3.515625,3.51989746,3.51593018,3.52600098,3.52111816,3.51379395,3.50067139,3.49731445,3.50250244,3.48724365,3.48937988,3.48236084,3.49609375,3.49975586,0.0113769248,0.0114669604,0.0112778908,0.0117597664,0.0115232188,0.0115112914,0.0112867737,0.0116878571,0.00964014698,0.010850749,0.0112920804,0.0111040464,0.0103702024,0.00943228882,0.0117081013,0.0109218396,0,0,0,0,0,0,0,0,0,0,0,0,0,0,0,0,0,0,0,0,0,0,0,0
86,1.078000,3,1,1,0,0,3.51654053,3.51379395,3.51013184,3.51287842,3.50799561,3.51928711,3.51196289,3.50646973,3.49090576,3.49334717,3.49304199,3.48266602,3.48052979,3.47381592,3.4866333,3.4954834,0.00631904509,0.00590195507,0.00640685437,0.00560328597,0.00568176713,0.00556581002,0.00568927033,0.00553612038,0.00427365024,0.00592197105,0.00371510512,0.00545540266,0.00484133651,0.00566633092,0.00442448538,0.00550853554,0,0,0,0,0,0,0,0,0,0,0,0,0,0,0,0,0,0,0,0,0,0,0,0
87,1.078000,3,1,1,0,0,3.5144043,3.51165771,3.50860596,3.51165771,3.50738525,3.51654053,3.51196289,3.50341797,3.49304199,3.49151611,3.49334717,3.48144531,3.47991943,3.47412109,3.48724365,3.49182129,0.00620327331,0.00723950984,0.00638985028,0.00689596822,0.0071266843,0.00647318037,0.00648483308,0.00579397846,0.00657488918,0.00630935561,0.00604934478,0.00750525715,0.00601039315,0.005564861,0.00675019529,0.00544501515,0,0,0,0,0,0,0,0,0,0,0,0,0,0,0,0,0,0,0,0,0,0,0,0
88,1.078000,3,1,1,0,0,3.51593018,3.51287842,3.51043701,3.51379395,3.50830078,3.51928711,3.51257324,3.50708008,3.49151611,3.49273682,3.49456787,3.48419189,3.47961426,3.47442627,3.48602295,3.49487305,0.00435710326,0.00334448786,0.00406795368,0.00378079014,0.00413064798,0.00384953176,0.0029633604,0.00383163011,0.00213746005,0.003436442,0.00284298323,0.00393834524,0.00367671531,0.00279797218,0.00289842393,0.00246663298,0,0,0,0,0,0,0,0,0,0,0,0,0,0,0,0,0,0,0,0,0,0,0,0
89,1.078000,3,1,1,0,0,3.50219727,3.49975586,3.49609375,3.49914551,3.49273682,3.5055542,3.50006104,3.49243164,3.48205566,3.47900391,3.48449707,3.47015381,3.4677124,3.46313477,3.47595215,3.47961426,-0.00625285227,-0.00600937894,-0.00619916804,-0.00571973389,-0.00606661523,-0.00506456196,-0.00520811044,-0.00612935191,-0.00499628531,-0.00492813764,-0.00493600871,-0.00524828304,-0.00479181483,-0.00510234199,-0.0053635682,-0.00494662719,0,0,0,0,0,0,0,0,0,0,0,0,0,0,0,0,0,0,0,0,0,0,0,0
90,1.078000,3,1,1,0,0,3.51013184,3.50708008,3.50402832,3.50769043,3.50067139,3.51287842,3.50769043,3.50128174,3.48632812,3.48632812,3.48815918,3.47564697,3.47381592,3.46923828,3.47869873,3.48724365,0.0073649371,0.00696469052,0.00717588887,0.00760090677,0.00640866812,0.00763584627,0.00751986774,0.00703979935,0.00585600175,0.00534074334,0.00568749895,0.00418616366,0.00480936887,0.00533953076,0.00391992135,0.00495175412,0,0,0,0,0,0,0,0,0,0,0,0,0,0,0,0,0,0,0,0,0,0,0,0
91,1.078000,3,1,1,0,0,3.51104736,3.50708008,3.50463867,3.50921631,3.50280762,3.51379395,3.50891113,3.50311279,3.49151611,3.48999023,3.49304199,3.48022461,3.47839355,3.47320557,3.48480225,3.49090576,0.00461931061,0.00427115615,0.00338543206,0.00417827535,0.00396125345,0.00463784952,0.00466257799,0.00430194102,0.00471147895,0.00507534295,0.0053555998,0.00572637236,0.0066732564,0.00444030482,0.00547314156,0.00481610792,0,0,0,0,0,0,0,0,0,0,0,0,0,0,0,0,0,0,0,0,0,0,0,0
92,1.078000,3,1,1,0,0,3.52172852,3.51715088,3.51501465,3.51898193,3.51470947,3.5244751,3.51959229,3.51257324,3.49853516,3.49639893,3.50036621,3.48632812,3.48815918,3.48205566,3.49456787,3.49975586,0.00653848518,0.00664454745,0.00715711433,0.00623568939,0.00715937465,0.00638603559,0.00692818407,0.00639476674,0.00650836155,0.00570493331,0.00637098122,0.0068396111,0.0076065883,0.00737950485,0.00670962408,0.00681222742,0,0,0,0,0,0,0,0,0,0,0,0,0,0,0,0,0,0,0,0,0,0,0,0
93,1.078000,3,1,1,0,0,3.50463867,3.50219727,3.49914551,3.50219727,3.49731445,3.50738525,3.50250244,3.4954834,3.48327637,3.48236084,3.48480225,3.47503662,3.46893311,3.46374512,3.4777832,3.48571777,-0.00352632673,-0.00323648751,-0.00280720461,-0.00349360472,-0.00297742477,-0.0036322074,-0.00317655085,-0.00365049159,-0.00265846075,-0.00106329331,-0.00320260413,-0.00152328226,-0.00368700689,-0.00405878667,-0.00260961847,0.000110866677,0,0,0,0,0,0,0,0,0,0,0,0,0,0,0,0,0,0,0,0,0,0,0,0
94,1.078000,3,1,1,0,0,3.5168457,3.51348877,3.51043701,3.51318359,3.50769043,3.51867676,3.51226807,3.50738525,3.49243164,3.49334717,3.49487305,3.48297119,3.47900391,3.47503662,3.48815918,3.49578857,-0.000374217052,-0.000767038553,0.000299854961,1.38425385e-05,-0.000289180025,-0.0006710905,-0.000709684566,-0.00033622887,-7.63526186e-05,0.000322564389,-0.000305028225,0.000422788493,-0.000942913408,0.000397249067,-0.000157358823,-0.00193151901,0,0,0,0,0,0,0,0,0,0,0,0,0,0,0,0,0,0,0,0,0,0,0,0
95,1.078000,3,1,1,0,0,3.51531982,3.51196289,3.50952148,3.51318359,3.50799561,3.51867676,3.51165771,3.5067749,3.49090576,3.49243164,3.4942627,3.48114014,3.48052979,3.47290039,3.48632812,3.49243164,0.00626467075,0.00615872722,0.00651907455,0.00648805872,0.00677759107,0.00609754864,0.00529775862,0.00662796386,0.00381451752,0.00566960732,0.005338307,0.0066400189,0.00438017445,0.00358750531,0.00561283808,0.0058837207,0,0,0,0,0,0,0,0,0,0,0,0,0,0,0,0,0,0,0,0,0,0,0,0
96,1.078000,3,1,1,0,0,3.515625,3.51226807,3.50982666,3.51379395,3.50830078,3.51867676,3.51196289,3.50708008,3.49182129,3.49334717,3.49456787,3.48449707,3.47961426,3.47503662,3.487854,3.49517822,0.00646854332,0.00646139728,0.00683914311,0.00647688657,0.00666820025,0.00676197698,0.00586933456,0.00676627643,0.00501764333,0.00645439606,0.00602602074,0.00875002146,0.00598377874,0.00512243807,0.00631718291,0.00637294492,0,0,0,0,0,0,0,0,0,0,0,0,0,0,0,0,0,0,0,0,0,0,0,0
97,1.078000,3,1,1,0,0,3.51104736,3.50738525,3.50372314,3.50860596,3.50158691,3.51165771,3.50769043,3.50158691,3.48968506,3.4866333,3.49273682,3.4765625,3.4765625,3.47320557,3.48480225,3.49121094,0.00992314331,0.00922665186,0.00967514701,0.00962638017,0.00888803788,0.0084798485,0.00922367629,0.00975901447,0.010313699,0.00886131451,0.0115521997,0.00849384721,0.0109078279,0.0107581113,0.0106128883,0.0105338264,0,0,0,0,0,0,0,0,0,0,0,0,0,0,0,0,0,0,0,0,0,0,0,0
98,1.078000,3,1,1,0,0,3.51531982,3.51257324,3.50982666,3.51379395,3.50860596,3.51867676,3.51104736,3.50646973,3.49090576,3.49456787,3.49334717,3.48175049,3.47869873,3.47351074,3.48693848,3.49487305,0.00647556037,0.00657827407,0.00727585424,0.0073581282,0.00726563437,0.00686686812,0.0063920822,0.00656565046,0.00620344048,0.00730330031,0.00545878429,0.00649354327,0.00665367069,0.00634894753,0.00679510226,0.00656826189,0,0,0,0,0,0,0,0,0,0,0,0,0,0,0,0,0,0,0,0,0,0,0,0
99,1.250000,3,1,1,0,0,3.52386475,3.52111816,3.5168457,3.52050781,3.51593018,3.52630615,3.51989746,3.51501465,3.50158691,3.50036621,3.50402832,3.49029541,3.48846436,3.48266602,3.49517822,3.49975586,0.00482984725,0.00528170355,0.0042580883,0.0047295806,0.00559920724,0.00502946321,0.00486647151,0.00433713431,0.00466223108,0.00337015558,0.00457131444,0.00236483011,0.00404595118,0.00393730123,0.00489829481,0.00275910459,0,0,0,0,0,0,0,0,0,0,0,0,0,0,0,0,0,0,0,0,0,0,0,0
100,1.250000,3,1,1,0,0,3.50463867,3.50036621,3.49853516,3.50067139,3.49700928,3.5067749,3.50036621,3.4942627,3.48144531,3.48266602,3.48358154,3.47229004,3.46954346,3.46435547,3.47625732,3.48571777,-0.00833202992,-0.00776370661,-0.008226173,-0.0079417713,-0.00828552898,-0.00727098761,-0.00743118813,-0.00831355061,-0.00825535879,-0.00655600755,-0.0080374144,-0.00697832741,-0.0070820218,-0.00725970045,-0.0076958742,-0.00600603223,0,0,0,0,0,0,0,0,0,0,0,0,0,0,0,0,0,0,0,0,0,0,0,0
101,1.250000,3,1,1,0,0,3.50219727,3.49975586,3.49517822,3.49975586,3.49517822,3.50646973,3.50036621,3.49365234,3.48144531,3.4777832,3.48297119,3.47076416,3.46832275,3.46282959,3.47564697,3.48083496,-0.00326336105,-0.00232253037,-0.00347270328,-0.00398559636,-0.00284483447,-0.00204657274,-0.00337590557,-0.003003777,-0.00436816597,-0.00386852561,-0.00438178796,-0.00369080971,-0.00403769314,-0.00436391914,-0.00355096138,-0.00318215229,0,0,0,0,0,0,0,0,0,0,0,0,0,0,0,0,0,0,0,0,0,0,0,0
102,1.250000,3,1,1,0,0,3.51593018,3.51348877,3.51013184,3.5144043,3.50830078,3.51959229,3.51196289,3.50738525,3.49151611,3.49334717,3.49456787,3.48236084,3.48083496,3.47412109,3.487854,3.49517822,0.00381771475,0.003874816,0.00445506908,0.00428964011,0.00418640021,0.0041862065,0.00333876535,0.00382635184,0.0014883735,0.00514714699,0.00305963191,0.00522541674,0.00269332575,0.00144048641,0.00251035509,0.00459699892,0,0,0,0,0,0,0,0,0,0,0,0,0,0,0,0,0,0,0,0,0,0,0,0
103,1.250000,3,1,1,0,0,3.50158691,3.4979248,3.49578857,3.50006104,3.49243164,3.50524902,3.50006104,3.49304199,3.48205566,3.47717285,3.48419189,3.47076416,3.46740723,3.46343994,3.47412109,3.48022461,-0.00316182338,-0.00330204889,-0.00263866829,-0.00357626914,-0.00310033257,-0.00272829854,-0.00294110808,-0.00375544722,-0.00287407381,-0.00354674854,-0.00272628246,-0.00215972238,-0.00266458816,-0.00277504721,-0.00225335872,-0.00406149263,0,0,0,0,0,0,0,0,0,0,0,0,0,0,0,0,0,0,0,0,0,0,0,0
104,1.250000,3,1,1,0,0,3.51074219,3.50708008,3.5043335,3.5067749,3.50189209,3.51287842,3.50799561,3.50067139,3.48937988,3.48632812,3.49273682,3.47961426,3.47686768,3.47198486,3.48388672,3.49029541,0.00511369156,0.00540759042,0.00493806461,0.00483042002,0.00495266914,0.00436404115,0.00603910536,0.00534347724,0.00699654547,0.00422523217,0.00756879756,0.00521906978,0.00741546927,0.007372858,0.00695117097,0.00585552445,0,0,0,0,0,0,0,0,0,0,0,0,0,0,0,0,0,0,0,0,0,0,0,0
105,1.250000,3,1,1,0,0,3.51165771,3.50708008,3.50494385,3.50860596,3.50250244,3.5144043,3.50799561,3.50311279,3.487854,3.48510742,3.48968506,3.47473145,3.47503662,3.46984863,3.48144531,3.49029541,0.00182798237,0.000963681843,0.00133017194,0.00206415658,0.00181381614,0.00158702885,0.00131102349,0.00148997689,0.00217850134,0.00134609593,0.00106412417,0.00106320111,0.000961994636,0.001553223,0.000336485886,0.00156704872,0,0,0,0,0,0,0,0,0,0,0,0,0,0,0,0,0,0,0,0,0,0,0,0
106,1.250000,3,1,1,0,0,3.51898193,3.515625,3.51196289,3.51623535,3.51074219,3.52050781,3.51593018,3.50952148,3.49761963,3.49487305,3.49975586,3.48480225,3.48266602,3.47930908,3.49121094,3.49914551,0.00858894642,0.00868018158,0.00903046876,0.00930141844,0.00820724666,0.00769848796,0.00745924423,0.00848232955,0.0081967283,0.00967685971,0.0101938313,0.00965228211,0.00831695087,0.00785645843,0.0090268245,0.00967720523,0,0,0,0,0,0,0,0,0,0,0,0,0,0,0,0,0,0,0,0,0,0,0,0
107,1.250000,3,1,1,0,0,3.50128174,3.4979248,3.49456787,3.49945068,3.49487305,3.50524902,3.50036621,3.49395752,3.48175049,3.47717285,3.48297119,3.47045898,3.46862793,3.46282959,3.47564697,3.48114014,0.000885662972,0.000907866633,0.00124256534,0.00220886548,0.00139510934,0.00176036393,0.00223904522,0.00126013113,0.00389038795,0.0026650792,0.00382856745,0.00416717259,0.00410899008,0.00372754945,0.00437759887,0.0032211903,0,0,0,0,0,0,0,0,0,0,0,0,0,0,0,0,0,0,0,0,0,0,0,0
108,1.250000,3,1,1,0,0,3.51348877,3.51074219,3.50585938,3.50891113,3.50463867,3.51654053,3.51104736,3.50372314,3.48968506,3.48999023,3.49212646,3.47991943,3.4765625,3.47412109,3.48327637,3.48968506,2.24297401e-05,0.000981828081,0.000451650005,5.39196189e-05,0.000457072281,0.000791882281,4.43343306e-05,0.000284224283,0.00133454974,0.00121606083,0.000552319922,0.0019626182,0.000209140591,0.0014308925,0.000422421843,0.000641966239,0,0,0,0,0,0,0,0,0,0,0,0,0,0,0,0,0,0,0,0,0,0,0,0
109,1.250000,3,1,1,0,0,3.51104736,3.50769043,3.50372314,3.50738525,3.50250244,3.51318359,3.50830078,3.50280762,3.49151611,3.48693848,3.49273682,3.48022461,3.47808838,3.47259521,3.48571777,3.49029541,0.00554309785,0.00512439292,0.00491038291,0.00556911249,0.00493680313,0.00499311648,0.00443784101,0.00551752839,0.00589550473,0.00459864922,0.00473068096,0.0051921038,0.00444530137,0.00484171696,0.00473533943,0.00471557304,0,0,0,0,0,0,0,0,0,0,0,0,0,0,0,0,0,0,0,0,0,0,0,0
110,1.250000,3,1,1,0,0,3.50769043,3.50402832,3.50128174,3.50463867,3.49945068,3.50982666,3.50372314,3.49945068,3.48144531,3.48327637,3.48480225,3.47442627,3.47076416,3.46496582,3.47839355,3.48480225,-0.00478610024,-0.00339369243,-0.00382555579,-0.0043575014,-0.0040806476,-0.00401514675,-0.00543947658,-0.00368840992,-0.00481902063,-0.00438406505,-0.00582091697,-0.00368472724,-0.00335024577,-0.00471603125,-0.00415446423,-0.00331545901,0,0,0,0,0,0,0,0,0,0,0,0,0,0,0,0,0,0,0,0,0,0,0,0
111,1.250000,3,1,1,0,0,3.51623535,3.51226807,3.50982666,3.51318359,3.50830078,3.51837158,3.51165771,3.50708008,3.49121094,3.49304199,3.49487305,3.48449707,3.48022461,3.47412109,3.48754883,3.49517822,0.00661328016,0.00512080034,0.00569984969,0.00539497286,0.00534116244,0.0052913269,0.0059535983,0.00571980234,0.00447498681,0.00569897844,0.00419393834,0.00508478889,0.0038476144,0.0043609268,0.00544119673,0.00576086342,0,0,0,0,0,0,0,0,0,0,0,0,0,0,0,0,0,0,0,0,0,0,0,0
112,1.250000,3,1,1,0,0,3.515625,3.51226807,3.50799561,3.51318359,3.50799561,3.51898193,3.51226807,3.5067749,3.49121094,3.49151611,3.49487305,3.48114014,3.47991943,3.47381592,3.48754883,3.49273682,-0.00020345657,0.000627311645,-0.000137488809,-0.000467473234,-0.000236105319,0.000317597034,-0.00150489702,0.000123631675,0.000367146626,0.00109995983,0.000182509888,0.000781285984,-0.000648044748,0.00078780076,-0.00143536972,0.00110812415,0,0,0,0,0,0,0,0,0,0,0,0,0,0,0,0,0,0,0,0,0,0,0,0
113,1.250000,3,1,1,0,0,3.51135254,3.50738525,3.5043335,3.50891113,3.50158691,3.51196289,3.50891113,3.50280762,3.49182129,3.4866333,3.49334717,3.48083496,3.4777832,3.47381592,3.48480225,3.49121094,0.00587797258,0.00611126656,0.00556457601,0.00563684665,0.00618247688,0.00637514982,0.00605412852,0.006210458,0.00639398396,0.00562284328,0.00593876513,0.00582123594,0.0068541565,0.00624238653,0.00598266162,0.00648543052,0,0,0,0,0,0,0,0,0,0,0,0,0,0,0,0,0,0,0,0,0,0,0,0
114,1.250000,3,1,1,0,0,3.51806641,3.51501465,3.51135254,3.515625,3.50952148,3.52050781,3.51470947,3.50891113,3.49304199,3.4942627,3.4979248,3.4854126,3.48083496,3.47564697,3.48693848,3.49609375,0.0110580167,0.0113367476,0.0110296849,0.0112720504,0.0115211802,0.0102970554,0.0109825619,0.0107092811,0.00993372966,0.0113189844,0.0104542477,0.0120270206,0.00852837041,0.00877479836,0.0105858203,0.0108728977,0,0,0,0,0,0,0,0,0,0,0,0,0,0,0,0,0,0,0,0,0,0,0,0
115,1.250000,3,1,1,0,0,3.51501465,3.51257324,3.50860596,3.51318359,3.50708008,3.51867676,3.51165771,3.5067749,3.49182129,3.49090576,3.49365234,3.48083496,3.48022461,3.47259521,3.48693848,3.49090576,0.00309607503,0.00391145144,0.00295813708,0.00272078114,0.00344750844,0.00398498215,0.00329867145,0.00185402506,0.00169657695,0.00125500723,0.00172407913,0.00120536494,0.00307977898,0.00278146379,0.00255020242,0.000206789875,0,0,0,0,0,0,0,0,0,0,0,0,0,0,0,0,0,0,0,0,0,0,0,0
116,1.422000,3,1,1,0,0,3.50799561,3.50494385,3.50158691,3.5055542,3.49914551,3.50921631,3.50524902,3.49975586,3.4866333,3.48480225,3.48937988,3.47595215,3.4753418,3.46923828,3.48175049,3.48907471,-0.00435528997,-0.00453532021,-0.00442890218,-0.00478154654,-0.00488075381,-0.00499615539,-0.00537118036,-0.00431565708,-0.0042321994,-0.00311650056,-0.00412322395,-0.00328452326,-0.00265950733,-0.00373683544,-0.00394296041,-0.00168984826,0,0,0,0,0,0,0,0,0,0,0,0,0,0,0,0,0,0,0,0,0,0,0,0
117,1.422000,3,1,1,0,0,3.50463867,3.50311279,3.49945068,3.50067139,3.49822998,3.50891113,3.50158691,3.4967041,3.48266602,3.48052979,3.48419189,3.47167969,3.46923828,3.46313477,3.47686768,3.48144531,0.00030547427,0.000732361572,0.00023593317,-0.000755505287,-7.90520498e-05,0.000989107299,4.63364122e-05,0.000406732259,-0.00261654798,-8.87616625e-05,-0.0018582159,-0.00070157391,-0.00201535318,-0.00130601099,-0.00147319632,-0.000892917509,0,0,0,0,0,0,0,0,0,0,0,0,0,0,0,0,0,0,0,0,0,0,0,0
118,1.422000,3,1,1,0,0,3.51715088,3.51379395,3.50982666,3.51409912,3.50891113,3.51776123,3.51135254,3.50738525,3.49212646,3.49304199,3.49365234,3.48419189,3.47869873,3.47412109,3.48724365,3.4954834,0.00614246773,0.00652536983,0.00582140218,0.00566786202,0.0059894966,0.00655466411,0.00506638922,0.00585121568,0.00559103768,0.00502278795,0.00531435199,0.0043663024,0.00543664303,0.00523888925,0.00626723375,0.00429762434,0,0,0,0,0,0,0,0,0,0,0,0,0,0,0,0,0,0,0,0,0,0,0,0
119,1.422000,3,1,1,0,0,3.51165771,3.50708008,3.50524902,3.50982666,3.50219727,3.5144043,3.50921631,3.50311279,3.49090576,3.48632812,3.49243164,3.4765625,3.47717285,3.47259521,3.48388672,3.49090576,-0.00262761628,-0.00393940462,-0.00261914334,-0.00244667311,-0.00364566268,-0.00309352623,-0.00315653742,-0.00214947062,-0.00214247708,-0.00268682209,-0.00128685124,-0.00274522183,-0.00190446025,-0.0021566269,-0.00251783943,-0.00139639503,0,0,0,0,0,0,0,0,0,0,0,0,0,0,0,0,0,0,0,0,0,0,0,0
120,1.422000,3,1,1,0,0,3.51470947,3.51348877,3.50891113,3.51135254,3.50769043,3.51806641,3.51104736,3.50524902,3.49151611,3.49151611,3.49395752,3.48114014,3.47839355,3.47381592,3.48632812,3.49121094,-0.00455541117,-0.00344970776,-0.00415074732,-0.00452262769,-0.00391690154,-0.00334606995,-0.00466938503,-0.00469130138,-0.0038040604,-0.00334442733,-0.00319486554,-0.00320287934,-0.00339195388,-0.0033564833,-0.00335537316,-0.0036860921,0,0,0,0,0,0,0,0,0,0,0,0,0,0,0,0,0,0,0,0,0,0,0,0
121,1.422000,3,1,1,0,0,3.50891113,3.50646973,3.50250244,3.50738525,3.50128174,3.51074219,3.50616455,3.50097656,3.48876953,3.48632812,3.49304199,3.4765625,3.47564697,3.47259521,3.48327637,3.49060059,0.00389018911,0.00334298378,0.00362009672,0.00348518812,0.00306699146,0.00260810461,0.0037816735,0.00382132549,0.00358446874,0.00292921602,0.00433154637,0.00244005164,0.00347483507,0.00390310539,0.00359052652,0.00403556786,0,0,0,0,0,0,0,0,0,0,0,0,0,0,0,0,0,0,0,0,0,0,0,0
122,1.422000,3,1,1,0,0,3.50738525,3.50311279,3.50128174,3.50524902,3.49945068,3.50952148,3.5055542,3.49914551,3.4866333,3.48480225,3.48907471,3.47473145,3.47503662,3.46954346,3.48144531,3.48754883,0.00534832478,0.00435647182,0.00556299696,0.00573448977,0.00523293763,0.00519536017,0.003911837,0.00517802127,0.00451663695,0.00528789777,0.00562704587,0.00536551327,0.00524047529,0.00376549852,0.00428551994,0.00504088774,0,0,0,0,0,0,0,0,0,0,0,0,0,0,0,0,0,0,0,0,0,0,0,0
123,1.422000,3,1,1,0,0,3.51318359,3.50891113,3.50799561,3.51043701,3.50585938,3.51654053,3.51074219,3.50372314,3.49243164,3.49182129,3.49304199,3.48144531,3.47961426,3.47412109,3.4866333,3.49456787,0.00587797025,0.00670058094,0.00723459851,0.00564486068,0.00752685824,0.00646844693,0.00665679201,0.00631632283,0.00565342791,0.00672731129,0.00467379298,0.00552127138,0.00606396701,0.00429984555,0.00669875275,0.00715150125,0,0,0,0,0,0,0,0,0,0,0,0,0,0,0,0,0,0,0,0,0,0,0,0
124,1.422000,3,1,1,0,0,3.50494385,3.50189209,3.49700928,3.50067139,3.49639893,3.50708008,3.50128174,3.49578857,3.48114014,3.48175049,3.48480225,3.47167969,3.46954346,3.46343994,3.47717285,3.48480225,0.00197522854,0.00270956568,0.00153634604,0.00215326436,0.00247800071,0.00210470776,0.00212982949,0.00219206465,0.00270930096,0.00246797316,0.00216867542,0.00278151082,0.00108210009,0.002352037,0.00200258568,0.00169132405,0,0,0,0,0,0,0,0,0,0,0,0,0,0,0,0,0,0,0,0,0,0,0,0
125,1.422000,3,1,1,0,0,3.51531982,3.51226807,3.50921631,3.51135254,3.50708008,3.51745605,3.51104736,3.50585938,3.49273682,3.49273682,3.49365234,3.48236084,3.48022461,3.47381592,3.48693848,3.49609375,0.0100406986,0.00939399283,0.0101921214,0.0108952662,0.010074147,0.011169116,0.0111485319,0.00967537053,0.00995624252,0.00895973668,0.00929492991,0.00876739062,0.0098160198,0.0101941647,0.00963683147,0.00984682515,0,0,0,0,0,0,0,0,0,0,0,0,0,0,0,0,0,0,0,0,0,0,0,0
126,1.422000,3,1,1,0,0,3.50616455,3.50341797,3.50006104,3.50341797,3.49731445,3.50738525,3.50250244,3.49761963,3.48358154,3.48449707,3.487854,3.47503662,3.47045898,3.46862793,3.47717285,3.4866333,-0.00637367275,-0.00694848225,-0.00712225679,-0.00701198028,-0.00853184238,-0.00691247825,-0.00684966566,-0.00724684913,-0.00648220163,-0.00750288228,-0.00704559684,-0.00554556819,-0.00684816157,-0.00569558749,-0.00754333241,-0.00714463973,0,0,0,0,0,0,0,0,0,0,0,0,0,0,0,0,0,0,0,0,0,0,0,0
127,1.422000,3,1,1,0,0,3.52325439,3.52081299,3.51745605,3.51989746,3.51593018,3.52600098,3.52081299,3.51318359,3.50036621,3.50036621,3.50250244,3.48968506,3.487854,3.48236084,3.49609375,3.50036621,0.0066599506,0.00715979701,0.00676821219,0.00574835716,0.00747267716,0.0070416457,0.00691850716,0.00597776752,0.00757920509,0.00762756635,0.00788853783,0.00783155113,0.0076932027,0.00729192514,0.00864328444,0.00721517298,0,0,0,0,0,0,0,0,0,0,0,0,0,0,0,0,0,0,0,0,0,0,0,0
128,1.422000,3,1,1,0,0,3.50921631,3.50616455,3.50280762,3.50585938,3.50158691,3.51074219,3.50616455,3.50036621,3.4854126,3.48571777,3.48419189,3.47442627,3.47076416,3.46832275,3.47717285,3.48571777,0.00035166819,1.28911342e-05,-0.000182280142,-0.000111920002,0.000368266134,-0.000208989979,0.000395868759,0.000488416001,0.000713780988,0.000529816316,-0.00119352236,-2.78290827e-06,-0.00019740843,0.000457146991,-0.000967114989,8.4918458e-05,0,0,0,0,0,0,0,0,0,0,0,0,0,0,0,0,0,0,0,0,0,0,0,0
129,1.422000,3,1,1,0,0,3.50616455,3.50311279,3.49975586,3.50311279,3.49731445,3.50921631,3.50189209,3.4967041,3.4854126,3.48419189,3.4854126,3.47412109,3.46984863,3.465271,3.4765625,3.48632812,-0.00240891054,-0.00186990108,-0.00222815666,-0.002069165,-0.00306960195,-0.00194306811,-0.00244119298,-0.00165387488,-0.00287037063,-0.00155742047,-0.00312820496,-0.00152233127,-0.00165421981,-0.00168532575,-0.00316030555,-0.00130090001,0,0,0,0,0,0,0,0,0,0,0,0,0,0,0,0,0,0,0,0,0,0,0,0
130,1.422000,3,1,1,0,0,3.51379395,3.51104736,3.50830078,3.51043701,3.50646973,3.5168457,3.51013184,3.5043335,3.49243164,3.49151611,3.49395752,3.48083496,3.47900391,3.47320557,3.48602295,3.49395752,0.00787256192,0.00768348295,0.00802586786,0.00776359998,0.00756002078,0.0071974108,0.00752348499,0.0077220602,0.00699259387,0.00722714234,0.00762677845,0.00733665656,0.0063097151,0.00733563583,0.005893277,0.00753090484,0,0,0,0,0,0,0,0,0,0,0,0,0,0,0,0,0,0,0,0,0,0,0,0
131,1.422000,3,1,1,0,0,3.50585938,3.50311279,3.49945068,3.50158691,3.49761963,3.50830078,3.50250244,3.49700928,3.48144531,3.48236084,3.48419189,3.47137451,3.46984863,3.46466064,3.4777832,3.48510742,-0.00489860866,-0.00517572556,-0.00516609428,-0.00546292309,-0.00523277186,-0.0045777373,-0.00564909307,-0.00459068641,-0.00413656235,-0.0037507466,-0.00350686256,-0.00441616261,-0.00344889797,-0.00357879326,-0.00489334716,-0.00414280873,0,0,0,0,0,0,0,0,0,0,0,0,0,0,0,0,0,0,0,0,0,0,0,0
132,1.422000,3,1,1,0,0,3.51043701,3.50585938,3.50402832,3.50646973,3.50128174,3.51104736,3.50738525,3.50128174,3.48968506,3.48510742,3.49243164,3.47625732,3.47625732,3.47290039,3.48388672,3.49060059,0.00725593185,0.00598068256,0.00701213721,0.00691489503,0.00617521256,0.00666831853,0.00710145943,0.00633351831,0.00780079933,0.00593673903,0.00816162024,0.00674884394,0.00810063072,0.00781459175,0.00810911227,0.00709848478,0,0,0,0,0,0,0,0,0,0,0,0,0,0,0,0,0,0,0,0,0,0,0,0
133,1.422000,3,1,1,0,0,3.50708008,3.50372314,3.50097656,3.50494385,3.49914551,3.50952148,3.50311279,3.49822998,3.48632812,3.4854126,3.48907471,3.47595215,3.47381592,3.46893311,3.47900391,3.48907471,0.00391589012,0.00361623778,0.00377063733,0.00386914541,0.00353200873,0.00414440269,0.00257170759,0.00368365785,0.00339903194,0.00426666439,0.00187800219,0.0034977051,0.00275122933,0.00301735383,0.00171820121,0.00426724134,0,0,0,0,0,0,0,0,0,0,0,0,0,0,0,0,0,0,0,0,0,0,0,0
134,1.594000,3,1,1,0,0,3.51043701,3.50891113,3.50463867,3.50952148,3.50311279,3.515625,3.50982666,3.50189209,3.487854,3.48571777,3.48999023,3.47564697,3.47564697,3.47076416,3.48205566,3.48907471,0.000966802705,0.00091022905,0.000975135365,0.00146256515,0.000638079015,0.000806312077,0.00211126264,0.00103859452,0.00063203735,-0.000409825792,-0.00100814563,0.000875274651,9.55081341e-05,0.000592649332,0.000779358204,0.000280272216,0,0,0,0,0,0,0,0,0,0,0,0,0,0,0,0,0,0,0,0,0,0,0,0
135,1.594000,3,1,1,0,0,3.51135254,3.50646973,3.50463867,3.50952148,3.50158691,3.51409912,3.50891113,3.50250244,3.49182129,3.49029541,3.49304199,3.48114014,3.47839355,3.47320557,3.48480225,3.48968506,0.00699915504,0.00694269827,0.00699270098,0.00688931765,0.00640576752,0.00704838615,0.0072250003,0.00691178674,0.00557341473,0.00739148539,0.00732146483,0.00708966004,0.00489545939,0.0065848832,0.00729270186,0.00626226468,0,0,0,0,0,0,0,0,0,0,0,0,0,0,0,0,0,0,0,0,0,0,0,0
136,1.594000,3,1,1,0,0,3.515625,3.51287842,3.50921631,3.51165771,3.50769043,3.51898193,3.51196289,3.50738525,3.49121094,3.49121094,3.49487305,3.48144531,3.48022461,3.47351074,3.4866333,3.49212646,0.00153509225,0.000897765509,0.00153123424,0.00107838912,0.000735918293,0.00121714722,0.00160069042,0.00198878255,-0.00162889645,-0.000202603755,-0.00114482641,-0.000238487235,-0.000421125704,0.000473696447,-0.000594065117,-0.000236987777,0,0,0,0,0,0,0,0,0,0,0,0,0,0,0,0,0,0,0,0,0,0,0,0
137,1.594000,3,1,1,0,0,3.50372314,3.50128174,3.49822998,3.49975586,3.49700928,3.50738525,3.50219727,3.49456787,3.48236084,3.48114014,3.48388672,3.47137451,3.47015381,3.46374512,3.47747803,3.48480225,-0.0052311779,-0.00506563578,-0.0053913286,-0.00660087308,-0.0050930148,-0.00521330209,-0.00507386215,-0.00620208727,-0.00555872219,-0.00396196684,-0.00502554886,-0.00401927158,-0.00508250063,-0.00617464911,-0.00478452351,-0.00460731611,0,0,0,0,0,0,0,0,0,0,0,0,0,0,0,0,0,0,0,0,0,0,0,0
138,1.594000,3,1,1,0,0,3.51104736,3.50646973,3.50402832,3.50860596,3.50189209,3.51226807,3.50769043,3.50128174,3.48968506,3.48571777,3.49243164,3.47686768,3.47625732,3.47229004,3.48358154,3.49090576,0.00479224743,0.00467301812,0.00481169671,0.00551383663,0.00440187706,0.00412419578,0.00494256802,0.00479628239,0.00442319177,0.0028319126,0.00228321925,0.00349028874,0.00343480473,0.00412660232,0.00191680121,0.00386322616,0,0,0,0,0,0,0,0,0,0,0,0,0,0,0,0,0,0,0,0,0,0,0,0
139,1.594000,3,1,1,0,0,3.51531982,3.51165771,3.50921631,3.51196289,3.5067749,3.51806641,3.51074219,3.50646973,3.49273682,3.49212646,3.49395752,3.48419189,3.47930908,3.47381592,3.4866333,3.4954834,0.0135340616,0.0133447377,0.0122121098,0.0125385579,0.0127104381,0.0130973188,0.0127241863,0.0132432813,0.0121523747,0.0121536097,0.0126082785,0.0127291158,0.0123493467,0.0119397417,0.0134506505,0.0120331673,0,0,0,0,0,0,0,0,0,0,0,0,0,0,0,0,0,0,0,0,0,0,0,0
140,1.594000,3,1,1,0,0,3.50585938,3.50280762,3.49853516,3.50250244,3.49700928,3.50860596,3.50219727,3.4967041,3.48205566,3.48022461,3.48449707,3.47045898,3.47015381,3.46313477,3.47717285,3.48144531,-0.00269621541,-0.00306691439,-0.00342421187,-0.00254533929,-0.00314884353,-0.00152860105,-0.00214491202,-0.00285737892,-0.00260460423,-0.00434613461,-0.00424837228,-0.0044267606,-0.00505790906,-0.00379489921,-0.00436833967,-0.00452793483,0,0,0,0,0,0,0,0,0,0,0,0,0,0,0,0,0,0,0,0,0,0,0,0
141,1.594000,3,1,1,0,0,3.51257324,3.50830078,3.50524902,3.50952148,3.50341797,3.51531982,3.51043701,3.50341797,3.49121094,3.49121094,3.4942627,3.48114014,3.48022461,3.47351074,3.48632812,3.49182129,0.00771924807,0.00670775725,0.00738558546,0.00749458559,0.00745159807,0.0063840244,0.00706799095,0.0069159898,0.00746634603,0.00744874589,0.00835259724,0.00791244023,0.00648214016,0.00720936293,0.00784820598,0.00683301454,0,0,0,0,0,0,0,0,0,0,0,0,0,0,0,0,0,0,0,0,0,0,0,0
142,1.594000,3,1,1,0,0,3.51715088,3.51379395,3.51074219,3.51470947,3.50921631,3.51928711,3.51318359,3.50830078,3.49273682,3.49304199,3.49700928,3.48266602,3.48083496,3.47442627,3.487854,3.4954834,0.00481216889,0.00539232558,0.00452121254,0.00506311515,0.00553779257,0.0051396424,0.00481332093,0.00476858206,0.00455341581,0.0048643183,0.00549188908,0.00290792901,0.00517218374,0.00374230603,0.00531228865,0.00266192062,0,0,0,0,0,0,0,0,0,0,0,0,0,0,0,0,0,0,0,0,0,0,0,0
143,1.594000,3,1,1,0,0,3.50494385,3.50189209,3.49700928,3.50067139,3.4967041,3.50769043,3.50036621,3.49365234,3.48114014,3.47869873,3.48114014,3.46679688,3.46801758,3.46343994,3.47564697,3.48083496,-0.00387350121,-0.00285178982,-0.00428097555,-0.00407319516,-0.00377732492,-0.00363933155,-0.0035572229,-0.00384323881,-0.0064922669,-0.00478313025,-0.00500479853,-0.00506845862,-0.00595175801,-0.00487321615,-0.00665736571,-0.00527845835,0,0,0,0,0,0,0,0,0,0,0,0,0,0,0,0,0,0,0,0,0,0,0,0
144,1.594000,3,1,1,0,0,3.51165771,3.50982666,3.50646973,3.51043701,3.50585938,3.51623535,3.51013184,3.50341797,3.49029541,3.4866333,3.49060059,3.4765625,3.4765625,3.47259521,3.4854126,3.49060059,0.00835100934,0.00881350134,0.0086266771,0.00850226916,0.0092144059,0.00889463257,0.00791057665,0.00868141651,0.00961730443,0.00871791597,0.00636395207,0.00928229559,0.0077134911,0.00760565,0.0077308137,0.00817798078,0,0,0,0,0,0,0,0,0,0,0,0,0,0,0,0,0,0,0,0,0,0,0,0
145,1.594000,3,1,1,0,0,3.50280762,3.50158691,3.4967041,3.50006104,3.49609375,3.50708008,3.50067139,3.49456787,3.48205566,3.47961426,3.48388672,3.46984863,3.46923828,3.46343994,3.47595215,3.48052979,-0.00750295399,-0.00724417809,-0.0077232779,-0.00817733444,-0.00737171806,-0.00751212798,-0.00748074474,-0.00767140277,-0.00671294797,-0.00801931508,-0.00734191015,-0.00716086058,-0.00744106341,-0.00680739805,-0.00696396921,-0.00723260269,0,0,0,0,0,0,0,0,0,0,0,0,0,0,0,0,0,0,0,0,0,0,0,0
146,1.594000,3,1,1,0,0,3.51318359,3.51165771,3.50738525,3.51074219,3.5067749,3.51654053,3.51226807,3.50616455,3.49243164,3.49151611,3.4942627,3.48175049,3.47991943,3.47412109,3.48754883,3.49456787,0.00798518024,0.0078668613,0.00886109844,0.00785218552,0.0076653338,0.00875509996,0.00882740226,0.0085426867,0.00864981487,0.00800522696,0.00894919876,0.00692490069,0.00903441478,0.00817173161,0.00855649635,0.00816799514,0,0,0,0,0,0,0,0,0,0,0,0,0,0,0,0,0,0,0,0,0,0,0,0
147,1.594000,3,1,1,0,0,3.51318359,3.50769043,3.50585938,3.51074219,3.5055542,3.51531982,3.51104736,3.5043335,3.49182129,3.48815918,3.49273682,3.48175049,3.47869873,3.47351074,3.48754883,3.49029541,0.00123503862,0.000440220698,0.000320046354,-6.55664408e-05,0.0012251836,0.00106112333,-0.000352923351,0.000255630235,-0.00026358146,0.000513919513,0.00034140877,0.00101245265,-0.000218556932,-0.000514980929,0.000382322702,6.49521971e-05,0,0,0,0,0,0,0,0,0,0,0,0,0,0,0,0,0,0,0,0,0,0,0,0
148,1.594000,3,1,1,0,0,3.52478027,3.52142334,3.51867676,3.52203369,3.51715088,3.52630615,3.52111816,3.51470947,3.50036621,3.50067139,3.50341797,3.48999023,3.48968506,3.48266602,3.49639893,3.49945068,0.00356936199,0.00372430356,0.00416374207,0.00348840072,0.00327292015,0.00265248585,0.00375884632,0.00370861986,0.00503584556,0.00499436632,0.00547000486,0.0050674621,0.00521776965,0.00423396705,0.00342408009,0.00410448387,0,0,0,0,0,0,0,0,0,0,0,0,0,0,0,0,0,0,0,0,0,0,0,0
149,1.594000,3,1,1,0,0,3.51196289,3.51043701,3.50646973,3.50891113,3.5055542,3.515625,3.51104736,3.50311279,3.49243164,3.49060059,3.4942627,3.48114014,3.47930908,3.47381592,3.48693848,3.49456787,0.000146075181,0.000844761147,-0.000289843476,-0.000391807,0.00100123754,0.000917032827,0.000860443164,-0.00056777976,-0.000392012647,-0.0017743865,-0.00117335049,0.000120711673,-0.000408170104,-0.000528292614,-0.00055403763,-0.00013116331,0,0,0,0,0,0,0,0,0,0,0,0,0,0,0,0,0,0,0,0,0,0,0,0
150,1.594000,3,1,1,0,0,3.50952148,3.5067749,3.50341797,3.50616455,3.50158691,3.51196289,3.50738525,3.50128174,3.48327637,3.48602295,3.48846436,3.47473145,3.47045898,3.46954346,3.4777832,3.48693848,0.00342757697,0.00366424699,0.00336324726,0.00358497817,0.00337678078,0.00400475459,0.00350965327,0.00361952954,0.00116061443,0.00291491207,0.00326177571,0.00238543842,0.00145846116,0.00303991046,0.00268984982,0.00156346429,0,0,0,0,0,0,0,0,0,0,0,0,0,0,0,0,0,0,0,0,0,0,0,0
151,1.750000,3,1,1,0,0,3.51104736,3.50738525,3.50463867,3.50860596,3.50280762,3.51409912,3.50952148,3.50219727,3.49151611,3.49029541,3.49304199,3.47961426,3.47839355,3.47290039,3.48419189,3.48937988,0.00503939018,0.00504316855,0.00492163422,0.0050256364,0.00489512179,0.00451605394,0.00390860299,0.00489548175,0.00581850205,0.00576996431,0.00438385084,0.00663816184,0.00465367129,0.00435664272,0.00443903264,0.00547632482,0,0,0,0,0,0,0,0,0,0,0,0,0,0,0,0,0,0,0,0,0,0,0,0
152,1.750000,3,1,1,0,0,3.50769043,3.50311279,3.50097656,3.50494385,3.49975586,3.51043701,3.50341797,3.49853516,3.48754883,3.48480225,3.48937988,3.47595215,3.47106934,3.46923828,3.47930908,3.48876953,0.00107748318,0.00120033463,0.000850224402,0.00105765264,0.00147102214,0.00106773851,0.000706016377,0.00108232826,0.00202125148,0.000720532378,0.00121117511,0.00112160831,0.00155090238,0.000743828365,0.00158667553,0.0029733351,0,0,0,0,0,0,0,0,0,0,0,0,0,0,0,0,0,0,0,0,0,0,0,0
153,1.750000,3,1,1,0,0,3.51409912,3.51196289,3.5067749,3.51043701,3.50708008,3.51806641,3.51104736,3.50463867,3.49212646,3.49121094,3.49395752,3.48022461,3.47900391,3.47381592,3.48632812,3.49060059,0.0123435371,0.0127828848,0.0122076096,0.0119684255,0.0127112633,0.012503841,0.0124872644,0.0126792239,0.0115056932,0.0112007502,0.0120615019,0.0113754394,0.0122048482,0.0121676512,0.0121574588,0.011829244,0,0,0,0,0,0,0,0,0,0,0,0,0,0,0,0,0,0,0,0,0,0,0,0
154,1.750000,3,1,1,0,0,3.50646973,3.50463867,3.50067139,3.50372314,3.49853516,3.50921631,3.50280762,3.49853516,3.48266602,3.48236084,3.48327637,3.47229004,3.47015381,3.46313477,3.47747803,3.48449707,0.00109000516,0.00120767509,0.000974049326,0.000614390476,0.000675471034,0.00205961964,0.000920505146,0.00104001584,-0.000631338626,-0.000270828605,-0.000756860827,-0.000148032792,-0.00109712919,-0.00149534922,-0.00140231859,0.000766822137,0,0,0,0,0,0,0,0,0,0,0,0,0,0,0,0,0,0,0,0,0,0,0,0
155,1.750000,3,1,1,0,0,3.51135254,3.50891113,3.50585938,3.50952148,3.50524902,3.51501465,3.51043701,3.50372314,3.49121094,3.49060059,3.49365234,3.48052979,3.47900391,3.47259521,3.4866333,3.49090576,0.00254629878,0.00238500303,0.00206376496,0.00226141745,0.00297630904,0.0026925886,0.00334288902,0.0028126142,0.00417722575,0.00429330021,0.00381982396,0.0036411623,0.00497213891,0.00311110332,0.00513835577,0.00222354033,0,0,0,0,0,0,0,0,0,0,0,0,0,0,0,0,0,0,0,0,0,0,0,0
156,1.750000,3,1,1,0,0,3.50219727,3.50006104,3.4967041,3.50097656,3.49578857,3.50646973,3.50158691,3.49365234,3.48266602,3.48052979,3.48327637,3.47198486,3.46893311,3.46282959,3.47747803,3.48449707,0.00386537635,0.00462213391,0.0043853838,0.00419561751,0.00422990927,0.00435249368,0.00322222221,0.00372127793,0.00520770112,0.00477581332,0.00403039949,0.00518252654,0.00370148942,0.00295943627,0.00332899205,0.00463997666,0,0,0,0,0,0,0,0,0,0,0,0,0,0,0,0,0,0,0,0,0,0,0,0
157,1.750000,3,1,1,0,0,3.50616455,3.50311279,3.50006104,3.50189209,3.49700928,3.50769043,3.50250244,3.49761963,3.48236084,3.48480225,3.48510742,3.47290039,3.47015381,3.46405029,3.47839355,3.48571777,-0.0018420117,-0.00147051259,-0.00143690768,-0.00150975771,-0.00196596095,-0.00137251744,-0.00102975185,-0.0015337856,-0.000255931343,0.000162036958,-0.000263156311,0.000520117581,0.000351996277,-0.000937453588,-0.000837366679,-0.00140590651,0,0,0,0,0,0,0,0,0,0,0,0,0,0,0,0,0,0,0,0,0,0,0,0
158,1.750000,3,1,1,0,0,3.51135254,3.50891113,3.50524902,3.50891113,3.50494385,3.51531982,3.50952148,3.50311279,3.48815918,3.48693848,3.49243164,3.47625732,3.47686768,3.47229004,3.48358154,3.49029541,0.000373553485,0.00079407054,-7.9833786e-05,-0.000167979393,0.000980276847,0.000566889066,0.000522555551,0.00049828575,-0.00109087734,0.000870757271,-0.00125242257,-0.000820371439,-0.000503141899,-4.02644509e-05,-0.00103692955,0.000294235069,0,0,0,0,0,0,0,0,0,0,0,0,0,0,0,0,0,0,0,0,0,0,0,0
159,1.750000,3,1,1,0,0,3.51654053,3.5144043,3.51074219,3.51409912,3.50982666,3.51898193,3.51287842,3.50769043,3.49212646,3.49395752,3.4942627,3.48449707,3.47991943,3.4765625,3.48754883,3.4967041,0.0073575452,0.00803257152,0.00788160134,0.00792129245,0.00797764771,0.00701217679,0.00774257118,0.0077212234,0.00624796655,0.00725491391,0.00648272736,0.00826581381,0.0060138288,0.00629670639,0.0059589115,0.0076129972,0,0,0,0,0,0,0,0,0,0,0,0,0,0,0,0,0,0,0,0,0,0,0,0
160,1.750000,3,1,1,0,0,3.50280762,3.49975586,3.49578857,3.49914551,3.49334717,3.50585938,3.50067139,3.49456787,3.48022461,3.4777832,3.48297119,3.47015381,3.46710205,3.46343994,3.47564697,3.48052979,0.00525924843,0.00564844068,0.00484452117,0.00473583955,0.00549741881,0.00572989369,0.00522350427,0.00518828444,0.00633140607,0.00448443368,0.00669412129,0.0055149924,0.0058999341,0.00589179993,0.00557303941,0.00401319284,0,0,0,0,0,0,0,0,0,0,0,0,0,0,0,0,0,0,0,0,0,0,0,0
161,1.766000,3,1,1,0,0,3.50799561,3.50402832,3.50158691,3.50524902,3.49945068,3.51043701,3.50463867,3.49884033,3.48724365,3.48571777,3.48937988,3.47564697,3.47503662,3.46984863,3.48175049,3.49029541,0.00188232621,0.00121851894,0.00126701,0.00200231606,0.00229268358,0.001961292,0.00226309011,0.00163137936,0.00200566603,0.00277602044,0.0018603038,0.00297636935,0.0024210806,0.00108563609,0.00209183432,0.002099948,0,0,0,0,0,0,0,0,0,0,0,0,0,0,0,0,0,0,0,0,0,0,0,0
162,1.766000,3,1,1,0,0,3.50952148,3.5055542,3.50372314,3.50616455,3.50097656,3.51104736,3.5067749,3.49975586,3.48693848,3.48480225,3.48907471,3.47473145,3.47473145,3.46923828,3.48022461,3.48876953,0.000872719917,0.000356386532,0.00143708917,0.000749260886,0.00051633874,0.00101960974,0.000124747399,0.000541213958,0.00100072299,0.00128467102,0.00200224738,0.00181226002,0.00218401593,0.00150431087,0.000383642619,0.00236167596,0,0,0,0,0,0,0,0,0,0,0,0,0,0,0,0,0,0,0,0,0,0,0,0
163,1.766000,3,1,1,0,0,3.50341797,3.50158691,3.49700928,3.50067139,3.4967041,3.5067749,3.50158691,3.4954834,3.48266602,3.48083496,3.48480225,3.47106934,3.47015381,3.46435547,3.47686768,3.48144531,-0.00165760494,-0.00146742491,-0.00142666162,-0.00167227385,-0.000815775478,7.80189512e-05,-0.000559484353,-0.00130535092,-0.00153569295,-0.00255574659,-0.001488804,-0.00271552429,-0.0019366974,-0.00213175896,-0.00123158738,-0.00212001149,0,0,0,0,0,0,0,0,0,0,0,0,0,0,0,0,0,0,0,0,0,0,0,0
164,1.766000,3,1,1,0,0,3.50891113,3.50463867,3.50280762,3.50646973,3.50128174,3.50891113,3.50463867,3.49945068,3.48754883,3.48632812,3.48968506,3.47503662,3.4753418,3.47015381,3.47930908,3.48968506,0.000172153697,0.00023761217,0.0007306427,0.000909963041,0.000675608986,-0.000459412695,0.000287439325,0.000638714293,-0.000337296398,0.00129426271,-0.000287353992,0.000524616684,-5.51789417e-05,0.000828580232,-0.00061354239,0.00146493141,0,0,0,0,0,0,0,0,0,0,0,0,0,0,0,0,0,0,0,0,0,0,0,0
165,1.766000,3,1,1,0,0,3.51043701,3.50646973,3.50341797,3.5067749,3.50128174,3.51318359,3.50799561,3.50219727,3.48724365,3.48571777,3.48632812,3.4753418,3.47381592,3.46893311,3.47900391,3.48907471,0.00276909722,0.00308385771,0.00272253458,0.00255228067,0.00251706177,0.00407002866,0.00384748029,0.00362579175,0.00442022178,0.00363196619,0.0028008502,0.00347600435,0.00489632366,0.00444336049,0.00311535201,0.0028599631,0,0,0,0,0,0,0,0,0,0,0,0,0,0,0,0,0,0,0,0,0,0,0,0
166,1.766000,3,1,1,0,0,3.51287842,3.50982666,3.50799561,3.51043701,3.5055542,3.51623535,3.51043701,3.50402832,3.49273682,3.49151611,3.49334717,3.48144531,3.47930908,3.47442627,3.48632812,3.49121094,0.00513959024,0.00504991645,0.00511053111,0.00515788142,0.00501058158,0.00425300375,0.00489073759,0.00475715846,0.00682318304,0.00584142841,0.00620575016,0.00496262545,0.00574640185,0.00589074381,0.00607480993,0.00548064848,0,0,0,0,0,0,0,0,0,0,0,0,0,0,0,0,0,0,0,0,0,0,0,0
167,1.937000,3,1,1,0,0,3.50891113,3.5043335,3.50219727,3.50616455,3.50067139,3.51043701,3.50585938,3.50006104,3.487854,3.48602295,3.48999023,3.47473145,3.4753418,3.46923828,3.48175049,3.48999023,0.00991943944,0.00930701662,0.00937055517,0.00993915834,0.0102527551,0.0108492244,0.0104922438,0.0100519545,0.0100144986,0.00859230757,0.00944981724,0.00799251441,0.0097993901,0.00886831991,0.0106709553,0.00964940898,0,0,0,0,0,0,0,0,0,0,0,0,0,0,0,0,0,0,0,0,0,0,0,0
168,1.937000,3,1,1,0,0,3.50708008,3.50402832,3.50097656,3.50280762,3.49853516,3.50952148,3.50158691,3.49731445,3.48388672,3.48571777,3.48632812,3.47564697,3.47106934,3.46862793,3.47747803,3.487854,-0.00153606571,-0.00182344869,-0.00268032262,-0.00182911311,-0.00159235881,-0.000625951681,-0.00160735636,-0.00241884287,-0.00241138716,-0.00304843858,-0.00245100725,-0.00192388298,-0.00192665239,-0.00309115998,-0.0016069056,-0.00163164479,0,0,0,0,0,0,0,0,0,0,0,0,0,0,0,0,0,0,0,0,0,0,0,0
169,1.937000,3,1,1,0,0,3.51989746,3.51593018,3.51348877,3.5168457,3.51165771,3.51989746,3.51623535,3.51043701,3.49761963,3.49609375,3.49884033,3.48632812,3.48602295,3.48144531,3.49212646,3.49945068,0.00268689566,0.00224997266,0.00284232246,0.00144276442,0.00244015595,0.00193043007,0.00261549931,0.00200345134,0.00342434412,0.00230714446,0.00211913674,0.00233785412,0.00341274845,0.00327188522,0.0037558442,0.0026975621,0,0,0,0,0,0,0,0,0,0,0,0,0,0,0,0,0,0,0,0,0,0,0,0
170,1.937000,3,1,1,0,0,3.51074219,3.50830078,3.5043335,3.50860596,3.5043335,3.51501465,3.51074219,3.50372314,3.48815918,3.48632812,3.48968506,3.47473145,3.47625732,3.47198486,3.48358154,3.49029541,0.00452193618,0.00471414067,0.00433502533,0.00469463645,0.00555313239,0.00446743565,0.00552945817,0.00500742532,0.0046785227,0.00544160139,0.00470680417,0.00628547836,0.00494495127,0.00451877574,0.00676928321,0.00580144394,0,0,0,0,0,0,0,0,0,0,0,0,0,0,0,0,0,0,0,0,0,0,0,0
171,1.937000,3,1,1,0,0,3.50311279,3.50250244,3.49700928,3.50097656,3.4967041,3.50830078,3.50250244,3.49609375,3.48236084,3.48052979,3.48419189,3.46710205,3.46984863,3.46466064,3.47473145,3.48083496,-0.0025104878,-0.00180027762,-0.0025253233,-0.00250736671,-0.00167595083,-0.00106092321,-0.0013983309,-0.00201840838,-0.00359623902,-0.00257836841,-0.00405112794,-0.0035438647,-0.00245737331,-0.00187535794,-0.00394458277,-0.0035363608,0,0,0,0,0,0,0,0,0,0,0,0,0,0,0,0,0,0,0,0,0,0,0,0
172,1.937000,3,1,1,0,0,3.5067749,3.50311279,3.49853516,3.50372314,3.4979248,3.50952148,3.50280762,3.49761963,3.48236084,3.48236084,3.48510742,3.47106934,3.47045898,3.46343994,3.47625732,3.48480225,-0.00269340258,-0.00341261318,-0.00325253466,-0.00231372286,-0.00332164671,-0.00384735409,-0.00272406335,-0.00353255868,-0.00186593237,-0.00343681313,-0.00163903681,-0.000840679801,-0.00171271898,-0.00248629297,-0.00160407135,-0.00246872846,0,0,0,0,0,0,0,0,0,0,0,0,0,0,0,0,0,0,0,0,0,0,0,0
173,1.937000,3,1,1,0,0,3.5144043,3.51196289,3.50738525,3.51013184,3.5067749,3.5168457,3.51196289,3.50616455,3.49182129,3.49151611,3.4942627,3.48175049,3.47930908,3.47442627,3.48724365,3.4942627,0.00553669827,0.00653807539,0.00498784054,0.00554137351,0.00552507536,0.00509131514,0.00549762463,0.00511295069,0.00593496533,0.00570100266,0.00494441297,0.00521769607,0.00579670258,0.00507641165,0.00569875957,0.00571658742,0,0,0,0,0,0,0,0,0,0,0,0,0,0,0,0,0,0,0,0,0,0,0,0
174,1.937000,3,1,1,0,0,3.5168457,3.5144043,3.51074219,3.5144043,3.50921631,3.52020264,3.51318359,3.50799561,3.49304199,3.49365234,3.49731445,3.48236084,3.47900391,3.47412109,3.487854,3.4954834,0.00372565934,0.00499796588,0.00409331545,0.00388504425,0.00459357956,0.00570028694,0.00472642668,0.00386291998,0.00508206198,0.00452970201,0.00434773182,0.00345475576,0.00418637833,0.00322501641,0.00482045067,0.00394127704,0,0,0,0,0,0,0,0,0,0,0,0,0,0,0,0,0,0,0,0,0,0,0,0
175,1.937000,3,1,1,0,0,3.51104736,3.50830078,3.50524902,3.50982666,3.50463867,3.51501465,3.50952148,3.50280762,3.49090576,3.49121094,3.49304199,3.48083496,3.47869873,3.47320557,3.4854126,3.48999023,0.00133575185,0.000746103702,0.00128183083,0.00151102035,0.000764885219,0.00117739709,0.00255308067,0.000951111782,0.00279471045,0.00259932457,0.00335091003,0.00367774395,0.00399491005,0.00358756701,0.00339151686,0.00220127101,0,0,0,0,0,0,0,0,0,0,0,0,0,0,0,0,0,0,0,0,0,0,0,0
176,1.937000,3,1,1,0,0,3.52264404,3.51928711,3.5168457,3.52050781,3.51593018,3.52600098,3.51989746,3.51318359,3.50036621,3.49975586,3.50311279,3.487854,3.487854,3.48236084,3.49517822,3.50036621,0.0023088099,0.00165579119,0.00242345245,0.00278367684,0.00200070278,0.00223861332,0.00297691161,0.00327929412,0.00425870437,0.00342883822,0.00395356305,0.00294627575,0.00391458021,0.00387053867,0.00310759922,0.00236441661,0,0,0,0,0,0,0,0,0,0,0,0,0,0,0,0,0,0,0,0,0,0,0,0
177,1.937000,3,1,1,0,0,3.5168457,3.5144043,3.51043701,3.5144043,3.50921631,3.51989746,3.51226807,3.50799561,3.49304199,3.4954834,3.49761963,3.48297119,3.47991943,3.47473145,3.48693848,3.49517822,0.00723391958,0.00758235343,0.00746468641,0.0076143085,0.0072962069,0.0070655779,0.00685501844,0.00787361525,0.00516780466,0.00765014859,0.00601259433,0.0067981896,0.00583307771,0.00573537545,0.00556171359,0.00698488811,0,0,0,0,0,0,0,0,0,0,0,0,0,0,0,0,0,0,0,0,0,0,0,0
178,1.937000,3,1,1,0,0,3.50341797,3.50128174,3.49700928,3.49945068,3.49578857,3.5067749,3.50067139,3.49365234,3.48205566,3.47991943,3.48419189,3.47045898,3.46832275,3.46313477,3.47595215,3.48083496,-0.00393008254,-0.0036970973,-0.00405866792,-0.00378384534,-0.0040280656,-0.00270643365,-0.00344729354,-0.00363524165,-0.000724185607,-0.00212677661,-0.000427255349,-0.00248527806,1.01202168e-05,-0.00142396684,0.000155179994,-0.00320758717,0,0,0,0,0,0,0,0,0,0,0,0,0,0,0,0,0,0,0,0,0,0,0,0
179,1.937000,3,1,1,0,0,3.51318359,3.51074219,3.50830078,3.51043701,3.50616455,3.51654053,3.51165771,3.50463867,3.49243164,3.49121094,3.49304199,3.48144531,3.47869873,3.47290039,3.48693848,3.4942627,-0.00364673045,-0.00333061838,-0.00337825855,-0.00403160416,-0.00352564245,-0.00376849878,-0.00320024928,-0.00372056663,-0.00250914413,-0.00266713742,-0.00427886471,-0.00223165541,-0.00211741892,-0.00336378906,-0.00328854984,-0.00275285961,0,0,0,0,0,0,0,0,0,0,0,0,0,0,0,0,0,0,0,0,0,0,0,0
180,1.937000,3,1,1,0,0,3.51593018,3.51287842,3.51013184,3.51196289,3.50830078,3.51898193,3.51196289,3.50616455,3.49090576,3.49395752,3.49395752,3.48236084,3.47991943,3.47351074,3.487854,3.49578857,0.00157446624,0.00180660887,0.000532013306,0.000516431755,0.00202159397,0.00242544804,0.0014351391,0.00126021355,0.000600509986,0.00177976862,0.000482658274,0.00079289719,0.000428238476,0.00025350909,0.00136848574,-0.000339620019,0,0,0,0,0,0,0,0,0,0,0,0,0,0,0,0,0,0,0,0,0,0,0,0
181,1.937000,3,1,1,0,0,3.5144043,3.51196289,3.50891113,3.51196289,3.50799561,3.51867676,3.51226807,3.50524902,3.49182129,3.49060059,3.49365234,3.48175049,3.47900391,3.47320557,3.48754883,3.49121094,0.00588921085,0.00636534486,0.00710582454,0.0069335443,0.00717449468,0.00770527078,0.00765876751,0.00720392819,0.00759254862,0.00686196191,0.00691122795,0.00689615868,0.00708511844,0.00727680558,0.00746212993,0.00520526338,0,0,0,0,0,0,0,0,0,0,0,0,0,0,0,0,0,0,0,0,0,0,0,0
182,1.937000,3,1,1,0,0,3.51196289,3.51013184,3.50616455,3.51043701,3.50524902,3.51593018,3.50982666,3.50311279,3.48876953,3.48571777,3.49029541,3.4765625,3.47595215,3.47290039,3.48388672,3.48907471,-0.00178839732,-0.0012223064,-0.00182928331,-0.000442096789,-0.00107752043,-0.000801873975,-0.000971601403,-0.00146144466,-0.00115118909,-0.00207955763,-0.00122627779,-0.00200911751,-0.0011502842,7.68544851e-05,-0.00135494582,-0.00118669111,0,0,0,0,0,0,0,0,0,0,0,0,0,0,0,0,0,0,0,0,0,0,0,0
183,1.937000,3,1,1,0,0,3.52172852,3.51745605,3.51409912,3.51898193,3.51226807,3.52325439,3.51837158,3.51318359,3.4979248,3.4967041,3.49945068,3.48571777,3.48510742,3.48022461,3.49243164,3.49975586,0.00762344105,0.00750778243,0.00781380292,0.0074041225,0.00784220081,0.00794221461,0.00786829647,0.00725948531,0.00817405246,0.00728645967,0.00648438232,0.00687973341,0.00739755435,0.00656755641,0.00808280986,0.00798916165,0,0,0,0,0,0,0,0,0,0,0,0,0,0,0,0,0,0,0,0,0,0,0,0
184,1.937000,3,1,1,0,0,3.51623535,3.51287842,3.51074219,3.51409912,3.50799561,3.52020264,3.51318359,3.50799561,3.49182129,3.49273682,3.4942627,3.48388672,3.47930908,3.47412109,3.487854,3.49517822,0.00769874733,0.00732288556,0.00785701256,0.00754728727,0.00769938296,0.00863691326,0.00644383067,0.0078120837,0.005768565,0.00792559981,0.00486990251,0.00807501003,0.00598354544,0.00495311199,0.00696589192,0.00678722095,0,0,0,0,0,0,0,0,0,0,0,0,0,0,0,0,0,0,0,0,0,0,0,0
185,2.109000,3,1,1,0,0,3.50341797,3.50128174,3.4967041,3.50158691,3.49639893,3.50646973,3.50189209,3.4942627,3.48327637,3.48236084,3.48449707,3.47137451,3.47045898,3.46282959,3.4777832,3.48266602,-0.00415746681,-0.00469902391,-0.00393633731,-0.00362731563,-0.00413579168,-0.00440398278,-0.00384019408,-0.00378289819,-0.00175483269,-0.00300088734,-0.00137540966,-0.0034348953,-0.00238699513,-0.00292202085,-0.00292592589,-0.00290578743,0,0,0,0,0,0,0,0,0,0,0,0,0,0,0,0,0,0,0,0,0,0,0,0
186,2.109000,3,1,1,0,0,3.51165771,3.50830078,3.50463867,3.50860596,3.50463867,3.51501465,3.50952148,3.50280762,3.48846436,3.48632812,3.48999023,3.47473145,3.47503662,3.47076416,3.48236084,3.48999023,-0.00300494744,-0.00306785549,-0.0029872295,-0.00350642949,-0.00250927173,-0.00360311521,-0.00311981607,-0.00321221887,-0.00232472201,-0.0033228551,-0.00327207102,-0.00419531344,-0.00177319522,-0.00230570999,-0.0023907572,-0.00263680518,0,0,0,0,0,0,0,0,0,0,0,0,0,0,0,0,0,0,0,0,0,0,0,0
187,2.109000,3,1,1,0,0,3.50372314,3.50006104,3.49609375,3.50036621,3.49609375,3.5067749,3.50036621,3.4942627,3.48114014,3.47930908,3.48449707,3.47137451,3.47015381,3.46313477,3.47625732,3.48144531,-0.000137271796,-0.000552648562,3.38644022e-05,-9.84293874e-05,-0.000719762058,-0.00133624335,0.000111255882,-8.60605651e-05,0.00189560233,0.000541277637,0.0034180209,0.00157272234,0.00120246515,0.00230108062,0.00150063843,0.00122734404,0,0,0,0,0,0,0,0,0,0,0,0,0,0,0,0,0,0,0,0,0,0,0,0
188,2.109000,3,1,1,0,0,3.51593018,3.51318359,3.50982666,3.51257324,3.50769043,3.51867676,3.51257324,3.5067749,3.49212646,3.49212646,3.49456787,3.48114014,3.48022461,3.47259521,3.48724365,3.49456787,0.0107494369,0.0101234894,0.0107742026,0.0101941843,0.00977084227,0.0106426878,0.0109019456,0.0105696609,0.00984253734,0.00974042248,0.00952353142,0.00958666764,0.00917047728,0.00903599244,0.00900626555,0.00912064966,0,0,0,0,0,0,0,0,0,0,0,0,0,0,0,0,0,0,0,0,0,0,0,0
189,2.109000,3,1,1,0,0,3.515625,3.51318359,3.51043701,3.51470947,3.50769043,3.51959229,3.51257324,3.50738525,3.49304199,3.49304199,3.49456787,3.48236084,3.47900391,3.47381592,3.48724365,3.4954834,0.000709650398,0.00165788934,0.00147070829,0.00186754297,0.00157533167,0.000982778613,0.0018265954,0.0013366692,0.000591799559,0.000944773667,-0.000593843404,0.00102402142,-0.00154631096,0.000231457292,-0.000702343881,0.000812855316,0,0,0,0,0,0,0,0,0,0,0,0,0,0,0,0,0,0,0,0,0,0,0,0
190,2.109000,3,1,1,0,0,3.51623535,3.51348877,3.51074219,3.51318359,3.50830078,3.51928711,3.51287842,3.50799561,3.49304199,3.49517822,3.49822998,3.48602295,3.48083496,3.4765625,3.49090576,3.49700928,0.00124438968,0.00226306077,0.00189811701,0.0018477384,0.00177746126,0.00156789355,0.00169271242,0.00160575565,0.00386958546,0.00195282698,0.0039267512,0.00334724784,0.00248910859,0.00271447445,0.00369991502,0.00300863129,0,0,0,0,0,0,0,0,0,0,0,0,0,0,0,0,0,0,0,0,0,0,0,0
191,2.109000,3,1,1,0,0,3.50067139,3.49639893,3.4942627,3.49761963,3.49151611,3.50250244,3.49761963,3.49273682,3.47595215,3.47564697,3.47930908,3.4664917,3.46405029,3.46008301,3.46923828,3.47930908,-0.00781723298,-0.00790872518,-0.00721141556,-0.00890149921,-0.00813220162,-0.00738488417,-0.0086265346,-0.0069747814,-0.0081702536,-0.00803980976,-0.00867376104,-0.00781373866,-0.00843153242,-0.00679250527,-0.00884280447,-0.00671499642,0,0,0,0,0,0,0,0,0,0,0,0,0,0,0,0,0,0,0,0,0,0,0,0
192,2.109000,3,1,1,0,0,3.50402832,3.50189209,3.49700928,3.49945068,3.49639893,3.50646973,3.50128174,3.49487305,3.48083496,3.47808838,3.48419189,3.47015381,3.46679688,3.46343994,3.47595215,3.47961426,-0.0011093053,0.000276064326,-0.00129203312,-0.00163922063,-0.000351766997,4.27708146e-05,-0.000959758938,-0.00123168924,-0.00141598121,-0.00189860095,-0.00110742613,-0.00126595539,-0.00186450034,-0.00141256605,-0.000652258634,-0.00197641086,0,0,0,0,0,0,0,0,0,0,0,0,0,0,0,0,0,0,0,0,0,0,0,0
193,2.109000,3,1,1,0,0,3.51806641,3.51470947,3.51074219,3.51501465,3.50952148,3.52050781,3.51318359,3.50860596,3.49395752,3.49517822,3.4942627,3.48480225,3.48083496,3.47442627,3.487854,3.49578857,0.00247171638,0.00235586264,0.00193216733,0.00214856048,0.00197835173,0.00336347753,0.00213287491,0.00249265414,-0.000226099844,0.00151447649,-0.00219425512,0.000863866357,-0.0013192842,-0.000454998342,-0.000981097226,0.00167342101,0,0,0,0,0,0,0,0,0,0,0,0,0,0,0,0,0,0,0,0,0,0,0,0
194,2.109000,3,1,1,0,0,3.50189209,3.49884033,3.4954834,3.49884033,3.49487305,3.50585938,3.50036621,3.4942627,3.48114014,3.47930908,3.48388672,3.47045898,3.46862793,3.46435547,3.47564697,3.48144531,-0.00166162918,-0.00142530585,-0.00109883794,-0.00148077274,-0.00156162027,-0.00227868883,-0.00154118007,-0.000925265776,0.000319365878,-0.000187192229,0.00121574732,0.00104501017,0.000687807216,0.00203044084,0.000161498552,0.000701426179,0,0,0,0,0,0,0,0,0,0,0,0,0,0,0,0,0,0,0,0,0,0,0,0
195,2.109000,3,1,1,0,0,3.51593018,3.51226807,3.50799561,3.51196289,3.50708008,3.51898193,3.51165771,3.50585938,3.49151611,3.49151611,3.4942627,3.48052979,3.47961426,3.47381592,3.48693848,3.49060059,0.00377194351,0.00384345977,0.00348655181,0.00411293516,0.00362015003,0.00488616945,0.00362591771,0.00431718305,0.00475496426,0.00330212712,0.00493078306,0.00435538637,0.00448487047,0.0049368958,0.00525102485,0.0029932633,0,0,0,0,0,0,0,0,0,0,0,0,0,0,0,0,0,0,0,0,0,0,0,0
196,2.109000,3,1,1,0,0,3.51318359,3.51074219,3.5055542,3.51074219,3.50585938,3.51623535,3.51074219,3.50402832,3.49243164,3.49121094,3.49456787,3.48175049,3.47900391,3.47442627,3.4866333,3.49121094,0.00681329938,0.00664846692,0.00673724012,0.00644030795,0.0072918795,0.00640367158,0.00691177091,0.00591715565,0.0072082025,0.00762550626,0.00714309234,0.00801148452,0.00555357477,0.00672367634,0.00805246737,0.00794978812,0,0,0,0,0,0,0,0,0,0,0,0,0,0,0,0,0,0,0,0,0,0,0,0
197,2.109000,3,1,1,0,0,3.52142334,3.51654053,3.5144043,3.51898193,3.51165771,3.52386475,3.51837158,3.51257324,3.49853516,3.49578857,3.50250244,3.48510742,3.48632812,3.48205566,3.49304199,3.50067139,0.00386962714,0.00353586278,0.00335861137,0.00356672239,0.00371272117,0.00362497848,0.00269662216,0.00326505676,0.00233133882,0.00218041707,0.00202450133,0.00152611989,0.00190531043,0.00213612942,0.00310049206,0.00287911412,0,0,0,0,0,0,0,0,0,0,0,0,0,0,0,0,0,0,0,0,0,0,0,0
198,2.109000,3,1,1,0,0,3.5067749,3.50402832,3.50128174,3.50402832,3.49945068,3.50982666,3.50341797,3.49853516,3.48724365,3.48571777,3.48876953,3.47564697,3.47381592,3.46923828,3.47808838,3.48846436,0.00444055162,0.00422300352,0.00535676908,0.00502069853,0.0049473322,0.00488503044,0.00534361694,0.00510769337,0.00481969211,0.00581096858,0.00445874082,0.00516359601,0.00493787322,0.00525130099,0.00347222085,0.00536064198,0,0,0,0,0,0,0,0,0,0,0,0,0,0,0,0,0,0,0,0,0,0,0,0
199,2.109000,3,1,1,0,0,3.51654053,3.51379395,3.50891113,3.51409912,3.50738525,3.51928711,3.51287842,3.50769043,3.49212646,3.49273682,3.49456787,3.48175049,3.47869873,3.47381592,3.48754883,3.49487305,0.00919222273,0.00944343768,0.00885441061,0.00969107542,0.00940021034,0.00920040626,0.00949534681,0.00963131338,0.00895320065,0.00978678558,0.00975444634,0.0094931107,0.0070081451,0.00647472311,0.00727106817,0.00980057288,0,0,0,0,0,0,0,0,0,0,0,0,0,0,0,0,0,0,0,0,0,0,0,0
200,2.109000,3,1,1,0,0,3.51470947,3.51104736,3.50830078,3.51287842,3.50646973,3.51745605,3.51074219,3.5055542,3.49090576,3.49151611,3.49304199,3.48083496,3.47991943,3.47381592,3.4866333,3.49395752,0.00498834159,0.00401163939,0.00509692822,0.00496476702,0.00374113,0.00498224329,0.00418608543,0.00441837497,0.00382878981,0.00398918381,0.0046004355,0.00382141815,0.00498984521,0.00450599892,0.00489741843,0.00443592342,0,0,0,0,0,0,0,0,0,0,0,0,0,0,0,0,0,0,0,0,0,0,0,0
201,2.109000,3,1,1,0,0,3.51104736,3.5055542,3.50494385,3.50830078,3.50128174,3.51196289,3.50799561,3.50128174,3.48968506,3.48968506,3.49334717,3.47686768,3.47808838,3.47381592,3.48388672,3.49090576,0.00239100377,0.00207101484,0.00228136871,0.00204643374,0.00249001617,0.00252129859,0.00204254524,0.00258800876,0.0019263227,0.00139770249,0.00100573862,0.00137492898,0.00131642376,0.00175989082,0.00243847352,0.0011130994,0,0,0,0,0,0,0,0,0,0,0,0,0,0,0,0,0,0,0,0,0,0,0,0
202,2.281000,3,1,1,0,0,3.50799561,3.50494385,3.50158691,3.5055542,3.49975586,3.51074219,3.5055542,3.49975586,3.48724365,3.48510742,3.48937988,3.47686768,3.4753418,3.46954346,3.48083496,3.48907471,0.000969524612,0.00152956147,0.000699351425,0.00182648189,0.00200281199,0.00246626814,0.00220210012,0.00145569444,0.00342597719,0.000764955417,0.0041927807,0.00145989761,0.00398679543,0.00365982228,0.00312171341,0.00253779488,0,0,0,0,0,0,0,0,0,0,0,0,0,0,0,0,0,0,0,0,0,0,0,0
203,2.281000,3,1,1,0,0,3.51470947,3.51135254,3.50708008,3.51135254,3.50646973,3.51654053,3.51074219,3.50494385,3.49212646,3.49121094,3.49487305,3.48114014,3.47900391,3.47290039,3.4866333,3.49456787,0.00199023588,0.00264364155,0.00145253167,0.00178911583,0.00248442334,0.00257442938,0.00177047867,0.00179808273,0.000847857562,0.00183522201,0.000724273385,0.000776662724,0.00110017427,-0.000494427106,0.00210323627,0.0017413313,0,0,0,0,0,0,0,0,0,0,0,0,0,0,0,0,0,0,0,0,0,0,0,0
204,2.281000,3,1,1,0,0,3.51989746,3.51593018,3.51287842,3.5168457,3.51013184,3.52050781,3.5168457,3.51074219,3.49304199,3.49456787,3.49578857,3.48571777,3.48144531,3.47686768,3.487854,3.49609375,0.00177821959,0.00107460062,0.000739481417,0.00114925066,0.000484029326,0.000264272821,0.000937901379,0.00108538184,-0.0003581848,0.000407837535,-0.000984654645,2.43211398e-05,-0.000370840629,0.000798228662,-0.000389123423,-0.000211638122,0,0,0,0,0,0,0,0,0,0,0,0,0,0,0,0,0,0,0,0,0,0,0,0
205,2.281000,3,1,1,0,0,3.50372314,3.50158691,3.4979248,3.50006104,3.49609375,3.50646973,3.50128174,3.49365234,3.48236084,3.48236084,3.48358154,3.47229004,3.46984863,3.46405029,3.47717285,3.48571777,0.00370039279,0.00369096803,0.00434568617,0.00441967743,0.0041594319,0.00291835051,0.00388756208,0.00392882945,0.00371323805,0.00453523314,0.00473670196,0.00477492949,0.00427124277,0.00400987361,0.00437011104,0.00610803347,0,0,0,0,0,0,0,0,0,0,0,0,0,0,0,0,0,0,0,0,0,0,0,0
206,2.281000,3,1,1,0,0,3.51196289,3.51074219,3.5055542,3.50952148,3.50402832,3.51623535,3.51135254,3.50341797,3.49182129,3.49121094,3.49456787,3.48114014,3.47961426,3.47259521,3.48724365,3.49395752,0.00837874971,0.00856650528,0.00866277143,0.00852525886,0.00803361833,0.00899366383,0.00918101799,0.00874518882,0.00990454108,0.0094528487,0.0097752763,0.0101099508,0.0102693634,0.00868322141,0.0104048792,0.0088312244,0,0,0,0,0,0,0,0,0,0,0,0,0,0,0,0,0,0,0,0,0,0,0,0
207,2.281000,3,1,1,0,0,3.5067749,3.50341797,3.50128174,3.5043335,3.49884033,3.50952148,3.50311279,3.49822998,3.48724365,3.48571777,3.48876953,3.4753418,3.47076416,3.46893311,3.4777832,3.48754883,0.00222855574,0.00182139932,0.00161024719,0.000988463522,0.00188082946,0.00192511384,0.00149039004,0.00180226739,0.00182630774,0.00218853517,0.000255523133,0.00276849,-0.000870860589,3.06173461e-05,0.000189380837,0.00233901525,0,0,0,0,0,0,0,0,0,0,0,0,0,0,0,0,0,0,0,0,0,0,0,0
208,2.281000,3,1,1,0,0,3.51135254,3.50891113,3.50524902,3.50860596,3.50463867,3.51501465,3.50982666,3.50372314,3.49182129,3.49060059,3.49304199,3.48022461,3.47900391,3.47381592,3.48602295,3.49090576,-0.000952550676,-0.000335370074,-0.000687233754,-0.0015327388,-0.00073054689,-0.000550419616,0.000313361816,-0.000622869178,0.000891302945,0.000109243352,-0.000781250768,-0.000367045082,-0.000546893221,0.000790425809,-0.000708205276,0.000663508254,0,0,0,0,0,0,0,0,0,0,0,0,0,0,0,0,0,0,0,0,0,0,0,0
209,2.281000,3,1,1,0,0,3.51593018,3.51287842,3.51013184,3.51379395,3.50860596,3.51837158,3.51196289,3.50769043,3.49212646,3.49395752,3.49456787,3.48419189,3.47991943,3.47473145,3.4866333,3.4954834,0.00331679266,0.00350452634,0.00386023568,0.00413228571,0.00355172111,0.00417688256,0.00277690776,0.00406666007,0.00501660025,0.00471407641,0.00496649463,0.00423687277,0.00402648142,0.00480998773,0.00466915872,0.00531377411,0,0,0,0,0,0,0,0,0,0,0,0,0,0,0,0,0,0,0,0,0,0,0,0
210,2.281000,3,1,1,0,0,3.51135254,3.50738525,3.50494385,3.50891113,3.50158691,3.51409912,3.50830078,3.50250244,3.48999023,3.4866333,3.49121094,3.47991943,3.47839355,3.47290039,3.48571777,3.49060059,0.00474977819,0.00495009031,0.00496776681,0.00594984367,0.00491406489,0.00510696834,0.00549078127,0.00568464352,0.00722765457,0.00381563744,0.00559986476,0.00528113777,0.00645808037,0.00676843664,0.00622197194,0.00582504505,0,0,0,0,0,0,0,0,0,0,0,0,0,0,0,0,0,0,0,0,0,0,0,0
211,2.281000,3,1,1,0,0,3.52050781,3.51837158,3.51501465,3.51989746,3.51470947,3.5244751,3.51928711,3.51379395,3.50036621,3.49639893,3.50219727,3.4866333,3.48724365,3.48083496,3.49334717,3.50097656,0.00649943389,0.00686121406,0.00612971419,0.00636220118,0.00735047553,0.00752284424,0.00640037796,0.00670373579,0.00562892063,0.00680097565,0.00595477223,0.00429645414,0.00603148155,0.00598298851,0.00632540602,0.00487510813,0,0,0,0,0,0,0,0,0,0,0,0,0,0,0,0,0,0,0,0,0,0,0,0
212,2.281000,3,1,1,0,0,3.5043335,3.50250244,3.49853516,3.50128174,3.4967041,3.50738525,3.50097656,3.49517822,3.48236084,3.47930908,3.48358154,3.47045898,3.47015381,3.46435547,3.47625732,3.47991943,0.00580663234,0.00629453594,0.00542229973,0.00631648628,0.00516680349,0.00638057198,0.00531373965,0.00569001632,0.00435595354,0.00499089016,0.00504704332,0.00554619031,0.00449776091,0.00504985731,0.00438624434,0.00425215019,0,0,0,0,0,0,0,0,0,0,0,0,0,0,0,0,0,0,0,0,0,0,0,0
213,2.281000,3,1,1,0,0,3.51074219,3.50738525,3.50372314,3.50646973,3.50128174,3.51165771,3.5067749,3.50128174,3.48449707,3.48602295,3.48846436,3.47503662,3.47381592,3.46923828,3.47900391,3.48754883,0.00305986591,0.00282626739,0.00321898027,0.00274409819,0.00282973703,0.00261421711,0.00251802639,0.00291103823,0.00161557482,0.00306095555,0.00163872261,0.00284620514,0.00212430465,0.000632374664,0.000970198424,0.00238590245,0,0,0,0,0,0,0,0,0,0,0,0,0,0,0,0,0,0,0,0,0,0,0,0
214,2.281000,3,1,1,0,0,3.51409912,3.51104736,3.50738525,3.51074219,3.50585938,3.5168457,3.51013184,3.5043335,3.49151611,3.49151611,3.49304199,3.48175049,3.47961426,3.47320557,3.48602295,3.49395752,-0.00323784444,-0.00365535542,-0.00344352843,-0.00381176523,-0.00331670186,-0.00353266136,-0.00423842343,-0.00323343254,-0.00366080948,-0.00346022868,-0.00488086883,-0.00348207727,-0.00357381091,-0.00288881804,-0.00350283016,-0.00308107678,0,0,0,0,0,0,0,0,0,0,0,0,0,0,0,0,0,0,0,0,0,0,0,0
215,2.281000,3,1,1,0,0,3.51318359,3.51104736,3.50708008,3.51043701,3.50616455,3.5168457,3.51104736,3.50402832,3.49182129,3.49029541,3.49273682,3.4765625,3.47808838,3.47320557,3.48602295,3.49121094,0.00783660822,0.00796786416,0.00744617777,0.00793815125,0.00845367555,0.00790958107,0.00766496174,0.00713422801,0.00630948227,0.00684211869,0.00679240655,0.00605122931,0.00585722644,0.0052019069,0.0070478688,0.00673108548,0,0,0,0,0,0,0,0,0,0,0,0,0,0,0,0,0,0,0,0,0,0,0,0
216,2.281000,3,1,1,0,0,3.50982666,3.50738525,3.50372314,3.50921631,3.50189209,3.51409912,3.50952148,3.50250244,3.4866333,3.4854126,3.48907471,3.47595215,3.47503662,3.47106934,3.48052979,3.48907471,0.00719533069,0.00660021277,0.00655382127,0.0063344473,0.00675271964,0.00719218748,0.00669550244,0.00677290279,0.00465930626,0.00471814256,0.0041733291,0.00475975033,0.00512938295,0.00482549332,0.00502305618,0.0054055769,0,0,0,0,0,0,0,0,0,0,0,0,0,0,0,0,0,0,0,0,0,0,0,0
217,2.281000,3,1,1,0,0,3.51623535,3.51257324,3.50982666,3.51379395,3.50769043,3.51898193,3.51196289,3.50708008,3.49243164,3.49243164,3.4942627,3.48419189,3.48083496,3.47290039,3.487854,3.49517822,0.00131192349,0.00153819262,0.00158000202,0.00167851092,0.00116596557,0.000370825757,0.00102788652,0.00170986261,0.00212874962,0.00113721471,0.00116186251,0.00189459871,0.000278908294,0.00127120095,0.000808323268,0.00105514401,0,0,0,0,0,0,0,0,0,0,0,0,0,0,0,0,0,0,0,0,0,0,0,0
218,2.281000,3,1,1,0,0,3.51074219,3.50646973,3.50402832,3.50769043,3.50280762,3.5144043,3.50860596,3.50250244,3.48937988,3.48571777,3.49304199,3.47625732,3.4765625,3.47320557,3.48327637,3.48968506,0.00186320685,0.00162711157,0.00285858917,0.00249133329,0.00260747806,0.0020112549,0.00210138713,0.00257841963,0.00232110079,0.00302479137,0.00404151622,0.00321150059,0.00227228343,0.00195126422,0.00217599957,0.00253108237,0,0,0,0,0,0,0,0,0,0,0,0,0,0,0,0,0,0,0,0,0,0,0,0
219,2.437000,3,1,1,0,0,3.51135254,3.51043701,3.5055542,3.50891113,3.50402832,3.51623535,3.51043701,3.50250244,3.48999023,3.48968506,3.49273682,3.47930908,3.4765625,3.47198486,3.48419189,3.48968506,0.00728838984,0.00755844777,0.00780996215,0.00810406264,0.00719547691,0.00745032635,0.0082003139,0.00748677785,0.00610952545,0.00738336006,0.00734737515,0.00676384382,0.00656217616,0.00699166721,0.00552474055,0.00611862214,0,0,0,0,0,0,0,0,0,0,0,0,0,0,0,0,0,0,0,0,0,0,0,0
220,2.437000,3,1,1,0,0,3.50952148,3.50646973,3.50311279,3.5067749,3.50128174,3.51104736,3.50616455,3.50006104,3.48815918,3.48693848,3.49090576,3.47595215,3.47595215,3.47106934,3.48266602,3.48968506,0.00736185815,0.00703788828,0.00754575245,0.00741731096,0.00724438718,0.00653951382,0.00726850703,0.00777356746,0.00868128426,0.00748760533,0.00932543818,0.00783560425,0.00950573385,0.00777888903,0.00905012432,0.00829594489,0,0,0,0,0,0,0,0,0,0,0,0,0,0,0,0,0,0,0,0,0,0,0,0
221,2.437000,3,1,1,0,0,3.51043701,3.50769043,3.5043335,3.50769043,3.50189209,3.51104736,3.50738525,3.50250244,3.49090576,3.48693848,3.49365234,3.47625732,3.47686768,3.47229004,3.48327637,3.48968506,0.00417745439,0.00431589736,0.00383084849,0.00477923639,0.00374498684,0.00342554855,0.0040178257,0.00421158317,0.00523920637,0.00448228233,0.00479461998,0.00496954378,0.00424772222,0.00436263159,0.00354411569,0.00485931803,0,0,0,0,0,0,0,0,0,0,0,0,0,0,0,0,0,0,0,0,0,0,0,0
222,2.437000,3,1,1,0,0,3.5043335,3.50219727,3.4979248,3.50097656,3.4967041,3.50708008,3.50189209,3.4954834,3.48236084,3.48083496,3.48358154,3.47076416,3.46923828,3.46343994,3.47686768,3.48144531,-0.00678987848,-0.00651201745,-0.00675329566,-0.00675277691,-0.00662359875,-0.0067645302,-0.00649577007,-0.00661104033,-0.00592108117,-0.00504397741,-0.00571804401,-0.00635369727,-0.0061482396,-0.00510452501,-0.00587309105,-0.00679434603,0,0,0,0,0,0,0,0,0,0,0,0,0,0,0,0,0,0,0,0,0,0,0,0
223,2.453000,3,1,1,0,0,3.50860596,3.50524902,3.50250244,3.50616455,3.50158691,3.51043701,3.50616455,3.50097656,3.487854,3.48693848,3.49029541,3.47473145,3.4753418,3.47045898,3.48266602,3.48999023,0.0103341676,0.0105458871,0.0105646811,0.0104748588,0.0111856712,0.0106722536,0.0111610452,0.0100574,0.011635269,0.00989416149,0.0117019797,0.0101372348,0.0119309407,0.0116099892,0.0120810987,0.0105507877,0,0,0,0,0,0,0,0,0,0,0,0,0,0,0,0,0,0,0,0,0,0,0,0
224,2.453000,3,1,1,0,0,3.50769043,3.50402832,3.50219727,3.50494385,3.50006104,3.50982666,3.50372314,3.49975586,3.48815918,3.48571777,3.48968506,3.47595215,3.47503662,3.46923828,3.48205566,3.48937988,0.00390291587,0.00281862076,0.00390795665,0.00460255612,0.00326885609,0.00348483049,0.00367573579,0.00373381004,0.00482059596,0.00311843073,0.00436380319,0.00396658573,0.00406170962,0.00486001978,0.00429717777,0.00361146312,0,0,0,0,0,0,0,0,0,0,0,0,0,0,0,0,0,0,0,0,0,0,0,0
225,2.453000,3,1,1,0,0,3.51989746,3.51531982,3.51226807,3.51715088,3.51165771,3.52233887,3.51654053,3.51013184,3.49731445,3.49456787,3.49884033,3.48571777,3.48052979,3.47991943,3.49121094,3.49914551,0.00204866915,0.00230662571,0.00217949087,0.00197399384,0.00239109737,0.0021662307,0.00133895408,0.00102751015,0.00115924468,0.00289022597,0.00125639327,0.00352940522,0.000640458311,0.00103448844,0.00157169974,0.00251816842,0,0,0,0,0,0,0,0,0,0,0,0,0,0,0,0,0,0,0,0,0,0,0,0
226,2.453000,3,1,1,0,0,3.50280762,3.50128174,3.49822998,3.50036621,3.4967041,3.50708008,3.50158691,3.4942627,3.48266602,3.48114014,3.48388672,3.47137451,3.46984863,3.46343994,3.47747803,3.48266602,-0.00563211646,-0.00483669108,-0.00493579637,-0.00533292815,-0.00492295995,-0.004601717,-0.00491271168,-0.00562028121,-0.0038928329,-0.00438370323,-0.00367310736,-0.00387975667,-0.00358180678,-0.00414295681,-0.00312885828,-0.00303193415,0,0,0,0,0,0,0,0,0,0,0,0,0,0,0,0,0,0,0,0,0,0,0,0
227,2.453000,3,1,1,0,0,3.51654053,3.51379395,3.51013184,3.51409912,3.50860596,3.51837158,3.51287842,3.50738525,3.49212646,3.49243164,3.49731445,3.48449707,3.47991943,3.47473145,3.48754883,3.49517822,0.00907276571,0.00859920867,0.00897884089,0.00931337941,0.00857014768,0.00765900407,0.00885496102,0.00851118937,0.00834783446,0.00725749228,0.00922850985,0.00767268566,0.00764675252,0.00819884986,0.00848948583,0.00854612328,0,0,0,0,0,0,0,0,0,0,0,0,0,0,0,0,0,0,0,0,0,0,0,0
228,2.453000,3,1,1,0,0,3.51531982,3.51257324,3.50952148,3.51379395,3.50769043,3.51745605,3.51074219,3.50494385,3.49273682,3.49243164,3.49304199,3.48419189,3.48022461,3.47381592,3.4866333,3.4954834,-0.00108013127,-0.00091255724,-0.000399013574,2.82545807e-05,-7.42311531e-05,-0.00145935733,-0.000781828014,-0.000856878993,0.000236427528,-0.000508544268,0.000112029782,-0.000381024875,0.00137164351,0.00132657052,0.000876714999,0.000402155449,0,0,0,0,0,0,0,0,0,0,0,0,0,0,0,0,0,0,0,0,0,0,0,0
229,2.453000,3,1,1,0,0,3.50982666,3.50769043,3.50341797,3.50708008,3.50189209,3.51104736,3.5067749,3.50067139,3.48602295,3.48632812,3.487854,3.47503662,3.47106934,3.46862793,3.47839355,3.4866333,0.0036403141,0.00329644908,0.00357253058,0.00326616177,0.00313999737,0.00334672257,0.00315471552,0.00326935691,0.00271657156,0.00374645554,0.00421612617,0.00424116664,0.00168194785,0.00320845703,0.00277487817,0.00340881431,0,0,0,0,0,0,0,0,0,0,0,0,0,0,0,0,0,0,0,0,0,0,0,0
230,2.453000,3,1,1,0,0,3.50494385,3.50219727,3.49884033,3.50128174,3.4967041,3.50708008,3.50158691,3.49609375,3.48236084,3.48266602,3.48419189,3.47229004,3.47106934,3.46466064,3.47747803,3.48510742,0.00318340305,0.00399662321,0.00387739227,0.00358751952,0.00399313681,0.00407229923,0.00368523761,0.00355585921,0.0036334293,0.00243878877,0.00305608823,0.00225501345,0.00326954341,0.00405086251,0.00430697622,0.00315009616,0,0,0,0,0,0,0,0,0,0,0,0,0,0,0,0,0,0,0,0,0,0,0,0
231,2.453000,3,1,1,0,0,3.50952148,3.5067749,3.50219727,3.50646973,3.50189209,3.51135254,3.5067749,3.50128174,3.48571777,3.48449707,3.48510742,3.47442627,3.47076416,3.46893311,3.4777832,3.48602295,0.00206197123,0.00273127481,0.00160536985,0.00171754556,0.00203080056,0.00187661208,0.00163395528,0.00166410685,0.000779301277,0.000910226256,-0.00128591061,-5.57864551e-05,-0.000933074276,8.86834459e-05,-0.00128101232,0.000438610441,0,0,0,0,0,0,0,0,0,0,0,0,0,0,0,0,0,0,0,0,0,0,0,0
232,2.453000,3,1,1,0,0,3.51806641,3.51531982,3.51196289,3.51593018,3.51013184,3.52020264,3.515625,3.50982666,3.4967041,3.49456787,3.49914551,3.48449707,3.48480225,3.47900391,3.49182129,3.49884033,-0.0005462587,-0.000218773261,-0.000269221258,-0.000230233651,-0.000467799604,-0.000893921242,-3.19231767e-05,-0.000214577187,0.000989878085,0.000926795066,-0.00142433401,0.000700110802,-0.000508177443,6.00822968e-05,-0.000628415728,0.00149538554,0,0,0,0,0,0,0,0,0,0,0,0,0,0,0,0,0,0,0,0,0,0,0,0
233,2.453000,3,1,1,0,0,3.50128174,3.49853516,3.4954834,3.49945068,3.49273682,3.50524902,3.50006104,3.49243164,3.48114014,3.47900391,3.48388672,3.47045898,3.46954346,3.46343994,3.47595215,3.48388672,-0.00439880555,-0.00479889242,-0.00397213269,-0.00368054304,-0.00393307162,-0.00334880059,-0.00328862504,-0.00439432263,-0.00121070875,-0.00304146321,-0.00120478997,-0.00158488832,-0.00121152529,-0.00193640625,-0.00105016865,-0.00191377685,0,0,0,0,0,0,0,0,0,0,0,0,0,0,0,0,0,0,0,0,0,0,0,0
234,2.453000,3,1,1,0,0,3.50372314,3.50036621,3.49700928,3.49975586,3.49639893,3.50708008,3.50067139,3.4942627,3.48236084,3.48266602,3.48480225,3.47442627,3.47045898,3.46343994,3.4765625,3.48510742,-0.00458627567,-0.00403855275,-0.00508241355,-0.00531406887,-0.00338799646,-0.00383206527,-0.00371040218,-0.00506915618,-0.00473664794,-0.00522490777,-0.0039877193,-0.00501271989,-0.00460098498,-0.00423884252,-0.00416261377,-0.00521626417,0,0,0,0,0,0,0,0,0,0,0,0,0,0,0,0,0,0,0,0,0,0,0,0
235,2.453000,3,1,1,0,0,3.51715088,3.51287842,3.51043701,3.51318359,3.50860596,3.51806641,3.51287842,3.50738525,3.49212646,3.49395752,3.49487305,3.48297119,3.47991943,3.47442627,3.48632812,3.4954834,0.00807732809,0.00709047122,0.00773106748,0.00798544288,0.00756669044,0.00693903258,0.00803475361,0.00824220013,0.00647087721,0.00598641438,0.0057947957,0.00700039743,0.00664687483,0.00687570916,0.00695016375,0.00767811947,0,0,0,0,0,0,0,0,0,0,0,0,0,0,0,0,0,0,0,0,0,0,0,0
236,2.609000,3,1,1,0,0,3.50585938,3.50402832,3.49945068,3.50189209,3.49761963,3.50952148,3.50250244,3.49761963,3.48266602,3.48175049,3.48297119,3.47167969,3.47015381,3.46343994,3.4765625,3.48449707,-0.00366528798,-0.00310387276,-0.00416394277,-0.00466301059,-0.00407945365,-0.00384691032,-0.00505632255,-0.00399939576,-0.00555679714,-0.00423041545,-0.00591114443,-0.00437501678,-0.00460313912,-0.00604648795,-0.00523696654,-0.00336334296,0,0,0,0,0,0,0,0,0,0,0,0,0,0,0,0,0,0,0,0,0,0,0,0
237,2.609000,3,1,1,0,0,3.50372314,3.50219727,3.49731445,3.50097656,3.49700928,3.50799561,3.50128174,3.49609375,3.48236084,3.48266602,3.48510742,3.47259521,3.47015381,3.46435547,3.47717285,3.48632812,0.00777260726,0.00842639897,0.00751252845,0.00723471679,0.00897265226,0.00869372394,0.00818848982,0.00757770147,0.00808866229,0.00834306516,0.00800209306,0.00796687324,0.00915602129,0.00726633519,0.00862612016,0.00636001071,0,0,0,0,0,0,0,0,0,0,0,0,0,0,0,0,0,0,0,0,0,0,0,0
238,2.609000,3,1,1,0,0,3.50189209,3.49884033,3.4954834,3.50036621,3.49456787,3.5055542,3.50006104,3.49334717,3.48236084,3.47808838,3.48388672,3.4677124,3.46893311,3.46374512,3.47473145,3.48052979,-0.00336712552,-0.00272633228,-0.00410748739,-0.00293630478,-0.00341967191,-0.00235585542,-0.00337197818,-0.00334371184,-0.00491705956,-0.00556774996,-0.00526808994,-0.00615503034,-0.00509826047,-0.00405068882,-0.00523142423,-0.00489831064,0,0,0,0,0,0,0,0,0,0,0,0,0,0,0,0,0,0,0,0,0,0,0,0
239,2.609000,3,1,1,0,0,3.51379395,3.51074219,3.50646973,3.51043701,3.50341797,3.515625,3.50982666,3.50250244,3.49060059,3.48968506,3.49304199,3.47686768,3.4765625,3.47259521,3.48388672,3.48968506,0.0010407865,0.0012895026,0.000671423564,0.00038528617,0.000281097076,0.000358803256,0.000412785041,4.66010533e-05,-0.0020398933,0.000212328392,-0.00220620749,-0.00160617405,-0.00247312896,-0.000304232439,-0.00218524272,-0.00129399938,0,0,0,0,0,0,0,0,0,0,0,0,0,0,0,0,0,0,0,0,0,0,0,0
240,2.609000,3,1,1,0,0,3.51165771,3.50769043,3.5055542,3.50891113,3.50280762,3.51409912,3.50830078,3.50311279,3.49029541,3.48999023,3.49395752,3.48052979,3.47839355,3.47229004,3.48602295,3.49029541,0.0014846765,0.000753828208,0.00160661782,0.00131263386,0.00133691786,0.000832191843,-1.82641961e-05,0.00132977776,0.000592165976,0.00162287359,0.00110608363,0.00257230923,0.00167386327,0.000191538333,0.000724858488,0.00172362919,0,0,0,0,0,0,0,0,0,0,0,0,0,0,0,0,0,0,0,0,0,0,0,0
241,2.609000,3,1,1,0,0,3.50494385,3.50189209,3.49914551,3.50189209,3.49731445,3.50830078,3.50189209,3.49639893,3.48236084,3.4854126,3.48480225,3.47473145,3.46984863,3.46496582,3.4777832,3.48602295,-0.00161196478,-0.00202438142,-0.00185171969,-0.00135645038,-0.0015107051,-0.000922060572,-0.000617398007,-0.00169564877,-0.000332016265,-0.000601094216,0.000393644674,-0.000430870685,0.00019939302,-1.33097637e-05,4.48020874e-05,-0.000287462724,0,0,0,0,0,0,0,0,0,0,0,0,0,0,0,0,0,0,0,0,0,0,0,0
242,2.609000,3,1,1,0,0,3.50524902,3.50311279,3.49884033,3.50189209,3.4967041,3.50830078,3.50250244,3.4967041,3.48083496,3.47839355,3.48297119,3.46801758,3.46862793,3.46343994,3.47595215,3.48358154,-0.00420891354,-0.00440871622,-0.00459183194,-0.0043547675,-0.00497521227,-0.00428211596,-0.004722137,-0.00411758432,-0.0021101404,-0.00339398184,-0.00315746712,-0.00343505526,-0.00232743192,-0.00370188709,-0.00278751296,-0.00389777101,0,0,0,0,0,0,0,0,0,0,0,0,0,0,0,0,0,0,0,0,0,0,0,0
243,2.609000,3,1,1,0,0,3.51287842,3.51013184,3.5067749,3.51043701,3.50616455,3.5168457,3.51165771,3.50341797,3.49151611,3.49182129,3.49456787,3.48144531,3.48022461,3.47320557,3.48693848,3.4942627,0.00519068446,0.00555707561,0.00556123769,0.00507066678,0.00618034368,0.00573982578,0.00525020435,0.00524661969,0.00568003114,0.00646803761,0.00724545866,0.00740080001,0.00578889577,0.00564913219,0.00694686687,0.00691341609,0,0,0,0,0,0,0,0,0,0,0,0,0,0,0,0,0,0,0,0,0,0,0,0
244,2.609000,3,1,1,0,0,3.50219727,3.49822998,3.49517822,3.49914551,3.49243164,3.5055542,3.49945068,3.49365234,3.48083496,3.47747803,3.48297119,3.47015381,3.46740723,3.46374512,3.47412109,3.48083496,0.00419252366,0.00444634538,0.00473306049,0.00476250099,0.00375610776,0.00413828809,0.00477819238,0.00496850582,0.00629304769,0.00475194911,0.00581899937,0.00480932975,0.00639970694,0.00575266406,0.00554491859,0.00525143184,0,0,0,0,0,0,0,0,0,0,0,0,0,0,0,0,0,0,0,0,0,0,0,0
245,2.609000,3,1,1,0,0,3.50708008,3.50341797,3.50036621,3.50372314,3.49822998,3.50891113,3.50280762,3.4979248,3.48266602,3.48205566,3.48297119,3.47106934,3.46954346,3.46282959,3.47686768,3.48480225,0.00165588246,0.00191196846,0.0015444929,0.00155449891,0.00223872042,0.00139687746,0.00148018159,0.00138707552,0.00267150719,0.00225370028,0.00229087193,0.00281749084,0.00256384863,0.00227694307,0.00252571539,0.00298529235,0,0,0,0,0,0,0,0,0,0,0,0,0,0,0,0,0,0,0,0,0,0,0,0
246,2.609000,3,1,1,0,0,3.52172852,3.51928711,3.515625,3.52050781,3.51531982,3.52478027,3.52020264,3.51348877,3.50128174,3.49975586,3.50280762,3.487854,3.48876953,3.48236084,3.4954834,3.49945068,0.0100683654,0.00999366026,0.00980039313,0.0103199482,0.0100199599,0.01012892,0.00976904947,0.00981846545,0.0096898498,0.00941243209,0.00958788954,0.00883938465,0.00924895983,0.009423282,0.0103881974,0.00790640712,0,0,0,0,0,0,0,0,0,0,0,0,0,0,0,0,0,0,0,0,0,0,0,0
247,2.609000,3,1,1,0,0,3.50891113,3.50616455,3.50280762,3.50585938,3.50128174,3.51104736,3.50616455,3.50036621,3.48266602,3.48480225,3.48480225,3.47320557,3.47015381,3.46862793,3.47717285,3.48632812,-0.00196453184,-0.00137804274,-0.00136878958,-0.00153570971,-0.000944007421,-0.000984156271,-0.000778118789,-0.00135212892,-0.002625881,-0.00171867106,-0.00305075385,-0.0024464489,-0.00311434409,-0.00276180543,-0.00311866961,-0.00273076165,0,0,0,0,0,0,0,0,0,0,0,0,0,0,0,0,0,0,0,0,0,0,0,0
248,2.609000,3,1,1,0,0,3.50463867,3.50189209,3.49731445,3.50006104,3.49639893,3.50738525,3.50036621,3.4942627,3.48083496,3.47808838,3.48327637,3.47076416,3.46893311,3.46374512,3.47564697,3.48144531,0.00345456251,0.00374671863,0.00315531949,0.00248422939,0.00376590248,0.00293168612,0.00248596445,0.00296289334,0.00183773553,0.00263629807,0.00411322434,0.00362992333,0.00185290771,0.00148376171,0.00221390394,0.00284691155,0,0,0,0,0,0,0,0,0,0,0,0,0,0,0,0,0,0,0,0,0,0,0,0
249,2.609000,3,1,1,0,0,3.51593018,3.51287842,3.50952148,3.51379395,3.50769043,3.51867676,3.51104736,3.50738525,3.49212646,3.49273682,3.49334717,3.48449707,3.48022461,3.47320557,3.48693848,3.49456787,0.00236357911,0.0029852502,0.00280993409,0.00288158888,0.00299625844,0.00272066542,0.00127150025,0.00257662125,0.00297184824,0.00379517651,0.00117899885,0.00410124194,0.00174726173,0.000830706558,0.00202871929,0.00216250075,0,0,0,0,0,0,0,0,0,0,0,0,0,0,0,0,0,0,0,0,0,0,0,0
250,2.609000,3,1,1,0,0,3.51776123,3.51409912,3.51135254,3.51531982,3.51043701,3.51928711,3.51287842,3.50860596,3.49273682,3.49517822,3.49487305,3.48510742,3.47930908,3.47686768,3.48754883,3.49609375,0.00290757813,0.00339442748,0.00348836742,0.00258589094,0.00328921853,0.00299209892,0.00261199428,0.00314397947,0.00220118789,0.00324890856,0.00164326932,0.00244905986,0.00194133073,0.00208093785,0.00273847207,0.000741672236,0,0,0,0,0,0,0,0,0,0,0,0,0,0,0,0,0,0,0,0,0,0,0,0
251,2.609000,3,1,1,0,0,3.5168457,3.51379395,3.51013184,3.5144043,3.50860596,3.52020264,3.51226807,3.50738525,3.49304199,3.49304199,3.49456787,3.48205566,3.47991943,3.47412109,3.48693848,3.49517822,0.00792856142,0.00795053691,0.00800547563,0.00887536164,0.00881799031,0.00933685713,0.00845373329,0.00835583359,0.00972253177,0.00836164784,0.00910981745,0.00756598497,0.00967916008,0.00935085211,0.0095177507,0.00981485099,0,0,0,0,0,0,0,0,0,0,0,0,0,0,0,0,0,0,0,0,0,0,0,0
252,2.609000,3,1,1,0,0,3.51593018,3.51379395,3.51013184,3.51348877,3.50891113,3.51837158,3.51165771,3.50708008,3.49151611,3.49121094,3.49456787,3.48144531,3.47991943,3.47473145,3.48693848,3.49487305,0.00282793189,0.00440081302,0.00331306411,0.0030568915,0.00471844571,0.00415137457,0.00356865907,0.00300309248,0.00286043435,0.00173517305,0.00250151544,0.00166726718,0.00348790758,0.00242807157,0.00280465931,0.00232204073,0,0,0,0,0,0,0,0,0,0,0,0,0,0,0,0,0,0,0,0,0,0,0,0
253,2.781000,3,1,1,0,0,3.51593018,3.51318359,3.50982666,3.51287842,3.50830078,3.51867676,3.51226807,3.50738525,3.49639893,3.49487305,3.49822998,3.48571777,3.47961426,3.47808838,3.49121094,3.49761963,0.0060453089,0.00590892835,0.00658420473,0.00653255498,0.00589208771,0.00589118106,0.00573137589,0.00613952056,0.00740352366,0.0058928146,0.00612174859,0.00563804153,0.0058487081,0.00763965677,0.00631221198,0.00601526303,0,0,0,0,0,0,0,0,0,0,0,0,0,0,0,0,0,0,0,0,0,0,0,0
254,2.781000,3,1,1,0,0,3.50158691,3.49914551,3.49517822,3.50006104,3.49334717,3.50494385,3.49914551,3.49334717,3.48205566,3.47839355,3.48358154,3.47106934,3.46984863,3.46435547,3.47686768,3.48052979,-0.00256168726,-0.0028219407,-0.00256398041,-0.00237544323,-0.00335105089,-0.00306152366,-0.00299584679,-0.00306031317,-0.000653904281,-0.00219040341,-0.00179745536,-0.00234079827,-0.00187256618,-0.00109324593,-0.00159717584,-0.00145680108,0,0,0,0,0,0,0,0,0,0,0,0,0,0,0,0,0,0,0,0,0,0,0,0
255,2.781000,3,1,1,0,0,3.51715088,3.51470947,3.51104736,3.51501465,3.50952148,3.52050781,3.5144043,3.50799561,3.49334717,3.4942627,3.49456787,3.48510742,3.47930908,3.47442627,3.49060059,3.49578857,0.00282775355,0.00387007487,0.00277372706,0.00324707292,0.00287006143,0.00319942972,0.00262755598,0.00314116199,0.00346392044,0.00387466792,0.00438449159,0.00423515029,0.00263172551,0.001872833,0.0042615002,0.00264370162,0,0,0,0,0,0,0,0,0,0,0,0,0,0,0,0,0,0,0,0,0,0,0,0
256,2.781000,3,1,1,0,0,3.5144043,3.51135254,3.50891113,3.51074219,3.50708008,3.5168457,3.51165771,3.50463867,3.49182129,3.49182129,3.49304199,3.48175049,3.47961426,3.47320557,3.48754883,3.49517822,0.00581646897,0.00565542746,0.00572244823,0.00527672889,0.0065777069,0.00539904414,0.00651234714,0.00508992607,0.00611787103,0.00476498064,0.00557515677,0.00374230091,0.00599394832,0.00565789035,0.00646411628,0.00557487272,0,0,0,0,0,0,0,0,0,0,0,0,0,0,0,0,0,0,0,0,0,0,0,0
257,2.781000,3,1,1,0,0,3.50982666,3.50738525,3.50494385,3.50921631,3.50402832,3.51409912,3.50799561,3.50372314,3.49090576,3.487854,3.49273682,3.48022461,3.47839355,3.47290039,3.48571777,3.49090576,0.00466250302,0.00451231329,0.00466449419,0.00453812815,0.00507355668,0.00526460912,0.00430848124,0.00457840739,0.00425563799,0.00493546808,0.00555399572,0.00531329308,0.00418981723,0.00368799735,0.00492841797,0.00461593969,0,0,0,0,0,0,0,0,0,0,0,0,0,0,0,0,0,0,0,0,0,0,0,0
258,2.781000,3,1,1,0,0,3.50189209,3.49975586,3.4954834,3.49945068,3.49365234,3.50616455,3.50097656,3.49395752,3.48175049,3.4777832,3.48327637,3.47045898,3.46740723,3.46374512,3.47625732,3.48114014,0.000374187832,0.00035636645,0.000698229996,0.00011631794,0.000400530873,0.000824211398,0.000868786534,9.1791444e-05,0.00168952323,7.2349445e-05,0.00101639726,-0.000650623813,0.000613564276,0.00172404456,0.00180341955,0.000969525601,0,0,0,0,0,0,0,0,0,0,0,0,0,0,0,0,0,0,0,0,0,0,0,0
259,2.781000,3,1,1,0,0,3.51715088,3.51470947,3.51074219,3.51531982,3.50921631,3.51867676,3.51348877,3.50769043,3.49334717,3.4942627,3.4942627,3.48571777,3.48052979,3.47747803,3.48815918,3.4967041,0.00573288323,0.00607105624,0.00601794012,0.00588252116,0.00575999683,0.00579061219,0.00528442301,0.00566941826,0.00477328151,0.0055786008,0.00553204818,0.00657323096,0.00529227871,0.00620965753,0.00634167017,0.00741629303,0,0,0,0,0,0,0,0,0,0,0,0,0,0,0,0,0,0,0,0,0,0,0,0
260,2.781000,3,1,1,0,0,3.51074219,3.50830078,3.50524902,3.50860596,3.50250244,3.51470947,3.50982666,3.50341797,3.49121094,3.48754883,3.49365234,3.47961426,3.47747803,3.47351074,3.48632812,3.49060059,-0.00185528339,-0.00156562915,-0.0020200396,-0.00261492655,-0.00228469539,-0.00213908521,-0.00159775303,-0.00206302339,-0.0013065259,-0.00359109882,-8.9362773e-05,-0.0019663875,-0.00145126553,-0.00159952312,-0.001368967,-0.00246248278,0,0,0,0,0,0,0,0,0,0,0,0,0,0,0,0,0,0,0,0,0,0,0,0
261,2.781000,3,1,1,0,0,3.51165771,3.50738525,3.5043335,3.50708008,3.50189209,3.51196289,3.50799561,3.50250244,3.48724365,3.48602295,3.48846436,3.47564697,3.47198486,3.47015381,3.48144531,3.48907471,-0.0035305582,-0.00359218195,-0.00359008904,-0.004107296,-0.00384462788,-0.00420350162,-0.00428028451,-0.00344831124,-0.00582069019,-0.00423914287,-0.00560737029,-0.00483815139,-0.00607729377,-0.0058531533,-0.00510983029,-0.0038454805,0,0,0,0,0,0,0,0,0,0,0,0,0,0,0,0,0,0,0,0,0,0,0,0
262,2.781000,3,1,1,0,0,3.51654053,3.51409912,3.50982666,3.51409912,3.50830078,3.51928711,3.51226807,3.50738525,3.49212646,3.49212646,3.49395752,3.48144531,3.48022461,3.47442627,3.48815918,3.49487305,0.00578763802,0.00588184735,0.00579680176,0.00593464775,0.00519016013,0.0061639864,0.00562751247,0.00621751416,0.0040299613,0.00431080302,0.00455006957,0.00453454163,0.00385098672,0.00430509029,0.00436352007,0.00478158798,0,0,0,0,0,0,0,0,0,0,0,0,0,0,0,0,0,0,0,0,0,0,0,0
263,2.781000,3,1,1,0,0,3.515625,3.51257324,3.50860596,3.51165771,3.50830078,3.51867676,3.51135254,3.50585938,3.49182129,3.49182129,3.4942627,3.48205566,3.47961426,3.47259521,3.48724365,3.49182129,0.00381382229,0.00360839814,0.00400566403,0.00308555411,0.0043344344,0.0029588961,0.00315124006,0.00389469881,0.00331903528,0.00366603234,0.00339816371,0.00384057313,0.00340100517,0.00273048412,0.00327085727,0.00408272818,0,0,0,0,0,0,0,0,0,0,0,0,0,0,0,0,0,0,0,0,0,0,0,0
264,2.781000,3,1,1,0,0,3.51654053,3.51348877,3.50982666,3.51409912,3.50830078,3.51989746,3.51196289,3.50769043,3.49212646,3.49273682,3.49273682,3.48388672,3.47961426,3.47412109,3.487854,3.49487305,-0.00261526415,-0.00259104883,-0.0027042923,-0.00202426501,-0.00260752812,-0.00289131468,-0.0026894703,-0.0022793517,-0.00089087151,-0.00165171642,-0.00143503514,-0.00195528218,-0.00059810112,-0.00112489751,-0.00183505868,-0.000512559025,0,0,0,0,0,0,0,0,0,0,0,0,0,0,0,0,0,0,0,0,0,0,0,0
265,2.781000,3,1,1,0,0,3.51501465,3.51226807,3.50891113,3.51318359,3.50646973,3.51776123,3.51135254,3.50494385,3.49090576,3.49395752,3.49304199,3.48114014,3.47961426,3.47381592,3.48724365,3.49578857,0.00959632173,0.00922258571,0.0101339975,0.0109404316,0.00958914589,0.00922909752,0.0100344261,0.00951913651,0.0105472719,0.0100372443,0.0103332894,0.00915429927,0.0114204716,0.0103596747,0.0106231812,0.0102689788,0,0,0,0,0,0,0,0,0,0,0,0,0,0,0,0,0,0,0,0,0,0,0,0
266,2.781000,3,1,1,0,0,3.50738525,3.50463867,3.50067139,3.50402832,3.49853516,3.51043701,3.50463867,3.4979248,3.48236084,3.48205566,3.48419189,3.47137451,3.46984863,3.46435547,3.47686768,3.48510742,-0.00267111952,-0.00280832616,-0.00296443654,-0.00309424195,-0.00278395298,-0.00364085613,-0.00333933276,-0.00281610945,-0.00281076785,-0.00383602688,-0.00504184887,-0.00423512515,-0.00459993863,-0.00344478316,-0.00468278863,-0.00397854717,0,0,0,0,0,0,0,0,0,0,0,0,0,0,0,0,0,0,0,0,0,0,0,0
267,2.781000,3,1,1,0,0,3.51135254,3.50769043,3.50402832,3.50921631,3.50372314,3.51501465,3.50982666,3.50280762,3.48999023,3.48571777,3.49243164,3.47625732,3.47625732,3.47290039,3.48388672,3.48999023,0.0063566477,0.0057830778,0.00564620923,0.00631405599,0.00594452396,0.00694148615,0.00604017638,0.00664213765,0.00536291208,0.00504343212,0.00462771859,0.00624648156,0.00427282415,0.00605044654,0.00440505426,0.00516171521,0,0,0,0,0,0,0,0,0,0,0,0,0,0,0,0,0,0,0,0,0,0,0,0
268,2.781000,3,1,1,0,0,3.51745605,3.51409912,3.51074219,3.51409912,3.50891113,3.51928711,3.51409912,3.50738525,3.49243164,3.49243164,3.49304199,3.48388672,3.48022461,3.47442627,3.48632812,3.49456787,0.00641992269,0.00648460723,0.0059655807,0.0058756615,0.00613469398,0.00571557181,0.00510380138,0.00542012043,0.00433883537,0.00671175262,0.0036307862,0.00649048714,0.00476280507,0.00365038496,0.00521021197,0.00546179898,0,0,0,0,0,0,0,0,0,0,0,0,0,0,0,0,0,0,0,0,0,0,0,0
269,2.781000,3,1,1,0,0,3.50524902,3.50219727,3.49945068,3.50036621,3.49761963,3.50738525,3.50036621,3.4967041,3.48144531,3.48297119,3.48419189,3.47381592,3.46893311,3.46496582,3.47625732,3.48571777,0.00170770078,0.00124951685,0.0016618045,0.00180706487,0.00277672661,0.00213154522,0.00217484147,0.00195415597,0.00228205812,0.00147523626,0.00245156814,0.00163225923,0.00327377534,0.00265183975,0.00197366718,0.00217278511,0,0,0,0,0,0,0,0,0,0,0,0,0,0,0,0,0,0,0,0,0,0,0,0
270,2.953000,3,1,1,0,0,3.51715088,3.51531982,3.51196289,3.51531982,3.50952148,3.51928711,3.515625,3.50891113,3.49578857,3.49517822,3.4954834,3.48571777,3.48083496,3.47686768,3.4866333,3.49609375,0.000828754622,0.000960600795,0.00181948347,0.00169284327,0.00133722171,0.0017152949,0.00161115418,0.0014942165,0.00156021502,0.001124945,-0.000797951245,0.000749163562,0.00016693084,0.00118764967,-0.000459729461,0.000962866936,0,0,0,0,0,0,0,0,0,0,0,0,0,0,0,0,0,0,0,0,0,0,0,0
271,2.953000,3,1,1,0,0,3.50585938,3.50189209,3.49945068,3.50250244,3.49731445,3.50830078,3.50067139,3.49700928,3.48297119,3.48510742,3.487854,3.47412109,3.46984863,3.46466064,3.4765625,3.48602295,0.00213574222,0.00112439948,0.00228350586,0.00187692815,0.00163855182,0.00160270999,0.000899636536,0.00208667642,0.00189842703,0.00353710609,0.00455994671,0.00304375798,0.00273749745,0.00200806744,0.00244674692,0.00333995605,0,0,0,0,0,0,0,0,0,0,0,0,0,0,0,0,0,0,0,0,0,0,0,0
272,2.953000,3,1,1,0,0,3.51715088,3.51287842,3.51074219,3.51287842,3.50891113,3.51989746,3.51379395,3.50799561,3.49121094,3.49395752,3.49487305,3.48266602,3.48022461,3.47442627,3.48602295,3.49578857,0.00538680423,0.0053925789,0.00555758085,0.00560161239,0.00558831636,0.00581519119,0.0056194989,0.00572256465,0.00501374807,0.00537891872,0.00488595478,0.00550418068,0.00437696651,0.00454781996,0.00613672659,0.00577613292,0,0,0,0,0,0,0,0,0,0,0,0,0,0,0,0,0,0,0,0,0,0,0,0
273,2.953000,3,1,1,0,0,3.51287842,3.50982666,3.5067749,3.50982666,3.5055542,3.51501465,3.51013184,3.50341797,3.49151611,3.49029541,3.49334717,3.48144531,3.47869873,3.47320557,3.48602295,3.49060059,0.00567771355,0.00525026303,0.00616393564,0.00579748675,0.00556443771,0.00543227885,0.00585833471,0.0058069732,0.00632101856,0.00472711679,0.00578149362,0.00604591612,0.00568872085,0.00697020488,0.00618690811,0.00479058269,0,0,0,0,0,0,0,0,0,0,0,0,0,0,0,0,0,0,0,0,0,0,0,0
274,2.953000,3,1,1,0,0,3.515625,3.51348877,3.50952148,3.51196289,3.50830078,3.51867676,3.51196289,3.50769043,3.49121094,3.49121094,3.49395752,3.48175049,3.48022461,3.47259521,3.48602295,3.49090576,-0.000738472794,-0.000160892727,0.000174293818,-5.85647067e-05,-0.000321765197,0.000256641768,0.000129272928,0.000902470376,-0.000767124235,0.000297967752,-0.000187857659,-0.000808842015,0.000153796631,-0.000504190917,-0.000510614947,-0.000467730686,0,0,0,0,0,0,0,0,0,0,0,0,0,0,0,0,0,0,0,0,0,0,0,0
275,2.953000,3,1,1,0,0,3.50982666,3.50585938,3.50280762,3.5067749,3.50006104,3.51013184,3.50616455,3.50067139,3.48724365,3.4854126,3.49060059,3.47564697,3.47503662,3.47015381,3.48266602,3.49029541,0.00101031212,0.000728732324,0.00136194401,0.00175676076,0.00154711423,0.00105288881,0.00131199579,0.00120520999,0.00237625162,0.00385969086,0.00234788307,0.00298425579,0.00329601858,0.00204814458,0.00218215212,0.003118566,0,0,0,0,0,0,0,0,0,0,0,0,0,0,0,0,0,0,0,0,0,0,0,0
276,2.953000,3,1,1,0,0,3.50189209,3.49822998,3.49456787,3.49945068,3.49365234,3.50402832,3.49975586,3.49304199,3.48052979,3.47747803,3.48297119,3.47045898,3.46740723,3.46282959,3.47442627,3.48022461,-0.00384301483,-0.00412678532,-0.00473931944,-0.00347243622,-0.00404023426,-0.00420401245,-0.0034819732,-0.0041101859,-0.00465404475,-0.00603213534,-0.00593800424,-0.00467766309,-0.00641407445,-0.00608075317,-0.00615639519,-0.00625547767,0,0,0,0,0,0,0,0,0,0,0,0,0,0,0,0,0,0,0,0,0,0,0,0
277,2.953000,3,1,1,0,0,3.51501465,3.51287842,3.51043701,3.51379395,3.50860596,3.51867676,3.51196289,3.50769043,3.49243164,3.49304199,3.49487305,3.48419189,3.48022461,3.47442627,3.4866333,3.49578857,0.00253642676,0.00293952925,0.00280070072,0.00348234363,0.00310182339,0.00296054571,0.00271565421,0.00279625971,0.00205903035,0.00250149984,0.00233493792,0.00293957978,0.00116059883,0.00170965015,0.00234186137,0.00224335631,0,0,0,0,0,0,0,0,0,0,0,0,0,0,0,0,0,0,0,0,0,0,0,0
278,2.953000,3,1,1,0,0,3.51104736,3.50769043,3.50463867,3.50952148,3.50402832,3.51470947,3.50860596,3.50341797,3.49151611,3.48693848,3.49304199,3.48052979,3.47839355,3.47381592,3.48571777,3.49121094,-0.00355615304,-0.00271382299,-0.00333115924,-0.00287294667,-0.0031449073,-0.00229889946,-0.00357249239,-0.00371326949,-0.00351572386,-0.00313796382,-0.00403261092,-0.00330934767,-0.00299883285,-0.00318931974,-0.00293774484,-0.00516504794,0,0,0,0,0,0,0,0,0,0,0,0,0,0,0,0,0,0,0,0,0,0,0,0
279,2.953000,3,1,1,0,0,3.5168457,3.51409912,3.51104736,3.51287842,3.50952148,3.51959229,3.51409912,3.50830078,3.49243164,3.4942627,3.4979248,3.48266602,3.48083496,3.47412109,3.48632812,3.4954834,0.0109286457,0.0112852817,0.0112472773,0.0105252583,0.0107692331,0.0113932434,0.0117054647,0.0106088743,0.012595918,0.0115503585,0.012821733,0.00915703457,0.0124520529,0.0118128229,0.0125444075,0.0102864094,0,0,0,0,0,0,0,0,0,0,0,0,0,0,0,0,0,0,0,0,0,0,0,0
280,2.953000,3,1,1,0,0,3.5067749,3.50341797,3.50097656,3.50311279,3.49884033,3.50952148,3.50280762,3.4979248,3.48602295,3.48449707,3.48846436,3.47595215,3.47076416,3.46832275,3.47747803,3.48693848,0.00199960219,0.00196726015,0.0022448909,0.00174874929,0.00114754168,0.00172689231,0.00140771957,0.00209996733,0.00146118854,0.000545249437,0.00189792621,0.00167811231,0.000327722053,0.00183340278,-0.0010172067,0.00231113005,0,0,0,0,0,0,0,0,0,0,0,0,0,0,0,0,0,0,0,0,0,0,0,0
281,2.953000,3,1,1,0,0,3.52630615,3.52325439,3.51928711,3.52294922,3.51745605,3.52905273,3.52203369,3.51654053,3.50250244,3.50250244,3.50372314,3.49151611,3.48876953,3.48388672,3.4967041,3.50494385,0.00968658272,0.0101026464,0.0102926064,0.0107440511,0.00980339665,0.010129476,0.00925067347,0.0100397328,0.0100702383,0.00945077091,0.00938229822,0.00950725842,0.0100121601,0.00906338543,0.0103453975,0.0100291185,0,0,0,0,0,0,0,0,0,0,0,0,0,0,0,0,0,0,0,0,0,0,0,0
282,2.953000,3,1,1,0,0,3.51043701,3.50769043,3.5055542,3.50891113,3.50311279,3.5144043,3.50830078,3.50189209,3.49090576,3.48693848,3.49395752,3.47991943,3.47991943,3.47259521,3.48602295,3.49029541,-0.000469462742,-0.000561799156,-0.000559054548,-0.00089269632,-0.000401661557,-0.000461851712,-0.000623417611,0.000558909494,0.0012547964,7.60577095e-05,0.00158922526,0.000808922516,0.00130506838,-0.000153627945,0.000344733358,0.00103246374,0,0,0,0,0,0,0,0,0,0,0,0,0,0,0,0,0,0,0,0,0,0,0,0
283,2.953000,3,1,1,0,0,3.51196289,3.50982666,3.50616455,3.51013184,3.5067749,3.51623535,3.51135254,3.50372314,3.49182129,3.49212646,3.49395752,3.48114014,3.48022461,3.47442627,3.48724365,3.49212646,0.00603906065,0.00659991149,0.00617655832,0.00632254919,0.00684391474,0.00641124276,0.00736223068,0.00643152697,0.00725924503,0.00892224163,0.0068766484,0.00712683704,0.00649128528,0.00695807999,0.00744198961,0.00684216479,0,0,0,0,0,0,0,0,0,0,0,0,0,0,0,0,0,0,0,0,0,0,0,0
284,2.953000,3,1,1,0,0,3.51745605,3.5144043,3.51104736,3.515625,3.51013184,3.51898193,3.51470947,3.50860596,3.49243164,3.49365234,3.4942627,3.48419189,3.47930908,3.4765625,3.48602295,3.49578857,0.00537277712,0.00511929765,0.00524255726,0.00585504156,0.00571305165,0.0053846743,0.00565394899,0.00515894545,0.00397598511,0.0038466421,0.00476955529,0.00323469029,0.00544397393,0.0052691563,0.0045410553,0.00535384612,0,0,0,0,0,0,0,0,0,0,0,0,0,0,0,0,0,0,0,0,0,0,0,0
285,2.953000,3,1,1,0,0,3.50463867,3.50158691,3.49639893,3.50067139,3.49578857,3.50708008,3.50189209,3.49487305,3.48114014,3.48205566,3.48419189,3.47167969,3.47015381,3.46343994,3.4777832,3.4854126,0.00347201317,0.00364869693,0.00290475599,0.00345725473,0.00397624215,0.00381036731,0.00439237058,0.00296901236,0.00143511698,0.00374930352,0.00158700894,0.00301377336,0.00171103003,0.00191367196,0.00197737454,0.00219285046,0,0,0,0,0,0,0,0,0,0,0,0,0,0,0,0,0,0,0,0,0,0,0,0
286,2.953000,3,1,1,0,0,3.51165771,3.50982666,3.50585938,3.51013184,3.5043335,3.51501465,3.50921631,3.50341797,3.49029541,3.48968506,3.49121094,3.47686768,3.47686768,3.47320557,3.48388672,3.49060059,0.00948381238,0.0096982019,0.00896580331,0.0100983642,0.0103844358,0.0105012227,0.00952942017,0.00920381024,0.0103435786,0.00930214673,0.00980362203,0.00862510037,0.0105182584,0.00948894303,0.0108552221,0.00836934242,0,0,0,0,0,0,0,0,0,0,0,0,0,0,0,0,0,0,0,0,0,0,0,0
287,3.125000,3,1,1,0,0,3.51104736,3.5067749,3.50280762,3.50769043,3.50036621,3.51135254,3.50738525,3.50189209,3.48907471,3.48632812,3.49060059,3.47686768,3.47808838,3.47320557,3.48266602,3.48999023,0.00250386097,0.00275289174,0.00317014428,0.00340520334,0.00256607844,0.00268542999,0.00345700141,0.00354292104,0.0037307865,0.00206897338,0.00258124853,0.00311051728,0.00362904463,0.00376828737,0.00331029622,0.00424954994,0,0,0,0,0,0,0,0,0,0,0,0,0,0,0,0,0,0,0,0,0,0,0,0
288,3.125000,3,1,1,0,0,3.51959229,3.51654053,3.51318359,3.51715088,3.51165771,3.52142334,3.51623535,3.51043701,3.49578857,3.49517822,3.49822998,3.4854126,3.48052979,3.4777832,3.487854,3.49639893,0.00378947053,0.00442768773,0.0040361057,0.00470221415,0.00432498427,0.00422669016,0.00337029831,0.00406388845,0.00191728864,0.00333290407,0.00136516057,0.00361427898,0.00264516263,0.0021785968,0.00193111924,0.003012951,0,0,0,0,0,0,0,0,0,0,0,0,0,0,0,0,0,0,0,0,0,0,0,0
289,3.125000,3,1,1,0,0,3.5055542,3.50250244,3.50006104,3.50311279,3.4979248,3.50830078,3.50219727,3.49761963,3.48602295,3.48419189,3.48602295,3.47473145,3.47106934,3.46588135,3.47808838,3.48846436,0.00304819643,0.00263153715,0.0031083147,0.00326691405,0.00351131172,0.00249759178,0.00210761605,0.00276463549,0.00382836978,0.00355602219,0.00316947792,0.0044525438,0.00263869739,0.00256759184,0.00400370173,0.00393218966,0,0,0,0,0,0,0,0,0,0,0,0,0,0,0,0,0,0,0,0,0,0,0,0
290,3.125000,3,1,1,0,0,3.51165771,3.50708008,3.5055542,3.50982666,3.50341797,3.51226807,3.50891113,3.50311279,3.49182129,3.48999023,3.49395752,3.48083496,3.47839355,3.47412109,3.48602295,3.49029541,0.00190804049,0.00243049301,0.00273796055,0.00241556554,0.00234322017,0.00207955833,0.00195641397,0.0025830213,0.00279766228,0.00372827053,0.00308441441,0.00401754491,0.00279744971,0.00301890122,0.00243438664,0.00314060482,0,0,0,0,0,0,0,0,0,0,0,0,0,0,0,0,0,0,0,0,0,0,0,0
291,3.125000,3,1,1,0,0,3.51806641,3.51409912,3.51074219,3.51531982,3.51013184,3.51928711,3.51409912,3.50799561,3.49212646,3.49517822,3.49456787,3.48449707,3.47961426,3.47564697,3.48754883,3.49578857,0.00208996655,0.00158178573,0.00124824815,0.00235314504,0.00222861208,0.00175838941,0.00180297252,0.00202447665,0.00130653754,0.00117779395,0.00135027885,0.00123146153,0.00183815474,0.00215748139,0.00206121569,0.00304843555,0,0,0,0,0,0,0,0,0,0,0,0,0,0,0,0,0,0,0,0,0,0,0,0
292,3.125000,3,1,1,0,0,3.51379395,3.51074219,3.50799561,3.50952148,3.50585938,3.51654053,3.51135254,3.50341797,3.49121094,3.49060059,3.49273682,3.48175049,3.47961426,3.47473145,3.4866333,3.4942627,0.00317620323,0.00259936415,0.00307435566,0.00227302825,0.00332073215,0.00199597282,0.00287840748,0.00200944464,0.00282077305,0.00316477567,0.00331350602,0.00431274949,0.00300874049,0.00286769401,0.00199661567,0.0039259973,0,0,0,0,0,0,0,0,0,0,0,0,0,0,0,0,0,0,0,0,0,0,0,0
293,3.125000,3,1,1,0,0,3.51196289,3.51074219,3.5055542,3.50952148,3.50585938,3.51593018,3.51104736,3.50341797,3.48937988,3.48632812,3.49090576,3.47686768,3.47717285,3.47290039,3.48388672,3.48937988,0.00673897751,0.00660193339,0.00689867046,0.00687269075,0.00704702502,0.00666249311,0.00790274702,0.00675593223,0.00724692037,0.0069009522,0.00632279925,0.00614191126,0.00671851868,0.00772150094,0.00703572016,0.00719694141,0,0,0,0,0,0,0,0,0,0,0,0,0,0,0,0,0,0,0,0,0,0,0,0
294,3.125000,3,1,1,0,0,3.51715088,3.51318359,3.51074219,3.51501465,3.50769043,3.51928711,3.51257324,3.50769043,3.49212646,3.4942627,3.49761963,3.48297119,3.47900391,3.47442627,3.48724365,3.4954834,0.00462963898,0.00447929837,0.00425543822,0.00519431289,0.00348132034,0.00435352651,0.00473751826,0.00450572278,0.00408988493,0.00378848403,0.00489174062,0.00327846035,0.00409864588,0.00307010394,0.00292526279,0.00361298048,0,0,0,0,0,0,0,0,0,0,0,0,0,0,0,0,0,0,0,0,0,0,0,0
295,3.125000,3,1,1,0,0,3.51226807,3.51074219,3.5055542,3.50921631,3.50341797,3.51593018,3.51043701,3.50311279,3.48907471,3.48632812,3.49090576,3.4753418,3.47595215,3.47198486,3.48266602,3.49029541,0.00570122618,0.00690457691,0.00610847306,0.00674956758,0.00612332718,0.00697726384,0.00666954089,0.00606906973,0.00581316091,0.00428215088,0.00597615167,0.00330814999,0.00648208475,0.00708844978,0.00567285717,0.00470540067,0,0,0,0,0,0,0,0,0,0,0,0,0,0,0,0,0,0,0,0,0,0,0,0
296,3.125000,3,1,1,0,0,3.50860596,3.5055542,3.50189209,3.50616455,3.50006104,3.50982666,3.50494385,3.49975586,3.48846436,3.48571777,3.48968506,3.47473145,3.47442627,3.47045898,3.47961426,3.48999023,0.00624419656,0.00604435802,0.00559585821,0.0062872963,0.00550308963,0.00561581971,0.00587640237,0.00614196202,0.0053056539,0.00493602036,0.00668970402,0.00512772053,0.00553383818,0.00649868045,0.00456539541,0.00604274683,0,0,0,0,0,0,0,0,0,0,0,0,0,0,0,0,0,0,0,0,0,0,0,0
297,3.125000,3,1,1,0,0,3.51013184,3.50769043,3.5043335,3.50830078,3.50128174,3.51409912,3.50830078,3.50189209,3.48632812,3.48632812,3.48754883,3.47625732,3.47473145,3.46954346,3.47930908,3.48876953,-0.000775216846,1.10601541e-05,-0.000847583986,-0.00178760209,-0.000712473644,-0.000174697838,-0.00100591709,-0.000785664539,-0.00292988215,-0.00141652755,-0.00364552904,-0.00183870026,-0.00232307566,-0.00262034917,-0.00336387753,-0.00200450257,0,0,0,0,0,0,0,0,0,0,0,0,0,0,0,0,0,0,0,0,0,0,0,0
298,3.125000,3,1,1,0,0,3.51806641,3.51379395,3.51104736,3.5144043,3.50952148,3.51928711,3.51348877,3.50830078,3.49304199,3.49487305,3.49761963,3.48480225,3.48083496,3.47564697,3.48815918,3.49609375,0.00165609899,0.000666003267,0.000821335067,0.00132924272,0.00113693974,0.002346572,0.00141782407,0.00156349433,0.00110556255,-0.000452769105,0.00201207679,0.000870374439,0.00101382146,0.0017071378,0.00147806585,0.000630792696,0,0,0,0,0,0,0,0,0,0,0,0,0,0,0,0,0,0,0,0,0,0,0,0
299,3.125000,3,1,1,0,0,3.51165771,3.50769043,3.50524902,3.50982666,3.50250244,3.51501465,3.50830078,3.50280762,3.487854,3.48571777,3.48999023,3.47595215,3.47503662,3.47045898,3.48236084,3.49029541,0.00141076371,0.00131794903,0.00148620876,0.00144191075,0.00135097245,0.00145583448,0.000786421413,0.00171115389,0.00194922567,0.00189947744,0.00150994945,0.00120777672,0.000840794179,0.00139993057,0.000860508066,0.00170135847,0,0,0,0,0,0,0,0,0,0,0,0,0,0,0,0,0,0,0,0,0,0,0,0
300,3.125000,3,1,1,0,0,3.51623535,3.51257324,3.50982666,3.51379395,3.50860596,3.51928711,3.51196289,3.50616455,3.49243164,3.49243164,3.49395752,3.48236084,3.47869873,3.47381592,3.4866333,3.49578857,0.00382596627,0.00330961589,0.00332916202,0.00318339653,0.00405112887,0.00433113705,0.00352950813,0.00403711991,0.0034748225,0.00468906574,0.00336069125,0.00488611963,0.00348538696,0.00292722508,0.00422692811,0.00367552461,0,0,0,0,0,0,0,0,0,0,0,0,0,0,0,0,0,0,0,0,0,0,0,0
301,3.125000,3,1,1,0,0,3.51715088,3.5144043,3.51074219,3.51470947,3.50952148,3.51989746,3.51409912,3.50799561,3.49212646,3.49365234,3.4942627,3.48510742,3.47961426,3.47442627,3.48632812,3.49578857,0.00792720262,0.00796744786,0.00819550361,0.00846545771,0.0083009908,0.00801085494,0.00842550397,0.00760437082,0.00646218378,0.00780629646,0.00564040244,0.00743419072,0.00660959166,0.00560365058,0.00589939393,0.00695701409,0,0,0,0,0,0,0,0,0,0,0,0,0,0,0,0,0,0,0,0,0,0,0,0
302,3.125000,3,1,1,0,0,3.51898193,3.51654053,3.51287842,3.51776123,3.51165771,3.52172852,3.5168457,3.51013184,3.49273682,3.49517822,3.49456787,3.48388672,3.48083496,3.47564697,3.487854,3.49609375,0.000903861248,0.000941124512,0.000798283785,0.00103157538,0.000886597729,0.000622726278,0.00132099167,0.00151780585,0.00170814386,0.00116315822,0.00085318624,0.00241487264,0.00124227244,0.0018556444,0.00108076842,0.000997259747,0,0,0,0,0,0,0,0,0,0,0,0,0,0,0,0,0,0,0,0,0,0,0,0
303,3.125000,3,1,1,0,0,3.5055542,3.50341797,3.50006104,3.50219727,3.49822998,3.50769043,3.50250244,3.49639893,3.48571777,3.48388672,3.48480225,3.47320557,3.46954346,3.46832275,3.47839355,3.4866333,-0.00317131775,-0.00298857642,-0.00363798346,-0.00412103394,-0.00318255788,-0.00325288973,-0.00477816723,-0.00356425392,-0.00469862763,-0.0027993517,-0.00440329686,-0.00343239587,-0.00456642732,-0.00391199905,-0.00373290223,-0.00320419483,0,0,0,0,0,0,0,0,0,0,0,0,0,0,0,0,0,0,0,0,0,0,0,0
304,3.297000,3,1,1,0,0,3.50830078,3.5055542,3.50219727,3.50616455,3.50067139,3.51074219,3.50585938,3.49945068,3.48205566,3.48419189,3.48510742,3.47473145,3.47015381,3.46588135,3.47686768,3.4854126,0.000465387013,0.000869940675,0.000536281499,0.000837229367,0.0010997433,0.00109669589,0.000113376766,0.000669347122,9.41864855e-05,0.000185948797,-0.000438267656,-0.000339603925,-0.00122403668,-0.000196570414,0.000681435165,0.000118160795,0,0,0,0,0,0,0,0,0,0,0,0,0,0,0,0,0,0,0,0,0,0,0,0
305,3.297000,3,1,1,0,0,3.51745605,3.51409912,3.51074219,3.5144043,3.50921631,3.51959229,3.51318359,3.50830078,3.49182129,3.49334717,3.49365234,3.48510742,3.48052979,3.47503662,3.4866333,3.4954834,-0.00385308033,-0.00429702504,-0.00390617456,-0.00405005086,-0.00494756037,-0.0049758656,-0.00488193566,-0.00447349809,-0.00282009831,-0.00352920056,-0.00306698168,-0.00287853833,-0.00251084357,-0.0027158123,-0.00310472772,-0.00307723763,0,0,0,0,0,0,0,0,0,0,0,0,0,0,0,0,0,0,0,0,0,0,0,0
306,3.297000,3,1,1,0,0,3.50189209,3.49975586,3.49578857,3.49975586,3.49304199,3.50585938,3.50097656,3.49334717,3.48236084,3.48022461,3.48480225,3.47076416,3.46984863,3.46466064,3.47686768,3.48419189,-0.00134653226,-0.0014407658,-0.0011912582,-0.00110284949,-0.00196442963,-0.00117829698,-0.000798530353,-0.00113497279,-0.000454469759,-0.00125596719,-0.000751256768,-0.000821473135,-0.00168304355,-0.00140342931,-0.000945380831,-9.43122141e-05,0,0,0,0,0,0,0,0,0,0,0,0,0,0,0,0,0,0,0,0,0,0,0,0
307,3.297000,3,1,1,0,0,3.50189209,3.50067139,3.49517822,3.50067139,3.49517822,3.50585938,3.50067139,3.49334717,3.48114014,3.47900391,3.48297119,3.46801758,3.46923828,3.46343994,3.47595215,3.48052979,0.000953378039,0.0023349137,0.000876949402,0.00140777789,0.00150133774,0.00205033389,0.00138903747,0.00120831234,0.00150188291,0.00137188809,0.000349333568,0.000979782315,0.00157094398,0.000555845385,0.000533194456,0.00179119303,0,0,0,0,0,0,0,0,0,0,0,0,0,0,0,0,0,0,0,0,0,0,0,0
308,3.297000,3,1,1,0,0,3.515625,3.51257324,3.50921631,3.51257324,3.50738525,3.51867676,3.51226807,3.50524902,3.49304199,3.49243164,3.49731445,3.48236084,3.47991943,3.47442627,3.48815918,3.49243164,0.00643891189,0.00606032461,0.00698369229,0.00595368212,0.00639530504,0.00559119554,0.00625133002,0.00599757535,0.00679638097,0.00648814021,0.00702084508,0.00679766852,0.00573925255,0.00583486166,0.00583374174,0.00601307442,0,0,0,0,0,0,0,0,0,0,0,0,0,0,0,0,0,0,0,0,0,0,0,0
309,3.297000,3,1,1,0,0,3.5168457,3.51501465,3.51074219,3.5144043,3.50921631,3.51867676,3.5144043,3.50860596,3.49243164,3.49212646,3.49273682,3.48114014,3.47991943,3.47381592,3.48632812,3.49395752,0.00175567844,0.00132856809,0.00165157928,0.00131511164,0.00112734677,5.71462515e-05,0.00153906783,0.00124620751,0.00206333003,0.00123977871,0.00220312993,0.000644627959,0.00267543853,0.00255290372,0.0024129285,0.002592406,0,0,0,0,0,0,0,0,0,0,0,0,0,0,0,0,0,0,0,0,0,0,0,0
310,3.297000,3,1,1,0,0,3.50921631,3.50738525,3.50402832,3.50738525,3.50189209,3.51104736,3.50738525,3.50158691,3.48907471,3.48693848,3.49273682,3.4765625,3.47625732,3.47167969,3.48327637,3.49060059,-0.00462795747,-0.00432426482,-0.00524196401,-0.00476832362,-0.00501706172,-0.00489812205,-0.00508316746,-0.00455131941,-0.0059841983,-0.00447883597,-0.00523737445,-0.00504971668,-0.00591993192,-0.00577654643,-0.00436685793,-0.00507400231,0,0,0,0,0,0,0,0,0,0,0,0,0,0,0,0,0,0,0,0,0,0,0,0
311,3.297000,3,1,1,0,0,3.51806641,3.51409912,3.51135254,3.515625,3.51043701,3.52050781,3.51501465,3.50921631,3.49243164,3.49517822,3.49487305,3.48388672,3.47961426,3.47442627,3.49029541,3.49578857,0.00803963467,0.00773091707,0.00775774429,0.00814204663,0.00823470205,0.00769132376,0.00738742296,0.00813974906,0.00588694587,0.00768302381,0.00702522881,0.00660928618,0.00585121848,0.00511851162,0.00863916148,0.00605312083,0,0,0,0,0,0,0,0,0,0,0,0,0,0,0,0,0,0,0,0,0,0,0,0
312,3.297000,3,1,1,0,0,3.50891113,3.50524902,3.50158691,3.50524902,3.49914551,3.51043701,3.50524902,3.49884033,3.48327637,3.48266602,3.48327637,3.47259521,3.47045898,3.46435547,3.47747803,3.4854126,0.0047263382,0.0051090871,0.00526055228,0.00601291424,0.00595488725,0.00594496913,0.00636454532,0.00585066574,0.00562295737,0.00387914153,0.00506263413,0.00501452945,0.00704859011,0.00588633446,0.00593558792,0.00566620892,0,0,0,0,0,0,0,0,0,0,0,0,0,0,0,0,0,0,0,0,0,0,0,0
313,3.297000,3,1,1,0,0,3.49578857,3.49365234,3.48937988,3.49365234,3.48754883,3.49884033,3.49243164,3.48571777,3.47381592,3.47473145,3.47503662,3.46466064,3.46008301,3.4552002,3.46832275,3.4753418,-0.00462602405,-0.00478918757,-0.00506029278,-0.00528175477,-0.0048083635,-0.00394178974,-0.00577423396,-0.00485959928,-0.0052055344,-0.00531380484,-0.00379346497,-0.0050453716,-0.00467983261,-0.00551116001,-0.00464710593,-0.00616827887,0,0,0,0,0,0,0,0,0,0,0,0,0,0,0,0,0,0,0,0,0,0,0,0
314,3.297000,3,1,1,0,0,3.50158691,3.49945068,3.4954834,3.49914551,3.49365234,3.5055542,3.49914551,3.4942627,3.47900391,3.47625732,3.48083496,3.465271,3.46618652,3.46313477,3.47320557,3.48083496,-0.00348367775,-0.00402932195,-0.00331674796,-0.00318957982,-0.00309798634,-0.00390684884,-0.00307178707,-0.00361722684,-0.00555366091,-0.00479492312,-0.00414779643,-0.0053558182,-0.00595580228,-0.00375908287,-0.00329017011,-0.00286818086,0,0,0,0,0,0,0,0,0,0,0,0,0,0,0,0,0,0,0,0,0,0,0,0
315,3.297000,3,1,1,0,0,3.50646973,3.50311279,3.49975586,3.50372314,3.4979248,3.50952148,3.50128174,3.49639893,3.48632812,3.48571777,3.48510742,3.47473145,3.46984863,3.46832275,3.47717285,3.4866333,0.00387430983,0.00369211659,0.00366242975,0.00382185611,0.00359445065,0.00286034588,0.00232137879,0.00332046789,0.0028645338,0.00499232998,0.00309361005,0.00538892113,0.00305338716,0.00478417426,0.00272330828,0.00399175473,0,0,0,0,0,0,0,0,0,0,0,0,0,0,0,0,0,0,0,0,0,0,0,0
316,3.297000,3,1,1,0,0,3.52478027,3.52081299,3.51867676,3.52203369,3.5168457,3.52600098,3.52111816,3.51501465,3.50067139,3.50128174,3.50311279,3.49121094,3.48937988,3.48236084,3.49700928,3.50463867,0.0140349185,0.0141046876,0.0145017849,0.0140580256,0.0152215036,0.0145686548,0.0147751812,0.0141251339,0.013159126,0.0131818689,0.0115574691,0.0123544475,0.0136531908,0.0127028134,0.0132676307,0.0131607037,0,0,0,0,0,0,0,0,0,0,0,0,0,0,0,0,0,0,0,0,0,0,0,0
317,3.297000,3,1,1,0,0,3.50585938,3.50280762,3.50006104,3.50372314,3.49761963,3.50830078,3.50219727,3.49761963,3.48602295,3.48449707,3.48480225,3.47442627,3.47351074,3.46588135,3.47808838,3.487854,-0.00412158947,-0.00278661586,-0.00389100984,-0.00320320833,-0.00366067979,-0.00263959612,-0.00367460586,-0.00284544751,-0.00211029826,-0.00332442089,-0.00458203396,-0.00487279706,-0.0024526082,-0.00333284936,-0.00332658063,-0.00392772676,0,0,0,0,0,0,0,0,0,0,0,0,0,0,0,0,0,0,0,0,0,0,0,0
318,3.297000,3,1,1,0,0,3.51318359,3.51165771,3.50708008,3.51043701,3.50646973,3.5168457,3.51074219,3.50372314,3.49121094,3.49029541,3.49334717,3.48022461,3.47961426,3.47381592,3.48602295,3.49090576,0.00327622448,0.00335390144,0.00334244105,0.00375408074,0.00372945308,0.00348031381,0.00271536619,0.00283590751,0.00369335921,0.00294376817,0.0039676684,0.00351536926,0.00276001357,0.00324271596,0.00482962234,0.00220709154,0,0,0,0,0,0,0,0,0,0,0,0,0,0,0,0,0,0,0,0,0,0,0,0
319,3.297000,3,1,1,0,0,3.50769043,3.5043335,3.50158691,3.50494385,3.50006104,3.50891113,3.50372314,3.49945068,3.48815918,3.4866333,3.48937988,3.47595215,3.47442627,3.47198486,3.47961426,3.48907471,-0.00444316305,-0.00530631701,-0.00513502071,-0.00516433781,-0.00504340837,-0.00475747511,-0.0051328144,-0.00475267461,-0.00344328955,-0.00530668907,-0.00383163197,-0.00274562859,-0.00401276909,-0.00313343527,-0.00477652578,-0.00498574134,0,0,0,0,0,0,0,0,0,0,0,0,0,0,0,0,0,0,0,0,0,0,0,0
320,3.297000,3,1,1,0,0,3.51593018,3.51318359,3.50921631,3.51409912,3.50830078,3.51928711,3.51257324,3.50738525,3.49212646,3.49182129,3.49487305,3.48144531,3.47961426,3.47320557,3.48724365,3.49517822,0.00650016125,0.00706473412,0.00613881182,0.00692108646,0.00713959383,0.00690681254,0.0065343068,0.0066340575,0.00689538475,0.00699576875,0.00615094369,0.00541857816,0.00681441929,0.00620841514,0.00654754043,0.00583002903,0,0,0,0,0,0,0,0,0,0,0,0,0,0,0,0,0,0,0,0,0,0,0,0
321,3.469000,3,1,1,0,0,3.50311279,3.50036621,3.49578857,3.50097656,3.4954834,3.50646973,3.50128174,3.4942627,3.48175049,3.47839355,3.48419189,3.46710205,3.46862793,3.46405029,3.4765625,3.48144531,0.00180181698,0.00143757602,0.00200318359,0.00231621787,0.00216648704,0.0023545064,0.00306470972,0.00224734936,0.00349523663,0.00154036994,0.00325341593,0.00219591008,0.00314281182,0.0033231657,0.00346794375,0.00317374151,0,0,0,0,0,0,0,0,0,0,0,0,0,0,0,0,0,0,0,0,0,0,0,0
322,3.469000,3,1,1,0,0,3.50128174,3.49914551,3.49609375,3.50036621,3.49395752,3.50494385,3.50006104,3.49395752,3.48175049,3.48144531,3.48510742,3.47198486,3.46954346,3.46313477,3.47625732,3.48114014,0.00183821714,0.00229984638,0.00202729483,0.00260745524,0.00285486341,0.00266398769,0.00189723982,0.00209680526,0.00168609887,0.00198861887,0.00178042147,0.0016371021,0.00235572737,0.00133654324,0.00268679718,0.000124702754,0,0,0,0,0,0,0,0,0,0,0,0,0,0,0,0,0,0,0,0,0,0,0,0
323,3.469000,3,1,1,0,0,3.51470947,3.51226807,3.50738525,3.51013184,3.50708008,3.51776123,3.51104736,3.50524902,3.49151611,3.49090576,3.49365234,3.48052979,3.47808838,3.47351074,3.48632812,3.48999023,0.00279787998,0.00268821535,0.00261536683,0.0025112743,0.00336747454,0.00294323149,0.00279185781,0.00296428893,0.00410308689,0.00218926487,0.00373078417,0.00323879113,0.00198803935,0.00296794996,0.00204947684,0.00305938441,0,0,0,0,0,0,0,0,0,0,0,0,0,0,0,0,0,0,0,0,0,0,0,0
324,3.469000,3,1,1,0,0,3.51776123,3.51470947,3.51165771,3.51531982,3.51043701,3.51928711,3.51379395,3.50921631,3.49273682,3.4942627,3.49822998,3.48480225,3.48022461,3.47686768,3.48724365,3.49517822,0.0044279797,0.00428181747,0.00413432764,0.0039613815,0.00464438461,0.00455486728,0.00385530968,0.0036895962,0.00296860002,0.00230627391,0.00328208739,0.00260954374,0.00234732218,0.00386387296,0.00326438039,0.0026046366,0,0,0,0,0,0,0,0,0,0,0,0,0,0,0,0,0,0,0,0,0,0,0,0
325,3.469000,3,1,1,0,0,3.51318359,3.51135254,3.5067749,3.51013184,3.50616455,3.5168457,3.51043701,3.50402832,3.49182129,3.49212646,3.49456787,3.48358154,3.47930908,3.47442627,3.48632812,3.49487305,0.0064000492,0.00690767448,0.00724069914,0.00667798845,0.00739207165,0.00743125426,0.0074129398,0.00716772117,0.0087160496,0.00666651642,0.00717047183,0.00674529653,0.00773220789,0.00812131073,0.00716003636,0.00790972356,0,0,0,0,0,0,0,0,0,0,0,0,0,0,0,0,0,0,0,0,0,0,0,0
326,3.469000,3,1,1,0,0,3.50646973,3.50311279,3.50036621,3.50372314,3.49884033,3.50799561,3.50280762,3.4979248,3.48236084,3.48449707,3.48510742,3.47412109,3.47015381,3.46557617,3.47747803,3.48571777,5.65807568e-06,-0.00070330943,3.03328561e-05,0.000445706828,-0.000836521271,-0.000589807285,-0.000172169035,-6.31627045e-05,1.75206224e-05,0.000137661904,0.00106480205,0.0011205856,0.00134401652,0.000937159057,0.00117446599,0.000558109896,0,0,0,0,0,0,0,0,0,0,0,0,0,0,0,0,0,0,0,0,0,0,0,0
327,3.469000,3,1,1,0,0,3.51745605,3.5144043,3.51104736,3.515625,3.50982666,3.52050781,3.51318359,3.50921631,3.49304199,3.4942627,3.49761963,3.48419189,3.47991943,3.47564697,3.487854,3.49578857,0.00679824129,0.00730201881,0.00720974058,0.00748520624,0.00812546164,0.00740968436,0.00765721127,0.0067900233,0.00793174282,0.00867901649,0.00825884473,0.00932500418,0.00782164,0.00748110563,0.00848921854,0.00850255042,0,0,0,0,0,0,0,0,0,0,0,0,0,0,0,0,0,0,0,0,0,0,0,0
328,3.469000,3,1,1,0,0,3.51013184,3.5067749,3.50372314,3.50738525,3.50036621,3.51013184,3.50708008,3.50128174,3.48815918,3.48693848,3.49060059,3.47595215,3.4765625,3.47320557,3.48297119,3.48937988,0.00219771569,0.00196077186,0.00218243082,0.00273253489,0.00116011326,0.00140432641,0.00150067243,0.00186559395,0.00265796273,0.00295535871,0.00336299092,0.000657413388,0.00343097909,0.0030210251,0.0031207134,0.00188769866,0,0,0,0,0,0,0,0,0,0,0,0,0,0,0,0,0,0,0,0,0,0,0,0
329,3.469000,3,1,1,0,0,3.51837158,3.51531982,3.51165771,3.51623535,3.50982666,3.51989746,3.51593018,3.50952148,3.49334717,3.49456787,3.49822998,3.48480225,3.48236084,3.47808838,3.48754883,3.49731445,0.00607117172,0.00525722886,0.00551013136,0.00612272136,0.00500229653,0.00503624836,0.00611779699,0.0062603862,0.00545559078,0.00428286288,0.00543949567,0.00494586444,0.00564309629,0.0062688631,0.00462248782,0.00585730234,0,0,0,0,0,0,0,0,0,0,0,0,0,0,0,0,0,0,0,0,0,0,0,0
330,3.469000,3,1,1,0,0,3.51776123,3.51531982,3.51104736,3.51623535,3.51043701,3.52050781,3.51531982,3.50891113,3.49700928,3.49517822,3.49884033,3.48480225,3.48175049,3.47930908,3.49151611,3.49853516,0.00275057671,0.00316703832,0.00326879183,0.00324162561,0.00415312173,0.00374821434,0.00394387171,0.002729445,0.00512215542,0.0049707205,0.00466668792,0.00521722436,0.00447271112,0.00462889811,0.00591410603,0.00422213599,0,0,0,0,0,0,0,0,0,0,0,0,0,0,0,0,0,0,0,0,0,0,0,0
331,3.469000,3,1,1,0,0,3.5055542,3.50280762,3.50006104,3.50219727,3.49761963,3.50830078,3.50128174,3.49700928,3.48602295,3.48632812,3.48510742,3.47503662,3.47381592,3.46588135,3.47717285,3.48815918,-0.00146311661,-0.00167136244,-0.000610012095,-0.00136261398,-0.00112172472,-0.00137242267,-0.00163437426,-0.000966372376,0.00131504517,0.00111724471,-0.000105616666,0.000868156843,0.000107189233,0.00067692087,-0.000871521304,0.00107155729,0,0,0,0,0,0,0,0,0,0,0,0,0,0,0,0,0,0,0,0,0,0,0,0
332,3.469000,3,1,1,0,0,3.50219727,3.50036621,3.49609375,3.50097656,3.49578857,3.5067749,3.50097656,3.49334717,3.48266602,3.48114014,3.48388672,3.47198486,3.46923828,3.46313477,3.47625732,3.48480225,0.00121340388,0.00110773533,0.00111912936,0.00236015534,0.00132720289,0.00114561862,0.00132361567,0.000927940477,0.00185697642,0.00153492752,0.00187304802,0.00117725146,0.00178027479,0.00188427512,0.00189695775,0.00257140771,0,0,0,0,0,0,0,0,0,0,0,0,0,0,0,0,0,0,0,0,0,0,0,0
333,3.469000,3,1,1,0,0,3.50219727,3.49914551,3.49609375,3.50006104,3.49334717,3.50585938,3.49975586,3.4942627,3.48144531,3.47961426,3.48419189,3.47106934,3.46710205,3.46405029,3.47564697,3.48144531,-0.00154869654,-0.00108475238,-0.00166430464,-0.00124650926,-0.00193673489,-0.00221449602,-0.00117140391,-0.0012712134,-0.00255887955,-0.00225475151,-0.00289760577,-0.00219595479,-0.00306367455,-0.00182820717,-0.00289649935,-0.00154296868,0,0,0,0,0,0,0,0,0,0,0,0,0,0,0,0,0,0,0,0,0,0,0,0
334,3.469000,3,1,1,0,0,3.51623535,3.51409912,3.51043701,3.51409912,3.50952148,3.51928711,3.51257324,3.50799561,3.49182129,3.49243164,3.49456787,3.48388672,3.47930908,3.47320557,3.48724365,3.4954834,0.00198594993,0.00178543502,0.00183826499,0.000755404122,0.0019441878,0.00224777707,0.000648245681,0.00152099994,0.00102247833,0.0011507594,0.00118959614,0.00124651671,0.000826640986,-0.000416982628,0.00152937893,0.0014471293,0,0,0,0,0,0,0,0,0,0,0,0,0,0,0,0,0,0,0,0,0,0,0,0
335,3.469000,3,1,1,0,0,3.50952148,3.50616455,3.50280762,3.50738525,3.50189209,3.51043701,3.5067749,3.50128174,3.49060059,3.4854126,3.49060059,3.47595215,3.47564697,3.47167969,3.48327637,3.49090576,0.000946302316,0.000206939469,0.00106478715,0.00114406052,0.000591904158,-9.19906306e-05,0.0006565121,0.00146506191,0.00291257724,-0.000418408279,0.0035597505,0.000612941571,0.00183304795,0.00170834875,0.00171115762,0.00208267896,0,0,0,0,0,0,0,0,0,0,0,0,0,0,0,0,0,0,0,0,0,0,0,0
336,3.469000,3,1,1,0,0,3.5144043,3.51226807,3.50799561,3.51104736,3.50738525,3.51837158,3.51135254,3.5067749,3.49304199,3.49273682,3.49487305,3.48388672,3.47869873,3.47290039,3.48724365,3.49456787,-0.00316097704,-0.00258096494,-0.00340342335,-0.00337594957,-0.00192007539,-0.00107169745,-0.00271778274,-0.00259633618,-0.00192735577,-0.00326530891,-0.0030291928,-0.0024418293,-0.00284058833,-0.00259242579,-0.00181355933,-0.00190323486,0,0,0,0,0,0,0,0,0,0,0,0,0,0,0,0,0,0,0,0,0,0,0,0
337,3.469000,3,1,1,0,0,3.5244751,3.52142334,3.51837158,3.52111816,3.51654053,3.5269165,3.51989746,3.51470947,3.50036621,3.50006104,3.50250244,3.49090576,3.48907471,3.48327637,3.49578857,3.50402832,0.00199560518,0.00247938954,0.00305805402,0.00323481322,0.00294971815,0.00294123241,0.002195423,0.00286195124,0.00358666666,0.00238511292,0.00421567075,0.0040446124,0.00436043553,0.00376647175,0.00410610391,0.00334415073,0,0,0,0,0,0,0,0,0,0,0,0,0,0,0,0,0,0,0,0,0,0,0,0
338,3.641000,3,1,1,0,0,3.51470947,3.51196289,3.50921631,3.51318359,3.50708008,3.51806641,3.51165771,3.5067749,3.49212646,3.49182129,3.4942627,3.48175049,3.47961426,3.47442627,3.48632812,3.49487305,-0.001322528,-0.00115510949,-0.000983342994,-0.00111777766,-0.00105331792,-0.00111311721,-0.00144118047,-0.00110478816,0.000592097116,0.000248474476,0.000331192103,0.000177282956,0.000774579355,-0.000819855835,0.000533424958,-0.00012693723,0,0,0,0,0,0,0,0,0,0,0,0,0,0,0,0,0,0,0,0,0,0,0,0
339,3.641000,3,1,1,0,0,3.50982666,3.50738525,3.50341797,3.5067749,3.50158691,3.51165771,3.5067749,3.50128174,3.48602295,3.48632812,3.48480225,3.4753418,3.47045898,3.46923828,3.4777832,3.48724365,0.00294331787,0.00257799542,0.00283238105,0.00333328359,0.00347722252,0.00319051859,0.00316927535,0.00361411367,0.00350968959,0.00156895025,0.00243816664,0.0034976888,0.00320677576,0.00230231346,0.00270450418,0.00202851929,0,0,0,0,0,0,0,0,0,0,0,0,0,0,0,0,0,0,0,0,0,0,0,0
340,3.641000,3,1,1,0,0,3.51867676,3.51501465,3.51196289,3.51623535,3.51104736,3.51989746,3.515625,3.50982666,3.49365234,3.49609375,3.49609375,3.48480225,3.48083496,3.47625732,3.48754883,3.4967041,0.00382188871,0.00392080192,0.00385922845,0.00444594957,0.00399005134,0.00351600582,0.00428762427,0.0039001971,0.00236155256,0.0035042495,0.00288143544,0.00263947714,0.00199940824,0.00351735065,0.00267491629,0.00436993875,0,0,0,0,0,0,0,0,0,0,0,0,0,0,0,0,0,0,0,0,0,0,0,0
341,3.641000,3,1,1,0,0,3.51654053,3.51379395,3.51013184,3.51287842,3.50799561,3.51928711,3.51287842,3.50799561,3.49243164,3.49365234,3.49456787,3.48266602,3.47930908,3.47564697,3.48632812,3.49578857,0.00540518062,0.00569319865,0.00580261648,0.00566447526,0.00534422277,0.00461466098,0.00581644941,0.00595899718,0.00547137205,0.00580261322,0.00593179045,0.00596452039,0.0049941293,0.00601131236,0.00576285878,0.0075146351,0,0,0,0,0,0,0,0,0,0,0,0,0,0,0,0,0,0,0,0,0,0,0,0
342,3.641000,3,1,1,0,0,3.51379395,3.51226807,3.50738525,3.51043701,3.50708008,3.51715088,3.51104736,3.5055542,3.49121094,3.49029541,3.49304199,3.48144531,3.48022461,3.47351074,3.48632812,3.49395752,0.00400682632,0.00450992584,0.0045167096,0.00345602562,0.00474927202,0.00474887062,0.00415916182,0.00382670923,0.00507147843,0.00584626896,0.00471878285,0.00636288384,0.00543704024,0.00420946162,0.0057453271,0.00624952558,0,0,0,0,0,0,0,0,0,0,0,0,0,0,0,0,0,0,0,0,0,0,0,0
343,3.641000,3,1,1,0,0,3.50524902,3.50219727,3.49761963,3.50097656,3.49700928,3.50738525,3.50250244,3.49517822,3.48144531,3.48052979,3.48419189,3.47137451,3.47015381,3.46374512,3.47595215,3.48114014,0.00501967967,0.00443645194,0.00533168996,0.00430697482,0.00462775817,0.00401851954,0.00402511423,0.00504481047,0.00395759521,0.00316174747,0.00454030652,0.00346183078,0.00479331007,0.00377039914,0.00453128386,0.00356919249,0,0,0,0,0,0,0,0,0,0,0,0,0,0,0,0,0,0,0,0,0,0,0,0
344,3.641000,3,1,1,0,0,3.52478027,3.52081299,3.5168457,3.52142334,3.51654053,3.52630615,3.52081299,3.51470947,3.50128174,3.50128174,3.50402832,3.49121094,3.48907471,3.48388672,3.4967041,3.50402832,0.00540807331,0.0049206838,0.00402678642,0.00545455748,0.00490111951,0.00503061898,0.00448474148,0.00510871317,0.0043052868,0.00431245985,0.00526926061,0.00403870037,0.00497808633,0.00464599114,0.00518067135,0.0056090015,0,0,0,0,0,0,0,0,0,0,0,0,0,0,0,0,0,0,0,0,0,0,0,0
345,3.641000,3,1,1,0,0,3.50219727,3.50128174,3.49700928,3.49945068,3.49578857,3.50616455,3.50128174,3.4942627,3.48266602,3.48175049,3.48480225,3.47167969,3.47015381,3.46374512,3.4777832,3.48510742,-0.00641438691,-0.00522708613,-0.00588782644,-0.00720634963,-0.00569785992,-0.00545130251,-0.0062668263,-0.00602822984,-0.00517484406,-0.00573318964,-0.00619708002,-0.00617935695,-0.00421285909,-0.00644751731,-0.00510952296,-0.00493548345,0,0,0,0,0,0,0,0,0,0,0,0,0,0,0,0,0,0,0,0,0,0,0,0
346,3.641000,3,1,1,0,0,3.50982666,3.50585938,3.50311279,3.50616455,3.50067139,3.50982666,3.5067749,3.50067139,3.48754883,3.48602295,3.49029541,3.4765625,3.47564697,3.47106934,3.48205566,3.49029541,0.00440701842,0.00368457451,0.00421845028,0.00399360247,0.00352873979,0.00414735591,0.0045285346,0.00451393519,0.00327377534,0.00272310618,0.00210707309,0.00269525684,0.00299681397,0.00288329832,0.0032165728,0.0022621809,0,0,0,0,0,0,0,0,0,0,0,0,0,0,0,0,0,0,0,0,0,0,0,0
347,3.641000,3,1,1,0,0,3.51745605,3.51348877,3.51043701,3.51196289,3.50830078,3.51898193,3.51257324,3.50769043,3.49243164,3.49365234,3.49761963,3.48297119,3.47961426,3.47473145,3.48602295,3.49609375,-0.00069067569,-0.000670966576,-0.000674646872,-0.0010182187,-0.000665415602,-0.000347903377,-0.000187550992,-0.000836834311,-0.000701653364,0.000471660547,0.000623372791,0.000914394273,-0.000313350145,-0.000863900525,0.000355100492,0.00147321715,0,0,0,0,0,0,0,0,0,0,0,0,0,0,0,0,0,0,0,0,0,0,0,0
348,3.641000,3,1,1,0,0,3.50982666,3.5055542,3.50402832,3.50708008,3.50097656,3.51013184,3.5067749,3.50097656,3.49029541,3.48937988,3.49243164,3.47564697,3.47595215,3.47198486,3.48266602,3.49060059,-0.000371630013,-0.000316036865,0.000474162283,-0.000487965124,-0.000306990638,-0.00136764906,0.000358324964,-5.77000901e-05,0.00203541154,0.00188477861,0.00163781771,0.000495305052,0.00177979004,0.00132067024,0.00180350954,0.00148937188,0,0,0,0,0,0,0,0,0,0,0,0,0,0,0,0,0,0,0,0,0,0,0,0
349,3.641000,3,1,1,0,0,3.51135254,3.50769043,3.50524902,3.50921631,3.50219727,3.51501465,3.50952148,3.50341797,3.48754883,3.48693848,3.49029541,3.47595215,3.47595215,3.47076416,3.48236084,3.48999023,0.00510299765,0.00424692314,0.00567758828,0.00460854545,0.00508152088,0.0054827854,0.00538612995,0.00495340675,0.00600685924,0.00537736993,0.00620451663,0.00557735143,0.0052638799,0.00508217746,0.00709357997,0.00674611656,0,0,0,0,0,0,0,0,0,0,0,0,0,0,0,0,0,0,0,0,0,0,0,0
350,3.641000,3,1,1,0,0,3.51623535,3.51257324,3.50952148,3.51226807,3.50799561,3.51867676,3.51074219,3.50585938,3.49243164,3.49395752,3.49304199,3.48205566,3.48052979,3.47351074,3.4866333,3.4954834,0.00447911676,0.00419601891,0.00414361618,0.00393575756,0.00425271736,0.00423223013,0.00293283933,0.00404454395,0.00321494672,0.00454584416,0.00358468387,0.00491417293,0.00422345055,0.00310910447,0.00366240437,0.00514062587,0,0,0,0,0,0,0,0,0,0,0,0,0,0,0,0,0,0,0,0,0,0,0,0
351,3.641000,3,1,1,0,0,3.52539062,3.52264404,3.51959229,3.52203369,3.51745605,3.52844238,3.52203369,3.5168457,3.50128174,3.50250244,3.5043335,3.49182129,3.48999023,3.48297119,3.49731445,3.50494385,0.00605877861,0.00620949268,0.00632343674,0.00620254129,0.00565810222,0.00503966352,0.00558639178,0.00570340268,0.00571887475,0.0052772006,0.00595784653,0.00499557564,0.00548498146,0.0059240167,0.00551298773,0.00613769237,0,0,0,0,0,0,0,0,0,0,0,0,0,0,0,0,0,0,0,0,0,0,0,0
352,3.641000,3,1,1,0,0,3.50280762,3.50097656,3.49609375,3.49975586,3.49578857,3.50708008,3.50189209,3.49334717,3.48205566,3.47747803,3.48449707,3.47076416,3.46740723,3.46343994,3.47442627,3.48052979,-0.00556123955,-0.00498055248,-0.00637473492,-0.00555778621,-0.00493667787,-0.00473330123,-0.006232969,-0.00534922536,-0.00659991987,-0.00597251812,-0.00670500146,-0.00541445566,-0.00712880818,-0.00677406928,-0.00749248732,-0.00654520234,0,0,0,0,0,0,0,0,0,0,0,0,0,0,0,0,0,0,0,0,0,0,0,0
353,3.641000,3,1,1,0,0,3.51379395,3.51135254,3.50646973,3.51043701,3.50585938,3.51654053,3.51013184,3.50372314,3.49060059,3.48999023,3.49273682,3.4765625,3.47839355,3.47412109,3.4854126,3.48968506,0.0093174465,0.00961491931,0.0101839686,0.00939821266,0.0102310488,0.00921609532,0.00817702152,0.00913262274,0.0086240517,0.0105817206,0.0109423464,0.0100917835,0.00935026351,0.0101370569,0.0093140183,0.00980395731,0,0,0,0,0,0,0,0,0,0,0,0,0,0,0,0,0,0,0,0,0,0,0,0
354,3.641000,3,1,1,0,0,3.50952148,3.5067749,3.50250244,3.50616455,3.50097656,3.51104736,3.5067749,3.50006104,3.48571777,3.48449707,3.48449707,3.47412109,3.46984863,3.46862793,3.47808838,3.48602295,0.00107364869,0.00061077415,0.00112231856,0.00112542161,0.000559271779,0.000191892701,0.000864261761,0.00047424782,0.001652173,-0.000522806542,0.000278201391,9.99376061e-05,-0.000736812886,0.0014088871,0.00156701414,-6.04366069e-05,0,0,0,0,0,0,0,0,0,0,0,0,0,0,0,0,0,0,0,0,0,0,0,0
355,3.812000,3,1,1,0,0,3.51531982,3.51257324,3.50982666,3.51196289,3.50738525,3.51837158,3.51135254,3.5067749,3.49273682,3.49304199,3.4942627,3.48297119,3.47869873,3.47442627,3.48724365,3.49456787,0.006444172,0.00593265193,0.00642506406,0.00571686123,0.00615087897,0.00578544196,0.0063218791,0.00567090372,0.00628841016,0.00616090139,0.00562625565,0.0055496865,0.00638398435,0.00557355164,0.00622098939,0.00605474925,0,0,0,0,0,0,0,0,0,0,0,0,0,0,0,0,0,0,0,0,0,0,0,0
356,3.812000,3,1,1,0,0,3.51013184,3.50738525,3.50372314,3.50860596,3.50158691,3.51379395,3.50769043,3.50250244,3.48693848,3.4866333,3.48846436,3.47473145,3.47412109,3.47015381,3.48114014,3.48907471,0.0055250749,0.00593799632,0.00547460886,0.00669676438,0.00617370382,0.00670588762,0.00690954877,0.00667736772,0.00739929732,0.00665997295,0.00691361912,0.00514050573,0.00672889687,0.00788321532,0.00767134409,0.00565535109,0,0,0,0,0,0,0,0,0,0,0,0,0,0,0,0,0,0,0,0,0,0,0,0
357,3.812000,3,1,1,0,0,3.50219727,3.50097656,3.49731445,3.50067139,3.49639893,3.5067749,3.50067139,3.4942627,3.48205566,3.48266602,3.48510742,3.47229004,3.46984863,3.46435547,3.4765625,3.48602295,-0.00139870378,5.16905566e-05,-0.00122299767,-0.0017305885,-0.000441812212,0.000421888515,-0.000968920416,-0.00186806847,-0.00130444695,-0.00150187686,-0.0020608413,-0.00139190746,-0.00145225902,-0.00157387799,-0.000633593765,-0.00166197179,0,0,0,0,0,0,0,0,0,0,0,0,0,0,0,0,0,0,0,0,0,0,0,0
358,3.812000,3,1,1,0,0,3.51989746,3.51654053,3.5144043,3.51898193,3.51165771,3.52325439,3.51776123,3.51196289,3.50006104,3.49578857,3.50280762,3.48632812,3.48632812,3.48266602,3.49365234,3.49914551,0.000820519403,7.75083899e-05,0.000662448001,0.000250336074,0.00050872931,0.000941726437,-0.000639285252,0.000414948678,-0.000590844953,0.000618208258,-0.000211198465,-0.000251939462,-0.000537446118,-0.00130491564,1.87016267e-05,-0.000584851019,0,0,0,0,0,0,0,0,0,0,0,0,0,0,0,0,0,0,0,0,0,0,0,0
359,3.812000,3,1,1,0,0,3.50860596,3.50616455,3.50280762,3.50585938,3.50067139,3.51104736,3.50585938,3.50036621,3.48846436,3.4854126,3.49060059,3.47686768,3.47564697,3.47045898,3.48236084,3.49060059,-0.00062398304,-0.000164466735,-0.00018644004,-0.000843687449,-0.000407668529,-0.000325790432,-0.000844375987,-0.00118118909,0.00053867395,0.001095213,0.000991849927,0.00235108216,0.00120218378,-1.69832492e-05,0.000882177148,0.00256565725,0,0,0,0,0,0,0,0,0,0,0,0,0,0,0,0,0,0,0,0,0,0,0,0
360,3.812000,3,1,1,0,0,3.50891113,3.50494385,3.50280762,3.50646973,3.50067139,3.50982666,3.50585938,3.50006104,3.48815918,3.48480225,3.49060059,3.47686768,3.47503662,3.46984863,3.48175049,3.48999023,0.000123620906,0.000349089474,0.000256267085,-0.000208264901,0.000542542082,-8.05246527e-05,-8.40745925e-05,-9.72993439e-06,0.000767602469,0.000124189712,0.00109994004,0.00112736272,0.001174793,0.000889982155,-0.00014455567,0.00117302581,0,0,0,0,0,0,0,0,0,0,0,0,0,0,0,0,0,0,0,0,0,0,0,0
361,3.812000,3,1,1,0,0,3.50219727,3.49945068,3.49578857,3.50097656,3.4954834,3.50708008,3.50158691,3.49395752,3.48144531,3.47869873,3.48297119,3.46710205,3.46679688,3.46313477,3.47412109,3.48114014,-0.00317546772,-0.00377559755,-0.0039774091,-0.00360640604,-0.00389577355,-0.00441294117,-0.00331042474,-0.00306205964,-0.00291770138,-0.00320269493,-0.00451722322,-0.00312635163,-0.00507755065,-0.00281509804,-0.00482000923,-0.00300290948,0,0,0,0,0,0,0,0,0,0,0,0,0,0,0,0,0,0,0,0,0,0,0,0
362,3.812000,3,1,1,0,0,3.51043701,3.50799561,3.50524902,3.50830078,3.50311279,3.51531982,3.50830078,3.50280762,3.487854,3.48480225,3.48999023,3.47686768,3.47564697,3.47076416,3.48236084,3.48999023,0.00260951207,0.00177161279,0.00293603283,0.00253917626,0.00229159836,0.0021200818,0.00277984748,0.00342221209,0.00233974028,0.00150046533,0.00149281032,0.0022088408,0.0018793128,0.00267808186,0.00209024362,0.00319783133,0,0,0,0,0,0,0,0,0,0,0,0,0,0,0,0,0,0,0,0,0,0,0,0
363,3.812000,3,1,1,0,0,3.51196289,3.50982666,3.50494385,3.51013184,3.50494385,3.51623535,3.51104736,3.50311279,3.48937988,3.4866333,3.49029541,3.47625732,3.47625732,3.47229004,3.48327637,3.48907471,0.00372812268,0.00365278707,0.00280433078,0.00411127275,0.003044707,0.00379091501,0.004118321,0.0034100581,0.00374383549,0.00290764705,0.00345206191,0.00256092916,0.00390147907,0.00385448383,0.0035517069,0.00326487306,0,0,0,0,0,0,0,0,0,0,0,0,0,0,0,0,0,0,0,0,0,0,0,0
364,3.812000,3,1,1,0,0,3.50952148,3.50585938,3.50250244,3.50646973,3.50006104,3.51013184,3.50494385,3.50006104,3.48815918,3.4854126,3.49029541,3.47595215,3.47442627,3.47015381,3.47961426,3.48968506,-0.0038180952,-0.00380497449,-0.00459712464,-0.00384339201,-0.00415227283,-0.00525874924,-0.00424466282,-0.00377312675,-0.00310690654,-0.00387626048,-0.00415572152,-0.00389525713,-0.00511980336,-0.0032226434,-0.00530095818,-0.00414849352,0,0,0,0,0,0,0,0,0,0,0,0,0,0,0,0,0,0,0,0,0,0,0,0
365,3.812000,3,1,1,0,0,3.52508545,3.52233887,3.51928711,3.52325439,3.51745605,3.52752686,3.52111816,3.515625,3.50036621,3.50158691,3.50311279,3.49060059,3.48999023,3.48388672,3.49578857,3.50494385,0.00534160901,0.00584043888,0.00569218118,0.0062721828,0.00647961255,0.00611236971,0.00625327323,0.00557601871,0.006407585,0.00644244067,0.0063301255,0.00588307157,0.00685118465,0.00642978586,0.00665579643,0.00635168236,0,0,0,0,0,0,0,0,0,0,0,0,0,0,0,0,0,0,0,0,0,0,0,0
366,3.812000,3,1,1,0,0,3.50585938,3.50341797,3.49975586,3.50219727,3.49761963,3.50891113,3.50280762,3.49731445,3.48571777,3.48449707,3.48480225,3.47503662,3.47320557,3.4677124,3.47747803,3.48571777,-0.00362970913,-0.00317214709,-0.00309777772,-0.00487869652,-0.00399023853,-0.00350042619,-0.00453288574,-0.00359252794,-0.00440005772,-0.00428107521,-0.00551243965,-0.00408500899,-0.00447443547,-0.00494386815,-0.00534242997,-0.0037093733,0,0,0,0,0,0,0,0,0,0,0,0,0,0,0,0,0,0,0,0,0,0,0,0
367,3.812000,3,1,1,0,0,3.51715088,3.51470947,3.51104736,3.51531982,3.51013184,3.52081299,3.51257324,3.50891113,3.49273682,3.49578857,3.49761963,3.48449707,3.48022461,3.47595215,3.48724365,3.49639893,0.00329075591,0.00350031583,0.0037889299,0.00293303165,0.00426727068,0.00438305782,0.00340831303,0.00278217345,0.00413729716,0.00487730512,0.00416308362,0.00491012866,0.00537610892,0.0039929538,0.00433569634,0.00415232452,0,0,0,0,0,0,0,0,0,0,0,0,0,0,0,0,0,0,0,0,0,0,0,0
368,3.812000,3,1,1,0,0,3.51501465,3.51196289,3.50860596,3.51318359,3.5067749,3.51806641,3.51135254,3.5067749,3.49090576,3.49121094,3.49304199,3.48052979,3.47991943,3.47259521,3.48602295,3.49060059,-0.00301484112,-0.00320219342,-0.00275877537,-0.00277564675,-0.00276112021,-0.00197070814,-0.00347482041,-0.00211872812,-0.00356976246,-0.00356051559,-0.00347975688,-0.00358614,-0.00340420986,-0.00318902964,-0.00312568736,-0.00307574798,0,0,0,0,0,0,0,0,0,0,0,0,0,0,0,0,0,0,0,0,0,0,0,0
369,3.812000,3,1,1,0,0,3.51531982,3.51257324,3.50952148,3.51287842,3.50738525,3.51928711,3.51135254,3.5067749,3.49212646,3.49182129,3.4942627,3.48083496,3.47869873,3.47320557,3.4866333,3.49151611,0.00142405031,0.00171520887,0.00142248161,0.00150243088,0.00163035339,0.00130548142,0.000883664994,0.00139794755,-0.000353133597,0.000406747888,-0.000932276365,0.00118698855,-0.00048137561,-0.00109399296,-0.000576159917,-0.000144294841,0,0,0,0,0,0,0,0,0,0,0,0,0,0,0,0,0,0,0,0,0,0,0,0
370,3.812000,3,1,1,0,0,3.50738525,3.50524902,3.50189209,3.5055542,3.50036621,3.50952148,3.50463867,3.49945068,3.4866333,3.48510742,3.48968506,3.47625732,3.47412109,3.46954346,3.47930908,3.48846436,0.000816710293,0.000767380057,0.00184774632,0.00120741851,0.00161943142,0.0018078608,0.0014484555,0.0010579275,0.00199124077,0.00368551654,0.00201297551,0.00291668694,0.00249040266,0.00146217528,0.000945216976,0.00171660888,0,0,0,0,0,0,0,0,0,0,0,0,0,0,0,0,0,0,0,0,0,0,0,0
371,3.812000,3,1,1,0,0,3.50616455,3.50311279,3.49975586,3.50372314,3.49853516,3.50982666,3.50311279,3.49761963,3.48236084,3.48236084,3.48480225,3.47137451,3.47015381,3.46405029,3.47717285,3.48480225,0.0012123175,0.00111380615,0.00149579195,0.00135029317,0.00117200799,0.00191760575,0.00180145749,0.00147100748,0.000189777347,-2.6968657e-05,-0.000695044582,0.000105478335,-0.000510958256,-0.000130440167,0.000363777741,0.00110095623,0,0,0,0,0,0,0,0,0,0,0,0,0,0,0,0,0,0,0,0,0,0,0,0
372,3.969000,3,1,1,0,0,3.51959229,3.51715088,3.51409912,3.51806641,3.51226807,3.52325439,3.51806641,3.51226807,3.49700928,3.49639893,3.49822998,3.48602295,3.48236084,3.48022461,3.49151611,3.49884033,0.00536249345,0.00555552216,0.00564427162,0.00558807701,0.00589529984,0.00638699718,0.00548722222,0.00592348352,0.00502945948,0.00537604513,0.00514023565,0.00590062095,0.00514801592,0.00478381896,0.00610564649,0.00488640741,0,0,0,0,0,0,0,0,0,0,0,0,0,0,0,0,0,0,0,0,0,0,0,0
373,3.984000,3,1,1,0,0,3.51867676,3.515625,3.51226807,3.51593018,3.51013184,3.52020264,3.515625,3.50952148,3.49578857,3.49578857,3.49609375,3.48449707,3.48022461,3.47839355,3.487854,3.4967041,0.00175075373,0.00176621228,0.00150023843,0.00142028125,0.00131981168,0.000958220393,0.00152033567,0.00147329504,0.00191758468,0.00163674168,0.00206537894,0.00195235014,0.00102890201,0.00267288345,0.000101709345,0.00187073648,0,0,0,0,0,0,0,0,0,0,0,0,0,0,0,0,0,0,0,0,0,0,0,0
374,3.984000,3,1,1,0,0,3.51318359,3.51135254,3.50830078,3.50982666,3.50616455,3.5168457,3.51135254,3.50402832,3.49060059,3.48815918,3.49304199,3.48083496,3.47808838,3.47320557,3.4866333,3.49121094,-0.00131664332,-0.00125935161,-0.000302604429,-0.00102141919,-0.000327109999,-0.00020831966,-0.000154477893,-0.00124424219,0.000656049233,0.000960553996,0.00114447542,0.000584816735,0.000634762459,0.000950786402,0.00224102335,0.00128211116,0,0,0,0,0,0,0,0,0,0,0,0,0,0,0,0,0,0,0,0,0,0,0,0
375,3.984000,3,1,1,0,0,3.51531982,3.51226807,3.50921631,3.51318359,3.50769043,3.51837158,3.51196289,3.50585938,3.49273682,3.49212646,3.49334717,3.48083496,3.48022461,3.47473145,3.48724365,3.49060059,0.00229395926,0.00285627786,0.00237213168,0.00277273124,0.0021639578,0.00197944976,0.00245519821,0.00195140857,0.00185881439,0.00189508265,0.00149489893,0.00149607693,0.00113858155,0.000854457263,0.000400435529,0.0003792356,0,0,0,0,0,0,0,0,0,0,0,0,0,0,0,0,0,0,0,0,0,0,0,0
376,3.984000,3,1,1,0,0,3.50372314,3.49975586,3.49578857,3.49884033,3.49517822,3.50524902,3.50128174,3.4942627,3.48114014,3.48205566,3.48480225,3.47229004,3.46984863,3.46282959,3.47747803,3.4854126,-0.00389302871,-0.00390578224,-0.00472046155,-0.00459585432,-0.00428212294,-0.00436678203,-0.00414308673,-0.00433903374,-0.00590609526,-0.00352956774,-0.00495111803,-0.00409880793,-0.0055167228,-0.00562276226,-0.00556170894,-0.0020795702,0,0,0,0,0,0,0,0,0,0,0,0,0,0,0,0,0,0,0,0,0,0,0,0
377,3.984000,3,1,1,0,0,3.50982666,3.5067749,3.5055542,3.50769043,3.50250244,3.51379395,3.50860596,3.50250244,3.49029541,3.48999023,3.49365234,3.47747803,3.47747803,3.47320557,3.48358154,3.49029541,0.00948446058,0.0103046568,0.0101037826,0.00944786612,0.00985785201,0.0106705436,0.00951774698,0.010190485,0.00882055052,0.0104723396,0.00884882454,0.0100195762,0.0094545735,0.00877194293,0.00858331937,0.00909915846,0,0,0,0,0,0,0,0,0,0,0,0,0,0,0,0,0,0,0,0,0,0,0,0
378,3.984000,3,1,1,0,0,3.51013184,3.50708008,3.50524902,3.50891113,3.50280762,3.51226807,3.50799561,3.50311279,3.48876953,3.48510742,3.49243164,3.47625732,3.47595215,3.47045898,3.48266602,3.49060059,0.000350940536,9.18718288e-05,0.00113821903,0.00109577773,-9.58164383e-05,-0.000684311788,0.000796298089,0.00135706365,0.00105559255,-0.000725209073,-0.000200446899,-0.000225500335,-0.000578386127,0.000548085198,-0.00133140734,0.0003021757,0,0,0,0,0,0,0,0,0,0,0,0,0,0,0,0,0,0,0,0,0,0,0,0
379,3.984000,3,1,1,0,0,3.515625,3.51348877,3.51043701,3.51287842,3.50830078,3.51898193,3.51226807,3.50738525,3.4942627,3.49487305,3.49884033,3.48571777,3.48083496,3.47747803,3.48815918,3.49700928,0.00502265617,0.00482285162,0.00469745137,0.00439786678,0.00438144011,0.00510708382,0.00387552381,0.00477636233,0.00307508465,0.0061366437,0.0039935424,0.00510060228,0.00328495586,0.00288877008,0.00450640731,0.00480921054,0,0,0,0,0,0,0,0,0,0,0,0,0,0,0,0,0,0,0,0,0,0,0,0
380,3.984000,3,1,1,0,0,3.51379395,3.51165771,3.50708008,3.51165771,3.50708008,3.51654053,3.51226807,3.50402832,3.49121094,3.49151611,3.49395752,3.48022461,3.48022461,3.47290039,3.48724365,3.49121094,0.0052817543,0.00580111286,0.00562828593,0.00630737562,0.00526145892,0.00460485928,0.0060499832,0.00549549051,0.00571709499,0.00560030434,0.00538367499,0.00548060331,0.0051168059,0.00500997202,0.00559321465,0.00414789561,0,0,0,0,0,0,0,0,0,0,0,0,0,0,0,0,0,0,0,0,0,0,0,0
381,3.984000,3,1,1,0,0,3.50494385,3.50219727,3.49884033,3.50219727,3.49761963,3.50860596,3.50189209,3.49700928,3.48175049,3.48449707,3.48449707,3.47198486,3.46923828,3.46801758,3.4777832,3.4854126,-0.00279560895,-0.00220603007,-0.00231015636,-0.00226940983,-0.00161474338,-0.00242070528,-0.00155754597,-0.00168933999,-0.000146897393,-0.000339955674,0.000206228928,-0.000677280594,-8.76126578e-05,7.91174825e-05,-0.000518200453,-0.000533307088,0,0,0,0,0,0,0,0,0,0,0,0,0,0,0,0,0,0,0,0,0,0,0,0
382,3.984000,3,1,1,0,0,3.50128174,3.50006104,3.4954834,3.49884033,3.49517822,3.50616455,3.49945068,3.49395752,3.48114014,3.48052979,3.48449707,3.47106934,3.47015381,3.46435547,3.47717285,3.48236084,-0.00159257301,-0.00125161151,-0.00131455529,-0.00162929308,-0.00177679549,-0.000854717044,-0.00147863105,-0.00146519346,-0.000239269808,-0.00116498233,-0.0017963443,-0.00131755637,-0.00124559761,-0.00103413232,-0.000761159405,-0.000175129389,0,0,0,0,0,0,0,0,0,0,0,0,0,0,0,0,0,0,0,0,0,0,0,0
383,3.984000,3,1,1,0,0,3.5144043,3.51165771,3.50891113,3.51165771,3.50738525,3.51806641,3.51043701,3.50646973,3.49182129,3.49273682,3.49456787,3.48205566,3.48052979,3.47442627,3.48632812,3.49456787,0.00558867166,0.00493635284,0.00521290116,0.00564475078,0.00486462237,0.0054690009,0.0053256182,0.0051185959,0.00474750018,0.00430166582,0.00516983867,0.00545328204,0.00557039119,0.00568073988,0.00512949517,0.00565673131,0,0,0,0,0,0,0,0,0,0,0,0,0,0,0,0,0,0,0,0,0,0,0,0
384,3.984000,3,1,1,0,0,3.50738525,3.50372314,3.50067139,3.50372314,3.49945068,3.51013184,3.50341797,3.4979248,3.48144531,3.48236084,3.48419189,3.47381592,3.46893311,3.46405029,3.47747803,3.48571777,0.00256842049,0.00157470594,0.00214381469,0.00094672502,0.00109456596,0.00206107972,0.00161493546,0.0022849869,0.000115256466,0.000363221072,0.000640757964,0.00109256769,4.2710104e-05,0.00132248574,0.000719601987,0.00214506662,0,0,0,0,0,0,0,0,0,0,0,0,0,0,0,0,0,0,0,0,0,0,0,0
385,3.984000,3,1,1,0,0,3.5055542,3.50219727,3.49945068,3.50128174,3.49761963,3.50738525,3.50250244,3.49487305,3.48236084,3.48022461,3.48388672,3.47106934,3.46893311,3.46374512,3.47717285,3.48205566,-0.000302955974,0.000162935117,0.000151678687,-0.00137623469,0.00040233793,-0.000834999257,-0.000881220796,-0.000211657491,-0.000435026828,0.000474375149,0.00245128642,0.000947092602,-0.000266566523,-0.000603091961,0.000797053217,0.000146928651,0,0,0,0,0,0,0,0,0,0,0,0,0,0,0,0,0,0,0,0,0,0,0,0
386,3.984000,3,1,1,0,0,3.51959229,3.5168457,3.51379395,3.51715088,3.51104736,3.52111816,3.51654053,3.51135254,3.49761963,3.49639893,3.50006104,3.48571777,3.48571777,3.48144531,3.49182129,3.50006104,0.00132108363,0.0015340785,0.00214186497,0.0019676378,0.00112591102,0.00135678938,0.00175264373,0.00204212219,0.00279609137,0.00131295552,0.00314581906,0.00247227913,0.0018466257,0.00277712708,0.00177595299,0.00205840287,0,0,0,0,0,0,0,0,0,0,0,0,0,0,0,0,0,0,0,0,0,0,0,0
387,3.984000,3,1,1,0,0,3.51501465,3.51257324,3.50921631,3.51165771,3.50769043,3.51867676,3.51135254,3.5067749,3.49243164,3.49243164,3.49334717,3.48205566,3.48022461,3.47351074,3.48602295,3.49487305,0.00714231376,0.00717112469,0.00692685414,0.00656199874,0.00805065036,0.00678040227,0.00673887692,0.00700053293,0.00701391976,0.00794550776,0.00612480612,0.00768404733,0.0074971877,0.00520673394,0.00660850294,0.00689874496,0,0,0,0,0,0,0,0,0,0,0,0,0,0,0,0,0,0,0,0,0,0,0,0
388,3.984000,3,1,1,0,0,3.50952148,3.5067749,3.50250244,3.50646973,3.50128174,3.51074219,3.5067749,3.50067139,3.48876953,3.48602295,3.49029541,3.47625732,3.47564697,3.47015381,3.48266602,3.49029541,0.0011823778,0.00120657508,0.00162563054,0.0016520163,0.00162912614,0.00163141044,0.00218364387,0.00132479961,0.00271252007,0.00152947288,0.00332821812,0.00236990862,0.00233796006,0.00228327629,0.00309484149,0.00265594223,0,0,0,0,0,0,0,0,0,0,0,0,0,0,0,0,0,0,0,0,0,0,0,0
389,4.141000,3,1,1,0,0,3.51257324,3.51074219,3.5067749,3.51104736,3.5067749,3.51654053,3.51104736,3.50402832,3.49121094,3.49090576,3.49456787,3.48083496,3.48022461,3.47290039,3.48693848,3.4942627,0.00894575473,0.00968255289,0.00916464627,0.00988886878,0.0098715378,0.00979549717,0.00993495993,0.00874051452,0.00829311088,0.00826138165,0.0079247402,0.00816774555,0.00927860849,0.00807669293,0.00849853363,0.00832687877,0,0,0,0,0,0,0,0,0,0,0,0,0,0,0,0,0,0,0,0,0,0,0,0
390,4.141000,3,1,1,0,0,3.5144043,3.51226807,3.50891113,3.51257324,3.50708008,3.51715088,3.51043701,3.50616455,3.49304199,3.49212646,3.49456787,3.48236084,3.48083496,3.47351074,3.48632812,3.49517822,0.00536740618,0.00587685267,0.00612450484,0.00549357198,0.00660452154,0.00606059004,0.00567531446,0.00519161159,0.00561372563,0.00617701327,0.00558488723,0.0065117483,0.00646783551,0.00462289667,0.00615194254,0.00577560021,0,0,0,0,0,0,0,0,0,0,0,0,0,0,0,0,0,0,0,0,0,0,0,0
391,4.141000,3,1,1,0,0,3.50616455,3.50341797,3.49884033,3.50097656,3.49761963,3.50799561,3.50128174,3.49578857,3.48236084,3.48144531,3.48297119,3.47076416,3.47045898,3.46435547,3.4765625,3.48175049,0.0035586853,0.00305643165,0.00292424508,0.00271275477,0.00296168448,0.00312853861,0.0027535453,0.00280124298,0.00306530064,0.00324783847,0.00265251263,0.00300849252,0.00279167038,0.00412844494,0.00421109842,0.00294370833,0,0,0,0,0,0,0,0,0,0,0,0,0,0,0,0,0,0,0,0,0,0,0,0
392,4.141000,3,1,1,0,0,3.51104736,3.50799561,3.5043335,3.50921631,3.50219727,3.51470947,3.50830078,3.50250244,3.487854,3.48480225,3.48968506,3.4753418,3.47595215,3.47106934,3.48236084,3.48968506,0.00135006825,0.000940342201,0.00112230913,0.00147551007,0.00101957982,0.000338954735,0.000796866487,0.00116287509,0.00194261526,0.000555450446,0.00207853224,0.00212324644,0.00113070407,0.00136434357,0.00264850073,0.000771927065,0,0,0,0,0,0,0,0,0,0,0,0,0,0,0,0,0,0,0,0,0,0,0,0
393,4.141000,3,1,1,0,0,3.50738525,3.50463867,3.50128174,3.50494385,3.49884033,3.51013184,3.50372314,3.49884033,3.48571777,3.48449707,3.48480225,3.47290039,3.47015381,3.465271,3.47839355,3.48602295,-0.00523776142,-0.00443023117,-0.00462138141,-0.00452136574,-0.00478300685,-0.00543336058,-0.0050198501,-0.00449745869,-0.0048506679,-0.00488292985,-0.00486084865,-0.00558582461,-0.00509166904,-0.00503082899,-0.00491461996,-0.00469362596,0,0,0,0,0,0,0,0,0,0,0,0,0,0,0,0,0,0,0,0,0,0,0,0
394,4.141000,3,1,1,0,0,3.5144043,3.51074219,3.5067749,3.50952148,3.50585938,3.51654053,3.51104736,3.50341797,3.49182129,3.49060059,3.49456787,3.48175049,3.48022461,3.47473145,3.48693848,3.4942627,0.00850817375,0.00866832398,0.00844665524,0.00936468598,0.00929330382,0.0090430649,0.0091237193,0.00838406757,0.00962585863,0.007924526,0.00860762876,0.00792417489,0.00907449238,0.00927581266,0.00921783037,0.00836064946,0,0,0,0,0,0,0,0,0,0,0,0,0,0,0,0,0,0,0,0,0,0,0,0
395,4.141000,3,1,1,0,0,3.50982666,3.50646973,3.50219727,3.5067749,3.50128174,3.51013184,3.50646973,3.49975586,3.48632812,3.48602295,3.48510742,3.47503662,3.47045898,3.46832275,3.47747803,3.48571777,0.000938272336,0.00064905145,0.000396159798,0.00121656281,-0.000507771852,-0.000445666607,0.00101935398,0.000592121738,0.00221400335,0.000166047568,0.00110203354,-4.63987817e-05,0.00189840258,0.00174881564,2.67282012e-05,0.000264782168,0,0,0,0,0,0,0,0,0,0,0,0,0,0,0,0,0,0,0,0,0,0,0,0
396,4.141000,3,1,1,0,0,3.51165771,3.50830078,3.50585938,3.51013184,3.50524902,3.51593018,3.51013184,3.50402832,3.49151611,3.49121094,3.4942627,3.48114014,3.47869873,3.47412109,3.48602295,3.49121094,-0.000486167497,-0.00143771188,8.39902787e-05,0.000880709733,-0.00026346324,0.00135706353,0.00054831733,0.00118259049,0.00279134884,0.00127576152,0.0022303327,0.000859222258,0.00229769154,0.00185710285,0.00218661944,-0.000184678123,0,0,0,0,0,0,0,0,0,0,0,0,0,0,0,0,0,0,0,0,0,0,0,0
397,4.141000,3,1,1,0,0,3.51715088,3.5144043,3.51074219,3.51409912,3.50921631,3.51989746,3.51409912,3.50830078,3.49273682,3.49365234,3.49761963,3.48266602,3.47991943,3.47442627,3.48632812,3.49609375,0.00814713724,0.00817302521,0.00755572831,0.00829718169,0.00790665485,0.00718187774,0.00784615055,0.00756549183,0.00719478913,0.00721548032,0.00736560347,0.00749859773,0.00717980787,0.00617313664,0.00688613579,0.00771659473,0,0,0,0,0,0,0,0,0,0,0,0,0,0,0,0,0,0,0,0,0,0,0,0
398,4.141000,3,1,1,0,0,3.51593018,3.51318359,3.50952148,3.51318359,3.50769043,3.51837158,3.51196289,3.50524902,3.49212646,3.49182129,3.49456787,3.48114014,3.47961426,3.47473145,3.48724365,3.49121094,0.00581798889,0.00554824015,0.00620807242,0.00611329218,0.00551158981,0.00483665988,0.00572120585,0.00583150005,0.00598208094,0.00555784907,0.00629112963,0.0044149966,0.0066710976,0.00569935609,0.00674783951,0.00584194204,0,0,0,0,0,0,0,0,0,0,0,0,0,0,0,0,0,0,0,0,0,0,0,0
399,4.141000,3,1,1,0,0,3.51623535,3.51318359,3.51013184,3.51318359,3.50799561,3.51776123,3.51165771,3.50738525,3.49243164,3.4942627,3.49365234,3.48297119,3.48052979,3.47412109,3.48754883,3.49578857,0.00781165948,0.00773884589,0.00787815917,0.00863869116,0.00731078209,0.00737486733,0.00784576871,0.00825418904,0.00825263932,0.00945909042,0.00804418977,0.00830389746,0.00862939749,0.00752497837,0.00889481511,0.00909358729,0,0,0,0,0,0,0,0,0,0,0,0,0,0,0,0,0,0,0,0,0,0,0,0
400,4.141000,3,1,1,0,0,3.52355957,3.51867676,3.515625,3.51989746,3.5144043,3.52600098,3.52111816,3.51318359,3.50006104,3.4967041,3.50280762,3.48602295,3.48724365,3.48358154,3.49334717,3.50036621,-0.00119707105,-0.00193477422,-0.00219672383,-0.00143125851,-0.00198577484,-0.000275779224,-0.000592215452,-0.000929779839,-0.00183627079,-0.00358518492,-0.000694070361,-0.00327384635,-0.00228055567,9.23930784e-05,-0.00193702884,-0.00213449495,0,0,0,0,0,0,0,0,0,0,0,0,0,0,0,0,0,0,0,0,0,0,0,0
401,4.141000,3,1,1,0,0,3.51013184,3.50616455,3.50341797,3.50646973,3.50128174,3.51287842,3.50708008,3.50097656,3.48693848,3.4854126,3.487854,3.47625732,3.47320557,3.46862793,3.47808838,3.48693848,-0.00191813451,-0.00156440155,-0.00211640517,-0.00228716596,-0.00203465763,-0.00143517111,-0.00155305583,-0.00167002715,-0.00261292467,-0.00316278334,-0.00300625153,-0.0028179104,-0.00304048276,-0.00362091861,-0.00310270139,-0.00327610993,0,0,0,0,0,0,0,0,0,0,0,0,0,0,0,0,0,0,0,0,0,0,0,0
402,4.141000,3,1,1,0,0,3.51013184,3.50585938,3.50402832,3.50830078,3.50158691,3.51318359,3.50769043,3.50158691,3.48693848,3.48510742,3.48876953,3.4753418,3.47412109,3.46893311,3.48114014,3.48876953,-0.00286744768,-0.00297188014,-0.0024480226,-0.00271135056,-0.00288547622,-0.00219196384,-0.00297237607,-0.00184811,-0.00385189359,-0.00297501823,-0.00417684251,-0.00278591039,-0.00364648597,-0.00458520651,-0.00273872679,-0.00299148704,0,0,0,0,0,0,0,0,0,0,0,0,0,0,0,0,0,0,0,0,0,0,0,0
403,4.141000,3,1,1,0,0,3.51226807,3.50952148,3.50585938,3.50982666,3.50524902,3.51501465,3.51074219,3.50341797,3.49090576,3.49060059,3.49273682,3.48083496,3.47961426,3.47259521,3.4866333,3.49060059,0.0056013898,0.00623293035,0.0055004009,0.00548843388,0.00680822274,0.00608808035,0.00640623039,0.00564733753,0.00674190558,0.00741148135,0.00670435419,0.00741089322,0.00698476844,0.00626100088,0.0082665626,0.00672078459,0,0,0,0,0,0,0,0,0,0,0,0,0,0,0,0,0,0,0,0,0,0,0,0
404,4.141000,3,1,1,0,0,3.51165771,3.50860596,3.50494385,3.50982666,3.50280762,3.5144043,3.51013184,3.50280762,3.49090576,3.49121094,3.49395752,3.48083496,3.47961426,3.47259521,3.48602295,3.48999023,0.00230583176,0.00352882384,0.00237384206,0.00303890789,0.00338114286,0.00366806099,0.00337935751,0.00334941479,0.00488057826,0.00457255542,0.00494761113,0.0044108266,0.00589617435,0.00395366875,0.00536941038,0.00281067751,0,0,0,0,0,0,0,0,0,0,0,0,0,0,0,0,0,0,0,0,0,0,0,0
405,4.141000,3,1,1,0,0,3.51409912,3.51104736,3.50646973,3.51013184,3.50738525,3.5168457,3.51043701,3.50402832,3.49151611,3.49212646,3.4942627,3.48114014,3.47991943,3.47442627,3.48632812,3.49121094,0.0096158674,0.00895391311,0.00895428658,0.00943873543,0.00943564251,0.0086423466,0.00966800842,0.00946990959,0.00973358937,0.0076689031,0.0103148883,0.00800743513,0.00885892659,0.0101297582,0.00911891088,0.008772403,0,0,0,0,0,0,0,0,0,0,0,0,0,0,0,0,0,0,0,0,0,0,0,0
406,4.312000,3,1,1,0,0,3.50952148,3.50524902,3.50280762,3.50708008,3.50128174,3.51074219,3.50585938,3.50006104,3.48815918,3.48693848,3.49060059,3.47625732,3.4753418,3.47015381,3.48236084,3.48999023,-0.00396621414,-0.00362963346,-0.00373152806,-0.00406962261,-0.00372872734,-0.00388904847,-0.0047553177,-0.00414961856,-0.00410001446,-0.00351423072,-0.00207755296,-0.00307116215,-0.00243944535,-0.00372376759,-0.00336966058,-0.00268806145,0,0,0,0,0,0,0,0,0,0,0,0,0,0,0,0,0,0,0,0,0,0,0,0
407,4.312000,3,1,1,0,0,3.52020264,3.51654053,3.51379395,3.51715088,3.51165771,3.52081299,3.51654053,3.51043701,3.49761963,3.4967041,3.50219727,3.48632812,3.48571777,3.48205566,3.49304199,3.50006104,-0.000177331269,-0.000682119979,-3.82353319e-05,-0.000425293925,-0.000652634073,-0.00170564558,-0.000845669652,-0.000808624784,0.00205057347,-7.11414614e-05,0.00338845933,0.000129133696,0.00258050114,0.00263777282,0.00149147469,0.00128297694,0,0,0,0,0,0,0,0,0,0,0,0,0,0,0,0,0,0,0,0,0,0,0,0
408,4.312000,3,1,1,0,0,3.515625,3.51226807,3.50921631,3.51165771,3.50738525,3.51837158,3.51165771,3.50708008,3.49304199,3.49212646,3.49334717,3.48266602,3.47869873,3.47320557,3.48632812,3.49487305,0.00668751169,0.00737805432,0.00710713118,0.00721015269,0.00757422391,0.00743964966,0.00707327528,0.0070873946,0.00658931863,0.00763792451,0.00539960572,0.00722616119,0.00740810903,0.0066675893,0.00657823542,0.00642383099,0,0,0,0,0,0,0,0,0,0,0,0,0,0,0,0,0,0,0,0,0,0,0,0
409,4.312000,3,1,1,0,0,3.51470947,3.51013184,3.50860596,3.51043701,3.50646973,3.5168457,3.51165771,3.50463867,3.49212646,3.49243164,3.49365234,3.48205566,3.47991943,3.47320557,3.48754883,3.49487305,0.00646279193,0.00598174473,0.00705899764,0.00649128715,0.00691707199,0.00570520479,0.00654681167,0.00648715254,0.00568492711,0.00804765336,0.00764553016,0.00748858182,0.00545541104,0.00623964472,0.00691664824,0.00795566104,0,0,0,0,0,0,0,0,0,0,0,0,0,0,0,0,0,0,0,0,0,0,0,0
410,4.312000,3,1,1,0,0,3.5144043,3.51196289,3.50830078,3.51196289,3.50646973,3.5168457,3.51165771,3.50585938,3.49182129,3.49029541,3.49395752,3.48114014,3.47961426,3.47320557,3.48693848,3.49365234,0.00311818859,0.00313928025,0.00328906626,0.00298322714,0.00182718039,0.00203581224,0.00236986717,0.00263346895,0.0024661473,0.00225623907,0.00189561734,0.0027284564,0.00274150958,0.00198899675,0.00281288661,0.00383782433,0,0,0,0,0,0,0,0,0,0,0,0,0,0,0,0,0,0,0,0,0,0,0,0
411,4.312000,3,1,1,0,0,3.51623535,3.5144043,3.51074219,3.51318359,3.50921631,3.51928711,3.51318359,3.50769043,3.49182129,3.49395752,3.49731445,3.48297119,3.47900391,3.47442627,3.4866333,3.49609375,0.00420059077,0.0041991435,0.00388324796,0.00368462922,0.00397034409,0.00412636437,0.00413907506,0.00409159157,0.00224723201,0.00384514034,0.00384214334,0.00327606965,0.00319636636,0.00312531693,0.0025668873,0.00249510631,0,0,0,0,0,0,0,0,0,0,0,0,0,0,0,0,0,0,0,0,0,0,0,0
412,4.312000,3,1,1,0,0,3.50524902,3.50219727,3.49884033,3.50158691,3.49761963,3.50738525,3.50219727,3.4967041,3.48236084,3.48205566,3.48449707,3.47137451,3.47076416,3.46496582,3.47747803,3.48571777,0.00386461243,0.00345934927,0.00301025435,0.00280616619,0.00396305928,0.00328698615,0.00327912718,0.00360042881,0.00144152856,0.00319240126,0.00241319067,0.00269316696,0.00192299462,0.00243671099,0.00211053342,0.00376612134,0,0,0,0,0,0,0,0,0,0,0,0,0,0,0,0,0,0,0,0,0,0,0,0
413,4.312000,3,1,1,0,0,3.51287842,3.50891113,3.50524902,3.50921631,3.5055542,3.515625,3.51074219,3.50280762,3.48907471,3.48693848,3.49243164,3.4765625,3.47595215,3.47259521,3.48297119,3.48999023,-0.000736991118,-0.000855788763,-0.00117203454,-0.00134207215,-0.000528321951,-0.000599970866,0.000123997743,-0.00119640771,-0.00261875661,-0.00170891499,-0.00134667754,-0.00192938326,-0.00146337005,-0.000329647271,-0.00216804841,-0.00203748653,0,0,0,0,0,0,0,0,0,0,0,0,0,0,0,0,0,0,0,0,0,0,0,0
414,4.312000,3,1,1,0,0,3.51959229,3.51593018,3.51287842,3.51593018,3.51043701,3.52020264,3.51623535,3.51013184,3.49304199,3.49456787,3.4942627,3.48388672,3.47930908,3.4753418,3.4866333,3.49609375,0.000492920226,0.000326604699,-0.000126099214,0.000582421722,0.000319561572,0.000746311038,-3.62214632e-05,0.00059401046,-0.00165220036,-0.000129300519,-0.00248630764,-0.00182781182,-0.00123334909,-0.00216399925,-0.00109818846,-0.00119520945,0,0,0,0,0,0,0,0,0,0,0,0,0,0,0,0,0,0,0,0,0,0,0,0
415,4.312000,3,1,1,0,0,3.50830078,3.50585938,3.50311279,3.5055542,3.49975586,3.51013184,3.50585938,3.49975586,3.48754883,3.48632812,3.48937988,3.4765625,3.47564697,3.46954346,3.48205566,3.48937988,0.00025168655,0.000381100719,0.00102118275,0.000986030907,0.000213367806,0.000648569141,0.00163621851,0.000787418801,0.00301090907,0.00261165411,0.00199330226,0.00268794247,0.00364468829,0.00297055324,0.00310088322,0.00217788364,0,0,0,0,0,0,0,0,0,0,0,0,0,0,0,0,0,0,0,0,0,0,0,0
416,4.312000,3,1,1,0,0,3.51715088,3.51379395,3.51104736,3.51409912,3.50891113,3.51928711,3.51379395,3.50769043,3.49212646,3.49304199,3.4979248,3.48266602,3.48022461,3.47442627,3.48602295,3.4954834,0.00503647979,0.00547769479,0.00577461533,0.00514250249,0.00493896287,0.00537261507,0.00556092151,0.00534510147,0.0057254862,0.00580060389,0.00664211437,0.00621519517,0.00471359538,0.00437445845,0.00510043325,0.00540525327,0,0,0,0,0,0,0,0,0,0,0,0,0,0,0,0,0,0,0,0,0,0,0,0
417,4.312000,3,1,1,0,0,3.50982666,3.50616455,3.50341797,3.50708008,3.50067139,3.51287842,3.50738525,3.50128174,3.4866333,3.4854126,3.48510742,3.47503662,3.47381592,3.46862793,3.47839355,3.48724365,0.00544598699,0.004548328,0.00492128916,0.005368568,0.00392846949,0.00495821191,0.00498117507,0.00507918699,0.00494878786,0.00378084648,0.00278544845,0.0039244825,0.00408191094,0.00397414435,0.00435911724,0.00332742976,0,0,0,0,0,0,0,0,0,0,0,0,0,0,0,0,0,0,0,0,0,0,0,0
418,4.312000,3,1,1,0,0,3.50982666,3.50769043,3.5055542,3.50921631,3.50219727,3.51379395,3.50921631,3.50280762,3.49029541,3.48693848,3.4942627,3.48022461,3.47900391,3.47259521,3.48388672,3.48999023,0.00453121448,0.00422115531,0.00429715309,0.00565360487,0.00409683166,0.00470933178,0.00521355122,0.00515242945,0.0057831523,0.00382385403,0.00683710491,0.00528464746,0.00420680176,0.0043383264,0.00349431275,0.00366604794,0,0,0,0,0,0,0,0,0,0,0,0,0,0,0,0,0,0,0,0,0,0,0,0
419,4.312000,3,1,1,0,0,3.51806641,3.51501465,3.51165771,3.515625,3.51043701,3.52050781,3.51531982,3.50860596,3.49304199,3.49578857,3.49822998,3.48419189,3.47991943,3.47564697,3.48754883,3.49639893,0.0098616574,0.00908677839,0.00994038116,0.0101774167,0.00968504325,0.00919207465,0.00946634635,0.0102015771,0.0107597392,0.00961091463,0.0108886054,0.00916888379,0.0104798507,0.00873869937,0.0102012781,0.00955187157,0,0,0,0,0,0,0,0,0,0,0,0,0,0,0,0,0,0,0,0,0,0,0,0
420,4.312000,3,1,1,0,0,3.50341797,3.50158691,3.4967041,3.50097656,3.4967041,3.50646973,3.50128174,3.49365234,3.48144531,3.48083496,3.48388672,3.46710205,3.4677124,3.46282959,3.4765625,3.48083496,-0.00103984936,-0.00117899582,-0.00140981493,-0.000746124831,-0.00039252016,-0.00111127621,-0.000202675292,-0.000909583818,0.00107573462,-0.0016145641,0.00225729449,-0.00242631813,0.000435157534,0.000746384612,0.000467474631,-0.000848736381,0,0,0,0,0,0,0,0,0,0,0,0,0,0,0,0,0,0,0,0,0,0,0,0
421,4.312000,3,1,1,0,0,3.51928711,3.51623535,3.51287842,3.51623535,3.51013184,3.52233887,3.5168457,3.51074219,3.4942627,3.4954834,3.49884033,3.48602295,3.48419189,3.47808838,3.48846436,3.49853516,0.00624945341,0.00536870258,0.00638290169,0.00576123502,0.00553436251,0.00558453752,0.00581716839,0.00608696043,0.0061638155,0.00587123912,0.00733278599,0.00663574226,0.00742330356,0.00652855542,0.00658300053,0.00699149678,0,0,0,0,0,0,0,0,0,0,0,0,0,0,0,0,0,0,0,0,0,0,0,0
422,4.312000,3,1,1,0,0,3.51196289,3.50738525,3.50585938,3.51043701,3.50463867,3.51501465,3.50921631,3.50311279,3.49243164,3.49121094,3.49365234,3.48144531,3.47869873,3.47320557,3.48693848,3.49029541,0.00448979391,0.00452249171,0.00414692611,0.0047752019,0.00502213649,0.00427736202,0.0039840322,0.00399898924,0.00555762649,0.00555068441,0.00496013043,0.00652013114,0.00444915891,0.00375865726,0.00490638521,0.0049197101,0,0,0,0,0,0,0,0,0,0,0,0,0,0,0,0,0,0,0,0,0,0,0,0
423,4.484000,3,1,1,0,0,3.51928711,3.51593018,3.51348877,3.51623535,3.51074219,3.52020264,3.51623535,3.51043701,3.4979248,3.49517822,3.49884033,3.48480225,3.48327637,3.47900391,3.49212646,3.49853516,0.00378631521,0.00434092758,0.00418794854,0.00416064449,0.00405681226,0.00423865626,0.00417388044,0.00383848534,0.00460209884,0.00380541757,0.00453402288,0.00424194848,0.00409387378,0.00412699021,0.00513594551,0.00450205384,0,0,0,0,0,0,0,0,0,0,0,0,0,0,0,0,0,0,0,0,0,0,0,0
424,4.484000,3,1,1,0,0,3.50799561,3.50402832,3.50128174,3.50524902,3.50006104,3.51043701,3.50524902,3.49914551,3.48693848,3.48571777,3.48907471,3.47625732,3.47412109,3.46923828,3.48144531,3.48907471,-0.00176453823,-0.00172518287,-0.000874219695,-0.00044677977,-0.0002851811,-0.000811614562,-0.000730448752,-0.00104863371,0.00108233199,0.000339953462,4.8328191e-05,0.000621077488,0.000704519451,0.000737647177,0.00194679748,-0.000515031512,0,0,0,0,0,0,0,0,0,0,0,0,0,0,0,0,0,0,0,0,0,0,0,0
425,4.484000,3,1,1,0,0,3.50799561,3.50494385,3.50067139,3.50463867,3.49945068,3.51013184,3.50524902,3.49884033,3.48297119,3.48327637,3.48419189,3.47442627,3.47076416,3.46588135,3.4777832,3.48602295,0.00101433299,0.000686559419,6.37694029e-05,0.00107822183,0.000817224791,0.000973201066,0.00218268461,0.000259840977,0.000239473302,-0.000640466576,-3.47612659e-05,-0.000670734735,0.000451524276,0.000351478986,-0.000390707923,-0.00182882079,0,0,0,0,0,0,0,0,0,0,0,0,0,0,0,0,0,0,0,0,0,0,0,0
426,4.484000,3,1,1,0,0,3.50585938,3.50311279,3.49945068,3.50189209,3.49761963,3.50891113,3.50219727,3.49731445,3.48327637,3.48510742,3.48571777,3.47290039,3.47045898,3.46832275,3.47686768,3.48602295,0.00587305799,0.00535567477,0.00547535904,0.00553458137,0.00524680503,0.00450407993,0.00593715953,0.00570377009,0.00622397382,0.00553864753,0.00672364747,0.00440816907,0.00589005789,0.00716527132,0.00646102335,0.00712767197,0,0,0,0,0,0,0,0,0,0,0,0,0,0,0,0,0,0,0,0,0,0,0,0
427,4.484000,3,1,1,0,0,3.51531982,3.51226807,3.50891113,3.51165771,3.50708008,3.51776123,3.51196289,3.50524902,3.49151611,3.49243164,3.49395752,3.48205566,3.48022461,3.47442627,3.487854,3.49487305,-0.00011057884,-0.000393680355,-0.000163635181,-0.000671454181,7.91021157e-05,-0.000187010504,-0.000969845161,-0.000992676476,0.000794584281,0.000482500298,0.000392731105,0.0015436674,-0.000375208678,0.000764820841,-0.000122023572,0.00136054307,0,0,0,0,0,0,0,0,0,0,0,0,0,0,0,0,0,0,0,0,0,0,0,0
428,4.484000,3,1,1,0,0,3.52386475,3.52050781,3.51501465,3.51898193,3.515625,3.52600098,3.52111816,3.51318359,3.50036621,3.49731445,3.50219727,3.48632812,3.48846436,3.48358154,3.49456787,3.49914551,0.00231333403,0.00211228849,0.00201426703,0.00184959674,0.00220200466,0.00220015505,0.00246247416,0.00241858931,0.00143261498,0.00135978521,0.00103060238,0.00153633149,0.0018632937,0.000968821347,0.00208517932,0.0011625929,0,0,0,0,0,0,0,0,0,0,0,0,0,0,0,0,0,0,0,0,0,0,0,0
429,4.484000,3,1,1,0,0,3.50158691,3.49945068,3.49609375,3.50006104,3.49304199,3.5055542,3.50036621,3.4942627,3.48144531,3.47991943,3.48449707,3.47167969,3.46984863,3.46374512,3.4765625,3.48144531,-9.26700886e-05,0.000596940401,0.000361072423,0.000895652978,0.000225948286,0.00169399916,0.00147699029,0.00100535876,0.00189707708,0.00309230434,0.00344609423,0.00317530939,0.00406244397,0.00143800257,0.00427746493,0.00133732473,0,0,0,0,0,0,0,0,0,0,0,0,0,0,0,0,0,0,0,0,0,0,0,0
430,4.484000,3,1,1,0,0,3.51013184,3.50708008,3.5043335,3.50646973,3.50067139,3.51043701,3.50738525,3.50128174,3.49029541,3.48693848,3.49090576,3.47991943,3.47839355,3.47229004,3.48358154,3.48907471,0.000432516797,-0.000331515737,0.000501245726,0.000205309363,-0.000171555905,-0.000220463262,-0.000637983263,0.000214345171,0.00104772602,-7.45237339e-05,0.000822999747,0.000837025465,0.00132591778,0.00127385196,-0.00109441299,0.00202311878,0,0,0,0,0,0,0,0,0,0,0,0,0,0,0,0,0,0,0,0,0,0,0,0
431,4.484000,3,1,1,0,0,3.50952148,3.5055542,3.50280762,3.50769043,3.50158691,3.51318359,3.50738525,3.50128174,3.48327637,3.48480225,3.48571777,3.47564697,3.47045898,3.46832275,3.47839355,3.48724365,0.00259123463,0.00250961911,0.00138830324,0.00232001813,0.00322761969,0.00259996578,0.00312525267,0.00232872833,0.00184035057,0.00224665529,0.00132093253,0.000465883757,0.0017552292,0.00250689802,0.00121832732,0.00120237924,0,0,0,0,0,0,0,0,0,0,0,0,0,0,0,0,0,0,0,0,0,0,0,0
432,4.484000,3,1,1,0,0,3.51715088,3.51379395,3.51074219,3.51501465,3.50952148,3.51898193,3.51470947,3.50860596,3.49273682,3.49487305,3.49487305,3.48480225,3.47930908,3.4753418,3.48724365,3.4967041,0.002714545,0.00308675994,0.00285445061,0.00298469327,0.00311549148,0.00318986923,0.00350673217,0.0029428876,0.000633464544,0.00316022011,0.00122022186,0.0021500478,0.000447458762,0.000762883632,0.00108635926,0.00215118239,0,0,0,0,0,0,0,0,0,0,0,0,0,0,0,0,0,0,0,0,0,0,0,0
433,4.484000,3,1,1,0,0,3.51074219,3.50616455,3.50402832,3.50799561,3.50189209,3.51318359,3.50738525,3.50128174,3.487854,3.4854126,3.48937988,3.47473145,3.47564697,3.47015381,3.47961426,3.48907471,0.00600015558,0.00592103461,0.00514255697,0.00547989272,0.00635740813,0.00573806651,0.0061653452,0.00464562699,0.00470285257,0.00598194124,0.00530757941,0.00595141156,0.00502237631,0.00502620311,0.00559260836,0.00446334668,0,0,0,0,0,0,0,0,0,0,0,0,0,0,0,0,0,0,0,0,0,0,0,0
434,4.484000,3,1,1,0,0,3.50708008,3.50311279,3.50036621,3.50280762,3.49822998,3.50891113,3.50219727,3.49761963,3.48236084,3.48052979,3.48327637,3.47137451,3.47015381,3.46282959,3.47747803,3.48480225,0.00203958177,0.00213890662,0.00173287769,0.00231124787,0.00155820383,0.00183442049,0.00206569163,0.0021154792,0.00205040374,0.00126756937,0.00221261196,0.00169009657,0.000950217363,0.00160919351,0.000689990527,0.00226477999,0,0,0,0,0,0,0,0,0,0,0,0,0,0,0,0,0,0,0,0,0,0,0,0
435,4.484000,3,1,1,0,0,3.52142334,3.51928711,3.515625,3.51898193,3.51531982,3.52478027,3.52020264,3.51257324,3.50158691,3.50036621,3.50250244,3.49060059,3.48846436,3.48297119,3.4954834,3.50097656,0.00368262129,0.00393821113,0.00332571194,0.00397759629,0.00369992875,0.00330842263,0.0046632844,0.00307087693,0.00365664251,0.00350049231,0.00455547962,0.00347769144,0.00485216919,0.00461813621,0.00451739272,0.00353555521,0,0,0,0,0,0,0,0,0,0,0,0,0,0,0,0,0,0,0,0,0,0,0,0
436,4.484000,3,1,1,0,0,3.51409912,3.51135254,3.50830078,3.51135254,3.5067749,3.5168457,3.51196289,3.50494385,3.49151611,3.49243164,3.49395752,3.48114014,3.48052979,3.47320557,3.48754883,3.49456787,0.0103643266,0.0102643045,0.010679164,0.0106053511,0.0100804362,0.0101950178,0.0111374417,0.0104733352,0.00953339413,0.0100281974,0.0108949561,0.0101302816,0.0100757796,0.00864068698,0.0103499815,0.0108690318,0,0,0,0,0,0,0,0,0,0,0,0,0,0,0,0,0,0,0,0,0,0,0,0
437,4.484000,3,1,1,0,0,3.5055542,3.50280762,3.49853516,3.50128174,3.49700928,3.50738525,3.50067139,3.49609375,3.48175049,3.48083496,3.48297119,3.47106934,3.46954346,3.46496582,3.47595215,3.48388672,0.00284523703,0.00312359538,0.00156074506,0.00162075122,0.00314718229,0.00298752915,0.00238942122,0.00180772564,0.00161324348,0.00166857557,0.000928672438,0.00140629965,0.00212433119,0.00247786776,0.00227903039,0.000525717682,0,0,0,0,0,0,0,0,0,0,0,0,0,0,0,0,0,0,0,0,0,0,0,0
438,4.484000,3,1,1,0,0,3.51104736,3.5067749,3.5043335,3.50799561,3.50189209,3.51226807,3.50830078,3.50158691,3.487854,3.48602295,3.48571777,3.4765625,3.4753418,3.46984863,3.47930908,3.48876953,-0.000293219869,9.63399507e-05,-0.000266999123,0.000417020638,2.54560146e-05,0.000357252953,0.000749471539,0.000466195575,-0.000234703053,-0.000345363311,-0.000278860942,0.000152430526,-0.000191294443,-0.000207772391,0.000191831234,-0.00163726811,0,0,0,0,0,0,0,0,0,0,0,0,0,0,0,0,0,0,0,0,0,0,0,0
439,4.484000,3,1,1,0,0,3.50891113,3.50646973,3.50250244,3.50708008,3.50006104,3.51013184,3.50646973,3.50067139,3.48815918,3.48571777,3.49060059,3.47625732,3.47503662,3.47015381,3.48175049,3.48999023,-0.00128088635,-0.00115948648,-0.000990608474,-0.000907961279,-0.00151920132,-0.00186352432,-0.00140220462,-0.000972103095,6.07084075e-05,-0.000701535377,0.000775420223,-7.33081833e-07,0.000686390966,-0.000431924243,-0.000769340782,0.000928524882,0,0,0,0,0,0,0,0,0,0,0,0,0,0,0,0,0,0,0,0,0,0,0,0
440,4.656000,3,1,1,0,0,3.50952148,3.50585938,3.50280762,3.50585938,3.50006104,3.51074219,3.50708008,3.49975586,3.48632812,3.48510742,3.48571777,3.47564697,3.47320557,3.46893311,3.47808838,3.48693848,0.00844036695,0.00805312954,0.00813641027,0.00821565837,0.00835403707,0.00791410543,0.00880712084,0.00777163589,0.00882082526,0.00702856341,0.00710129086,0.00779840862,0.0067832754,0.00837524142,0.00739686098,0.00771990418,0,0,0,0,0,0,0,0,0,0,0,0,0,0,0,0,0,0,0,0,0,0,0,0
441,4.656000,3,1,1,0,0,3.50769043,3.50463867,3.50189209,3.50616455,3.50006104,3.51074219,3.50616455,3.49945068,3.48266602,3.48266602,3.48358154,3.47412109,3.46893311,3.46466064,3.4765625,3.48602295,0.00530925626,0.00465065101,0.00522392523,0.00541602075,0.00515332958,0.00431124633,0.00531940861,0.00519154128,0.00359609234,0.00523192063,0.00457646092,0.00494707748,0.00339281815,0.00406241883,0.00408522878,0.0041161296,0,0,0,0,0,0,0,0,0,0,0,0,0,0,0,0,0,0,0,0,0,0,0,0
442,4.656000,3,1,1,0,0,3.52081299,3.51623535,3.51379395,3.51867676,3.51165771,3.52233887,3.51745605,3.51196289,3.49822998,3.4954834,3.50219727,3.48602295,3.48632812,3.48175049,3.49334717,3.49945068,0.00293527776,0.00252049882,0.00239929976,0.00281019439,0.00249505136,0.00204141298,0.00290227914,0.00296595227,0.00272293645,0.00147116906,0.00240596035,0.000896481157,0.00287444168,0.00358877936,0.00312194577,0.00265751639,0,0,0,0,0,0,0,0,0,0,0,0,0,0,0,0,0,0,0,0,0,0,0,0
443,4.656000,3,1,1,0,0,3.51715088,3.51470947,3.51074219,3.51531982,3.50952148,3.51867676,3.51348877,3.50860596,3.49273682,3.4942627,3.4942627,3.48510742,3.48083496,3.47625732,3.48693848,3.4967041,0.00687226932,0.00731161796,0.00712937955,0.00745788962,0.00719805434,0.0063231159,0.00697664637,0.00669873925,0.00687857904,0.00653897971,0.00613919832,0.00736127654,0.0066641327,0.00612322707,0.00659541227,0.00749513134,0,0,0,0,0,0,0,0,0,0,0,0,0,0,0,0,0,0,0,0,0,0,0,0
444,4.656000,3,1,1,0,0,3.50585938,3.50311279,3.49975586,3.50097656,3.49731445,3.50860596,3.50158691,3.49609375,3.48205566,3.48419189,3.48419189,3.47320557,3.47076416,3.46496582,3.47747803,3.48571777,0.00335407606,0.00343182357,0.00323998136,0.00316309766,0.00327720959,0.00347339408,0.00317151658,0.00310743973,0.00426355796,0.00380310975,0.00420606555,0.00387558318,0.00404091133,0.00270541268,0.00449451152,0.00384803838,0,0,0,0,0,0,0,0,0,0,0,0,0,0,0,0,0,0,0,0,0,0,0,0
445,4.656000,3,1,1,0,0,3.51715088,3.51379395,3.51074219,3.51287842,3.50891113,3.52020264,3.51287842,3.50769043,3.49151611,3.49304199,3.4942627,3.48266602,3.48022461,3.47412109,3.48754883,3.4954834,0.0111766048,0.0110478988,0.0113153141,0.0110227223,0.0109192394,0.0114262039,0.0110543538,0.0107304994,0.00990874507,0.00987933949,0.00952978712,0.0109322565,0.00844815094,0.00906084292,0.00955062173,0.00943033025,0,0,0,0,0,0,0,0,0,0,0,0,0,0,0,0,0,0,0,0,0,0,0,0
446,4.656000,3,1,1,0,0,3.50769043,3.5043335,3.50128174,3.50524902,3.49945068,3.50891113,3.50250244,3.49884033,3.48693848,3.48602295,3.48907471,3.47625732,3.47442627,3.46893311,3.47961426,3.48937988,0.00527787628,0.00511449529,0.00464190682,0.00535734696,0.00486355694,0.00444873376,0.00527542084,0.00486396439,0.00618375372,0.00518345647,0.00630343333,0.00513006002,0.00487681851,0.00545370579,0.00625166204,0.00534235733,0,0,0,0,0,0,0,0,0,0,0,0,0,0,0,0,0,0,0,0,0,0,0,0
447,4.656000,3,1,1,0,0,3.51348877,3.51043701,3.50585938,3.51043701,3.50494385,3.515625,3.51043701,3.50372314,3.49029541,3.48937988,3.49060059,3.4765625,3.47503662,3.47198486,3.48266602,3.49029541,0.012492463,0.0119931223,0.012024235,0.0114557762,0.0119136935,0.0115749799,0.0120136337,0.0111053819,0.0112423934,0.0121211717,0.0105477693,0.0112624215,0.0117667653,0.0105515793,0.0104676187,0.0113501996,0,0,0,0,0,0,0,0,0,0,0,0,0,0,0,0,0,0,0,0,0,0,0,0
448,4.656000,3,1,1,0,0,3.50891113,3.5067749,3.50402832,3.50708008,3.50128174,3.51043701,3.5067749,3.50067139,3.48815918,3.4866333,3.49029541,3.47564697,3.47564697,3.47167969,3.48266602,3.49029541,-0.000280628359,-0.000392927206,3.12678458e-05,-0.000278834428,-0.000153130342,-0.000176909409,0.000166447411,-0.000115319024,0.000580671418,0.000175357301,0.000587975373,-0.00028285195,0.00134145981,0.000128594402,0.0010680455,0.0011929468,0,0,0,0,0,0,0,0,0,0,0,0,0,0,0,0,0,0,0,0,0,0,0,0
449,4.656000,3,1,1,0,0,3.51928711,3.51531982,3.51318359,3.51654053,3.51043701,3.51959229,3.51623535,3.51013184,3.4979248,3.49456787,3.49884033,3.48510742,3.48510742,3.48083496,3.49212646,3.49914551,0.00375438668,0.00212062476,0.00400689291,0.0040646852,0.00250614178,0.00254363427,0.00400177203,0.00287767453,0.00495873811,0.00259032729,0.0054338309,0.00360711385,0.00565585075,0.0052640615,0.00471642427,0.00396892149,0,0,0,0,0,0,0,0,0,0,0,0,0,0,0,0,0,0,0,0,0,0,0,0
450,4.656000,3,1,1,0,0,3.51623535,3.51409912,3.51043701,3.51379395,3.50830078,3.51959229,3.51318359,3.50769043,3.49243164,3.49243164,3.49273682,3.48236084,3.47961426,3.47442627,3.4866333,3.49578857,0.00281962822,0.00370030128,0.00336406101,0.00290093198,0.00313931843,0.00325592794,0.00222691172,0.00306375232,0.00153231679,0.0024912511,0.00278875837,0.00383104617,0.00227727648,0.00156124867,0.00158091215,0.00371330208,0,0,0,0,0,0,0,0,0,0,0,0,0,0,0,0,0,0,0,0,0,0,0,0
451,4.656000,3,1,1,0,0,3.51409912,3.51165771,3.5067749,3.51013184,3.50616455,3.51745605,3.51196289,3.50402832,3.49273682,3.49151611,3.49456787,3.48175049,3.47991943,3.47381592,3.48754883,3.49487305,0.00291595142,0.00292812521,0.00166782876,0.00150956854,0.00252511492,0.00287635298,0.00322535937,0.00113374321,0.00322295213,0.00272580818,0.00382788572,0.0027003549,0.00355211832,0.00246275379,0.00428869762,0.00260197278,0,0,0,0,0,0,0,0,0,0,0,0,0,0,0,0,0,0,0,0,0,0,0,0
452,4.656000,3,1,1,0,0,3.50585938,3.50311279,3.50006104,3.50219727,3.49761963,3.50860596,3.50158691,3.49761963,3.48571777,3.48480225,3.48480225,3.47503662,3.47076416,3.46801758,3.47747803,3.48724365,-3.14612407e-06,-0.000162854325,-0.000643382373,-0.000919409445,-0.000655274838,0.000115630799,-0.000431325199,0.000154207461,-0.000788514968,-0.000945550739,-0.000724560698,-0.00140415889,-0.00103912246,-0.00131494284,-0.000805944321,-0.00057936681,0,0,0,0,0,0,0,0,0,0,0,0,0,0,0,0,0,0,0,0,0,0,0,0
453,4.656000,3,1,1,0,0,3.51165771,3.5067749,3.5043335,3.50830078,3.50128174,3.51226807,3.50799561,3.50250244,3.487854,3.48480225,3.48815918,3.4753418,3.47503662,3.46984863,3.48144531,3.48846436,0.00539083779,0.0049268431,0.00541548803,0.00596091198,0.00464040413,0.00549432356,0.0048740264,0.00539850909,0.00361209037,0.00467226375,0.00485209888,0.00516470289,0.00306193857,0.00314565748,0.00373892486,0.00393227208,0,0,0,0,0,0,0,0,0,0,0,0,0,0,0,0,0,0,0,0,0,0,0,0
454,4.656000,3,1,1,0,0,3.5168457,3.51409912,3.51135254,3.51379395,3.50921631,3.51989746,3.51196289,3.50799561,3.49243164,3.49273682,3.4979248,3.48419189,3.48052979,3.47442627,3.4866333,3.49578857,0.00613154378,0.00558549957,0.00581102166,0.00600504735,0.00530400034,0.00554151554,0.00536291534,0.00614910619,0.00587605592,0.00460736919,0.00647269841,0.00500511238,0.0055594584,0.00673816167,0.00584835745,0.00669855066,0,0,0,0,0,0,0,0,0,0,0,0,0,0,0,0,0,0,0,0,0,0,0,0
455,4.656000,3,1,1,0,0,3.51806641,3.51409912,3.51135254,3.51531982,3.51013184,3.51867676,3.51531982,3.50921631,3.49365234,3.49517822,3.49853516,3.48510742,3.48022461,3.47625732,3.48754883,3.49578857,0.0101718772,0.0101353116,0.0102370176,0.0112574417,0.0101344902,0.00967943761,0.01146199,0.0103997588,0.00817351695,0.00850103982,0.00810827501,0.00971451402,0.00807985291,0.00851382874,0.00794073101,0.00871230103,0,0,0,0,0,0,0,0,0,0,0,0,0,0,0,0,0,0,0,0,0,0,0,0
456,4.656000,3,1,1,0,0,3.51898193,3.515625,3.51318359,3.51593018,3.51165771,3.51989746,3.51654053,3.51043701,3.49761963,3.49487305,3.50036621,3.48449707,3.48327637,3.47930908,3.49273682,3.49945068,-0.00151744008,-0.00192527869,-0.00108161091,-0.0019223257,-0.00177570782,-0.00233168202,-0.00173094834,-0.00112490449,-0.00038969639,-0.00193626364,-0.000402541686,-0.00224021077,-0.00184383383,-0.000124496699,-0.000924022461,-0.0016444464,0,0,0,0,0,0,0,0,0,0,0,0,0,0,0,0,0,0,0,0,0,0,0,0
457,4.828000,3,1,1,0,0,3.50921631,3.50616455,3.50311279,3.50646973,3.50067139,3.51074219,3.50646973,3.50128174,3.48846436,3.48602295,3.49243164,3.47625732,3.47686768,3.47076416,3.48358154,3.48907471,0.00756614376,0.00763902534,0.00753267575,0.0066429358,0.0070218849,0.00695523899,0.00660332432,0.00717481552,0.00651532225,0.00787918828,0.00592176057,0.00650126534,0.00572889717,0.00610850472,0.00657422608,0.00685534906,0,0,0,0,0,0,0,0,0,0,0,0,0,0,0,0,0,0,0,0,0,0,0,0
458,4.828000,3,1,1,0,0,3.51043701,3.50738525,3.50524902,3.50891113,3.50280762,3.51470947,3.50952148,3.50280762,3.487854,3.4866333,3.48999023,3.4765625,3.4753418,3.47015381,3.47961426,3.48968506,0.00319132791,0.00331254653,0.00373465358,0.00373396184,0.00403236505,0.00364773069,0.00509797735,0.00312428409,0.00503409887,0.00514468644,0.00545538822,0.0045843632,0.00552537153,0.00391882705,0.00493801851,0.00574614014,0,0,0,0,0,0,0,0,0,0,0,0,0,0,0,0,0,0,0,0,0,0,0,0
459,4.828000,3,1,1,0,0,3.50891113,3.50585938,3.50311279,3.50616455,3.50128174,3.51043701,3.50616455,3.50036621,3.48266602,3.48449707,3.48449707,3.47412109,3.47045898,3.46801758,3.47839355,3.48571777,0.00144069269,0.00138783362,0.00151660503,0.00143868453,0.00196200749,0.00186031871,0.00167420832,0.00102605345,-0.000402316859,0.000330452691,-0.000999196898,0.000108683482,8.11065547e-05,0.000350774499,0.000423664111,0.000219018897,0,0,0,0,0,0,0,0,0,0,0,0,0,0,0,0,0,0,0,0,0,0,0,0
460,4.828000,3,1,1,0,0,3.50860596,3.50372314,3.50250244,3.50585938,3.50036621,3.51043701,3.50402832,3.49975586,3.48724365,3.4854126,3.48999023,3.4753418,3.47473145,3.46984863,3.48114014,3.48937988,0.000877307903,0.000609778333,0.00128957687,0.000876754988,0.000941931736,0.00108824333,0.000232310849,0.000592953642,0.00122219021,0.000759665971,0.00288093649,0.00233647553,0.00205303472,0.00115385721,0.00214049523,0.00156158907,0,0,0,0,0,0,0,0,0,0,0,0,0,0,0,0,0,0,0,0,0,0,0,0
461,4.828000,3,1,1,0,0,3.50891113,3.50585938,3.50158691,3.50616455,3.50067139,3.50982666,3.50494385,3.49945068,3.48266602,3.48449707,3.48480225,3.47412109,3.47045898,3.46832275,3.47839355,3.48602295,0.000594261102,0.000830446254,0.00156358362,0.00149291882,0.000606843969,-0.000199813279,0.00112020946,0.00131725299,0.00173843955,0.00228119921,0.00318464101,0.00194503146,0.00214399328,0.00344258989,0.00209979294,0.00313139404,0,0,0,0,0,0,0,0,0,0,0,0,0,0,0,0,0,0,0,0,0,0,0,0
462,4.828000,3,1,1,0,0,3.51043701,3.50708008,3.5055542,3.51013184,3.50402832,3.51501465,3.50921631,3.50219727,3.49151611,3.49060059,3.49334717,3.47808838,3.47961426,3.47259521,3.4866333,3.49060059,0.00571853202,0.00526490947,0.00612376351,0.00639333576,0.00644911686,0.00521249231,0.00615694048,0.0058691008,0.0049081007,0.00723290164,0.00638759322,0.00603123801,0.00503266323,0.00463380618,0.00501142209,0.00656152423,0,0,0,0,0,0,0,0,0,0,0,0,0,0,0,0,0,0,0,0,0,0,0,0
463,4.828000,3,1,1,0,0,3.51867676,3.51531982,3.51226807,3.51593018,3.51074219,3.51898193,3.51593018,3.50921631,3.49731445,3.49456787,3.49975586,3.48632812,3.48480225,3.48022461,3.49243164,3.50006104,0.00324206823,0.00316925347,0.00333700539,0.00258897664,0.00364450365,0.00283956388,0.00366782909,0.00312759238,0.00255103665,0.00327721145,0.00270825205,0.00331405271,0.00293311593,0.00403827103,0.00212288601,0.00357963308,0,0,0,0,0,0,0,0,0,0,0,0,0,0,0,0,0,0,0,0,0,0,0,0
464,4.828000,3,1,1,0,0,3.51013184,3.50616455,3.5043335,3.50921631,3.50158691,3.51409912,3.50891113,3.50219727,3.49060059,3.49029541,3.49273682,3.48052979,3.4777832,3.47259521,3.48388672,3.48937988,0.00230001053,0.00180425053,0.00231634965,0.00268700183,0.00119438185,0.00234878506,0.00261043245,0.00260523427,0.0023686206,0.00230601081,0.00117221999,0.00236961478,0.00240089605,0.00221309648,0.000447504339,0.00169537053,0,0,0,0,0,0,0,0,0,0,0,0,0,0,0,0,0,0,0,0,0,0,0,0
465,4.828000,3,1,1,0,0,3.50982666,3.50646973,3.50372314,3.50830078,3.50128174,3.51348877,3.50738525,3.50158691,3.4866333,3.48571777,3.48846436,3.47503662,3.47503662,3.46923828,3.47961426,3.48754883,0.0080313785,0.00780393835,0.00827401504,0.00826207828,0.00860682223,0.00826761499,0.0078890007,0.00818625558,0.00691803778,0.00807897653,0.0073258467,0.00768742803,0.00645665824,0.00651867595,0.00697851041,0.00839352887,0,0,0,0,0,0,0,0,0,0,0,0,0,0,0,0,0,0,0,0,0,0,0,0
466,4.828000,3,1,1,0,0,3.51013184,3.5067749,3.50311279,3.50738525,3.50006104,3.51074219,3.50708008,3.50067139,3.4866333,3.48571777,3.48419189,3.47473145,3.47320557,3.46923828,3.47808838,3.4866333,0.000930959242,0.00022802793,0.000354904099,9.73710557e-05,0.000479538343,0.00057942979,0.000481462223,-5.61575871e-06,-0.000247427612,-0.0015869888,-0.00191454508,-0.00142458628,-0.00106380123,0.000706220744,-0.0016919194,-0.000816876709,0,0,0,0,0,0,0,0,0,0,0,0,0,0,0,0,0,0,0,0,0,0,0,0
467,4.828000,3,1,1,0,0,3.50372314,3.50128174,3.4979248,3.50067139,3.49639893,3.50616455,3.50158691,3.49517822,3.48236084,3.48419189,3.48358154,3.47229004,3.47106934,3.46374512,3.47747803,3.4854126,0.00353270001,0.00333174737,0.00371413818,0.00307241804,0.00419476908,0.00392547948,0.00356681901,0.00354715437,0.00565524399,0.00537251076,0.00622653309,0.00517821033,0.00437509175,0.00306265708,0.00599514041,0.005550378,0,0,0,0,0,0,0,0,0,0,0,0,0,0,0,0,0,0,0,0,0,0,0,0
468,4.828000,3,1,1,0,0,3.50616455,3.50219727,3.49914551,3.50067139,3.49731445,3.50769043,3.50158691,3.49700928,3.48266602,3.48266602,3.48449707,3.47229004,3.46984863,3.46405029,3.47625732,3.48571777,0.00284700072,0.00241516973,0.00244355481,0.00260208594,0.00243220222,0.00133100478,0.00254911836,0.0024762617,0.00467451056,0.00274156872,0.00437047798,0.00474238582,0.00411716942,0.00419020187,0.00379942078,0.00488674454,0,0,0,0,0,0,0,0,0,0,0,0,0,0,0,0,0,0,0,0,0,0,0,0
469,4.828000,3,1,1,0,0,3.50921631,3.5055542,3.50311279,3.5055542,3.50128174,3.50982666,3.50585938,3.49945068,3.48846436,3.48480225,3.49029541,3.47595215,3.47595215,3.47045898,3.48236084,3.48907471,0.00253049913,0.00218348834,0.00256867032,0.00165855966,0.00263917982,0.00221107365,0.00285686273,0.00204243115,0.00262368238,0.00120121788,0.00345043861,0.0022703656,0.00253501302,0.00314305932,0.00275201909,0.00245306152,0,0,0,0,0,0,0,0,0,0,0,0,0,0,0,0,0,0,0,0,0,0,0,0
470,4.828000,3,1,1,0,0,3.51593018,3.51257324,3.50799561,3.51196289,3.50799561,3.51867676,3.51196289,3.50708008,3.49151611,3.49151611,3.4942627,3.48144531,3.47900391,3.47320557,3.48724365,3.49395752,0.00306500704,0.00302004651,0.00230749743,0.00236865878,0.00340376957,0.00321304402,0.00345594273,0.00359919085,0.00316962064,0.00335624418,0.00391263887,0.00321983802,0.00366074895,0.00251824153,0.00504456554,0.00276482711,0,0,0,0,0,0,0,0,0,0,0,0,0,0,0,0,0,0,0,0,0,0,0,0
471,4.828000,3,1,1,0,0,3.50769043,3.50494385,3.50158691,3.50524902,3.49975586,3.51013184,3.50494385,3.49945068,3.48632812,3.48632812,3.48876953,3.47564697,3.47442627,3.46893311,3.48114014,3.48876953,-0.0038598415,-0.0034962974,-0.0037786332,-0.00492558209,-0.00350746233,-0.00379117508,-0.00373429246,-0.00408067601,-0.00468158722,-0.00379300513,-0.00338657969,-0.00346778636,-0.00266407896,-0.00441508228,-0.00289579411,-0.00297146989,0,0,0,0,0,0,0,0,0,0,0,0,0,0,0,0,0,0,0,0,0,0,0,0
472,4.828000,3,1,1,0,0,3.50921631,3.50769043,3.50341797,3.50616455,3.50158691,3.51104736,3.5067749,3.50128174,3.48724365,3.48632812,3.48632812,3.47473145,3.47045898,3.46984863,3.4777832,3.48693848,0.00647613872,0.00637843646,0.00687151542,0.00702430541,0.00660930574,0.00658146432,0.00685806293,0.00667714607,0.0053665149,0.00647222251,0.00630703801,0.00441499427,0.00433605304,0.00551909627,0.00400158158,0.00518323341,0,0,0,0,0,0,0,0,0,0,0,0,0,0,0,0,0,0,0,0,0,0,0,0
473,4.828000,3,1,1,0,0,3.51257324,3.50982666,3.5055542,3.51043701,3.50463867,3.51470947,3.51074219,3.50250244,3.49121094,3.49029541,3.49395752,3.48144531,3.47900391,3.47290039,3.4866333,3.49090576,0.00307634054,0.00359531166,0.00393811194,0.0049395333,0.00312983524,0.00398228504,0.00436156662,0.00404612254,0.00555751007,0.00477988226,0.00556080043,0.0055827992,0.00528092962,0.00538499048,0.00592004182,0.00299591827,0,0,0,0,0,0,0,0,0,0,0,0,0,0,0,0,0,0,0,0,0,0,0,0
474,4.828000,3,1,1,0,0,3.5144043,3.51226807,3.50799561,3.51135254,3.50708008,3.51715088,3.51104736,3.50585938,3.49182129,3.49212646,3.49487305,3.48114014,3.48022461,3.47351074,3.48693848,3.4942627,-0.00168632891,-0.00045248089,-0.002000059,-0.00188812753,-0.00047145912,-0.00036877871,-0.000758952752,-0.00141974341,-0.000130720669,-0.000752801192,0.000200097275,-0.000987517647,4.22644953e-05,-0.00101302983,0.000489237427,-2.1986576e-05,0,0,0,0,0,0,0,0,0,0,0,0,0,0,0,0,0,0,0,0,0,0,0,0
475,5.000000,3,1,1,0,0,3.50524902,3.50280762,3.49731445,3.50006104,3.49700928,3.50738525,3.50219727,3.4954834,3.48114014,3.48022461,3.48449707,3.47106934,3.46954346,3.46374512,3.47717285,3.48022461,0.00207168842,0.00271588424,0.00227344595,0.00144185987,0.00282972632,0.00270393165,0.00234474661,0.00226013665,0.00222785026,0.00382001791,0.00425040722,0.00342215062,0.00213230168,0.00179620646,0.00282996707,0.00287230918,0,0,0,0,0,0,0,0,0,0,0,0,0,0,0,0,0,0,0,0,0,0,0,0
476,5.000000,3,1,1,0,0,3.50189209,3.50067139,3.49609375,3.49884033,3.49365234,3.50616455,3.50097656,3.49304199,3.48175049,3.48052979,3.48449707,3.46984863,3.46862793,3.46435547,3.47686768,3.48022461,0.000383727602,-0.000431111432,0.000486241595,1.17539603e-05,9.3673123e-05,0.000950107293,0.000861245324,-0.000324331748,0.00264583528,0.00243857224,0.00224389625,0.000475559966,0.0017179331,0.00175082055,0.00264492678,0.00131810911,0,0,0,0,0,0,0,0,0,0,0,0,0,0,0,0,0,0,0,0,0,0,0,0
477,5.000000,3,1,1,0,0,3.52081299,3.51745605,3.5144043,3.51745605,3.51165771,3.52264404,3.51806641,3.51196289,3.49700928,3.49609375,3.49914551,3.4854126,3.48175049,3.47900391,3.49182129,3.49884033,0.00693751499,0.00732326135,0.00750791188,0.00777229341,0.00662499387,0.00744452653,0.007682811,0.00788657926,0.00920681749,0.00700758584,0.00861166511,0.00819929875,0.00778235821,0.0080013182,0.0081107812,0.00773860235,0,0,0,0,0,0,0,0,0,0,0,0,0,0,0,0,0,0,0,0,0,0,0,0
478,5.000000,3,1,1,0,0,3.51654053,3.5144043,3.51013184,3.5144043,3.50891113,3.51959229,3.51257324,3.50799561,3.49212646,3.49365234,3.49395752,3.48175049,3.47869873,3.47351074,3.48724365,3.49578857,0.000397239754,-0.000354993303,0.00069778075,0.000303654233,-0.000125719394,-0.000269846903,-0.000809837307,0.00107540865,0.00117806869,0.00106517016,0.00161926216,0.000332768017,0.00174725638,0.000987416366,0.00074636098,0.00230831373,0,0,0,0,0,0,0,0,0,0,0,0,0,0,0,0,0,0,0,0,0,0,0,0
479,5.000000,3,1,1,0,0,3.51196289,3.51013184,3.50738525,3.51074219,3.50616455,3.51623535,3.51104736,3.50372314,3.49243164,3.49060059,3.49304199,3.48175049,3.47991943,3.47259521,3.48693848,3.49456787,0.00171908224,0.000573321071,0.00112466956,0.00212064339,0.00175823434,0.00210340135,0.00209839898,0.00173628842,0.00377121591,0.00268723653,0.003137419,0.00282815611,0.00408777455,0.00252266554,0.00374176004,0.00177715474,0,0,0,0,0,0,0,0,0,0,0,0,0,0,0,0,0,0,0,0,0,0,0,0
480,5.000000,3,1,1,0,0,3.51104736,3.50616455,3.5043335,3.50860596,3.50219727,3.51135254,3.50830078,3.50189209,3.49121094,3.48999023,3.49273682,3.48022461,3.47869873,3.47320557,3.48571777,3.48907471,-0.000710048596,-0.00127185974,-0.0015056422,-0.00176515279,-0.00215347437,-0.00210576784,-0.00186214724,-0.00140720431,-0.00150717865,-0.00133860135,-7.09245796e-05,-0.000883593806,-0.00160238426,-0.00084422162,-0.00141580822,-0.00118435419,0,0,0,0,0,0,0,0,0,0,0,0,0,0,0,0,0,0,0,0,0,0,0,0
481,5.000000,3,1,1,0,0,3.50067139,3.49822998,3.49487305,3.49975586,3.49273682,3.50494385,3.49914551,3.49243164,3.48114014,3.47747803,3.48327637,3.46679688,3.4664917,3.46313477,3.47320557,3.47961426,-0.00783655606,-0.00757612241,-0.00728158653,-0.00779841933,-0.00743484218,-0.00720893126,-0.0076889242,-0.00847262703,-0.00726418151,-0.00659340713,-0.00664988067,-0.00786831602,-0.00707055163,-0.0067351847,-0.00744218472,-0.0065307077,0,0,0,0,0,0,0,0,0,0,0,0,0,0,0,0,0,0,0,0,0,0,0,0
482,5.000000,3,1,1,0,0,3.50769043,3.50463867,3.50128174,3.5043335,3.50006104,3.51013184,3.50372314,3.49975586,3.48693848,3.48632812,3.48968506,3.47473145,3.47381592,3.46954346,3.48083496,3.48876953,0.0105113648,0.0104923276,0.0104052508,0.0108360229,0.010727956,0.00964225736,0.0107335448,0.010436547,0.011276654,0.0106106866,0.0124502722,0.0103552574,0.0101463115,0.0109390393,0.011434813,0.0103130611,0,0,0,0,0,0,0,0,0,0,0,0,0,0,0,0,0,0,0,0,0,0,0,0
483,5.000000,3,1,1,0,0,3.50067139,3.49731445,3.49395752,3.49853516,3.49151611,3.50402832,3.4979248,3.49243164,3.47808838,3.4765625,3.48205566,3.46557617,3.465271,3.46252441,3.47320557,3.48052979,0.00412490591,0.00401346199,0.00433381647,0.00490604062,0.00429619662,0.00411774684,0.00506706443,0.00496693607,0.00480967155,0.0056716809,0.0060470351,0.00450908393,0.0048974799,0.00565752247,0.00564719271,0.00396515336,0,0,0,0,0,0,0,0,0,0,0,0,0,0,0,0,0,0,0,0,0,0,0,0
484,5.000000,3,1,1,0,0,3.52111816,3.51867676,3.51470947,3.51837158,3.51226807,3.52416992,3.51867676,3.51318359,3.50006104,3.4967041,3.50250244,3.48937988,3.48876953,3.48236084,3.49456787,3.50036621,0.00700709876,0.00771333091,0.00738417404,0.00756347924,0.0078418795,0.00783047173,0.0080489805,0.00782035943,0.00778492633,0.00726157334,0.00843227655,0.0085998103,0.00865815021,0.00720171165,0.00921828393,0.00844040513,0,0,0,0,0,0,0,0,0,0,0,0,0,0,0,0,0,0,0,0,0,0,0,0
485,5.000000,3,1,1,0,0,3.51593018,3.51379395,3.50921631,3.51196289,3.50738525,3.51837158,3.51257324,3.50708008,3.49151611,3.49273682,3.49334717,3.48175049,3.47869873,3.47473145,3.48602295,3.49517822,0.000906964473,0.00134611619,0.00127041107,0.000830454985,0.00127191935,0.00131949142,0.000932487776,0.00135009072,0.00266710785,0.00226896186,0.00226735231,0.00184141379,0.0023812009,0.00173269352,0.000927777728,0.00245570042,0,0,0,0,0,0,0,0,0,0,0,0,0,0,0,0,0,0,0,0,0,0,0,0
486,5.000000,3,1,1,0,0,3.51074219,3.50585938,3.50372314,3.50830078,3.50219727,3.51165771,3.50738525,3.50280762,3.49029541,3.48632812,3.49212646,3.47991943,3.47717285,3.47229004,3.48388672,3.48999023,0.00322054233,0.00322253443,0.00337998942,0.00347124413,0.00279288972,0.00386592047,0.0035466589,0.00367839774,0.00368042989,0.00205676327,0.00320183905,0.00314103556,0.00389100099,0.00421726052,0.00361015974,0.00351752527,0,0,0,0,0,0,0,0,0,0,0,0,0,0,0,0,0,0,0,0,0,0,0,0
487,5.000000,3,1,1,0,0,3.50463867,3.50128174,3.49884033,3.50006104,3.49731445,3.50738525,3.50128174,3.49456787,3.48144531,3.48419189,3.48449707,3.47229004,3.47076416,3.46374512,3.47717285,3.4854126,-0.00391699746,-0.00363281509,-0.00347277848,-0.00424080435,-0.00341066555,-0.00453008199,-0.00383249158,-0.00453388505,-0.00288301404,-0.00253628613,-0.00482619414,-0.00314965844,-0.00412695762,-0.0034763196,-0.00375904376,-0.00323306327,0,0,0,0,0,0,0,0,0,0,0,0,0,0,0,0,0,0,0,0,0,0,0,0
488,5.000000,3,1,1,0,0,3.50585938,3.50250244,3.49914551,3.50250244,3.4967041,3.50769043,3.50189209,3.49578857,3.48205566,3.47991943,3.48327637,3.47045898,3.46984863,3.46405029,3.47717285,3.48052979,-0.000992377987,-0.00168536557,-0.00146438787,-0.00164954108,-0.00235331594,-0.00166872446,-0.00178411813,-0.00156672834,-0.00423222315,-0.00311561162,-0.00394068472,-0.00383174419,-0.00385512412,-0.00199144403,-0.00463493541,-0.00394708524,0,0,0,0,0,0,0,0,0,0,0,0,0,0,0,0,0,0,0,0,0,0,0,0
489,5.000000,3,1,1,0,0,3.50769043,3.5055542,3.50097656,3.5043335,3.49975586,3.50891113,3.50463867,3.49884033,3.48327637,3.48388672,3.48510742,3.47412109,3.46954346,3.46405029,3.47686768,3.48480225,0.00345301582,0.00345453899,0.00335383043,0.00336407032,0.00357598159,0.00259141903,0.00275097648,0.00335628353,0.002140417,0.00473094452,0.00109047338,0.0046953531,0.00168819982,0.00198023766,0.0015716952,0.00285270717,0,0,0,0,0,0,0,0,0,0,0,0,0,0,0,0,0,0,0,0,0,0,0,0
490,5.000000,3,1,1,0,0,3.51196289,3.51043701,3.50738525,3.50921631,3.5055542,3.51531982,3.51043701,3.50280762,3.49243164,3.49090576,3.49304199,3.48083496,3.47930908,3.47351074,3.48632812,3.48999023,0.00321777817,0.00410059514,0.00391623052,0.00328852516,0.00347923022,0.00354325632,0.00423376355,0.00335579552,0.00503592473,0.00417687651,0.00412311358,0.00491076289,0.00364954607,0.00343983294,0.0054849945,0.00324025494,0,0,0,0,0,0,0,0,0,0,0,0,0,0,0,0,0,0,0,0,0,0,0,0
491,5.000000,3,1,1,0,0,3.51257324,3.50891113,3.50585938,3.51013184,3.50494385,3.51623535,3.51074219,3.50372314,3.49121094,3.49060059,3.49487305,3.48175049,3.47900391,3.47320557,3.4866333,3.49212646,0.00324500795,0.00251357211,0.00304630771,0.0037083088,0.002627498,0.00244916789,0.00356327789,0.00355934585,0.00529587315,0.00458933227,0.00599072967,0.0044529764,0.0043859221,0.00510409661,0.00436808774,0.00263381121,0,0,0,0,0,0,0,0,0,0,0,0,0,0,0,0,0,0,0,0,0,0,0,0
492,5.172000,3,1,1,0,0,3.51379395,3.51135254,3.50769043,3.51135254,3.50708008,3.51776123,3.51104736,3.50524902,3.49121094,3.49060059,3.49273682,3.48114014,3.47869873,3.47412109,3.48632812,3.49121094,0.000298372936,-0.000446350226,0.000104824139,0.000594628393,0.000729500782,3.55888042e-05,0.000509004283,0.000458150898,0.000973022252,0.00077804696,0.00229088147,0.000434632675,0.00230521616,0.00263696862,0.00183847477,0.00149556459,0,0,0,0,0,0,0,0,0,0,0,0,0,0,0,0,0,0,0,0,0,0,0,0
493,5.172000,3,1,1,0,0,3.5055542,3.50250244,3.49975586,3.50250244,3.49700928,3.50860596,3.50067139,3.49731445,3.48297119,3.48236084,3.48449707,3.47229004,3.46954346,3.46801758,3.4765625,3.48602295,0.000264736358,0.000823753653,0.000699497876,0.000633541844,0.00019362336,0.000725902442,-0.000304900168,0.0011890009,0.00230157399,0.00161535142,0.00223385077,0.0016529545,-0.000359153055,0.00252947444,0.00079118862,0.00159124692,0,0,0,0,0,0,0,0,0,0,0,0,0,0,0,0,0,0,0,0,0,0,0,0
494,5.172000,3,1,1,0,0,3.51593018,3.51318359,3.50982666,3.51348877,3.50769043,3.51776123,3.51196289,3.50769043,3.49151611,3.49304199,3.49456787,3.48388672,3.48083496,3.47412109,3.4866333,3.49578857,0.00331026735,0.00310947234,0.00304096122,0.00312245754,0.00309168454,0.00202163099,0.00367254927,0.00328977895,0.00336736627,0.00295419758,0.00379714556,0.00260325498,0.00305847544,0.00306581566,0.00300486479,0.00313259033,0,0,0,0,0,0,0,0,0,0,0,0,0,0,0,0,0,0,0,0,0,0,0,0
495,5.172000,3,1,1,0,0,3.50280762,3.49975586,3.49609375,3.49945068,3.49578857,3.50616455,3.50067139,3.49365234,3.48144531,3.48144531,3.48510742,3.47167969,3.47015381,3.46435547,3.4765625,3.48449707,0.000348448986,-0.000147160375,-0.00017820613,0.000113520189,0.000493338681,0.000770510407,0.000337629579,0.000323277316,0.000723274192,0.00113372656,0.00191431982,0.00122273644,0.00209658919,0.000939622056,0.00147679087,0.000875977799,0,0,0,0,0,0,0,0,0,0,0,0,0,0,0,0,0,0,0,0,0,0,0,0
496,5.172000,3,1,1,0,0,3.50830078,3.5055542,3.50280762,3.50616455,3.50067139,3.51043701,3.50463867,3.50036621,3.48754883,3.48480225,3.49060059,3.47473145,3.47473145,3.47198486,3.47930908,3.48968506,0.00488092704,0.00503411563,0.0053034625,0.00573757617,0.0052612382,0.004649668,0.00421208516,0.00582952425,0.00555977318,0.00506920367,0.00778275123,0.00578973396,0.00583135849,0.00516206166,0.00565617532,0.00595120294,0,0,0,0,0,0,0,0,0,0,0,0,0,0,0,0,0,0,0,0,0,0,0,0
497,5.172000,3,1,1,0,0,3.51379395,3.50860596,3.50616455,3.50952148,3.50585938,3.51593018,3.51104736,3.50341797,3.49121094,3.49121094,3.49395752,3.48052979,3.47839355,3.47290039,3.48724365,3.49060059,0.00307321432,0.00261147157,0.003660955,0.00356585043,0.0036718538,0.00335941813,0.00390396756,0.00253077899,0.00520068966,0.00501236459,0.00435969979,0.00539939897,0.00495661702,0.00425874908,0.00527432514,0.0042498284,0,0,0,0,0,0,0,0,0,0,0,0,0,0,0,0,0,0,0,0,0,0,0,0
498,5.172000,3,1,1,0,0,3.51409912,3.51196289,3.50708008,3.51074219,3.5067749,3.51806641,3.51226807,3.50585938,3.49090576,3.49060059,3.49395752,3.48052979,3.47869873,3.47290039,3.48571777,3.49060059,-0.00123328983,-0.000530496298,-0.000751217071,-0.00081948482,-0.00104083307,2.04384705e-05,-0.000575447455,2.33022729e-06,-0.00213702302,-0.00126265059,-0.000495096436,-0.0018417039,-0.000936381402,-0.000431006454,-0.00231837435,-0.00127945351,0,0,0,0,0,0,0,0,0,0,0,0,0,0,0,0,0,0,0,0,0,0,0,0
499,5.172000,3,1,1,0,0,3.50585938,3.50250244,3.50006104,3.50219727,3.4979248,3.50860596,3.50097656,3.49761963,3.48327637,3.4854126,3.48632812,3.47625732,3.47076416,3.46801758,3.47686768,3.48724365,0.000762345502,0.000187504571,-9.29083326e-05,-8.23834853e-05,0.000679611519,0.000665838772,0.000324809516,0.00106031424,0.00100184185,0.00234672823,0.000924207037,0.00238096784,0.000520140864,0.00101102097,0.00119879353,0.00144020608,0,0,0,0,0,0,0,0,0,0,0,0,0,0,0,0,0,0,0,0,0,0,0,0
500,5.172000,3,1,1,0,0,3.50982666,3.50616455,3.50280762,3.50738525,3.50067139,3.51257324,3.50708008,3.50067139,3.4866333,3.4854126,3.48571777,3.47595215,3.47442627,3.46832275,3.47747803,3.4866333,0.00106335315,0.000864665199,0.000730081694,0.00182817411,0.000661723432,0.00129440473,0.00115930988,0.00147598446,0.00138585339,-0.000160752359,0.00041351479,0.000189344108,0.00176082447,0.00193686353,0.000337266945,0.00103588321,0,0,0,0,0,0,0,0,0,0,0,0,0,0,0,0,0,0,0,0,0,0,0,0
501,5.172000,3,1,1,0,0,3.50585938,3.50189209,3.49914551,3.50097656,3.49700928,3.50830078,3.50097656,3.49700928,3.48266602,3.48480225,3.48449707,3.47320557,3.46954346,3.46466064,3.47686768,3.48571777,-0.000293333665,-0.000499124406,-0.000170619925,-0.00163729221,-0.00079066644,0.00012830284,-0.00123102253,-0.000591156888,-0.00150030665,-0.000507054734,-0.00226292363,-0.00106653688,-0.000822560512,-0.00206347392,-0.00114689674,-0.000402303529,0,0,0,0,0,0,0,0,0,0,0,0,0,0,0,0,0,0,0,0,0,0,0,0
502,5.172000,3,1,1,0,0,3.51013184,3.50708008,3.50250244,3.50616455,3.50158691,3.51165771,3.5067749,3.50036621,3.48632812,3.48571777,3.4854126,3.47595215,3.47045898,3.46923828,3.4777832,3.48754883,0.0029271692,0.00316889118,0.00217525195,0.0023370462,0.00261357334,0.00304352818,0.00262975506,0.00265682116,-0.000256194326,0.00226311805,-0.000999578857,0.00180486275,0.00059284328,0.00123310101,2.57457141e-05,0.000840669149,0,0,0,0,0,0,0,0,0,0,0,0,0,0,0,0,0,0,0,0,0,0,0,0
503,5.172000,3,1,1,0,0,3.51745605,3.51501465,3.51104736,3.51593018,3.51013184,3.51989746,3.51318359,3.50952148,3.49609375,3.49456787,3.49761963,3.48571777,3.48083496,3.47503662,3.487854,3.4954834,0.00876259711,0.00921015535,0.00830930844,0.00870699808,0.00851813611,0.00842157472,0.00771683594,0.008406871,0.00597018283,0.00669649756,0.00603763619,0.00727920188,0.00571984518,0.00439923257,0.0066399104,0.00551703479,0,0,0,0,0,0,0,0,0,0,0,0,0,0,0,0,0,0,0,0,0,0,0,0
504,5.172000,3,1,1,0,0,3.51531982,3.51318359,3.50952148,3.51348877,3.50738525,3.51837158,3.51074219,3.50769043,3.49273682,3.49304199,3.49304199,3.48388672,3.48052979,3.47473145,3.4866333,3.49609375,-0.00193032448,-0.00120695075,-0.00241256226,-0.00121536851,-0.00168044749,-0.000858883199,-0.00114048109,-0.00157192862,-0.00108695286,-0.00145672681,-0.00174545706,-7.58911483e-05,-0.00132493791,-0.00105430419,-0.000688479166,-0.000897073303,0,0,0,0,0,0,0,0,0,0,0,0,0,0,0,0,0,0,0,0,0,0,0,0
505,5.172000,3,1,1,0,0,3.52020264,3.5168457,3.51348877,3.51898193,3.51196289,3.52325439,3.51776123,3.51287842,3.50036621,3.49609375,3.50250244,3.48571777,3.48693848,3.48266602,3.4954834,3.50067139,-0.000774893095,-0.000236313077,-0.000264088536,-5.33229031e-05,-0.000586792477,0.000621809741,-0.000685413717,-0.000136466944,-0.000806469703,0.000656492251,-9.60945908e-05,-0.000275808328,-0.000787298894,-0.000750976091,0.000447961676,-0.000319252053,0,0,0,0,0,0,0,0,0,0,0,0,0,0,0,0,0,0,0,0,0,0,0,0
506,5.172000,3,1,1,0,0,3.51501465,3.51226807,3.50860596,3.51135254,3.50769043,3.51867676,3.51226807,3.50524902,3.49121094,3.49151611,3.49365234,3.48114014,3.47900391,3.47290039,3.48754883,3.49121094,0.00476922607,0.00385474623,0.00400453061,0.0038045668,0.00388811994,0.00476010563,0.00433917111,0.0041564703,0.00255792588,0.00350473123,0.00234923302,0.00313231186,0.00202184403,0.00214474089,0.0023738707,0.00291344221,0,0,0,0,0,0,0,0,0,0,0,0,0,0,0,0,0,0,0,0,0,0,0,0
507,5.172000,3,1,1,0,0,3.515625,3.51226807,3.50921631,3.51196289,3.50769043,3.51837158,3.51165771,3.5055542,3.49182129,3.49182129,3.49334717,3.48052979,3.48022461,3.47259521,3.48693848,3.49029541,-8.04580341e-05,3.4640645e-05,-0.000217961075,-8.07769029e-05,-0.00036050356,5.05257558e-05,9.66313237e-05,-0.000209007572,0.001085183,0.000435856433,0.00105512352,0.000648341083,0.00156169408,0.000465197809,0.000994116184,3.778463e-05,0,0,0,0,0,0,0,0,0,0,0,0,0,0,0,0,0,0,0,0,0,0,0,0
508,5.172000,3,1,1,0,0,3.515625,3.51348877,3.51013184,3.51287842,3.50799561,3.51898193,3.51226807,3.50769043,3.49304199,3.49212646,3.49395752,3.48510742,3.48052979,3.4765625,3.48693848,3.49609375,0.00540955318,0.00646048132,0.00595165649,0.00594108133,0.00637945067,0.00607095193,0.0047582183,0.00603391835,0.00383043685,0.0050185821,0.003793546,0.00629271846,0.00310938619,0.00458270218,0.00322675216,0.00608304888,0,0,0,0,0,0,0,0,0,0,0,0,0,0,0,0,0,0,0,0,0,0,0,0
509,5.344000,3,1,1,0,0,3.51409912,3.51196289,3.50860596,3.51257324,3.50738525,3.51776123,3.51013184,3.50524902,3.49151611,3.49182129,3.49365234,3.48236084,3.48052979,3.47412109,3.48602295,3.49243164,0.000933082891,0.000710290682,0.00101615512,0.00105277239,0.000122297759,0.000379251782,0.000772657222,0.000521086215,0.00260493415,0.00157571735,0.00167484698,0.00174677302,0.00275799609,0.00204984285,0.00168648432,0.0016544438,0,0,0,0,0,0,0,0,0,0,0,0,0,0,0,0,0,0,0,0,0,0,0,0
510,5.344000,3,1,1,0,0,3.50952148,3.50646973,3.50250244,3.50616455,3.50006104,3.51074219,3.5067749,3.50067139,3.4854126,3.48510742,3.4854126,3.4753418,3.47015381,3.46832275,3.4777832,3.48602295,0.00703637814,0.00711835548,0.00748326536,0.00694931624,0.00724316575,0.00643689232,0.00747902598,0.00727624446,0.00765791209,0.0062809675,0.00673006754,0.00660893647,0.00487403106,0.00566949137,0.0064833099,0.00662842952,0,0,0,0,0,0,0,0,0,0,0,0,0,0,0,0,0,0,0,0,0,0,0,0
511,5.344000,3,1,1,0,0,3.5043335,3.50097656,3.49609375,3.50067139,3.49578857,3.50708008,3.50097656,3.49456787,3.48144531,3.48022461,3.48449707,3.47167969,3.46893311,3.46343994,3.47686768,3.48419189,-0.00523333065,-0.00547933625,-0.00559471175,-0.00580870453,-0.00600350136,-0.00584830251,-0.00610744534,-0.0049525355,-0.00520636747,-0.00466886815,-0.00519291405,-0.00470104208,-0.00631097984,-0.00563798426,-0.00578817911,-0.0044475426,0,0,0,0,0,0,0,0,0,0,0,0,0,0,0,0,0,0,0,0,0,0,0,0
512,5.344000,3,1,1,0,0,3.52539062,3.52233887,3.51898193,3.52264404,3.51654053,3.52874756,3.52111816,3.51501465,3.50250244,3.50189209,3.50463867,3.49182129,3.48968506,3.48327637,3.49700928,3.5055542,-0.00120151893,-0.00137004349,-0.0012615571,-0.00159926573,-0.00231239153,-0.0017117064,-0.00209902413,-0.00171044969,-0.00208815164,-0.00265810639,-0.00113038265,-0.00248527294,-0.000831757556,-0.00113465823,-0.001150631,-0.00172181684,0,0,0,0,0,0,0,0,0,0,0,0,0,0,0,0,0,0,0,0,0,0,0,0
513,5.344000,3,1,1,0,0,3.50585938,3.50280762,3.49975586,3.50158691,3.49700928,3.50830078,3.50097656,3.49700928,3.4854126,3.48327637,3.4854126,3.47442627,3.47015381,3.46466064,3.47686768,3.4854126,-0.00251164497,-0.00272195833,-0.00262130448,-0.00339596136,-0.00333647197,-0.00392605411,-0.00321870926,-0.00311826798,-0.00128713273,-0.00267565483,-0.00232635764,-0.00261875032,-0.00200584973,-0.0010852362,-0.00257977028,-0.000877847604,0,0,0,0,0,0,0,0,0,0,0,0,0,0,0,0,0,0,0,0,0,0,0,0
514,5.344000,3,1,1,0,0,3.50708008,3.5043335,3.50158691,3.5043335,3.49822998,3.50891113,3.50341797,3.49853516,3.48754883,3.48571777,3.48876953,3.4765625,3.47442627,3.46893311,3.47808838,3.48846436,-0.00223954092,-0.00218192651,-0.00157292432,-0.00303668203,-0.00225497875,-0.00261848769,-0.00293087144,-0.00227392791,-0.000586981419,-0.00122154865,-0.000897149672,-0.000799822679,-0.000752867491,-0.00244189915,-0.00183176622,-0.000495258835,0,0,0,0,0,0,0,0,0,0,0,0,0,0,0,0,0,0,0,0,0,0,0,0
515,5.344000,3,1,1,0,0,3.50311279,3.50067139,3.49639893,3.50097656,3.4954834,3.50646973,3.50158691,3.4942627,3.48114014,3.47808838,3.48358154,3.46710205,3.46923828,3.46405029,3.47503662,3.48022461,-0.00656632334,-0.00588810537,-0.00679385429,-0.00652526598,-0.00567067321,-0.00576296449,-0.00573686045,-0.00618382869,-0.00561183691,-0.00643673446,-0.00532965735,-0.00693971291,-0.00546530774,-0.00531409448,-0.00606643362,-0.00610038498,0,0,0,0,0,0,0,0,0,0,0,0,0,0,0,0,0,0,0,0,0,0,0,0
516,5.344000,3,1,1,0,0,3.50982666,3.50616455,3.50372314,3.50708008,3.50189209,3.51074219,3.50646973,3.50036621,3.48846436,3.48571777,3.48999023,3.47625732,3.47564697,3.47229004,3.48266602,3.48999023,0.000578307605,0.00061036594,0.00166806229,0.000762717449,0.000976818614,0.000806766562,0.000224167859,0.000321027153,0.00195572805,0.00105895195,0.00209807232,0.00155128189,0.00240137079,0.00277187373,0.000338489917,0.00286897435,0,0,0,0,0,0,0,0,0,0,0,0,0,0,0,0,0,0,0,0,0,0,0,0
517,5.344000,3,1,1,0,0,3.51348877,3.51196289,3.50738525,3.51013184,3.50616455,3.5168457,3.51196289,3.50280762,3.49090576,3.48815918,3.49243164,3.48052979,3.47808838,3.47320557,3.4854126,3.48999023,0.00425692275,0.00472064689,0.00435909303,0.00451904815,0.00383456191,0.00396014052,0.00452353992,0.00368356192,0.00368158752,0.00314730965,0.00135011575,0.00321617816,0.00367978844,0.00266491203,0.00190396549,0.0025442359,0,0,0,0,0,0,0,0,0,0,0,0,0,0,0,0,0,0,0,0,0,0,0,0
518,5.344000,3,1,1,0,0,3.51745605,3.51409912,3.51043701,3.51470947,3.50952148,3.51898193,3.51287842,3.50830078,3.49243164,3.49365234,3.49395752,3.48388672,3.48083496,3.4765625,3.48754883,3.4967041,0.000173699344,0.000947156979,-0.000134247181,0.000183761003,0.000689366949,0.000956421776,0.000825408788,0.000406438485,0.000408889522,0.00023560581,-0.000538730179,0.000207897625,-7.43453711e-05,0.00030699771,-7.57067173e-05,-0.00011737083,0,0,0,0,0,0,0,0,0,0,0,0,0,0,0,0,0,0,0,0,0,0,0,0
519,5.344000,3,1,1,0,0,3.52233887,3.51959229,3.515625,3.51959229,3.51531982,3.52539062,3.52020264,3.51409912,3.50128174,3.50006104,3.50097656,3.48693848,3.48846436,3.48297119,3.4954834,3.50280762,0.00624026638,0.00652689068,0.00576265668,0.00563829392,0.00639271829,0.00593662402,0.00597361522,0.00507733691,0.00634054467,0.00586324558,0.00503059104,0.0058078086,0.00546869356,0.005534539,0.00607261993,0.0049946066,0,0,0,0,0,0,0,0,0,0,0,0,0,0,0,0,0,0,0,0,0,0,0,0
520,5.344000,3,1,1,0,0,3.5055542,3.50250244,3.50006104,3.50280762,3.49700928,3.50769043,3.50189209,3.49609375,3.48297119,3.4854126,3.4854126,3.47564697,3.47015381,3.46832275,3.4777832,3.48693848,0.00121852127,0.00134262466,0.00173527771,0.00145700318,0.00137597905,0.00182738237,0.00198387098,0.00175901246,0.00262756506,0.00135463325,0.00268339808,0.0021285913,0.00185820111,0.00259381696,0.00225757225,0.00258048903,0,0,0,0,0,0,0,0,0,0,0,0,0,0,0,0,0,0,0,0,0,0,0,0
521,5.344000,3,1,1,0,0,3.50738525,3.50463867,3.50097656,3.50463867,3.49884033,3.51013184,3.50280762,3.49945068,3.4866333,3.48632812,3.48876953,3.47595215,3.47442627,3.46954346,3.47869873,3.48876953,0.0014201575,0.00100588705,0.00164916553,0.0016944455,0.000885383168,0.00129795889,0.000735148496,0.00172099308,0.00296864798,0.00150942104,0.00290225213,0.00222403416,0.00316159567,0.00330204074,0.00151836267,0.00197094912,0,0,0,0,0,0,0,0,0,0,0,0,0,0,0,0,0,0,0,0,0,0,0,0
522,5.344000,3,1,1,0,0,3.50463867,3.50189209,3.49609375,3.49975586,3.4967041,3.5067749,3.50158691,3.4942627,3.48144531,3.47808838,3.48419189,3.47045898,3.46923828,3.46374512,3.47503662,3.48144531,-0.00568817509,-0.00598763349,-0.00665952358,-0.00682191551,-0.00577299483,-0.00641585654,-0.00688035367,-0.00562985707,-0.00582588557,-0.00590925757,-0.00606842758,-0.00391758606,-0.00603435421,-0.00594555587,-0.00675424188,-0.00508912234,0,0,0,0,0,0,0,0,0,0,0,0,0,0,0,0,0,0,0,0,0,0,0,0
523,5.344000,3,1,1,0,0,3.50341797,3.50250244,3.49700928,3.50067139,3.49700928,3.50799561,3.50067139,3.49609375,3.48266602,3.48052979,3.48480225,3.47167969,3.46893311,3.46282959,3.4765625,3.48083496,-0.000799739209,-0.00109170133,-0.00168894418,-0.00160232256,-0.000997285242,-0.000528619101,-0.00223063165,-0.00101588643,-0.00253789872,-0.00268146512,-0.00218759826,-0.00210421672,-0.00216201204,-0.00275470386,-0.00166817382,-0.00322378054,0,0,0,0,0,0,0,0,0,0,0,0,0,0,0,0,0,0,0,0,0,0,0,0
524,5.344000,3,1,1,0,0,3.51074219,3.50616455,3.50463867,3.50830078,3.50158691,3.51104736,3.50830078,3.50158691,3.48937988,3.4866333,3.49304199,3.47930908,3.4765625,3.47167969,3.48327637,3.49121094,0.0105589163,0.00965804514,0.0108962758,0.0105644371,0.00999966729,0.00999015756,0.0107901897,0.0102080964,0.0110710766,0.0104692187,0.0114130685,0.0108759329,0.00942074414,0.00925936084,0.00996339228,0.0098536564,0,0,0,0,0,0,0,0,0,0,0,0,0,0,0,0,0,0,0,0,0,0,0,0
525,5.344000,3,1,1,0,0,3.51715088,3.51409912,3.51074219,3.5144043,3.50952148,3.51989746,3.51226807,3.50830078,3.49273682,3.4942627,3.49487305,3.48236084,3.47930908,3.47442627,3.48815918,3.49487305,0.00705961138,0.00724539999,0.00714629609,0.00756232813,0.00725230295,0.00696699927,0.00666067796,0.00715305563,0.0064064879,0.00691581704,0.00615646597,0.00723283272,0.00585370092,0.00609351648,0.00781789701,0.00666991342,0,0,0,0,0,0,0,0,0,0,0,0,0,0,0,0,0,0,0,0,0,0,0,0
526,5.516000,3,1,1,0,0,3.51776123,3.51593018,3.51165771,3.515625,3.50891113,3.51928711,3.515625,3.51013184,3.49273682,3.49517822,3.49456787,3.48297119,3.48022461,3.47564697,3.487854,3.49578857,-0.00351475412,-0.00288352766,-0.00346481614,-0.00258330675,-0.00393007556,-0.00262812269,-0.00254494557,-0.00267095771,-0.0026212486,-0.00363151124,-0.00299870595,-0.00537186069,-0.00326786796,-0.00303425337,-0.00344250351,-0.00340856845,0,0,0,0,0,0,0,0,0,0,0,0,0,0,0,0,0,0,0,0,0,0,0,0
527,5.516000,3,1,1,0,0,3.50250244,3.50097656,3.49822998,3.50036621,3.49609375,3.5067749,3.50067139,3.49456787,3.48236084,3.48175049,3.48388672,3.47137451,3.47015381,3.46313477,3.4765625,3.4854126,-0.00181965937,-0.00221327879,-0.0015036189,-0.00109588425,-0.00189324585,-0.00147498457,-0.00224849069,-0.00163304457,-0.000797544722,-0.00163215888,-0.000737507478,-0.00121233822,-0.00176812871,-0.000951040362,-0.00218201894,-0.00060850865,0,0,0,0,0,0,0,0,0,0,0,0,0,0,0,0,0,0,0,0,0,0,0,0
528,5.516000,3,1,1,0,0,3.50738525,3.50494385,3.50189209,3.50494385,3.50006104,3.50982666,3.50402832,3.49884033,3.487854,3.48510742,3.48937988,3.4753418,3.47503662,3.46984863,3.48114014,3.48907471,-0.00248419563,-0.00270715775,-0.00182174193,-0.00186322792,-0.00230317563,-0.0026103477,-0.00210210984,-0.00201310404,0.000161502685,-0.00144081877,0.000501888106,-0.00166150939,0.000449199812,0.000138245407,0.001248074,-0.00113917387,0,0,0,0,0,0,0,0,0,0,0,0,0,0,0,0,0,0,0,0,0,0,0,0
529,5.516000,3,1,1,0,0,3.50524902,3.50189209,3.49884033,3.50158691,3.49700928,3.50830078,3.50128174,3.49700928,3.48144531,3.48449707,3.48449707,3.47137451,3.47076416,3.46710205,3.47717285,3.4854126,-0.00119196204,-0.000822851784,-0.000341004517,-0.000512724859,-0.00102382223,-0.00106269098,2.54980987e-05,-0.000135270762,0.000246389885,-0.000262515387,0.000391995418,-0.00109486259,0.00051949505,0.00128963683,5.75464801e-05,0.000275564787,0,0,0,0,0,0,0,0,0,0,0,0,0,0,0,0,0,0,0,0,0,0,0,0
530,5.516000,3,1,1,0,0,3.51013184,3.5067749,3.5043335,3.50860596,3.50158691,3.5144043,3.50830078,3.50219727,3.48754883,3.48480225,3.48907471,3.47564697,3.47412109,3.47015381,3.48175049,3.48937988,-0.00291942479,-0.00288016931,-0.00285864575,-0.00247186376,-0.00335598644,-0.00242580334,-0.00312985457,-0.00281131663,-0.00381534826,-0.00464642001,-0.00388670899,-0.00424098456,-0.00397743052,-0.00343422685,-0.00398114603,-0.00440477347,0,0,0,0,0,0,0,0,0,0,0,0,0,0,0,0,0,0,0,0,0,0,0,0
531,5.516000,3,1,1,0,0,3.51318359,3.51165771,3.50616455,3.51043701,3.50585938,3.51715088,3.51043701,3.50341797,3.49121094,3.49090576,3.49304199,3.48022461,3.47930908,3.47412109,3.48571777,3.48937988,-0.0022164667,-0.00252148812,-0.00242798519,-0.00237931544,-0.00343335257,-0.00216389354,-0.00251979078,-0.00213784119,-0.00166176353,-0.0015355323,-0.00195559952,-0.00212943298,-0.00188795687,-0.00145397603,-0.00181172974,-0.00168994593,0,0,0,0,0,0,0,0,0,0,0,0,0,0,0,0,0,0,0,0,0,0,0,0
532,5.516000,3,1,1,0,0,3.5055542,3.50189209,3.49822998,3.50189209,3.49731445,3.50738525,3.50097656,3.4954834,3.48114014,3.48175049,3.48480225,3.47167969,3.47106934,3.46374512,3.47686768,3.48510742,-0.00264979783,-0.00366511615,-0.00310347741,-0.00348500791,-0.00292079384,-0.00371810235,-0.00215370813,-0.00316600339,-0.000957025273,-0.00189594261,-0.000781590235,-0.00148394227,-0.00051021378,-0.00107566046,-0.000650309783,-0.00200971519,0,0,0,0,0,0,0,0,0,0,0,0,0,0,0,0,0,0,0,0,0,0,0,0
533,5.516000,3,1,1,0,0,3.51196289,3.50952148,3.50524902,3.50891113,3.50341797,3.51531982,3.50860596,3.50372314,3.49243164,3.48999023,3.49304199,3.48052979,3.47839355,3.47351074,3.48632812,3.49090576,-0.00125301583,-0.00118772441,-0.00176314218,-0.00118221657,-0.00147954584,-0.00137733819,-0.00182001153,-0.00155656412,-0.00153994758,-4.96248103e-05,-0.00162957853,-0.00107864931,-0.00198735436,-0.000493432162,-0.00127511052,-0.00116940797,0,0,0,0,0,0,0,0,0,0,0,0,0,0,0,0,0,0,0,0,0,0,0,0
534,5.516000,3,1,1,0,0,3.50311279,3.50189209,3.49884033,3.50067139,3.49639893,3.50646973,3.50097656,3.49517822,3.48175049,3.48266602,3.48327637,3.47167969,3.47015381,3.46405029,3.47686768,3.48480225,-0.000393062743,-0.000327042886,-0.000541102141,-0.000119125965,-0.000126762054,-2.04127864e-05,-0.000971175614,-0.000267783063,-0.000722898636,-0.000321873405,-0.00190629624,-6.35818287e-05,-0.00055898662,-0.000269236189,-0.00116858142,0.00076214975,0,0,0,0,0,0,0,0,0,0,0,0,0,0,0,0,0,0,0,0,0,0,0,0
535,5.516000,3,1,1,0,0,3.50402832,3.50219727,3.49853516,3.50128174,3.49761963,3.50738525,3.50128174,3.4954834,3.48205566,3.47961426,3.48419189,3.47045898,3.46893311,3.46374512,3.4765625,3.48419189,0.00209391699,0.00222862605,0.00187761686,0.00207220321,0.00246105972,0.00173649902,0.00118246069,0.00204801024,0.00106662477,0.00182479352,0.000804660318,0.00202597072,0.000401897443,0.00226970203,0.00161175861,0.0022444257,0,0,0,0,0,0,0,0,0,0,0,0,0,0,0,0,0,0,0,0,0,0,0,0
536,5.516000,3,1,1,0,0,3.50952148,3.50585938,3.50250244,3.50708008,3.50128174,3.51013184,3.5067749,3.50036621,3.48297119,3.48449707,3.48449707,3.47503662,3.47045898,3.4677124,3.4777832,3.48632812,-1.40549382e-05,-7.9877791e-05,0.000457660179,0.000577371335,-0.000572352437,-0.000712762412,0.000104653998,0.000679239281,0.00179958402,2.06716359e-05,0.0020261074,0.00208144588,0.000586114824,0.00178175617,0.00104229723,0.00210037245,0,0,0,0,0,0,0,0,0,0,0,0,0,0,0,0,0,0,0,0,0,0,0,0
537,5.516000,3,1,1,0,0,3.50463867,3.50250244,3.4979248,3.50189209,3.49731445,3.50708008,3.50036621,3.49609375,3.48236084,3.48052979,3.48388672,3.47045898,3.46923828,3.46343994,3.47564697,3.48083496,-0.00214602845,-0.00240070932,-0.00218707277,-0.00224710745,-0.00257606665,-0.00269978913,-0.0028702782,-0.00139162038,-0.000755286659,-0.000806266791,-0.0010450983,-0.00157539279,-0.00138955819,-0.000817637425,-0.00277563278,-0.000780846225,0,0,0,0,0,0,0,0,0,0,0,0,0,0,0,0,0,0,0,0,0,0,0,0
538,5.516000,3,1,1,0,0,3.51654053,3.51287842,3.51074219,3.5144043,3.50921631,3.51867676,3.51287842,3.50769043,3.49243164,3.49395752,3.49761963,3.48419189,3.47869873,3.47503662,3.48632812,3.4954834,0.0055222339,0.00454959087,0.00482900999,0.00583702372,0.00467938464,0.00563927647,0.00509694126,0.00516367191,0.00463199662,0.00442762207,0.00322272605,0.0034052534,0.00448495569,0.00544979516,0.00422857283,0.00412672525,0,0,0,0,0,0,0,0,0,0,0,0,0,0,0,0,0,0,0,0,0,0,0,0
539,5.516000,3,1,1,0,0,3.515625,3.51287842,3.51013184,3.51226807,3.50738525,3.51806641,3.51196289,3.5067749,3.49304199,3.49273682,3.49731445,3.48205566,3.48052979,3.47442627,3.487854,3.49487305,0.004889437,0.00500594079,0.00471431902,0.00402813731,0.00567404972,0.00544089777,0.00438030437,0.00396269793,0.00445121899,0.00555280317,0.00453353161,0.00518124364,0.00384919718,0.00290035224,0.00391210429,0.00555150211,0,0,0,0,0,0,0,0,0,0,0,0,0,0,0,0,0,0,0,0,0,0,0,0
540,5.516000,3,1,1,0,0,3.52478027,3.52081299,3.51715088,3.52172852,3.51654053,3.52661133,3.52172852,3.515625,3.50097656,3.50128174,3.50402832,3.49090576,3.48907471,3.48297119,3.49700928,3.50402832,0.008848303,0.00970944017,0.00925728027,0.00909160729,0.00958645809,0.00948872324,0.00860185176,0.00932955462,0.00697493367,0.00896023028,0.00762694981,0.00896819774,0.00852420088,0.00692734169,0.00890836306,0.00882387627,0,0,0,0,0,0,0,0,0,0,0,0,0,0,0,0,0,0,0,0,0,0,0,0
541,5.516000,3,1,1,0,0,3.50738525,3.5043335,3.50006104,3.50311279,3.49853516,3.50921631,3.50311279,3.4979248,3.48297119,3.48175049,3.48297119,3.47167969,3.47045898,3.46313477,3.47717285,3.4854126,0.00219905656,0.00177234749,0.00276411744,0.00182889134,0.00214940077,0.00237821741,0.00250864448,0.00221390883,0.00127378106,0.000379609293,-9.83023783e-05,4.46193153e-05,0.000765708392,0.000861591543,0.00136739889,0.00125587103,0,0,0,0,0,0,0,0,0,0,0,0,0,0,0,0,0,0,0,0,0,0,0,0
542,5.516000,3,1,1,0,0,3.51898193,3.51623535,3.51196289,3.51593018,3.51135254,3.52050781,3.51593018,3.50952148,3.49639893,3.4954834,3.49914551,3.48449707,3.48144531,3.47686768,3.48754883,3.49822998,-0.000976810465,-0.00117736426,-0.00126763619,-0.00201518298,-0.00122362305,-0.00175984658,-0.00106941268,-0.000861027511,-0.00251647667,-0.00180657988,-0.00278640143,-0.00185129733,-0.00318223238,-0.0030946983,-0.0031797078,-0.00193964317,0,0,0,0,0,0,0,0,0,0,0,0,0,0,0,0,0,0,0,0,0,0,0,0
543,5.687000,3,1,1,0,0,3.50311279,3.50128174,3.49700928,3.50067139,3.49639893,3.5067749,3.50189209,3.4942627,3.48236084,3.47930908,3.48297119,3.46801758,3.46893311,3.46313477,3.47473145,3.48144531,-0.00834884122,-0.00789341889,-0.00798986573,-0.00854345877,-0.00777083635,-0.00808247831,-0.00836185832,-0.00868839025,-0.00808022637,-0.00825645588,-0.0080432985,-0.00850366428,-0.00767853949,-0.00802869722,-0.00801246986,-0.00754658645,0,0,0,0,0,0,0,0,0,0,0,0,0,0,0,0,0,0,0,0,0,0,0,0
544,5.687000,3,1,1,0,0,3.50219727,3.49822998,3.49609375,3.49975586,3.49456787,3.50463867,3.49914551,3.49273682,3.48266602,3.47991943,3.48388672,3.47137451,3.46954346,3.46282959,3.47686768,3.48388672,0.000243935821,0.000381547667,-2.56253115e-05,0.00069371413,0.000691319001,-8.40823341e-05,-0.000570919598,0.000263319962,0.00207438995,0.00168119022,0.00242471555,0.00157642597,0.00232983264,0.00083388685,0.00125569454,0.000816328451,0,0,0,0,0,0,0,0,0,0,0,0,0,0,0,0,0,0,0,0,0,0,0,0
545,5.687000,3,1,1,0,0,3.51379395,3.51104736,3.50646973,3.51013184,3.50616455,3.51715088,3.51074219,3.5043335,3.49060059,3.48968506,3.49365234,3.47991943,3.47869873,3.47351074,3.48602295,3.49029541,0.00069133169,0.00101943337,0.000514735584,-0.000111473841,0.000172574422,0.00147041888,0.000239762245,0.000770103652,-0.000252536149,-5.64341899e-05,-1.82648655e-05,0.000339449733,0.000606177491,-0.000411064713,0.000931038056,6.0088234e-05,0,0,0,0,0,0,0,0,0,0,0,0,0,0,0,0,0,0,0,0,0,0,0,0
546,5.687000,3,1,1,0,0,3.50830078,3.5055542,3.50189209,3.5055542,3.50036621,3.51104736,3.50616455,3.49975586,3.48846436,3.4854126,3.48968506,3.4765625,3.47473145,3.46984863,3.48266602,3.48937988,-0.000463800505,-0.000663785788,-0.0013470836,-0.000492127147,-8.25079624e-05,-0.00108883018,-0.000135097071,-0.000751269283,-0.00259030657,-0.00237026974,-0.00322944764,-0.00134009589,-0.0020568273,-0.000876137929,-0.00240296358,-0.00136806781,0,0,0,0,0,0,0,0,0,0,0,0,0,0,0,0,0,0,0,0,0,0,0,0
547,5.687000,3,1,1,0,0,3.51074219,3.50921631,3.50494385,3.50891113,3.50463867,3.51470947,3.51013184,3.50280762,3.48815918,3.48602295,3.49029541,3.47503662,3.47503662,3.47229004,3.48236084,3.48999023,0.00730212405,0.00747871213,0.00794071611,0.00790699758,0.00811015628,0.00723846583,0.00791535527,0.00729920343,0.00614434248,0.00800532103,0.00853873976,0.00737255905,0.00673575373,0.00638036197,0.00760060549,0.00823640358,0,0,0,0,0,0,0,0,0,0,0,0,0,0,0,0,0,0,0,0,0,0,0,0
548,5.687000,3,1,1,0,0,3.51287842,3.51074219,3.50646973,3.50982666,3.50463867,3.51593018,3.51104736,3.50372314,3.49151611,3.49060059,3.4942627,3.48022461,3.48022461,3.47351074,3.48693848,3.49090576,0.0063080634,0.00656529469,0.00664662011,0.00689937919,0.00693291379,0.00662251376,0.00640930003,0.0067268149,0.00481787557,0.00607751776,0.0065520131,0.00523541635,0.00554983038,0.00561828166,0.00577822654,0.00528344186,0,0,0,0,0,0,0,0,0,0,0,0,0,0,0,0,0,0,0,0,0,0,0,0
549,5.687000,3,1,1,0,0,3.50067139,3.49731445,3.49487305,3.49853516,3.49273682,3.50463867,3.49975586,3.49273682,3.48114014,3.4777832,3.48327637,3.46710205,3.4677124,3.46282959,3.47564697,3.47991943,0.00283243973,0.00284322212,0.00267704623,0.00228639832,0.0028023643,0.00320678391,0.00379080861,0.00308952853,0.00347419176,0.00209575519,0.00258367648,0.00159028533,0.00247833785,0.00318845548,0.00394431408,0.00225507049,0,0,0,0,0,0,0,0,0,0,0,0,0,0,0,0,0,0,0,0,0,0,0,0
550,5.687000,3,1,1,0,0,3.51135254,3.50799561,3.50494385,3.50921631,3.50219727,3.51409912,3.50921631,3.50250244,3.48754883,3.48602295,3.48968506,3.4753418,3.47473145,3.47167969,3.47961426,3.48907471,0.00131014467,0.00324617559,0.00238104467,0.00279595074,0.00282674632,0.00305862259,0.00315565942,0.00189016294,0.00235824194,0.00289292214,0.00200583762,0.00253213407,0.00218328554,0.000940842321,0.00214132504,0.00316981738,0,0,0,0,0,0,0,0,0,0,0,0,0,0,0,0,0,0,0,0,0,0,0,0
551,5.687000,3,1,1,0,0,3.51348877,3.51104736,3.50738525,3.51104736,3.50616455,3.51593018,3.51074219,3.50341797,3.49212646,3.49090576,3.49304199,3.48205566,3.48052979,3.47351074,3.4866333,3.4942627,0.00661696121,0.00647652289,0.00684887078,0.00760907773,0.00649954565,0.00584555231,0.00721406285,0.00690316083,0.00714058569,0.00670300517,0.00726101175,0.00688283471,0.00757703092,0.007131055,0.00736015383,0.00844799448,0,0,0,0,0,0,0,0,0,0,0,0,0,0,0,0,0,0,0,0,0,0,0,0
552,5.687000,3,1,1,0,0,3.5168457,3.5144043,3.51074219,3.5144043,3.50952148,3.51959229,3.51226807,3.50769043,3.49182129,3.49304199,3.4942627,3.48480225,3.47930908,3.47473145,3.48693848,3.4954834,0.00249531772,0.00272228336,0.00273504201,0.00142706942,0.00303228479,0.00342755695,0.00133549608,0.00250903144,0.000840544119,0.00130162342,0.00106173952,0.00176392868,0.0015760744,0.00109052821,0.00194887817,0.00126718043,0,0,0,0,0,0,0,0,0,0,0,0,0,0,0,0,0,0,0,0,0,0,0,0
553,5.687000,3,1,1,0,0,3.51165771,3.50799561,3.50524902,3.50860596,3.50463867,3.51501465,3.50982666,3.50250244,3.49212646,3.49029541,3.49304199,3.48022461,3.47900391,3.47259521,3.48632812,3.49090576,0.00308449962,0.00234572357,0.00310099567,0.00302901398,0.00278793275,0.00229391619,0.00331917591,0.00314363162,0.00328650419,0.00260929065,0.00416810624,0.00343229668,0.00318945548,0.00388109824,0.00237652566,0.00288330158,0,0,0,0,0,0,0,0,0,0,0,0,0,0,0,0,0,0,0,0,0,0,0,0
554,5.687000,3,1,1,0,0,3.51867676,3.51470947,3.51226807,3.51623535,3.50982666,3.52081299,3.51470947,3.50952148,3.49731445,3.49639893,3.49945068,3.4866333,3.48449707,3.47961426,3.49243164,3.49975586,0.00950687658,0.00923003536,0.0092695253,0.0101345545,0.00989924371,0.00890243985,0.00934051536,0.00968919322,0.00824227743,0.00984503701,0.0100931814,0.0101310983,0.00848388672,0.00810557604,0.00914199185,0.0105869938,0,0,0,0,0,0,0,0,0,0,0,0,0,0,0,0,0,0,0,0,0,0,0,0
555,5.687000,3,1,1,0,0,3.5168457,3.51409912,3.51013184,3.51379395,3.50830078,3.51928711,3.51257324,3.50769043,3.49304199,3.49334717,3.49365234,3.48175049,3.47961426,3.47381592,3.48724365,3.49578857,0.000112887064,0.000252313563,0.000526124204,-0.000633153191,-0.000846311217,-0.00057418691,-0.000523109513,0.000415857299,0.000789262995,0.00126513268,0.000430710759,-0.000158982526,0.000951365451,0.0016018356,0.000727944891,0.000537700427,0,0,0,0,0,0,0,0,0,0,0,0,0,0,0,0,0,0,0,0,0,0,0,0
556,5.687000,3,1,1,0,0,3.50372314,3.50006104,3.49822998,3.50036621,3.4967041,3.50646973,3.50189209,3.49517822,3.48236084,3.48236084,3.48327637,3.47137451,3.46984863,3.46466064,3.4777832,3.48480225,-0.00208728039,-0.00263982336,-0.000769015809,-0.00207809801,-0.00125470001,-0.00223300583,-0.0011529543,-0.00128302583,-0.000396088319,-0.00121243752,-0.00131044979,-0.00258364389,-0.000368722423,-0.0012844851,-0.00157182466,-0.000491127954,0,0,0,0,0,0,0,0,0,0,0,0,0,0,0,0,0,0,0,0,0,0,0,0
557,5.687000,3,1,1,0,0,3.51715088,3.5144043,3.51074219,3.51470947,3.50982666,3.52050781,3.51379395,3.50830078,3.49212646,3.49365234,3.49365234,3.48449707,3.47900391,3.47442627,3.48724365,3.49609375,0.00589789497,0.00549896993,0.00576409511,0.00632515457,0.00624623941,0.00646515517,0.00483315345,0.00523305591,0.00510791037,0.00800881069,0.00491961557,0.00868384074,0.00558291003,0.00443915185,0.00582782784,0.00643560477,0,0,0,0,0,0,0,0,0,0,0,0,0,0,0,0,0,0,0,0,0,0,0,0
558,5.687000,3,1,1,0,0,3.51165771,3.50891113,3.50524902,3.51013184,3.50341797,3.51531982,3.50921631,3.50372314,3.49212646,3.49060059,3.49304199,3.48175049,3.48022461,3.47381592,3.48693848,3.49090576,0.00358311436,0.0038375787,0.00317254802,0.00354548823,0.00319271372,0.00350571424,0.00308065023,0.00353896758,0.00454534171,0.00367020443,0.00248212763,0.00418316992,0.0030285113,0.00274623954,0.00300240051,0.00372019433,0,0,0,0,0,0,0,0,0,0,0,0,0,0,0,0,0,0,0,0,0,0,0,0
559,5.687000,3,1,1,0,0,3.515625,3.51226807,3.50982666,3.51257324,3.50738525,3.51776123,3.51226807,3.50738525,3.49121094,3.49334717,3.49395752,3.48236084,3.48052979,3.47412109,3.48815918,3.49517822,0.00499006594,0.00468881335,0.00541192386,0.00489270315,0.00482754083,0.00422401866,0.00508289412,0.0060985866,0.0036177258,0.00377253513,0.00273883459,0.0042067836,0.00425839471,0.00440117763,0.00389641104,0.00580276968,0,0,0,0,0,0,0,0,0,0,0,0,0,0,0,0,0,0,0,0,0,0,0,0
560,5.859000,3,1,1,0,0,3.50921631,3.50585938,3.50341797,3.50616455,3.50006104,3.51104736,3.50646973,3.50128174,3.487854,3.48510742,3.48907471,3.47473145,3.47442627,3.46984863,3.47991943,3.48937988,0.00399374915,0.00333052641,0.00434263516,0.00389387645,0.00351435295,0.00391021091,0.00370725291,0.00442265859,0.00362278288,0.00313022919,0.00436263764,0.00366040459,0.00380001613,0.00392148457,0.00254919427,0.00391676929,0,0,0,0,0,0,0,0,0,0,0,0,0,0,0,0,0,0,0,0,0,0,0,0
561,5.859000,3,1,1,0,0,3.515625,3.51287842,3.50891113,3.51104736,3.50769043,3.51867676,3.51226807,3.50616455,3.49182129,3.49060059,3.49365234,3.48022461,3.47839355,3.47259521,3.48571777,3.49456787,0.000453801767,0.00137386681,0.00105272082,0.000814228144,0.00170394732,0.00170140667,0.00138733909,0.000981727615,0.0004125454,0.00207007094,0.00107504078,0.000753436703,0.000558604021,-0.00017439964,0.00127141317,0.00153418002,0,0,0,0,0,0,0,0,0,0,0,0,0,0,0,0,0,0,0,0,0,0,0,0
562,5.859000,3,1,1,0,0,3.51013184,3.50646973,3.5043335,3.50830078,3.50158691,3.51104736,3.50769043,3.50158691,3.49060059,3.48571777,3.49273682,3.47991943,3.47808838,3.47290039,3.48297119,3.49121094,0.00409769313,0.00368561293,0.00376277231,0.00508154649,0.00344438688,0.00289619877,0.00475702062,0.00430006487,0.00669220276,0.00276956754,0.00486190198,0.00562926428,0.00657207845,0.00662161643,0.00441741571,0.00369173265,0,0,0,0,0,0,0,0,0,0,0,0,0,0,0,0,0,0,0,0,0,0,0,0
563,5.859000,3,1,1,0,0,3.50921631,3.50616455,3.50250244,3.50585938,3.50097656,3.51074219,3.50494385,3.50036621,3.487854,3.48632812,3.49029541,3.47625732,3.4753418,3.47015381,3.48205566,3.48999023,-0.00511952769,-0.005487605,-0.0058447537,-0.00472627766,-0.00583694503,-0.00438120356,-0.00447368249,-0.00447859988,-0.00398974074,-0.00586500624,-0.00456558215,-0.00546613615,-0.00439766608,-0.00432721525,-0.00395555841,-0.00522663165,0,0,0,0,0,0,0,0,0,0,0,0,0,0,0,0,0,0,0,0,0,0,0,0
564,5.859000,3,1,1,0,0,3.51715088,3.51409912,3.50982666,3.51470947,3.50860596,3.51989746,3.51226807,3.50799561,3.49090576,3.49243164,3.49334717,3.48236084,3.47991943,3.47442627,3.48815918,3.49517822,0.000490381964,0.000687905238,0.000967102533,0.00104303344,0.000632716226,0.0011698528,0.000564799411,0.000426800951,-0.000588599301,0.000348568108,0.000213286869,5.52530255e-05,0.000260531204,-0.000345808163,0.000237218148,-0.000907260866,0,0,0,0,0,0,0,0,0,0,0,0,0,0,0,0,0,0,0,0,0,0,0,0
565,5.859000,3,1,1,0,0,3.51806641,3.5144043,3.51165771,3.51501465,3.51013184,3.51959229,3.51379395,3.50921631,3.49395752,3.4954834,3.49822998,3.48480225,3.48052979,3.47717285,3.48724365,3.49822998,0.00633263169,0.00655157864,0.00589411333,0.00610627793,0.00716527784,0.00685141562,0.00584003516,0.00617446937,0.00653100479,0.00711206906,0.00601339061,0.00816684309,0.00514219608,0.00486579724,0.00541050266,0.00671318732,0,0,0,0,0,0,0,0,0,0,0,0,0,0,0,0,0,0,0,0,0,0,0,0
566,5.859000,3,1,1,0,0,3.51806641,3.51501465,3.51165771,3.51531982,3.51043701,3.52050781,3.51470947,3.50921631,3.49395752,3.49456787,3.49456787,3.48571777,3.47961426,3.47686768,3.48815918,3.4967041,0.011065565,0.0107512381,0.0105879027,0.0102141928,0.0111140748,0.0104333125,0.011250386,0.0100614419,0.0101578096,0.0103004221,0.0100515606,0.0103032496,0.00814005453,0.00954237115,0.0110410117,0.00990821235,0,0,0,0,0,0,0,0,0,0,0,0,0,0,0,0,0,0,0,0,0,0,0,0
567,5.859000,3,1,1,0,0,3.50372314,3.50189209,3.49731445,3.50006104,3.49639893,3.5067749,3.50189209,3.4942627,3.48114014,3.48175049,3.48510742,3.47167969,3.46893311,3.46496582,3.47747803,3.48571777,-0.00279524666,-0.00317141763,-0.00306510879,-0.00351216062,-0.00286539691,-0.00345570315,-0.0028505777,-0.00327927852,-0.00310403411,-0.00317759789,-0.00358562265,-0.00334281288,-0.0025109211,-0.00375849614,-0.00198048726,-0.00192678557,0,0,0,0,0,0,0,0,0,0,0,0,0,0,0,0,0,0,0,0,0,0,0,0
568,5.859000,3,1,1,0,0,3.51196289,3.50921631,3.50524902,3.51013184,3.50463867,3.515625,3.51043701,3.50280762,3.48937988,3.48602295,3.49243164,3.47686768,3.47595215,3.47198486,3.48266602,3.48999023,0.000783375581,0.000958748162,0.000803400355,0.00154420082,0.000733056688,0.00184353173,0.00130080024,0.00110033795,-0.000389238616,-0.000648338115,-0.000820640242,0.000400661578,-0.000209322287,3.457618e-05,-0.000449980696,0.000322659733,0,0,0,0,0,0,0,0,0,0,0,0,0,0,0,0,0,0,0,0,0,0,0,0
569,5.859000,3,1,1,0,0,3.51104736,3.50921631,3.5055542,3.51074219,3.50372314,3.51501465,3.51043701,3.50372314,3.48999023,3.48602295,3.49090576,3.47686768,3.47564697,3.47198486,3.48327637,3.49029541,0.00402534241,0.00340226619,0.00385415112,0.0043896758,0.00325236912,0.00389088364,0.00474496232,0.00408106204,0.0046096826,0.00174200558,0.00403058203,0.00233208574,0.00382174202,0.00422152458,0.00412809057,0.00332751079,0,0,0,0,0,0,0,0,0,0,0,0,0,0,0,0,0,0,0,0,0,0,0,0
570,5.859000,3,1,1,0,0,3.50585938,3.5043335,3.50006104,3.50311279,3.49853516,3.50860596,3.50402832,3.49761963,3.48144531,3.48175049,3.48388672,3.47167969,3.47045898,3.46496582,3.4765625,3.48510742,-0.00214635534,-0.00158002228,-0.00193418493,-0.00142988865,-0.00130485557,-0.00171715464,-0.00115206791,-0.00167563325,-0.00100948941,-0.000657171302,-0.000502184732,-0.000294688623,-1.77583424e-05,-0.000790528895,-0.000382387254,0.000135708484,0,0,0,0,0,0,0,0,0,0,0,0,0,0,0,0,0,0,0,0,0,0,0,0
571,5.859000,3,1,1,0,0,3.51257324,3.50891113,3.50585938,3.50860596,3.5055542,3.515625,3.51074219,3.50311279,3.49182129,3.49121094,3.49365234,3.48083496,3.47869873,3.47381592,3.4866333,3.49151611,0.00676473137,0.00672238925,0.00672450662,0.00699966028,0.00600227201,0.0061086202,0.00716243451,0.00665361527,0.00617772434,0.00609568693,0.00626371568,0.00535680773,0.00571199507,0.00566209853,0.00503393589,0.00524463179,0,0,0,0,0,0,0,0,0,0,0,0,0,0,0,0,0,0,0,0,0,0,0,0
572,5.859000,3,1,1,0,0,3.50982666,3.50585938,3.50524902,3.50830078,3.50189209,3.51165771,3.50830078,3.50158691,3.49029541,3.48999023,3.49365234,3.47686768,3.47869873,3.47351074,3.48419189,3.49121094,0.00486224052,0.00564886676,0.00616062013,0.00605873158,0.00526370294,0.00547186052,0.00518366834,0.00507441256,0.00417224923,0.0072093932,0.00475730048,0.00551567925,0.00451770518,0.00425617537,0.00545012672,0.00553600071,0,0,0,0,0,0,0,0,0,0,0,0,0,0,0,0,0,0,0,0,0,0,0,0
573,5.859000,3,1,1,0,0,3.50616455,3.50311279,3.50036621,3.50189209,3.4979248,3.50769043,3.50158691,3.49639893,3.48297119,3.48449707,3.48510742,3.47290039,3.47045898,3.465271,3.47625732,3.4866333,0.00542359892,0.00467470847,0.00528401416,0.00507060206,0.00453947112,0.00396303646,0.0051686368,0.00537886331,0.00315677607,0.00478395121,0.00293233013,0.00491750287,0.00323006348,0.00278639537,0.00269504637,0.00522457622,0,0,0,0,0,0,0,0,0,0,0,0,0,0,0,0,0,0,0,0,0,0,0,0
574,5.859000,3,1,1,0,0,3.51593018,3.51226807,3.50952148,3.51287842,3.50799561,3.51806641,3.51226807,3.5067749,3.49212646,3.49212646,3.49273682,3.48144531,3.47961426,3.47381592,3.48754883,3.49395752,-0.00115446118,-0.000296686718,-0.000171927852,-0.000548499404,-0.000750335865,-0.0010813952,-2.56883213e-05,-0.000141573255,0.000760664698,-5.34545979e-05,0.00143885356,2.2020773e-05,0.00162667176,0.00187738554,0.00166960515,0.00155517086,0,0,0,0,0,0,0,0,0,0,0,0,0,0,0,0,0,0,0,0,0,0,0,0
575,5.859000,3,1,1,0,0,3.52416992,3.52142334,3.51776123,3.52172852,3.51715088,3.52752686,3.52081299,3.5144043,3.50250244,3.50067139,3.50463867,3.49029541,3.48907471,3.48388672,3.49609375,3.50463867,0.0109893912,0.0110070081,0.0115811042,0.0116175506,0.0117679136,0.0109504778,0.0111777624,0.0115079582,0.0121770976,0.0114878425,0.0126371142,0.0118913939,0.0115027232,0.011908628,0.0121101439,0.0128141064,0,0,0,0,0,0,0,0,0,0,0,0,0,0,0,0,0,0,0,0,0,0,0,0
576,5.859000,3,1,1,0,0,3.51745605,3.51379395,3.51074219,3.51409912,3.50860596,3.51989746,3.51257324,3.50830078,3.49243164,3.49304199,3.49487305,3.48388672,3.47991943,3.47381592,3.48724365,3.49487305,-0.00496640289,-0.00511412555,-0.00535174739,-0.00560542289,-0.00508307712,-0.00518499315,-0.00506929774,-0.00599789061,-0.00469826115,-0.00647672825,-0.00514432089,-0.00540848169,-0.00554658566,-0.00486479793,-0.00430114707,-0.00701495586,0,0,0,0,0,0,0,0,0,0,0,0,0,0,0,0,0,0,0,0,0,0,0,0
577,6.031000,3,1,1,0,0,3.50311279,3.50036621,3.49884033,3.50036621,3.49639893,3.5067749,3.50067139,3.49487305,3.48297119,3.48266602,3.48388672,3.47442627,3.46954346,3.46496582,3.4765625,3.48571777,0.00117295538,0.000940236961,0.00158480892,0.00147664163,0.00203413563,0.00165944139,0.00235166121,0.0010784067,0.00307151675,0.00296540046,0.00197577337,0.00336179277,0.0024468312,0.00266511901,0.00278903311,0.00248011551,0,0,0,0,0,0,0,0,0,0,0,0,0,0,0,0,0,0,0,0,0,0,0,0
578,6.031000,3,1,1,0,0,3.5168457,3.51318359,3.51043701,3.51409912,3.50860596,3.51959229,3.51226807,3.50830078,3.49243164,3.49304199,3.49456787,3.48388672,3.48022461,3.47351074,3.48815918,3.4954834,0.00165006658,0.00144596654,0.00123489252,0.000929976581,0.00133087928,0.00139522925,0.00116238685,0.00184501009,0.000989023712,0.000606957357,0.00076538336,0.000813447754,0.00144526386,0.000216725748,0.00131499942,0.000743969576,0,0,0,0,0,0,0,0,0,0,0,0,0,0,0,0,0,0,0,0,0,0,0,0
579,6.031000,3,1,1,0,0,3.51013184,3.50738525,3.50585938,3.50891113,3.50341797,3.51318359,3.50952148,3.50250244,3.49060059,3.487854,3.49395752,3.47991943,3.47900391,3.47381592,3.48449707,3.48968506,0.00753548928,0.00750456285,0.00730628427,0.00763273938,0.00766516756,0.00733002042,0.00799840409,0.0071803797,0.00756385084,0.00712136785,0.00820205361,0.00723256264,0.00805504341,0.00616006507,0.00803298876,0.00565455202,0,0,0,0,0,0,0,0,0,0,0,0,0,0,0,0,0,0,0,0,0,0,0,0
580,6.031000,3,1,1,0,0,3.50921631,3.5055542,3.50219727,3.5067749,3.50067139,3.51074219,3.50585938,3.49945068,3.48846436,3.48480225,3.48999023,3.4753418,3.47503662,3.47015381,3.48175049,3.48907471,0.00732783228,0.00673956983,0.00653612241,0.00737211108,0.00724846777,0.00704417564,0.00778558711,0.00625885557,0.00695542805,0.00680700736,0.00682190573,0.00574639253,0.0074079074,0.0065257689,0.0082267262,0.00567427604,0,0,0,0,0,0,0,0,0,0,0,0,0,0,0,0,0,0,0,0,0,0,0,0
581,6.031000,3,1,1,0,0,3.515625,3.51348877,3.50982666,3.51379395,3.50830078,3.51989746,3.51379395,3.50738525,3.49304199,3.49273682,3.49456787,3.48419189,3.47961426,3.47442627,3.48602295,3.49456787,0.0075943782,0.0080110589,0.00745696528,0.00753723551,0.00817134976,0.00751977693,0.00693987915,0.00753839966,0.00570524717,0.00679305568,0.00683084968,0.00699161785,0.00664188014,0.0055621746,0.00675665447,0.00732447533,0,0,0,0,0,0,0,0,0,0,0,0,0,0,0,0,0,0,0,0,0,0,0,0
582,6.031000,3,1,1,0,0,3.52050781,3.51837158,3.51501465,3.51989746,3.51470947,3.52478027,3.51928711,3.51226807,3.4979248,3.49639893,3.50036621,3.48602295,3.48571777,3.48236084,3.49273682,3.49945068,0.000928827911,0.00129582069,0.00142179197,0.00156563439,0.00183474575,0.00203352654,0.00160958408,0.00143484061,0.00101600424,0.00159190083,0.00228236197,0.00206249766,0.00019144945,0.00262809545,0.00110372412,0.00270206505,0,0,0,0,0,0,0,0,0,0,0,0,0,0,0,0,0,0,0,0,0,0,0,0
583,6.031000,3,1,1,0,0,3.5055542,3.50250244,3.49731445,3.50097656,3.4967041,3.50738525,3.50158691,3.4954834,3.48205566,3.47839355,3.48449707,3.46710205,3.46862793,3.46374512,3.47686768,3.48144531,0.00550145563,0.0054399725,0.00482819322,0.00484868325,0.00487006642,0.00514189247,0.00454586092,0.0048632049,0.00301303482,0.00393270468,0.00444790628,0.00458444143,0.00389513839,0.00286701485,0.00419410923,0.00462157372,0,0,0,0,0,0,0,0,0,0,0,0,0,0,0,0,0,0,0,0,0,0,0,0
584,6.031000,3,1,1,0,0,3.50860596,3.50585938,3.50280762,3.50524902,3.50006104,3.51104736,3.50463867,3.49945068,3.487854,3.48571777,3.49182129,3.47625732,3.47503662,3.47045898,3.48052979,3.48907471,-0.000849448785,-0.00130426034,-0.000928408117,-0.000392810325,-0.00114980398,-0.0014467272,-0.000643992797,-3.61569691e-05,0.000941828708,0.000725753023,0.000847130548,-0.00112571777,0.000593004515,0.00191141153,0.000671846617,-0.000442685909,0,0,0,0,0,0,0,0,0,0,0,0,0,0,0,0,0,0,0,0,0,0,0,0
585,6.031000,3,1,1,0,0,3.515625,3.51318359,3.51013184,3.51318359,3.50799561,3.51898193,3.51196289,3.50738525,3.49304199,3.49304199,3.49304199,3.48175049,3.47930908,3.47351074,3.4866333,3.49578857,0.00531678833,0.00616754824,0.00647761766,0.00554256327,0.00583566958,0.00597889815,0.00532312412,0.00535373716,0.00657048682,0.00631239964,0.00482738996,0.00614537066,0.00616332795,0.00557356514,0.0067710341,0.00535322214,0,0,0,0,0,0,0,0,0,0,0,0,0,0,0,0,0,0,0,0,0,0,0,0
586,6.031000,3,1,1,0,0,3.51470947,3.51226807,3.50738525,3.51104736,3.5067749,3.51806641,3.51135254,3.50372314,3.49151611,3.487854,3.49365234,3.47961426,3.47900391,3.47259521,3.4866333,3.49090576,0.00496825064,0.00492129289,0.00427506072,0.00468308898,0.00572445709,0.00632129656,0.00514357304,0.00410190318,0.00422929646,0.0020943433,0.00504230335,0.00427465606,0.0045659733,0.00507138204,0.00517673464,0.00394717557,0,0,0,0,0,0,0,0,0,0,0,0,0,0,0,0,0,0,0,0,0,0,0,0
587,6.031000,3,1,1,0,0,3.5168457,3.51287842,3.51074219,3.51348877,3.50830078,3.51806641,3.51287842,3.50769043,3.49243164,3.49334717,3.49456787,3.48205566,3.48083496,3.47442627,3.48754883,3.49517822,0.00502669951,0.00442181621,0.0049130749,0.00469666626,0.00556697976,0.00508093741,0.00495152082,0.00531352265,0.00621420844,0.00668911543,0.00530483155,0.00660334388,0.00564212026,0.00454078056,0.00576080568,0.0050742859,0,0,0,0,0,0,0,0,0,0,0,0,0,0,0,0,0,0,0,0,0,0,0,0
588,6.031000,3,1,1,0,0,3.5043335,3.50219727,3.49884033,3.50036621,3.49731445,3.50738525,3.50128174,3.4954834,3.48297119,3.48327637,3.48449707,3.47259521,3.47106934,3.46496582,3.47717285,3.48571777,-0.00165267265,-0.000994746108,-0.00157626369,-0.00132361322,-0.000758085574,-0.00120332604,-0.000964773761,-0.00106954668,-0.00176005648,-0.000765150588,-0.00231215148,-0.00265980419,-0.00231705653,-0.000566215895,-0.00182453787,-0.000993621652,0,0,0,0,0,0,0,0,0,0,0,0,0,0,0,0,0,0,0,0,0,0,0,0
589,6.031000,3,1,1,0,0,3.51898193,3.51654053,3.51287842,3.51654053,3.51043701,3.52050781,3.51654053,3.51074219,3.49761963,3.4967041,3.50006104,3.48510742,3.48510742,3.48052979,3.49243164,3.50006104,0.0085867485,0.008443431,0.00874504074,0.00834688544,0.0084045846,0.00852059573,0.00804750901,0.00870817062,0.00815557502,0.00882607698,0.00967561081,0.0094436286,0.00807500165,0.00817344524,0.00858112518,0.00902783405,0,0,0,0,0,0,0,0,0,0,0,0,0,0,0,0,0,0,0,0,0,0,0,0
590,6.031000,3,1,1,0,0,3.51074219,3.50708008,3.50463867,3.50830078,3.50128174,3.51196289,3.50799561,3.50219727,3.49090576,3.48632812,3.49304199,3.47686768,3.47808838,3.47381592,3.48388672,3.48999023,0.00528388517,0.00662855757,0.00678337924,0.00621660892,0.00664689485,0.00654006889,0.00621597888,0.00584841007,0.00710157119,0.00611955673,0.00664732233,0.00581373833,0.00640210556,0.0055167065,0.00645755837,0.00643102312,0,0,0,0,0,0,0,0,0,0,0,0,0,0,0,0,0,0,0,0,0,0,0,0
591,6.031000,3,1,1,0,0,3.50646973,3.50402832,3.50097656,3.5043335,3.49914551,3.51013184,3.50280762,3.49822998,3.48205566,3.48205566,3.48297119,3.47106934,3.46893311,3.46466064,3.47625732,3.48480225,0.000463066914,0.000413944828,0.000542510126,0.00139316381,0.000742628414,0.00118712848,0.00125830201,0.00111062883,0.000819926849,0.00092966808,-1.35388691e-05,-0.000369240995,-0.000181238109,0.000416151015,0.000390472473,0.000706992927,0,0,0,0,0,0,0,0,0,0,0,0,0,0,0,0,0,0,0,0,0,0,0,0
592,6.031000,3,1,1,0,0,3.51135254,3.51043701,3.50585938,3.51043701,3.50524902,3.51593018,3.50982666,3.50280762,3.49060059,3.49029541,3.4942627,3.4777832,3.4777832,3.47412109,3.48449707,3.48999023,0.000575438375,0.000932874624,-0.000154852984,0.000243316521,0.00099668745,0.00105796591,0.00126061018,0.000199274276,0.00184547529,0.00128580071,0.00290040555,0.00109515898,0.00217216229,0.00235809456,0.00197535218,0.00031066162,0,0,0,0,0,0,0,0,0,0,0,0,0,0,0,0,0,0,0,0,0,0,0,0
593,6.031000,3,1,1,0,0,3.51531982,3.51379395,3.51013184,3.51409912,3.50830078,3.51928711,3.51104736,3.50799561,3.49273682,3.49243164,3.49456787,3.48388672,3.48083496,3.47473145,3.48693848,3.49517822,0.00519574201,0.00534120342,0.00497278851,0.00517257536,0.00542140752,0.00527509535,0.0042687282,0.00520493602,0.0035209232,0.00532716373,0.00410167314,0.00457400782,0.0043581482,0.0036542872,0.00525887357,0.00486103445,0,0,0,0,0,0,0,0,0,0,0,0,0,0,0,0,0,0,0,0,0,0,0,0
594,6.203000,3,1,1,0,0,3.50219727,3.50036621,3.4967041,3.49945068,3.4954834,3.5055542,3.50067139,3.49334717,3.48266602,3.48083496,3.48388672,3.47045898,3.46954346,3.46313477,3.4765625,3.48419189,0.00859989412,0.00873442926,0.00877006073,0.0080359336,0.00849582814,0.00838880613,0.00924616493,0.00794460159,0.00770611223,0.00951711275,0.00870659109,0.00808318146,0.00778227672,0.00768481195,0.00976014137,0.0081871599,0,0,0,0,0,0,0,0,0,0,0,0,0,0,0,0,0,0,0,0,0,0,0,0
595,6.203000,3,1,1,0,0,3.51470947,3.51165771,3.50830078,3.51135254,3.50738525,3.51806641,3.51135254,3.50646973,3.49212646,3.49151611,3.49395752,3.48114014,3.47991943,3.47259521,3.48602295,3.49121094,0.003826831,0.00366282044,0.00466924487,0.00381510588,0.0048569655,0.00473496551,0.00470092148,0.00384929217,0.00550579559,0.0051377872,0.00437759887,0.00525533222,0.005610283,0.00564322853,0.0057551777,0.00458779652,0,0,0,0,0,0,0,0,0,0,0,0,0,0,0,0,0,0,0,0,0,0,0,0
596,6.203000,3,1,1,0,0,3.52081299,3.51654053,3.51379395,3.51745605,3.51043701,3.52142334,3.51745605,3.51135254,3.49700928,3.49578857,3.49822998,3.48602295,3.48052979,3.47900391,3.49151611,3.49731445,0.00235964195,0.00227525225,0.00276409346,0.00306762429,0.00231350888,0.00223470479,0.00212385831,0.0023453068,0.00216979207,0.00189829362,0.00207350729,0.00181730534,0.00181081961,0.00188040908,0.00355877983,0.00248951674,0,0,0,0,0,0,0,0,0,0,0,0,0,0,0,0,0,0,0,0,0,0,0,0
597,6.203000,3,1,1,0,0,3.50219727,3.50036621,3.49639893,3.49945068,3.4954834,3.50616455,3.50067139,3.49334717,3.48205566,3.47717285,3.48419189,3.47045898,3.46923828,3.46374512,3.47595215,3.48052979,0.00333378231,0.00415482512,0.00409248378,0.00405107532,0.00439667935,0.00432812702,0.00428471575,0.00410316186,0.00381592684,0.00365329254,0.00571475737,0.00512061641,0.00409541046,0.00300412369,0.00357091124,0.00416265801,0,0,0,0,0,0,0,0,0,0,0,0,0,0,0,0,0,0,0,0,0,0,0,0
598,6.203000,3,1,1,0,0,3.51135254,3.50982666,3.50585938,3.51074219,3.50341797,3.51531982,3.50982666,3.50280762,3.49182129,3.49029541,3.49273682,3.48175049,3.48022461,3.47290039,3.48571777,3.48999023,-0.000400955003,-0.00042880926,-0.00022607499,-0.000574624399,-0.000729430933,-0.00079584471,0.000433740759,-0.000778430724,0.000650452916,0.000182210788,0.000666049193,0.000282773777,0.00123672979,0.000552907295,0.000789432146,0.000660713064,0,0,0,0,0,0,0,0,0,0,0,0,0,0,0,0,0,0,0,0,0,0,0,0
599,6.203000,3,1,1,0,0,3.50646973,3.50372314,3.49975586,3.50311279,3.49884033,3.50982666,3.50219727,3.4979248,3.48205566,3.48114014,3.48388672,3.47167969,3.47015381,3.46466064,3.47686768,3.48480225,-0.00996096898,-0.00974776316,-0.0104543837,-0.0101605551,-0.00990458205,-0.00952138938,-0.0104688443,-0.0107203675,-0.00947276782,-0.0100033693,-0.00967768207,-0.0109845102,-0.00974811427,-0.00941386539,-0.0101671657,-0.00998442713,0,0,0,0,0,0,0,0,0,0,0,0,0,0,0,0,0,0,0,0,0,0,0,0
600,6.203000,3,1,1,0,0,3.50341797,3.50250244,3.49731445,3.50128174,3.49609375,3.50738525,3.50128174,3.49609375,3.48266602,3.48052979,3.48449707,3.47106934,3.46862793,3.46374512,3.4765625,3.48083496,-0.000501043163,-0.00102238345,-0.00111650291,4.45455807e-05,-0.000368778885,0.000829590368,0.000336204539,-0.00110732357,0.000447552011,-0.00178971398,-0.000466286961,-0.00210050843,-0.000827319105,0.000276175007,-0.000247369317,-0.00114803447,0,0,0,0,0,0,0,0,0,0,0,0,0,0,0,0,0,0,0,0,0,0,0,0
601,6.203000,3,1,1,0,0,3.51104736,3.50891113,3.5055542,3.50860596,3.50372314,3.51501465,3.50982666,3.50341797,3.49090576,3.49060059,3.49395752,3.48022461,3.47930908,3.47320557,3.48724365,3.49060059,0.00276488182,0.00250128983,0.00276351883,0.00244921213,0.0017491082,0.00304973475,0.00344856083,0.00276220567,0.00275129033,0.00209891424,0.00208628085,0.00211140979,0.00294788508,0.00276121101,0.0019109128,0.00199161819,0,0,0,0,0,0,0,0,0,0,0,0,0,0,0,0,0,0,0,0,0,0,0,0
602,6.203000,3,1,1,0,0,3.51379395,3.51104736,3.50738525,3.51074219,3.50616455,3.51654053,3.51074219,3.5043335,3.49121094,3.49090576,3.4942627,3.48175049,3.47961426,3.47473145,3.4866333,3.49151611,0.00517961197,0.0056676711,0.00568140903,0.00475066341,0.00592926191,0.00561792916,0.00468299072,0.00496765366,0.0033606072,0.00587250758,0.00398694398,0.00514222821,0.00486219302,0.00371295912,0.00450048735,0.00468327012,0,0,0,0,0,0,0,0,0,0,0,0,0,0,0,0,0,0,0,0,0,0,0,0
603,6.203000,3,1,1,0,0,3.52386475,3.52142334,3.51776123,3.52081299,3.51654053,3.52600098,3.52111816,3.51379395,3.50158691,3.50097656,3.50311279,3.48999023,3.48846436,3.48236084,3.49639893,3.50097656,0.0077757542,0.00748532126,0.00748005137,0.00683140801,0.0073019797,0.00639854744,0.00786104053,0.0070632156,0.0074735512,0.00789670832,0.00789647736,0.00671575358,0.00680144504,0.00735844113,0.00831163954,0.00821129978,0,0,0,0,0,0,0,0,0,0,0,0,0,0,0,0,0,0,0,0,0,0,0,0
604,6.203000,3,1,1,0,0,3.51501465,3.51196289,3.50860596,3.51104736,3.5067749,3.51837158,3.51165771,3.50616455,3.49121094,3.49121094,3.49304199,3.48022461,3.47991943,3.47320557,3.48632812,3.49365234,0.00676133111,0.00693335989,0.00727509195,0.00678540487,0.00667286478,0.00625538267,0.00609861501,0.00684977602,0.0064343242,0.00742316758,0.00793886464,0.00569546549,0.00657726591,0.00732235797,0.00606022496,0.00749039883,0,0,0,0,0,0,0,0,0,0,0,0,0,0,0,0,0,0,0,0,0,0,0,0
605,6.203000,3,1,1,0,0,3.51531982,3.51287842,3.50921631,3.51104736,3.50769043,3.51867676,3.51257324,3.50524902,3.49090576,3.49090576,3.49334717,3.48083496,3.47900391,3.47351074,3.4866333,3.49121094,0.000611799129,0.000877643353,0.000439352647,0.00048932858,0.00112501206,0.00117300428,0.000799440371,0.000105082181,0.000898353755,0.00136542099,0.000564357033,0.00145504111,0.00117171486,0.000673041097,0.000396271178,0.000531689962,0,0,0,0,0,0,0,0,0,0,0,0,0,0,0,0,0,0,0,0,0,0,0,0
606,6.203000,3,1,1,0,0,3.51287842,3.50891113,3.50585938,3.51043701,3.50616455,3.51593018,3.51043701,3.50402832,3.49273682,3.49182129,3.49365234,3.48144531,3.47869873,3.47412109,3.48632812,3.49487305,-0.0020803092,-0.00202091387,-0.0016936555,-0.00181351975,-0.00203891611,-0.00247292756,-0.0017903538,-0.00176639715,-0.000354614924,-0.00139211444,0.000444351725,-0.00118392694,-0.000435551861,0.0002472169,-0.000821813708,-0.000148233084,0,0,0,0,0,0,0,0,0,0,0,0,0,0,0,0,0,0,0,0,0,0,0,0
607,6.203000,3,1,1,0,0,3.51623535,3.51318359,3.51013184,3.51348877,3.50860596,3.51898193,3.51165771,3.50708008,3.49182129,3.49304199,3.4942627,3.48388672,3.47869873,3.47381592,3.48754883,3.49487305,-0.000472158572,-0.000878823514,-0.00106123916,-0.00135273964,-0.000843720627,-0.00131668407,-0.00226365309,-0.000705330342,-0.00298716896,-0.001411387,-0.00180649874,-0.00138344313,-0.00208558794,-0.00133765349,-0.00150838506,-0.00127712439,0,0,0,0,0,0,0,0,0,0,0,0,0,0,0,0,0,0,0,0,0,0,0,0
608,6.203000,3,1,1,0,0,3.50494385,3.50158691,3.49884033,3.50128174,3.49700928,3.50708008,3.50158691,3.49517822,3.48175049,3.48266602,3.48358154,3.47167969,3.46954346,3.46466064,3.47686768,3.4854126,0.000470622093,0.000302149332,0.000816276297,0.000199991977,0.000723002362,0.000641518505,0.00121576397,-0.00079792738,0.00248031877,0.00252227904,0.00134384446,0.00187775423,0.00215343153,0.00133014738,0.00264024734,0.00112523278,0,0,0,0,0,0,0,0,0,0,0,0,0,0,0,0,0,0,0,0,0,0,0,0
609,6.203000,3,1,1,0,0,3.50891113,3.50463867,3.50158691,3.50524902,3.50036621,3.51074219,3.50524902,3.49914551,3.48327637,3.48266602,3.48327637,3.47259521,3.46954346,3.46466064,3.47747803,3.48602295,0.002450058,0.00232989434,0.00236110087,0.002183598,0.00296928547,0.0022935255,0.00222314429,0.00220797909,0.00229086354,0.00230437191,0.00262157223,0.00237237196,0.00284389127,0.00233602407,0.00232295156,0.0032448885,0,0,0,0,0,0,0,0,0,0,0,0,0,0,0,0,0,0,0,0,0,0,0,0
610,6.203000,3,1,1,0,0,3.52111816,3.5168457,3.51318359,3.51837158,3.51196289,3.52203369,3.51806641,3.51196289,3.49731445,3.49487305,3.49609375,3.48510742,3.48327637,3.47839355,3.49151611,3.49853516,0.00929498021,0.00867292192,0.00825790688,0.00997349061,0.00827510003,0.00883911178,0.010404421,0.00892754365,0.00912534352,0.00813613553,0.00812468491,0.00804725662,0.00952672865,0.00991628878,0.00907534733,0.00892917905,0,0,0,0,0,0,0,0,0,0,0,0,0,0,0,0,0,0,0,0,0,0,0,0
611,6.375000,3,1,1,0,0,3.51531982,3.51196289,3.50921631,3.51287842,3.50738525,3.5168457,3.51165771,3.50646973,3.49273682,3.49395752,3.49487305,3.48388672,3.47869873,3.47320557,3.48632812,3.49487305,0.00449149171,0.00444025034,0.00387241854,0.00356792542,0.00400551921,0.00383155746,0.00403719768,0.00359104248,0.00380886672,0.00465558656,0.00397013221,0.00559316389,0.00395029504,0.00408024015,0.00362009136,0.00386802619,0,0,0,0,0,0,0,0,0,0,0,0,0,0,0,0,0,0,0,0,0,0,0,0
612,6.375000,3,1,1,0,0,3.5055542,3.50219727,3.49914551,3.50158691,3.4967041,3.50860596,3.50036621,3.49700928,3.48175049,3.47961426,3.48419189,3.47076416,3.46862793,3.46343994,3.47625732,3.48449707,-0.00150501588,-0.00184968137,-0.00203403714,-0.00162223936,-0.00110772741,-0.00078324246,-0.00185395044,-0.0014226106,-0.00310236891,-0.00433538528,-0.00331127038,-0.00319863763,-0.0031143208,-0.0031838615,-0.00353233493,-0.0014217766,0,0,0,0,0,0,0,0,0,0,0,0,0,0,0,0,0,0,0,0,0,0,0,0
613,6.375000,3,1,1,0,0,3.51501465,3.51257324,3.50891113,3.51257324,3.50738525,3.51806641,3.51135254,3.50524902,3.49243164,3.49212646,3.49395752,3.48236084,3.47900391,3.47442627,3.48602295,3.4954834,0.00424545771,0.00487723574,0.00394537207,0.0049012471,0.00433033751,0.00362276589,0.00472834194,0.00384150236,0.00378256827,0.00464895973,0.0050519919,0.0045560156,0.00376391457,0.00469490374,0.00473622698,0.00406807195,0,0,0,0,0,0,0,0,0,0,0,0,0,0,0,0,0,0,0,0,0,0,0,0
614,6.375000,3,1,1,0,0,3.50708008,3.50402832,3.50036621,3.50402832,3.49853516,3.51013184,3.50311279,3.4979248,3.48266602,3.48175049,3.48327637,3.47137451,3.47045898,3.46496582,3.4777832,3.48144531,0.00326413196,0.00295636337,0.00301613216,0.00296189403,0.00288632815,0.00313833612,0.00309156044,0.00290912762,0.00146133569,0.00141636329,0.00103767752,0.00179009885,0.00147718657,0.000718312687,0.00146371976,0.00135474547,0,0,0,0,0,0,0,0,0,0,0,0,0,0,0,0,0,0,0,0,0,0,0,0
615,6.375000,3,1,1,0,0,3.51409912,3.51104736,3.50646973,3.51043701,3.50646973,3.51623535,3.51043701,3.50341797,3.49151611,3.4866333,3.49365234,3.4777832,3.47808838,3.47320557,3.48571777,3.49060059,0.00468738098,0.00523225311,0.00516311498,0.00559085514,0.00556136854,0.00476179179,0.00582843507,0.00498126214,0.00400678627,0.00457760692,0.00498860469,0.00498530548,0.00322971097,0.0050551598,0.00394505449,0.00547669176,0,0,0,0,0,0,0,0,0,0,0,0,0,0,0,0,0,0,0,0,0,0,0,0
616,6.375000,3,1,1,0,0,3.51409912,3.51104736,3.50769043,3.51074219,3.50616455,3.51623535,3.51013184,3.50463867,3.49151611,3.49151611,3.49456787,3.48175049,3.47991943,3.47259521,3.48602295,3.49182129,0.00588457379,0.00548687298,0.00591573957,0.00483210757,0.00575753208,0.00602595881,0.00502842478,0.00478568627,0.00539297657,0.00628110813,0.00583387166,0.00711312937,0.00559834111,0.00476813363,0.00586818298,0.00645491481,0,0,0,0,0,0,0,0,0,0,0,0,0,0,0,0,0,0,0,0,0,0,0,0
617,6.375000,3,1,1,0,0,3.52386475,3.52111816,3.515625,3.51989746,3.515625,3.52600098,3.52172852,3.51287842,3.50036621,3.4979248,3.50097656,3.48724365,3.48815918,3.48236084,3.49334717,3.50006104,0.0121684512,0.0120839849,0.0112539548,0.010683924,0.0114457542,0.011593855,0.0114581445,0.0108658168,0.0102510722,0.00961447228,0.00967230648,0.0090306839,0.0101316813,0.00912497379,0.0109644867,0.00810146518,0,0,0,0,0,0,0,0,0,0,0,0,0,0,0,0,0,0,0,0,0,0,0,0
618,6.375000,3,1,1,0,0,3.50524902,3.50250244,3.49822998,3.50067139,3.4967041,3.50799561,3.50158691,3.49517822,3.48144531,3.47930908,3.48327637,3.46801758,3.46862793,3.46405029,3.4765625,3.48114014,-0.00318922126,-0.00327260257,-0.00389197445,-0.00399444392,-0.00322042056,-0.00349722919,-0.00368586741,-0.0031307633,-0.00389246317,-0.00506501552,-0.00362429582,-0.00436086021,-0.00369074359,-0.00321504381,-0.00350956898,-0.00389279914,0,0,0,0,0,0,0,0,0,0,0,0,0,0,0,0,0,0,0,0,0,0,0,0
619,6.375000,3,1,1,0,0,3.50830078,3.50616455,3.50189209,3.50494385,3.50036621,3.51074219,3.5043335,3.49975586,3.48205566,3.48510742,3.48449707,3.47167969,3.47015381,3.46466064,3.4777832,3.48571777,-4.85972269e-05,-0.000340905739,-5.48717799e-05,0.000174463377,-0.000787095516,-0.00065450673,0.000160590571,-0.000240694033,-0.002926955,0.000126600731,-0.00259533967,-0.00166866533,-0.00149594573,-0.00135594024,-0.00212841341,-0.00159077847,0,0,0,0,0,0,0,0,0,0,0,0,0,0,0,0,0,0,0,0,0,0,0,0
620,6.375000,3,1,1,0,0,3.51501465,3.51135254,3.50891113,3.51074219,3.50738525,3.5168457,3.51196289,3.50494385,3.49243164,3.49243164,3.49304199,3.48236084,3.48052979,3.47320557,3.487854,3.49456787,0.00736980978,0.00658411859,0.00696919905,0.00653061504,0.00715657789,0.00501827849,0.00628962694,0.00658211485,0.00746058021,0.00879306067,0.0070256521,0.00871863589,0.0061575505,0.00727391662,0.00591481384,0.00710986555,0,0,0,0,0,0,0,0,0,0,0,0,0,0,0,0,0,0,0,0,0,0,0,0
621,6.375000,3,1,1,0,0,3.51104736,3.50769043,3.50494385,3.50738525,3.50219727,3.51135254,3.50830078,3.50189209,3.49029541,3.48693848,3.49365234,3.47717285,3.4765625,3.47320557,3.48388672,3.48999023,0.0101351961,0.0102959862,0.00980370492,0.0104429414,0.00962530449,0.00928357616,0.0104732728,0.00977877155,0.00873130374,0.0104873795,0.0102096163,0.0110011967,0.0101804081,0.00952349231,0.00882363506,0.00914701913,0,0,0,0,0,0,0,0,0,0,0,0,0,0,0,0,0,0,0,0,0,0,0,0
622,6.375000,3,1,1,0,0,3.51623535,3.51348877,3.50982666,3.51409912,3.50921631,3.51928711,3.51257324,3.50708008,3.49243164,3.49212646,3.4942627,3.48205566,3.47900391,3.47442627,3.48724365,3.49456787,-0.000252287253,-0.000341082108,-0.00107537885,-0.000359266589,5.06624347e-05,-0.000263244263,-0.000427713094,-0.00022752583,-0.000429295877,-0.000491695479,-0.000914260745,-0.000570931588,0.00012038229,-0.000155641115,0.00019587006,-0.00102488126,0,0,0,0,0,0,0,0,0,0,0,0,0,0,0,0,0,0,0,0,0,0,0,0
623,6.375000,3,1,1,0,0,3.51745605,3.51379395,3.51104736,3.51531982,3.50982666,3.52020264,3.51318359,3.50860596,3.49243164,3.49487305,3.49456787,3.48297119,3.47991943,3.47442627,3.487854,3.49578857,0.00697591901,0.00737331714,0.00728436699,0.00741872471,0.00769840227,0.00788308959,0.00644029072,0.0074734157,0.00619156519,0.00815099012,0.00609738659,0.00759491883,0.00527401082,0.00509700365,0.00580332056,0.00665974058,0,0,0,0,0,0,0,0,0,0,0,0,0,0,0,0,0,0,0,0,0,0,0,0
624,6.375000,3,1,1,0,0,3.51104736,3.50921631,3.50524902,3.50921631,3.50250244,3.515625,3.50921631,3.50219727,3.49090576,3.49090576,3.4942627,3.48083496,3.47930908,3.47473145,3.48693848,3.49395752,0.00252631051,0.00282408181,0.00331946858,0.00284077204,0.00196203217,0.0034460735,0.00330452621,0.00308983005,0.00240100408,0.00188048882,0.000953854178,0.00151697255,0.00309283729,0.00373734068,0.00171076704,0.00461514667,0,0,0,0,0,0,0,0,0,0,0,0,0,0,0,0,0,0,0,0,0,0,0,0
625,6.375000,3,1,1,0,0,3.51013184,3.5055542,3.50341797,3.50616455,3.50189209,3.51043701,3.5067749,3.50189209,3.48754883,3.48480225,3.48999023,3.47473145,3.47564697,3.47045898,3.48022461,3.48968506,0.00300919893,0.0031229218,0.00346521381,0.00233205524,0.00376082771,0.00293150567,0.00324761192,0.00364422728,0.00400383677,0.00333596487,0.00418803468,0.00421576342,0.00470300764,0.00289368792,0.00444341684,0.0033436243,0,0,0,0,0,0,0,0,0,0,0,0,0,0,0,0,0,0,0,0,0,0,0,0
626,6.375000,3,1,1,0,0,3.50341797,3.50158691,3.4967041,3.50006104,3.4967041,3.5067749,3.50189209,3.4954834,3.48205566,3.47961426,3.48388672,3.47106934,3.46832275,3.46313477,3.4753418,3.48144531,-0.00762422103,-0.00717028929,-0.00746786175,-0.0077789831,-0.0072803353,-0.00675163418,-0.00691990554,-0.00695083151,-0.00673326664,-0.00862211641,-0.00723816454,-0.00654391479,-0.00744349882,-0.00670441799,-0.00611503329,-0.00768294046,0,0,0,0,0,0,0,0,0,0,0,0,0,0,0,0,0,0,0,0,0,0,0,0
627,6.375000,3,1,1,0,0,3.51776123,3.51409912,3.51165771,3.51501465,3.50921631,3.52020264,3.51470947,3.50860596,3.49243164,3.49334717,3.4979248,3.48480225,3.48022461,3.47473145,3.48754883,3.49639893,0.000556175481,6.5672677e-05,-0.000115401926,-0.000488127407,0.00017200911,0.00023669214,0.000320702908,-0.000429124688,0.000811175676,0.000781026203,0.00162627548,0.00178962562,0.000887865084,0.00165932183,0.000254887156,0.000540995621,0,0,0,0,0,0,0,0,0,0,0,0,0,0,0,0,0,0,0,0,0,0,0,0
628,6.531000,3,1,1,0,0,3.49822998,3.49487305,3.49243164,3.4954834,3.49060059,3.50097656,3.49517822,3.48999023,3.47320557,3.47412109,3.47564697,3.46282959,3.46008301,3.45489502,3.46679688,3.4765625,-0.000189142418,-0.000532421866,-0.000463969773,0.000133022666,-0.00093446672,-2.28326535e-05,-8.48989002e-05,0.000539762608,-0.000954667688,-0.000410076696,-0.00122489035,-0.000996049028,-0.000661215046,-0.000762006617,-0.00305456901,-1.81724317e-07,0,0,0,0,0,0,0,0,0,0,0,0,0,0,0,0,0,0,0,0,0,0,0,0
629,6.531000,3,1,1,0,0,3.51013184,3.50769043,3.50402832,3.50952148,3.50250244,3.51501465,3.50952148,3.50311279,3.48815918,3.48693848,3.48937988,3.47625732,3.47503662,3.47259521,3.48175049,3.48999023,0.00620784424,0.00715602003,0.00654749153,0.00695295259,0.00668879598,0.00783449505,0.00766416546,0.00657073641,0.00702446047,0.00735818781,0.00668168813,0.00507930992,0.00669766497,0.0074005709,0.00740153994,0.00606118515,0,0,0,0,0,0,0,0,0,0,0,0,0,0,0,0,0,0,0,0,0,0,0,0
630,6.531000,3,1,1,0,0,3.51287842,3.50860596,3.50616455,3.50860596,3.5055542,3.515625,3.51074219,3.50250244,3.49151611,3.49029541,3.49395752,3.48083496,3.47869873,3.47412109,3.48632812,3.49090576,0.0060184733,0.00538900634,0.00594620826,0.00572061026,0.00633344753,0.00593458628,0.00469021825,0.00508371601,0.00490775425,0.00704202009,0.00674878061,0.00662433356,0.0049181506,0.00469580851,0.00625699433,0.00517107407,0,0,0,0,0,0,0,0,0,0,0,0,0,0,0,0,0,0,0,0,0,0,0,0
631,6.531000,3,1,1,0,0,3.52294922,3.52081299,3.51623535,3.52020264,3.51593018,3.52600098,3.52142334,3.51348877,3.50189209,3.50067139,3.50402832,3.49121094,3.48846436,3.48236084,3.49731445,3.50402832,0.00695064059,0.00706563983,0.00671161432,0.00752646802,0.00704116514,0.00674491748,0.00774395047,0.00670371344,0.00747722061,0.00728721684,0.00704301288,0.00811368693,0.00655087503,0.00609310484,0.00762645341,0.00717901811,0,0,0,0,0,0,0,0,0,0,0,0,0,0,0,0,0,0,0,0,0,0,0,0
632,6.531000,3,1,1,0,0,3.51623535,3.51348877,3.51013184,3.51318359,3.50830078,3.51806641,3.51165771,3.50799561,3.49243164,3.49243164,3.49365234,3.48297119,3.48083496,3.47442627,3.48754883,3.49517822,2.61150417e-05,-0.000180862669,0.000446737802,0.000328482565,0.000294658937,-0.000356072414,0.000238507462,0.000501713133,0.000915255863,0.000294687081,0.000542607799,0.000557103776,0.000762385374,3.25991423e-05,0.000865395297,0.00209577708,0,0,0,0,0,0,0,0,0,0,0,0,0,0,0,0,0,0,0,0,0,0,0,0
633,6.531000,3,1,1,0,0,3.51470947,3.51257324,3.50830078,3.51074219,3.50708008,3.51806641,3.51135254,3.50494385,3.49090576,3.49121094,3.49334717,3.48114014,3.47900391,3.47259521,3.48602295,3.49090576,0.00410362519,0.00337675493,0.00369002833,0.0034231171,0.0035996628,0.00365137705,0.00338586629,0.00362809235,0.00206861063,0.00257857027,0.00256010564,0.00132784399,0.00244459393,0.00290597253,0.00264692563,0.00271403859,0,0,0,0,0,0,0,0,0,0,0,0,0,0,0,0,0,0,0,0,0,0,0,0
634,6.531000,3,1,1,0,0,3.51257324,3.50952148,3.50616455,3.50982666,3.5055542,3.51593018,3.51104736,3.50311279,3.49121094,3.49060059,3.49395752,3.48083496,3.47991943,3.47412109,3.48632812,3.49395752,0.00245149969,0.00234018359,0.00293663959,0.00220771506,0.00348118343,0.00364235276,0.00262011751,0.0024048395,0.00376870902,0.00360916881,0.00395145034,0.00398133043,0.00337780756,0.00305675529,0.00342133967,0.004177514,0,0,0,0,0,0,0,0,0,0,0,0,0,0,0,0,0,0,0,0,0,0,0,0
635,6.531000,3,1,1,0,0,3.50769043,3.50341797,3.50128174,3.50494385,3.49975586,3.51013184,3.50494385,3.49945068,3.48754883,3.48510742,3.48968506,3.47595215,3.47442627,3.46954346,3.48175049,3.48876953,0.00520588038,0.00435529416,0.0047586835,0.00571951969,0.00505439145,0.00430948939,0.0049304883,0.00475155748,0.00542886043,0.00580246653,0.00510934507,0.00529076718,0.00453420449,0.00547295297,0.00581871765,0.00501784543,0,0,0,0,0,0,0,0,0,0,0,0,0,0,0,0,0,0,0,0,0,0,0,0
636,6.531000,3,1,1,0,0,3.50616455,3.50311279,3.49731445,3.50250244,3.49731445,3.50921631,3.50189209,3.49578857,3.48175049,3.48083496,3.48449707,3.47106934,3.46923828,3.46313477,3.4765625,3.48052979,0.000234800507,-0.000612390344,-0.000630409922,-0.000321494648,-0.000377576042,-0.000180551258,-0.000614868419,-7.03086844e-05,9.04372428e-06,0.000958007062,0.00109342765,-0.00175979664,4.46877675e-05,-0.000278002815,0.000490085571,-0.000566823059,0,0,0,0,0,0,0,0,0,0,0,0,0,0,0,0,0,0,0,0,0,0,0,0
637,6.531000,3,1,1,0,0,3.51531982,3.51287842,3.50921631,3.51348877,3.50799561,3.51745605,3.51135254,3.50616455,3.49273682,3.49304199,3.49334717,3.48449707,3.47961426,3.47381592,3.48724365,3.49578857,0.00205802429,0.00224250299,0.00240804791,0.00263962662,0.00204333011,0.000960738515,0.00240583438,0.00190045219,0.00218998734,0.00181523955,0.00274745608,0.00264899083,0.00307545112,0.00244057411,0.00371946581,0.00281642238,0,0,0,0,0,0,0,0,0,0,0,0,0,0,0,0,0,0,0,0,0,0,0,0
638,6.531000,3,1,1,0,0,3.52081299,3.51715088,3.51470947,3.51837158,3.51135254,3.52386475,3.51837158,3.51287842,3.50036621,3.49639893,3.50311279,3.48815918,3.4866333,3.48327637,3.49365234,3.50006104,0.00936446432,0.0089798132,0.00950412173,0.0101814521,0.00826483872,0.00895768031,0.0102990912,0.00927057955,0.010060329,0.00894908048,0.0116227465,0.00854883902,0.00997420773,0.010855712,0.0105344774,0.00925450493,0,0,0,0,0,0,0,0,0,0,0,0,0,0,0,0,0,0,0,0,0,0,0,0
639,6.531000,3,1,1,0,0,3.51745605,3.51379395,3.51013184,3.5144043,3.50891113,3.51959229,3.51226807,3.50799561,3.49151611,3.49243164,3.49365234,3.48175049,3.48022461,3.47412109,3.48815918,3.49578857,0.00588665018,0.00583284581,0.00554487295,0.00683723902,0.00592274219,0.00670817867,0.00548295584,0.00638774876,0.00395763759,0.00427568238,0.00415851967,0.00313373632,0.00476059085,0.00489250571,0.00512334239,0.00539965276,0,0,0,0,0,0,0,0,0,0,0,0,0,0,0,0,0,0,0,0,0,0,0,0
640,6.531000,3,1,1,0,0,3.51074219,3.50646973,3.50494385,3.50921631,3.50219727,3.5144043,3.50982666,3.50189209,3.49121094,3.49060059,3.49273682,3.48022461,3.47869873,3.47259521,3.48571777,3.49029541,0.00340060913,0.00275091897,0.00313770934,0.00207134127,0.00293804426,0.00323448027,0.00322827464,0.00240844628,0.00222698902,0.00376371853,0.00278262631,0.00327721937,0.00372649473,0.0030699647,0.00398323312,0.00413188711,0,0,0,0,0,0,0,0,0,0,0,0,0,0,0,0,0,0,0,0,0,0,0,0
641,6.531000,3,1,1,0,0,3.51165771,3.50921631,3.50524902,3.50860596,3.50524902,3.51531982,3.51013184,3.50280762,3.48907471,3.48724365,3.49243164,3.47900391,3.47686768,3.47229004,3.48510742,3.48999023,0.000636774057,0.0012613436,0.000106166583,0.00048996188,0.00151235273,0.00188115845,0.00222866447,0.000677038974,0.000510614424,-0.00143820699,0.000165097706,0.000196873269,0.0012049044,0.00224792026,0.00035222969,-0.000788761768,0,0,0,0,0,0,0,0,0,0,0,0,0,0,0,0,0,0,0,0,0,0,0,0
642,6.531000,3,1,1,0,0,3.50982666,3.50708008,3.50372314,3.5067749,3.50097656,3.51287842,3.50708008,3.50128174,3.48602295,3.48571777,3.48449707,3.47473145,3.46984863,3.46862793,3.47747803,3.48693848,0.00396139408,0.00366441812,0.00375627936,0.00292198616,0.00347252865,0.00430270284,0.00395596633,0.00370590319,0.00473983632,0.00468614791,0.00373864477,0.00387621112,0.00413424289,0.00335835689,0.00409798138,0.00305783562,0,0,0,0,0,0,0,0,0,0,0,0,0,0,0,0,0,0,0,0,0,0,0,0
643,6.531000,3,1,1,0,0,3.51379395,3.51226807,3.50738525,3.51043701,3.50708008,3.5168457,3.51074219,3.50372314,3.49121094,3.49060059,3.49334717,3.4777832,3.4777832,3.47320557,3.48602295,3.48968506,0.00902043283,0.00916582718,0.00848051719,0.00906144269,0.00923807081,0.00973677635,0.00906928629,0.00859952625,0.00809039641,0.00826576632,0.00859996397,0.00762723712,0.0089332005,0.007698745,0.00901120249,0.00657264376,0,0,0,0,0,0,0,0,0,0,0,0,0,0,0,0,0,0,0,0,0,0,0,0
644,6.531000,3,1,1,0,0,3.5168457,3.51379395,3.51043701,3.51470947,3.50921631,3.51989746,3.51257324,3.50891113,3.49243164,3.4954834,3.49456787,3.4854126,3.48052979,3.47473145,3.48724365,3.4967041,0.00522903493,0.00503614498,0.00465037068,0.00575002516,0.00467046397,0.00590949319,0.0043723546,0.00535259396,0.00343084289,0.00488613034,0.00353259454,0.00667174719,0.00471693743,0.00392582919,0.00407080539,0.00571934925,0,0,0,0,0,0,0,0,0,0,0,0,0,0,0,0,0,0,0,0,0,0,0,0
645,6.703000,3,1,1,0,0,3.52355957,3.52050781,3.51776123,3.51989746,3.51593018,3.52661133,3.52111816,3.51379395,3.50128174,3.50097656,3.50280762,3.48724365,3.48846436,3.48358154,3.49700928,3.50097656,0.00201402139,0.0011580307,0.00118911825,0.00164093869,0.0012974909,0.00137483573,0.00283372728,0.00220510224,0.00222960068,0.000365509535,0.00212820433,-0.000779513619,0.00196914631,0.00194687617,0.0017958337,0.00142864906,0,0,0,0,0,0,0,0,0,0,0,0,0,0,0,0,0,0,0,0,0,0,0,0
646,6.703000,3,1,1,0,0,3.51043701,3.50738525,3.50494385,3.50860596,3.50189209,3.5144043,3.50830078,3.50219727,3.48724365,3.4854126,3.48571777,3.47473145,3.47503662,3.47015381,3.47930908,3.48876953,0.00509558385,0.0046517998,0.0051989127,0.00556076039,0.0042820829,0.00393948983,0.00441205828,0.00518217729,0.00395825505,0.0030363868,0.00323961978,0.0037056983,0.00286752917,0.00379486568,0.00373008847,0.0035215423,0,0,0,0,0,0,0,0,0,0,0,0,0,0,0,0,0,0,0,0,0,0,0,0
647,6.703000,3,1,1,0,0,3.5168457,3.51287842,3.51013184,3.51379395,3.50891113,3.51806641,3.51135254,3.50769043,3.49212646,3.49395752,3.49456787,3.48419189,3.48052979,3.47442627,3.48724365,3.49487305,0.00752207544,0.00710074231,0.0068594031,0.00640817638,0.00712907407,0.00641828869,0.00514012016,0.00645532319,0.00478453282,0.00727880746,0.0061305901,0.00649264408,0.00521269022,0.00426681526,0.00506189,0.00695278589,0,0,0,0,0,0,0,0,0,0,0,0,0,0,0,0,0,0,0,0,0,0,0,0
648,6.703000,3,1,1,0,0,3.50585938,3.50219727,3.49884033,3.50158691,3.49731445,3.50830078,3.50189209,3.49609375,3.48236084,3.48388672,3.48419189,3.47442627,3.47106934,3.4677124,3.4777832,3.48571777,-0.00448989915,-0.00455437228,-0.00469985092,-0.00568259181,-0.00521421991,-0.00471186964,-0.00467840582,-0.00493710162,-0.00337763131,-0.00372227281,-0.00360738649,-0.00194155495,-0.00291334209,-0.00224042498,-0.00324651552,-0.00353971031,0,0,0,0,0,0,0,0,0,0,0,0,0,0,0,0,0,0,0,0,0,0,0,0
649,6.703000,3,1,1,0,0,3.50585938,3.50372314,3.49731445,3.50158691,3.49761963,3.50830078,3.50219727,3.4967041,3.48236084,3.48114014,3.48449707,3.47137451,3.46893311,3.46466064,3.47747803,3.48449707,-0.00253212918,-0.00231596129,-0.00285129622,-0.00264265342,-0.00248750416,-0.00265352009,-0.00298842089,-0.00219148118,-0.000528408622,-0.00230511185,-0.000420229917,-0.00196725293,-0.000125037041,-0.00109356898,-0.00269039441,-0.00101227127,0,0,0,0,0,0,0,0,0,0,0,0,0,0,0,0,0,0,0,0,0,0,0,0
650,6.703000,3,1,1,0,0,3.51043701,3.50708008,3.5043335,3.50769043,3.50189209,3.51196289,3.50860596,3.50097656,3.4866333,3.48571777,3.48846436,3.47564697,3.47076416,3.46954346,3.47839355,3.48815918,-0.00293391384,-0.00348596135,-0.00306401169,-0.00360436202,-0.00352257397,-0.00313898246,-0.00291449577,-0.0028778268,-0.00359581108,-0.00448349584,-0.00361541193,-0.00335538783,-0.00400285283,-0.00399580458,-0.00419135764,-0.00359046576,0,0,0,0,0,0,0,0,0,0,0,0,0,0,0,0,0,0,0,0,0,0,0,0
651,6.703000,3,1,1,0,0,3.51013184,3.50738525,3.50494385,3.50952148,3.50189209,3.51379395,3.50799561,3.50280762,3.49121094,3.487854,3.49273682,3.48052979,3.47808838,3.47259521,3.48571777,3.49029541,-0.00109502522,-0.00238613156,-0.000473770313,-0.000419199467,-0.00137851422,-0.00231601624,-0.00145075435,-0.000676954282,0.00163835275,-0.000781975803,0.00175131613,0.000529488374,0.0009259457,0.000982853351,-6.73799514e-06,0.000729765568,0,0,0,0,0,0,0,0,0,0,0,0,0,0,0,0,0,0,0,0,0,0,0,0
652,6.703000,3,1,1,0,0,3.52264404,3.51928711,3.515625,3.51989746,3.51531982,3.5256958,3.51959229,3.51257324,3.50036621,3.49975586,3.50250244,3.49029541,3.48876953,3.48327637,3.4954834,3.49975586,0.00833166763,0.00865730084,0.00881242473,0.00875896402,0.00894947071,0.00801595207,0.00718471128,0.00867159944,0.00686236611,0.00920794345,0.00810668245,0.00848169904,0.00742030237,0.00711096544,0.00706859306,0.00920562726,0,0,0,0,0,0,0,0,0,0,0,0,0,0,0,0,0,0,0,0,0,0,0,0
653,6.703000,3,1,1,0,0,3.51531982,3.51196289,3.50921631,3.51196289,3.50738525,3.5168457,3.51165771,3.5067749,3.49090576,3.49182129,3.49395752,3.48175049,3.47991943,3.47320557,3.48754883,3.49456787,-5.38734603e-05,-0.000520650472,-0.00017160803,-0.000622189196,-0.000793382758,-0.000763481949,-0.000201350544,-0.00056168047,-0.00165002607,9.44833446e-05,-0.000418160547,-0.000242007227,-0.000836435298,-0.00108757638,-0.000437382783,0.00109655503,0,0,0,0,0,0,0,0,0,0,0,0,0,0,0,0,0,0,0,0,0,0,0,0
654,6.703000,3,1,1,0,0,3.51501465,3.51226807,3.50769043,3.51287842,3.50738525,3.51806641,3.51104736,3.50616455,3.49121094,3.49273682,3.49456787,3.48388672,3.47869873,3.47381592,3.48693848,3.49578857,0.00221693469,0.00188483542,0.00167972385,0.00187388784,0.00196923222,0.00215625996,0.00111294258,0.0017009452,0.000737070572,0.0020070551,0.00134167785,0.00265068142,0.000899431412,0.00187611184,0.0015310609,0.00267574657,0,0,0,0,0,0,0,0,0,0,0,0,0,0,0,0,0,0,0,0,0,0,0,0
655,6.703000,3,1,1,0,0,3.51623535,3.51470947,3.50952148,3.51287842,3.50830078,3.51959229,3.51257324,3.50830078,3.49182129,3.49395752,3.49304199,3.48205566,3.48083496,3.47442627,3.48724365,3.4942627,-0.00233246875,-0.000839430955,-0.00190951128,-0.00220187311,-0.00163395563,-0.0012453408,-0.00147857633,-0.00224130787,-0.00252765301,-0.00268472382,-0.00298867142,-0.00445506861,-0.00115373253,-0.00288076093,-0.00156038359,-0.003782138,0,0,0,0,0,0,0,0,0,0,0,0,0,0,0,0,0,0,0,0,0,0,0,0
656,6.703000,3,1,1,0,0,3.50921631,3.50585938,3.50402832,3.50616455,3.50128174,3.51074219,3.5067749,3.50036621,3.48968506,3.48510742,3.49273682,3.47900391,3.47564697,3.47198486,3.48327637,3.49060059,-0.00213843584,-0.00149197457,-0.0013811253,-0.0016348674,-0.0011253691,-0.00249027391,-0.00145080849,-0.00163430092,-0.000713169808,-0.001197882,0.000571911107,-0.000671476824,-0.000196201698,-0.000286974711,-0.000277885643,-4.90515959e-07,0,0,0,0,0,0,0,0,0,0,0,0,0,0,0,0,0,0,0,0,0,0,0,0
657,6.703000,3,1,1,0,0,3.50311279,3.50158691,3.49853516,3.49975586,3.49639893,3.5067749,3.50158691,3.49517822,3.48175049,3.48205566,3.48449707,3.47320557,3.47106934,3.46435547,3.47747803,3.4854126,-0.000647297595,-7.90538033e-05,-0.000327768968,-0.00137714169,0.000253806938,-0.000243472052,0.00030584971,-0.000579501619,0.000235111802,-8.98959115e-06,0.000555741484,-0.000126887229,0.000390742091,0.000266824849,0.00012818398,0.000566566945,0,0,0,0,0,0,0,0,0,0,0,0,0,0,0,0,0,0,0,0,0,0,0,0
658,6.703000,3,1,1,0,0,3.50952148,3.5067749,3.50372314,3.50769043,3.50036621,3.51074219,3.5067749,3.50067139,3.48876953,3.48693848,3.49212646,3.4765625,3.4765625,3.47259521,3.48327637,3.49029541,0.00132770627,0.000879342144,0.00124568865,0.00181541801,0.000523732975,0.00222647958,0.00208429876,0.0013751199,0.0012515093,0.0001668193,0.00117419474,0.00109950756,0.00188409048,0.00128533749,0.00184711034,0.00128471851,0,0,0,0,0,0,0,0,0,0,0,0,0,0,0,0,0,0,0,0,0,0,0,0
659,6.703000,3,1,1,0,0,3.52508545,3.52233887,3.51867676,3.52264404,3.51745605,3.52813721,3.52233887,3.515625,3.50219727,3.50189209,3.50280762,3.49121094,3.48907471,3.48449707,3.49578857,3.50372314,0.00503692403,0.00554100377,0.00540143065,0.00557814119,0.00558728306,0.00463976432,0.00491132308,0.00488391938,0.00377059798,0.00594881503,0.00510170963,0.00579289906,0.00325855799,0.00471838983,0.00347251608,0.00539330579,0,0,0,0,0,0,0,0,0,0,0,0,0,0,0,0,0,0,0,0,0,0,0,0
660,6.703000,3,1,1,0,0,3.50128174,3.50036621,3.49700928,3.50036621,3.4954834,3.50524902,3.50036621,3.49365234,3.48175049,3.48083496,3.48358154,3.47137451,3.46893311,3.46282959,3.47564697,3.48083496,0.00209705951,0.00313110743,0.00283641252,0.00251545059,0.00378600508,0.00223813602,0.00180368428,0.00262507075,0.0020591775,0.00281897793,0.00251489109,0.0032888616,0.00163934869,0.00165264355,0.00281442539,0.00254756631,0,0,0,0,0,0,0,0,0,0,0,0,0,0,0,0,0,0,0,0,0,0,0,0
661,6.703000,3,1,1,0,0,3.50219727,3.49945068,3.49700928,3.50036621,3.49456787,3.50616455,3.50036621,3.49395752,3.48266602,3.47991943,3.48358154,3.47137451,3.47015381,3.46435547,3.47564697,3.48419189,-0.00312665105,-0.0030652713,-0.00259115803,-0.00262739067,-0.00229656277,-0.00324149872,-0.0023490875,-0.00287976302,-0.000794373802,-0.00149629149,-0.000634537195,-0.000926217297,-0.000716510229,-0.00145101501,-0.000800453534,-0.000769522623,0,0,0,0,0,0,0,0,0,0,0,0,0,0,0,0,0,0,0,0,0,0,0,0
662,6.875000,3,1,1,0,0,3.515625,3.51379395,3.50952148,3.51196289,3.50891113,3.51837158,3.51196289,3.50738525,3.49304199,3.49182129,3.49456787,3.48236084,3.47900391,3.47473145,3.4866333,3.49487305,0.000441567856,0.000809266116,6.85951672e-05,-0.000633513264,0.000655448297,0.000918618869,0.000401771802,7.13870395e-05,-0.000975966104,0.000951025402,-0.00029673567,0.00115056103,-0.00084003777,0.00112951756,0.000519420253,0.00101734337,0,0,0,0,0,0,0,0,0,0,0,0,0,0,0,0,0,0,0,0,0,0,0,0
663,6.875000,3,1,1,0,0,3.50158691,3.50006104,3.4954834,3.49975586,3.49395752,3.50585938,3.50036621,3.49365234,3.48205566,3.48114014,3.48327637,3.47137451,3.46954346,3.46466064,3.47686768,3.48449707,0.000500065216,0.000499546295,0.000331983727,1.2420649e-05,-0.000540949346,0.000104162638,-0.000241624453,0.000558957341,-0.0012342867,5.87935356e-05,-0.00137379661,0.000346664921,-0.000762511627,2.64915107e-05,-0.000141397162,0.00154939585,0,0,0,0,0,0,0,0,0,0,0,0,0,0,0,0,0,0,0,0,0,0,0,0
664,6.875000,3,1,1,0,0,3.51470947,3.51226807,3.50921631,3.51348877,3.50738525,3.51837158,3.51196289,3.5055542,3.49212646,3.49212646,3.49487305,3.48388672,3.47869873,3.47473145,3.487854,3.49517822,0.00764261279,0.00736958673,0.00750774704,0.00768564455,0.0079424968,0.00775656337,0.00663264748,0.0076488452,0.00631250208,0.0075095566,0.0057815304,0.00791515503,0.00701466203,0.00597387878,0.00748611428,0.00712225353,0,0,0,0,0,0,0,0,0,0,0,0,0,0,0,0,0,0,0,0,0,0,0,0
665,6.875000,3,1,1,0,0,3.51531982,3.51257324,3.50952148,3.51348877,3.50769043,3.51867676,3.51226807,3.50708008,3.49273682,3.49304199,3.49395752,3.48205566,3.48083496,3.47442627,3.48815918,3.4954834,-0.00212504365,-0.00204268284,-0.00204195129,-0.00222893036,-0.00170032622,-0.00154830457,-0.00165132282,-0.00215423806,-0.00182522566,-0.00101884233,-0.00152234256,-0.00130422844,-0.000863369205,-0.00272252643,-0.000380660844,-0.00233242987,0,0,0,0,0,0,0,0,0,0,0,0,0,0,0,0,0,0,0,0,0,0,0,0
666,6.875000,3,1,1,0,0,3.52111816,3.51837158,3.515625,3.51959229,3.51196289,3.52416992,3.51928711,3.51257324,3.50067139,3.49761963,3.50402832,3.48754883,3.48876953,3.48236084,3.49517822,3.49975586,0.00750154909,0.00732493307,0.00739877904,0.00811878406,0.00704174396,0.00809551962,0.00804428943,0.00646573259,0.00590895489,0.00464365073,0.00553813158,0.00431694277,0.00632044487,0.00548978942,0.00590932183,0.00445850287,0,0,0,0,0,0,0,0,0,0,0,0,0,0,0,0,0,0,0,0,0,0,0,0
667,6.875000,3,1,1,0,0,3.51287842,3.51043701,3.50585938,3.51043701,3.50616455,3.51531982,3.51135254,3.50402832,3.49273682,3.49090576,3.49365234,3.48205566,3.47930908,3.47351074,3.48724365,3.4942627,0.00815972313,0.0073242751,0.00730561279,0.00801841263,0.00830695312,0.00797737576,0.0077467924,0.00733790686,0.00723102503,0.0076301517,0.00793162733,0.00810739864,0.00651513133,0.00626036245,0.00815855712,0.00814603362,0,0,0,0,0,0,0,0,0,0,0,0,0,0,0,0,0,0,0,0,0,0,0,0
668,6.875000,3,1,1,0,0,3.51196289,3.51013184,3.50616455,3.51043701,3.50585938,3.51623535,3.51165771,3.50341797,3.49212646,3.48815918,3.49334717,3.48144531,3.47900391,3.47320557,3.48449707,3.48937988,0.00899336487,0.00886101089,0.00929880142,0.00928758085,0.00907992013,0.00895786937,0.00954851136,0.00918014999,0.00902460422,0.00795086846,0.00851872843,0.00910711288,0.00884447712,0.00821401458,0.00874097832,0.00756059121,0,0,0,0,0,0,0,0,0,0,0,0,0,0,0,0,0,0,0,0,0,0,0,0
669,6.875000,3,1,1,0,0,3.51776123,3.51409912,3.51196289,3.51470947,3.50921631,3.52020264,3.51287842,3.50921631,3.49395752,3.49517822,3.49853516,3.48510742,3.48052979,3.47595215,3.48754883,3.4967041,0.00455456274,0.00459707621,0.00476104952,0.00429970399,0.00420073001,0.00480961241,0.00404193252,0.00451625511,0.00384887727,0.00459026918,0.00452493317,0.00283244113,0.00329673802,0.00390051235,0.00373304891,0.00270660198,0,0,0,0,0,0,0,0,0,0,0,0,0,0,0,0,0,0,0,0,0,0,0,0
670,6.875000,3,1,1,0,0,3.51593018,3.51287842,3.50921631,3.51318359,3.50799561,3.51867676,3.51196289,3.50646973,3.49090576,3.49212646,3.49487305,3.48114014,3.47930908,3.47320557,3.487854,3.49121094,0.00627429411,0.00607299292,0.00627727574,0.00637480197,0.0065777977,0.00665926887,0.00517905736,0.00619610073,0.00515221013,0.00532826921,0.00542965205,0.00589280808,0.0056785238,0.00450382801,0.0053835446,0.00470826589,0,0,0,0,0,0,0,0,0,0,0,0,0,0,0,0,0,0,0,0,0,0,0,0
671,6.875000,3,1,1,0,0,3.50341797,3.50128174,3.49639893,3.49884033,3.49639893,3.50646973,3.50128174,3.49395752,3.48144531,3.47869873,3.48236084,3.46984863,3.46710205,3.46282959,3.47473145,3.48114014,-0.00222664978,-0.00238179765,-0.00295693148,-0.00293758139,-0.00256579276,-0.00224975543,-0.00203479594,-0.0021847696,-0.00275424845,-0.00371048506,-0.00330716046,-0.00353266206,-0.0038322662,-0.0023824852,-0.00281041279,-0.00231890008,0,0,0,0,0,0,0,0,0,0,0,0,0,0,0,0,0,0,0,0,0,0,0,0
672,6.875000,3,1,1,0,0,3.51715088,3.51379395,3.51074219,3.5144043,3.50982666,3.51989746,3.51348877,3.50799561,3.49212646,3.49487305,3.49853516,3.48419189,3.47930908,3.47473145,3.48693848,3.49578857,0.00405249884,0.00438574189,0.00394362817,0.00332445023,0.00515178824,0.00430231635,0.00469278451,0.00329056545,0.00292706746,0.00550884148,0.00415565865,0.00442355685,0.00345856301,0.00278833183,0.00399766769,0.002793035,0,0,0,0,0,0,0,0,0,0,0,0,0,0,0,0,0,0,0,0,0,0,0,0
673,6.875000,3,1,1,0,0,3.52111816,3.51867676,3.51409912,3.51867676,3.51318359,3.5244751,3.51928711,3.51196289,3.50128174,3.50006104,3.50311279,3.48968506,3.48724365,3.48266602,3.49517822,3.49914551,0.00594342267,0.00641479995,0.00569167873,0.00623492338,0.00607546372,0.00722545106,0.00679143984,0.0054919729,0.00695310999,0.00495516555,0.00757264066,0.00562081812,0.00645125099,0.00686639827,0.00677980436,0.00444943039,0,0,0,0,0,0,0,0,0,0,0,0,0,0,0,0,0,0,0,0,0,0,0,0
674,6.875000,3,1,1,0,0,3.50738525,3.50372314,3.50036621,3.50311279,3.49853516,3.50952148,3.50524902,3.49822998,3.48297119,3.48297119,3.48510742,3.47229004,3.46984863,3.46343994,3.47686768,3.48480225,-0.00306002889,-0.00230625644,-0.00223858142,-0.00352468598,-0.00301998877,-0.00289847469,-0.0020410663,-0.0029875047,-0.0033042389,-0.00269144843,-0.00293828524,-0.00355875236,-0.00328829512,-0.00373018067,-0.00250724098,-0.00141171599,0,0,0,0,0,0,0,0,0,0,0,0,0,0,0,0,0,0,0,0,0,0,0,0
675,6.875000,3,1,1,0,0,3.5168457,3.51409912,3.51013184,3.5144043,3.50921631,3.51959229,3.51226807,3.50769043,3.49243164,3.49304199,3.4942627,3.48205566,3.47869873,3.47442627,3.48815918,3.49517822,0.00370016508,0.0037401116,0.00342870038,0.00377245271,0.00370947737,0.00320217712,0.00255174516,0.00383500569,0.00302963215,0.0027745259,0.00223913416,0.00257377652,0.0031963489,0.00304087531,0.00241235504,0.00164582208,0,0,0,0,0,0,0,0,0,0,0,0,0,0,0,0,0,0,0,0,0,0,0,0
676,6.875000,3,1,1,0,0,3.50128174,3.49914551,3.49517822,3.49914551,3.49273682,3.50524902,3.49914551,3.49395752,3.48175049,3.48083496,3.48297119,3.47015381,3.46954346,3.46343994,3.47686768,3.48114014,0.00151672272,0.00173025322,0.00165204983,0.00170541264,0.00138634339,0.00161909976,0.000900102314,0.00146312721,0.00112839206,0.00261480385,0.00115968613,0.00270891422,0.000697566662,0.00129607983,0.00151872553,0.00122039288,0,0,0,0,0,0,0,0,0,0,0,0,0,0,0,0,0,0,0,0,0,0,0,0
677,6.875000,3,1,1,0,0,3.50982666,3.50646973,3.50219727,3.50616455,3.50097656,3.50952148,3.50646973,3.50036621,3.48907471,3.48602295,3.49243164,3.4765625,3.47595215,3.47229004,3.48327637,3.49029541,0.00671731494,0.00713393698,0.00691623148,0.00669858372,0.0066746301,0.00575188082,0.0056221881,0.0068857451,0.00638457062,0.00798691716,0.00631178683,0.00802511349,0.00704486808,0.00677881669,0.00669201696,0.00811039936,0,0,0,0,0,0,0,0,0,0,0,0,0,0,0,0,0,0,0,0,0,0,0,0
678,6.875000,3,1,1,0,0,3.50891113,3.5067749,3.5043335,3.50769043,3.50067139,3.51013184,3.50708008,3.50128174,3.48876953,3.48693848,3.49243164,3.47625732,3.47686768,3.47198486,3.48205566,3.48937988,0.00730784796,0.00781681482,0.00818430167,0.00840707961,0.00815397967,0.00765297003,0.00735145155,0.00809107907,0.00821401179,0.00982997473,0.00810682494,0.00962440204,0.00860304851,0.00751175219,0.0077887252,0.0086347945,0,0,0,0,0,0,0,0,0,0,0,0,0,0,0,0,0,0,0,0,0,0,0,0
679,7.047000,3,1,1,0,0,3.50921631,3.50585938,3.50311279,3.50646973,3.50067139,3.51013184,3.50646973,3.49975586,3.48297119,3.48510742,3.48480225,3.47503662,3.46954346,3.46893311,3.47686768,3.48693848,-0.00369989616,-0.00302548194,-0.00336637488,-0.00415833667,-0.00330149918,-0.00430006441,-0.00274769799,-0.00374164362,-0.00540488306,-0.00414565392,-0.00646332884,-0.00434021931,-0.00578780845,-0.00316203176,-0.00529463729,-0.0050720321,0,0,0,0,0,0,0,0,0,0,0,0,0,0,0,0,0,0,0,0,0,0,0,0
680,7.047000,3,1,1,0,0,3.52844238,3.52478027,3.52172852,3.52508545,3.52020264,3.52935791,3.52416992,3.51898193,3.50189209,3.50463867,3.50524902,3.4942627,3.49060059,3.48815918,3.49761963,3.50769043,0.00730270473,0.00647049164,0.00642587384,0.00664972421,0.00655871537,0.00615997659,0.00530257588,0.00674287882,0.00615098281,0.00712837698,0.00690941,0.00700037181,0.00517484918,0.00611096108,0.00540083461,0.00623984449,0,0,0,0,0,0,0,0,0,0,0,0,0,0,0,0,0,0,0,0,0,0,0,0
681,7.047000,3,1,1,0,0,3.51470947,3.51165771,3.50738525,3.51135254,3.5067749,3.5168457,3.51104736,3.50524902,3.49090576,3.49151611,3.4942627,3.48114014,3.47991943,3.47320557,3.48693848,3.49487305,0.00734551065,0.00724626193,0.00761832483,0.00671767676,0.00732483063,0.00698949676,0.00676166033,0.00658929627,0.00649309577,0.00714837015,0.00644982047,0.00738991005,0.00615999522,0.00656213006,0.0067542037,0.00782195851,0,0,0,0,0,0,0,0,0,0,0,0,0,0,0,0,0,0,0,0,0,0,0,0
682,7.047000,3,1,1,0,0,3.50341797,3.50006104,3.49761963,3.50067139,3.49609375,3.50738525,3.50097656,3.49609375,3.48205566,3.47930908,3.48419189,3.47167969,3.46923828,3.46374512,3.47625732,3.48449707,0.000866089424,0.000807623961,0.000770454062,0.00174215226,0.000532652019,0.00203115516,-0.000247592834,0.00123194163,0.00109216431,-1.92027073e-05,0.000487095327,0.00230333232,0.00050975231,9.44370113e-05,0.000606034591,0.00218855194,0,0,0,0,0,0,0,0,0,0,0,0,0,0,0,0,0,0,0,0,0,0,0,0
683,7.047000,3,1,1,0,0,3.51470947,3.51226807,3.50891113,3.51287842,3.50708008,3.5168457,3.51165771,3.50463867,3.49212646,3.49212646,3.49304199,3.48388672,3.48022461,3.47442627,3.48754883,3.4954834,0.00265363255,0.00312124402,0.00297749694,0.00213377899,0.00279376912,0.00225474872,0.0019656748,0.00226394669,0.00210244837,0.00293927174,0.00166947173,0.00371729909,0.00299086259,0.00128228078,0.00272562983,0.00400270242,0,0,0,0,0,0,0,0,0,0,0,0,0,0,0,0,0,0,0,0,0,0,0,0
684,7.047000,3,1,1,0,0,3.51593018,3.51348877,3.50982666,3.5144043,3.50891113,3.51928711,3.51196289,3.50738525,3.49212646,3.49456787,3.49334717,3.48297119,3.48052979,3.47381592,3.4866333,3.49517822,0.00122582132,0.00193168037,0.00166741479,0.00133605627,0.00214738213,0.00225712638,0.00119695254,0.00190456549,0.00265830965,0.00272909412,0.00115124905,0.00180046062,0.000809877529,0.00204304792,0.00124237523,0.00135621079,0,0,0,0,0,0,0,0,0,0,0,0,0,0,0,0,0,0,0,0,0,0,0,0
685,7.047000,3,1,1,0,0,3.50616455,3.50280762,3.50036621,3.50219727,3.49761963,3.50769043,3.50158691,3.49700928,3.48266602,3.48449707,3.48510742,3.47320557,3.47106934,3.46893311,3.47747803,3.48724365,0.00565895531,0.0054342486,0.00556158833,0.00459086802,0.00534652593,0.00491748471,0.00497594383,0.00480559003,0.00552083738,0.006196687,0.00583925191,0.00642990693,0.00640359847,0.00509875081,0.00609558728,0.0043535484,0,0,0,0,0,0,0,0,0,0,0,0,0,0,0,0,0,0,0,0,0,0,0,0
686,7.047000,3,1,1,0,0,3.50524902,3.50158691,3.49731445,3.50067139,3.49639893,3.50738525,3.50158691,3.49578857,3.48114014,3.47869873,3.48327637,3.46801758,3.46893311,3.46374512,3.47686768,3.48358154,-0.000551931676,-0.000464300363,-0.00103784609,-0.000891578733,-0.00119647931,-0.00124701718,-0.000474428321,-0.000479006063,-0.000127350242,-0.00152987381,0.00060559297,-0.00144458143,0.000302148896,-1.86468242e-05,0.000691675756,0.000596907688,0,0,0,0,0,0,0,0,0,0,0,0,0,0,0,0,0,0,0,0,0,0,0,0
687,7.047000,3,1,1,0,0,3.51379395,3.51074219,3.50646973,3.50982666,3.50616455,3.51593018,3.51135254,3.50463867,3.49060059,3.49029541,3.49273682,3.47961426,3.47808838,3.47351074,3.48480225,3.49060059,0.00745001342,0.0075300131,0.00764135784,0.0076937275,0.00662468746,0.00687741768,0.00772830239,0.00777183613,0.00656505954,0.00686581153,0.00714169908,0.00620224467,0.00645671459,0.00621721614,0.00632051006,0.00682156626,0,0,0,0,0,0,0,0,0,0,0,0,0,0,0,0,0,0,0,0,0,0,0,0
688,7.047000,3,1,1,0,0,3.50952148,3.50646973,3.50372314,3.50830078,3.50158691,3.51318359,3.50738525,3.50097656,3.48937988,3.48999023,3.49212646,3.47686768,3.47717285,3.47259521,3.48388672,3.49060059,0.00736256177,0.00732186297,0.00764986174,0.00826847367,0.00779215014,0.00685944455,0.00752389478,0.00743147591,0.00588575099,0.00715117343,0.0065341033,0.00610595429,0.00541719142,0.00682036299,0.0061457241,0.00761200441,0,0,0,0,0,0,0,0,0,0,0,0,0,0,0,0,0,0,0,0,0,0,0,0
689,7.047000,3,1,1,0,0,3.51196289,3.51043701,3.50585938,3.51013184,3.5055542,3.51531982,3.51043701,3.5043335,3.49182129,3.49060059,3.49365234,3.48114014,3.47869873,3.47290039,3.48571777,3.49395752,0.000294954632,0.000567048322,0.000774878659,0.000995341688,0.001189542,0.000914419419,0.00121280039,0.00128171721,0.00229505613,0.00131858257,0.00141150295,0.00165185111,0.00216574268,0.00182498724,0.00225557107,0.00168094854,0,0,0,0,0,0,0,0,0,0,0,0,0,0,0,0,0,0,0,0,0,0,0,0
690,7.047000,3,1,1,0,0,3.51593018,3.51257324,3.50921631,3.51226807,3.50769043,3.51837158,3.51226807,3.5067749,3.49212646,3.49273682,3.49395752,3.48205566,3.48083496,3.47290039,3.48815918,3.49456787,0.00397251733,0.0040269834,0.00387826096,0.0029976212,0.00410492672,0.00431451574,0.0035070912,0.00374917453,0.00233775401,0.00417426322,0.0041069407,0.0032993753,0.00337235956,0.00225600554,0.00262301718,0.00384124019,0,0,0,0,0,0,0,0,0,0,0,0,0,0,0,0,0,0,0,0,0,0,0,0
691,7.047000,3,1,1,0,0,3.51409912,3.51135254,3.50738525,3.51043701,3.5067749,3.51806641,3.51074219,3.5043335,3.49212646,3.48815918,3.49304199,3.48022461,3.47869873,3.47259521,3.48602295,3.49029541,0.0011139377,0.000921217492,0.00180899305,0.00124534988,0.00138335407,0.00127732346,0.00192272034,0.00176441774,0.00329241273,0.00155066187,0.00292484183,0.000430267217,0.00303362613,0.00265262579,0.00326426467,0.000677272445,0,0,0,0,0,0,0,0,0,0,0,0,0,0,0,0,0,0,0,0,0,0,0,0
692,7.047000,3,1,1,0,0,3.51531982,3.51196289,3.50708008,3.51074219,3.50708008,3.51837158,3.51196289,3.50524902,3.49090576,3.49121094,3.4942627,3.48052979,3.47839355,3.47320557,3.4866333,3.48999023,0.00674468465,0.00724402536,0.00655919453,0.00665149093,0.00701203756,0.00780127151,0.00771952607,0.00654214434,0.00711995363,0.00713233184,0.00626830664,0.0069834101,0.00617765216,0.00781258103,0.00719150947,0.00523548853,0,0,0,0,0,0,0,0,0,0,0,0,0,0,0,0,0,0,0,0,0,0,0,0
693,7.047000,3,1,1,0,0,3.51715088,3.5144043,3.51074219,3.51501465,3.50952148,3.51928711,3.51409912,3.50830078,3.49212646,3.49395752,3.49365234,3.48266602,3.48083496,3.47442627,3.48632812,3.49609375,0.00275625661,0.00343128573,0.00346468226,0.00333625753,0.00293837115,0.00263634836,0.00214766851,0.00312302704,0.00104663963,0.00441683643,0.00090356596,0.00332114892,0.00229261094,0.00105756009,0.00181997952,0.00363538484,0,0,0,0,0,0,0,0,0,0,0,0,0,0,0,0,0,0,0,0,0,0,0,0
694,7.047000,3,1,1,0,0,3.52050781,3.51715088,3.51379395,3.51928711,3.51409912,3.52325439,3.51959229,3.51318359,3.50067139,3.49761963,3.50280762,3.48724365,3.48815918,3.48388672,3.4954834,3.50036621,0.00757120037,0.00837180857,0.00799367856,0.00927807391,0.00899244286,0.00913955178,0.00900921971,0.00869123824,0.00892298389,0.00767562259,0.00771397026,0.00746449642,0.00817297772,0.00985389575,0.00886548683,0.00798075274,0,0,0,0,0,0,0,0,0,0,0,0,0,0,0,0,0,0,0,0,0,0,0,0
695,7.047000,3,1,1,0,0,3.49884033,3.49487305,3.49304199,3.4967041,3.49090576,3.50067139,3.49609375,3.48968506,3.47808838,3.4765625,3.47930908,3.46618652,3.46496582,3.46069336,3.47290039,3.48052979,-0.00760081736,-0.00698617613,-0.00690104859,-0.00702422205,-0.00730194291,-0.00648013176,-0.00702101551,-0.00678236131,-0.00712007377,-0.0076394896,-0.00714753894,-0.00675181998,-0.00670398911,-0.0073122927,-0.00658759009,-0.00848032627,0,0,0,0,0,0,0,0,0,0,0,0,0,0,0,0,0,0,0,0,0,0,0,0
696,7.219000,3,1,1,0,0,3.51226807,3.51043701,3.5055542,3.51013184,3.5055542,3.51654053,3.51074219,3.50311279,3.49121094,3.48968506,3.49090576,3.47625732,3.47808838,3.47351074,3.48571777,3.49029541,0.000281833782,0.000250759738,-0.000727255305,-0.000946511747,-0.000205594813,7.26913277e-06,-0.000760401541,-0.000279104774,-0.00134890899,-0.0012838213,-0.00154909526,-0.00245767832,-0.000783013122,-0.00182777294,-0.000834282429,-0.00147809053,0,0,0,0,0,0,0,0,0,0,0,0,0,0,0,0,0,0,0,0,0,0,0,0
697,7.219000,3,1,1,0,0,3.50341797,3.50097656,3.4979248,3.50067139,3.49639893,3.5067749,3.50189209,3.49365234,3.48266602,3.48022461,3.48297119,3.46801758,3.46954346,3.46313477,3.47473145,3.48083496,-0.00275025517,-0.00240119454,-0.00261874753,-0.00288830814,-0.00234051398,-0.00262165489,-0.00325134373,-0.00297468156,-0.00380548346,-0.00202019908,-0.00368628581,-0.00432209158,-0.00298616337,-0.00433159852,-0.00308354129,-0.00340301916,0,0,0,0,0,0,0,0,0,0,0,0,0,0,0,0,0,0,0,0,0,0,0,0
698,7.219000,3,1,1,0,0,3.50311279,3.50189209,3.4979248,3.50036621,3.4967041,3.5067749,3.50219727,3.49456787,3.48236084,3.47900391,3.48297119,3.47106934,3.46740723,3.46313477,3.47442627,3.48052979,-0.00144420448,-0.00114462362,-0.00102025876,-0.00119562529,-0.00109988148,-0.000931000221,-0.00062805484,-0.00169466215,-0.00147960568,-0.00248657493,-0.00188448129,-0.00191502355,-0.00141939812,-0.00175857334,-0.00308359042,-0.00228075078,0,0,0,0,0,0,0,0,0,0,0,0,0,0,0,0,0,0,0,0,0,0,0,0
699,7.219000,3,1,1,0,0,3.50616455,3.50219727,3.49975586,3.50158691,3.49761963,3.50738525,3.50189209,3.49700928,3.48236084,3.48602295,3.48571777,3.47564697,3.47015381,3.46832275,3.4777832,3.48632812,0.00628625881,0.0062569892,0.00654107938,0.00565305864,0.00626601372,0.00585385785,0.00555557804,0.00633300841,0.00492057903,0.00759888208,0.0052602496,0.00725372043,0.00583129982,0.00562224863,0.0057919994,0.00683509279,0,0,0,0,0,0,0,0,0,0,0,0,0,0,0,0,0,0,0,0,0,0,0,0
700,7.219000,3,1,1,0,0,3.51379395,3.51104736,3.50952148,3.51043701,3.50708008,3.5168457,3.51135254,3.50616455,3.49243164,3.49273682,3.49304199,3.48205566,3.47991943,3.47320557,3.48724365,3.49456787,0.00275935,0.00266629457,0.00337583129,0.0028889149,0.00239163823,0.0033280463,0.00405574823,0.00325150834,0.00337628787,0.00384148001,0.00308943703,0.00314000132,0.00407942012,0.00313476613,0.00362078054,0.00312869065,0,0,0,0,0,0,0,0,0,0,0,0,0,0,0,0,0,0,0,0,0,0,0,0
701,7.219000,3,1,1,0,0,3.515625,3.51257324,3.50921631,3.51135254,3.50738525,3.51745605,3.51043701,3.50708008,3.49243164,3.49182129,3.49365234,3.48052979,3.47991943,3.47381592,3.48571777,3.49090576,-0.00103187806,-0.000532469945,-0.000982248224,-0.00157675403,-0.0002053848,-0.00112402323,-0.000730744272,-0.000827069278,-0.000135212089,-0.000360955135,-0.000159064832,-0.000632557785,-0.000144592312,-0.000656432181,-0.000899432809,-0.00155254838,0,0,0,0,0,0,0,0,0,0,0,0,0,0,0,0,0,0,0,0,0,0,0,0
702,7.219000,3,1,1,0,0,3.51165771,3.50708008,3.50494385,3.50952148,3.50280762,3.51470947,3.50952148,3.50189209,3.49212646,3.48999023,3.49273682,3.48052979,3.47900391,3.47412109,3.48571777,3.49029541,0.00279704155,0.0017104625,0.00281684753,0.00247834553,0.00208173878,0.00287590851,0.00232161279,0.00262936484,0.00280421833,0.00330074271,0.00393499667,0.00297811488,0.00282157469,0.00343523594,0.00243346347,0.00336170313,0,0,0,0,0,0,0,0,0,0,0,0,0,0,0,0,0,0,0,0,0,0,0,0
703,7.219000,3,1,1,0,0,3.51623535,3.51318359,3.51013184,3.51318359,3.50860596,3.51867676,3.51257324,3.50769043,3.49273682,3.4942627,3.49365234,3.48297119,3.47869873,3.47381592,3.48602295,3.49609375,0.00478550605,0.00568915717,0.00565263722,0.00577392243,0.00587639725,0.00564755406,0.00537675107,0.00576279545,0.00444909977,0.00668032886,0.00469210604,0.00442766026,0.00450549973,0.00399492122,0.00422283588,0.00620912574,0,0,0,0,0,0,0,0,0,0,0,0,0,0,0,0,0,0,0,0,0,0,0,0
704,7.219000,3,1,1,0,0,3.51318359,3.51196289,3.50860596,3.50982666,3.50646973,3.51715088,3.51226807,3.50402832,3.49304199,3.49182129,3.49273682,3.48205566,3.47961426,3.47351074,3.48754883,3.49121094,0.00121467421,0.00063989911,0.00201894506,0.00212075631,0.00080339238,0.000436367176,0.00206675031,0.00189681118,0.00307275681,0.001997435,0.00279966206,0.00245909835,0.00290341396,0.0033475107,0.00339708361,0.00233978056,0,0,0,0,0,0,0,0,0,0,0,0,0,0,0,0,0,0,0,0,0,0,0,0
705,7.219000,3,1,1,0,0,3.50646973,3.50250244,3.49914551,3.50158691,3.4979248,3.50891113,3.50189209,3.4967041,3.48266602,3.48114014,3.48327637,3.47137451,3.47045898,3.46282959,3.47717285,3.48144531,-0.00103443954,-0.000850067649,-0.00134067994,-0.0018387665,-0.000972733716,-0.000468452228,-0.0018530247,-0.00153077231,-0.0019652294,-0.00121901894,-0.00172298471,0.000331051589,-0.00125541678,-0.00222639646,-0.00178247935,-0.00105771807,0,0,0,0,0,0,0,0,0,0,0,0,0,0,0,0,0,0,0,0,0,0,0,0
706,7.219000,3,1,1,0,0,3.5043335,3.50189209,3.4967041,3.50067139,3.49731445,3.50708008,3.50219727,3.49517822,3.48236084,3.48114014,3.48449707,3.47167969,3.46984863,3.46343994,3.47747803,3.48114014,0.000813183491,0.00151772343,0.0004969039,0.00023621961,0.00141755817,0.00144519017,0.00159814639,0.000533386599,0.00173119188,0.0018475774,0.00148955558,0.00111699023,0.00115652964,0.000786047429,0.000854942482,-0.00124493637,0,0,0,0,0,0,0,0,0,0,0,0,0,0,0,0,0,0,0,0,0,0,0,0
707,7.219000,3,1,1,0,0,3.51074219,3.50921631,3.50463867,3.51013184,3.50402832,3.51501465,3.50921631,3.50341797,3.48815918,3.48602295,3.48999023,3.47686768,3.47473145,3.47137451,3.48266602,3.48999023,0.00299926847,0.00298498711,0.00240184413,0.00354066771,0.00217648922,0.00226208102,0.00340390997,0.00364547083,0.00199037371,0.00198861025,0.0023844426,0.00193481217,0.00203940528,0.00251709763,0.000894280383,0.00364435161,0,0,0,0,0,0,0,0,0,0,0,0,0,0,0,0,0,0,0,0,0,0,0,0
708,7.219000,3,1,1,0,0,3.52294922,3.52111816,3.51867676,3.52081299,3.51654053,3.52661133,3.52081299,3.51409912,3.50189209,3.50036621,3.50280762,3.49121094,3.48968506,3.48297119,3.49609375,3.5043335,0.00351806916,0.00320288865,0.00286180549,0.00350671774,0.00321903662,0.00357105606,0.00377490046,0.00343973096,0.00259459182,0.00251524593,0.00232160185,0.00256699161,0.00402592169,0.00343101262,0.00268393313,0.00427641161,0,0,0,0,0,0,0,0,0,0,0,0,0,0,0,0,0,0,0,0,0,0,0,0
709,7.219000,3,1,1,0,0,3.51501465,3.51196289,3.50921631,3.51318359,3.50708008,3.5168457,3.51104736,3.50585938,3.49090576,3.49121094,3.49273682,3.48388672,3.47961426,3.47320557,3.48693848,3.4954834,0.00320273638,0.00356041128,0.00320934434,0.00349628879,0.00326800044,0.00258135446,0.00300462684,0.00341950194,0.00114015792,0.00150660134,-0.000611980213,0.00241142907,0.00173834432,0.00120568357,-9.38432131e-05,0.000846943934,0,0,0,0,0,0,0,0,0,0,0,0,0,0,0,0,0,0,0,0,0,0,0,0
710,7.219000,3,1,1,0,0,3.5168457,3.51409912,3.51043701,3.51318359,3.50891113,3.51989746,3.51196289,3.50769043,3.49243164,3.49395752,3.49395752,3.48297119,3.48022461,3.47473145,3.487854,3.4954834,0.00524111371,0.00565771433,0.00462565199,0.00520398421,0.00500289071,0.00496494677,0.00479902001,0.00537388865,0.00413241703,0.00426755846,0.00397378718,0.00414065039,0.0024765078,0.00351653947,0.00271473639,0.00414192351,0,0,0,0,0,0,0,0,0,0,0,0,0,0,0,0,0,0,0,0,0,0,0,0
711,7.219000,3,1,1,0,0,3.51165771,3.50982666,3.50463867,3.51043701,3.50524902,3.515625,3.50982666,3.50219727,3.49090576,3.48968506,3.49304199,3.4765625,3.47839355,3.47351074,3.48388672,3.48937988,0.00464830874,0.00439618342,0.00470203953,0.0048789354,0.00498210499,0.00469869981,0.00544164563,0.00426722877,0.00605445076,0.00625496218,0.00665278081,0.00525765587,0.00665043853,0.00597357703,0.00604992919,0.00369031262,0,0,0,0,0,0,0,0,0,0,0,0,0,0,0,0,0,0,0,0,0,0,0,0
712,7.219000,3,1,1,0,0,3.5043335,3.50036621,3.49609375,3.50036621,3.49639893,3.5067749,3.50128174,3.4942627,3.48144531,3.47839355,3.48449707,3.47015381,3.47015381,3.46435547,3.4765625,3.48144531,-0.000168539758,-0.000777663314,-0.000393756898,-0.000771879568,0.000243408023,0.000221546099,7.12212059e-05,0.000279549393,-0.000694322633,-0.000361798331,-0.000105169733,-0.00057423464,0.000377763179,-0.00039979862,-0.000246401411,0.000601148466,0,0,0,0,0,0,0,0,0,0,0,0,0,0,0,0,0,0,0,0,0,0,0,0
713,7.391000,3,1,1,0,0,3.51379395,3.50982666,3.50769043,3.51043701,3.50616455,3.51623535,3.51135254,3.50402832,3.49121094,3.49151611,3.49334717,3.48144531,3.47869873,3.47442627,3.4866333,3.49121094,0.00330016017,0.0026991074,0.00375639345,0.00347015518,0.00305937044,0.00397149287,0.00394480675,0.00323086139,0.00368340081,0.00335344416,0.00373607967,0.00263811555,0.00371529441,0.0046169078,0.0042297109,0.0035488822,0,0,0,0,0,0,0,0,0,0,0,0,0,0,0,0,0,0,0,0,0,0,0,0
714,7.391000,3,1,1,0,0,3.515625,3.51135254,3.50860596,3.51318359,3.5067749,3.51806641,3.51104736,3.5055542,3.49151611,3.49182129,3.4942627,3.48388672,3.47930908,3.47381592,3.48693848,3.49517822,5.63522917e-05,-0.000549001095,1.08267996e-05,0.00011912972,-0.000158772862,-0.000224420568,-0.000439923548,-0.000834354141,-0.000337822305,-0.000187242578,-0.000460126263,0.00109823048,-0.000303483277,-4.15770919e-05,0.000243333605,-0.00087129022,0,0,0,0,0,0,0,0,0,0,0,0,0,0,0,0,0,0,0,0,0,0,0,0
715,7.391000,3,1,1,0,0,3.52539062,3.52294922,3.51959229,3.52264404,3.51776123,3.52752686,3.52142334,3.51623535,3.50067139,3.50189209,3.50463867,3.49182129,3.48907471,3.48388672,3.49609375,3.50524902,0.00503219245,0.00561532704,0.00499942014,0.0061336779,0.00574554969,0.00556599116,0.00576980831,0.00573009392,0.00485572871,0.00605405867,0.00463949656,0.00558672193,0.00513905846,0.00541890226,0.00510165608,0.00499767251,0,0,0,0,0,0,0,0,0,0,0,0,0,0,0,0,0,0,0,0,0,0,0,0
716,7.391000,3,1,1,0,0,3.51593018,3.51226807,3.50982666,3.51318359,3.50799561,3.51867676,3.51165771,3.50708008,3.49151611,3.49212646,3.49456787,3.48175049,3.48052979,3.47320557,3.48632812,3.4954834,0.0055661248,0.00550092803,0.00515176402,0.00520131597,0.00551722478,0.00550738908,0.00485926168,0.00493132602,0.00309981615,0.00519995112,0.00534380972,0.00534914341,0.00359149929,0.00263349735,0.00323392567,0.00434629573,0,0,0,0,0,0,0,0,0,0,0,0,0,0,0,0,0,0,0,0,0,0,0,0
717,7.391000,3,1,1,0,0,3.50341797,3.50128174,3.49700928,3.50006104,3.49639893,3.50738525,3.50128174,3.4942627,3.48266602,3.48083496,3.48480225,3.47045898,3.46893311,3.46374512,3.4765625,3.48449707,0.00357665448,0.00364351855,0.00358275324,0.0031711862,0.00393992336,0.00443779305,0.00357974577,0.00332165975,0.00376028591,0.00409203907,0.00410172995,0.0041681733,0.00410531415,0.00360723049,0.00367571693,0.00231843744,0,0,0,0,0,0,0,0,0,0,0,0,0,0,0,0,0,0,0,0,0,0,0,0
718,7.391000,3,1,1,0,0,3.50372314,3.50158691,3.49609375,3.50097656,3.4967041,3.50708008,3.50128174,3.49395752,3.48175049,3.47961426,3.48388672,3.47137451,3.46862793,3.46343994,3.4765625,3.48114014,-0.00520783197,-0.00428618724,-0.00553272897,-0.00630938215,-0.00474828528,-0.00500672124,-0.00475282827,-0.00596413203,-0.00508192834,-0.00446503609,-0.00404231949,-0.00425495487,-0.00417960994,-0.00499275513,-0.00435588881,-0.00413451344,0,0,0,0,0,0,0,0,0,0,0,0,0,0,0,0,0,0,0,0,0,0,0,0
719,7.391000,3,1,1,0,0,3.51226807,3.50982666,3.5067749,3.51013184,3.50585938,3.5168457,3.51135254,3.50463867,3.49212646,3.49151611,3.49456787,3.48175049,3.47961426,3.47320557,3.48724365,3.4942627,-0.00193917146,-0.00199162075,-0.00228636991,-0.00342634693,-0.00240898691,-0.00199885247,-0.00309998589,-0.00191613741,-0.00379721355,-0.00226637442,-0.00293273409,-0.00250342349,-0.00345942285,-0.00283169397,-0.00265712198,-0.00198486913,0,0,0,0,0,0,0,0,0,0,0,0,0,0,0,0,0,0,0,0,0,0,0,0
720,7.391000,3,1,1,0,0,3.51318359,3.51196289,3.50891113,3.51104736,3.5067749,3.51776123,3.51226807,3.50524902,3.49304199,3.49182129,3.49365234,3.48205566,3.48052979,3.47381592,3.48754883,3.49487305,0.00995402411,0.0102629624,0.0104471268,0.0096259499,0.0101982243,0.00945460051,0.0105025154,0.00946444366,0.0106699439,0.0111064203,0.00845356937,0.0111648692,0.00923105795,0.00987110753,0.0106923832,0.0108662089,0,0,0,0,0,0,0,0,0,0,0,0,0,0,0,0,0,0,0,0,0,0,0,0
721,7.391000,3,1,1,0,0,3.51226807,3.51043701,3.50830078,3.51043701,3.50585938,3.51623535,3.51135254,3.50372314,3.49212646,3.49090576,3.49334717,3.48144531,3.47900391,3.47381592,3.4866333,3.49395752,0.00286159106,0.00356096192,0.00401259307,0.00329122809,0.00418196339,0.00378702953,0.00420438498,0.00390284532,0.00481860014,0.00481306575,0.00465645688,0.00548605621,0.00464138528,0.00351612153,0.00554555282,0.00531171681,0,0,0,0,0,0,0,0,0,0,0,0,0,0,0,0,0,0,0,0,0,0,0,0
722,7.391000,3,1,1,0,0,3.52630615,3.52325439,3.51959229,3.52264404,3.51837158,3.52874756,3.52264404,3.51593018,3.50250244,3.50280762,3.50311279,3.49182129,3.48968506,3.48266602,3.49731445,3.50524902,0.0121261105,0.0124668395,0.0120967794,0.0128970984,0.0133021027,0.0132041145,0.0135102496,0.0124666123,0.0124960812,0.0115341386,0.0123055503,0.0114992447,0.0117173791,0.0120770661,0.0119632548,0.0122153508,0,0,0,0,0,0,0,0,0,0,0,0,0,0,0,0,0,0,0,0,0,0,0,0
723,7.391000,3,1,1,0,0,3.50189209,3.50036621,3.49578857,3.50097656,3.4954834,3.50585938,3.50097656,3.49365234,3.48114014,3.47839355,3.48358154,3.46832275,3.46862793,3.46343994,3.47686768,3.48083496,0.000553398044,0.000165093224,0.000872564269,0.000450053136,0.000307901297,-0.000386534724,0.000606006826,0.000399693847,0.00230432744,0.0015018147,0.00243922556,0.00106149691,0.00213854853,0.00126209424,0.00233844528,0.000722780591,0,0,0,0,0,0,0,0,0,0,0,0,0,0,0,0,0,0,0,0,0,0,0,0
724,7.391000,3,1,1,0,0,3.51898193,3.51593018,3.51226807,3.515625,3.51104736,3.52081299,3.51623535,3.50952148,3.49578857,3.4954834,3.49884033,3.48602295,3.48052979,3.47717285,3.49121094,3.49853516,0.00687882956,0.00703745103,0.00620961934,0.00618974119,0.00716455048,0.00675989036,0.00660380628,0.00639013061,0.00552455848,0.00618970348,0.0046129399,0.00667709578,0.00413867645,0.00536444504,0.00646428717,0.00585831236,0,0,0,0,0,0,0,0,0,0,0,0,0,0,0,0,0,0,0,0,0,0,0,0
725,7.391000,3,1,1,0,0,3.51135254,3.50738525,3.50463867,3.50799561,3.50189209,3.51196289,3.50830078,3.50219727,3.48754883,3.4866333,3.48602295,3.47595215,3.47442627,3.47015381,3.47930908,3.48876953,0.00301468,0.00244675437,0.00253850571,0.00200653123,0.00230538519,0.00225808704,0.00177394296,0.00158545584,0.000828158285,0.00236162962,0.000823779672,0.00183452503,0.00182345766,0.00105153292,0.00164368015,0.00108260568,0,0,0,0,0,0,0,0,0,0,0,0,0,0,0,0,0,0,0,0,0,0,0,0
726,7.391000,3,1,1,0,0,3.50494385,3.50189209,3.49945068,3.50128174,3.49700928,3.50799561,3.50097656,3.4954834,3.4854126,3.48480225,3.48449707,3.47473145,3.47076416,3.4677124,3.47686768,3.48632812,-0.00188826548,-0.00226211315,-0.00160570117,-0.00215584389,-0.00188704545,-0.00253331545,-0.00228741299,-0.00189585029,-0.000784073316,-0.000426113314,-0.00114000193,7.91293205e-05,-0.000889055314,-0.00077326328,-0.00138401601,-0.000314249162,0,0,0,0,0,0,0,0,0,0,0,0,0,0,0,0,0,0,0,0,0,0,0,0
727,7.391000,3,1,1,0,0,3.51745605,3.51531982,3.51226807,3.51593018,3.51074219,3.52050781,3.515625,3.50952148,3.49609375,3.49487305,3.49853516,3.48510742,3.47991943,3.47686768,3.49090576,3.49731445,0.00256516226,0.00341471354,0.00241944287,0.00349591859,0.00350154494,0.00213351543,0.00327710621,0.00287123583,0.0010906565,0.00221900735,0.000979846809,0.0023149699,0.000960792182,0.00252715382,0.0014843801,0.00149891304,0,0,0,0,0,0,0,0,0,0,0,0,0,0,0,0,0,0,0,0,0,0,0,0
728,7.391000,3,1,1,0,0,3.50616455,3.50280762,3.49884033,3.50097656,3.4979248,3.50860596,3.50189209,3.49700928,3.48175049,3.48022461,3.48449707,3.47076416,3.46984863,3.46496582,3.4765625,3.48175049,0.00121513079,0.000670061097,0.00134203734,0.00132945366,0.000663716928,0.00152126444,0.00129312719,0.00182142574,-0.000437781971,-0.000122470577,-0.000378984027,-0.000668744149,0.00045357924,0.000142074074,9.33643314e-05,-0.000472153653,0,0,0,0,0,0,0,0,0,0,0,0,0,0,0,0,0,0,0,0,0,0,0,0
729,7.391000,3,1,1,0,0,3.52539062,3.52233887,3.51928711,3.52294922,3.51745605,3.52752686,3.52081299,3.515625,3.50250244,3.50158691,3.50280762,3.49151611,3.48999023,3.48388672,3.4967041,3.50494385,0.0100593241,0.00960427057,0.00991494861,0.0102350069,0.0107563818,0.00974154193,0.0104662795,0.0107341399,0.0107663786,0.00975157879,0.0111758737,0.0104106264,0.010494791,0.0107939271,0.0106912572,0.0108092865,0,0,0,0,0,0,0,0,0,0,0,0,0,0,0,0,0,0,0,0,0,0,0,0
730,7.562000,3,1,1,0,0,3.51745605,3.51287842,3.51074219,3.51409912,3.50982666,3.51989746,3.51257324,3.50830078,3.49182129,3.49395752,3.49365234,3.48388672,3.47991943,3.47442627,3.48724365,3.4954834,0.0031309037,0.00309018698,0.00262359343,0.00316611864,0.00280868262,0.00258066715,0.00311326282,0.00328396494,0.00226076832,0.00210348144,0.000347893569,0.00349495793,0.0010371285,0.00177707477,0.000817312393,0.00256975554,0,0,0,0,0,0,0,0,0,0,0,0,0,0,0,0,0,0,0,0,0,0,0,0
731,7.562000,3,1,1,0,0,3.50891113,3.50463867,3.50341797,3.50585938,3.49975586,3.51074219,3.50585938,3.50036621,3.48815918,3.48632812,3.48968506,3.47625732,3.47595215,3.46954346,3.48175049,3.48937988,-0.00411350094,-0.00458577322,-0.00381796644,-0.00496094488,-0.00480671553,-0.00350655778,-0.0039474098,-0.00436906889,-0.00326670147,-0.00477378862,-0.00285554002,-0.00420252234,-0.00281330431,-0.00355036603,-0.00279220659,-0.00306336256,0,0,0,0,0,0,0,0,0,0,0,0,0,0,0,0,0,0,0,0,0,0,0,0
732,7.562000,3,1,1,0,0,3.51043701,3.50616455,3.50372314,3.50708008,3.50036621,3.51074219,3.50708008,3.50067139,3.48388672,3.48480225,3.48419189,3.47503662,3.47381592,3.46893311,3.47808838,3.48724365,0.00388765847,0.00365251373,0.00389997568,0.00347425835,0.00329315243,0.0029502383,0.0033410443,0.00352496328,0.00113750866,0.00270008855,-7.90090708e-05,0.0026912312,0.00167607109,0.00193504663,0.000183680924,0.00246203155,0,0,0,0,0,0,0,0,0,0,0,0,0,0,0,0,0,0,0,0,0,0,0,0
733,7.562000,3,1,1,0,0,3.51715088,3.51318359,3.51043701,3.5144043,3.50830078,3.51898193,3.51226807,3.50830078,3.49212646,3.4942627,3.49395752,3.48480225,3.47961426,3.47473145,3.48693848,3.49517822,-0.00025907025,0.000402059581,0.000216382352,0.000167268678,-9.81620979e-05,0.000405179948,-0.000215493375,0.000233371014,-6.15175013e-05,-0.000821700552,-0.000448416104,-0.000550514145,-0.0002259592,-0.00024388812,0.000147474522,0.000267828233,0,0,0,0,0,0,0,0,0,0,0,0,0,0,0,0,0,0,0,0,0,0,0,0
734,7.562000,3,1,1,0,0,3.51745605,3.5144043,3.51104736,3.51257324,3.50891113,3.51989746,3.51409912,3.50769043,3.49121094,3.49304199,3.4942627,3.48236084,3.48052979,3.47442627,3.48632812,3.4954834,-0.00157350907,-0.00141154486,-0.00180253375,-0.00276272511,-0.00226462586,-0.00187218678,-0.00263620028,-0.00179602613,-0.00275288243,-0.00193393184,-0.00314542465,-0.00248444756,-0.0022335127,-0.00287154038,-0.00262165931,-0.00165287696,0,0,0,0,0,0,0,0,0,0,0,0,0,0,0,0,0,0,0,0,0,0,0,0
735,7.562000,3,1,1,0,0,3.515625,3.51226807,3.50982666,3.51287842,3.50769043,3.51776123,3.51196289,3.5067749,3.49304199,3.49273682,3.4942627,3.48266602,3.47900391,3.47412109,3.487854,3.49487305,0.00590504613,0.00624650018,0.00642463285,0.00641104765,0.00665629655,0.00576406717,0.00532074133,0.00640990492,0.0056165792,0.00544564752,0.00594700407,0.00612392649,0.00435470138,0.00456608972,0.00630639773,0.00508394139,0,0,0,0,0,0,0,0,0,0,0,0,0,0,0,0,0,0,0,0,0,0,0,0
736,7.562000,3,1,1,0,0,3.51470947,3.51226807,3.50860596,3.51165771,3.50738525,3.51898193,3.51196289,3.50646973,3.49090576,3.49151611,3.49273682,3.48022461,3.47808838,3.47412109,3.4866333,3.49060059,0.000605355774,0.000537054148,0.00025445639,-0.000117283344,-0.000408546563,-7.73611464e-05,0.000374151132,6.82926402e-05,-0.00119471538,-0.001547614,-0.00121808611,-0.00044972857,-0.000757902977,-0.000502353767,-0.00115930871,9.96976523e-05,0,0,0,0,0,0,0,0,0,0,0,0,0,0,0,0,0,0,0,0,0,0,0,0
737,7.562000,3,1,1,0,0,3.51318359,3.51104736,3.50769043,3.51013184,3.5067749,3.5168457,3.51165771,3.50494385,3.49212646,3.48968506,3.49212646,3.47991943,3.47747803,3.47320557,3.48388672,3.48968506,0.00862460211,0.00885899644,0.00836417265,0.00898117479,0.00983177777,0.00883685797,0.00841665734,0.00870417152,0.0079746088,0.00824321061,0.00841847993,0.00832732581,0.00650655385,0.00785844401,0.00764420908,0.00813228358,0,0,0,0,0,0,0,0,0,0,0,0,0,0,0,0,0,0,0,0,0,0,0,0
738,7.562000,3,1,1,0,0,3.5144043,3.51165771,3.50830078,3.51135254,3.50646973,3.51623535,3.51013184,3.50585938,3.49182129,3.49151611,3.49304199,3.48114014,3.48022461,3.47259521,3.48602295,3.4942627,0.00556900073,0.00569851464,0.0056979279,0.00515000895,0.00593368895,0.00601505442,0.00471218303,0.00570426835,0.00452647544,0.00573920412,0.00579087902,0.00534018129,0.00601175753,0.00422206102,0.00583018223,0.00600368576,0,0,0,0,0,0,0,0,0,0,0,0,0,0,0,0,0,0,0,0,0,0,0,0
739,7.562000,3,1,1,0,0,3.5055542,3.50219727,3.49945068,3.50280762,3.49761963,3.50769043,3.50189209,3.4967041,3.48236084,3.48449707,3.48419189,3.47442627,3.46893311,3.465271,3.4777832,3.48571777,0.00113143504,0.00117842783,0.000794098596,-0.000228382531,0.00147105218,0.000257445121,-0.000360993086,0.000760923198,-0.000548374956,0.000359114434,-0.000786137884,0.00124552695,-0.000572987366,-0.000551563455,0.000732851331,0.00060559751,0,0,0,0,0,0,0,0,0,0,0,0,0,0,0,0,0,0,0,0,0,0,0,0
740,7.562000,3,1,1,0,0,3.50738525,3.50311279,3.50128174,3.50341797,3.49853516,3.50891113,3.50189209,3.4979248,3.4866333,3.48602295,3.48876953,3.47625732,3.47473145,3.46832275,3.47900391,3.48876953,0.00382398069,0.0030916403,0.00420174701,0.00320670218,0.00321236649,0.00343800732,0.00253373873,0.00391779095,0.00387575454,0.00434801495,0.00375741534,0.00439813919,0.00473272474,0.00357580045,0.00321569713,0.00511925062,0,0,0,0,0,0,0,0,0,0,0,0,0,0,0,0,0,0,0,0,0,0,0,0
741,7.562000,3,1,1,0,0,3.50219727,3.50158691,3.49761963,3.50036621,3.49609375,3.50646973,3.50189209,3.49487305,3.48266602,3.48114014,3.48327637,3.47076416,3.46923828,3.46405029,3.47747803,3.48449707,-8.11592909e-05,0.000831077457,0.000627176953,0.00100444327,0.000881072716,0.0015715739,0.00196899148,0.00148543948,0.00267198496,0.002427225,0.00203327811,0.00242869742,0.00328916684,0.0022544493,0.00241334084,0.000675902702,0,0,0,0,0,0,0,0,0,0,0,0,0,0,0,0,0,0,0,0,0,0,0,0
742,7.562000,3,1,1,0,0,3.51257324,3.51074219,3.5055542,3.50952148,3.50463867,3.51593018,3.51013184,3.50372314,3.49243164,3.49060059,3.49334717,3.48114014,3.48022461,3.47351074,3.48602295,3.49090576,0.00556635857,0.00630799774,0.0055660205,0.00520589622,0.00582368206,0.00596333761,0.00508709159,0.00550999632,0.0055415947,0.00594180217,0.00574980816,0.00674901949,0.00615975773,0.00510594808,0.00596881472,0.00585284783,0,0,0,0,0,0,0,0,0,0,0,0,0,0,0,0,0,0,0,0,0,0,0,0
743,7.562000,3,1,1,0,0,3.51806641,3.51501465,3.51135254,3.51531982,3.50952148,3.51898193,3.51531982,3.50891113,3.49304199,3.49456787,3.4942627,3.48358154,3.48083496,3.47412109,3.48632812,3.49609375,0.00958939735,0.00906923879,0.00983050186,0.0102317808,0.00981959142,0.00941089913,0.0100931237,0.00959220901,0.00920088403,0.00873574987,0.00844383147,0.00812948588,0.00876933523,0.00952541735,0.00834326912,0.00883512106,0,0,0,0,0,0,0,0,0,0,0,0,0,0,0,0,0,0,0,0,0,0,0,0
744,7.562000,3,1,1,0,0,3.51135254,3.51013184,3.50494385,3.50921631,3.50494385,3.51531982,3.51013184,3.50280762,3.49121094,3.49060059,3.49395752,3.48083496,3.47869873,3.47290039,3.48602295,3.49121094,0.00142678269,0.00173496455,0.00179585686,0.00266175927,0.00216665072,0.00272859237,0.00305133616,0.00150420563,0.00335821556,0.00437088311,0.00432322873,0.00503757969,0.00400064979,0.00381406257,0.00458544306,0.00163312443,0,0,0,0,0,0,0,0,0,0,0,0,0,0,0,0,0,0,0,0,0,0,0,0
745,7.562000,3,1,1,0,0,3.50830078,3.50524902,3.50219727,3.5055542,3.49945068,3.50891113,3.50585938,3.49945068,3.48693848,3.4854126,3.48999023,3.47473145,3.47564697,3.47015381,3.48175049,3.49029541,0.00414882414,0.00353641971,0.00415752735,0.0035518494,0.00403112918,0.00407082681,0.00450043427,0.00405193772,0.00351182627,0.00362245645,0.00564201502,0.00448425626,0.00380931515,0.00363644166,0.00389178144,0.00486023398,0,0,0,0,0,0,0,0,0,0,0,0,0,0,0,0,0,0,0,0,0,0,0,0
746,7.562000,3,1,1,0,0,3.50463867,3.50128174,3.49731445,3.50006104,3.49609375,3.50738525,3.50158691,3.49456787,3.48205566,3.48114014,3.48510742,3.47106934,3.46984863,3.46435547,3.47747803,3.48510742,0.000703347498,0.000751803513,0.000438765564,0.00104148849,0.00119230291,0.000972561247,0.00173027616,0.00062986993,0.000835633837,0.00169972633,0.000464698358,1.50133274e-05,0.00168489118,0.0011616298,0.00166737451,0.00186700735,0,0,0,0,0,0,0,0,0,0,0,0,0,0,0,0,0,0,0,0,0,0,0,0
747,7.734000,3,1,1,0,0,3.51593018,3.51409912,3.51074219,3.51409912,3.50830078,3.51989746,3.51318359,3.50799561,3.49151611,3.49395752,3.49334717,3.48144531,3.48083496,3.47473145,3.487854,3.49456787,0.00653308397,0.00579645112,0.00600140449,0.00634611351,0.00593990739,0.00710156839,0.00666279439,0.00689441292,0.00568514597,0.00669395365,0.00574821653,0.00635884237,0.00614616927,0.00600694865,0.00517297722,0.00677038589,0,0,0,0,0,0,0,0,0,0,0,0,0,0,0,0,0,0,0,0,0,0,0,0
748,7.734000,3,1,1,0,0,3.51165771,3.50982666,3.50708008,3.50891113,3.5055542,3.51501465,3.51074219,3.50402832,3.49151611,3.49090576,3.49273682,3.48114014,3.47930908,3.47259521,3.48602295,3.49121094,0.00730642583,0.00685034506,0.00759137701,0.00639544893,0.00729621388,0.00699899672,0.00755644869,0.00627413252,0.00735837221,0.00816536136,0.00792761706,0.00889547355,0.0084512271,0.00669841468,0.00859033875,0.00882358849,0,0,0,0,0,0,0,0,0,0,0,0,0,0,0,0,0,0,0,0,0,0,0,0
749,7.734000,3,1,1,0,0,3.515625,3.51318359,3.50982666,3.51287842,3.50769043,3.51898193,3.51104736,3.50616455,3.49304199,3.49212646,3.49365234,3.48266602,3.47900391,3.47412109,3.48693848,3.49578857,0.000336954254,0.000459243252,0.0007035936,-0.00105175644,4.7762238e-05,0.000369266694,-0.000335558114,-0.000332979689,6.89281514e-05,-0.000100156758,-0.000486983685,0.000596989412,-0.000291851524,-0.000278013467,0.00118567562,-0.000442549208,0,0,0,0,0,0,0,0,0,0,0,0,0,0,0,0,0,0,0,0,0,0,0,0
750,7.734000,3,1,1,0,0,3.51989746,3.51745605,3.51470947,3.51806641,3.51135254,3.52294922,3.51806641,3.51257324,3.49853516,3.4967041,3.50006104,3.4854126,3.4854126,3.48236084,3.49273682,3.50036621,0.0039453702,0.00385974348,0.00511999568,0.00394562492,0.00372814736,0.00344543601,0.00360692502,0.00514225103,0.00446077483,0.00609934703,0.00400678581,0.00444095768,0.00434994977,0.00437967433,0.00445487443,0.00597188435,0,0,0,0,0,0,0,0,0,0,0,0,0,0,0,0,0,0,0,0,0,0,0,0
751,7.734000,3,1,1,0,0,3.5168457,3.51287842,3.50982666,3.5144043,3.50860596,3.51837158,3.51226807,3.50738525,3.49121094,3.49212646,3.49334717,3.48175049,3.47991943,3.47473145,3.48693848,3.49456787,0.000660196529,0.000162299606,0.00038889097,0.00109779392,0.000168210128,-5.18225133e-05,-0.000644890883,0.000374971947,-0.00219025416,0.000499398389,-0.0016405608,-0.000367446366,-0.00221368973,-0.00183464622,-0.00106131029,-0.000167801729,0,0,0,0,0,0,0,0,0,0,0,0,0,0,0,0,0,0,0,0,0,0,0,0
752,7.734000,3,1,1,0,0,3.50341797,3.50250244,3.49884033,3.50006104,3.49731445,3.5067749,3.50128174,3.49487305,3.48266602,3.47930908,3.48297119,3.47106934,3.46954346,3.46313477,3.4765625,3.48083496,-0.0048304582,-0.00438019913,-0.00395519193,-0.00444320496,-0.00380233536,-0.00403194781,-0.00432832306,-0.00385877443,-0.00296117505,-0.00427509565,-0.00299383351,-0.00196767296,-0.00389392208,-0.00433467003,-0.00354780559,-0.00329510728,0,0,0,0,0,0,0,0,0,0,0,0,0,0,0,0,0,0,0,0,0,0,0,0
753,7.734000,3,1,1,0,0,3.50830078,3.5055542,3.50158691,3.50616455,3.50067139,3.50921631,3.5043335,3.49945068,3.48754883,3.48571777,3.48937988,3.47473145,3.47564697,3.47045898,3.47900391,3.48937988,-0.00255582272,-0.00262218667,-0.00281734671,-0.00332457619,-0.00298742647,-0.00311044184,-0.00330361584,-0.00335002318,-0.00188336056,-0.00181126466,-0.00362623367,-0.00259309611,-0.00202390179,-0.00252581504,-0.00372481509,-0.001946531,0,0,0,0,0,0,0,0,0,0,0,0,0,0,0,0,0,0,0,0,0,0,0,0
754,7.734000,3,1,1,0,0,3.51501465,3.51226807,3.50891113,3.51135254,3.5067749,3.51776123,3.51074219,3.50616455,3.49090576,3.49212646,3.49304199,3.48175049,3.47991943,3.47412109,3.4866333,3.49456787,-0.00231023715,-0.00155064696,-0.00279149925,-0.00279474398,-0.00197100895,-0.00140903611,-0.0015108583,-0.00237011211,-0.00156020653,-0.00215199357,-0.00199811347,-0.00186832377,-0.00182787899,-0.00165330013,-0.00130101677,-0.000961291254,0,0,0,0,0,0,0,0,0,0,0,0,0,0,0,0,0,0,0,0,0,0,0,0
755,7.734000,3,1,1,0,0,3.51013184,3.50738525,3.50494385,3.50830078,3.50189209,3.51348877,3.50769043,3.50280762,3.49060059,3.4866333,3.49334717,3.47686768,3.47839355,3.47259521,3.4854126,3.49060059,0.00500699691,0.00564458314,0.0054817684,0.00520761497,0.00518538151,0.00560375303,0.00556912972,0.00470307469,0.00593599025,0.00527611002,0.00554832118,0.00506252749,0.00537190121,0.00522476062,0.0065905801,0.00482837856,0,0,0,0,0,0,0,0,0,0,0,0,0,0,0,0,0,0,0,0,0,0,0,0
756,7.734000,3,1,1,0,0,3.50158691,3.50067139,3.49609375,3.50067139,3.49456787,3.5067749,3.50097656,3.49334717,3.48144531,3.48083496,3.48327637,3.46801758,3.46984863,3.46313477,3.47625732,3.48052979,0.00141330995,0.00229531853,0.00118499633,0.00211149501,0.00146474759,0.00128099008,0.00187942886,0.00159816665,0.00144305418,0.00237364555,0.000815225067,0.00132533326,0.000204038573,0.00115874759,0.00137118099,0.000815416104,0,0,0,0,0,0,0,0,0,0,0,0,0,0,0,0,0,0,0,0,0,0,0,0
757,7.734000,3,1,1,0,0,3.52172852,3.51745605,3.51501465,3.51959229,3.5144043,3.52416992,3.51867676,3.51318359,3.50036621,3.4967041,3.50280762,3.48693848,3.487854,3.48236084,3.49456787,3.50097656,0.0113408733,0.0107858647,0.0109839905,0.0116168465,0.0121479984,0.0117049636,0.0114084929,0.0122211883,0.0112616364,0.0104765855,0.0123687014,0.00951710716,0.0124628861,0.0112302015,0.0111492928,0.0111291213,0,0,0,0,0,0,0,0,0,0,0,0,0,0,0,0,0,0,0,0,0,0,0,0
758,7.734000,3,1,1,0,0,3.50708008,3.50341797,3.50006104,3.50372314,3.4979248,3.50952148,3.50189209,3.49761963,3.4854126,3.48266602,3.48419189,3.47412109,3.46923828,3.46435547,3.4777832,3.4854126,-0.000762170821,-0.000219170935,-0.000310976873,-0.000652339659,-0.000518749002,-0.00063869427,-0.000958709279,-0.000503715826,-0.000318890612,0.00104146532,-0.00180360884,0.00106316397,-0.0013897469,-0.00176930777,-0.000677255448,0.0006007544,0,0,0,0,0,0,0,0,0,0,0,0,0,0,0,0,0,0,0,0,0,0,0,0
759,7.734000,3,1,1,0,0,3.51043701,3.50860596,3.50494385,3.50982666,3.50463867,3.515625,3.50921631,3.50250244,3.48907471,3.4854126,3.48907471,3.47595215,3.4753418,3.47167969,3.48266602,3.48968506,0.00291235559,0.00314827333,0.00282946555,0.00399532728,0.00361900241,0.00320693757,0.00328472769,0.00321682007,0.00124574872,0.00173794746,0.000786295859,0.000928917434,0.0013182906,0.00120681687,0.00163045351,0.00170147629,0,0,0,0,0,0,0,0,0,0,0,0,0,0,0,0,0,0,0,0,0,0,0,0
760,7.734000,3,1,1,0,0,3.51043701,3.50708008,3.50372314,3.50921631,3.50219727,3.51379395,3.50769043,3.50311279,3.49090576,3.48999023,3.49273682,3.48083496,3.47900391,3.47290039,3.4854126,3.49121094,0.00186452991,0.00159196742,0.00242924923,0.00267563015,0.00108435308,0.00112474721,0.0020567975,0.00239800056,0.00385446264,0.00220326125,0.00351601001,0.0026359614,0.00416415697,0.00421940023,0.00370622962,0.00469889538,0,0,0,0,0,0,0,0,0,0,0,0,0,0,0,0,0,0,0,0,0,0,0,0
761,7.734000,3,1,1,0,0,3.51196289,3.51074219,3.50585938,3.51043701,3.5055542,3.51593018,3.51104736,3.50341797,3.49121094,3.48968506,3.49212646,3.4765625,3.47808838,3.47351074,3.48358154,3.49060059,0.00379431015,0.00442324067,0.00302103464,0.00315607223,0.0045729233,0.00426105037,0.00350514427,0.00297956355,0.00337540847,0.00373884803,0.00333878724,0.00177094969,0.00389416073,0.00236712326,0.00303557841,0.00152637414,0,0,0,0,0,0,0,0,0,0,0,0,0,0,0,0,0,0,0,0,0,0,0,0
762,7.734000,3,1,1,0,0,3.50769043,3.50463867,3.50158691,3.50341797,3.49914551,3.51013184,3.50280762,3.49853516,3.48754883,3.48571777,3.48876953,3.47625732,3.47198486,3.46954346,3.47869873,3.48907471,0.000705306302,-0.000135484734,0.000699198805,0.000885561109,-0.000763947144,0.000695071882,-3.60982958e-05,0.00103255815,0.00289765396,0.00035101606,0.00272713741,0.0015754234,0.00207173172,0.00228953268,0.00172929675,0.0014309684,0,0,0,0,0,0,0,0,0,0,0,0,0,0,0,0,0,0,0,0,0,0,0,0
763,7.734000,3,1,1,0,0,3.50860596,3.50402832,3.50250244,3.5055542,3.50036621,3.50891113,3.50463867,3.49945068,3.487854,3.48571777,3.48999023,3.47595215,3.47442627,3.47015381,3.48052979,3.48907471,0.00119836954,0.00057948858,0.00063849939,4.49758954e-05,0.00100861513,0.000321340805,1.79971394e-05,0.00055767817,0.000459331175,0.000115269795,-5.20682952e-05,3.23140412e-05,0.000801730726,0.000914765755,0.000883102126,-0.000667784712,0,0,0,0,0,0,0,0,0,0,0,0,0,0,0,0,0,0,0,0,0,0,0,0
764,7.891000,3,1,1,0,0,3.52661133,3.52294922,3.52050781,3.52386475,3.51837158,3.52966309,3.52172852,3.51745605,3.50067139,3.50219727,3.50311279,3.49243164,3.48968506,3.48358154,3.49761963,3.50585938,0.00255351677,0.0020042595,0.0024522813,0.0028406966,0.00160183362,0.00270571164,0.00262438343,0.00259255222,0.00282038981,0.00299136247,0.00276377331,0.00316021987,0.003767872,0.00347200432,0.00289398059,0.00239697983,0,0,0,0,0,0,0,0,0,0,0,0,0,0,0,0,0,0,0,0,0,0,0,0
765,7.891000,3,1,1,0,0,3.51318359,3.51043701,3.50708008,3.50891113,3.50585938,3.51654053,3.51074219,3.50372314,3.49090576,3.48968506,3.49212646,3.47991943,3.47717285,3.47351074,3.48571777,3.48968506,-0.00296533154,-0.00330006517,-0.00322953379,-0.00403268263,-0.00349040772,-0.00257014274,-0.00352405943,-0.00301266881,-0.00305855158,-0.00292215799,-0.00333513552,-0.00269476091,-0.00399714988,-0.00167433533,-0.00302595343,-0.0025338328,0,0,0,0,0,0,0,0,0,0,0,0,0,0,0,0,0,0,0,0,0,0,0,0
766,7.891000,3,1,1,0,0,3.51318359,3.51135254,3.5067749,3.51074219,3.50616455,3.51745605,3.51074219,3.50494385,3.49060059,3.49060059,3.49304199,3.48114014,3.47869873,3.47381592,3.48602295,3.48968506,0.00576708373,0.0053384481,0.00509483321,0.0059551606,0.00583867449,0.00616696151,0.00640483666,0.0054405937,0.00409012195,0.00413332274,0.00506866211,0.00422486477,0.00465021469,0.00449138647,0.00452083535,0.0047203484,0,0,0,0,0,0,0,0,0,0,0,0,0,0,0,0,0,0,0,0,0,0,0,0
767,7.891000,3,1,1,0,0,3.50891113,3.5055542,3.50280762,3.50585938,3.50067139,3.51043701,3.50616455,3.50006104,3.48297119,3.48480225,3.48510742,3.47412109,3.46954346,3.46557617,3.47717285,3.48602295,-0.00120034942,-0.00219353847,-0.00138714898,-0.00130515464,-0.00146756647,-0.00189365097,-0.00150622777,-0.000837575644,-0.00307835941,-0.00237827934,-0.00312474649,-0.00282365293,-0.00299237529,-0.00253214082,-0.00336504471,-0.00117849139,0,0,0,0,0,0,0,0,0,0,0,0,0,0,0,0,0,0,0,0,0,0,0,0
768,7.891000,3,1,1,0,0,3.51898193,3.51593018,3.51257324,3.51745605,3.51104736,3.52142334,3.51593018,3.51043701,3.49731445,3.49578857,3.49914551,3.48449707,3.48236084,3.47900391,3.49121094,3.49731445,0.00653259549,0.00713893073,0.00577546936,0.0067139552,0.00710544456,0.00679317815,0.00709279021,0.00630356092,0.00844160654,0.00706666568,0.00812465791,0.00731043611,0.00729975384,0.00760149909,0.00835815072,0.00559545774,0,0,0,0,0,0,0,0,0,0,0,0,0,0,0,0,0,0,0,0,0,0,0,0
769,7.891000,3,1,1,0,0,3.51867676,3.51501465,3.51257324,3.515625,3.51043701,3.51989746,3.51593018,3.50952148,3.49639893,3.49609375,3.49822998,3.48602295,3.48205566,3.47869873,3.49090576,3.49853516,0.00246009533,0.00231424253,0.00248736213,0.00224490161,0.00240017334,0.00230501546,0.00196945481,0.00229087751,0.00192313862,0.00394752063,0.00316389371,0.00266637141,0.00133032398,0.00258557382,0.00271936669,0.00340197422,0,0,0,0,0,0,0,0,0,0,0,0,0,0,0,0,0,0,0,0,0,0,0,0
770,7.891000,3,1,1,0,0,3.51257324,3.50921631,3.5067749,3.50952148,3.50585938,3.51623535,3.51135254,3.50341797,3.49182129,3.49151611,3.49365234,3.48114014,3.47991943,3.47473145,3.48724365,3.49182129,0.000328312744,-8.02246213e-05,0.000310872245,-0.000292238721,0.000123677164,-0.000241702073,-0.000194500317,-0.000319496088,-0.000540305977,0.00147378864,-0.00106938789,0.000402960286,0.000508685713,-0.000481557334,0.000318097707,0.00134487986,0,0,0,0,0,0,0,0,0,0,0,0,0,0,0,0,0,0,0,0,0,0,0,0
771,7.891000,3,1,1,0,0,3.52142334,3.5168457,3.51409912,3.51898193,3.51165771,3.52386475,3.51928711,3.51287842,3.50006104,3.49609375,3.50250244,3.48632812,3.48846436,3.48327637,3.4942627,3.50006104,0.00401517563,0.0028646572,0.00409556367,0.00399787538,0.00299349427,0.00411234843,0.00398954703,0.00428271014,0.00335863605,0.00189851772,0.00347759086,0.00256408891,0.00356502319,0.00394557416,0.00406474434,0.00336594018,0,0,0,0,0,0,0,0,0,0,0,0,0,0,0,0,0,0,0,0,0,0,0,0
772,7.906000,3,1,1,0,0,3.5067749,3.50372314,3.50067139,3.50372314,3.49914551,3.50830078,3.50250244,3.49822998,3.48724365,3.48480225,3.48632812,3.47473145,3.47381592,3.46588135,3.47839355,3.48846436,0.00275321724,0.00333650853,0.00291226455,0.00324515929,0.00325354561,0.00305613223,0.00350918458,0.00330237811,0.00448314566,0.00312575675,0.00189918256,0.00382694602,0.00225173845,0.00189360254,0.00175625214,0.0031831495,0,0,0,0,0,0,0,0,0,0,0,0,0,0,0,0,0,0,0,0,0,0,0,0
773,7.906000,3,1,1,0,0,3.51074219,3.50616455,3.5043335,3.50738525,3.50036621,3.51287842,3.50708008,3.50219727,3.48449707,3.4854126,3.4854126,3.4753418,3.47412109,3.46923828,3.47808838,3.487854,-0.00284828036,-0.00360023044,-0.00271975342,-0.00337037281,-0.00324186822,-0.0030052478,-0.00310631585,-0.0032570858,-0.00376773882,-0.00355695817,-0.00320466561,-0.00311923283,-0.00240006996,-0.00357243302,-0.00275931437,-0.00332843629,0,0,0,0,0,0,0,0,0,0,0,0,0,0,0,0,0,0,0,0,0,0,0,0
774,7.906000,3,1,1,0,0,3.51135254,3.50738525,3.5043335,3.50952148,3.50341797,3.51531982,3.50982666,3.50219727,3.48815918,3.4854126,3.48968506,3.47625732,3.47595215,3.47045898,3.48236084,3.48937988,-4.27241321e-05,-0.000494463718,-0.000626395922,-8.10430502e-05,-0.000698395772,0.000856937899,-0.000927299261,-0.00035610958,-0.00199267105,-0.00146400847,-0.00230130344,-0.00186535879,-0.00136413111,-0.00236664177,-0.00150030013,-0.000727949955,0,0,0,0,0,0,0,0,0,0,0,0,0,0,0,0,0,0,0,0,0,0,0,0
775,7.906000,3,1,1,0,0,3.51715088,3.51409912,3.51074219,3.51501465,3.50982666,3.51959229,3.51348877,3.50860596,3.49212646,3.49334717,3.4942627,3.48419189,3.48022461,3.47595215,3.48693848,3.49639893,-0.00202275324,-0.00196438748,-0.00194579107,-0.00241636694,-0.00188646675,-0.00209733238,-0.00290778629,-0.00175819034,-0.00194161467,-0.00073232624,-0.00257776817,-0.00114007771,-0.00233152229,-0.000615020574,-0.00261894218,-0.000947031949,0,0,0,0,0,0,0,0,0,0,0,0,0,0,0,0,0,0,0,0,0,0,0,0
776,7.906000,3,1,1,0,0,3.51470947,3.51104736,3.50860596,3.51043701,3.50646973,3.5168457,3.51104736,3.50463867,3.49212646,3.49212646,3.49304199,3.48144531,3.47900391,3.47320557,3.48693848,3.4942627,0.00854229089,0.00821007974,0.00761980377,0.00751249492,0.00778421666,0.00734998006,0.00773289381,0.00780341169,0.00743220327,0.00837649219,0.00779887475,0.00826961454,0.00713156909,0.0074733668,0.00832038186,0.00826860685,0,0,0,0,0,0,0,0,0,0,0,0,0,0,0,0,0,0,0,0,0,0,0,0
777,7.906000,3,1,1,0,0,3.50524902,3.50219727,3.50006104,3.50158691,3.49761963,3.50738525,3.50250244,3.49731445,3.48571777,3.48510742,3.48480225,3.4753418,3.47106934,3.46496582,3.47839355,3.48571777,0.00441296119,0.00351523655,0.00486828526,0.00444849208,0.00403170101,0.00340312393,0.00369922025,0.00501062023,0.00429977104,0.00408283621,0.00319780991,0.00623110449,0.00475227833,0.00368512538,0.0032529952,0.00565275317,0,0,0,0,0,0,0,0,0,0,0,0,0,0,0,0,0,0,0,0,0,0,0,0
778,7.906000,3,1,1,0,0,3.52539062,3.52203369,3.51898193,3.52233887,3.51715088,3.52783203,3.52172852,3.51531982,3.50128174,3.50158691,3.50280762,3.49334717,3.48968506,3.48266602,3.49639893,3.50494385,0.00955059659,0.00966292433,0.00988559332,0.00970665272,0.00960497931,0.0101669952,0.00940410513,0.00931262877,0.00845228974,0.0090137152,0.00869482011,0.00905627757,0.00900024176,0.009084736,0.00833890866,0.00760106742,0,0,0,0,0,0,0,0,0,0,0,0,0,0,0,0,0,0,0,0,0,0,0,0
779,7.906000,3,1,1,0,0,3.50860596,3.50494385,3.50250244,3.50524902,3.50036621,3.51043701,3.50372314,3.49975586,3.487854,3.4866333,3.48999023,3.47564697,3.47412109,3.46984863,3.47961426,3.49029541,0.000811618171,0.00109283742,0.00113158196,0.000838731183,0.00122197648,0.00146630488,0.000563087058,0.00070431619,0.000692641363,0.00165078486,0.000178358023,0.000490177888,0.000707186759,-0.000587337767,0.00126292219,0.00228171842,0,0,0,0,0,0,0,0,0,0,0,0,0,0,0,0,0,0,0,0,0,0,0,0
780,7.906000,3,1,1,0,0,3.5144043,3.51226807,3.50952148,3.51348877,3.50799561,3.51715088,3.51226807,3.50708008,3.49304199,3.49212646,3.4942627,3.48388672,3.47961426,3.47351074,3.48815918,3.49487305,0.00811620429,0.00831855554,0.00873409025,0.00890929997,0.00904924888,0.00778660225,0.00853977073,0.00857107434,0.00653756084,0.00879035797,0.00757940626,0.00898361765,0.00654983614,0.00639406079,0.00916751847,0.0089096101,0,0,0,0,0,0,0,0,0,0,0,0,0,0,0,0,0,0,0,0,0,0,0,0
781,8.062000,3,1,1,0,0,3.50799561,3.5043335,3.50067139,3.50494385,3.49975586,3.51043701,3.5043335,3.49884033,3.48236084,3.48236084,3.48480225,3.47229004,3.46954346,3.46496582,3.4777832,3.48571777,-0.00798748061,-0.00774441427,-0.00834070239,-0.00831450336,-0.00782918744,-0.00690971967,-0.00759430416,-0.00788159575,-0.00732909329,-0.00892102346,-0.00643416448,-0.00795092061,-0.00806333963,-0.00730041461,-0.0066873394,-0.0082844682,0,0,0,0,0,0,0,0,0,0,0,0,0,0,0,0,0,0,0,0,0,0,0,0
782,8.062000,3,1,1,0,0,3.51074219,3.50860596,3.50494385,3.50921631,3.50341797,3.515625,3.50891113,3.50219727,3.48815918,3.4866333,3.48907471,3.4753418,3.4753418,3.47106934,3.48297119,3.48937988,-0.00189216621,-0.00178152218,-0.00200233748,-0.00170721696,-0.00162135344,-0.00156111922,-0.00153459341,-0.00145755999,-0.00239957566,-0.00284968992,-0.00222114613,-0.00242874678,-0.00328781828,-0.00243480504,-0.00250284933,-0.00214278186,0,0,0,0,0,0,0,0,0,0,0,0,0,0,0,0,0,0,0,0,0,0,0,0
783,8.062000,3,1,1,0,0,3.51470947,3.51104736,3.50799561,3.51104736,3.5067749,3.51654053,3.51165771,3.50524902,3.49090576,3.49212646,3.49365234,3.48388672,3.48022461,3.47351074,3.48754883,3.49487305,0.00511724828,0.00512225414,0.00546078617,0.00476174848,0.00618153997,0.00631972775,0.00627847528,0.00543328654,0.00662546558,0.00643220264,0.00660428591,0.00698419707,0.00807997957,0.00617877254,0.0072395727,0.00494381879,0,0,0,0,0,0,0,0,0,0,0,0,0,0,0,0,0,0,0,0,0,0,0,0
784,8.062000,3,1,1,0,0,3.51959229,3.51623535,3.51257324,3.51593018,3.51074219,3.52020264,3.51623535,3.50982666,3.4967041,3.4954834,3.49914551,3.48449707,3.48083496,3.47839355,3.49182129,3.49822998,0.00689374562,0.0073676547,0.00608347403,0.00617801538,0.00708120875,0.00630037254,0.00691314694,0.00621210551,0.00448714104,0.00610938016,0.00337504619,0.00424380647,0.00367905782,0.00347527117,0.00359713077,0.00605613971,0,0,0,0,0,0,0,0,0,0,0,0,0,0,0,0,0,0,0,0,0,0,0,0
785,8.062000,3,1,1,0,0,3.51989746,3.51654053,3.51379395,3.51654053,3.51165771,3.52050781,3.5168457,3.51013184,3.4979248,3.49578857,3.50250244,3.48632812,3.48571777,3.48205566,3.49212646,3.49975586,0.00849832967,0.00740051549,0.00837334152,0.00870493613,0.00766029581,0.00806632172,0.00852774456,0.00825799163,0.00797650311,0.00691611832,0.00960775558,0.00781420432,0.00877995975,0.00935543887,0.00862954371,0.00778650679,0,0,0,0,0,0,0,0,0,0,0,0,0,0,0,0,0,0,0,0,0,0,0,0
786,8.062000,3,1,1,0,0,3.5067749,3.50341797,3.50067139,3.5043335,3.4979248,3.50921631,3.50341797,3.4979248,3.48724365,3.48632812,3.48846436,3.4753418,3.47412109,3.46862793,3.47808838,3.48876953,-0.000486096396,-0.000595231541,-0.00045807875,-0.000899073668,-0.000723627745,-0.00103735027,-0.000387200969,-0.00144185207,-0.000267089286,0.000428662926,-0.000715904403,0.000300565793,0.000577102182,-0.000447759841,-0.000175534398,-0.000595904246,0,0,0,0,0,0,0,0,0,0,0,0,0,0,0,0,0,0,0,0,0,0,0,0
787,8.062000,3,1,1,0,0,3.5168457,3.51409912,3.51074219,3.51409912,3.50982666,3.51928711,3.51318359,3.50769043,3.49304199,3.49395752,3.4979248,3.48388672,3.47900391,3.47503662,3.4866333,3.4954834,0.00306427991,0.00286505488,0.00294691953,0.00270820339,0.00260211807,0.00228453614,0.00302799838,0.00245684409,0.00268583023,0.00262536528,0.00172004651,0.00199844781,0.00273345015,0.00204548123,0.00297333626,0.00250295037,0,0,0,0,0,0,0,0,0,0,0,0,0,0,0,0,0,0,0,0,0,0,0,0
788,8.062000,3,1,1,0,0,3.5144043,3.51165771,3.50769043,3.51074219,3.50738525,3.51806641,3.51135254,3.50646973,3.49243164,3.49151611,3.49456787,3.48175049,3.47930908,3.47320557,3.48602295,3.49121094,0.00178141787,0.00191298639,0.00191602833,0.00194803369,0.00236786297,0.00160187238,0.0013269491,0.00150391436,0.00298438175,0.00328420778,0.00275637116,0.00420623459,0.00364592625,0.00257346104,0.00276210345,0.00228847004,0,0,0,0,0,0,0,0,0,0,0,0,0,0,0,0,0,0,0,0,0,0,0,0
789,8.062000,3,1,1,0,0,3.51501465,3.51196289,3.50891113,3.51226807,3.50738525,3.5168457,3.51196289,3.50524902,3.49243164,3.49243164,3.49456787,3.48205566,3.48052979,3.47320557,3.487854,3.49578857,0.00841375068,0.00797951408,0.00788182858,0.00795961916,0.00777424313,0.00710127782,0.00695786905,0.00730745867,0.00606538635,0.00777714793,0.00656637177,0.00917851087,0.00644778833,0.00568524934,0.00660850247,0.00841995049,0,0,0,0,0,0,0,0,0,0,0,0,0,0,0,0,0,0,0,0,0,0,0,0
790,8.062000,3,1,1,0,0,3.51074219,3.50738525,3.50372314,3.50830078,3.50158691,3.51074219,3.50769043,3.50189209,3.48937988,3.4866333,3.49212646,3.47686768,3.4765625,3.47259521,3.48358154,3.48999023,0.00278379838,0.00284334552,0.00251366291,0.00253702351,0.00281202374,0.00221013627,0.00269930251,0.00261964207,0.0011292838,0.00263116229,0.00181238458,0.0027453294,0.000573151337,0.00189497625,0.00240788748,0.00173401018,0,0,0,0,0,0,0,0,0,0,0,0,0,0,0,0,0,0,0,0,0,0,0,0
791,8.062000,3,1,1,0,0,3.50158691,3.4979248,3.49456787,3.4979248,3.49273682,3.50402832,3.49822998,3.49334717,3.47839355,3.47595215,3.47991943,3.4664917,3.465271,3.46221924,3.47229004,3.48052979,-0.00328414934,-0.0032716291,-0.00340285571,-0.0035855039,-0.00376192923,-0.00384749379,-0.00477243494,-0.00308482698,-0.00533565413,-0.00332499947,-0.00325205014,-0.00310122967,-0.00542067504,-0.00400405331,-0.00455180602,-0.00390755525,0,0,0,0,0,0,0,0,0,0,0,0,0,0,0,0,0,0,0,0,0,0,0,0
792,8.062000,3,1,1,0,0,3.52020264,3.51745605,3.51348877,3.51898193,3.51196289,3.52203369,3.51776123,3.51165771,3.50036621,3.4967041,3.50189209,3.48632812,3.48693848,3.48205566,3.49365234,3.49884033,0.0106910458,0.0102671124,0.0106692426,0.0120407622,0.0103373853,0.0110740103,0.0121610006,0.0120456554,0.0120430738,0.0104560191,0.0125730289,0.0102794115,0.0117446929,0.0118616605,0.0114486087,0.0110893305,0,0,0,0,0,0,0,0,0,0,0,0,0,0,0,0,0,0,0,0,0,0,0,0
793,8.062000,3,1,1,0,0,3.51928711,3.51654053,3.51348877,3.51623535,3.51135254,3.52050781,3.51654053,3.51074219,3.49639893,3.49609375,3.49914551,3.48480225,3.48266602,3.47869873,3.49182129,3.49914551,0.00473988801,0.00479766401,0.00445042038,0.00448593404,0.00474240072,0.00391959585,0.0039696563,0.00496465992,0.00254224194,0.00425949926,0.00360829197,0.00355104264,0.00194232748,0.00343868625,0.00297615305,0.00336789596,0,0,0,0,0,0,0,0,0,0,0,0,0,0,0,0,0,0,0,0,0,0,0,0
794,8.062000,3,1,1,0,0,3.51715088,3.51409912,3.51135254,3.51531982,3.50952148,3.51959229,3.51348877,3.50891113,3.49578857,3.49517822,3.49487305,3.48571777,3.48083496,3.47717285,3.48815918,3.49822998,0.000713457935,0.000725002144,0.000353059615,0.000688100816,0.000781495823,0.00090105366,-0.000551681151,0.000906125992,-0.000599751773,0.000706726278,-0.0023614727,0.00104810752,0.000621324871,0.000941239414,-0.00140658533,0.000630078022,0,0,0,0,0,0,0,0,0,0,0,0,0,0,0,0,0,0,0,0,0,0,0,0
795,8.062000,3,1,1,0,0,3.51104736,3.50646973,3.50494385,3.50799561,3.50158691,3.51074219,3.50799561,3.50219727,3.49029541,3.48571777,3.49365234,3.4765625,3.4777832,3.47259521,3.48388672,3.49029541,0.00479376735,0.00495386962,0.00479111588,0.00466919784,0.00478740316,0.00420544902,0.00501068402,0.00457195519,0.00297152624,0.00393311214,0.00535822567,0.00395068666,0.00333603285,0.00392956799,0.00261825137,0.00329194777,0,0,0,0,0,0,0,0,0,0,0,0,0,0,0,0,0,0,0,0,0,0,0,0
796,8.062000,3,1,1,0,0,3.50616455,3.50311279,3.50006104,3.50219727,3.49761963,3.50860596,3.50158691,3.49731445,3.48327637,3.48297119,3.48419189,3.47503662,3.46893311,3.46496582,3.47747803,3.48571777,-0.0011753256,-0.00102615566,-0.000819994428,-0.00171124772,-0.00189684192,-0.000985620543,-0.0025616528,-0.00128298299,-0.00356156356,-0.00100103463,-0.0037824919,-0.000476909336,-0.0038741657,-0.00196240097,-0.00297596259,-0.00147329178,0,0,0,0,0,0,0,0,0,0,0,0,0,0,0,0,0,0,0,0,0,0,0,0
797,8.062000,3,1,1,0,0,3.50341797,3.50158691,3.49884033,3.50067139,3.4967041,3.50769043,3.50128174,3.49487305,3.48327637,3.48266602,3.48449707,3.47167969,3.46984863,3.46405029,3.47717285,3.48571777,0.000340994913,0.000524063595,0.000216461485,-0.000759775867,0.000197752961,4.63280594e-05,-0.000183256809,0.000687829917,0.000621750602,0.00263610505,0.000396653195,0.00111717416,0.00140887895,0.00161789812,0.00086275721,0.00262381649,0,0,0,0,0,0,0,0,0,0,0,0,0,0,0,0,0,0,0,0,0,0,0,0
798,8.234000,3,1,1,0,0,3.51196289,3.50830078,3.50524902,3.50952148,3.50311279,3.51470947,3.50891113,3.50280762,3.48815918,3.48510742,3.48968506,3.4765625,3.47442627,3.47106934,3.48236084,3.48937988,-0.00156618678,-0.00212421129,-0.00133539364,-0.00148338918,-0.00168484566,-0.00158363942,-0.00138114637,-0.00116973161,-0.00259128748,-0.0020963992,-0.001965228,-0.00193454919,-0.00142175565,-0.00122828817,-0.00145419373,-0.0014660852,0,0,0,0,0,0,0,0,0,0,0,0,0,0,0,0,0,0,0,0,0,0,0,0
799,8.234000,3,1,1,0,0,3.52142334,3.51867676,3.51501465,3.51959229,3.5144043,3.52539062,3.52081299,3.51379395,3.50158691,3.4979248,3.50341797,3.48693848,3.48876953,3.48358154,3.49609375,3.50097656,0.00360659021,0.00364252529,0.0031275521,0.00292807678,0.00369824748,0.00414239429,0.00362013374,0.0038664001,0.0040790448,0.00300877215,0.00334957289,0.000211842998,0.00305362092,0.00340244966,0.00277639856,0.00195046095,0,0,0,0,0,0,0,0,0,0,0,0,0,0,0,0,0,0,0,0,0,0,0,0
800,8.234000,3,1,1,0,0,3.51989746,3.515625,3.5144043,3.51715088,3.51074219,3.51989746,3.51654053,3.51074219,3.4967041,3.49487305,3.50006104,3.48571777,3.48327637,3.47991943,3.48937988,3.49822998,-0.00131029182,-0.00120973715,-0.0002007726,-0.000446036283,-0.000390650588,-0.00116714847,-0.000179513532,-7.570046e-05,0.000346563233,0.000837525818,0.00181432487,0.00146469194,0.000798887806,0.00239735423,0.00117357424,0.00146237691,0,0,0,0,0,0,0,0,0,0,0,0,0,0,0,0,0,0,0,0,0,0,0,0
801,8.234000,3,1,1,0,0,3.51226807,3.50891113,3.50616455,3.50952148,3.50585938,3.51654053,3.51074219,3.50372314,3.49212646,3.49121094,3.49395752,3.48175049,3.48022461,3.47290039,3.4866333,3.49456787,-0.000909825903,-0.000934981392,-0.00109229609,-0.000713974354,-0.000758288836,0.000321583706,-0.000198755588,-0.00124424975,0.000998787815,0.00048388954,0.00108272908,0.000944282918,0.00171474647,0.000591962307,0.000984915649,0.000178455899,0,0,0,0,0,0,0,0,0,0,0,0,0,0,0,0,0,0,0,0,0,0,0,0
802,8.234000,3,1,1,0,0,3.51898193,3.51531982,3.51287842,3.51623535,3.51165771,3.52020264,3.51654053,3.50952148,3.49273682,3.49456787,3.4979248,3.48480225,3.48052979,3.47839355,3.49090576,3.4967041,-0.000345730688,-0.000941667589,-3.99693381e-05,-0.00118631741,-0.000936955563,-0.000477931462,9.2900591e-05,-0.000929520349,-0.00234200992,-0.00207788264,-0.00292000384,-0.00131618348,-0.00105781935,-0.000849339529,-0.00211791438,-0.00183801539,0,0,0,0,0,0,0,0,0,0,0,0,0,0,0,0,0,0,0,0,0,0,0,0
803,8.234000,3,1,1,0,0,3.50891113,3.50585938,3.50280762,3.50646973,3.50097656,3.51104736,3.50646973,3.49975586,3.48815918,3.4854126,3.49060059,3.47503662,3.4753418,3.46984863,3.48114014,3.48999023,0.00114177365,0.00194149069,0.00176878902,0.000910888542,0.000752609572,0.000929672678,0.00176911615,0.00188198593,0.00313351885,0.00100882677,0.00312047242,0.00266130269,0.00313770305,0.00275639724,0.00274041016,0.00330018508,0,0,0,0,0,0,0,0,0,0,0,0,0,0,0,0,0,0,0,0,0,0,0,0
804,8.234000,3,1,1,0,0,3.51745605,3.51531982,3.51135254,3.51501465,3.51013184,3.51898193,3.515625,3.50860596,3.49243164,3.49456787,3.4942627,3.48480225,3.47991943,3.4765625,3.48724365,3.49578857,0.0105746044,0.0108955111,0.0105699049,0.0111477794,0.0117446072,0.0106126703,0.0109340698,0.0108391177,0.00871967617,0.0104412828,0.0087061692,0.0096842451,0.00991859566,0.00812489539,0.00950470008,0.00951307546,0,0,0,0,0,0,0,0,0,0,0,0,0,0,0,0,0,0,0,0,0,0,0,0
805,8.234000,3,1,1,0,0,3.50585938,3.50280762,3.49975586,3.50219727,3.4979248,3.50891113,3.50189209,3.49609375,3.48144531,3.48266602,3.48449707,3.47198486,3.47045898,3.46343994,3.4765625,3.48571777,0.00518470537,0.00614274153,0.00535238488,0.00539829861,0.00600945903,0.00672390871,0.00531426258,0.0055608782,0.00351259205,0.00517180376,0.00334159471,0.00444413722,0.00392215513,0.00347373076,0.00371194771,0.00475246366,0,0,0,0,0,0,0,0,0,0,0,0,0,0,0,0,0,0,0,0,0,0,0,0
806,8.234000,3,1,1,0,0,3.51165771,3.50860596,3.50494385,3.51013184,3.50494385,3.51593018,3.51074219,3.50402832,3.49029541,3.4866333,3.49334717,3.47625732,3.47808838,3.47351074,3.4854126,3.49121094,0.00883870292,0.008425707,0.00889961235,0.00920651294,0.0100573851,0.00982068852,0.0103511028,0.00976302288,0.0106615555,0.00792385638,0.00937652215,0.00756427553,0.00893270038,0.00963952299,0.00989231281,0.00962933153,0,0,0,0,0,0,0,0,0,0,0,0,0,0,0,0,0,0,0,0,0,0,0,0
807,8.234000,3,1,1,0,0,3.51043701,3.50585938,3.50311279,3.50646973,3.50097656,3.51104736,3.5067749,3.50097656,3.48602295,3.48510742,3.48480225,3.47564697,3.46984863,3.46862793,3.47747803,3.48693848,-0.00442295382,-0.00431895349,-0.00426360127,-0.00543747656,-0.00397858396,-0.00430050818,-0.00442132633,-0.00407157373,-0.00445039058,-0.00394531619,-0.00576225109,-0.00354483444,-0.00483176112,-0.00449079741,-0.00461869314,-0.00333513785,0,0,0,0,0,0,0,0,0,0,0,0,0,0,0,0,0,0,0,0,0,0,0,0
808,8.234000,3,1,1,0,0,3.51196289,3.50738525,3.50494385,3.50952148,3.50311279,3.51531982,3.51013184,3.50341797,3.48815918,3.4866333,3.48968506,3.4765625,3.47503662,3.47167969,3.48236084,3.49060059,0.000595897203,-0.00037313049,0.000677336415,0.000528143195,-0.000847163727,0.00141038967,0.00123413326,0.000787481549,-0.000802100869,-0.000625585264,-0.0026941814,-0.00217647711,-0.00199531135,-0.00120630406,-0.00246166973,-0.000329518487,0,0,0,0,0,0,0,0,0,0,0,0,0,0,0,0,0,0,0,0,0,0,0,0
809,8.234000,3,1,1,0,0,3.51867676,3.51470947,3.51226807,3.51593018,3.50982666,3.52020264,3.51593018,3.50982666,3.49304199,3.49578857,3.49884033,3.4854126,3.48236084,3.47900391,3.49151611,3.49853516,-0.00021449785,0.000424968603,0.000443998899,0.000389753433,-0.000722653698,0.00025186612,-0.000277607876,-0.000126877625,-0.00347107276,-0.000760790717,-0.00246690726,-0.00223527639,-0.00181682571,-0.00160242186,-0.00170268328,-0.000550467696,0,0,0,0,0,0,0,0,0,0,0,0,0,0,0,0,0,0,0,0,0,0,0,0
810,8.234000,3,1,1,0,0,3.52050781,3.51654053,3.5144043,3.51776123,3.51135254,3.52142334,3.51745605,3.51165771,3.49731445,3.49578857,3.49914551,3.48449707,3.48419189,3.47961426,3.49212646,3.49884033,0.00310444785,0.003166307,0.0029684247,0.00263372716,0.00314507377,0.00256456924,0.00280880625,0.00224046945,0.00226214807,0.00199398678,0.00201528962,0.00147926458,0.00198074128,0.00266752974,0.00232565496,0.000945671287,0,0,0,0,0,0,0,0,0,0,0,0,0,0,0,0,0,0,0,0,0,0,0,0
811,8.234000,3,1,1,0,0,3.51135254,3.50830078,3.50494385,3.50891113,3.50341797,3.51501465,3.50891113,3.50280762,3.49182129,3.48999023,3.49395752,3.48052979,3.48022461,3.47320557,3.4866333,3.48999023,0.00395840127,0.0033732939,0.00359427021,0.00303460029,0.00371072302,0.00365941785,0.00369669776,0.00401537865,0.00197721948,0.00456962269,0.00323452894,0.00525574852,0.00267665042,0.0030755417,0.00337688997,0.0037519699,0,0,0,0,0,0,0,0,0,0,0,0,0,0,0,0,0,0,0,0,0,0,0,0
812,8.234000,3,1,1,0,0,3.52050781,3.51593018,3.51470947,3.51837158,3.51104736,3.52172852,3.51806641,3.51165771,3.4967041,3.49517822,3.49945068,3.48449707,3.48510742,3.47991943,3.49212646,3.49884033,0.0104738316,0.00956729706,0.0106622688,0.0109615773,0.0101425601,0.0101780742,0.0105621731,0.0100615444,0.00953880232,0.00967890956,0.00800782256,0.0095178159,0.00937272515,0.00777114555,0.00855307095,0.010548871,0,0,0,0,0,0,0,0,0,0,0,0,0,0,0,0,0,0,0,0,0,0,0,0
813,8.234000,3,1,1,0,0,3.51898193,3.51623535,3.51287842,3.51623535,3.51013184,3.52264404,3.5168457,3.51043701,3.49273682,3.49487305,3.49761963,3.48419189,3.48022461,3.4777832,3.487854,3.49822998,0.00586599484,0.00568292895,0.00633505452,0.0052264058,0.00546200015,0.00646078959,0.00527145062,0.00594092347,0.00528529705,0.00522827916,0.00490209833,0.00582246948,0.00525709148,0.00506364182,0.00621084496,0.00611782493,0,0,0,0,0,0,0,0,0,0,0,0,0,0,0,0,0,0,0,0,0,0,0,0
814,8.234000,3,1,1,0,0,3.51959229,3.51501465,3.51196289,3.51654053,3.51104736,3.52020264,3.51654053,3.51013184,3.49609375,3.49609375,3.49853516,3.48571777,3.47991943,3.4777832,3.487854,3.49609375,0.00850205217,0.00879942439,0.00860883389,0.00918052252,0.00918240193,0.0077959029,0.00824255962,0.00879183039,0.00819156319,0.0084504541,0.00751211401,0.00780086964,0.0071848603,0.00871777255,0.00753158005,0.00736465771,0,0,0,0,0,0,0,0,0,0,0,0,0,0,0,0,0,0,0,0,0,0,0,0
815,8.422000,3,1,1,0,0,3.51348877,3.51135254,3.5067749,3.51074219,3.50646973,3.51654053,3.51196289,3.50402832,3.49151611,3.49029541,3.49090576,3.47991943,3.47839355,3.47229004,3.48419189,3.48999023,-0.00053874572,-0.000339167309,-0.00174292782,-0.00145073351,-0.000624181703,-1.4968391e-05,0.000263035879,-0.00105224398,-0.00205370318,-0.00146316236,-0.00240053236,-0.00143161521,-0.000769516919,-0.00111296971,-0.00228255452,-0.00321660051,0,0,0,0,0,0,0,0,0,0,0,0,0,0,0,0,0,0,0,0,0,0,0,0
816,8.422000,3,1,1,0,0,3.51409912,3.51104736,3.50585938,3.51043701,3.5055542,3.51654053,3.51165771,3.5043335,3.49090576,3.487854,3.49121094,3.4765625,3.47839355,3.47290039,3.48388672,3.49029541,-0.00261867885,-0.00220246427,-0.0030760793,-0.00368044199,-0.00281037809,-0.00268668262,-0.00297522871,-0.00273296377,-0.00519802375,-0.00435819477,-0.00543334708,-0.00462003378,-0.00494084228,-0.00424347911,-0.004405329,-0.0039128447,0,0,0,0,0,0,0,0,0,0,0,0,0,0,0,0,0,0,0,0,0,0,0,0
817,8.422000,3,1,1,0,0,3.51715088,3.51318359,3.51135254,3.51470947,3.50952148,3.51989746,3.5144043,3.50830078,3.49273682,3.49304199,3.49853516,3.48510742,3.47961426,3.47503662,3.49029541,3.49609375,0.00107712368,0.00125406706,0.00170893397,0.00196315022,0.0011213047,0.00109199935,0.000476589485,0.00153620518,0.00229126937,0.0025688617,0.00201625633,0.00294541894,0.000410228036,9.19015147e-05,0.00135193032,0.00274754595,0,0,0,0,0,0,0,0,0,0,0,0,0,0,0,0,0,0,0,0,0,0,0,0
818,8.422000,3,1,1,0,0,3.50891113,3.5055542,3.50250244,3.5055542,3.50067139,3.51043701,3.50585938,3.49975586,3.48266602,3.48480225,3.4854126,3.47442627,3.47076416,3.46801758,3.47747803,3.48693848,-0.00201534503,-0.00117492175,-0.00227447134,-0.00185649679,-0.00149314676,-0.00186056772,-0.00205225172,-0.00261039473,-0.00315187965,-0.00201752549,-0.00160546356,-0.00141252135,-0.00368386554,-0.00131621689,-0.00213022437,-0.00144778716,0,0,0,0,0,0,0,0,0,0,0,0,0,0,0,0,0,0,0,0,0,0,0,0
819,8.422000,3,1,1,0,0,3.50585938,3.50311279,3.49853516,3.50158691,3.4979248,3.50799561,3.50158691,3.49731445,3.48266602,3.48236084,3.48510742,3.47198486,3.46954346,3.46435547,3.47625732,3.48510742,-0.000657450873,-0.00102965336,-0.00116994698,-0.000761459116,-0.000934292038,-0.00156445801,-0.00115162809,-0.000685170817,0.000350956165,-0.00063766411,-0.000481899886,0.000453933579,0.000162340584,0.000573581667,-0.000416707597,-0.00118445524,0,0,0,0,0,0,0,0,0,0,0,0,0,0,0,0,0,0,0,0,0,0,0,0
820,8.422000,3,1,1,0,0,3.52294922,3.52233887,3.51776123,3.52203369,3.5168457,3.52783203,3.52172852,3.51531982,3.50189209,3.50097656,3.50341797,3.48693848,3.48999023,3.48358154,3.49700928,3.50006104,0.00966404751,0.0106797274,0.00911278836,0.00976401102,0.0109003093,0.0112302704,0.0107860025,0.0100561157,0.0102037955,0.00820984878,0.0098514054,0.007347818,0.0103770895,0.0105557302,0.0108346958,0.00846679974,0,0,0,0,0,0,0,0,0,0,0,0,0,0,0,0,0,0,0,0,0,0,0,0
821,8.422000,3,1,1,0,0,3.50830078,3.50402832,3.50189209,3.50524902,3.49975586,3.51074219,3.50494385,3.49884033,3.48693848,3.48571777,3.48937988,3.4765625,3.47412109,3.46984863,3.47900391,3.48937988,-0.00574088516,-0.0062793782,-0.00639827596,-0.00682664663,-0.0067316154,-0.00612068269,-0.00675513409,-0.00650220551,-0.00665983558,-0.00518863089,-0.00703774672,-0.00452381652,-0.00563352648,-0.00428478885,-0.00690309238,-0.00461514015,0,0,0,0,0,0,0,0,0,0,0,0,0,0,0,0,0,0,0,0,0,0,0,0
822,8.422000,3,1,1,0,0,3.50402832,3.50067139,3.49578857,3.49914551,3.49578857,3.50585938,3.50158691,3.49487305,3.48114014,3.48144531,3.48480225,3.47137451,3.46984863,3.46343994,3.47747803,3.48449707,0.0013487679,0.00137779035,0.000886086258,0.000825504598,0.00132710056,0.00110651879,0.00123756775,0.000824500225,-0.000232794031,0.00226482283,7.85122393e-05,0.00196752069,0.000430748798,0.00144123973,0.00147390063,0.00163288566,0,0,0,0,0,0,0,0,0,0,0,0,0,0,0,0,0,0,0,0,0,0,0,0
823,8.422000,3,1,1,0,0,3.50891113,3.5067749,3.50219727,3.5067749,3.50128174,3.51043701,3.50646973,3.49975586,3.48266602,3.48449707,3.48388672,3.47503662,3.47045898,3.46801758,3.4777832,3.48571777,8.21484718e-06,0.000746456324,0.000110234949,0.000492002,0.000436051399,0.000872354954,-0.000255521853,0.000142630539,-0.00151248334,-0.000732620654,-0.00142249523,-0.0013416867,-0.000863239518,-0.00122932915,-0.000675485237,-0.0026983507,0,0,0,0,0,0,0,0,0,0,0,0,0,0,0,0,0,0,0,0,0,0,0,0
824,8.422000,3,1,1,0,0,3.50189209,3.4979248,3.49578857,3.50006104,3.49182129,3.50494385,3.49975586,3.49365234,3.48205566,3.47839355,3.48419189,3.46679688,3.46801758,3.46313477,3.47625732,3.48114014,-0.00652991468,-0.00718774786,-0.00629728474,-0.00644871173,-0.00669402815,-0.00589349447,-0.00697063422,-0.00634579686,-0.00582339521,-0.00584727153,-0.00352987438,-0.00589406677,-0.00470127305,-0.00551807089,-0.00501932204,-0.0045690015,0,0,0,0,0,0,0,0,0,0,0,0,0,0,0,0,0,0,0,0,0,0,0,0
825,8.422000,3,1,1,0,0,3.51409912,3.51135254,3.5067749,3.51043701,3.50646973,3.5168457,3.51165771,3.50372314,3.49151611,3.49060059,3.49395752,3.48144531,3.47930908,3.47320557,3.48693848,3.49090576,0.00151626358,0.00154188217,0.00169222802,0.00182948401,0.00137429521,0.00219229166,0.00246234844,0.00124616385,0.000315500889,0.000946940738,-0.000181562966,0.000801774615,0.000124067854,0.00109798438,0.000377731049,0.000295289617,0,0,0,0,0,0,0,0,0,0,0,0,0,0,0,0,0,0,0,0,0,0,0,0
826,8.422000,3,1,1,0,0,3.50067139,3.49945068,3.4954834,3.49884033,3.49273682,3.5043335,3.49975586,3.49365234,3.48175049,3.47991943,3.48327637,3.47045898,3.46954346,3.46374512,3.47564697,3.48083496,-0.00477782683,-0.00434819609,-0.00489135738,-0.00531348865,-0.00495406659,-0.00534933433,-0.00546791358,-0.00490508415,-0.00425746711,-0.00483993674,-0.00497568352,-0.00496057654,-0.0057417443,-0.00588153861,-0.00445105694,-0.00428020069,0,0,0,0,0,0,0,0,0,0,0,0,0,0,0,0,0,0,0,0,0,0,0,0
827,8.422000,3,1,1,0,0,3.50769043,3.50524902,3.50128174,3.50524902,3.50006104,3.50952148,3.50494385,3.49914551,3.48144531,3.48327637,3.48419189,3.47259521,3.46954346,3.4677124,3.47717285,3.48632812,-0.000108537672,-0.000362749037,-7.31513719e-05,-0.000488342484,-0.00032622955,-0.000446618535,-0.00090546679,-0.000212592306,-0.00247352803,-0.000514643965,-0.00177233689,-0.000497555942,-0.00137198751,-0.00186080125,-0.000971474044,-0.000546372961,0,0,0,0,0,0,0,0,0,0,0,0,0,0,0,0,0,0,0,0,0,0,0,0
828,8.422000,3,1,1,0,0,3.51470947,3.51165771,3.50799561,3.51226807,3.50738525,3.51623535,3.51196289,3.50524902,3.49212646,3.49151611,3.49487305,3.48083496,3.48022461,3.47259521,3.48724365,3.49121094,0.00116103701,0.00116864347,0.00141516794,0.00144805911,0.00184364407,0.000417508621,0.00128052011,0.00135177374,0.00276111742,0.00223233178,0.00323463511,0.00221310486,0.00271271844,0.00230944226,0.00350880949,0.000995758572,0,0,0,0,0,0,0,0,0,0,0,0,0,0,0,0,0,0,0,0,0,0,0,0
829,8.422000,3,1,1,0,0,3.51135254,3.50708008,3.50494385,3.50952148,3.50158691,3.51226807,3.50921631,3.50311279,3.48999023,3.48968506,3.49212646,3.47625732,3.47839355,3.47229004,3.48388672,3.49029541,0.00112801278,0.00152477191,0.00151878549,0.00179064809,0.00137349055,0.000546564581,0.000784217438,0.00116567616,0.00176336523,0.00220320839,0.00175057631,0.00178370671,0.00322643202,0.00170279667,0.00106278271,0.000863475376,0,0,0,0,0,0,0,0,0,0,0,0,0,0,0,0,0,0,0,0,0,0,0,0
830,8.422000,3,1,1,0,0,3.50097656,3.49700928,3.49487305,3.49822998,3.49121094,3.50372314,3.4979248,3.49212646,3.47839355,3.47503662,3.48052979,3.46710205,3.46557617,3.46221924,3.47290039,3.47930908,-0.000316380203,-0.000815958832,-0.00081063289,9.80343611e-05,-0.000782966614,-0.000740479794,-0.000229598896,-0.000719565316,4.3795415e-05,-0.000194274355,0.00117251975,-0.00113290129,0.00055304938,0.000267485157,0.000806260272,-0.000876695383,0,0,0,0,0,0,0,0,0,0,0,0,0,0,0,0,0,0,0,0,0,0,0,0
831,8.422000,3,1,1,0,0,3.49212646,3.48907471,3.4854126,3.49121094,3.48327637,3.4954834,3.49121094,3.48388672,3.47198486,3.47198486,3.47442627,3.46221924,3.46008301,3.45367432,3.46710205,3.47106934,-0.0129339453,-0.0132107493,-0.0130703114,-0.013078331,-0.0132420436,-0.0124720354,-0.0123146065,-0.0131001621,-0.0142761664,-0.0125300689,-0.0134216864,-0.0137983877,-0.0129963327,-0.0143694496,-0.0126042226,-0.013877538,0,0,0,0,0,0,0,0,0,0,0,0,0,0,0,0,0,0,0,0,0,0,0,0
832,8.422000,3,1,1,0,0,3.51470947,3.51135254,3.50769043,3.51104736,3.50708008,3.51715088,3.51196289,3.50402832,3.49151611,3.48999023,3.49273682,3.47961426,3.47930908,3.47412109,3.4854126,3.49121094,0.0211401917,0.0217585396,0.0199862383,0.020776784,0.0213243943,0.0216639377,0.0220874399,0.0205807462,0.0198921133,0.020357091,0.0178799815,0.018834848,0.0202213768,0.0198611245,0.0193434022,0.0190567132,0,0,0,0,0,0,0,0,0,0,0,0,0,0,0,0,0,0,0,0,0,0,0,0
833,8.578000,3,1,1,0,0,3.50738525,3.50341797,3.50097656,3.5043335,3.49945068,3.50952148,3.50280762,3.49853516,3.4866333,3.48449707,3.48510742,3.47503662,3.47076416,3.46832275,3.47747803,3.48632812,0.000541135203,0.00179689471,0.0013621659,0.00154412701,0.00175630802,0.00175352686,0.00157038844,0.00157104712,0.00191612355,-0.000230230042,0.000472182175,0.000551883597,0.00102651957,0.00215637963,0.00162248756,0.00141685072,0,0,0,0,0,0,0,0,0,0,0,0,0,0,0,0,0,0,0,0,0,0,0,0
834,8.578000,3,1,1,0,0,3.52386475,3.52172852,3.51898193,3.52233887,3.51715088,3.52813721,3.52081299,3.51593018,3.50219727,3.50128174,3.50341797,3.49090576,3.48999023,3.48297119,3.4967041,3.5043335,0.0073384312,0.00713937311,0.00793055445,0.00795464683,0.00658548996,0.00663896045,0.00694882078,0.00735779339,0.00801327731,0.00694479607,0.00861986075,0.00717385067,0.00786155835,0.00733888801,0.0089527294,0.00811397657,0,0,0,0,0,0,0,0,0,0,0,0,0,0,0,0,0,0,0,0,0,0,0,0
835,8.578000,3,1,1,0,0,3.50585938,3.50280762,3.49945068,3.50280762,3.4979248,3.50860596,3.50219727,3.4967041,3.48297119,3.48266602,3.48419189,3.47198486,3.46984863,3.46343994,3.47808838,3.48602295,-0.000442103366,-0.000426344282,-0.00116753532,-0.000346383546,-0.000607371563,-0.000676476746,-0.000810582074,-0.000685123552,-0.000516954518,-0.000604952627,0.000298532308,-0.000653488562,-0.000319644401,-0.000639591774,-0.000371452305,0.00147156511,0,0,0,0,0,0,0,0,0,0,0,0,0,0,0,0,0,0,0,0,0,0,0,0
836,8.578000,3,1,1,0,0,3.50738525,3.50494385,3.50128174,3.50463867,3.49853516,3.50952148,3.5043335,3.49853516,3.4866333,3.48602295,3.48907471,3.47625732,3.47229004,3.46893311,3.48144531,3.48876953,0.00270685321,0.00277086697,0.00373742264,0.00347777433,0.00213525817,0.00236000214,0.00301881554,0.00343798753,0.00338123273,0.00272776512,0.00404332532,0.00298197172,0.00435568579,0.00332830194,0.00404730206,0.00518972194,0,0,0,0,0,0,0,0,0,0,0,0,0,0,0,0,0,0,0,0,0,0,0,0
837,8.578000,3,1,1,0,0,3.51806641,3.51593018,3.51318359,3.51623535,3.51013184,3.52050781,3.51470947,3.51013184,3.4967041,3.49609375,3.49945068,3.48480225,3.48144531,3.47686768,3.48815918,3.4979248,-0.00194127753,-0.00131156074,-0.00177635578,-0.00234970194,-0.00135869614,-0.00116986746,-0.00273908582,-0.00242538052,-0.00330821914,-0.0023699794,-0.00306152506,-0.00161357969,-0.00340662431,-0.0034653421,-0.00246953871,-0.00329634664,0,0,0,0,0,0,0,0,0,0,0,0,0,0,0,0,0,0,0,0,0,0,0,0
838,8.578000,3,1,1,0,0,3.52111816,3.51593018,3.51379395,3.51837158,3.51135254,3.52081299,3.51806641,3.51196289,3.49731445,3.49517822,3.49884033,3.4854126,3.48480225,3.47961426,3.49212646,3.49945068,0.00295318849,0.00177495962,0.00239434512,0.00317611103,0.00204446376,0.00319716823,0.00300703547,0.00284824404,0.00229065167,0.000834214617,0.00241140299,0.00207942096,0.00226209359,0.00250095897,0.00233135698,0.00302006397,0,0,0,0,0,0,0,0,0,0,0,0,0,0,0,0,0,0,0,0,0,0,0,0
839,8.578000,3,1,1,0,0,3.52081299,3.51593018,3.5144043,3.51806641,3.51074219,3.52142334,3.51715088,3.51196289,3.49517822,3.49517822,3.49884033,3.48480225,3.48205566,3.47961426,3.49182129,3.49853516,0.00591171626,0.00579935033,0.00650490681,0.00581503892,0.00610870216,0.00647305977,0.00639040209,0.00637793588,0.00647736294,0.00520995585,0.00633543218,0.00567683578,0.00611418718,0.00707146479,0.00677677663,0.00413020048,0,0,0,0,0,0,0,0,0,0,0,0,0,0,0,0,0,0,0,0,0,0,0,0
840,8.578000,3,1,1,0,0,3.51593018,3.51287842,3.51013184,3.51196289,3.50769043,3.51776123,3.51196289,3.50524902,3.49151611,3.49456787,3.4942627,3.48297119,3.48022461,3.47412109,3.487854,3.49609375,-0.00350981695,-0.00310023851,-0.00383833819,-0.00447642012,-0.00340366596,-0.00305672223,-0.00315777748,-0.00427062297,-0.00304212235,-0.00449733064,-0.00369091751,-0.00362541224,-0.00351745705,-0.00350456894,-0.00276018679,-0.00416230038,0,0,0,0,0,0,0,0,0,0,0,0,0,0,0,0,0,0,0,0,0,0,0,0
841,8.578000,3,1,1,0,0,3.51715088,3.51470947,3.51074219,3.51409912,3.50952148,3.52050781,3.51501465,3.50860596,3.49090576,3.49304199,3.4942627,3.48144531,3.47869873,3.47442627,3.48632812,3.49517822,0.00585968932,0.0063181459,0.00530148903,0.00502722105,0.00586063787,0.00567701645,0.00546578923,0.00574730895,0.00477389852,0.00580315897,0.00557781896,0.00505696516,0.00521890074,0.00424590195,0.00466894498,0.00608891156,0,0,0,0,0,0,0,0,0,0,0,0,0,0,0,0,0,0,0,0,0,0,0,0
842,8.578000,3,1,1,0,0,3.5168457,3.5144043,3.50982666,3.51501465,3.50921631,3.51959229,3.51318359,3.50830078,3.49243164,3.49182129,3.49334717,3.48114014,3.47991943,3.47351074,3.48724365,3.4942627,0.00505444175,0.00558402296,0.00456237094,0.00487232814,0.00573325483,0.00527333468,0.00500482693,0.00460297428,0.00428950461,0.00492447801,0.00430037966,0.00482303789,0.00454988331,0.00375866634,0.00514295604,0.00361439167,0,0,0,0,0,0,0,0,0,0,0,0,0,0,0,0,0,0,0,0,0,0,0,0
843,8.578000,3,1,1,0,0,3.51745605,3.5144043,3.51135254,3.51470947,3.51013184,3.51928711,3.51531982,3.50830078,3.49609375,3.49395752,3.49822998,3.48449707,3.47991943,3.47686768,3.48693848,3.49609375,-0.00536966976,-0.00422752928,-0.00526800146,-0.00570577756,-0.00377431628,-0.00501117902,-0.00461940328,-0.00496472744,-0.00342035969,-0.00534871407,-0.00347654428,-0.00437877839,-0.00453238422,-0.00487156911,-0.00457450794,-0.00491449004,0,0,0,0,0,0,0,0,0,0,0,0,0,0,0,0,0,0,0,0,0,0,0,0
844,8.594000,3,1,1,0,0,3.51959229,3.51654053,3.51501465,3.51867676,3.51104736,3.52203369,3.51898193,3.51257324,3.49822998,3.49456787,3.49975586,3.48480225,3.48510742,3.48022461,3.49273682,3.50006104,-0.000283410714,0.000254396902,0.000415924733,0.00128512469,0.000165941645,0.000874499441,0.0011620021,0.000946028507,0.001340691,-0.000809056743,0.000931996561,-0.000139533571,0.000764010532,0.000483264477,-0.000169422099,0.00181086734,0,0,0,0,0,0,0,0,0,0,0,0,0,0,0,0,0,0,0,0,0,0,0,0
845,8.594000,3,1,1,0,0,3.51226807,3.51043701,3.50616455,3.51013184,3.50585938,3.515625,3.51043701,3.50219727,3.49212646,3.49090576,3.49395752,3.48114014,3.47961426,3.47381592,3.48632812,3.4942627,0.00342962053,0.00395456422,0.0034554936,0.003220157,0.00378418574,0.00322354911,0.00261358824,0.00258895196,0.00448863907,0.00439516036,0.00397874415,0.00506408978,0.00340482569,0.00355286826,0.0037513033,0.00406146329,0,0,0,0,0,0,0,0,0,0,0,0,0,0,0,0,0,0,0,0,0,0,0,0
846,8.594000,3,1,1,0,0,3.51348877,3.51013184,3.50616455,3.51013184,3.5055542,3.51623535,3.51104736,3.50341797,3.49029541,3.48693848,3.49029541,3.47930908,3.47808838,3.47320557,3.48449707,3.48937988,0.000350902439,-0.000148608466,-0.000350688817,-0.00064717338,-0.000675215153,-0.00121241796,5.21972543e-05,-0.000897824997,-0.000475269044,-0.000304127694,-0.00207084883,0.00031298981,-0.000397142023,-0.000217812136,-0.00134919351,-0.000293928082,0,0,0,0,0,0,0,0,0,0,0,0,0,0,0,0,0,0,0,0,0,0,0,0
847,8.594000,3,1,1,0,0,3.50799561,3.5055542,3.50250244,3.50585938,3.49914551,3.51074219,3.50463867,3.50006104,3.4866333,3.48480225,3.48937988,3.47564697,3.47473145,3.46954346,3.47930908,3.48968506,-0.00327691995,-0.00289312936,-0.00265353639,-0.0030796784,-0.00368805975,-0.00309822778,-0.00307257287,-0.00267755566,-0.00108793634,-0.00243548024,-0.000624777691,-0.000875354919,-0.00201624725,-0.00150504988,-0.000946408254,-0.00101990334,0,0,0,0,0,0,0,0,0,0,0,0,0,0,0,0,0,0,0,0,0,0,0,0
848,8.594000,3,1,1,0,0,3.52111816,3.51745605,3.51348877,3.51898193,3.51409912,3.52416992,3.51959229,3.51165771,3.4979248,3.4967041,3.49884033,3.48510742,3.48449707,3.48052979,3.49212646,3.49884033,0.00833737664,0.00761587452,0.00777546223,0.00893520284,0.00795594975,0.00901608635,0.00956401881,0.00843009166,0.00874274038,0.00738197984,0.00978820957,0.00763032772,0.00838390831,0.00921114534,0.0090017058,0.00759785715,0,0,0,0,0,0,0,0,0,0,0,0,0,0,0,0,0,0,0,0,0,0,0,0
849,8.594000,3,1,1,0,0,3.51470947,3.51135254,3.50769043,3.51104736,3.50708008,3.5168457,3.51196289,3.5043335,3.49090576,3.49182129,3.49456787,3.48388672,3.48022461,3.47320557,3.48754883,3.49517822,0.00442712381,0.00512928935,0.00513806846,0.00500987144,0.00521446019,0.00496754842,0.00561616197,0.00429607695,0.00572422193,0.00664144522,0.00660403166,0.00717609562,0.00632152334,0.00511084171,0.00677539362,0.00624006568,0,0,0,0,0,0,0,0,0,0,0,0,0,0,0,0,0,0,0,0,0,0,0,0
850,8.750000,3,1,1,0,0,3.51867676,3.515625,3.51287842,3.515625,3.51013184,3.51959229,3.51531982,3.50952148,3.49365234,3.49517822,3.49945068,3.48602295,3.48144531,3.47717285,3.49121094,3.4967041,0.00606268505,0.00554458937,0.00597147178,0.00575369084,0.00561542809,0.00556190265,0.00587774627,0.00577130448,0.00448189955,0.00605332758,0.00570190558,0.00497660972,0.00533084711,0.00468605664,0.00543923769,0.00545766903,0,0,0,0,0,0,0,0,0,0,0,0,0,0,0,0,0,0,0,0,0,0,0,0
851,8.750000,3,1,1,0,0,3.51745605,3.51501465,3.51165771,3.51593018,3.50952148,3.51959229,3.51409912,3.50921631,3.49609375,3.49609375,3.49822998,3.48571777,3.48083496,3.47595215,3.48754883,3.4979248,0.00256587379,0.00273033511,0.00253922446,0.00301540853,0.00320048304,0.00295523554,0.00305736391,0.00291334745,0.0026740639,0.00339425262,0.00304099987,0.00333685032,0.00182260852,0.00223345775,0.0017541307,0.00321059907,0,0,0,0,0,0,0,0,0,0,0,0,0,0,0,0,0,0,0,0,0,0,0,0
852,8.750000,3,1,1,0,0,3.51715088,3.515625,3.51104736,3.51531982,3.51013184,3.51898193,3.515625,3.50921631,3.49273682,3.4942627,3.49304199,3.48205566,3.47900391,3.47412109,3.48693848,3.4954834,0.000482841686,0.000323483953,-0.000315904414,-4.8611284e-05,-0.000111223955,-0.00108009146,-2.42643873e-05,0.000444422651,-0.00210525049,-0.000557131483,-0.00465520099,-0.0010268453,-0.00354324025,-0.00105128204,-0.00339910598,-0.0013252421,0,0,0,0,0,0,0,0,0,0,0,0,0,0,0,0,0,0,0,0,0,0,0,0
853,8.750000,3,1,1,0,0,3.51959229,3.51776123,3.51409912,3.51745605,3.51196289,3.52325439,3.51837158,3.51196289,3.49945068,3.49456787,3.49945068,3.48602295,3.4854126,3.48083496,3.49212646,3.49945068,0.00531400787,0.00478152279,0.00487268204,0.00576434797,0.00510073826,0.00606652349,0.00616235007,0.00492735766,0.00782841165,0.00567952264,0.00707491254,0.0059463135,0.00799368508,0.0069337585,0.00669540605,0.00513732526,0,0,0,0,0,0,0,0,0,0,0,0,0,0,0,0,0,0,0,0,0,0,0,0
854,8.750000,3,1,1,0,0,3.50616455,3.50372314,3.50036621,3.50402832,3.49822998,3.50952148,3.50219727,3.49822998,3.48236084,3.48297119,3.48419189,3.47198486,3.47076416,3.46405029,3.47747803,3.48510742,-0.00113224308,-0.00111757242,-0.00118009141,-0.000868203584,-0.000420680852,-0.0008727354,-0.000819958979,-0.00105135655,-0.00109331589,-0.00122589013,-0.00209713262,-0.00141972466,-0.00109434582,-0.000912047748,-0.000918729231,-0.00150358793,0,0,0,0,0,0,0,0,0,0,0,0,0,0,0,0,0,0,0,0,0,0,0,0
855,8.750000,3,1,1,0,0,3.52539062,3.52172852,3.51776123,3.52264404,3.51715088,3.52813721,3.52142334,3.51501465,3.50189209,3.50219727,3.50463867,3.49121094,3.48999023,3.48266602,3.4967041,3.50097656,0.0113174953,0.0108476877,0.0106624486,0.0100095375,0.0109338416,0.0115125077,0.009853228,0.0107247299,0.00921251718,0.0101867327,0.00909269322,0.00955827814,0.00955040753,0.00821188185,0.00986944512,0.00786137208,0,0,0,0,0,0,0,0,0,0,0,0,0,0,0,0,0,0,0,0,0,0,0,0
856,8.750000,3,1,1,0,0,3.50921631,3.5055542,3.50250244,3.50616455,3.50036621,3.51013184,3.5055542,3.49945068,3.4866333,3.48510742,3.48602295,3.47473145,3.47412109,3.46954346,3.48022461,3.487854,-0.0010006876,-0.00124625815,-0.000820430345,-0.000949398032,-0.00088922627,-0.00104206509,-0.000727184757,-0.00136492995,-0.00109804922,-0.000899877283,-0.00215243944,-0.00178473396,-0.00119851111,-0.000122708065,-0.000835833547,-0.000981013407,0,0,0,0,0,0,0,0,0,0,0,0,0,0,0,0,0,0,0,0,0,0,0,0
857,8.750000,3,1,1,0,0,3.50982666,3.50616455,3.50463867,3.50799561,3.50250244,3.51196289,3.50799561,3.50189209,3.4866333,3.4854126,3.48571777,3.47473145,3.47381592,3.46954346,3.47900391,3.48876953,0.00956817251,0.00957285147,0.0100166714,0.0105219716,0.0105042448,0.00966302212,0.0100295022,0.00899305288,0.00869023893,0.00942388084,0.0073348647,0.00850183144,0.00877500977,0.00798439048,0.00863737892,0.00803561695,0,0,0,0,0,0,0,0,0,0,0,0,0,0,0,0,0,0,0,0,0,0,0,0
858,8.750000,3,1,1,0,0,3.50616455,3.50280762,3.49914551,3.50280762,3.49822998,3.50830078,3.50158691,3.4967041,3.48236084,3.48419189,3.48480225,3.47412109,3.46984863,3.46466064,3.47747803,3.48571777,-0.00357420975,-0.00305451918,-0.00352616771,-0.0037132469,-0.00334764132,-0.00354510685,-0.00424858509,-0.00348772155,-0.00480576651,-0.0036331166,-0.0048925709,-0.00296054711,-0.00490071252,-0.00446865754,-0.0039817174,-0.00346955983,0,0,0,0,0,0,0,0,0,0,0,0,0,0,0,0,0,0,0,0,0,0,0,0
859,8.750000,3,1,1,0,0,3.52081299,3.5168457,3.51348877,3.51837158,3.51135254,3.52111816,3.51837158,3.51104736,3.49731445,3.49609375,3.49884033,3.4854126,3.48480225,3.47991943,3.49243164,3.49822998,0.00648895092,0.00621606875,0.0066545587,0.00703273481,0.00626256596,0.00555965304,0.00737771764,0.00641299319,0.00507811317,0.00536888558,0.0042304392,0.00548039004,0.00517990161,0.00664397795,0.00526734255,0.00528535992,0,0,0,0,0,0,0,0,0,0,0,0,0,0,0,0,0,0,0,0,0,0,0,0
860,8.750000,3,1,1,0,0,3.51196289,3.50616455,3.50585938,3.50982666,3.50128174,3.51379395,3.50830078,3.50280762,3.49060059,3.49029541,3.4942627,3.48083496,3.47930908,3.47320557,3.48602295,3.48999023,0.00188876723,0.000945801497,0.00143907708,0.00192451139,0.000738834031,0.000813008635,0.0019118936,0.00189008552,0.00216911221,0.00256355386,0.00378539413,0.00254520611,0.00143526448,0.00244774483,0.00205645082,0.00222347025,0,0,0,0,0,0,0,0,0,0,0,0,0,0,0,0,0,0,0,0,0,0,0,0
861,8.750000,3,1,1,0,0,3.51989746,3.515625,3.51409912,3.51776123,3.51104736,3.52111816,3.51745605,3.51074219,3.4967041,3.49487305,3.49945068,3.48480225,3.48449707,3.47930908,3.49273682,3.49975586,0.00301702414,0.00284434878,0.00327313598,0.00332756527,0.00249950192,0.00210624328,0.00215625321,0.00292728422,0.00233622012,0.00254540076,0.00306571834,0.0030324657,0.00462412927,0.00321170804,0.00349673186,0.00379010243,0,0,0,0,0,0,0,0,0,0,0,0,0,0,0,0,0,0,0,0,0,0,0,0
862,8.750000,3,1,1,0,0,3.52600098,3.52294922,3.51959229,3.52325439,3.51776123,3.52844238,3.52264404,3.51623535,3.50189209,3.50219727,3.50311279,3.49121094,3.48937988,3.48236084,3.49609375,3.50097656,0.0112789506,0.0118586635,0.0112438779,0.0116097862,0.0110353576,0.0116020814,0.0108872782,0.0108778402,0.00714985887,0.0104090674,0.00709081907,0.0101564387,0.00720073236,0.00730251381,0.00813643448,0.00868308358,0,0,0,0,0,0,0,0,0,0,0,0,0,0,0,0,0,0,0,0,0,0,0,0
863,8.750000,3,1,1,0,0,3.51135254,3.50860596,3.50524902,3.51013184,3.50524902,3.51501465,3.51013184,3.50341797,3.49182129,3.49029541,3.4942627,3.48114014,3.47961426,3.47320557,3.48602295,3.49060059,0.00414525485,0.00280991243,0.00413983129,0.00437983964,0.00360984844,0.00447067665,0.00454963511,0.00411755498,0.00481270347,0.00505056512,0.00522740465,0.0048157475,0.00511903875,0.00429033535,0.00514984969,0.00301435008,0,0,0,0,0,0,0,0,0,0,0,0,0,0,0,0,0,0,0,0,0,0,0,0
864,8.750000,3,1,1,0,0,3.51196289,3.50738525,3.50585938,3.51013184,3.5043335,3.51318359,3.50921631,3.50189209,3.49243164,3.49151611,3.49273682,3.48144531,3.47930908,3.47381592,3.48693848,3.49395752,0.00564547069,0.00568736065,0.00541144703,0.00566161936,0.00580470171,0.00601082621,0.0059210863,0.00538110221,0.00353033142,0.0060340194,0.00263666385,0.00564938877,0.00369408517,0.00271492219,0.00340645993,0.00501259556,0,0,0,0,0,0,0,0,0,0,0,0,0,0,0,0,0,0,0,0,0,0,0,0
865,8.750000,3,1,1,0,0,3.51226807,3.51074219,3.50585938,3.50860596,3.50524902,3.51593018,3.51104736,3.50280762,3.48907471,3.48632812,3.48999023,3.47900391,3.47503662,3.47229004,3.48297119,3.48999023,-0.00360807311,-0.00293345377,-0.0036587643,-0.00369290449,-0.00389093021,-0.00338391773,-0.00357075175,-0.00295615545,-0.00293578673,-0.00270636263,-0.00313404948,-0.0028985953,-0.00288209296,-0.0036229426,-0.00280642929,-0.00291084591,0,0,0,0,0,0,0,0,0,0,0,0,0,0,0,0,0,0,0,0,0,0,0,0
866,8.750000,3,1,1,0,0,3.52020264,3.51745605,3.51470947,3.51867676,3.51226807,3.52264404,3.51776123,3.51196289,3.49700928,3.4967041,3.49945068,3.48510742,3.48449707,3.48022461,3.49182129,3.49914551,0.00214030431,0.0012645697,0.00225235941,0.00254674838,0.00205527782,0.00144446618,0.00266794674,0.0018516063,0.00332090608,0.00205096463,0.00152186328,0.00170612102,0.00344244181,0.0029190972,0.00304070232,0.0036498853,0,0,0,0,0,0,0,0,0,0,0,0,0,0,0,0,0,0,0,0,0,0,0,0
867,8.922000,3,1,1,0,0,3.51074219,3.50738525,3.50494385,3.50952148,3.50250244,3.51196289,3.50891113,3.50250244,3.49090576,3.49029541,3.49334717,3.48022461,3.47747803,3.47381592,3.48602295,3.48968506,-0.00331564271,-0.00345346681,-0.00334581546,-0.00414557848,-0.00333985407,-0.00366730406,-0.00448039547,-0.00288279355,-0.00354828313,-0.00164038036,-0.00411979854,-0.00228882674,-0.00313984812,-0.00182339502,-0.00326809799,-0.00394068658,0,0,0,0,0,0,0,0,0,0,0,0,0,0,0,0,0,0,0,0,0,0,0,0
868,8.922000,3,1,1,0,0,3.51074219,3.50646973,3.50494385,3.50830078,3.50189209,3.51379395,3.50769043,3.50250244,3.48937988,3.48571777,3.49121094,3.47991943,3.47686768,3.47229004,3.48266602,3.48999023,-0.00326966029,-0.00386670185,-0.00303671183,-0.00304285716,-0.00395761384,-0.00315631577,-0.00354760443,-0.00325952983,-0.00379209244,-0.00233248086,-0.00266025728,-0.00226438395,-0.00306475675,-0.00162619806,-0.00307284901,-0.00138233788,0,0,0,0,0,0,0,0,0,0,0,0,0,0,0,0,0,0,0,0,0,0,0,0
869,8.922000,3,1,1,0,0,3.52416992,3.52203369,3.51898193,3.52233887,3.51715088,3.52874756,3.52081299,3.51593018,3.50189209,3.50128174,3.50341797,3.49029541,3.48968506,3.48266602,3.49609375,3.50402832,0.0124563221,0.0123978332,0.0126836197,0.0134406965,0.0125800585,0.01198122,0.0129915401,0.0131047051,0.0116408439,0.0111730071,0.0119517166,0.011180291,0.0110443681,0.0103490436,0.0123516871,0.0127998078,0,0,0,0,0,0,0,0,0,0,0,0,0,0,0,0,0,0,0,0,0,0,0,0
870,8.922000,3,1,1,0,0,3.51165771,3.50982666,3.50585938,3.50891113,3.50585938,3.51623535,3.51104736,3.50311279,3.49029541,3.48968506,3.49121094,3.47961426,3.47808838,3.47381592,3.48327637,3.48907471,0.000909668568,0.00156415952,0.00160391012,0.00118523161,0.00195255084,0.00212565809,0.00102005224,0.000434011745,0.00202982267,0.00255422713,0.00306226034,0.00321519701,0.00187693094,0.00129893876,0.00191946258,0.00126660476,0,0,0,0,0,0,0,0,0,0,0,0,0,0,0,0,0,0,0,0,0,0,0,0
871,8.922000,3,1,1,0,0,3.51989746,3.51776123,3.51379395,3.51837158,3.51196289,3.52294922,3.51898193,3.51226807,3.49853516,3.49578857,3.50189209,3.48449707,3.48602295,3.48236084,3.49304199,3.49945068,0.00298765302,0.00239092694,0.00275751017,0.00228716945,0.00152938487,0.00253899,0.00345484866,0.00250310544,0.00224139262,0.0012049895,0.00197534054,3.77615215e-05,0.00206475053,0.00295753079,0.00150658784,0.00175958429,0,0,0,0,0,0,0,0,0,0,0,0,0,0,0,0,0,0,0,0,0,0,0,0
872,8.922000,3,1,1,0,0,3.51654053,3.51257324,3.51013184,3.51409912,3.50860596,3.51928711,3.51257324,3.50769043,3.49273682,3.49365234,3.49395752,3.48510742,3.48052979,3.4753418,3.48724365,3.49609375,-0.000392129819,-0.000440697011,-9.77144082e-05,-0.000902617292,-0.000470484636,-0.000747760001,-0.000967315864,-0.00116261269,-0.000749463448,-0.000203895441,-0.00150039617,0.000331829418,-0.00029810323,-0.00112131948,-0.000395849638,0.00069093873,0,0,0,0,0,0,0,0,0,0,0,0,0,0,0,0,0,0,0,0,0,0,0,0
873,8.922000,3,1,1,0,0,3.50738525,3.50402832,3.50067139,3.5043335,3.49945068,3.51104736,3.50341797,3.49822998,3.48114014,3.48266602,3.48419189,3.47167969,3.46893311,3.46496582,3.47686768,3.4854126,0.000314370962,0.00108262629,-4.82903561e-05,0.000463641249,0.00140615611,0.0020309058,0.00119032827,2.56790081e-05,-0.000251676654,-0.00094489305,-0.00108700013,0.000673689414,-0.00120055163,9.1502443e-06,-0.000405411352,-0.00101834629,0,0,0,0,0,0,0,0,0,0,0,0,0,0,0,0,0,0,0,0,0,0,0,0
874,8.922000,3,1,1,0,0,3.50830078,3.50524902,3.50219727,3.50463867,3.50006104,3.50982666,3.50463867,3.50006104,3.48632812,3.48449707,3.48510742,3.47503662,3.47412109,3.46862793,3.47808838,3.4866333,0.00457307184,0.00460219663,0.00567805208,0.00449757325,0.0048921681,0.00423996057,0.00430718157,0.00508430041,0.00488691777,0.00619316008,0.00374505157,0.00623452617,0.00513115292,0.00403408706,0.00421830779,0.00504371803,0,0,0,0,0,0,0,0,0,0,0,0,0,0,0,0,0,0,0,0,0,0,0,0
875,8.922000,3,1,1,0,0,3.51593018,3.51348877,3.51013184,3.51257324,3.50738525,3.51715088,3.51135254,3.50738525,3.49212646,3.49304199,3.49487305,3.48236084,3.47991943,3.47351074,3.48724365,3.49517822,0.00687770266,0.00699668843,0.00638814643,0.00565073732,0.00696307095,0.00624298956,0.00628265925,0.00619423389,0.00570770027,0.00767756766,0.00670525245,0.00576469582,0.00612353021,0.00562011171,0.00579281105,0.00626027817,0,0,0,0,0,0,0,0,0,0,0,0,0,0,0,0,0,0,0,0,0,0,0,0
876,8.922000,3,1,1,0,0,3.51776123,3.515625,3.51226807,3.51623535,3.51074219,3.51959229,3.51470947,3.50982666,3.49700928,3.49487305,3.49945068,3.48480225,3.48297119,3.47900391,3.49243164,3.49884033,0.00669375714,0.00642366614,0.00653602183,0.00708634779,0.00632436108,0.00519930245,0.00674616359,0.00666744215,0.00795753114,0.00597082544,0.00760619994,0.00655651698,0.0053821411,0.00764197111,0.00780197652,0.00649413606,0,0,0,0,0,0,0,0,0,0,0,0,0,0,0,0,0,0,0,0,0,0,0,0
877,8.922000,3,1,1,0,0,3.50708008,3.5043335,3.50158691,3.50311279,3.49884033,3.50982666,3.50189209,3.49761963,3.48327637,3.48388672,3.48480225,3.4753418,3.47015381,3.46862793,3.4777832,3.48724365,-0.00158816215,-0.00131379394,-0.00204109401,-0.00232535112,-0.00210828055,-0.00138034753,-0.00309135625,-0.00184089248,-0.00492444681,-0.00256616832,-0.00556799211,-0.00439834362,-0.00507285818,-0.00485429401,-0.00389565993,-0.003396207,0,0,0,0,0,0,0,0,0,0,0,0,0,0,0,0,0,0,0,0,0,0,0,0
878,8.922000,3,1,1,0,0,3.51013184,3.50769043,3.50585938,3.50891113,3.50402832,3.51501465,3.50921631,3.50341797,3.48754883,3.48571777,3.48632812,3.47595215,3.47442627,3.46954346,3.47900391,3.49029541,-0.00131157425,-0.000646876986,-0.000141340774,-0.000559414504,-0.000542983995,-0.000661466387,-0.000887317001,0.000294717727,-0.00184667483,-0.000283377012,-0.00259107212,-0.00130826433,-0.00122770132,3.69329937e-05,-0.00222692755,-3.25622968e-05,0,0,0,0,0,0,0,0,0,0,0,0,0,0,0,0,0,0,0,0,0,0,0,0
879,8.922000,3,1,1,0,0,3.51806641,3.51409912,3.51165771,3.51501465,3.51013184,3.51959229,3.51409912,3.50860596,3.49182129,3.49334717,3.49365234,3.48236084,3.47991943,3.47473145,3.48754883,3.49609375,0.00128261151,0.000925132539,0.00134902284,0.00162800949,0.00171734509,0.00165772496,0.00199179002,0.00191987306,-0.000383803737,0.000428469823,-0.000632627576,-0.000155847403,0.000177166934,0.00107671134,0.000823082402,0.00017996339,0,0,0,0,0,0,0,0,0,0,0,0,0,0,0,0,0,0,0,0,0,0,0,0
880,8.922000,3,1,1,0,0,3.51654053,3.51287842,3.51013184,3.51257324,3.50769043,3.51867676,3.51196289,3.50708008,3.49212646,3.4942627,3.4979248,3.48480225,3.48022461,3.47625732,3.487854,3.4954834,0.00303222728,0.0024788361,0.0026351253,0.00292744883,0.0032470522,0.00399325695,0.00320420158,0.00329519669,0.00327068823,0.00490010716,0.00381933455,0.00494407816,0.00421846751,0.00360456109,0.00465120981,0.00363252941,0,0,0,0,0,0,0,0,0,0,0,0,0,0,0,0,0,0,0,0,0,0,0,0
881,8.922000,3,1,1,0,0,3.51867676,3.51501465,3.51287842,3.51593018,3.51135254,3.51989746,3.515625,3.50921631,3.49304199,3.49609375,3.49945068,3.4854126,3.48144531,3.47808838,3.49090576,3.49853516,0.00731785642,0.0073046647,0.00764170568,0.00780901033,0.00719933864,0.00692166761,0.00628669886,0.00722925086,0.00703582633,0.0092681339,0.0083846068,0.00987380836,0.00620891619,0.00692744926,0.00785249937,0.00869875867,0,0,0,0,0,0,0,0,0,0,0,0,0,0,0,0,0,0,0,0,0,0,0,0
882,8.922000,3,1,1,0,0,3.51348877,3.51074219,3.5067749,3.51074219,3.50585938,3.51654053,3.51165771,3.50372314,3.49090576,3.49182129,3.49365234,3.48175049,3.47991943,3.47412109,3.48693848,3.49456787,-0.000259970897,0.00028685946,0.0006453963,0.000213030144,0.000202847878,0.000325490022,0.000260149478,0.000138247269,0.00126252754,0.00148276065,0.00104944326,0.00192314526,0.00212568068,0.000361784012,0.00221907138,0.00269241957,0,0,0,0,0,0,0,0,0,0,0,0,0,0,0,0,0,0,0,0,0,0,0,0
883,8.922000,3,1,1,0,0,3.51501465,3.51165771,3.50646973,3.51104736,3.50616455,3.51715088,3.51043701,3.50372314,3.49060059,3.49121094,3.49334717,3.47961426,3.47900391,3.47290039,3.48571777,3.48968506,0.00346810697,0.00302017666,0.00331395608,0.00445109466,0.00326781068,0.00311183953,0.0035712854,0.00351288007,0.00493190065,0.00449602213,0.00521571003,0.00415655598,0.00533191254,0.00447653979,0.00523084961,0.00286450656,0,0,0,0,0,0,0,0,0,0,0,0,0,0,0,0,0,0,0,0,0,0,0,0
884,9.094000,3,1,1,0,0,3.51959229,3.5168457,3.5144043,3.5168457,3.51074219,3.52142334,3.5168457,3.51165771,3.49700928,3.49609375,3.49914551,3.4854126,3.48480225,3.47961426,3.49212646,3.49945068,0.00663969666,0.00667462358,0.00733588589,0.00641858485,0.00721868267,0.00700832158,0.00563773699,0.00698741013,0.0068968921,0.00743710343,0.00622821227,0.0074469205,0.00675979024,0.00598288001,0.00665968051,0.00616902346,0,0,0,0,0,0,0,0,0,0,0,0,0,0,0,0,0,0,0,0,0,0,0,0
885,9.094000,3,1,1,0,0,3.51776123,3.51470947,3.51074219,3.51470947,3.50921631,3.52020264,3.51257324,3.50830078,3.49151611,3.49212646,3.49273682,3.48175049,3.47991943,3.47412109,3.48724365,3.49182129,0.00452318555,0.00404722663,0.00421902258,0.00402100151,0.00380862551,0.00428110454,0.00441585807,0.00397628127,0.00308287865,0.00239491579,0.00191202457,0.00348837045,0.00376665057,0.0030114078,0.00228380458,0.00331058819,0,0,0,0,0,0,0,0,0,0,0,0,0,0,0,0,0,0,0,0,0,0,0,0
886,9.094000,3,1,1,0,0,3.51318359,3.51226807,3.50708008,3.51043701,3.50646973,3.51654053,3.51043701,3.50585938,3.49060059,3.48693848,3.49334717,3.48022461,3.47900391,3.47290039,3.48571777,3.48937988,-0.00422483822,-0.00344261411,-0.00448171794,-0.0049298387,-0.00340007315,-0.00258950237,-0.00444977358,-0.00378498621,-0.00537597435,-0.00674698595,-0.00574810244,-0.00572992023,-0.00493866252,-0.00563343335,-0.00495663611,-0.00646865834,0,0,0,0,0,0,0,0,0,0,0,0,0,0,0,0,0,0,0,0,0,0,0,0
887,9.094000,3,1,1,0,0,3.51989746,3.51654053,3.51379395,3.51745605,3.51165771,3.52081299,3.51715088,3.51043701,3.49609375,3.49578857,3.49822998,3.4854126,3.48175049,3.47839355,3.49182129,3.49761963,0.000960844802,0.000724869955,0.000527821772,0.000349189882,0.00131820084,0.000145540136,0.00117949431,0.00047449235,0.00157661783,0.00173260085,0.00105222594,0.000752557477,0.00120319077,0.00159962231,0.000744372024,0.000957495824,0,0,0,0,0,0,0,0,0,0,0,0,0,0,0,0,0,0,0,0,0,0,0,0
888,9.094000,3,1,1,0,0,3.51623535,3.51348877,3.51013184,3.51379395,3.50921631,3.51898193,3.51226807,3.50738525,3.49182129,3.49456787,3.4979248,3.48419189,3.47991943,3.47503662,3.48693848,3.49578857,0.00782255828,0.00767197879,0.00808820967,0.00809020642,0.00819953717,0.00780159701,0.00764285028,0.00718382932,0.00726696709,0.0079859281,0.00901371613,0.00809025299,0.00678359345,0.00599623704,0.00638858043,0.00798696745,0,0,0,0,0,0,0,0,0,0,0,0,0,0,0,0,0,0,0,0,0,0,0,0
889,9.094000,3,1,1,0,0,3.51135254,3.51104736,3.50524902,3.50891113,3.50463867,3.51593018,3.51104736,3.50402832,3.48815918,3.48907471,3.49060059,3.47625732,3.47595215,3.47229004,3.48266602,3.49060059,0.00380763412,0.00529390341,0.00358031085,0.00318422611,0.00533197634,0.00474394299,0.00493208133,0.00382853695,0.00294307875,0.00237852987,0.0032154501,0.00236442545,0.00359971332,0.00408734102,0.00462954585,0.00326635642,0,0,0,0,0,0,0,0,0,0,0,0,0,0,0,0,0,0,0,0,0,0,0,0
890,9.094000,3,1,1,0,0,3.51043701,3.5067749,3.50494385,3.50830078,3.50250244,3.51287842,3.50891113,3.50311279,3.48907471,3.48480225,3.49029541,3.47503662,3.47564697,3.47167969,3.48236084,3.49060059,0.000514159212,0.000490612583,0.000891095318,0.000116316136,0.000574213278,0.000829339493,0.000682392856,0.000811835169,0.00128071709,0.000275867933,0.000325496017,-0.000484187971,0.001288375,0.00064787711,0.000569447759,0.0012612259,0,0,0,0,0,0,0,0,0,0,0,0,0,0,0,0,0,0,0,0,0,0,0,0
891,9.094000,3,1,1,0,0,3.52081299,3.51806641,3.51531982,3.51928711,3.51379395,3.52416992,3.51959229,3.51318359,3.49822998,3.49609375,3.50067139,3.4854126,3.48602295,3.48236084,3.49243164,3.50006104,0.00887115113,0.00899560191,0.00889192801,0.00935375132,0.00921331998,0.00862459186,0.0084383497,0.00905164238,0.00862774998,0.0082164323,0.00874583516,0.00884941313,0.00889217574,0.00820937846,0.00917854812,0.00744216982,0,0,0,0,0,0,0,0,0,0,0,0,0,0,0,0,0,0,0,0,0,0,0,0
892,9.094000,3,1,1,0,0,3.50799561,3.5043335,3.50128174,3.50341797,3.49853516,3.50952148,3.50372314,3.49914551,3.48175049,3.48358154,3.48419189,3.47320557,3.46984863,3.46466064,3.47717285,3.48602295,0.00431441609,0.00386866322,0.00424012681,0.00384859182,0.00360791385,0.00377977081,0.00338430679,0.00403698301,0.00330590922,0.00444047665,0.00523122074,0.00511574326,0.00276977452,0.00194717082,0.00411998481,0.00471358746,0,0,0,0,0,0,0,0,0,0,0,0,0,0,0,0,0,0,0,0,0,0,0,0
893,9.094000,3,1,1,0,0,3.52050781,3.515625,3.51348877,3.51745605,3.51104736,3.52233887,3.51806641,3.51196289,3.49731445,3.49487305,3.49822998,3.48602295,3.48449707,3.47991943,3.49212646,3.49914551,-0.00216885237,-0.00254138885,-0.00289262878,-0.00357586169,-0.00293224864,-0.00237645814,-0.00240338873,-0.00215214677,-0.0028563519,-0.00340648578,-0.00397006143,-0.00285619544,-0.00267027272,-0.00247558812,-0.00231053028,-0.00246667233,0,0,0,0,0,0,0,0,0,0,0,0,0,0,0,0,0,0,0,0,0,0,0,0
894,9.094000,3,1,1,0,0,3.50952148,3.50494385,3.50250244,3.50616455,3.50006104,3.51074219,3.50646973,3.50036621,3.48175049,3.48297119,3.48419189,3.47412109,3.46893311,3.46466064,3.47686768,3.48571777,0.000778927526,0.000448527862,0.000562806206,-1.31742854e-05,0.000670589216,0.00119015155,0.000529099139,0.000427024846,-0.00204322208,-0.000842712412,-0.00169919943,-0.00113552634,-0.00188488769,-0.001570842,-0.0013300312,-0.0018651539,0,0,0,0,0,0,0,0,0,0,0,0,0,0,0,0,0,0,0,0,0,0,0,0
895,9.094000,3,1,1,0,0,3.51959229,3.51715088,3.51501465,3.51898193,3.51196289,3.52355957,3.51806641,3.51257324,3.49822998,3.49517822,3.49975586,3.48510742,3.48205566,3.48175049,3.49273682,3.49914551,0.00368560338,0.00357294665,0.00442612777,0.00453356933,0.00345880887,0.00320096454,0.00349752372,0.00387622928,0.00422874931,0.00320785213,0.0066921399,0.00536312163,0.00495385239,0.00570155215,0.00519339368,0.00451573962,0,0,0,0,0,0,0,0,0,0,0,0,0,0,0,0,0,0,0,0,0,0,0,0
896,9.094000,3,1,1,0,0,3.52050781,3.51654053,3.5144043,3.51745605,3.51043701,3.52203369,3.51715088,3.51196289,3.49761963,3.49456787,3.49945068,3.48602295,3.48449707,3.47961426,3.49182129,3.49884033,0.0022126094,0.00134571397,0.00239343173,0.00126799464,0.00117335189,0.00138757331,0.000885389105,0.00249615847,0.00218531,0.00315547804,0.00238770712,0.00218211557,0.00194563519,0.00373694114,0.00228215312,0.00386358309,0,0,0,0,0,0,0,0,0,0,0,0,0,0,0,0,0,0,0,0,0,0,0,0
897,9.094000,3,1,1,0,0,3.52050781,3.5168457,3.51409912,3.51776123,3.51135254,3.52172852,3.51715088,3.51165771,3.4967041,3.4954834,3.49884033,3.48571777,3.48022461,3.47808838,3.48754883,3.49822998,0.00969496462,0.00989991333,0.0105120065,0.0106678838,0.00963900797,0.00985061098,0.00988680776,0.0101854019,0.00960307755,0.010921712,0.0109953266,0.0111291399,0.00968716014,0.00925942976,0.00920717791,0.0103912335,0,0,0,0,0,0,0,0,0,0,0,0,0,0,0,0,0,0,0,0,0,0,0,0
898,9.094000,3,1,1,0,0,3.51959229,3.51715088,3.51409912,3.51867676,3.51165771,3.52203369,3.51837158,3.51257324,3.49822998,3.49517822,3.49945068,3.48480225,3.48510742,3.48022461,3.49243164,3.50036621,0.00882750936,0.00984514412,0.00936301704,0.00986430608,0.00988280587,0.00979991164,0.0102857966,0.00940213166,0.00930437353,0.00925231073,0.00939044729,0.00876435544,0.00992198382,0.00873832963,0.00934582204,0.00848349836,0,0,0,0,0,0,0,0,0,0,0,0,0,0,0,0,0,0,0,0,0,0,0,0
899,9.094000,3,1,1,0,0,3.51348877,3.51013184,3.50585938,3.50891113,3.5055542,3.51715088,3.51165771,3.50372314,3.48968506,3.48693848,3.49273682,3.47930908,3.4765625,3.47290039,3.48327637,3.49090576,0.00644599553,0.00651228288,0.00586915389,0.00494871708,0.0067796479,0.00731684873,0.00679806201,0.00466985721,0.00681692176,0.00568755157,0.00632809335,0.00590478955,0.00593475252,0.00507324096,0.00700862473,0.00419970741,0,0,0,0,0,0,0,0,0,0,0,0,0,0,0,0,0,0,0,0,0,0,0,0
900,9.094000,3,1,1,0,0,3.515625,3.51257324,3.50982666,3.51318359,3.50769043,3.51715088,3.51196289,3.5067749,3.49304199,3.4942627,3.49456787,3.48419189,3.48022461,3.47351074,3.4866333,3.49578857,-0.00185400271,-0.00161376595,-0.000973115268,-0.00149652618,-0.00131841504,-0.00156798714,-0.00285113789,-0.0011797857,0.000369737623,0.000316239428,6.69638393e-06,0.000450347667,0.000317229249,-0.000323632907,-0.00140844542,0.00115431286,0,0,0,0,0,0,0,0,0,0,0,0,0,0,0,0,0,0,0,0,0,0,0,0
901,9.266000,3,1,1,0,0,3.52020264,3.51715088,3.51348877,3.51776123,3.51074219,3.52233887,3.51715088,3.51043701,3.49700928,3.49639893,3.49884033,3.48449707,3.48480225,3.48144531,3.49182129,3.49945068,0.00520692766,0.00541118952,0.00542272208,0.00525430264,0.005140692,0.00551527925,0.00613198522,0.00437971111,0.00486007286,0.00513294525,0.00513425423,0.00499143498,0.00530754961,0.00505887624,0.00531150494,0.00446543191,0,0,0,0,0,0,0,0,0,0,0,0,0,0,0,0,0,0,0,0,0,0,0,0
902,9.266000,3,1,1,0,0,3.5168457,3.51409912,3.51074219,3.5144043,3.50891113,3.51928711,3.51287842,3.50830078,3.49365234,3.49517822,3.49853516,3.48480225,3.48022461,3.4753418,3.48754883,3.49578857,0.00417038519,0.00431293249,0.00443784287,0.00360985706,0.00428304821,0.00454743812,0.00373085355,0.00304195634,0.00441174535,0.00538776116,0.00428123865,0.00521305157,0.00442057988,0.00285443245,0.00453981198,0.00458820676,0,0,0,0,0,0,0,0,0,0,0,0,0,0,0,0,0,0,0,0,0,0,0,0
903,9.266000,3,1,1,0,0,3.52142334,3.51654053,3.51379395,3.51776123,3.51196289,3.52355957,3.51898193,3.51165771,3.49822998,3.49456787,3.49914551,3.48632812,3.48327637,3.47991943,3.49151611,3.49884033,-0.00128274341,-0.00156418874,-0.00143665366,-0.00205030595,-0.00167784363,-0.00198032241,-0.00128741818,-0.00125550525,-0.000945277396,-0.000938170473,-0.00118521252,-0.00112798566,-0.00123737368,0.000687811873,-0.00080307154,-0.000478659931,0,0,0,0,0,0,0,0,0,0,0,0,0,0,0,0,0,0,0,0,0,0,0,0
904,9.266000,3,1,1,0,0,3.515625,3.51348877,3.50982666,3.51287842,3.50799561,3.51806641,3.51135254,3.50799561,3.49304199,3.49517822,3.49822998,3.48571777,3.48052979,3.47564697,3.49121094,3.49639893,-0.00176406279,-0.00174101139,-0.00175902457,-0.00140818639,-0.00161873025,-0.0014334257,-0.00222402252,-0.00151092885,-0.00054939487,0.000275089376,-0.000686027692,0.000244575582,-0.000654723146,-0.000534871127,0.000163732329,-0.00143311929,0,0,0,0,0,0,0,0,0,0,0,0,0,0,0,0,0,0,0,0,0,0,0,0
905,9.266000,3,1,1,0,0,3.52081299,3.51654053,3.51379395,3.51898193,3.51104736,3.52264404,3.51745605,3.51165771,3.49822998,3.49456787,3.49914551,3.48510742,3.48449707,3.48022461,3.49273682,3.49914551,0.00427492103,0.00369288726,0.00418410543,0.00473071309,0.00361437746,0.00416478189,0.00303593231,0.00414752914,0.00257453509,0.00391864264,0.00292873732,0.00479469029,0.00327506661,0.00231995573,0.00309009803,0.00497815898,0,0,0,0,0,0,0,0,0,0,0,0,0,0,0,0,0,0,0,0,0,0,0,0
906,9.266000,3,1,1,0,0,3.51196289,3.50708008,3.5055542,3.50982666,3.50341797,3.51501465,3.50921631,3.50311279,3.49243164,3.49060059,3.49395752,3.48144531,3.47900391,3.47320557,3.4866333,3.49151611,0.00729221199,0.00693896879,0.00798913371,0.00803269353,0.00784214493,0.0075085992,0.00691732205,0.00689590676,0.00706405658,0.00823828857,0.00756687718,0.00757644139,0.00669664796,0.00714938203,0.00720393844,0.00832105428,0,0,0,0,0,0,0,0,0,0,0,0,0,0,0,0,0,0,0,0,0,0,0,0
907,9.266000,3,1,1,0,0,3.51928711,3.5168457,3.51287842,3.5168457,3.51135254,3.52142334,3.51745605,3.50952148,3.49304199,3.4954834,3.49456787,3.48510742,3.48022461,3.4777832,3.49090576,3.49853516,0.00589389401,0.00580190215,0.00631798292,0.00542687112,0.00610048976,0.00545411464,0.00671488605,0.00624894723,0.00610843115,0.00665370701,0.00507441442,0.00635922328,0.00610260852,0.00573633611,0.00705897296,0.00602996396,0,0,0,0,0,0,0,0,0,0,0,0,0,0,0,0,0,0,0,0,0,0,0,0
908,9.266000,3,1,1,0,0,3.52111816,3.51715088,3.515625,3.51928711,3.51318359,3.52478027,3.51959229,3.51196289,3.50006104,3.49639893,3.50097656,3.4854126,3.48693848,3.48236084,3.49456787,3.49914551,0.00495327543,0.00551182032,0.00481711654,0.00532415416,0.00556595111,0.00643296819,0.00520238141,0.00452627614,0.00570997968,0.00497873221,0.00581384217,0.00427072402,0.00653309794,0.00542557286,0.00636399444,0.00474378746,0,0,0,0,0,0,0,0,0,0,0,0,0,0,0,0,0,0,0,0,0,0,0,0
909,9.266000,3,1,1,0,0,3.52081299,3.51806641,3.51409912,3.51928711,3.51226807,3.5244751,3.51928711,3.51318359,3.49975586,3.49609375,3.50189209,3.4854126,3.48632812,3.48205566,3.49334717,3.50006104,-3.48348403e-05,-0.00025457202,-0.000528094592,-0.000817561289,-0.000113720656,-0.00013983238,-0.000699313241,-0.000480037183,0.00148988317,0.000658016885,0.000194921391,0.00091313431,0.000449066516,0.00231238292,-0.000105318148,0.00105881877,0,0,0,0,0,0,0,0,0,0,0,0,0,0,0,0,0,0,0,0,0,0,0,0
910,9.266000,3,1,1,0,0,3.51318359,3.51135254,3.5067749,3.50982666,3.50646973,3.51654053,3.51043701,3.5055542,3.49090576,3.49029541,3.49304199,3.47595215,3.47717285,3.47229004,3.4854126,3.48907471,-0.00214859005,-0.00200197799,-0.0030095512,-0.00300506735,-0.00241544214,-0.00268103951,-0.00249712844,-0.00231475779,-0.00469594914,-0.00290839421,-0.00497304741,-0.00495445495,-0.00441285176,-0.00331281917,-0.00401011249,-0.00344851171,0,0,0,0,0,0,0,0,0,0,0,0,0,0,0,0,0,0,0,0,0,0,0,0
911,9.266000,3,1,1,0,0,3.51745605,3.5144043,3.51135254,3.515625,3.50952148,3.51989746,3.51501465,3.50860596,3.4967041,3.4954834,3.49914551,3.48602295,3.48205566,3.47869873,3.49151611,3.49914551,0.00403849641,0.003114786,0.00388655486,0.00241963542,0.00352849253,0.00325708347,0.00277021993,0.00260068383,0.00378131727,0.0045735403,0.00402703322,0.00390994037,0.0027086013,0.00362094492,0.00425397977,0.00533810863,0,0,0,0,0,0,0,0,0,0,0,0,0,0,0,0,0,0,0,0,0,0,0,0
912,9.266000,3,1,1,0,0,3.51043701,3.50646973,3.50372314,3.5067749,3.50006104,3.51074219,3.50646973,3.50158691,3.48388672,3.48510742,3.48480225,3.47473145,3.47381592,3.46832275,3.47747803,3.48693848,-0.00124907622,-0.00134223141,-0.00160032907,-0.00195966568,-0.00218067458,-0.00118561927,-0.00168400572,-0.000993057271,-0.00395405293,-0.00260046823,-0.00400333432,-0.00264390605,-0.00198304909,-0.0035938099,-0.00343803223,-0.00271089305,0,0,0,0,0,0,0,0,0,0,0,0,0,0,0,0,0,0,0,0,0,0,0,0
913,9.266000,3,1,1,0,0,3.51135254,3.50769043,3.50494385,3.50921631,3.50158691,3.51226807,3.50769043,3.50311279,3.487854,3.48571777,3.48632812,3.4765625,3.47412109,3.46984863,3.48175049,3.48968506,0.00117195304,0.00112837122,0.00122120755,0.00104726083,-0.000304498943,-0.000426255108,-0.000203876814,0.000678884564,0.0011745675,0.000474643079,0.000853084843,0.000810025842,0.00170346966,0.00179185683,0.00170371414,0.00183040602,0,0,0,0,0,0,0,0,0,0,0,0,0,0,0,0,0,0,0,0,0,0,0,0
914,9.266000,3,1,1,0,0,3.52111816,3.51745605,3.51470947,3.51837158,3.51318359,3.52416992,3.51898193,3.51318359,3.49853516,3.4967041,3.50006104,3.48571777,3.48602295,3.48175049,3.49304199,3.49975586,0.00689877989,0.00692923786,0.00641965494,0.00657378323,0.00703502353,0.00676028384,0.00690156408,0.00655857287,0.00631907675,0.00595261157,0.00658414233,0.00659259781,0.00555447396,0.00540265907,0.00575141329,0.00620627031,0,0,0,0,0,0,0,0,0,0,0,0,0,0,0,0,0,0,0,0,0,0,0,0
915,9.266000,3,1,1,0,0,3.51104736,3.50952148,3.5055542,3.51013184,3.50219727,3.51501465,3.50982666,3.50219727,3.487854,3.48510742,3.48846436,3.47686768,3.47564697,3.47198486,3.48175049,3.48937988,-0.00440602377,-0.00360852364,-0.00446854765,-0.00497316942,-0.00417718804,-0.00355934817,-0.0040181037,-0.00506202364,-0.00519757951,-0.00369697111,-0.00556694437,-0.00372645631,-0.00474203937,-0.00480917608,-0.00474332739,-0.00423158333,0,0,0,0,0,0,0,0,0,0,0,0,0,0,0,0,0,0,0,0,0,0,0,0
916,9.266000,3,1,1,0,0,3.50982666,3.50769043,3.50463867,3.50738525,3.50189209,3.5144043,3.50830078,3.50189209,3.4866333,3.48632812,3.48876953,3.47595215,3.4753418,3.47015381,3.48175049,3.48907471,0.00362889096,0.00365185412,0.00388412457,0.00309447246,0.0031596527,0.00425667642,0.00415925216,0.00315590389,0.00265526306,0.00234779879,0.00305031054,0.00254094321,0.00300252112,0.00306151528,0.00386580126,0.00195047609,0,0,0,0,0,0,0,0,0,0,0,0,0,0,0,0,0,0,0,0,0,0,0,0
917,9.266000,3,1,1,0,0,3.51989746,3.5168457,3.51409912,3.51837158,3.51257324,3.52294922,3.51837158,3.51257324,3.49975586,3.49609375,3.49945068,3.48571777,3.48602295,3.48236084,3.49304199,3.50006104,0.00753406156,0.00767309312,0.00799223129,0.00815799832,0.0072952793,0.00737264473,0.00745854806,0.00740667898,0.00547522632,0.00754737994,0.00591820013,0.00711877923,0.00641262392,0.00624148594,0.00696998183,0.00709371921,0,0,0,0,0,0,0,0,0,0,0,0,0,0,0,0,0,0,0,0,0,0,0,0
918,9.437000,3,1,1,0,0,3.52264404,3.52020264,3.51593018,3.51989746,3.51531982,3.5256958,3.52111816,3.51318359,3.50036621,3.49945068,3.50280762,3.48602295,3.4866333,3.48327637,3.4954834,3.50036621,0.00969764218,0.0101643372,0.0101415683,0.00899882242,0.0103254355,0.0106630456,0.0106246751,0.00934931356,0.0104740523,0.0106665781,0.0100352867,0.00842522178,0.0103593646,0.0100617027,0.0104172919,0.00829263311,0,0,0,0,0,0,0,0,0,0,0,0,0,0,0,0,0,0,0,0,0,0,0,0
919,9.437000,3,1,1,0,0,3.51257324,3.50982666,3.50585938,3.51013184,3.50311279,3.51593018,3.51013184,3.50341797,3.48876953,3.4866333,3.48999023,3.47625732,3.47625732,3.47167969,3.48358154,3.49060059,0.000184506527,-0.000116269861,-0.000197399815,0.000287129718,-0.000677059114,0.000520671427,-5.71133569e-06,0.000661608297,-0.00104422588,-0.00182310818,-0.00112506375,-0.00114201719,-0.000587361748,-0.000889154209,-0.0016918201,-4.46785707e-05,0,0,0,0,0,0,0,0,0,0,0,0,0,0,0,0,0,0,0,0,0,0,0,0
920,9.437000,3,1,1,0,0,3.52081299,3.51654053,3.51531982,3.51928711,3.51196289,3.52416992,3.51867676,3.51196289,3.49914551,3.49578857,3.50067139,3.4854126,3.48602295,3.48052979,3.49334717,3.49914551,0.00119062793,0.000981533783,0.00148420373,0.00141258107,0.000235745218,0.00103934668,0.000824157265,0.000958459743,-0.00133359223,3.03169363e-05,-0.00142100919,-0.00066782831,-0.00116178603,0.00107318978,-0.00218438962,0.000544811075,0,0,0,0,0,0,0,0,0,0,0,0,0,0,0,0,0,0,0,0,0,0,0,0
921,9.437000,3,1,1,0,0,3.51013184,3.5067749,3.50341797,3.50708008,3.50128174,3.51043701,3.50646973,3.50097656,3.48815918,3.48602295,3.49060059,3.47564697,3.47503662,3.47106934,3.48236084,3.48999023,-6.84857368e-05,0.000416992058,0.000387193344,-0.000206186378,0.000315259735,-0.000499939895,0.000226931006,-0.000518772227,0.000430715038,-0.00063363777,0.000170192259,-0.000428573927,0.000645946304,0.0005064258,0.00117592816,-0.000297169317,0,0,0,0,0,0,0,0,0,0,0,0,0,0,0,0,0,0,0,0,0,0,0,0
922,9.437000,3,1,1,0,0,3.50372314,3.50097656,3.49639893,3.49914551,3.49578857,3.5055542,3.50128174,3.49304199,3.48114014,3.48205566,3.48419189,3.47137451,3.46984863,3.46435547,3.47717285,3.48449707,-0.000162471959,0.000760230527,0.000436814211,-0.000324718188,0.000665166939,-5.31108817e-05,0.000436956063,-0.00113953021,0.00132797391,0.00190857262,0.00180272083,0.00191297533,0.00263682683,0.000608640723,0.00275767734,0.00157542084,0,0,0,0,0,0,0,0,0,0,0,0,0,0,0,0,0,0,0,0,0,0,0,0
923,9.437000,3,1,1,0,0,3.50769043,3.50463867,3.50097656,3.50463867,3.49761963,3.51013184,3.50311279,3.49884033,3.48602295,3.4854126,3.48571777,3.4753418,3.47320557,3.46832275,3.4777832,3.48724365,0.00042410125,0.00115156441,0.000200501177,-1.57520408e-05,0.000417015748,0.000886161812,-0.000326437294,0.000548652606,0.000419195858,0.000588602736,-0.000174515531,-0.00077921123,0.00194446614,0.000558389118,0.00073325797,-0.00108722714,0,0,0,0,0,0,0,0,0,0,0,0,0,0,0,0,0,0,0,0,0,0,0,0
924,9.437000,3,1,1,0,0,3.51074219,3.50799561,3.50585938,3.50921631,3.50341797,3.51501465,3.50891113,3.50372314,3.48815918,3.48602295,3.48999023,3.4753418,3.47595215,3.47167969,3.48297119,3.49029541,0.00163829513,0.00168587326,0.00181793771,0.00139699865,0.00161355245,0.00222179806,0.00027774449,0.00240994222,0.000375680916,0.00122998934,0.000778836315,0.000879642728,0.00185404089,0.000462142983,0.000614301185,0.00258908956,0,0,0,0,0,0,0,0,0,0,0,0,0,0,0,0,0,0,0,0,0,0,0,0
925,9.437000,3,1,1,0,0,3.52416992,3.52020264,3.51715088,3.52050781,3.51654053,3.5269165,3.52020264,3.51409912,3.50189209,3.50067139,3.50402832,3.49029541,3.48907471,3.48327637,3.49609375,3.50128174,0.00639929064,0.00628146296,0.00569252297,0.00622118777,0.00653269002,0.00643786835,0.00648064353,0.00633489946,0.00468637981,0.00653546769,0.00668342272,0.00709630596,0.00495627802,0.00520702451,0.00551011041,0.00632059108,0,0,0,0,0,0,0,0,0,0,0,0,0,0,0,0,0,0,0,0,0,0,0,0
926,9.437000,3,1,1,0,0,3.51867676,3.51654053,3.51348877,3.51654053,3.51043701,3.51989746,3.51623535,3.51074219,3.49731445,3.49578857,3.49914551,3.48510742,3.48449707,3.47930908,3.49212646,3.49853516,0.00669611245,0.00694223959,0.00739003578,0.00692489743,0.00622160127,0.00614652503,0.00751100061,0.00727425283,0.00599969551,0.0079125585,0.00604782673,0.00658593699,0.00588730117,0.00564282341,0.00509488303,0.00692219939,0,0,0,0,0,0,0,0,0,0,0,0,0,0,0,0,0,0,0,0,0,0,0,0
927,9.437000,3,1,1,0,0,3.52050781,3.5168457,3.51470947,3.51776123,3.51165771,3.52142334,3.51776123,3.51165771,3.49731445,3.49609375,3.49914551,3.48632812,3.48297119,3.47961426,3.49243164,3.49853516,0.00330436393,0.00254966132,0.00355392974,0.00300959777,0.00342052709,0.00327705918,0.00364387082,0.00335865142,0.00438511651,0.00302298856,0.00443402585,0.00294400426,0.00414654473,0.00373392133,0.00411460642,0.00286236731,0,0,0,0,0,0,0,0,0,0,0,0,0,0,0,0,0,0,0,0,0,0,0,0
928,9.437000,3,1,1,0,0,3.51104736,3.50860596,3.50494385,3.50982666,3.50311279,3.51531982,3.50982666,3.50250244,3.487854,3.4866333,3.49029541,3.47595215,3.47564697,3.47106934,3.47961426,3.48968506,0.0043345131,0.00332567189,0.00478403317,0.00496453699,0.00377990236,0.00437584845,0.00471387757,0.00420230953,0.00281541259,0.00271286652,0.00267884135,0.00219610776,0.0027655852,0.00376130408,0.00172981224,0.0044189645,0,0,0,0,0,0,0,0,0,0,0,0,0,0,0,0,0,0,0,0,0,0,0,0
929,9.437000,3,1,1,0,0,3.515625,3.51318359,3.50799561,3.51318359,3.50769043,3.51898193,3.51226807,3.50708008,3.49243164,3.49121094,3.4942627,3.48052979,3.47900391,3.47412109,3.48754883,3.49334717,0.00637512375,0.00606043125,0.00529650226,0.00581685454,0.00665689679,0.00658184011,0.00580364233,0.00623584073,0.00621098233,0.00577635039,0.00630524196,0.00650077872,0.00665114354,0.00529882498,0.00698933844,0.00565519184,0,0,0,0,0,0,0,0,0,0,0,0,0,0,0,0,0,0,0,0,0,0,0,0
930,9.437000,3,1,1,0,0,3.51959229,3.51745605,3.51348877,3.51898193,3.51226807,3.52325439,3.51837158,3.51287842,3.49822998,3.4967041,3.50158691,3.48510742,3.48571777,3.48236084,3.49243164,3.50036621,0.00704874704,0.00694026612,0.00648004282,0.0070509715,0.00720877107,0.00772706186,0.00715257693,0.00704153953,0.00650178315,0.00586497784,0.00635624398,0.00538588222,0.00573932193,0.00645743916,0.0049578296,0.00497764535,0,0,0,0,0,0,0,0,0,0,0,0,0,0,0,0,0,0,0,0,0,0,0,0
931,9.437000,3,1,1,0,0,3.50708008,3.5043335,3.50158691,3.50341797,3.49853516,3.50891113,3.50402832,3.49884033,3.48327637,3.4854126,3.48724365,3.47503662,3.47106934,3.4677124,3.47747803,3.48693848,0.00480893301,0.00466929609,0.00485767238,0.00384888309,0.00424903678,0.00374754076,0.00446725357,0.00441947998,0.00364529062,0.00531888474,0.00436770497,0.00510352012,0.00439182203,0.00445234263,0.00470922142,0.00613587257,0,0,0,0,0,0,0,0,0,0,0,0,0,0,0,0,0,0,0,0,0,0,0,0
932,9.437000,3,1,1,0,0,3.52478027,3.52172852,3.51715088,3.52111816,3.51745605,3.52813721,3.52203369,3.515625,3.50067139,3.50158691,3.50402832,3.49090576,3.48876953,3.48297119,3.49731445,3.50402832,0.00692818314,0.00681898836,0.00672300206,0.00602314109,0.00657039462,0.00701451907,0.00695058051,0.0058384561,0.00616517244,0.00700206077,0.00583419343,0.00672493922,0.00694483705,0.00491877319,0.00810252503,0.00722899288,0,0,0,0,0,0,0,0,0,0,0,0,0,0,0,0,0,0,0,0,0,0,0,0
933,9.437000,3,1,1,0,0,3.52081299,3.51654053,3.5144043,3.51837158,3.51165771,3.52203369,3.51776123,3.51226807,3.49761963,3.49578857,3.49975586,3.4854126,3.48449707,3.47961426,3.49182129,3.49945068,0.00105167355,0.000213883701,0.00124731869,0.00063222996,0.000364794279,0.000534823746,-0.00019217201,0.000518589164,0.00198898837,0.00116015773,0.00267929072,0.00153744244,0.000651995419,0.00159251271,0.000443479163,0.00211160956,0,0,0,0,0,0,0,0,0,0,0,0,0,0,0,0,0,0,0,0,0,0,0,0
934,9.437000,3,1,1,0,0,3.52203369,3.51959229,3.5144043,3.52050781,3.51501465,3.52478027,3.51989746,3.51348877,3.50036621,3.49761963,3.50280762,3.4866333,3.4866333,3.48236084,3.49517822,3.50067139,0.006675418,0.00747905532,0.00646663504,0.00768524781,0.0072541493,0.00692342734,0.00665235706,0.00737268291,0.00656591682,0.00589138363,0.00592381228,0.00501515577,0.00619009556,0.00635659974,0.00613518665,0.0068213651,0,0,0,0,0,0,0,0,0,0,0,0,0,0,0,0,0,0,0,0,0,0,0,0
935,9.609000,3,1,1,0,0,3.51989746,3.51654053,3.51348877,3.51806641,3.51348877,3.52172852,3.51776123,3.51196289,3.49731445,3.49578857,3.49884033,3.4866333,3.48449707,3.47991943,3.49182129,3.49914551,0.00159440702,0.00168270431,0.00184906111,0.00232147193,0.00312165776,0.00205878494,0.0024450426,0.00205511414,0.00275741238,0.00352914026,0.00372352288,0.00266264891,0.00348439696,0.00308616529,0.00414945884,0.0022102627,0,0,0,0,0,0,0,0,0,0,0,0,0,0,0,0,0,0,0,0,0,0,0,0
936,9.609000,3,1,1,0,0,3.52081299,3.51745605,3.51470947,3.51837158,3.51135254,3.52325439,3.51898193,3.51287842,3.49975586,3.4967041,3.50189209,3.48571777,3.48602295,3.48083496,3.49395752,3.50006104,0.002569912,0.00218764786,0.00229867199,0.00277210702,0.00208829576,0.00261163875,0.00269024796,0.00260441541,0.00474752951,0.00367512996,0.00496156747,0.0043600658,0.00308092288,0.00364137348,0.00462384708,0.00463920925,0,0,0,0,0,0,0,0,0,0,0,0,0,0,0,0,0,0,0,0,0,0,0,0
937,9.609000,3,1,1,0,0,3.51013184,3.50616455,3.50250244,3.50616455,3.50067139,3.51104736,3.50646973,3.50006104,3.48388672,3.48480225,3.4854126,3.47595215,3.47076416,3.46862793,3.47747803,3.4866333,-0.00307789166,-0.00323882001,-0.00286574801,-0.00355829671,-0.0035082968,-0.00383642083,-0.00321778608,-0.00353836757,-0.00334471278,-0.00285941549,-0.00420431281,-0.00227181078,-0.00316593144,-0.00322583225,-0.00400943263,-0.00237880554,0,0,0,0,0,0,0,0,0,0,0,0,0,0,0,0,0,0,0,0,0,0,0,0
938,9.609000,3,1,1,0,0,3.50952148,3.50616455,3.50250244,3.50585938,3.50006104,3.51074219,3.5055542,3.49975586,3.48632812,3.48571777,3.48846436,3.47625732,3.47320557,3.46893311,3.4777832,3.48876953,0.00416672835,0.00340320962,0.00366610382,0.00410529738,0.00410914049,0.00388488593,0.00343588972,0.00451506115,0.00278294482,0.00432908349,0.00376317929,0.00449683145,0.00289204903,0.00360219763,0.00283953291,0.00529372226,0,0,0,0,0,0,0,0,0,0,0,0,0,0,0,0,0,0,0,0,0,0,0,0
939,9.609000,3,1,1,0,0,3.51165771,3.50708008,3.50372314,3.50860596,3.50128174,3.51409912,3.50860596,3.50280762,3.487854,3.48632812,3.48907471,3.4753418,3.47503662,3.47045898,3.47961426,3.48968506,0.00459112599,0.00432886323,0.00447983295,0.00509526907,0.00491460785,0.00550641958,0.00552752335,0.00412365142,0.00453638239,0.00580141507,0.00503372308,0.00615791231,0.00558449421,0.00505763246,0.00569604011,0.00635300949,0,0,0,0,0,0,0,0,0,0,0,0,0,0,0,0,0,0,0,0,0,0,0,0
940,9.609000,3,1,1,0,0,3.51715088,3.515625,3.51074219,3.51531982,3.50982666,3.52050781,3.51470947,3.50891113,3.49090576,3.49304199,3.4942627,3.48175049,3.47869873,3.47442627,3.48632812,3.49487305,0.00358363753,0.00340938615,0.00329315709,0.00346383615,0.00271342974,0.0032010721,0.00272874907,0.0033601243,0.00210380065,0.0034268538,0.00238544727,0.00363523606,0.00290500466,0.00238791457,0.00328313047,0.00264351955,0,0,0,0,0,0,0,0,0,0,0,0,0,0,0,0,0,0,0,0,0,0,0,0
941,9.609000,3,1,1,0,0,3.51776123,3.51470947,3.51196289,3.51531982,3.51013184,3.52050781,3.51531982,3.50982666,3.49639893,3.49578857,3.49884033,3.48571777,3.48114014,3.47808838,3.49151611,3.49884033,0.00404839497,0.00390309282,0.00410865061,0.00405239593,0.00356976106,0.00373619539,0.00400018785,0.00422742544,0.00322007271,0.00380476611,0.00402875617,0.003434496,0.00365050579,0.0028118412,0.00458407216,0.00433791708,0,0,0,0,0,0,0,0,0,0,0,0,0,0,0,0,0,0,0,0,0,0,0,0
942,9.609000,3,1,1,0,0,3.52081299,3.51715088,3.51470947,3.51837158,3.51104736,3.52172852,3.51806641,3.51135254,3.4979248,3.4967041,3.50036621,3.4854126,3.48571777,3.47991943,3.49212646,3.50036621,0.00544309383,0.00522309262,0.00528846495,0.00489344029,0.00479195733,0.0040351809,0.00504921284,0.00499106944,0.00325297588,0.0063516777,0.00492212083,0.00544641865,0.00340697169,0.00388705707,0.00331947673,0.00488522835,0,0,0,0,0,0,0,0,0,0,0,0,0,0,0,0,0,0,0,0,0,0,0,0
943,9.609000,3,1,1,0,0,3.50921631,3.50616455,3.50311279,3.50646973,3.50036621,3.51043701,3.50646973,3.50067139,3.4866333,3.48571777,3.48907471,3.47503662,3.47412109,3.46923828,3.47869873,3.48937988,0.00174983009,0.00152895879,0.0025131721,0.00218714052,0.00223850738,0.000958720804,0.00188085099,0.0026806891,0.00235139718,0.00281430618,0.00318739377,0.00342140207,0.00221993914,0.00238971086,0.00240018871,0.00311309448,0,0,0,0,0,0,0,0,0,0,0,0,0,0,0,0,0,0,0,0,0,0,0,0
944,9.609000,3,1,1,0,0,3.51959229,3.51654053,3.51348877,3.51715088,3.51043701,3.52111816,3.51715088,3.51074219,3.49700928,3.49578857,3.49884033,3.48632812,3.48510742,3.47991943,3.49273682,3.49975586,0.00471009733,0.00489751389,0.00464635994,0.0044120159,0.00483958749,0.00481770141,0.00468833558,0.00424385723,0.00424213335,0.00493765296,0.0054326253,0.00488305278,0.00521558383,0.00508195953,0.00533770118,0.00546116428,0,0,0,0,0,0,0,0,0,0,0,0,0,0,0,0,0,0,0,0,0,0,0,0
945,9.609000,3,1,1,0,0,3.51989746,3.51745605,3.51470947,3.51806641,3.51257324,3.52355957,3.51867676,3.51257324,3.49731445,3.4967041,3.49945068,3.4866333,3.48480225,3.47930908,3.49151611,3.49945068,0.00568085397,0.00574338622,0.00594766159,0.00623141648,0.00630938727,0.00590576883,0.00625006109,0.00530802039,0.00405797129,0.00568044325,0.00531357806,0.00683820387,0.00345066283,0.00496300729,0.00351646869,0.00485589262,0,0,0,0,0,0,0,0,0,0,0,0,0,0,0,0,0,0,0,0,0,0,0,0
946,9.609000,3,1,1,0,0,3.52478027,3.52142334,3.51715088,3.52142334,3.51715088,3.52630615,3.52050781,3.51470947,3.50128174,3.50067139,3.50341797,3.48754883,3.48907471,3.48266602,3.49578857,3.50067139,0.00893880799,0.0094748456,0.00802835915,0.008940842,0.00981718861,0.00959246326,0.00872217491,0.00833721366,0.00815955177,0.00897187553,0.00971188582,0.00737285893,0.00914049242,0.00905787386,0.00888455007,0.00782831386,0,0,0,0,0,0,0,0,0,0,0,0,0,0,0,0,0,0,0,0,0,0,0,0
947,9.609000,3,1,1,0,0,3.52111816,3.51623535,3.51470947,3.51898193,3.51226807,3.52355957,3.51745605,3.51196289,3.4979248,3.4954834,3.50036621,3.48632812,3.48571777,3.48114014,3.49212646,3.49945068,0.00599057274,0.00563845923,0.00634815916,0.00568852806,0.00561680691,0.00604047254,0.0047666817,0.00558999274,0.00439100713,0.00565212313,0.00636833906,0.00565485377,0.00575378351,0.00552459108,0.00527031347,0.00640955847,0,0,0,0,0,0,0,0,0,0,0,0,0,0,0,0,0,0,0,0,0,0,0,0
948,9.609000,3,1,1,0,0,3.51898193,3.51593018,3.51196289,3.51623535,3.51104736,3.52050781,3.51470947,3.50952148,3.49517822,3.49456787,3.4979248,3.48480225,3.47991943,3.47564697,3.48815918,3.49609375,0.00339623075,0.00279169856,0.00267310347,0.00306037744,0.0024133916,0.00194469839,0.00328945927,0.00313007133,0.00308188098,0.00115663256,0.00341305742,0.00174311444,0.0024609142,0.00317857252,0.00311321975,0.00245885062,0,0,0,0,0,0,0,0,0,0,0,0,0,0,0,0,0,0,0,0,0,0,0,0
949,9.609000,3,1,1,0,0,3.52050781,3.51623535,3.51470947,3.51776123,3.51257324,3.52386475,3.51867676,3.51165771,3.4979248,3.4954834,3.50006104,3.48632812,3.4854126,3.48022461,3.49304199,3.49884033,0.00260560284,0.00298360968,0.00303521892,0.00305574154,0.00311587704,0.00216210843,0.00241623586,0.00292928051,0.00178292277,0.00199061539,0.000417073898,0.00265670521,0.000847477058,0.00203589909,0.00177712319,0.00296785589,0,0,0,0,0,0,0,0,0,0,0,0,0,0,0,0,0,0,0,0,0,0,0,0
950,9.609000,3,1,1,0,0,3.51074219,3.50769043,3.50494385,3.50921631,3.50372314,3.51501465,3.50952148,3.50250244,3.48754883,3.48693848,3.48968506,3.47595215,3.47442627,3.47076416,3.48083496,3.48907471,-0.00453257281,-0.00491058361,-0.00433596503,-0.00490221428,-0.0044195056,-0.00479523651,-0.00422209129,-0.00436978228,-0.00437035179,-0.00405126112,-0.00414000778,-0.00536705228,-0.00414604973,-0.00399579201,-0.00388106331,-0.00353703834,0,0,0,0,0,0,0,0,0,0,0,0,0,0,0,0,0,0,0,0,0,0,0,0
951,9.609000,3,1,1,0,0,3.51043701,3.50616455,3.50372314,3.50646973,3.50097656,3.51043701,3.5067749,3.50189209,3.48907471,3.4854126,3.49212646,3.47625732,3.4753418,3.47229004,3.48327637,3.48907471,-0.00017953536,-0.000769606442,-0.000182093121,-0.00098510005,-0.000119943696,-0.000576470862,0.00042071857,-0.000537573418,0.00217402284,0.000786038989,0.00334316585,0.00106140389,0.002449024,0.00177170592,0.00299425609,0.00145872729,0,0,0,0,0,0,0,0,0,0,0,0,0,0,0,0,0,0,0,0,0,0,0,0
952,9.781000,3,1,1,0,0,3.51043701,3.50708008,3.50341797,3.50799561,3.50036621,3.51135254,3.50738525,3.50036621,3.4866333,3.48571777,3.48510742,3.47473145,3.47412109,3.46893311,3.4777832,3.48754883,0.00269072526,0.00262061716,0.00239439495,0.00223001326,0.00235095387,0.00343568576,0.00211432809,0.00254215742,0.00218454818,0.00171091361,0.00115339353,0.0015581568,0.00248277374,0.00233714841,0.00104758109,0.00191711728,0,0,0,0,0,0,0,0,0,0,0,0,0,0,0,0,0,0,0,0,0,0,0,0
953,9.781000,3,1,1,0,0,3.52020264,3.51745605,3.51501465,3.51898193,3.51196289,3.52172852,3.51898193,3.51257324,3.49761963,3.4967041,3.50036621,3.48510742,3.4854126,3.48052979,3.49273682,3.49975586,0.0101351421,0.0101777799,0.00983592775,0.010781765,0.00994458608,0.00995292421,0.0105586303,0.0104746372,0.00988410041,0.00971168373,0.0105798487,0.00773128215,0.00990519673,0.0106785567,0.00972754974,0.00999768265,0,0,0,0,0,0,0,0,0,0,0,0,0,0,0,0,0,0,0,0,0,0,0,0
954,9.781000,3,1,1,0,0,3.52142334,3.51898193,3.51501465,3.51867676,3.51318359,3.52478027,3.51928711,3.51196289,3.49761963,3.49456787,3.49975586,3.48480225,3.48602295,3.47991943,3.49304199,3.49914551,0.00437732507,0.00374020776,0.00375792291,0.00487286225,0.00382091198,0.00421484932,0.00441104732,0.00436048396,0.00536051532,0.00285008876,0.00602068566,0.00500113284,0.00542879011,0.00515720341,0.00568940816,0.00496486109,0,0,0,0,0,0,0,0,0,0,0,0,0,0,0,0,0,0,0,0,0,0,0,0
955,9.781000,3,1,1,0,0,3.51837158,3.51501465,3.51165771,3.51531982,3.51043701,3.51959229,3.51379395,3.50860596,3.49212646,3.49365234,3.49365234,3.48266602,3.48022461,3.47473145,3.48724365,3.49578857,-0.00205150386,-0.00230778125,-0.0020317114,-0.00248779566,-0.00211145286,-0.00230473443,-0.00276983483,-0.00212955242,-0.00338006252,-0.00189341209,-0.0037467978,-0.00201746961,-0.00320415804,-0.00315672392,-0.00290989666,-0.0016387332,0,0,0,0,0,0,0,0,0,0,0,0,0,0,0,0,0,0,0,0,0,0,0,0
956,9.781000,3,1,1,0,0,3.51745605,3.51409912,3.51165771,3.515625,3.51013184,3.52020264,3.51501465,3.50830078,3.4967041,3.49578857,3.49884033,3.48602295,3.48114014,3.4777832,3.49151611,3.49731445,-0.00287615997,-0.00358722801,-0.00299482909,-0.00287987827,-0.00371924462,-0.00414940761,-0.00335658947,-0.00306977425,-0.00184121775,-0.00271256547,-0.00181797298,-0.00235640747,-0.00313703855,-0.00213650754,-0.00235825893,-0.00185206614,0,0,0,0,0,0,0,0,0,0,0,0,0,0,0,0,0,0,0,0,0,0,0,0
957,9.781000,3,1,1,0,0,3.51135254,3.50799561,3.50708008,3.50891113,3.50372314,3.51470947,3.50952148,3.50250244,3.49121094,3.49090576,3.49273682,3.48114014,3.47930908,3.47412109,3.48724365,3.4942627,0.00204849849,0.00100786681,0.00286411168,0.00213960279,0.00121321692,0.00188793801,0.00143031706,0.00154557568,0.00254662707,0.00192255876,0.00251758238,0.00371765601,0.00242094835,0.00150362425,0.00317207142,0.00198402628,0,0,0,0,0,0,0,0,0,0,0,0,0,0,0,0,0,0,0,0,0,0,0,0
958,9.781000,3,1,1,0,0,3.51531982,3.51226807,3.50921631,3.51318359,3.50738525,3.51837158,3.51104736,3.50708008,3.49151611,3.49395752,3.49761963,3.48480225,3.47991943,3.4753418,3.48693848,3.49517822,0.00482313428,0.00476889312,0.00548823178,0.0052419547,0.00508210529,0.00523716072,0.00440486707,0.0051024463,0.00407687575,0.00643577147,0.00549780298,0.00693608541,0.00588482386,0.00499087013,0.00543065974,0.00437261909,0,0,0,0,0,0,0,0,0,0,0,0,0,0,0,0,0,0,0,0,0,0,0,0
959,9.781000,3,1,1,0,0,3.52172852,3.51745605,3.51470947,3.51928711,3.51226807,3.52325439,3.51898193,3.51318359,3.49914551,3.4954834,3.50189209,3.4854126,3.48632812,3.48266602,3.49365234,3.50036621,0.00781170465,0.00707585271,0.00782083441,0.00773146143,0.0074154255,0.00667770999,0.00786158536,0.00774695072,0.0072556464,0.00817036908,0.00846761093,0.0082218023,0.00735349022,0.00740555627,0.00872827135,0.00781927444,0,0,0,0,0,0,0,0,0,0,0,0,0,0,0,0,0,0,0,0,0,0,0,0
960,9.781000,3,1,1,0,0,3.51593018,3.51318359,3.50921631,3.51318359,3.50738525,3.51898193,3.51196289,3.50769043,3.49151611,3.49182129,3.49304199,3.48052979,3.47869873,3.47290039,3.4866333,3.49151611,-0.000341333158,-0.000180895295,-0.000739707262,-0.000479421346,-0.000536422245,-0.000315550307,-0.00116253272,-7.65335062e-05,-0.00172322907,-0.000381553255,-0.00199092994,-0.00161635189,-0.002480658,-0.00308874855,-0.00164864957,-0.00200806069,0,0,0,0,0,0,0,0,0,0,0,0,0,0,0,0,0,0,0,0,0,0,0,0
961,9.781000,3,1,1,0,0,3.52020264,3.51806641,3.51470947,3.51898193,3.51257324,3.52325439,3.51898193,3.51257324,3.49700928,3.49487305,3.49914551,3.48571777,3.48388672,3.47961426,3.49243164,3.49975586,0.00486915931,0.00453164522,0.00441114558,0.00456250971,0.00472020637,0.00459783711,0.00453562057,0.0049012159,0.00464565819,0.00326362555,0.0062126182,0.00526851136,0.0047865645,0.0045279297,0.00521298544,0.00575478841,0,0,0,0,0,0,0,0,0,0,0,0,0,0,0,0,0,0,0,0,0,0,0,0
962,9.781000,3,1,1,0,0,3.51806641,3.51470947,3.51135254,3.515625,3.51043701,3.52020264,3.51348877,3.50952148,3.4942627,3.49578857,3.49853516,3.48480225,3.48175049,3.4777832,3.48815918,3.49884033,0.00550728664,0.00499540707,0.00508538168,0.00541944802,0.00548653025,0.00518931821,0.00492508756,0.00495625194,0.00593541656,0.00656022225,0.00689103687,0.00589060318,0.00647919113,0.00567936245,0.00632340088,0.00702841673,0,0,0,0,0,0,0,0,0,0,0,0,0,0,0,0,0,0,0,0,0,0,0,0
963,9.781000,3,1,1,0,0,3.51074219,3.50738525,3.5043335,3.50799561,3.50158691,3.51318359,3.50830078,3.50189209,3.49029541,3.48693848,3.49273682,3.4777832,3.4777832,3.47259521,3.48571777,3.48907471,0.00267050485,0.00258960831,0.00281096017,0.00252750586,0.00234262529,0.00341417757,0.00225764117,0.00161564839,0.00271163601,0.00200105668,0.00191149721,0.00162241689,0.00278323283,0.00152452372,0.00222177664,0.00224437215,0,0,0,0,0,0,0,0,0,0,0,0,0,0,0,0,0,0,0,0,0,0,0,0
964,9.781000,3,1,1,0,0,3.50952148,3.50616455,3.50311279,3.50708008,3.50067139,3.51104736,3.50646973,3.50097656,3.48815918,3.48602295,3.48999023,3.4765625,3.47503662,3.47045898,3.47900391,3.49029541,-0.00684835948,-0.00586535037,-0.00614676811,-0.00646586902,-0.0065134312,-0.00570125319,-0.00593906874,-0.00637021475,-0.00546010816,-0.00533399126,-0.00525259459,-0.00524918828,-0.00579023827,-0.00540100038,-0.00607241224,-0.00420352537,0,0,0,0,0,0,0,0,0,0,0,0,0,0,0,0,0,0,0,0,0,0,0,0
965,9.781000,3,1,1,0,0,3.51318359,3.51135254,3.50830078,3.51013184,3.50585938,3.51654053,3.51135254,3.50402832,3.49304199,3.49151611,3.49273682,3.48236084,3.47900391,3.47290039,3.48724365,3.49487305,0.0028014374,0.0022288647,0.00281154551,0.00260159094,0.00289889844,0.00270189531,0.00323769823,0.00290209567,0.00409541,0.00396489725,0.00289673219,0.00303543592,0.00308409822,0.00249253283,0.00410631811,0.00368793146,0,0,0,0,0,0,0,0,0,0,0,0,0,0,0,0,0,0,0,0,0,0,0,0
966,9.781000,3,1,1,0,0,3.51989746,3.51654053,3.51470947,3.51776123,3.51135254,3.52233887,3.51776123,3.51165771,3.49731445,3.49578857,3.50006104,3.48632812,3.4854126,3.48175049,3.49304199,3.49975586,0.00457007112,0.00411014631,0.00532156043,0.00594672607,0.0048596249,0.00474844594,0.00514025707,0.00525465515,0.00543266814,0.00353516475,0.00538168382,0.00533804297,0.00560308527,0.00571427215,0.00554413674,0.00493519846,0,0,0,0,0,0,0,0,0,0,0,0,0,0,0,0,0,0,0,0,0,0,0,0
967,9.781000,3,1,1,0,0,3.5256958,3.52233887,3.51959229,3.52294922,3.51715088,3.52844238,3.52142334,3.51623535,3.50158691,3.50189209,3.50402832,3.49151611,3.48846436,3.48236084,3.4967041,3.50463867,0.00639661076,0.00719626015,0.00687929662,0.00682982896,0.00695030903,0.00700247893,0.00663505495,0.00631466554,0.00365693588,0.0056002792,0.00364669971,0.00534072239,0.00416914513,0.00329266093,0.00365458662,0.00514908601,0,0,0,0,0,0,0,0,0,0,0,0,0,0,0,0,0,0,0,0,0,0,0,0
968,9.781000,3,1,1,0,0,3.50952148,3.50616455,3.50219727,3.50585938,3.50006104,3.51013184,3.50585938,3.50036621,3.4866333,3.48571777,3.48876953,3.47564697,3.47381592,3.46832275,3.47869873,3.48754883,-0.00289870263,-0.00296756695,-0.00363732083,-0.00346718519,-0.00356387743,-0.00383301778,-0.00338455313,-0.00296373875,-0.00525974762,-0.00371503178,-0.00550528243,-0.00346535095,-0.0038612294,-0.0052314559,-0.00425082725,-0.0036743572,0,0,0,0,0,0,0,0,0,0,0,0,0,0,0,0,0,0,0,0,0,0,0,0
969,9.953000,3,1,1,0,0,3.51928711,3.51654053,3.51379395,3.51806641,3.51104736,3.52142334,3.51806641,3.51135254,3.49761963,3.49578857,3.49884033,3.48602295,3.48388672,3.47900391,3.49151611,3.49731445,0.00522473268,0.00651372131,0.00511770882,0.00543632079,0.00638570357,0.00517305266,0.00636152644,0.00570081361,0.00608591409,0.00665886607,0.00530562503,0.00608697534,0.00500717154,0.00519455457,0.00600116327,0.00440663286,0,0,0,0,0,0,0,0,0,0,0,0,0,0,0,0,0,0,0,0,0,0,0,0
970,9.953000,3,1,1,0,0,3.51226807,3.51043701,3.5055542,3.50952148,3.5055542,3.51623535,3.51074219,3.50372314,3.48968506,3.48602295,3.49212646,3.47564697,3.47564697,3.47259521,3.48297119,3.49090576,0.000825601979,0.00212132721,0.000312414428,0.000185925106,0.00191814569,0.00250989571,0.00244783796,0.000426005252,0.000752698572,0.000390518049,0.000287121453,-0.000404826947,0.00131890946,0.00124746084,-0.000227666867,-0.000522082148,0,0,0,0,0,0,0,0,0,0,0,0,0,0,0,0,0,0,0,0,0,0,0,0
971,9.953000,3,1,1,0,0,3.52050781,3.51654053,3.51379395,3.51715088,3.51135254,3.52142334,3.51745605,3.51165771,3.49761963,3.49456787,3.49914551,3.48510742,3.48144531,3.47900391,3.49090576,3.49761963,0.00528433314,0.00528074382,0.00528610405,0.00566563616,0.00551601965,0.0049064951,0.00516891247,0.00552852917,0.00272656837,0.00324457278,0.00215883739,0.00313332537,0.00265537295,0.00259962329,0.00334111252,0.00424256176,0,0,0,0,0,0,0,0,0,0,0,0,0,0,0,0,0,0,0,0,0,0,0,0
972,9.953000,3,1,1,0,0,3.51959229,3.51593018,3.51348877,3.51715088,3.51165771,3.52050781,3.51715088,3.51165771,3.49822998,3.49517822,3.49884033,3.48571777,3.48419189,3.47991943,3.49304199,3.49945068,0.00244939676,0.0024248648,0.00224571349,0.00262855086,0.00261871587,0.00241643912,0.00333336787,0.00250066025,0.00196552649,0.00288894633,0.00160194363,0.00262871967,0.00169424852,0.00303038699,0.00367550319,0.00233639078,0,0,0,0,0,0,0,0,0,0,0,0,0,0,0,0,0,0,0,0,0,0,0,0
973,9.953000,3,1,1,0,0,3.51745605,3.51470947,3.51074219,3.51470947,3.51013184,3.52050781,3.51226807,3.50860596,3.49151611,3.49273682,3.49273682,3.48205566,3.47991943,3.47442627,3.48693848,3.49456787,0.0029121621,0.00315254461,0.00214927178,0.00260476256,0.00269376999,0.00250546448,0.0012142373,0.00328295375,0.00139617431,0.00157612073,0.000577492348,0.000955211697,0.00106679287,0.00136651541,0.00107178022,0.000868407369,0,0,0,0,0,0,0,0,0,0,0,0,0,0,0,0,0,0,0,0,0,0,0,0
974,9.953000,3,1,1,0,0,3.51287842,3.51043701,3.50494385,3.50860596,3.50341797,3.515625,3.51135254,3.50402832,3.49090576,3.48602295,3.49029541,3.47900391,3.4765625,3.47320557,3.48388672,3.49121094,0.00366951083,0.00391974486,0.0031988828,0.00239563873,0.00265317014,0.00341760716,0.0031935547,0.00333468686,0.00249654381,0.0020094323,0.00154652365,0.0032209293,0.00224916707,0.00181597471,0.00240194029,0.00144210039,0,0,0,0,0,0,0,0,0,0,0,0,0,0,0,0,0,0,0,0,0,0,0,0
975,9.953000,3,1,1,0,0,3.52050781,3.51593018,3.5144043,3.51806641,3.51135254,3.52081299,3.51776123,3.51165771,3.4979248,3.49517822,3.49945068,3.48510742,3.4854126,3.47961426,3.49182129,3.49884033,0.00329891266,0.00233394559,0.00380234607,0.00401263358,0.0026915737,0.00264814193,0.00410808949,0.00330456602,0.0051257927,0.00461677089,0.00564804487,0.00500306906,0.00545747485,0.0053943526,0.00490318611,0.004010492,0,0,0,0,0,0,0,0,0,0,0,0,0,0,0,0,0,0,0,0,0,0,0,0
976,9.953000,3,1,1,0,0,3.52172852,3.5168457,3.51379395,3.51898193,3.51165771,3.52203369,3.51867676,3.51226807,3.4979248,3.49609375,3.49853516,3.48571777,3.48510742,3.47961426,3.49212646,3.49975586,0.00336260279,0.00334362662,0.004307386,0.00462742941,0.00314488914,0.00202228408,0.00418025814,0.00335090095,0.00522463582,0.00399162248,0.00588857708,0.00589811709,0.00499034347,0.00546601275,0.00472322153,0.00413990626,0,0,0,0,0,0,0,0,0,0,0,0,0,0,0,0,0,0,0,0,0,0,0,0
977,9.953000,3,1,1,0,0,3.51226807,3.50891113,3.5067749,3.51043701,3.50494385,3.51593018,3.50921631,3.50341797,3.49212646,3.49182129,3.49365234,3.48144531,3.47991943,3.47473145,3.48693848,3.49182129,-0.0014244559,-0.00221107015,-0.00131965708,-0.000429342501,-0.00213194219,-0.00244706939,-0.00102437101,-0.00100049539,0.000790139311,-0.00184216327,0.000217708526,0.000683862832,-0.000203495729,0.000327257381,0.000348862377,-0.000318045437,0,0,0,0,0,0,0,0,0,0,0,0,0,0,0,0,0,0,0,0,0,0,0,0
978,9.953000,3,1,1,0,0,3.51806641,3.51470947,3.51074219,3.51470947,3.50921631,3.51959229,3.51501465,3.50860596,3.49243164,3.49365234,3.49365234,3.48144531,3.48052979,3.47351074,3.48602295,3.49456787,0.00130252517,0.00159426895,0.0015658401,0.00160932401,0.00141377328,0.000719438656,0.00153574767,0.00123824645,-0.00116487546,0.00177733437,-0.0014384439,0.00037098513,-0.000242748763,0.000648110989,-0.00152044301,0.000451589818,0,0,0,0,0,0,0,0,0,0,0,0,0,0,0,0,0,0,0,0,0,0,0,0
979,9.953000,3,1,1,0,0,3.52081299,3.51806641,3.51379395,3.51928711,3.51409912,3.52355957,3.51959229,3.51257324,3.49822998,3.49609375,3.50219727,3.4854126,3.48571777,3.48266602,3.49243164,3.49975586,0.0118755279,0.0117649827,0.0114685344,0.0124098714,0.0128383068,0.0117449835,0.0119731408,0.012246321,0.0106123947,0.0122558726,0.011604175,0.0113535989,0.0104079088,0.0121786967,0.0120376777,0.0110906288,0,0,0,0,0,0,0,0,0,0,0,0,0,0,0,0,0,0,0,0,0,0,0,0
980,9.953000,3,1,1,0,0,3.51257324,3.51135254,3.50769043,3.51013184,3.5067749,3.51623535,3.51013184,3.50494385,3.49243164,3.49395752,3.49456787,3.48236084,3.48022461,3.47442627,3.48602295,3.49517822,0.00271182833,0.00275700027,0.00331774447,0.00307637546,0.00242868182,0.00196083472,0.00278765475,0.00325946533,0.00480103958,0.00342857069,0.00572186802,0.00436323928,0.00451886887,0.00519678369,0.00489549898,0.00396420993,0,0,0,0,0,0,0,0,0,0,0,0,0,0,0,0,0,0,0,0,0,0,0,0
981,9.953000,3,1,1,0,0,3.52050781,3.51776123,3.51470947,3.51959229,3.5144043,3.52508545,3.52020264,3.51287842,3.4979248,3.49578857,3.50006104,3.48632812,3.48510742,3.48236084,3.49243164,3.49945068,0.00488382624,0.00424382556,0.00424823537,0.00481044874,0.00604517944,0.00627136976,0.00586149842,0.00442984374,0.00456217723,0.003253893,0.00554458331,0.00358248572,0.0039953948,0.00466021383,0.00529557746,0.0045736758,0,0,0,0,0,0,0,0,0,0,0,0,0,0,0,0,0,0,0,0,0,0,0,0
982,9.953000,3,1,1,0,0,3.50891113,3.50616455,3.50341797,3.50616455,3.50128174,3.51074219,3.50585938,3.49945068,3.48815918,3.48602295,3.49151611,3.47473145,3.47503662,3.47076416,3.48175049,3.48907471,0.00271678111,0.00329305651,0.00334656844,0.00257541193,0.00352483476,0.00287442422,0.00321329571,0.0020835693,0.00318281818,0.00435675727,0.00321196765,0.00324914698,0.00248733303,0.00288423104,0.00308712409,0.00368782505,0,0,0,0,0,0,0,0,0,0,0,0,0,0,0,0,0,0,0,0,0,0,0,0
983,9.953000,3,1,1,0,0,3.51776123,3.5144043,3.51165771,3.51501465,3.51013184,3.51898193,3.51501465,3.50921631,3.49151611,3.49487305,3.49487305,3.48236084,3.47900391,3.4765625,3.48602295,3.49578857,0.00658142008,0.0056463629,0.00581477862,0.00593294157,0.00599808386,0.00534239272,0.00641727168,0.00622294517,0.00547584658,0.00594539475,0.00500822719,0.00542697357,0.00495659141,0.00591968093,0.00522860792,0.00666640187,0,0,0,0,0,0,0,0,0,0,0,0,0,0,0,0,0,0,0,0,0,0,0,0
984,9.953000,3,1,1,0,0,3.51196289,3.50830078,3.50494385,3.50952148,3.50463867,3.51531982,3.51043701,3.50402832,3.49121094,3.48754883,3.49334717,3.48052979,3.47900391,3.47381592,3.48571777,3.49121094,-0.00299062743,-0.00313104037,-0.00352007011,-0.00314761582,-0.00283605419,-0.0032232278,-0.00299049215,-0.00274786004,-0.00269460375,-0.00304378755,-0.00150390598,-0.00229390617,-0.0030501911,-0.00369585562,-0.00254995492,-0.00309884339,0,0,0,0,0,0,0,0,0,0,0,0,0,0,0,0,0,0,0,0,0,0,0,0
985,9.953000,3,1,1,0,0,3.51135254,3.50769043,3.50494385,3.50769043,3.50189209,3.51318359,3.50799561,3.50250244,3.48937988,3.48693848,3.49365234,3.47747803,3.47625732,3.47259521,3.48358154,3.49060059,-0.00405196846,-0.00410847273,-0.00425602216,-0.00334614771,-0.00461037969,-0.00400495855,-0.00402900344,-0.00343002076,-0.00261620968,-0.00418955553,-0.00217906479,-0.00509291934,-0.00316579454,-0.0019483231,-0.00313995313,-0.00338579179,0,0,0,0,0,0,0,0,0,0,0,0,0,0,0,0,0,0,0,0,0,0,0,0
986,10.109000,3,1,1,0,0,3.51043701,3.50769043,3.50372314,3.50769043,3.50128174,3.51379395,3.50769043,3.50219727,3.49090576,3.48693848,3.49273682,3.47747803,3.47747803,3.47259521,3.48419189,3.48937988,0.000794278283,0.000702531601,0.00059962197,5.25087235e-05,0.0004390619,0.000172351778,5.01625473e-05,0.000474045053,0.00120892795,0.000894891855,0.0012796662,0.00046535494,0.00105752959,0.000950983085,0.00171971426,0.00146882643,0,0,0,0,0,0,0,0,0,0,0,0,0,0,0,0,0,0,0,0,0,0,0,0
987,10.109000,3,1,1,0,0,3.50952148,3.50646973,3.50250244,3.50646973,3.50067139,3.51104736,3.50708008,3.50158691,3.48327637,3.48510742,3.4854126,3.47595215,3.47076416,3.46923828,3.47808838,3.48724365,-0.00961071812,-0.00916069839,-0.00951693859,-0.00928591751,-0.00951987505,-0.00937306322,-0.00912781712,-0.00873883907,-0.00896783452,-0.00905578118,-0.00794666447,-0.00776577694,-0.0081473263,-0.0079288315,-0.0097121587,-0.00865586381,0,0,0,0,0,0,0,0,0,0,0,0,0,0,0,0,0,0,0,0,0,0,0,0
988,10.109000,3,1,1,0,0,3.51806641,3.51531982,3.51318359,3.51623535,3.51013184,3.52050781,3.5168457,3.51074219,3.4979248,3.49456787,3.49945068,3.4866333,3.4854126,3.47991943,3.49151611,3.50036621,0.00438606506,0.00415128097,0.00453261053,0.00454972079,0.00377116213,0.00445756316,0.00461701024,0.00427827984,0.00571991317,0.0046442356,0.00663504191,0.00478971889,0.00637731329,0.00621727714,0.00554666435,0.00732741738,0,0,0,0,0,0,0,0,0,0,0,0,0,0,0,0,0,0,0,0,0,0,0,0
989,10.109000,3,1,1,0,0,3.5168457,3.51287842,3.50952148,3.51379395,3.50769043,3.51867676,3.51348877,3.50738525,3.49243164,3.49212646,3.49395752,3.48052979,3.47961426,3.47259521,3.48693848,3.49090576,-0.000542954251,-0.000632027688,-0.00067213946,-0.000424231577,-0.000483834418,-0.000146164472,-0.000710864435,0.000440101518,0.00105145224,0.00139208511,0.000350272865,0.000794623396,-0.00060988043,0.000649001042,-0.000452395005,-0.000117116084,0,0,0,0,0,0,0,0,0,0,0,0,0,0,0,0,0,0,0,0,0,0,0,0
990,10.109000,3,1,1,0,0,3.51959229,3.51623535,3.51318359,3.51715088,3.51074219,3.52050781,3.5168457,3.51135254,3.49639893,3.4954834,3.49945068,3.48602295,3.48205566,3.47808838,3.49151611,3.49914551,0.00516420463,0.00570063852,0.00588607276,0.00534056174,0.00559040438,0.00559906522,0.00617743284,0.00617456157,0.00422333879,0.00420041243,0.00469840504,0.00389096816,0.00433175033,0.00516477507,0.00534435548,0.00446920842,0,0,0,0,0,0,0,0,0,0,0,0,0,0,0,0,0,0,0,0,0,0,0,0
991,10.125000,3,1,1,0,0,3.50982666,3.50738525,3.50219727,3.50585938,3.50097656,3.51104736,3.50708008,3.50097656,3.48632812,3.48632812,3.48510742,3.47564697,3.46984863,3.46954346,3.47839355,3.48632812,-0.00174590724,-0.00155529997,-0.00200030836,-0.00233232975,-0.00242998637,-0.00268467539,-0.00181980769,-0.00222807378,-0.00244257064,-0.000569260388,-0.00348121696,-0.000967854692,-0.00265493477,-0.00231134496,-0.00206276635,-0.00111239788,0,0,0,0,0,0,0,0,0,0,0,0,0,0,0,0,0,0,0,0,0,0,0,0
992,10.125000,3,1,1,0,0,3.52081299,3.51745605,3.51409912,3.51928711,3.51196289,3.52294922,3.51776123,3.51257324,3.49761963,3.4967041,3.49945068,3.48602295,3.48449707,3.48175049,3.49182129,3.50006104,0.00677366275,0.00701850513,0.00749831134,0.00709862402,0.00759364851,0.00711075636,0.00750653259,0.00689934008,0.00637333328,0.00659124507,0.00612213695,0.00650939951,0.00705015939,0.0065626842,0.00713307969,0.00712941587,0,0,0,0,0,0,0,0,0,0,0,0,0,0,0,0,0,0,0,0,0,0,0,0
993,10.125000,3,1,1,0,0,3.50799561,3.50463867,3.50189209,3.5055542,3.50006104,3.51013184,3.50494385,3.49945068,3.48297119,3.48571777,3.48846436,3.47625732,3.47381592,3.46832275,3.47839355,3.48724365,-0.00339609245,-0.00318561378,-0.00338826748,-0.00300265756,-0.00406731386,-0.00322290231,-0.00334916916,-0.00307195215,-0.00198010635,-0.00253003254,-0.000624141481,-0.00167619856,-0.00064639817,-0.00168718898,-0.00261404249,-0.00237285718,0,0,0,0,0,0,0,0,0,0,0,0,0,0,0,0,0,0,0,0,0,0,0,0
994,10.125000,3,1,1,0,0,3.5067749,3.50463867,3.50128174,3.50494385,3.49822998,3.51013184,3.50311279,3.49822998,3.48236084,3.48236084,3.48358154,3.47167969,3.47015381,3.46405029,3.4777832,3.4854126,0.00269380771,0.0023994795,0.00199746247,0.00251105428,0.00159494637,0.0012319372,0.00229255296,0.00274146069,-0.000202311203,0.000927335466,-0.00105871423,-0.00108474761,0.000640551618,-7.39740208e-05,-0.000943518826,0.00165749143,0,0,0,0,0,0,0,0,0,0,0,0,0,0,0,0,0,0,0,0,0,0,0,0
995,10.125000,3,1,1,0,0,3.51165771,3.50830078,3.50524902,3.50982666,3.50311279,3.51501465,3.50891113,3.50219727,3.49151611,3.49060059,3.4942627,3.48114014,3.47869873,3.47320557,3.4866333,3.49365234,0.00892936159,0.00912424922,0.0093491571,0.00904844515,0.00933753885,0.008720682,0.00895409007,0.00858459901,0.00932611991,0.0100263506,0.009775226,0.0092748655,0.00869931839,0.00895761885,0.0103568891,0.00893053971,0,0,0,0,0,0,0,0,0,0,0,0,0,0,0,0,0,0,0,0,0,0,0,0
996,10.125000,3,1,1,0,0,3.51135254,3.50708008,3.50494385,3.50830078,3.50189209,3.51226807,3.50769043,3.50311279,3.49029541,3.48754883,3.49365234,3.47686768,3.47869873,3.47412109,3.48358154,3.49029541,0.00477409177,0.0044073388,0.00456766738,0.00473994901,0.00445586536,0.00407743221,0.00484101893,0.00571314106,0.0038623123,0.00497256825,0.00366658298,0.00431043888,0.0036395092,0.00529663498,0.00397375226,0.00420121942,0,0,0,0,0,0,0,0,0,0,0,0,0,0,0,0,0,0,0,0,0,0,0,0
997,10.125000,3,1,1,0,0,3.51989746,3.51715088,3.51470947,3.51898193,3.51226807,3.52172852,3.51837158,3.51165771,3.49853516,3.49639893,3.50006104,3.48510742,3.48571777,3.48052979,3.49304199,3.49884033,0.00877829362,0.0083491765,0.00901681744,0.00877535529,0.0088752443,0.00765454769,0.00838771649,0.00810102932,0.00944798812,0.00969104562,0.00840577949,0.00907618273,0.00923730433,0.00803686865,0.00934179686,0.00944195315,0,0,0,0,0,0,0,0,0,0,0,0,0,0,0,0,0,0,0,0,0,0,0,0
998,10.125000,3,1,1,0,0,3.51409912,3.51013184,3.5067749,3.50982666,3.5067749,3.51806641,3.51074219,3.50372314,3.49090576,3.48815918,3.49334717,3.47961426,3.47747803,3.47259521,3.48602295,3.48968506,0.00271554315,0.00292179524,0.00237688748,0.00251805433,0.00286327954,0.00343100028,0.00243581389,0.00197623414,0.00343262381,0.00373898284,0.00349894189,0.00535262935,0.00351269636,0.00313631166,0.00306348223,0.00207610894,0,0,0,0,0,0,0,0,0,0,0,0,0,0,0,0,0,0,0,0,0,0,0,0
999,10.125000,3,1,1,0,0,3.50982666,3.5067749,3.50341797,3.50646973,3.50158691,3.51165771,3.50738525,3.50219727,3.49029541,3.48602295,3.49121094,3.47961426,3.47595215,3.47290039,3.48358154,3.48937988,-0.003562517,-0.00353242643,-0.00349226082,-0.00406602211,-0.00460031908,-0.00375079713,-0.00383638311,-0.00390574918,-0.00107460236,-0.00229814253,-0.00276649534,-0.00237356941,-0.00138712942,-0.00311181881,-0.00332443067,-0.00175554806,0,0,0,0,0,0,0,0,0,0,0,0,0,0,0,0,0,0,0,0,0,0,0,0
1000,10.125000,3,1,1,0,0,3.51531982,3.51226807,3.50769043,3.51165771,3.5067749,3.51837158,3.51135254,3.50646973,3.49090576,3.49090576,3.49395752,3.4777832,3.47869873,3.47290039,3.48632812,3.49029541,0.00868227426,0.00878229737,0.0071043605,0.00841074996,0.0088751195,0.00815331005,0.0073891487,0.0079929512,0.00671934849,0.00716001261,0.00683088694,0.00611056294,0.00732508302,0.00667512696,0.0070053637,0.00551126804,0,0,0,0,0,0,0,0,0,0,0,0,0,0,0,0,0,0,0,0,0,0,0,0
1001,10.125000,3,1,1,0,0,3.51867676,3.51531982,3.51226807,3.51593018,3.51074219,3.51898193,3.51531982,3.50891113,3.4942627,3.49487305,3.49884033,3.48480225,3.48144531,3.47839355,3.49151611,3.4967041,0.00133144262,0.000837069121,0.0014711438,0.000500645605,0.00119794626,0.00037129689,0.000455146073,0.000606429065,-0.000166526588,0.00098082982,0.00294262962,0.00206788396,0.00127860741,0.0018270677,-0.000180833973,0.00192733563,0,0,0,0,0,0,0,0,0,0,0,0,0,0,0,0,0,0,0,0,0,0,0,0
1002,10.125000,3,1,1,0,0,3.52142334,3.51928711,3.51501465,3.51837158,3.5144043,3.52661133,3.52081299,3.51287842,3.50036621,3.49975586,3.50219727,3.48571777,3.4866333,3.48236084,3.4942627,3.50006104,0.00432181451,0.00412852084,0.00445955852,0.00435102265,0.00386836147,0.00566232763,0.00522171287,0.00472365972,0.00574287819,0.0041274596,0.00448850868,0.00257658074,0.00389701291,0.00463040359,0.00521567184,0.00439371867,0,0,0,0,0,0,0,0,0,0,0,0,0,0,0,0,0,0,0,0,0,0,0,0
1003,10.281000,3,1,1,0,0,3.52081299,3.51715088,3.51470947,3.51867676,3.51226807,3.5244751,3.51959229,3.51165771,3.49975586,3.49639893,3.50311279,3.48602295,3.48632812,3.48205566,3.49365234,3.49884033,0.00241338997,0.00224744529,0.00197842764,0.00155802711,0.00205559842,0.0025221915,0.00238468312,0.00147951161,0.00163011346,0.00181374338,0.00119014247,0.000731674489,0.00110446184,0.000504309253,0.00107509864,0.00142890704,0,0,0,0,0,0,0,0,0,0,0,0,0,0,0,0,0,0,0,0,0,0,0,0
1004,10.281000,3,1,1,0,0,3.51074219,3.50738525,3.50372314,3.50769043,3.50036621,3.51226807,3.50738525,3.50189209,3.48693848,3.48602295,3.487854,3.47320557,3.47412109,3.46984863,3.4777832,3.487854,0.00420269882,0.00374724297,0.00415109703,0.00504475785,0.00357604609,0.00497362437,0.00410315534,0.00517999474,0.00463123759,0.00404851092,0.00442034379,0.00284242933,0.0032116212,0.00360984751,0.00246384833,0.00442013144,0,0,0,0,0,0,0,0,0,0,0,0,0,0,0,0,0,0,0,0,0,0,0,0
1005,10.281000,3,1,1,0,0,3.51409912,3.51135254,3.50616455,3.50952148,3.5055542,3.51654053,3.51043701,3.50311279,3.49090576,3.49060059,3.49029541,3.47564697,3.47808838,3.47290039,3.48571777,3.49029541,0.0058040712,0.00673415558,0.00632926077,0.0063055628,0.0064926506,0.00613316381,0.00560672814,0.00623473851,0.00668004667,0.00691235717,0.00569299096,0.00505351648,0.0060553262,0.00588668184,0.00615459308,0.00582440291,0,0,0,0,0,0,0,0,0,0,0,0,0,0,0,0,0,0,0,0,0,0,0,0
1006,10.281000,3,1,1,0,0,3.515625,3.51287842,3.50952148,3.51135254,3.50769043,3.51715088,3.51165771,3.5067749,3.49304199,3.4942627,3.4979248,3.4854126,3.48022461,3.47473145,3.48754883,3.49578857,0.000660758349,0.000840527704,0.000249148521,-0.00111028762,0.000741894124,0.000141478085,0.000151559158,0.000886054593,0.000214591986,0.000917416357,0.00177750143,0.00191393343,0.000774845073,0.000374662457,0.00135406747,-0.00110362039,0,0,0,0,0,0,0,0,0,0,0,0,0,0,0,0,0,0,0,0,0,0,0,0
1007,10.281000,3,1,1,0,0,3.50769043,3.5055542,3.50189209,3.50494385,3.49945068,3.50982666,3.5055542,3.49975586,3.48327637,3.48480225,3.4854126,3.47473145,3.47076416,3.46862793,3.47686768,3.48693848,0.000846548122,0.000721332268,0.000507814577,0.00135426712,0.000681581558,0.00128287403,0.00107502902,0.00103160553,-0.00173500949,0.000257243752,-0.00187344709,-0.00118655898,-0.000996559742,0.00023320585,-0.000753640779,-2.95480713e-05,0,0,0,0,0,0,0,0,0,0,0,0,0,0,0,0,0,0,0,0,0,0,0,0
1008,10.281000,3,1,1,0,0,3.51074219,3.50738525,3.50402832,3.50769043,3.50189209,3.51165771,3.50799561,3.50158691,3.48815918,3.48693848,3.48907471,3.47625732,3.47503662,3.46923828,3.48144531,3.48937988,-0.000453524408,-0.000496288994,-0.000628923008,-0.00100827124,-0.00106873142,-0.000885594112,-0.000436465372,-0.000342847896,-0.00387053564,-0.00176289841,-0.00387556176,-0.00292094564,-0.00340281706,-0.00326321926,-0.0036501307,-0.00268186,0,0,0,0,0,0,0,0,0,0,0,0,0,0,0,0,0,0,0,0,0,0,0,0
1009,10.281000,3,1,1,0,0,3.52172852,3.51837158,3.51501465,3.51989746,3.51470947,3.52539062,3.52020264,3.51318359,3.49914551,3.49639893,3.50036621,3.48632812,3.48632812,3.48236084,3.49243164,3.50036621,0.0115027297,0.011027338,0.0113431709,0.0112306541,0.0121230744,0.0114648957,0.0108947204,0.0104957968,0.0110227196,0.0102129737,0.0106727546,0.0108486246,0.0105842697,0.0114859967,0.0113423588,0.0115192793,0,0,0,0,0,0,0,0,0,0,0,0,0,0,0,0,0,0,0,0,0,0,0,0
1010,10.281000,3,1,1,0,0,3.51104736,3.51013184,3.50494385,3.50982666,3.50311279,3.51593018,3.50921631,3.50189209,3.487854,3.48510742,3.48907471,3.47595215,3.47564697,3.47045898,3.48266602,3.48907471,-0.00305405818,-0.00180075818,-0.00311568845,-0.00323484093,-0.00285870582,-0.0018746627,-0.00344036287,-0.00269665057,-0.00434092432,-0.00411613472,-0.00444756448,-0.00412876485,-0.0040382985,-0.00341923628,-0.0039233556,-0.0045434013,0,0,0,0,0,0,0,0,0,0,0,0,0,0,0,0,0,0,0,0,0,0,0,0
1011,10.281000,3,1,1,0,0,3.50738525,3.5043335,3.50128174,3.50494385,3.50006104,3.51074219,3.50463867,3.49914551,3.48602295,3.4854126,3.487854,3.4753418,3.47351074,3.46954346,3.47808838,3.48693848,0.00199590251,0.00172848965,0.00187035941,0.00249864301,0.00191941718,0.00186509173,0.00120224175,0.00196547527,0.00315638329,0.00362269161,0.00368252024,0.00401597796,0.00333549595,0.00269181118,0.00172613538,0.00325152627,0,0,0,0,0,0,0,0,0,0,0,0,0,0,0,0,0,0,0,0,0,0,0,0
1012,10.281000,3,1,1,0,0,3.51776123,3.51470947,3.51135254,3.51470947,3.50921631,3.52020264,3.51318359,3.50891113,3.49334717,3.49487305,3.49853516,3.48510742,3.48052979,3.47717285,3.487854,3.49700928,0.00605527358,0.00591109926,0.00610270072,0.00610254565,0.00652068341,0.00582030322,0.00589391496,0.00633947551,0.00764789851,0.00771974213,0.0079780966,0.00717913033,0.00706393458,0.00770849315,0.00734695187,0.0065542548,0,0,0,0,0,0,0,0,0,0,0,0,0,0,0,0,0,0,0,0,0,0,0,0
1013,10.281000,3,1,1,0,0,3.51776123,3.51531982,3.51257324,3.515625,3.51074219,3.52081299,3.515625,3.50921631,3.49639893,3.49456787,3.49884033,3.48602295,3.48144531,3.47717285,3.49151611,3.49822998,0.00131530734,0.000802133465,0.00190045265,0.00151198416,0.00147549598,0.00125774276,0.00184432953,0.00178827601,0.00318205683,0.000616124191,0.00296750385,0.0010691029,0.00146350753,0.00189712434,0.00281923893,0.00196012086,0,0,0,0,0,0,0,0,0,0,0,0,0,0,0,0,0,0,0,0,0,0,0,0
1014,10.281000,3,1,1,0,0,3.51135254,3.50952148,3.50494385,3.50982666,3.50402832,3.515625,3.51043701,3.50280762,3.48815918,3.48632812,3.49182129,3.4765625,3.4753418,3.47229004,3.48236084,3.48937988,-0.00130173238,-0.00125997467,-0.00140709314,-0.0012632173,-0.000746961334,-0.0006551306,-0.000436025788,-0.00127221621,-0.00157522713,-0.00113782845,-0.00152321416,-0.00169857952,-0.00127096544,-0.000948047265,-0.00179506978,-0.0020167199,0,0,0,0,0,0,0,0,0,0,0,0,0,0,0,0,0,0,0,0,0,0,0,0
1015,10.281000,3,1,1,0,0,3.51043701,3.50769043,3.50402832,3.50921631,3.50250244,3.51348877,3.50921631,3.50189209,3.48724365,3.48693848,3.48937988,3.47595215,3.47503662,3.47045898,3.48022461,3.48907471,-0.00386591186,-0.00397043955,-0.00437428011,-0.00425402354,-0.00443246774,-0.00361246453,-0.00338355498,-0.00452665426,-0.00455299579,-0.00617637672,-0.00504425121,-0.00466503948,-0.00403245445,-0.00429262873,-0.00583499717,-0.005558996,0,0,0,0,0,0,0,0,0,0,0,0,0,0,0,0,0,0,0,0,0,0,0,0
1016,10.281000,3,1,1,0,0,3.51898193,3.51623535,3.51348877,3.51715088,3.51165771,3.52050781,3.51715088,3.51074219,3.49761963,3.4954834,3.49975586,3.48602295,3.48571777,3.48052979,3.49151611,3.49975586,0.00632330449,0.00677540246,0.00681348704,0.00598515291,0.00673063053,0.00611019135,0.00677371491,0.00632340275,0.00664071925,0.00511503872,0.0050817146,0.00560259307,0.00606206292,0.00649686344,0.00577833178,0.00563674141,0,0,0,0,0,0,0,0,0,0,0,0,0,0,0,0,0,0,0,0,0,0,0,0
1017,10.281000,3,1,1,0,0,3.52111816,3.51593018,3.51379395,3.51715088,3.51165771,3.52081299,3.51806641,3.51135254,3.4979248,3.49517822,3.49914551,3.48571777,3.48571777,3.48205566,3.49273682,3.50036621,0.00281727128,0.00261782645,0.00267647137,0.00218821503,0.00239108456,0.00269103213,0.00166220125,0.00210788473,0.00202655513,0.00273055839,0.00298956153,0.00305982865,0.00299022207,0.00185854943,0.00338598993,0.00227364129,0,0,0,0,0,0,0,0,0,0,0,0,0,0,0,0,0,0,0,0,0,0,0,0
1018,10.281000,3,1,1,0,0,3.51745605,3.51379395,3.51043701,3.51501465,3.50982666,3.52020264,3.51470947,3.50860596,3.49182129,3.49304199,3.49365234,3.48266602,3.47869873,3.47473145,3.48632812,3.4954834,0.000432527682,0.00018990926,0.000370209513,0.000765021308,0.000492868829,0.000723483216,-0.000233364393,0.000718407391,-0.00115300145,0.00115128804,-0.000780225499,0.000224280142,-0.00150761532,0.000511222577,-0.00134360325,0.00186223048,0,0,0,0,0,0,0,0,0,0,0,0,0,0,0,0,0,0,0,0,0,0,0,0
1019,10.281000,3,1,1,0,0,3.50830078,3.50585938,3.50158691,3.50585938,3.50067139,3.51043701,3.50524902,3.49975586,3.48205566,3.48510742,3.48449707,3.47320557,3.47015381,3.46801758,3.47747803,3.48571777,0.0014310535,0.0020214587,0.00089751347,0.00118871476,0.002188741,0.00146862864,0.00131595251,0.00058530434,0.000518380664,0.00205763965,0.00023938049,0.00146313908,0.00041488104,0.000595278107,0.00141720218,0.000114568393,0,0,0,0,0,0,0,0,0,0,0,0,0,0,0,0,0,0,0,0,0,0,0,0
1020,10.453000,3,1,1,0,0,3.50982666,3.50769043,3.50372314,3.50891113,3.50219727,3.51226807,3.50860596,3.50219727,3.49029541,3.48693848,3.49273682,3.47991943,3.47717285,3.47229004,3.48388672,3.48937988,0.000118991127,0.00060516852,0.000444146106,0.00022450753,0.000355681521,0.0005884493,0.000391622074,0.000673992909,0.00211947411,0.00126746378,0.0018997672,0.00222179433,0.0023552333,0.00158900092,0.00051181356,0.000681746169,0,0,0,0,0,0,0,0,0,0,0,0,0,0,0,0,0,0,0,0,0,0,0,0
1021,10.453000,3,1,1,0,0,3.51196289,3.50952148,3.50616455,3.50982666,3.50463867,3.51531982,3.51013184,3.50219727,3.49060059,3.48999023,3.49273682,3.47717285,3.47717285,3.47290039,3.48571777,3.48937988,-0.000841610192,-0.000887157395,-0.000481072173,0.000523294148,-0.00034328131,-0.000199997099,-2.79170927e-05,-0.000251926802,0.00146519043,5.5582932e-06,0.00037973185,0.00118232926,0.000849551929,0.00133844092,0.00054982258,-0.000671026413,0,0,0,0,0,0,0,0,0,0,0,0,0,0,0,0,0,0,0,0,0,0,0,0
1022,10.453000,3,1,1,0,0,3.51898193,3.51470947,3.51226807,3.51623535,3.51074219,3.52081299,3.51593018,3.50921631,3.49639893,3.49578857,3.49945068,3.48510742,3.48205566,3.47717285,3.49121094,3.49822998,0.0051595103,0.00525896112,0.00545975473,0.00552145205,0.00574036315,0.00577120669,0.00554312905,0.0045337528,0.00624683406,0.00541392341,0.00654182304,0.00566958589,0.00597569905,0.00590610877,0.0060018138,0.006579448,0,0,0,0,0,0,0,0,0,0,0,0,0,0,0,0,0,0,0,0,0,0,0,0
1023,10.453000,3,1,1,0,0,3.51074219,3.50646973,3.50372314,3.5067749,3.50189209,3.51043701,3.5067749,3.50158691,3.48754883,3.48571777,3.48846436,3.4753418,3.47106934,3.46984863,3.48083496,3.48876953,0.00493517425,0.00432636077,0.00507594598,0.00383684039,0.00405622832,0.0040176874,0.00436024414,0.00432971073,0.0048175687,0.00576205878,0.00432153465,0.00530376099,0.0049188803,0.00445850287,0.00522000482,0.0051928279,0,0,0,0,0,0,0,0,0,0,0,0,0,0,0,0,0,0,0,0,0,0,0,0
1024,10.453000,3,1,1,0,0,3.51257324,3.51104736,3.50769043,3.51165771,3.50585938,3.5168457,3.51043701,3.5043335,3.49243164,3.49182129,3.49334717,3.48144531,3.47869873,3.47320557,3.48632812,3.49517822,0.00365843042,0.00310297427,0.00342387473,0.00373433554,0.00313304295,0.00342938025,0.00372363278,0.00327817095,0.00471132435,0.00479481183,0.00317833479,0.00391009729,0.00391598232,0.0034303451,0.00320572802,0.00314101088,0,0,0,0,0,0,0,0,0,0,0,0,0,0,0,0,0,0,0,0,0,0,0,0
1025,10.453000,3,1,1,0,0,3.51715088,3.51470947,3.51104736,3.51531982,3.51013184,3.51928711,3.51501465,3.50860596,3.49273682,3.49456787,3.4979248,3.48480225,3.48266602,3.47686768,3.49090576,3.49639893,0.0065587298,0.00715879863,0.00644956529,0.00707060238,0.00657090358,0.00666594319,0.00607127137,0.00675694831,0.00536119379,0.00494192168,0.00590358069,0.00535623031,0.00589543022,0.00534621719,0.00634218752,0.00642258115,0,0,0,0,0,0,0,0,0,0,0,0,0,0,0,0,0,0,0,0,0,0,0,0
1026,10.453000,3,1,1,0,0,3.50799561,3.50524902,3.50189209,3.50524902,3.50036621,3.50921631,3.50341797,3.49914551,3.487854,3.48632812,3.48632812,3.47625732,3.47412109,3.46923828,3.47808838,3.48937988,-0.00495305005,-0.00461643981,-0.00511423452,-0.00566942431,-0.00433611684,-0.00506993802,-0.00543030025,-0.00567047112,-0.00364089478,-0.004161858,-0.00558088999,-0.00425537536,-0.0053551062,-0.00508027198,-0.00600434234,-0.00447418448,0,0,0,0,0,0,0,0,0,0,0,0,0,0,0,0,0,0,0,0,0,0,0,0
1027,10.453000,3,1,1,0,0,3.51531982,3.51287842,3.50769043,3.51318359,3.50708008,3.51867676,3.51165771,3.5067749,3.49212646,3.49121094,3.49395752,3.48022461,3.47961426,3.47320557,3.48693848,3.49121094,0.00741631305,0.00848735962,0.00775332516,0.00898712501,0.00828682259,0.00745905656,0.00736687984,0.00840509962,0.00793519616,0.00920238346,0.00771910045,0.00908957701,0.00819849502,0.00710876985,0.0067930189,0.0080338465,0,0,0,0,0,0,0,0,0,0,0,0,0,0,0,0,0,0,0,0,0,0,0,0
1028,10.453000,3,1,1,0,0,3.51409912,3.51165771,3.50830078,3.51135254,3.5067749,3.51715088,3.51043701,3.50402832,3.49273682,3.49182129,3.49273682,3.48114014,3.47930908,3.47351074,3.48632812,3.49487305,0.0113234939,0.0102718966,0.0111994511,0.0117132086,0.0117105022,0.0114029786,0.0105429292,0.0108818021,0.0105695585,0.0107956007,0.0106531288,0.0101872375,0.0113438191,0.0112863556,0.0100517794,0.011248312,0,0,0,0,0,0,0,0,0,0,0,0,0,0,0,0,0,0,0,0,0,0,0,0
1029,10.453000,3,1,1,0,0,3.51287842,3.50952148,3.50616455,3.50921631,3.50463867,3.51654053,3.51074219,3.50402832,3.49273682,3.49182129,3.49304199,3.48144531,3.48022461,3.47290039,3.4866333,3.49243164,0.00208926294,0.00138890732,0.00102624262,0.0011337921,0.00178813201,0.00213972945,0.00267574564,0.00178603525,0.00279548299,0.00241473946,0.00345529476,0.00260738609,0.00272869808,0.00294639193,0.00390997296,0.00107245229,0,0,0,0,0,0,0,0,0,0,0,0,0,0,0,0,0,0,0,0,0,0,0,0
1030,10.453000,3,1,1,0,0,3.52172852,3.51959229,3.51470947,3.51867676,3.51501465,3.52508545,3.52020264,3.51196289,3.49853516,3.49517822,3.50006104,3.48480225,3.48571777,3.48205566,3.49243164,3.49914551,0.00376910507,0.00441780407,0.00328093045,0.00319875008,0.00453205686,0.00380202825,0.0040015243,0.00298845046,0.000397251977,0.00204737857,0.000564555288,0.00225064182,0.000814168947,0.00268879579,0.00132268143,0.00108695833,0,0,0,0,0,0,0,0,0,0,0,0,0,0,0,0,0,0,0,0,0,0,0,0
1031,10.453000,3,1,1,0,0,3.51226807,3.51013184,3.50524902,3.50952148,3.5055542,3.51623535,3.50952148,3.50341797,3.48846436,3.48510742,3.49060059,3.47564697,3.4765625,3.47229004,3.48358154,3.49060059,0.00610110629,0.00609416422,0.00562457228,0.00665989984,0.00646167994,0.00587591343,0.00567442179,0.00670041423,0.00625041686,0.00452506868,0.00366627472,0.00508604106,0.00484462269,0.00543973874,0.00466028042,0.00495332619,0,0,0,0,0,0,0,0,0,0,0,0,0,0,0,0,0,0,0,0,0,0,0,0
1032,10.453000,3,1,1,0,0,3.50769043,3.50494385,3.50097656,3.50463867,3.49975586,3.51043701,3.50402832,3.49884033,3.48266602,3.48327637,3.48388672,3.47198486,3.46954346,3.46496582,3.47747803,3.48602295,-0.00153741741,-0.00259920512,-0.00213186815,-0.00231949426,-0.00177280058,-0.0023826356,-0.00272202119,-0.00194109627,-0.00176830706,-0.00138004031,-0.00111413887,-0.00164212298,-0.00106124324,-0.00187585247,-0.00216267444,-0.00112408178,0,0,0,0,0,0,0,0,0,0,0,0,0,0,0,0,0,0,0,0,0,0,0,0
1033,10.453000,3,1,1,0,0,3.51074219,3.50616455,3.50372314,3.50799561,3.50189209,3.51226807,3.50799561,3.50189209,3.48937988,3.4854126,3.49182129,3.4765625,3.47503662,3.47106934,3.48144531,3.48907471,-0.00161530823,-0.00217814953,-0.0020398139,-0.00268227863,-0.00146092405,-0.00147888134,-0.00239808159,-0.0022113733,-0.00239048409,-0.00306300493,-0.00266823266,-0.00232321862,-0.00294925785,-0.00314780953,-0.00331140775,-0.00424117316,0,0,0,0,0,0,0,0,0,0,0,0,0,0,0,0,0,0,0,0,0,0,0,0
1034,10.453000,3,1,1,0,0,3.51837158,3.515625,3.51257324,3.51531982,3.51043701,3.51989746,3.51593018,3.51013184,3.49700928,3.49578857,3.49884033,3.48571777,3.48175049,3.47747803,3.48754883,3.4967041,0.0048101414,0.00443088403,0.00459106732,0.00421250286,0.00434103468,0.00392001029,0.00445523579,0.00415352918,0.00321063492,0.00350977597,0.00170925679,0.00319571514,0.0030730532,0.00333404541,0.0023163741,0.00248574605,0,0,0,0,0,0,0,0,0,0,0,0,0,0,0,0,0,0,0,0,0,0,0,0
1035,10.453000,3,1,1,0,0,3.51165771,3.50830078,3.5055542,3.50891113,3.50280762,3.51501465,3.51013184,3.50250244,3.49212646,3.49060059,3.49334717,3.48052979,3.47961426,3.47412109,3.4866333,3.49090576,-0.00338558783,-0.00307650212,-0.00279621012,-0.00293315365,-0.00280171749,-0.00225625094,-0.00273730373,-0.00252582831,-0.00161929498,-0.0012766351,-0.00280842697,-0.0021331436,-0.00168119289,-0.00118553406,-0.00213610684,-0.00245373556,0,0,0,0,0,0,0,0,0,0,0,0,0,0,0,0,0,0,0,0,0,0,0,0
1036,10.453000,3,1,1,0,0,3.50799561,3.5055542,3.50128174,3.50494385,3.50036621,3.50952148,3.50311279,3.49884033,3.4866333,3.48602295,3.487854,3.4753418,3.47076416,3.46832275,3.4777832,3.48846436,-0.000198486552,-0.000106715306,-8.55579856e-05,-0.000417225034,-0.000564700807,-0.0015063429,-0.000607926748,-0.000512096682,4.81315074e-05,5.77134779e-05,0.000891039439,-0.000237979199,6.38188212e-05,-0.000181233918,-9.83136124e-05,0.00120396318,0,0,0,0,0,0,0,0,0,0,0,0,0,0,0,0,0,0,0,0,0,0,0,0
1037,10.625000,3,1,1,0,0,3.51226807,3.50921631,3.50585938,3.50952148,3.5043335,3.51531982,3.51013184,3.50341797,3.49090576,3.49151611,3.49273682,3.48114014,3.47991943,3.47412109,3.48602295,3.4942627,0.00167824444,0.00186473841,0.00189773738,0.00173567573,0.00225991709,0.00222507655,0.00258908351,0.00160129508,0.00283395499,0.00365750957,0.00335988356,0.00341574848,0.00405968167,0.00176687574,0.00364667689,0.00424753362,0,0,0,0,0,0,0,0,0,0,0,0,0,0,0,0,0,0,0,0,0,0,0,0
1038,10.625000,3,1,1,0,0,3.50799561,3.50494385,3.50158691,3.5055542,3.49914551,3.50952148,3.50463867,3.49914551,3.48358154,3.48571777,3.48510742,3.47473145,3.47106934,3.46832275,3.47747803,3.48693848,0.000668496825,0.000908175425,0.000567378185,0.000748434511,0.000373540737,0.000458323746,-0.000197223941,0.000452703825,-0.000205844699,0.000367220055,-0.00082746672,0.000120422861,-0.000474953908,0.000307904906,-0.000891164294,0.000476646645,0,0,0,0,0,0,0,0,0,0,0,0,0,0,0,0,0,0,0,0,0,0,0,0
1039,10.625000,3,1,1,0,0,3.50585938,3.50280762,3.49975586,3.50280762,3.4979248,3.50769043,3.50189209,3.4967041,3.48632812,3.48449707,3.48449707,3.47259521,3.46954346,3.465271,3.4765625,3.48571777,0.00449697673,0.00443699025,0.00518277055,0.00487854285,0.00530782947,0.00443843892,0.00401291996,0.00392641639,0.00583271682,0.00609844876,0.0047751572,0.00545365689,0.00461631268,0.003974427,0.00453659659,0.00434951158,0,0,0,0,0,0,0,0,0,0,0,0,0,0,0,0,0,0,0,0,0,0,0,0
1040,10.625000,3,1,1,0,0,3.52111816,3.515625,3.5144043,3.51715088,3.51196289,3.52081299,3.51776123,3.51226807,3.4979248,3.49487305,3.49975586,3.48571777,3.48327637,3.48083496,3.49182129,3.49975586,-0.000795961358,-0.00158031401,-0.002002083,-0.00265784049,-0.00179701275,-0.00225787563,-0.00177822029,-0.00114410871,-0.0029860693,-0.00374458125,-0.00360315992,-0.00376886199,-0.00324159907,-0.0037002461,-0.00286955293,-0.00136626058,0,0,0,0,0,0,0,0,0,0,0,0,0,0,0,0,0,0,0,0,0,0,0,0
1041,10.625000,3,1,1,0,0,3.51318359,3.51074219,3.50708008,3.50952148,3.50585938,3.51593018,3.51043701,3.50280762,3.49304199,3.49243164,3.49487305,3.48175049,3.48022461,3.47412109,3.48632812,3.49487305,-0.00325243501,-0.00312179606,-0.00334206922,-0.0027238084,-0.00320056872,-0.0032971492,-0.00211126544,-0.00359010324,-0.000573860831,-0.00228347606,-0.00128834753,-0.0020950858,-0.000596112979,-0.000991428504,-0.000883941771,-0.00103654922,0,0,0,0,0,0,0,0,0,0,0,0,0,0,0,0,0,0,0,0,0,0,0,0
1042,10.625000,3,1,1,0,0,3.5144043,3.51226807,3.50860596,3.51257324,3.50769043,3.51837158,3.51135254,3.5067749,3.49243164,3.49090576,3.49334717,3.47991943,3.47839355,3.47290039,3.4854126,3.48968506,0.007127502,0.00810931902,0.00772632658,0.00829292461,0.00834920723,0.00866998453,0.00776725449,0.00741707254,0.00811422523,0.00814874936,0.00743005564,0.00628920086,0.00694951229,0.00735192234,0.00815010816,0.00579690468,0,0,0,0,0,0,0,0,0,0,0,0,0,0,0,0,0,0,0,0,0,0,0,0
1043,10.625000,3,1,1,0,0,3.50952148,3.50616455,3.50311279,3.50616455,3.50128174,3.51074219,3.50646973,3.50036621,3.48876953,3.48632812,3.49060059,3.4765625,3.47595215,3.47229004,3.48205566,3.49029541,0.00608264515,0.00515553402,0.00562893646,0.00675996672,0.00540822558,0.00537705887,0.00656949449,0.00634366134,0.00920723844,0.00774261216,0.00859307684,0.00827541854,0.00935790315,0.00780143263,0.00804996397,0.00708971592,0,0,0,0,0,0,0,0,0,0,0,0,0,0,0,0,0,0,0,0,0,0,0,0
1044,10.625000,3,1,1,0,0,3.51165771,3.51074219,3.50494385,3.50891113,3.50341797,3.51593018,3.51013184,3.50402832,3.48907471,3.4866333,3.49029541,3.47930908,3.47595215,3.47229004,3.48236084,3.49121094,-0.000633942895,0.000180884803,-0.000641819497,-0.000692762726,-3.34362267e-05,0.000762095035,0.000625247776,0.000551563571,-0.00235445588,-0.00198749895,-0.00261552399,-0.00212841178,-0.00281365612,-0.00275148684,-0.0026074124,-0.00182300946,0,0,0,0,0,0,0,0,0,0,0,0,0,0,0,0,0,0,0,0,0,0,0,0
1045,10.625000,3,1,1,0,0,3.50250244,3.50006104,3.4967041,3.50006104,3.49609375,3.50616455,3.50158691,3.49456787,3.48236084,3.48175049,3.48449707,3.47167969,3.47015381,3.46496582,3.47747803,3.48480225,-0.00126353407,-0.00146302814,-0.0015293688,-0.00159983162,-0.00174186379,-0.00101716793,-0.0010384958,-0.00116287475,-0.000870717515,-0.0018092976,-0.000289082847,-0.00120790629,-0.000944944273,-0.00134009949,-0.000345887063,-0.00089665805,0,0,0,0,0,0,0,0,0,0,0,0,0,0,0,0,0,0,0,0,0,0,0,0
1046,10.625000,3,1,1,0,0,3.51654053,3.51348877,3.51013184,3.51470947,3.50891113,3.51959229,3.51287842,3.50738525,3.49212646,3.49395752,3.4942627,3.48175049,3.48022461,3.47351074,3.48754883,3.49517822,0.00723752193,0.00677997665,0.00719736144,0.00719859079,0.00664238259,0.00595281413,0.00646009529,0.00665678456,0.00736465864,0.00794651452,0.00873072818,0.00682787783,0.00777254067,0.00719515095,0.00872043986,0.00798338279,0,0,0,0,0,0,0,0,0,0,0,0,0,0,0,0,0,0,0,0,0,0,0,0
1047,10.625000,3,1,1,0,0,3.51104736,3.50860596,3.5043335,3.50952148,3.50463867,3.51623535,3.51074219,3.50250244,3.487854,3.4866333,3.48968506,3.47564697,3.4753418,3.47229004,3.48266602,3.48968506,0.00411847234,0.00373480422,0.0039041792,0.00458456762,0.00413704431,0.00378047582,0.00509897014,0.00396559946,0.00358941732,0.00370411761,0.00500810146,0.00423467578,0.00381876854,0.00413424475,0.00304738246,0.00407128176,0,0,0,0,0,0,0,0,0,0,0,0,0,0,0,0,0,0,0,0,0,0,0,0
1048,10.625000,3,1,1,0,0,3.51867676,3.51531982,3.51135254,3.51593018,3.51043701,3.51989746,3.5144043,3.50891113,3.49639893,3.49487305,3.49853516,3.48449707,3.48297119,3.47869873,3.487854,3.4979248,0.0069013196,0.00683797244,0.0067089661,0.00653659599,0.00678892853,0.00645600446,0.00688749971,0.00699039223,0.00749248778,0.00661621243,0.00732634729,0.00659327721,0.00597171579,0.00564569002,0.00547838677,0.00700317509,0,0,0,0,0,0,0,0,0,0,0,0,0,0,0,0,0,0,0,0,0,0,0,0
1049,10.625000,3,1,1,0,0,3.52081299,3.51715088,3.51470947,3.51837158,3.51135254,3.52294922,3.51837158,3.51135254,3.49761963,3.49517822,3.50036621,3.4854126,3.4854126,3.48052979,3.49273682,3.50036621,0.000235028332,-0.000258774671,0.000265182578,-7.53499335e-05,-0.000940263853,-0.00110599631,-0.000726826722,-0.000312314893,-0.000524577219,0.000288374955,0.000544757,0.000197300687,-0.000623480708,0.000978277531,-0.00132460264,0.00167733163,0,0,0,0,0,0,0,0,0,0,0,0,0,0,0,0,0,0,0,0,0,0,0,0
1050,10.625000,3,1,1,0,0,3.52050781,3.51531982,3.51348877,3.51806641,3.51104736,3.52142334,3.51745605,3.51165771,3.4979248,3.49456787,3.50189209,3.4866333,3.48510742,3.48022461,3.49212646,3.49914551,0.00349530275,0.00305516785,0.00347209023,0.00439344347,0.00302152336,0.00374554144,0.00382804684,0.00367091596,0.0041841981,0.00334498845,0.00471290993,0.003932897,0.00422037812,0.00302037178,0.00410060724,0.00347118475,0,0,0,0,0,0,0,0,0,0,0,0,0,0,0,0,0,0,0,0,0,0,0,0
1051,10.625000,3,1,1,0,0,3.51715088,3.51287842,3.51135254,3.5144043,3.50952148,3.51959229,3.51470947,3.50769043,3.49273682,3.49456787,3.49884033,3.4854126,3.48388672,3.47717285,3.49121094,3.49853516,0.00838919543,0.00882718246,0.00835441984,0.00851546228,0.00867478736,0.00817733631,0.00882679876,0.00911920518,0.00834439695,0.00840579346,0.0104492642,0.0101274755,0.0101982756,0.00939395092,0.00998014957,0.00957613625,0,0,0,0,0,0,0,0,0,0,0,0,0,0,0,0,0,0,0,0,0,0,0,0
1052,10.625000,3,1,1,0,0,3.51135254,3.50799561,3.50494385,3.50891113,3.50158691,3.51379395,3.50921631,3.50280762,3.48754883,3.48480225,3.48632812,3.4753418,3.4753418,3.47015381,3.48205566,3.48846436,-0.00337490463,-0.00249260175,-0.00337991607,-0.00263544125,-0.00298197195,-0.00307529396,-0.00220310758,-0.00331327645,-0.00223249174,-0.0036812732,-0.00292860693,-0.00311230053,-0.00237803347,-0.00317052542,-0.00240588048,-0.00376690854,0,0,0,0,0,0,0,0,0,0,0,0,0,0,0,0,0,0,0,0,0,0,0,0
1053,10.625000,3,1,1,0,0,3.50341797,3.50097656,3.49639893,3.49975586,3.49578857,3.5067749,3.50036621,3.49304199,3.48266602,3.47961426,3.48419189,3.47076416,3.46984863,3.46313477,3.47564697,3.48144531,0.000673003262,0.00174351409,0.000352619914,0.00038544077,0.00181647437,0.00121917273,0.00144463056,0.000856116996,0.00169590791,0.00147585385,0.00242946949,0.00103405328,0.00211082306,0.00156703196,0.00126645365,-0.000277978601,0,0,0,0,0,0,0,0,0,0,0,0,0,0,0,0,0,0,0,0,0,0,0,0
1054,10.797000,3,1,1,0,0,3.50921631,3.50494385,3.50280762,3.50585938,3.49945068,3.50982666,3.50585938,3.49975586,3.4866333,3.4866333,3.48846436,3.47473145,3.47198486,3.46923828,3.48052979,3.48815918,-0.00519323722,-0.00485711079,-0.00493792212,-0.00506442599,-0.00576676475,-0.00489137508,-0.0041171941,-0.00490361685,-0.00386668043,-0.00482889218,-0.00367170759,-0.00629279483,-0.00497084716,-0.00369340042,-0.00448880484,-0.00504792109,0,0,0,0,0,0,0,0,0,0,0,0,0,0,0,0,0,0,0,0,0,0,0,0
1055,10.797000,3,1,1,0,0,3.51745605,3.51470947,3.51043701,3.51409912,3.50952148,3.51898193,3.51379395,3.50769043,3.49182129,3.49243164,3.49395752,3.48388672,3.48083496,3.47412109,3.48602295,3.49487305,0.00644970173,0.0063831904,0.00593531411,0.00708361715,0.00681897439,0.00727920746,0.00590519048,0.00560592907,0.00475619826,0.00530490465,0.00510522351,0.00519406423,0.00613103155,0.00475517521,0.00535529945,0.0042700069,0,0,0,0,0,0,0,0,0,0,0,0,0,0,0,0,0,0,0,0,0,0,0,0
1056,10.797000,3,1,1,0,0,3.51470947,3.51165771,3.50708008,3.51104736,3.50646973,3.51776123,3.51196289,3.50494385,3.49090576,3.49090576,3.49395752,3.47961426,3.47869873,3.47351074,3.48419189,3.48968506,-0.00337731768,-0.00216963631,-0.00380891841,-0.00403230917,-0.00271025323,-0.00245517259,-0.00225619203,-0.00293727499,-0.0021389199,-0.00298925187,-0.00212859968,-0.00317154941,-0.00221522246,-0.00231344765,-0.00335324951,-0.00322163315,0,0,0,0,0,0,0,0,0,0,0,0,0,0,0,0,0,0,0,0,0,0,0,0
1057,10.797000,3,1,1,0,0,3.51074219,3.50738525,3.50524902,3.50952148,3.50250244,3.51470947,3.50952148,3.50311279,3.49121094,3.49029541,3.49365234,3.48083496,3.47930908,3.47351074,3.48571777,3.49029541,-0.00258953799,-0.00273938524,-0.00301346276,-0.00199214881,-0.00288800476,-0.0024592937,-0.00281513063,-0.00261724694,-0.00167650206,-0.000627049187,-0.0016169321,-2.55103805e-05,-0.0013364926,-0.00198490405,-0.00168420514,-0.00107963861,0,0,0,0,0,0,0,0,0,0,0,0,0,0,0,0,0,0,0,0,0,0,0,0
1058,10.797000,3,1,1,0,0,3.52142334,3.51837158,3.51409912,3.51837158,3.51348877,3.52478027,3.51928711,3.51257324,3.49884033,3.49639893,3.50250244,3.48571777,3.48632812,3.48175049,3.49334717,3.49975586,0.00190162822,0.00244572992,0.00259894645,0.00231295382,0.00284979539,0.00313639129,0.00207388122,0.00255702622,0.00257838867,0.002201478,0.00388402469,0.00220160582,0.00331835169,0.00288050179,0.00434794417,0.00275333994,0,0,0,0,0,0,0,0,0,0,0,0,0,0,0,0,0,0,0,0,0,0,0,0
1059,10.797000,3,1,1,0,0,3.50646973,3.50372314,3.50036621,3.50372314,3.4979248,3.50860596,3.50250244,3.49822998,3.48205566,3.48266602,3.48449707,3.47229004,3.47106934,3.46496582,3.47717285,3.48632812,0.0017709675,0.00200138288,0.00169395481,0.00166332745,0.00192221068,0.00152176956,0.00151436892,0.00233019027,0.000563262554,0.00166849291,0.00010008266,0.00129576353,0.00202341843,0.000328511815,0.00117392233,0.00206118869,0,0,0,0,0,0,0,0,0,0,0,0,0,0,0,0,0,0,0,0,0,0,0,0
1060,10.797000,3,1,1,0,0,3.51379395,3.51074219,3.50585938,3.51013184,3.50616455,3.515625,3.51104736,3.50402832,3.49060059,3.48999023,3.49121094,3.48052979,3.47869873,3.47259521,3.48632812,3.49121094,0.00373711972,0.00489296392,0.00460596755,0.0035674409,0.00472097332,0.00524189137,0.00376065099,0.00475172326,0.00349009875,0.00329802278,0.00252790144,0.00377315423,0.00416363636,0.00267608836,0.00379976002,0.00363968615,0,0,0,0,0,0,0,0,0,0,0,0,0,0,0,0,0,0,0,0,0,0,0,0
1061,10.797000,3,1,1,0,0,3.52081299,3.51623535,3.5144043,3.51837158,3.51104736,3.52172852,3.51776123,3.51196289,3.49761963,3.4954834,3.49975586,3.48449707,3.48449707,3.47991943,3.49121094,3.50006104,-0.000838290784,-0.00150712975,-0.000120546982,-0.00119669863,-0.000915253127,-0.00118063565,-0.000396897784,-0.00146836741,-0.00125832704,-0.000839886838,-0.00069283566,-0.00140147482,-0.000538893219,-0.000643674342,-0.000240770256,0.000839976186,0,0,0,0,0,0,0,0,0,0,0,0,0,0,0,0,0,0,0,0,0,0,0,0
1062,10.797000,3,1,1,0,0,3.50982666,3.50524902,3.50402832,3.50646973,3.50006104,3.51074219,3.5067749,3.50036621,3.48876953,3.48693848,3.49304199,3.47625732,3.47747803,3.47259521,3.48327637,3.49090576,0.00183639536,0.0012745579,0.00175506796,0.00192217855,0.000921778381,0.000969243178,0.000968669541,0.00110089115,0.00063566264,0.000450509979,0.00158897508,0.000515063875,0.000837034488,0.00172694121,0.00123214023,-0.00103198888,0,0,0,0,0,0,0,0,0,0,0,0,0,0,0,0,0,0,0,0,0,0,0,0
1063,10.797000,3,1,1,0,0,3.50952148,3.50494385,3.50341797,3.50646973,3.50158691,3.51013184,3.50646973,3.49975586,3.48724365,3.48602295,3.48846436,3.47503662,3.47167969,3.46832275,3.47808838,3.48876953,-0.00100020459,-0.000611945638,-0.000906285539,-0.00101703289,-1.90840219e-05,-0.00110383006,-0.000916806865,-0.00153580005,0.000102059916,0.00060578587,-0.0011823324,-2.37387139e-05,-0.000865332549,-0.00103618111,-9.79875913e-05,-0.000715405098,0,0,0,0,0,0,0,0,0,0,0,0,0,0,0,0,0,0,0,0,0,0,0,0
1064,10.797000,3,1,1,0,0,3.51013184,3.50708008,3.50494385,3.50921631,3.50219727,3.51226807,3.50830078,3.50158691,3.49060059,3.48968506,3.49334717,3.48052979,3.47900391,3.47381592,3.48571777,3.49121094,0.00144415232,0.00146406912,0.000789653044,0.000605768641,0.00119376904,0.00109204464,0.000412952737,0.00162464625,0.00138910499,0.000928879832,0.00153005577,0.0022799971,0.000485353288,0.00133661809,0.00121595769,0.00147192855,0,0,0,0,0,0,0,0,0,0,0,0,0,0,0,0,0,0,0,0,0,0,0,0
1065,10.797000,3,1,1,0,0,3.51745605,3.51470947,3.51135254,3.5144043,3.50982666,3.51959229,3.51409912,3.50830078,3.49609375,3.49609375,3.49914551,3.48602295,3.48266602,3.47717285,3.48754883,3.49700928,0.00894087274,0.00875622965,0.00751493871,0.00795270968,0.00906286109,0.00876921508,0.00875460729,0.00807012804,0.00751283579,0.00881919544,0.00889984146,0.00749269407,0.00841304753,0.00765814632,0.00743715372,0.00834905356,0,0,0,0,0,0,0,0,0,0,0,0,0,0,0,0,0,0,0,0,0,0,0,0
1066,10.797000,3,1,1,0,0,3.51776123,3.5144043,3.51135254,3.51470947,3.50952148,3.51898193,3.51470947,3.50860596,3.49639893,3.49487305,3.49914551,3.48449707,3.48175049,3.47839355,3.49090576,3.49639893,0.00332762813,0.00289626,0.00326162716,0.00381673034,0.00379195926,0.00351760141,0.00350655522,0.00341072306,0.00519087305,0.00364144216,0.00580920838,0.00498838304,0.00452954788,0.00408153748,0.00519033335,0.00271129096,0,0,0,0,0,0,0,0,0,0,0,0,0,0,0,0,0,0,0,0,0,0,0,0
1067,10.797000,3,1,1,0,0,3.50524902,3.50158691,3.49884033,3.50189209,3.49700928,3.50738525,3.50189209,3.49517822,3.48205566,3.48449707,3.48571777,3.47473145,3.47106934,3.46862793,3.4777832,3.48602295,0.0038241595,0.00402941601,0.00467588427,0.00433192821,0.00386383687,0.00327524031,0.0043425546,0.00366006722,0.00434672972,0.00401445851,0.00416427758,0.00467766076,0.00464924052,0.0053852275,0.0052610347,0.00507606985,0,0,0,0,0,0,0,0,0,0,0,0,0,0,0,0,0,0,0,0,0,0,0,0
1068,10.797000,3,1,1,0,0,3.52050781,3.51593018,3.51409912,3.51867676,3.51135254,3.52172852,3.51806641,3.51196289,3.49731445,3.49517822,3.49945068,3.48480225,3.48480225,3.47991943,3.49273682,3.49914551,0.00914355181,0.00834407099,0.00889513362,0.0094759129,0.0087518841,0.00897815265,0.00923665985,0.00922326744,0.00840343907,0.00883327331,0.0100069465,0.00876901485,0.00825129077,0.00876766443,0.0102072516,0.00892830826,0,0,0,0,0,0,0,0,0,0,0,0,0,0,0,0,0,0,0,0,0,0,0,0
1069,10.797000,3,1,1,0,0,3.51593018,3.51287842,3.51074219,3.51348877,3.50799561,3.51928711,3.51196289,3.50799561,3.49212646,3.49395752,3.49304199,3.48388672,3.48083496,3.47381592,3.4866333,3.49517822,-0.00296260999,-0.00299800071,-0.0027605237,-0.00345027633,-0.00336777931,-0.00308788661,-0.0036805477,-0.00279954844,-0.00500366231,-0.00359760132,-0.00442910846,-0.0044686473,-0.00532902218,-0.00479594665,-0.0041760169,-0.0039111278,0,0,0,0,0,0,0,0,0,0,0,0,0,0,0,0,0,0,0,0,0,0,0,0
1070,10.797000,3,1,1,0,0,3.51409912,3.51165771,3.50891113,3.51165771,3.50708008,3.51654053,3.51104736,3.5055542,3.49273682,3.49243164,3.49334717,3.48144531,3.47869873,3.47412109,3.48693848,3.49517822,0.00495230546,0.00476303464,0.00466718758,0.00513047352,0.00492662657,0.00394626753,0.00484587159,0.00432235748,0.0044325511,0.00515035866,0.00368160079,0.00456138002,0.00312769995,0.00364625081,0.00429176819,0.0049395347,0,0,0,0,0,0,0,0,0,0,0,0,0,0,0,0,0,0,0,0,0,0,0,0
1071,10.969000,3,1,1,0,0,3.50769043,3.50463867,3.50128174,3.5043335,3.49975586,3.51043701,3.50372314,3.49884033,3.48571777,3.48449707,3.48449707,3.47473145,3.46954346,3.46496582,3.47839355,3.48602295,-0.000217484805,-0.000290997443,-1.32711721e-05,-0.000135231065,-0.000986152329,-0.000166763581,-0.000692888978,-4.29913634e-05,-0.00113429071,-0.000630605966,-0.00407769997,-0.00159426045,-0.00132999022,-0.00207341439,-0.00349445781,2.49547302e-05,0,0,0,0,0,0,0,0,0,0,0,0,0,0,0,0,0,0,0,0,0,0,0,0
1072,10.969000,3,1,1,0,0,3.51776123,3.51470947,3.51165771,3.515625,3.51013184,3.51898193,3.51318359,3.50830078,3.49731445,3.49578857,3.49945068,3.48602295,3.48266602,3.47839355,3.487854,3.49914551,0.00798834208,0.00790734962,0.00723215519,0.00733480323,0.0086782407,0.00776371639,0.00773521792,0.00755861867,0.00767963566,0.00836066809,0.00810196158,0.00828887429,0.00813647825,0.00747958338,0.00825503189,0.0097737778,0,0,0,0,0,0,0,0,0,0,0,0,0,0,0,0,0,0,0,0,0,0,0,0
1073,10.969000,3,1,1,0,0,3.515625,3.51348877,3.50952148,3.51318359,3.50738525,3.51837158,3.51379395,3.50646973,3.49182129,3.49090576,3.49304199,3.48083496,3.47869873,3.47473145,3.48602295,3.49121094,0.00399397453,0.00474330503,0.00463159475,0.0039062812,0.00341488514,0.00289723952,0.00359626813,0.00409896532,0.00382017996,0.00347796362,0.00323061273,0.00285648229,0.00324412226,0.00398723688,0.00396470912,0.00370392017,0,0,0,0,0,0,0,0,0,0,0,0,0,0,0,0,0,0,0,0,0,0,0,0
1074,10.969000,3,1,1,0,0,3.51135254,3.50646973,3.50494385,3.50830078,3.50158691,3.51165771,3.50830078,3.50189209,3.49029541,3.48693848,3.49365234,3.47686768,3.47839355,3.47351074,3.48480225,3.48907471,-0.00177753274,-0.00168169581,-0.000953844632,-0.00162671285,-0.00247629476,-0.00243149116,-0.00193145941,-0.0014691439,0.000128451036,-0.00120013067,0.00202532252,-0.000579753891,0.000617723272,-1.23080099e-05,0.000565570197,-0.00024706882,0,0,0,0,0,0,0,0,0,0,0,0,0,0,0,0,0,0,0,0,0,0,0,0
1075,10.969000,3,1,1,0,0,3.51898193,3.51531982,3.51257324,3.51654053,3.51074219,3.52020264,3.51623535,3.50921631,3.49609375,3.49456787,3.49945068,3.4854126,3.48236084,3.47900391,3.49182129,3.49822998,0.00394277181,0.00415234314,0.00367888925,0.00385113084,0.00442318711,0.00410520984,0.00480292505,0.00380332558,0.00355841359,0.00347805955,0.00313537475,0.00348003651,0.00312335161,0.00392385572,0.00306942733,0.00299651665,0,0,0,0,0,0,0,0,0,0,0,0,0,0,0,0,0,0,0,0,0,0,0,0
1076,10.969000,3,1,1,0,0,3.50830078,3.50524902,3.50189209,3.50524902,3.50006104,3.50982666,3.50585938,3.49975586,3.48693848,3.48510742,3.48968506,3.47625732,3.47473145,3.46923828,3.48175049,3.48907471,0.0030727603,0.00305674225,0.00306362915,0.00256045978,0.00274522509,0.00315039465,0.0020161001,0.00227152021,0.00145381992,0.00291982829,0.00295097148,0.00345765543,0.00178905413,0.00100059016,0.00149968266,0.0032411234,0,0,0,0,0,0,0,0,0,0,0,0,0,0,0,0,0,0,0,0,0,0,0,0
1077,10.969000,3,1,1,0,0,3.50646973,3.50372314,3.50006104,3.50219727,3.49884033,3.50952148,3.50280762,3.49822998,3.48571777,3.48480225,3.48480225,3.47503662,3.47045898,3.4677124,3.47747803,3.48602295,-0.0023172833,-0.00099866942,-0.00149932911,-0.00309609296,-0.00144829194,-0.00147729972,-0.00172347086,-0.00162213645,-0.000785477459,9.97339375e-05,-0.000425450504,1.15479343e-05,-0.000668592402,-0.00152551872,-0.000403257553,0.000237006694,0,0,0,0,0,0,0,0,0,0,0,0,0,0,0,0,0,0,0,0,0,0,0,0
1078,10.969000,3,1,1,0,0,3.51165771,3.50830078,3.50708008,3.51074219,3.50341797,3.51531982,3.51013184,3.50402832,3.49212646,3.49060059,3.49273682,3.48175049,3.48022461,3.47412109,3.48602295,3.49121094,0.0041948529,0.00420585135,0.00471111061,0.00497305626,0.00502971467,0.00465549342,0.00479012216,0.00446535833,0.00645685755,0.00591749046,0.00536388019,0.00557046756,0.00590367708,0.0043894886,0.00530757383,0.00329057314,0,0,0,0,0,0,0,0,0,0,0,0,0,0,0,0,0,0,0,0,0,0,0,0
1079,10.969000,3,1,1,0,0,3.51593018,3.51318359,3.50952148,3.51379395,3.50860596,3.51898193,3.51196289,3.50738525,3.49639893,3.49487305,3.4979248,3.48480225,3.47991943,3.47625732,3.487854,3.49609375,0.00932609849,0.00922539085,0.00930038281,0.00940018147,0.00976131577,0.00964481663,0.00849569961,0.00850600749,0.00853036437,0.00886053033,0.00792737678,0.0083173858,0.00820748601,0.00842467695,0.00856771041,0.0103076752,0,0,0,0,0,0,0,0,0,0,0,0,0,0,0,0,0,0,0,0,0,0,0,0
1080,10.969000,3,1,1,0,0,3.51074219,3.50830078,3.5055542,3.50952148,3.50219727,3.51501465,3.50982666,3.50341797,3.49121094,3.49060059,3.49395752,3.48083496,3.47900391,3.47320557,3.48602295,3.48937988,0.0034586573,0.00362525415,0.0039397995,0.00344899925,0.00343735516,0.00366100529,0.00247742143,0.00405614171,0.0043662861,0.00451478641,0.00378591893,0.00563812908,0.00378985004,0.00337848999,0.00500218337,0.00449035317,0,0,0,0,0,0,0,0,0,0,0,0,0,0,0,0,0,0,0,0,0,0,0,0
1081,10.969000,3,1,1,0,0,3.50006104,3.49639893,3.4942627,3.49700928,3.49243164,3.50097656,3.49731445,3.49060059,3.48052979,3.47808838,3.48266602,3.47045898,3.46679688,3.46405029,3.47503662,3.48022461,-0.00207646145,-0.00278027216,-0.00242492347,-0.00252189999,-0.00217977283,-0.00319462409,-0.00205905712,-0.00204214803,0.000279063039,-0.000894616358,0.000139954413,-6.56451739e-05,-0.000760544848,-0.000323277869,-0.00190180435,0.000272601144,0,0,0,0,0,0,0,0,0,0,0,0,0,0,0,0,0,0,0,0,0,0,0,0
1082,10.969000,3,1,1,0,0,3.51074219,3.5067749,3.50494385,3.50738525,3.50128174,3.51165771,3.50799561,3.50250244,3.49029541,3.48602295,3.49121094,3.48022461,3.47930908,3.47351074,3.48297119,3.48999023,0.00191958586,0.00147982477,0.00228880602,0.00165582797,0.00114550395,0.00104670937,0.00138397992,0.00178287935,0.00296020042,0.00136672112,0.00287070568,0.00243373634,0.00366425002,0.00265365373,0.00157354702,0.00277500623,0,0,0,0,0,0,0,0,0,0,0,0,0,0,0,0,0,0,0,0,0,0,0,0
1083,10.969000,3,1,1,0,0,3.51104736,3.50860596,3.5055542,3.51013184,3.50341797,3.515625,3.51013184,3.50372314,3.48846436,3.4866333,3.49029541,3.47625732,3.4753418,3.47259521,3.48236084,3.49029541,0.0052631963,0.00491275825,0.00577828614,0.00626938045,0.0054008374,0.0061938148,0.00511681102,0.00599271245,0.00350794755,0.00526820496,0.00385502307,0.00457579084,0.00370798097,0.00426983088,0.00373242353,0.00547889853,0,0,0,0,0,0,0,0,0,0,0,0,0,0,0,0,0,0,0,0,0,0,0,0
1084,10.969000,3,1,1,0,0,3.50952148,3.50616455,3.50341797,3.50738525,3.50097656,3.50982666,3.50646973,3.50097656,3.49029541,3.4854126,3.49243164,3.47595215,3.4753418,3.47229004,3.48297119,3.49060059,0.00536709744,0.00639410596,0.00640382711,0.00578299863,0.00629832409,0.0049467897,0.00626822002,0.00652712351,0.00577858649,0.00532168057,0.00542666391,0.00546682253,0.00534202997,0.00517605385,0.00550074922,0.00384425791,0,0,0,0,0,0,0,0,0,0,0,0,0,0,0,0,0,0,0,0,0,0,0,0
1085,10.969000,3,1,1,0,0,3.51531982,3.51226807,3.50952148,3.51379395,3.50738525,3.51867676,3.51196289,3.50646973,3.49273682,3.49151611,3.49365234,3.48144531,3.47930908,3.47351074,3.4866333,3.49243164,0.000689040287,0.000992129673,0.000824757153,0.00182743056,-0.000217113236,0.00176676165,0.0014241687,0.0014978759,0.00162268756,0.00154649979,0.00283745513,-0.000108193664,0.00181730255,0.00128347916,0.00183646847,0.000435703696,0,0,0,0,0,0,0,0,0,0,0,0,0,0,0,0,0,0,0,0,0,0,0,0
1086,10.969000,3,1,1,0,0,3.51898193,3.515625,3.51135254,3.51623535,3.51074219,3.51989746,3.51654053,3.50982666,3.4954834,3.49517822,3.4979248,3.4854126,3.47961426,3.47808838,3.48693848,3.49639893,0.00628415262,0.00680832658,0.00580771035,0.00649750046,0.00692864647,0.0061627496,0.00744346622,0.00640892889,0.00486344704,0.00530449161,0.00508370157,0.00514115347,0.00479090353,0.00350371306,0.00483598746,0.00452537928,0,0,0,0,0,0,0,0,0,0,0,0,0,0,0,0,0,0,0,0,0,0,0,0
1087,10.969000,3,1,1,0,0,3.52142334,3.51837158,3.51501465,3.51898193,3.51196289,3.52416992,3.51989746,3.51226807,3.49822998,3.49517822,3.50036621,3.48510742,3.4854126,3.48175049,3.49212646,3.49945068,0.00848956499,0.00904778112,0.00864544977,0.00862850249,0.00833441783,0.00878483616,0.0096270591,0.00831032451,0.0081817843,0.00681380322,0.00879930239,0.00771022309,0.0081016859,0.00821011793,0.0096821608,0.00753902504,0,0,0,0,0,0,0,0,0,0,0,0,0,0,0,0,0,0,0,0,0,0,0,0
1088,11.141000,3,1,1,0,0,3.50585938,3.50280762,3.49884033,3.50250244,3.49761963,3.50891113,3.50097656,3.49731445,3.48144531,3.48205566,3.48297119,3.47167969,3.47015381,3.46313477,3.47686768,3.48480225,-0.0030074371,-0.00326215196,-0.00343690091,-0.00334178517,-0.00385362701,-0.00239636656,-0.00326889567,-0.00300172158,-0.00462422194,-0.00420622714,-0.00532284332,-0.00452936953,-0.00482708681,-0.0055538211,-0.00436635083,-0.00367589924,0,0,0,0,0,0,0,0,0,0,0,0,0,0,0,0,0,0,0,0,0,0,0,0
1089,11.141000,3,1,1,0,0,3.51928711,3.515625,3.51287842,3.51654053,3.51104736,3.52050781,3.51593018,3.51043701,3.49700928,3.49487305,3.49975586,3.48510742,3.48083496,3.47930908,3.49121094,3.49822998,0.00809436664,0.00791814737,0.00850863382,0.00878491532,0.00772751356,0.00745455269,0.0070546167,0.00791682955,0.00829384103,0.00760097057,0.00895518344,0.00802364387,0.00718744379,0.00748553127,0.00752292108,0.00756606739,0,0,0,0,0,0,0,0,0,0,0,0,0,0,0,0,0,0,0,0,0,0,0,0
1090,11.141000,3,1,1,0,0,3.51348877,3.50830078,3.50585938,3.50952148,3.5055542,3.51623535,3.51074219,3.50341797,3.49090576,3.49121094,3.49487305,3.48175049,3.47991943,3.47259521,3.4866333,3.49517822,0.00289116986,0.00189772772,0.00269901892,0.0028870427,0.00225603953,0.00170729251,0.00295393402,0.00297960546,0.00400206447,0.00365851051,0.00433925353,0.00420716405,0.00439818017,0.00335165928,0.00425418792,0.00368660456,0,0,0,0,0,0,0,0,0,0,0,0,0,0,0,0,0,0,0,0,0,0,0,0
1091,11.141000,3,1,1,0,0,3.50921631,3.50646973,3.50341797,3.50769043,3.50128174,3.51074219,3.50738525,3.50036621,3.48907471,3.48632812,3.49121094,3.47686768,3.47564697,3.47259521,3.48327637,3.48999023,0.00624433253,0.00659710076,0.00673124008,0.00649997545,0.0062595061,0.00577163789,0.00620552246,0.00632903539,0.00590452878,0.00749165379,0.00793154165,0.00868695043,0.00544911996,0.00590280956,0.00596677931,0.00742928358,0,0,0,0,0,0,0,0,0,0,0,0,0,0,0,0,0,0,0,0,0,0,0,0
1092,11.141000,3,1,1,0,0,3.51470947,3.51135254,3.50860596,3.51013184,3.50646973,3.51715088,3.51013184,3.50372314,3.49090576,3.49212646,3.49273682,3.48236084,3.47991943,3.47473145,3.48602295,3.49578857,-0.000292796525,-0.000111175003,-0.000368784647,-0.000729707768,-0.000414541224,-0.00036113098,-0.00188076566,-0.001051942,-0.000240817317,-0.00012755848,-0.000700521574,0.000391387264,-7.04628765e-05,-7.35692447e-05,-0.00220577442,0.00038655824,0,0,0,0,0,0,0,0,0,0,0,0,0,0,0,0,0,0,0,0,0,0,0,0
1093,11.141000,3,1,1,0,0,3.51104736,3.50738525,3.50524902,3.50952148,3.50402832,3.5144043,3.50860596,3.50402832,3.49151611,3.487854,3.49365234,3.48052979,3.47839355,3.47320557,3.48632812,3.49121094,-0.00498933392,-0.00537466491,-0.00535189593,-0.00479291892,-0.00537603255,-0.00507288612,-0.00493471138,-0.004490708,-0.00308359135,-0.00302713644,-0.0038417913,-0.00285791536,-0.00285597215,-0.00389475515,-0.00290396996,-0.00288402662,0,0,0,0,0,0,0,0,0,0,0,0,0,0,0,0,0,0,0,0,0,0,0,0
1094,11.141000,3,1,1,0,0,3.51379395,3.51165771,3.50891113,3.51165771,3.50708008,3.51776123,3.51165771,3.50524902,3.49243164,3.4942627,3.4942627,3.48449707,3.48022461,3.47412109,3.48754883,3.4954834,0.00385563355,0.00410995586,0.00405965745,0.00367187336,0.00450934889,0.0044920072,0.00453202194,0.00373888505,0.00457408931,0.00598436501,0.00497869914,0.0063341842,0.0043370747,0.00431362586,0.00582046714,0.0046881428,0,0,0,0,0,0,0,0,0,0,0,0,0,0,0,0,0,0,0,0,0,0,0,0
1095,11.141000,3,1,1,0,0,3.515625,3.51257324,3.50982666,3.51348877,3.50799561,3.51867676,3.51287842,3.50616455,3.49182129,3.49182129,3.49395752,3.48175049,3.47930908,3.47259521,3.48632812,3.49578857,0.00708348537,0.0065012062,0.00686319917,0.00648040324,0.00618060725,0.00655842433,0.00649807509,0.00686923182,0.00601554615,0.00572281331,0.00550527778,0.0059563024,0.00515107112,0.00514988415,0.00604646048,0.00660283351,0,0,0,0,0,0,0,0,0,0,0,0,0,0,0,0,0,0,0,0,0,0,0,0
1096,11.141000,3,1,1,0,0,3.51837158,3.51470947,3.51135254,3.51531982,3.51043701,3.51989746,3.5144043,3.50921631,3.49365234,3.49578857,3.49609375,3.48510742,3.48052979,3.47747803,3.487854,3.49639893,0.00471664686,0.00402925024,0.00499004312,0.00510156434,0.00496413372,0.00448145345,0.00483838748,0.00470465655,0.00557798054,0.00504649058,0.00595136173,0.00656429259,0.00518265553,0.00559080858,0.00521226972,0.0052200309,0,0,0,0,0,0,0,0,0,0,0,0,0,0,0,0,0,0,0,0,0,0,0,0
1097,11.141000,3,1,1,0,0,3.51501465,3.51196289,3.50799561,3.51074219,3.50738525,3.51806641,3.51104736,3.50524902,3.49243164,3.49243164,3.49487305,3.48297119,3.47991943,3.47442627,3.48693848,3.49609375,0.00329216011,0.00344737899,0.00263390387,0.00279383687,0.0036752352,0.00302091916,0.00311193499,0.00266878726,0.00152272941,0.00262240693,0.00163467892,0.00268534059,0.00214268477,0.0026725994,0.00309310947,0.00384287536,0,0,0,0,0,0,0,0,0,0,0,0,0,0,0,0,0,0,0,0,0,0,0,0
1098,11.141000,3,1,1,0,0,3.51287842,3.51013184,3.50616455,3.50982666,3.5055542,3.51593018,3.51074219,3.50372314,3.49151611,3.49121094,3.49304199,3.48083496,3.47869873,3.47412109,3.48693848,3.49212646,0.000625368906,-9.66811785e-05,0.000979026081,0.000246846816,0.000663305982,0.000427845167,0.000423614052,0.00030294375,0.00308976416,0.00185200048,0.000902520958,0.0017024898,0.0012672157,0.00183990179,0.00130206242,0.00223178137,0,0,0,0,0,0,0,0,0,0,0,0,0,0,0,0,0,0,0,0,0,0,0,0
1099,11.141000,3,1,1,0,0,3.50921631,3.5055542,3.50250244,3.50769043,3.50097656,3.51104736,3.50708008,3.50097656,3.48297119,3.48480225,3.4854126,3.47595215,3.46984863,3.46862793,3.47808838,3.48693848,-0.000455206493,0.000247085991,2.64890259e-05,0.000473766821,0.000949156005,0.00044524268,0.000173153181,0.000120551966,-0.000794971595,-3.01655382e-05,-0.000866557471,0.000584383903,-0.00180827244,-6.82142563e-05,-0.000550345285,-0.00123588997,0,0,0,0,0,0,0,0,0,0,0,0,0,0,0,0,0,0,0,0,0,0,0,0
1100,11.141000,3,1,1,0,0,3.52020264,3.51654053,3.5144043,3.51898193,3.51165771,3.52233887,3.51867676,3.51165771,3.49884033,3.49578857,3.49975586,3.48510742,3.48571777,3.48114014,3.49243164,3.49884033,0.00659936154,0.00666757394,0.00640044594,0.00779487519,0.00738784159,0.0078669358,0.00812644791,0.00656019105,0.00847207755,0.00758616393,0.00846145954,0.00795949809,0.00920331292,0.00817350298,0.00920064282,0.00611904543,0,0,0,0,0,0,0,0,0,0,0,0,0,0,0,0,0,0,0,0,0,0,0,0
1101,11.141000,3,1,1,0,0,3.515625,3.51287842,3.50952148,3.51348877,3.50769043,3.51867676,3.51379395,3.5067749,3.49243164,3.49151611,3.49365234,3.48052979,3.47900391,3.47259521,3.48602295,3.49395752,-0.00259500393,-0.0014538283,-0.00240870728,-0.00272055995,-0.00215889886,-0.00161839637,-0.00190048316,-0.00228200224,-0.00213908404,-0.00253599184,-0.00328997918,-0.00303963199,-0.00292420085,-0.00396150816,-0.00264212163,-0.00202440005,0,0,0,0,0,0,0,0,0,0,0,0,0,0,0,0,0,0,0,0,0,0,0,0
1102,11.141000,3,1,1,0,0,3.50219727,3.4979248,3.4942627,3.4979248,3.49243164,3.50494385,3.49945068,3.49334717,3.47961426,3.47717285,3.48266602,3.4664917,3.46618652,3.46252441,3.47412109,3.48052979,-0.000718747848,-0.0011006227,-0.00131651724,-0.00276972889,-0.00125594821,-0.000941081671,-0.00222100969,-0.00129675376,-0.00166479265,-0.000453453278,-0.00194625615,-0.000760437106,-0.0022727293,-0.00172493351,-0.00168827316,-0.000700739794,0,0,0,0,0,0,0,0,0,0,0,0,0,0,0,0,0,0,0,0,0,0,0,0
1103,11.141000,3,1,1,0,0,3.51531982,3.51196289,3.50891113,3.51165771,3.50769043,3.5168457,3.51226807,3.50585938,3.49212646,3.49243164,3.49456787,3.48449707,3.47900391,3.47442627,3.48815918,3.4954834,0.00314268377,0.00407812838,0.00374580408,0.00288994377,0.00432031322,0.00355633302,0.00415562605,0.00356488768,0.00474373018,0.00446139369,0.00428769086,0.00552735012,0.00434688572,0.00416611787,0.00491518341,0.00397285493,0,0,0,0,0,0,0,0,0,0,0,0,0,0,0,0,0,0,0,0,0,0,0,0
1104,11.141000,3,1,1,0,0,3.51165771,3.50982666,3.50494385,3.50921631,3.50311279,3.51531982,3.51013184,3.50341797,3.48907471,3.48907471,3.49029541,3.4753418,3.47564697,3.47259521,3.48266602,3.49060059,-0.00099892437,-0.000804342562,-0.00158252707,-0.00167567469,-0.00148517708,-3.83774532e-05,-0.00095000444,-0.000874507823,-0.00144457479,-0.00152699451,-0.00214011502,-0.00308749243,-0.00235020695,-0.00209850655,-0.000860021799,-0.00131951016,0,0,0,0,0,0,0,0,0,0,0,0,0,0,0,0,0,0,0,0,0,0,0,0
1105,11.312000,3,1,1,0,0,3.50738525,3.50494385,3.50158691,3.5043335,3.49945068,3.51013184,3.50341797,3.49884033,3.48602295,3.48602295,3.48571777,3.4753418,3.47106934,3.46923828,3.47808838,3.4866333,0.00289660483,0.00180867244,0.00247595203,0.00230853353,0.00244518439,0.00168758782,0.00172992982,0.00202059746,0.00287289941,0.00268816296,0.00189406669,0.0023861113,0.0027526638,0.0025321967,0.00227018422,0.00213145651,0,0,0,0,0,0,0,0,0,0,0,0,0,0,0,0,0,0,0,0,0,0,0,0
1106,11.312000,3,1,1,0,0,3.50952148,3.50708008,3.50402832,3.50708008,3.50158691,3.51043701,3.50738525,3.50097656,3.48876953,3.4866333,3.49273682,3.47564697,3.47595215,3.47229004,3.48480225,3.49060059,0.00715613039,0.00801657327,0.00760354567,0.00725022471,0.00807917863,0.00809517875,0.00748370076,0.00756511092,0.00671265181,0.0071161855,0.00665016612,0.00688305404,0.00688671088,0.00608521607,0.00755510014,0.00739094708,0,0,0,0,0,0,0,0,0,0,0,0,0,0,0,0,0,0,0,0,0,0,0,0
1107,11.312000,3,1,1,0,0,3.51196289,3.50830078,3.5055542,3.50921631,3.50341797,3.51501465,3.50952148,3.50372314,3.48876953,3.48632812,3.48999023,3.4753418,3.4753418,3.47137451,3.48388672,3.49060059,0.00540610822,0.00515687745,0.0059380671,0.00559676904,0.00486306194,0.00515990611,0.00487964181,0.00519050937,0.00626882492,0.00481718685,0.00618613046,0.00367473485,0.00517469831,0.00566103542,0.00425230199,0.00667358842,0,0,0,0,0,0,0,0,0,0,0,0,0,0,0,0,0,0,0,0,0,0,0,0
1108,11.312000,3,1,1,0,0,3.51928711,3.51593018,3.51287842,3.5168457,3.51043701,3.52081299,3.51593018,3.50952148,3.49578857,3.49487305,3.49487305,3.48510742,3.47930908,3.47839355,3.48815918,3.49822998,0.00370803801,0.00362759549,0.00339541445,0.00272603752,0.00344546302,0.00243257498,0.0023142111,0.00346296839,0.000687880674,0.00158803375,-6.35791221e-05,0.000815714651,0.000302095083,0.000968558481,-0.000935192103,0.0026167538,0,0,0,0,0,0,0,0,0,0,0,0,0,0,0,0,0,0,0,0,0,0,0,0
1109,11.312000,3,1,1,0,0,3.50494385,3.50067139,3.49853516,3.50128174,3.49639893,3.50708008,3.50097656,3.49578857,3.48266602,3.48236084,3.48480225,3.47412109,3.46984863,3.46405029,3.47686768,3.4854126,0.00447138771,0.0039594234,0.00472399592,0.0042870394,0.004278976,0.00431584055,0.00427490892,0.00435302034,0.00316450489,0.00530967955,0.00369941583,0.00621458888,0.0036690936,0.00340002589,0.00312389317,0.00502968254,0,0,0,0,0,0,0,0,0,0,0,0,0,0,0,0,0,0,0,0,0,0,0,0
1110,11.312000,3,1,1,0,0,3.51074219,3.50799561,3.5055542,3.50891113,3.50463867,3.51501465,3.50921631,3.50280762,3.49182129,3.49029541,3.49456787,3.48052979,3.47869873,3.47320557,3.48724365,3.49121094,-0.0010688582,-0.00184523559,-0.000768209924,-0.00108392164,-0.00107470236,-0.000747313024,-0.000204579643,-0.000598990475,0.000646774773,0.000926895358,0.00170511636,-0.000541588059,0.000400660443,0.00104515604,0.000484216958,-0.00012761954,0,0,0,0,0,0,0,0,0,0,0,0,0,0,0,0,0,0,0,0,0,0,0,0
1111,11.312000,3,1,1,0,0,3.51715088,3.51409912,3.51165771,3.515625,3.50982666,3.51928711,3.51501465,3.50891113,3.49578857,3.49517822,3.49853516,3.48510742,3.48236084,3.47808838,3.49060059,3.4967041,0.00503563508,0.00474764779,0.00543638924,0.00547056925,0.00530579034,0.0043757786,0.00573952356,0.0049197562,0.00504517881,0.0050745965,0.00527066272,0.00534173008,0.00549975969,0.00551551441,0.00593830273,0.00571832806,0,0,0,0,0,0,0,0,0,0,0,0,0,0,0,0,0,0,0,0,0,0,0,0
1112,11.312000,3,1,1,0,0,3.51348877,3.50982666,3.50769043,3.51013184,3.50646973,3.51623535,3.51196289,3.50463867,3.49212646,3.49212646,3.49273682,3.48236084,3.47900391,3.47381592,3.48724365,3.49487305,-0.000808141194,-0.000247853575,-0.0005605896,-0.000220886315,-0.000655838521,-2.93180346e-06,0.000359294587,0.000197751098,0.000716010923,-0.000195985544,0.000229376135,0.000778789399,-0.00053562806,-0.000119077391,0.00108997629,-0.000823804061,0,0,0,0,0,0,0,0,0,0,0,0,0,0,0,0,0,0,0,0,0,0,0,0
1113,11.312000,3,1,1,0,0,3.51196289,3.50860596,3.50616455,3.50921631,3.50463867,3.51531982,3.50921631,3.50189209,3.49243164,3.49151611,3.49395752,3.48083496,3.47900391,3.47351074,3.48693848,3.49395752,0.00824404415,0.00714547653,0.00785588287,0.00785754994,0.00862491783,0.00829792395,0.00770847732,0.00755810412,0.00828477181,0.00829795562,0.0097084986,0.00922274776,0.00705815386,0.0064461939,0.00868410897,0.00837962236,0,0,0,0,0,0,0,0,0,0,0,0,0,0,0,0,0,0,0,0,0,0,0,0
1114,11.312000,3,1,1,0,0,3.51959229,3.51623535,3.51318359,3.51745605,3.50982666,3.52050781,3.51715088,3.51104736,3.49731445,3.4954834,3.50036621,3.4866333,3.48449707,3.47930908,3.49273682,3.50036621,0.00880801212,0.00810144655,0.00944018271,0.00895884167,0.00796358287,0.00774524454,0.00879760645,0.0083289668,0.0103670526,0.00875692535,0.0104168877,0.00847565755,0.0100299427,0.00959463231,0.0108157555,0.00985798799,0,0,0,0,0,0,0,0,0,0,0,0,0,0,0,0,0,0,0,0,0,0,0,0
1115,11.312000,3,1,1,0,0,3.515625,3.51287842,3.50921631,3.51348877,3.50769043,3.51776123,3.51104736,3.5067749,3.49182129,3.49212646,3.49273682,3.48114014,3.47961426,3.47412109,3.48693848,3.49456787,0.0036957236,0.00461318064,0.00327751995,0.0037834323,0.00440020161,0.00444863085,0.00364232133,0.00363540463,0.00359071698,0.00427902024,0.0027885891,0.00339453551,0.00361963245,0.00433165301,0.00378374499,0.00278011453,0,0,0,0,0,0,0,0,0,0,0,0,0,0,0,0,0,0,0,0,0,0,0,0
1116,11.312000,3,1,1,0,0,3.50982666,3.50585938,3.5043335,3.50708008,3.50128174,3.51165771,3.50769043,3.50128174,3.48846436,3.48510742,3.49243164,3.47564697,3.47564697,3.47167969,3.48236084,3.49090576,0.0011250641,0.0016335909,0.00178000284,0.00193313789,0.00151373853,0.00153918634,0.0021641308,0.00125868898,0.0011368976,0.0017520499,0.00168143446,0.000231454964,0.000539716682,0.00185970194,0.000716867973,0.0019072392,0,0,0,0,0,0,0,0,0,0,0,0,0,0,0,0,0,0,0,0,0,0,0,0
1117,11.312000,3,1,1,0,0,3.5067749,3.50341797,3.50036621,3.5043335,3.49853516,3.50891113,3.50219727,3.49822998,3.48297119,3.48266602,3.48388672,3.47137451,3.46984863,3.46679688,3.47747803,3.48480225,-0.00234309002,-0.00206244341,-0.00267586485,-0.00251572859,-0.0018147151,-0.00234761578,-0.0031858997,-0.00212635053,-0.00152533478,-0.00261390093,-0.000837434083,-0.00231984141,-0.00209522992,-0.00200913474,-0.00119856582,-0.00151554169,0,0,0,0,0,0,0,0,0,0,0,0,0,0,0,0,0,0,0,0,0,0,0,0
1118,11.312000,3,1,1,0,0,3.515625,3.51287842,3.50921631,3.51318359,3.50830078,3.51806641,3.51226807,3.50585938,3.49243164,3.49395752,3.49487305,3.48388672,3.48083496,3.47503662,3.48815918,3.4954834,0.00635045115,0.00706697768,0.00669047376,0.00656774873,0.00781911984,0.00725992117,0.00661289506,0.00627459818,0.0072658062,0.00831940956,0.00760443928,0.00854154117,0.00762273744,0.00667759683,0.00884913839,0.00625142176,0,0,0,0,0,0,0,0,0,0,0,0,0,0,0,0,0,0,0,0,0,0,0,0
1119,11.312000,3,1,1,0,0,3.5055542,3.50311279,3.49975586,3.50128174,3.49761963,3.50891113,3.50219727,3.49731445,3.48114014,3.48449707,3.48419189,3.47229004,3.47076416,3.46466064,3.47686768,3.48571777,0.00078538165,0.000959431287,0.000425837003,-0.000456796261,0.000724626356,0.00161782978,0.000425635604,0.000602449873,-0.00209474238,0.00083716365,-0.00197904953,0.000360720092,-0.000554052065,-0.00155442697,0.000185874524,0.000379493926,0,0,0,0,0,0,0,0,0,0,0,0,0,0,0,0,0,0,0,0,0,0,0,0
1120,11.312000,3,1,1,0,0,3.51318359,3.51135254,3.50646973,3.51043701,3.50646973,3.51654053,3.51165771,3.50372314,3.49121094,3.48693848,3.49365234,3.4777832,3.47961426,3.47351074,3.48388672,3.48968506,-0.00213038875,-0.00281746243,-0.00240670354,-0.00248642755,-0.00243740436,-0.00202787388,-0.00163434818,-0.00260499399,-0.00215226552,-0.00401365478,-0.00155411079,-0.00213375455,-0.00231646025,-0.00117274467,-0.00127240841,-0.0036159337,0,0,0,0,0,0,0,0,0,0,0,0,0,0,0,0,0,0,0,0,0,0,0,0
1121,11.312000,3,1,1,0,0,3.52020264,3.51623535,3.51348877,3.51715088,3.51135254,3.52142334,3.51776123,3.51074219,3.49761963,3.4954834,3.50158691,3.48571777,3.4854126,3.47961426,3.49212646,3.49975586,0.0102186026,0.00978989433,0.0101460014,0.00988219306,0.00981122721,0.010080005,0.00982644688,0.00962779019,0.00865710527,0.0100603011,0.00916244835,0.00873020757,0.00970984157,0.00948943757,0.00892147049,0.00828951783,0,0,0,0,0,0,0,0,0,0,0,0,0,0,0,0,0,0,0,0,0,0,0,0
1122,11.484000,3,1,1,0,0,3.51470947,3.51165771,3.50891113,3.51135254,3.50708008,3.51745605,3.51135254,3.50524902,3.49212646,3.49273682,3.49304199,3.48236084,3.48022461,3.47381592,3.48724365,3.49487305,-0.00286717713,-0.00315719657,-0.0030758325,-0.00384471612,-0.00409880793,-0.00361058023,-0.0036312805,-0.00314568705,-0.00300484989,-0.00299239624,-0.0030616289,-0.00136996317,-0.00217054505,-0.003098279,-0.00290474365,-0.0026258626,0,0,0,0,0,0,0,0,0,0,0,0,0,0,0,0,0,0,0,0,0,0,0,0
1123,11.484000,3,1,1,0,0,3.50769043,3.5055542,3.50128174,3.5055542,3.49975586,3.51013184,3.50494385,3.49914551,3.48266602,3.48480225,3.48419189,3.47320557,3.47106934,3.46893311,3.47839355,3.48571777,0.00395846833,0.00516819395,0.00415887684,0.0046694167,0.00507820491,0.00515487418,0.00404575607,0.00449500466,0.00238037319,0.00354934786,0.00213190913,0.00296872272,0.00281928387,0.00386460032,0.00356824999,0.00315431412,0,0,0,0,0,0,0,0,0,0,0,0,0,0,0,0,0,0,0,0,0,0,0,0
1124,11.484000,3,1,1,0,0,3.51867676,3.51501465,3.51104736,3.515625,3.50982666,3.52020264,3.51318359,3.50921631,3.49517822,3.4942627,3.49761963,3.48449707,3.47900391,3.4765625,3.487854,3.49517822,0.000936397584,0.00055106607,0.000881608401,0.000962071063,0.000305980939,0.000405422732,8.75381811e-05,0.00122771435,0.00258736545,0.00194685021,0.000691603404,0.00184824807,0.00197520433,0.00201665959,0.00037804473,0.0021077944,0,0,0,0,0,0,0,0,0,0,0,0,0,0,0,0,0,0,0,0,0,0,0,0
1125,11.484000,3,1,1,0,0,3.51013184,3.50738525,3.50463867,3.50799561,3.50128174,3.51165771,3.50708008,3.50189209,3.49060059,3.4866333,3.49365234,3.47991943,3.47625732,3.47351074,3.48419189,3.48907471,0.00393288489,0.00468925852,0.0046678558,0.00492110522,0.00468896003,0.00378550659,0.00432247436,0.00466661993,0.00543266116,0.00521041872,0.0062673185,0.00648949342,0.00547492877,0.00537052518,0.00549293542,0.00465763267,0,0,0,0,0,0,0,0,0,0,0,0,0,0,0,0,0,0,0,0,0,0,0,0
1126,11.484000,3,1,1,0,0,3.51898193,3.51593018,3.51226807,3.51654053,3.51043701,3.52081299,3.51623535,3.50952148,3.49639893,3.4954834,3.49884033,3.48510742,3.48297119,3.47839355,3.49212646,3.49731445,0.00796728581,0.00756234583,0.0070513105,0.00813040044,0.00741907489,0.00738961017,0.00808588136,0.00752595952,0.00693310797,0.00832169782,0.00781573728,0.00787894055,0.0057980055,0.00574814342,0.00826904457,0.00633113831,0,0,0,0,0,0,0,0,0,0,0,0,0,0,0,0,0,0,0,0,0,0,0,0
1127,11.484000,3,1,1,0,0,3.51257324,3.50982666,3.50585938,3.50921631,3.5055542,3.515625,3.51043701,3.50280762,3.49243164,3.49212646,3.49365234,3.48144531,3.47991943,3.47320557,3.48632812,3.49487305,0.00655586319,0.00659174519,0.00670007989,0.00641842606,0.00719450042,0.00699325511,0.00712379068,0.00627447059,0.0070294491,0.00797457341,0.00598065741,0.00808622967,0.00542944157,0.00531141507,0.00593331503,0.00762528088,0,0,0,0,0,0,0,0,0,0,0,0,0,0,0,0,0,0,0,0,0,0,0,0
1128,11.484000,3,1,1,0,0,3.515625,3.51379395,3.50982666,3.51348877,3.50891113,3.51928711,3.51257324,3.50769043,3.49304199,3.49334717,3.49273682,3.48388672,3.47900391,3.47320557,3.48724365,3.49487305,0.000630547642,0.00104385277,0.00159059267,0.001788856,0.00155500299,0.00197840971,0.00129216595,0.00139206264,0.00231481879,0.00192720024,0.000369240355,0.000938209239,0.00123244687,0.00234954525,0.0020370048,0.0010802201,0,0,0,0,0,0,0,0,0,0,0,0,0,0,0,0,0,0,0,0,0,0,0,0
1129,11.484000,3,1,1,0,0,3.50921631,3.50616455,3.50341797,3.5067749,3.50128174,3.51013184,3.50646973,3.50036621,3.49029541,3.4854126,3.49273682,3.47595215,3.47625732,3.47198486,3.48358154,3.48999023,0.00228365907,0.00210838858,0.00193866878,0.00228148629,0.00186372665,0.00161209516,0.00230497052,0.00205413275,0.00301810587,0.00235003559,0.00376416114,0.00287185539,0.00246347114,0.00237658247,0.00285125477,0.003302183,0,0,0,0,0,0,0,0,0,0,0,0,0,0,0,0,0,0,0,0,0,0,0,0
1130,11.484000,3,1,1,0,0,3.51379395,3.51165771,3.50708008,3.51013184,3.50646973,3.51654053,3.51135254,3.5055542,3.49121094,3.49182129,3.49395752,3.48114014,3.48022461,3.47412109,3.4866333,3.49395752,0.00490394142,0.00546707632,0.00444747088,0.00398179004,0.00561215775,0.00558388559,0.00497797877,0.00444246689,0.00525247492,0.00624813139,0.00541058974,0.0063529117,0.00625173654,0.00543667749,0.005136705,0.00447337423,0,0,0,0,0,0,0,0,0,0,0,0,0,0,0,0,0,0,0,0,0,0,0,0
1131,11.484000,3,1,1,0,0,3.52081299,3.5168457,3.51348877,3.51837158,3.51104736,3.52203369,3.51837158,3.51196289,3.49761963,3.49609375,3.49884033,3.48449707,3.48510742,3.48022461,3.49243164,3.50006104,0.00283687492,0.00135760603,0.00210123276,0.00176830089,0.00173716666,0.00122647127,0.00204609707,0.0020508985,0.000796886394,0.000943842868,0.000957090815,0.00140130299,0.000953814248,0.00107190351,0.000502625015,0.00186633435,0,0,0,0,0,0,0,0,0,0,0,0,0,0,0,0,0,0,0,0,0,0,0,0
1132,11.484000,3,1,1,0,0,3.51898193,3.5144043,3.51196289,3.515625,3.51074219,3.52020264,3.515625,3.50921631,3.49273682,3.4954834,3.49853516,3.48480225,3.48083496,3.4765625,3.487854,3.49639893,0.00443326216,0.00438682223,0.00408042967,0.00416259235,0.00465647457,0.00361225149,0.00294046965,0.00428145565,0.00302426633,0.00483602285,0.00426195841,0.00375101366,0.0034647889,0.0030116851,0.00348895928,0.00424608123,0,0,0,0,0,0,0,0,0,0,0,0,0,0,0,0,0,0,0,0,0,0,0,0
1133,11.484000,3,1,1,0,0,3.51745605,3.51501465,3.51226807,3.515625,3.51043701,3.51989746,3.515625,3.50982666,3.49609375,3.49609375,3.49853516,3.48510742,3.48022461,3.47625732,3.487854,3.49731445,0.00586707424,0.0071463529,0.00662793312,0.00605090195,0.007091837,0.00626143627,0.0063709463,0.00702888006,0.00668727187,0.00666354317,0.00690949662,0.00632653665,0.00566010596,0.00622944627,0.00632812083,0.00522980932,0,0,0,0,0,0,0,0,0,0,0,0,0,0,0,0,0,0,0,0,0,0,0,0
1134,11.484000,3,1,1,0,0,3.51837158,3.51531982,3.51135254,3.51593018,3.50982666,3.52020264,3.515625,3.50952148,3.49456787,3.49517822,3.49853516,3.48510742,3.48236084,3.4777832,3.49151611,3.49853516,0.00304942136,0.00275901216,0.0031651773,0.00325042149,0.00294525363,0.00266349223,0.00248055928,0.00329900533,0.00406814087,0.0047768685,0.00322931539,0.00455959979,0.00252656545,0.00428228965,0.00317848613,0.00460166577,0,0,0,0,0,0,0,0,0,0,0,0,0,0,0,0,0,0,0,0,0,0,0,0
1135,11.484000,3,1,1,0,0,3.50982666,3.50616455,3.50311279,3.50616455,3.50067139,3.51104736,3.50616455,3.50036621,3.48602295,3.48480225,3.48449707,3.4753418,3.47076416,3.46923828,3.47747803,3.48632812,0.00275838003,0.00269643404,0.00241556996,0.00232215878,0.00272953464,0.00277570216,0.00261347601,0.00200393912,0.00147761195,0.00149042392,-1.45861413e-05,0.000353827723,0.000610673334,0.00139662717,0.0011801566,0.000630200608,0,0,0,0,0,0,0,0,0,0,0,0,0,0,0,0,0,0,0,0,0,0,0,0
1136,11.484000,3,1,1,0,0,3.52050781,3.51654053,3.5144043,3.51745605,3.51135254,3.52172852,3.51806641,3.51165771,3.4979248,3.49456787,3.49975586,3.48602295,3.48480225,3.47991943,3.49212646,3.49884033,0.00710049039,0.00768263964,0.00731782895,0.00709696813,0.00749708898,0.0074055139,0.00848540477,0.00681211241,0.00956339203,0.00772908749,0.00828399323,0.00814104732,0.00842384901,0.00766321179,0.00911382306,0.00701972842,0,0,0,0,0,0,0,0,0,0,0,0,0,0,0,0,0,0,0,0,0,0,0,0
1137,11.484000,3,1,1,0,0,3.51531982,3.51196289,3.50860596,3.51165771,3.50738525,3.51806641,3.51165771,3.50616455,3.49273682,3.49182129,3.49304199,3.48144531,3.47900391,3.47259521,3.48754883,3.49456787,0.00775779644,0.00798157789,0.00790719781,0.00781085854,0.00942463335,0.0089499848,0.00847830344,0.00776021695,0.00733143231,0.00637644902,0.00700124539,0.00546866376,0.00802523736,0.00713546621,0.00801680982,0.00601812731,0,0,0,0,0,0,0,0,0,0,0,0,0,0,0,0,0,0,0,0,0,0,0,0
1138,11.484000,3,1,1,0,0,3.51715088,3.51501465,3.51104736,3.5144043,3.50982666,3.51989746,3.51318359,3.50860596,3.49273682,3.49456787,3.49914551,3.48480225,3.48114014,3.47747803,3.487854,3.49639893,0.00543152634,0.00679439353,0.00594990887,0.00579589931,0.00678311987,0.00598092703,0.00618852209,0.00599653972,0.00700786058,0.00685802381,0.00782232545,0.00765746599,0.00622823508,0.00620407844,0.00714579038,0.00685272226,0,0,0,0,0,0,0,0,0,0,0,0,0,0,0,0,0,0,0,0,0,0,0,0
1139,11.484000,3,1,1,0,0,3.5168457,3.51379395,3.51043701,3.51257324,3.50830078,3.51867676,3.51226807,3.50738525,3.4954834,3.49365234,3.4942627,3.4854126,3.47961426,3.47625732,3.48815918,3.49639893,0.0025328612,0.00293944217,0.00386912003,0.00211502798,0.00329397386,0.00262947404,0.00231045787,0.00209881482,0.00327310059,0.00300712464,0.002212347,0.00363104255,0.00179615302,0.00328611955,0.00244062976,0.00480354624,0,0,0,0,0,0,0,0,0,0,0,0,0,0,0,0,0,0,0,0,0,0,0,0
1140,11.656000,3,1,1,0,0,3.51104736,3.50830078,3.5055542,3.50891113,3.50189209,3.51470947,3.50952148,3.50280762,3.49090576,3.49060059,3.49395752,3.48052979,3.47991943,3.47290039,3.4854126,3.49121094,0.00228335289,0.00282411836,0.00240422669,0.00226553786,0.00303058443,0.00288689067,0.00288519589,0.00237476989,0.00364635,0.00406311918,0.00432105083,0.00336321909,0.00376977213,0.00350623624,0.00322865322,0.00453371182,0,0,0,0,0,0,0,0,0,0,0,0,0,0,0,0,0,0,0,0,0,0,0,0
1141,11.656000,3,1,1,0,0,3.51715088,3.51409912,3.51074219,3.51409912,3.50830078,3.51928711,3.51196289,3.50799561,3.49273682,3.49395752,3.49487305,3.48449707,3.47961426,3.47503662,3.4866333,3.49578857,0.00769070117,0.00766575057,0.00754080014,0.00742293522,0.00715826452,0.00721195713,0.00724355411,0.00755506242,0.00462751789,0.00733788358,0.00368507695,0.00697588967,0.00535005052,0.00530171208,0.00528031494,0.00617814343,0,0,0,0,0,0,0,0,0,0,0,0,0,0,0,0,0,0,0,0,0,0,0,0
1142,11.656000,3,1,1,0,0,3.51867676,3.51501465,3.51196289,3.515625,3.50982666,3.51989746,3.51593018,3.50891113,3.49243164,3.4942627,3.49395752,3.48297119,3.47991943,3.47625732,3.48724365,3.49609375,0.00465394836,0.00474616513,0.00494918833,0.00513384165,0.00469950121,0.00450552395,0.00487239473,0.00525809079,0.00434517954,0.00535858888,0.00555885583,0.00483431434,0.0046629617,0.00548130367,0.00431450689,0.00604969962,0,0,0,0,0,0,0,0,0,0,0,0,0,0,0,0,0,0,0,0,0,0,0,0
1143,11.656000,3,1,1,0,0,3.51013184,3.50616455,3.50402832,3.50799561,3.50067139,3.51409912,3.50830078,3.50250244,3.48632812,3.4854126,3.48815918,3.4753418,3.47442627,3.46893311,3.47869873,3.48907471,0.000979526085,8.90231458e-05,0.00106150494,0.000756397145,0.000598388724,0.00101529411,-0.000302818604,0.000741130323,0.000326569454,0.000643334177,-7.56708323e-05,-0.000184739474,-0.000235963031,-0.000198807626,-0.000625980087,0.000783798459,0,0,0,0,0,0,0,0,0,0,0,0,0,0,0,0,0,0,0,0,0,0,0,0
1144,11.656000,3,1,1,0,0,3.51379395,3.51104736,3.50708008,3.50982666,3.50646973,3.51623535,3.51196289,3.50372314,3.49243164,3.49090576,3.4942627,3.48144531,3.47900391,3.47381592,3.48724365,3.4942627,0.00497035589,0.0054304353,0.00512044132,0.00425077416,0.00559509685,0.00502163684,0.00478573143,0.00426707789,0.0041764034,0.00505824015,0.00361789321,0.0057173986,0.00507779233,0.00376103958,0.0047704149,0.00380464178,0,0,0,0,0,0,0,0,0,0,0,0,0,0,0,0,0,0,0,0,0,0,0,0
1145,11.656000,3,1,1,0,0,3.50463867,3.50158691,3.49609375,3.50128174,3.49578857,3.50585938,3.50219727,3.49456787,3.48205566,3.48144531,3.48388672,3.47106934,3.46893311,3.46343994,3.47747803,3.4854126,0.000498859677,-0.000279798754,-0.00012435019,8.69642245e-05,-0.000322431209,-0.00121676491,0.000619771541,9.59255267e-05,0.00114434503,-0.000635403791,0.00136494881,-0.000118302065,0.00153284939,0.00114807836,0.00214553904,0.000879152329,0,0,0,0,0,0,0,0,0,0,0,0,0,0,0,0,0,0,0,0,0,0,0,0
1146,11.656000,3,1,1,0,0,3.52142334,3.51806641,3.51470947,3.51928711,3.5144043,3.5244751,3.51928711,3.51196289,3.49884033,3.49609375,3.50189209,3.4866333,3.48632812,3.48205566,3.49334717,3.49914551,0.0104409084,0.0102814212,0.0100504477,0.0111988746,0.0109600835,0.010334854,0.0113773607,0.00959408749,0.0101407068,0.00939571857,0.0110003054,0.00966817141,0.00924298819,0.00997270644,0.00909792446,0.00940334983,0,0,0,0,0,0,0,0,0,0,0,0,0,0,0,0,0,0,0,0,0,0,0,0
1147,11.656000,3,1,1,0,0,3.50738525,3.50463867,3.50158691,3.50524902,3.50006104,3.51104736,3.5043335,3.49945068,3.48754883,3.48632812,3.48876953,3.47595215,3.47473145,3.46984863,3.47900391,3.48846436,0.00233854307,0.00254446035,0.00317485724,0.00279616378,0.00326301507,0.00281592645,0.00245836051,0.00327676791,0.00558368815,0.00428591389,0.00503090955,0.00525342347,0.00496268505,0.00483633159,0.00449507032,0.0036570651,0,0,0,0,0,0,0,0,0,0,0,0,0,0,0,0,0,0,0,0,0,0,0,0
1148,11.656000,3,1,1,0,0,3.50616455,3.50280762,3.49975586,3.50311279,3.49761963,3.50860596,3.50189209,3.49578857,3.48114014,3.48205566,3.48449707,3.47106934,3.47015381,3.46496582,3.4765625,3.48480225,-0.00330242887,-0.00325297751,-0.00300882454,-0.00268643536,-0.00320315431,-0.00312579283,-0.00387540879,-0.00337686692,-0.00335242925,-0.00314729172,-0.0049719247,-0.00335062295,-0.00531598506,-0.00272171339,-0.00480588106,-0.00333526148,0,0,0,0,0,0,0,0,0,0,0,0,0,0,0,0,0,0,0,0,0,0,0,0
1149,11.656000,3,1,1,0,0,3.50616455,3.50311279,3.49945068,3.50189209,3.4979248,3.50830078,3.50158691,3.4967041,3.48114014,3.48175049,3.48449707,3.47167969,3.47045898,3.46466064,3.47747803,3.48632812,0.0074783098,0.00726054236,0.00721563958,0.0069060768,0.00726980017,0.00686063198,0.0069833165,0.00691482658,0.00542689255,0.00685816258,0.00577967102,0.0062612542,0.00712001557,0.00556858629,0.00727959489,0.00733924843,0,0,0,0,0,0,0,0,0,0,0,0,0,0,0,0,0,0,0,0,0,0,0,0
1150,11.656000,3,1,1,0,0,3.5055542,3.50341797,3.49945068,3.50372314,3.49761963,3.50921631,3.50189209,3.49761963,3.48175049,3.48327637,3.48510742,3.47412109,3.47106934,3.46405029,3.4765625,3.4854126,-0.000987951178,3.46789602e-06,-0.00150212692,-0.00123770302,-0.000859264284,-0.000238217413,-0.0014656838,-0.00166840176,-0.00181720778,-0.00100862398,-0.001676935,-0.000254194951,6.49564317e-05,-0.00130085181,-0.00118601904,-0.00271884911,0,0,0,0,0,0,0,0,0,0,0,0,0,0,0,0,0,0,0,0,0,0,0,0
1151,11.656000,3,1,1,0,0,3.50006104,3.4967041,3.4954834,3.49884033,3.49212646,3.50372314,3.49822998,3.49212646,3.48052979,3.47717285,3.48388672,3.46984863,3.46893311,3.46313477,3.47564697,3.48052979,-0.0058418205,-0.00519344676,-0.00509499013,-0.00540019432,-0.00567636453,-0.00497085042,-0.00513702724,-0.00570656871,-0.00422267383,-0.00562143559,-0.00517625315,-0.00443769805,-0.00411033304,-0.00398401404,-0.0050913929,-0.0054365769,0,0,0,0,0,0,0,0,0,0,0,0,0,0,0,0,0,0,0,0,0,0,0,0
1152,11.656000,3,1,1,0,0,3.51104736,3.50982666,3.50616455,3.51013184,3.50494385,3.51531982,3.50921631,3.50311279,3.49090576,3.49060059,3.49395752,3.48114014,3.47900391,3.47412109,3.48693848,3.49151611,0.00386115792,0.00425669737,0.00452814251,0.00475007482,0.00490153255,0.00417461246,0.00433001667,0.00459186407,0.00298124971,0.00506300293,0.00300880801,0.00470332429,0.00313947187,0.00278291549,0.00364608015,0.00397775741,0,0,0,0,0,0,0,0,0,0,0,0,0,0,0,0,0,0,0,0,0,0,0,0
1153,11.656000,3,1,1,0,0,3.51654053,3.5144043,3.51104736,3.51470947,3.50921631,3.51959229,3.51409912,3.50830078,3.49334717,3.49578857,3.49822998,3.48480225,3.48052979,3.47747803,3.49060059,3.49639893,0.00131485285,0.000912766438,0.000727734761,0.00190528564,0.00124423287,0.00207058573,0.00157900446,0.00174650084,0.000349508366,-0.000531909231,0.000421596691,-0.00059060147,0.00118613825,0.00149285421,0.00108634937,0.000500620692,0,0,0,0,0,0,0,0,0,0,0,0,0,0,0,0,0,0,0,0,0,0,0,0
1154,11.656000,3,1,1,0,0,3.51959229,3.5168457,3.51318359,3.51745605,3.51135254,3.52050781,3.5168457,3.51074219,3.49700928,3.49609375,3.49975586,3.48449707,3.48266602,3.47930908,3.49151611,3.49822998,0.00571318995,0.00595130678,0.00583995134,0.00662997179,0.00607161177,0.00422865618,0.00602669828,0.00584849436,0.00467927335,0.00559575902,0.00489914883,0.00651561702,0.00304364879,0.00469478453,0.00554201892,0.00518602226,0,0,0,0,0,0,0,0,0,0,0,0,0,0,0,0,0,0,0,0,0,0,0,0
1155,11.656000,3,1,1,0,0,3.51837158,3.51501465,3.51165771,3.515625,3.50952148,3.52020264,3.51593018,3.50891113,3.49273682,3.49609375,3.49822998,3.48602295,3.48083496,3.4765625,3.48693848,3.4967041,0.00766636245,0.00786786433,0.00707032531,0.00760980928,0.00772209,0.0082986746,0.00646251161,0.00730055897,0.00366199762,0.00674753543,0.00426456099,0.00647442229,0.0055559231,0.00417329511,0.00470148819,0.00716325175,0,0,0,0,0,0,0,0,0,0,0,0,0,0,0,0,0,0,0,0,0,0,0,0
1156,11.656000,3,1,1,0,0,3.51165771,3.50830078,3.50463867,3.50799561,3.50280762,3.5144043,3.50952148,3.50341797,3.487854,3.48510742,3.48937988,3.4765625,3.47473145,3.47106934,3.48266602,3.49060059,0.00558231352,0.0056775366,0.00599655136,0.00559303071,0.00535436673,0.00597095117,0.00501418812,0.00606411137,0.00606326945,0.00571772829,0.00497729657,0.00694782985,0.00577550335,0.00612941897,0.00585184433,0.00831311475,0,0,0,0,0,0,0,0,0,0,0,0,0,0,0,0,0,0,0,0,0,0,0,0
1157,11.812000,3,1,1,0,0,3.51593018,3.51318359,3.50921631,3.51196289,3.50799561,3.51867676,3.51104736,3.5067749,3.49182129,3.49090576,3.49395752,3.48175049,3.47991943,3.47259521,3.48693848,3.4942627,0.00697332155,0.00657412643,0.0064057922,0.00771163264,0.00745099736,0.00706634577,0.0070747342,0.00725701638,0.00766353868,0.00648629293,0.00761480629,0.00823093858,0.00711818133,0.0068956418,0.00738209533,0.00583765702,0,0,0,0,0,0,0,0,0,0,0,0,0,0,0,0,0,0,0,0,0,0,0,0
1158,11.812000,3,1,1,0,0,3.51715088,3.51348877,3.51074219,3.51409912,3.50921631,3.51898193,3.51226807,3.50799561,3.49212646,3.49456787,3.49365234,3.48449707,3.48083496,3.47412109,3.48815918,3.49578857,0.00353247579,0.00342447567,0.00294039818,0.00259898091,0.00355219934,0.00310118077,0.00339344656,0.00299767079,0.00179483206,0.00271708309,0.00106204743,0.00222636154,0.0015227024,0.00197522086,0.0025373376,0.00123944902,0,0,0,0,0,0,0,0,0,0,0,0,0,0,0,0,0,0,0,0,0,0,0,0
1159,11.812000,3,1,1,0,0,3.51715088,3.51470947,3.51104736,3.51470947,3.50830078,3.51928711,3.51257324,3.50830078,3.4954834,3.49395752,3.49456787,3.4854126,3.48083496,3.47686768,3.48724365,3.4954834,0.00677176658,0.00707027456,0.00701585738,0.00708054472,0.00727859046,0.00705756713,0.00702145323,0.00713359844,0.00780378608,0.00669152476,0.0071105496,0.00628675334,0.00806965213,0.00687681185,0.00784900598,0.00584122678,0,0,0,0,0,0,0,0,0,0,0,0,0,0,0,0,0,0,0,0,0,0,0,0
1160,11.812000,3,1,1,0,0,3.51013184,3.50646973,3.50311279,3.50738525,3.50067139,3.51104736,3.50799561,3.50128174,3.48724365,3.48571777,3.48968506,3.47595215,3.47503662,3.46984863,3.48205566,3.48937988,-0.00304056681,-0.0034191967,-0.00304500107,-0.00267071603,-0.00357950944,-0.00408582576,-0.00316787045,-0.00286370236,-0.0029379339,-0.00358088315,-0.00178701489,-0.0037606135,-0.00199733372,-0.00285460032,-0.00222388189,-0.00234425813,0,0,0,0,0,0,0,0,0,0,0,0,0,0,0,0,0,0,0,0,0,0,0,0
1161,11.812000,3,1,1,0,0,3.51531982,3.51257324,3.50952148,3.51196289,3.50769043,3.51837158,3.51257324,3.5067749,3.49273682,3.49273682,3.49731445,3.48480225,3.47900391,3.47473145,3.48602295,3.49517822,0.00550253969,0.00498926267,0.00565954857,0.00560533162,0.00573426485,0.00573403854,0.00424111821,0.00572887808,0.00467987452,0.00645582285,0.00563468086,0.00756520405,0.00506013632,0.00480538746,0.00463628862,0.00736314291,0,0,0,0,0,0,0,0,0,0,0,0,0,0,0,0,0,0,0,0,0,0,0,0
1162,11.812000,3,1,1,0,0,3.51470947,3.51013184,3.50830078,3.51074219,3.50708008,3.51715088,3.51165771,3.50616455,3.49212646,3.49182129,3.49395752,3.48175049,3.47991943,3.47473145,3.48693848,3.49456787,0.00211365009,0.00114771456,0.00181723293,0.000882299792,0.0019175231,0.000892640324,0.00104644103,0.0016874671,0.000509787817,0.00148923846,0.000729825173,0.000748474093,0.00166756043,0.000945390784,8.6954853e-05,0.00165492506,0,0,0,0,0,0,0,0,0,0,0,0,0,0,0,0,0,0,0,0,0,0,0,0
1163,11.812000,3,1,1,0,0,3.51745605,3.51379395,3.50982666,3.51501465,3.50891113,3.51959229,3.51318359,3.50860596,3.49639893,3.49487305,3.49761963,3.48602295,3.48022461,3.47717285,3.487854,3.49639893,0.00329667307,0.00341545208,0.00327646313,0.00400501164,0.00405289745,0.00436811475,0.00471705804,0.00367351691,0.00536933308,0.00507459091,0.00448538736,0.00502525503,0.0031822836,0.00361354603,0.00411699945,0.00324259023,0,0,0,0,0,0,0,0,0,0,0,0,0,0,0,0,0,0,0,0,0,0,0,0
1164,11.812000,3,1,1,0,0,3.5144043,3.51226807,3.50891113,3.51196289,3.50769043,3.51806641,3.51104736,3.5067749,3.49182129,3.49243164,3.49334717,3.48236084,3.48022461,3.47290039,3.48693848,3.49517822,0.0051301443,0.00516726635,0.00537710357,0.00500657037,0.00537938066,0.00554873236,0.0049768053,0.00575539703,0.00212090369,0.00519190263,0.00520025473,0.00515826466,0.0036498867,0.00355170574,0.00507531781,0.00686585763,0,0,0,0,0,0,0,0,0,0,0,0,0,0,0,0,0,0,0,0,0,0,0,0
1165,11.812000,3,1,1,0,0,3.51348877,3.51165771,3.5067749,3.50982666,3.50616455,3.5168457,3.51104736,3.50524902,3.49212646,3.49151611,3.49456787,3.48205566,3.47869873,3.47442627,3.48693848,3.49487305,0.00656824419,0.00787775312,0.00725476863,0.00644899672,0.00746548641,0.00671682134,0.00673777703,0.00687160995,0.00543304114,0.00763678458,0.00544995721,0.00728383474,0.00531020528,0.00556349708,0.00605477951,0.00779737579,0,0,0,0,0,0,0,0,0,0,0,0,0,0,0,0,0,0,0,0,0,0,0,0
1166,11.812000,3,1,1,0,0,3.51379395,3.51013184,3.50860596,3.51074219,3.50708008,3.5168457,3.51013184,3.50616455,3.49121094,3.49243164,3.49304199,3.48236084,3.47869873,3.47442627,3.48602295,3.4942627,-0.00456935866,-0.00381261343,-0.00317328749,-0.00411453238,-0.00272261072,-0.00278454483,-0.00391911063,-0.00299000018,-0.00373344566,-0.0014734515,-0.00436840998,-0.00164591917,-0.00449757418,-0.00276851445,-0.00399710424,-0.00249353959,0,0,0,0,0,0,0,0,0,0,0,0,0,0,0,0,0,0,0,0,0,0,0,0
1167,11.812000,3,1,1,0,0,3.50891113,3.50585938,3.50128174,3.5055542,3.50067139,3.50982666,3.50585938,3.49945068,3.4854126,3.48510742,3.48419189,3.47290039,3.46954346,3.46832275,3.47717285,3.4854126,-0.00291601336,-0.00291600265,-0.00322621362,-0.00242837239,-0.00352054532,-0.00364588713,-0.0025906465,-0.00284470944,-0.00230838219,-0.00320434058,-0.00312843686,-0.00342563097,-0.00285742548,-0.00150253007,-0.00393501855,-0.00359122525,0,0,0,0,0,0,0,0,0,0,0,0,0,0,0,0,0,0,0,0,0,0,0,0
1168,11.812000,3,1,1,0,0,3.51379395,3.51104736,3.50646973,3.50982666,3.50616455,3.51623535,3.51165771,3.5043335,3.49121094,3.49090576,3.49334717,3.48083496,3.47930908,3.47381592,3.48693848,3.49395752,0.00390986446,0.00405925605,0.00411414681,0.00307034189,0.00412631594,0.00416004797,0.00428243587,0.00320634781,0.00344835129,0.00410213228,0.00256467145,0.00437918678,0.0041156956,0.00272259442,0.00459637679,0.00427877624,0,0,0,0,0,0,0,0,0,0,0,0,0,0,0,0,0,0,0,0,0,0,0,0
1169,11.812000,3,1,1,0,0,3.51715088,3.51348877,3.51104736,3.51501465,3.50921631,3.52020264,3.51287842,3.50830078,3.4954834,3.49456787,3.49456787,3.48571777,3.47930908,3.4753418,3.48754883,3.49609375,0.00654489826,0.00637755264,0.00700256415,0.00675538275,0.00629921583,0.00644051004,0.0062659136,0.00650399877,0.00754275313,0.00699458271,0.0069881198,0.00765032787,0.00560199283,0.00478906836,0.00730982842,0.00645335997,0,0,0,0,0,0,0,0,0,0,0,0,0,0,0,0,0,0,0,0,0,0,0,0
1170,11.812000,3,1,1,0,0,3.51165771,3.50891113,3.50463867,3.51043701,3.50372314,3.51593018,3.50952148,3.50280762,3.48907471,3.48693848,3.48999023,3.4765625,3.47564697,3.47290039,3.48297119,3.48999023,0.00646709232,0.00726531073,0.00736085745,0.0068839537,0.00716005825,0.00797308236,0.00712620514,0.00610255031,0.00731308525,0.0063897958,0.00635927357,0.00478813518,0.00764723215,0.00749598537,0.00710558286,0.00525685307,0,0,0,0,0,0,0,0,0,0,0,0,0,0,0,0,0,0,0,0,0,0,0,0
1171,11.812000,3,1,1,0,0,3.50463867,3.50128174,3.49700928,3.50006104,3.49639893,3.5067749,3.50067139,3.49395752,3.48175049,3.48175049,3.48480225,3.47106934,3.47015381,3.46435547,3.4765625,3.48236084,0.00352987461,0.0030560859,0.00310847559,0.00347806746,0.00270093535,0.00267627416,0.00216563139,0.00294572441,0.00302511291,0.00397722749,0.00309886178,0.0039633913,0.00304426043,0.00281125121,0.0037599043,0.00442391774,0,0,0,0,0,0,0,0,0,0,0,0,0,0,0,0,0,0,0,0,0,0,0,0
1172,11.812000,3,1,1,0,0,3.50585938,3.50250244,3.49945068,3.50280762,3.4979248,3.50860596,3.50097656,3.4967041,3.48327637,3.48480225,3.4854126,3.47381592,3.47106934,3.46496582,3.47686768,3.48693848,-0.00303465314,-0.00351960957,-0.00343179819,-0.0041977982,-0.00375301926,-0.0036900572,-0.00407426618,-0.00361953815,-0.00280260388,-0.00148308766,-0.0029904095,-0.00137296179,-0.00247825123,-0.00201456621,-0.00419388385,-0.00112480321,0,0,0,0,0,0,0,0,0,0,0,0,0,0,0,0,0,0,0,0,0,0,0,0
1173,11.812000,3,1,1,0,0,3.50616455,3.50280762,3.49914551,3.50280762,3.4967041,3.50891113,3.50250244,3.49609375,3.48114014,3.48083496,3.48388672,3.47076416,3.46862793,3.46282959,3.47717285,3.48205566,-0.00245457632,-0.00280214357,-0.00332119945,-0.00354218506,-0.00289981277,-0.00252142316,-0.00273779221,-0.00349400751,-0.00381948473,-0.0039681429,-0.00348424609,-0.0030686087,-0.00387371168,-0.00330815511,-0.00270100916,-0.00359018077,0,0,0,0,0,0,0,0,0,0,0,0,0,0,0,0,0,0,0,0,0,0,0,0
1174,12.000000,3,1,1,0,0,3.51928711,3.51654053,3.51196289,3.5168457,3.51013184,3.52050781,3.51623535,3.51013184,3.49609375,3.4954834,3.49853516,3.48510742,3.48266602,3.47808838,3.48754883,3.49731445,0.00592321437,0.00613665394,0.00608179485,0.00598871475,0.00593726989,0.00647091446,0.0061862818,0.00651460234,0.00668078521,0.0072539635,0.00595280807,0.00667604897,0.00668240571,0.00585893588,0.00573531352,0.00388928503,0,0,0,0,0,0,0,0,0,0,0,0,0,0,0,0,0,0,0,0,0,0,0,0
1175,12.000000,3,1,1,0,0,3.51776123,3.515625,3.51135254,3.51623535,3.50982666,3.51989746,3.515625,3.50921631,3.49273682,3.49487305,3.4979248,3.48419189,3.47991943,3.47625732,3.49060059,3.49639893,-0.0023925181,-0.00223715766,-0.00293062488,-0.00316959224,-0.00270812865,-0.00259705679,-0.00331678707,-0.00360340765,-0.00397985522,-0.00298684929,-0.00366161158,-0.00491459668,-0.00429566437,-0.00383885182,-0.00320389587,-0.00405453425,0,0,0,0,0,0,0,0,0,0,0,0,0,0,0,0,0,0,0,0,0,0,0,0
1176,12.000000,3,1,1,0,0,3.51135254,3.50799561,3.5043335,3.50830078,3.50189209,3.51470947,3.50952148,3.50311279,3.48815918,3.48602295,3.48907471,3.47686768,3.47442627,3.47045898,3.48175049,3.49029541,-0.00105535903,-0.000654714706,-0.000629914808,-0.00154099765,-0.00101577735,-0.00111870561,-0.00091294077,-0.000768474711,0.000310992124,-0.000674538664,-0.000119630655,0.00142004399,-0.000507993449,0.00022667383,-0.000654757896,0.00116263423,0,0,0,0,0,0,0,0,0,0,0,0,0,0,0,0,0,0,0,0,0,0,0,0
1177,12.000000,3,1,1,0,0,3.50646973,3.50311279,3.50036621,3.50402832,3.49853516,3.50891113,3.50280762,3.49761963,3.48602295,3.48419189,3.48510742,3.47503662,3.47106934,3.4677124,3.47747803,3.48602295,-0.000649697846,-0.0007750527,-0.000217962777,-5.10177779e-05,-0.0011890824,-0.000215540233,-1.99932692e-05,0.000221568611,0.000713220332,-0.00024335325,1.84015953e-05,0.00176975108,0.000234275911,0.000945607899,0.000170717496,-0.000496288354,0,0,0,0,0,0,0,0,0,0,0,0,0,0,0,0,0,0,0,0,0,0,0,0
1178,12.000000,3,1,1,0,0,3.51104736,3.50616455,3.5043335,3.50891113,3.50158691,3.51165771,3.50738525,3.50158691,3.48968506,3.48968506,3.49273682,3.47991943,3.47839355,3.47351074,3.48388672,3.48907471,0.00558128068,0.00551597169,0.00591297727,0.00559518719,0.00550786965,0.00529654743,0.00565889385,0.00606015883,0.00564768026,0.00744613074,0.00617137784,0.00698948652,0.00562603911,0.00556278415,0.0066163158,0.00593588315,0,0,0,0,0,0,0,0,0,0,0,0,0,0,0,0,0,0,0,0,0,0,0,0
1179,12.000000,3,1,1,0,0,3.5144043,3.51226807,3.50952148,3.51257324,3.50708008,3.51715088,3.51196289,3.5067749,3.49182129,3.49151611,3.4942627,3.48236084,3.47961426,3.47351074,3.487854,3.49456787,0.00260416628,0.00322457682,0.003629121,0.00245189248,0.00365736755,0.00335426279,0.00310256821,0.00262945541,0.00337818614,0.00269943965,0.00245561218,0.00273026689,0.00275956397,0.00175808463,0.00369775994,0.00136539014,0,0,0,0,0,0,0,0,0,0,0,0,0,0,0,0,0,0,0,0,0,0,0,0
1180,12.000000,3,1,1,0,0,3.5144043,3.51135254,3.50891113,3.51104736,3.50738525,3.51745605,3.51135254,3.50494385,3.49182129,3.49151611,3.49456787,3.48205566,3.47869873,3.47442627,3.48602295,3.49578857,0.00190252741,0.00148993707,0.00228617573,0.00228117011,0.00304763112,0.00159210409,0.0029327129,0.00212649279,0.00471801823,0.00434027845,0.00416845223,0.00410805037,0.00393180875,0.00399206765,0.00425037742,0.00355929043,0,0,0,0,0,0,0,0,0,0,0,0,0,0,0,0,0,0,0,0,0,0,0,0
1181,12.000000,3,1,1,0,0,3.51043701,3.50646973,3.50494385,3.50860596,3.50158691,3.51379395,3.50860596,3.50280762,3.48724365,3.48571777,3.48632812,3.47473145,3.4753418,3.47076416,3.47961426,3.48999023,0.00187043869,0.00208581518,0.00212630839,0.00232297485,0.00239475165,0.00296009262,0.00341483811,0.00247622631,0.00270511163,0.00219546631,0.00203670841,0.00177331967,0.00251989346,0.00251237233,0.00301085901,0.00111074222,0,0,0,0,0,0,0,0,0,0,0,0,0,0,0,0,0,0,0,0,0,0,0,0
1182,12.000000,3,1,1,0,0,3.51806641,3.51501465,3.51104736,3.51531982,3.51013184,3.51898193,3.51531982,3.50891113,3.49243164,3.49395752,3.49761963,3.48297119,3.47991943,3.4777832,3.49029541,3.49609375,0.0100997612,0.0107616149,0.0104757724,0.010798295,0.0102728168,0.0101977894,0.0093792351,0.0105444668,0.00802644715,0.0102552669,0.00990606938,0.00978034548,0.00820510741,0.00870923512,0.0095229065,0.00957898702,0,0,0,0,0,0,0,0,0,0,0,0,0,0,0,0,0,0,0,0,0,0,0,0
1183,12.000000,3,1,1,0,0,3.51959229,3.51623535,3.51318359,3.51654053,3.51043701,3.51959229,3.51715088,3.51043701,3.49578857,3.4954834,3.49884033,3.48571777,3.48297119,3.47900391,3.49151611,3.49700928,0.00601189863,0.0062621017,0.00616473937,0.00622553565,0.00571109774,0.00520404708,0.00583298597,0.00638609147,0.00648870785,0.00675374921,0.00527288252,0.00623377785,0.00579243153,0.00618176395,0.00631043687,0.00668548886,0,0,0,0,0,0,0,0,0,0,0,0,0,0,0,0,0,0,0,0,0,0,0,0
1184,12.000000,3,1,1,0,0,3.51806641,3.51531982,3.51104736,3.51531982,3.51013184,3.51959229,3.51531982,3.50891113,3.49609375,3.49456787,3.49487305,3.48510742,3.47991943,3.47839355,3.48815918,3.49639893,0.00559951598,0.00614471454,0.00605862588,0.00586395571,0.00624504779,0.00594487926,0.00533873914,0.00475763716,0.00596041791,0.00733453548,0.00460414262,0.00752253132,0.00640332699,0.00615249574,0.00543841114,0.0062536709,0,0,0,0,0,0,0,0,0,0,0,0,0,0,0,0,0,0,0,0,0,0,0,0
1185,12.000000,3,1,1,0,0,3.50585938,3.50219727,3.49914551,3.50250244,3.49761963,3.50830078,3.50219727,3.4967041,3.48266602,3.48144531,3.48358154,3.47045898,3.46893311,3.46282959,3.47625732,3.48419189,-0.0024800105,-0.00269451551,-0.00334950536,-0.00261620735,-0.00271683792,-0.00226429268,-0.00238986756,-0.00226108544,-0.00273740711,-0.00317805121,-0.00251708785,-0.00326255197,-0.0024572527,-0.00288765342,-0.00264722342,-0.00284059602,0,0,0,0,0,0,0,0,0,0,0,0,0,0,0,0,0,0,0,0,0,0,0,0
1186,12.000000,3,1,1,0,0,3.51409912,3.51196289,3.50830078,3.51074219,3.50646973,3.51654053,3.51074219,3.5055542,3.49212646,3.49121094,3.49334717,3.48175049,3.47839355,3.47290039,3.48602295,3.49151611,0.0017505188,0.00255639525,0.00247366563,0.00152939232,0.00211688317,0.00165410514,0.00147504662,0.00199134205,0.00100003718,0.000484385528,4.30368527e-06,0.00128267764,0.000604519795,0.00108805648,0.000949851354,0.00106718892,0,0,0,0,0,0,0,0,0,0,0,0,0,0,0,0,0,0,0,0,0,0,0,0
1187,12.000000,3,1,1,0,0,3.5055542,3.50280762,3.49853516,3.50311279,3.49700928,3.50769043,3.50250244,3.49700928,3.48114014,3.48419189,3.48510742,3.47412109,3.47015381,3.46405029,3.47839355,3.4854126,0.00795038696,0.00743284309,0.00767531944,0.00842257868,0.00761760725,0.00655613886,0.00785131939,0.00804608129,0.00721156737,0.00776780583,0.00836728513,0.00783615839,0.0064760684,0.00750728929,0.00826265197,0.00873864722,0,0,0,0,0,0,0,0,0,0,0,0,0,0,0,0,0,0,0,0,0,0,0,0
1188,12.000000,3,1,1,0,0,3.50341797,3.50189209,3.49822998,3.50097656,3.49609375,3.50799561,3.50097656,3.4942627,3.48266602,3.48144531,3.48327637,3.47198486,3.46923828,3.46282959,3.47625732,3.48144531,0.00640485669,0.00687731942,0.00707765995,0.0073379823,0.00771082565,0.00749814324,0.00698121125,0.00645680586,0.00820123777,0.00729854079,0.00616004597,0.00763966981,0.00696664676,0.00613147765,0.00690314639,0.00592549983,0,0,0,0,0,0,0,0,0,0,0,0,0,0,0,0,0,0,0,0,0,0,0,0
1189,12.000000,3,1,1,0,0,3.51593018,3.51287842,3.50982666,3.51165771,3.50799561,3.51837158,3.51196289,3.50738525,3.49151611,3.49395752,3.4979248,3.48388672,3.47991943,3.47473145,3.487854,3.49578857,0.00823692046,0.00711557362,0.007945274,0.00794629008,0.00775843207,0.007055711,0.00699450076,0.00788840279,0.00641024346,0.00978428498,0.00965040736,0.00927677564,0.00688276161,0.00843674131,0.00740303984,0.00886110496,0,0,0,0,0,0,0,0,0,0,0,0,0,0,0,0,0,0,0,0,0,0,0,0
1190,12.000000,3,1,1,0,0,3.51593018,3.51287842,3.50982666,3.51257324,3.50860596,3.51867676,3.51165771,3.50738525,3.49151611,3.49395752,3.49456787,3.48358154,3.48022461,3.47503662,3.48632812,3.4954834,0.0053481292,0.00468520122,0.00515937805,0.00479811616,0.0049863602,0.00532454625,0.00407612091,0.00529476441,0.00313338893,0.00485583954,0.00346206757,0.00472729839,0.00327596301,0.0033979998,0.00364235393,0.00471900264,0,0,0,0,0,0,0,0,0,0,0,0,0,0,0,0,0,0,0,0,0,0,0,0
1191,12.172000,3,1,1,0,0,3.5144043,3.51074219,3.50708008,3.51074219,3.5067749,3.51623535,3.51074219,3.50341797,3.49090576,3.49243164,3.49487305,3.48175049,3.47961426,3.47381592,3.4866333,3.4954834,0.008449235,0.0070670303,0.00838405732,0.00829186849,0.00794146769,0.00723583763,0.00797917973,0.00771903992,0.00867719483,0.00873691775,0.00920354854,0.00890046451,0.00978778582,0.0100277495,0.00946587697,0.0094602406,0,0,0,0,0,0,0,0,0,0,0,0,0,0,0,0,0,0,0,0,0,0,0,0
1192,12.172000,3,1,1,0,0,3.51074219,3.50646973,3.50494385,3.50860596,3.50189209,3.51379395,3.50860596,3.50219727,3.48937988,3.48571777,3.49121094,3.47961426,3.47686768,3.47320557,3.48327637,3.48937988,0.00121527619,0.000653557247,0.00110572041,0.00136046542,0.000349253649,0.000268625794,0.000921645726,0.0013652097,0.00258745742,0.000254507933,0.00168774137,0.00187932036,0.000485210621,0.00164852012,0.000506446406,0.000982056721,0,0,0,0,0,0,0,0,0,0,0,0,0,0,0,0,0,0,0,0,0,0,0,0
1193,12.172000,3,1,1,0,0,3.51165771,3.50799561,3.5055542,3.51013184,3.5043335,3.51501465,3.50982666,3.50341797,3.49151611,3.48968506,3.49395752,3.48114014,3.47869873,3.47320557,3.4854126,3.49060059,-0.00473592523,-0.00534585584,-0.0041497387,-0.0040489058,-0.00463302294,-0.00449176738,-0.00422657747,-0.00389254862,-0.00190022029,-0.00210220111,-0.00218997826,-0.00226724101,-0.00190608413,-0.00248337537,-0.00196171505,-0.00334326108,0,0,0,0,0,0,0,0,0,0,0,0,0,0,0,0,0,0,0,0,0,0,0,0
1194,12.172000,3,1,1,0,0,3.51867676,3.51501465,3.51196289,3.51531982,3.50952148,3.51898193,3.51501465,3.50921631,3.49365234,3.49609375,3.49884033,3.48571777,3.48083496,3.47839355,3.48724365,3.49853516,0.00150877703,0.000592493336,0.00149725669,0.00119837467,0.00087451248,0.000967218657,0.000759344315,0.00155933306,0.00148186006,0.00191048719,0.00117644016,0.00209167926,0.000845335366,0.0021496308,0.000345580804,0.00245232088,0,0,0,0,0,0,0,0,0,0,0,0,0,0,0,0,0,0,0,0,0,0,0,0
1195,12.172000,3,1,1,0,0,3.50769043,3.50494385,3.50128174,3.50524902,3.49914551,3.50982666,3.50463867,3.49884033,3.48693848,3.48632812,3.48907471,3.47564697,3.4753418,3.46923828,3.48052979,3.48968506,0.00612172298,0.00679498771,0.00640698895,0.00650273357,0.00614810735,0.00692105992,0.00631199917,0.00609343871,0.00722961873,0.00740247779,0.00493833423,0.00721514411,0.00663434295,0.00577064371,0.00519383373,0.00651859259,0,0,0,0,0,0,0,0,0,0,0,0,0,0,0,0,0,0,0,0,0,0,0,0
1196,12.172000,3,1,1,0,0,3.51135254,3.50799561,3.50524902,3.50952148,3.50311279,3.51348877,3.50830078,3.50280762,3.49182129,3.49029541,3.49365234,3.47808838,3.47869873,3.47412109,3.48602295,3.48999023,0.0055037858,0.00516090263,0.00569251785,0.00618622452,0.00534904841,0.00573337125,0.00659476919,0.00537491404,0.0071803336,0.00655613653,0.00665071234,0.00586507795,0.00668747397,0.00715048611,0.00727921305,0.00433500716,0,0,0,0,0,0,0,0,0,0,0,0,0,0,0,0,0,0,0,0,0,0,0,0
1197,12.172000,3,1,1,0,0,3.50891113,3.50708008,3.50402832,3.50708008,3.50158691,3.51043701,3.50708008,3.50067139,3.48876953,3.48632812,3.48999023,3.47564697,3.47595215,3.47045898,3.48236084,3.49029541,0.00700008217,0.00810722541,0.00700534275,0.0068528289,0.00792689808,0.00770879583,0.00771118142,0.00704478845,0.00784755591,0.00784940273,0.00813490525,0.00696844794,0.00784724019,0.00788019411,0.00759770535,0.00684484188,0,0,0,0,0,0,0,0,0,0,0,0,0,0,0,0,0,0,0,0,0,0,0,0
1198,12.172000,3,1,1,0,0,3.51837158,3.515625,3.51196289,3.51593018,3.51013184,3.51959229,3.515625,3.50952148,3.49334717,3.49517822,3.49884033,3.4854126,3.48144531,3.47717285,3.48724365,3.49700928,0.00915595889,0.00928447954,0.00958444364,0.00955401454,0.0091462601,0.0084197605,0.00984047819,0.00995710958,0.00869738217,0.00930568296,0.0111077018,0.00863377191,0.00861968286,0.00938727707,0.0083047878,0.00935264211,0,0,0,0,0,0,0,0,0,0,0,0,0,0,0,0,0,0,0,0,0,0,0,0
1199,12.172000,3,1,1,0,0,3.51806641,3.51470947,3.51226807,3.515625,3.51043701,3.52020264,3.51348877,3.50921631,3.4967041,3.49578857,3.49945068,3.48602295,3.48114014,3.4777832,3.48815918,3.49761963,0.0046085706,0.00471474184,0.00537413219,0.00508225709,0.00453849835,0.00449396763,0.00317962957,0.00470006,0.00447625201,0.00472362386,0.00464177597,0.00555699924,0.00405122712,0.00388068659,0.0037829373,0.00601329375,0,0,0,0,0,0,0,0,0,0,0,0,0,0,0,0,0,0,0,0,0,0,0,0
1200,12.172000,3,1,1,0,0,3.50341797,3.50189209,3.49945068,3.50067139,3.4967041,3.50769043,3.50128174,3.49487305,3.48327637,3.48236084,3.48388672,3.47167969,3.46923828,3.46405029,3.47717285,3.48571777,-0.00343480287,-0.00321882986,-0.00386659871,-0.00424568914,-0.00333984476,-0.00423787627,-0.00376953883,-0.00364173716,-0.00373031897,-0.00258959504,-0.00315421051,-0.00198945613,-0.00369529892,-0.00237226393,-0.00284059206,-0.00154219312,0,0,0,0,0,0,0,0,0,0,0,0,0,0,0,0,0,0,0,0,0,0,0,0
1201,12.172000,3,1,1,0,0,3.5055542,3.50250244,3.49914551,3.50128174,3.49761963,3.50830078,3.50219727,3.49578857,3.48175049,3.48175049,3.48327637,3.47106934,3.46893311,3.46466064,3.47747803,3.48052979,-0.00379689108,-0.00293023954,-0.00374043663,-0.00312828249,-0.00277470425,-0.00275419699,-0.00288741337,-0.00281121489,-0.00381189329,-0.00293962075,-0.00245175604,-0.00306688552,-0.00307333609,-0.00272120652,-0.00220577908,-0.00319152256,0,0,0,0,0,0,0,0,0,0,0,0,0,0,0,0,0,0,0,0,0,0,0,0
1202,12.172000,3,1,1,0,0,3.51135254,3.50921631,3.50524902,3.50952148,3.50494385,3.51623535,3.51074219,3.50311279,3.49029541,3.48602295,3.48999023,3.47564697,3.4753418,3.47198486,3.48327637,3.49029541,0.00102389697,0.00119274331,0.00080925785,0.000845054281,0.000892898825,0.00102003897,0.00137419533,0.00152774365,0.000479398004,0.000150420179,0.000833794242,-0.000210813771,-2.9442017e-06,0.00183985755,0.000285966205,0.000897476799,0,0,0,0,0,0,0,0,0,0,0,0,0,0,0,0,0,0,0,0,0,0,0,0
1203,12.172000,3,1,1,0,0,3.51135254,3.50799561,3.50524902,3.50921631,3.50494385,3.51501465,3.51043701,3.50402832,3.48815918,3.48602295,3.48999023,3.4753418,3.4753418,3.47137451,3.48236084,3.49060059,-0.00454344926,-0.00418044114,-0.00421944493,-0.00497427303,-0.00357343047,-0.0045829122,-0.00422395347,-0.00322669046,-0.00499650137,-0.00377021986,-0.00477993675,-0.00371065852,-0.00475405203,-0.00422139652,-0.00520445453,-0.00322154816,0,0,0,0,0,0,0,0,0,0,0,0,0,0,0,0,0,0,0,0,0,0,0,0
1204,12.172000,3,1,1,0,0,3.51776123,3.51379395,3.51104736,3.51470947,3.50860596,3.51928711,3.51531982,3.50860596,3.49273682,3.49487305,3.49731445,3.48449707,3.47991943,3.47442627,3.48693848,3.49578857,-0.000612303498,-0.000124543672,0.000607786584,-0.000424717262,0.000310252188,0.000296053826,0.00100385747,-0.00132652628,0.000150773092,0.000422403566,-0.000650752336,0.00114304572,-0.000654894917,-0.000665456988,0.00033472525,-0.000289115822,0,0,0,0,0,0,0,0,0,0,0,0,0,0,0,0,0,0,0,0,0,0,0,0
1205,12.172000,3,1,1,0,0,3.51470947,3.51165771,3.50646973,3.51074219,3.50646973,3.51745605,3.51135254,3.5043335,3.49090576,3.49090576,3.49365234,3.48052979,3.47686768,3.47259521,3.4866333,3.49029541,0.00895474292,0.00753764156,0.00861888845,0.00866607949,0.00842679292,0.00803515315,0.00847502332,0.00835308339,0.00952705741,0.00823917333,0.00973474514,0.00860128738,0.00798786525,0.00904821139,0.00887852069,0.007685591,0,0,0,0,0,0,0,0,0,0,0,0,0,0,0,0,0,0,0,0,0,0,0,0
1206,12.172000,3,1,1,0,0,3.51379395,3.51104736,3.50585938,3.51104736,3.50616455,3.51776123,3.51043701,3.5043335,3.49060059,3.48968506,3.49304199,3.47961426,3.47747803,3.47259521,3.48571777,3.49029541,0.00193613896,0.00200884533,0.00125388545,0.001794282,0.00216656039,0.00304038986,0.00106227188,0.00195188145,0.000416331459,0.00130432053,-0.000473348366,0.00106432301,-4.98383306e-05,-0.000843987742,0.00166806439,0.00113898958,0,0,0,0,0,0,0,0,0,0,0,0,0,0,0,0,0,0,0,0,0,0,0,0
1207,12.172000,3,1,1,0,0,3.50769043,3.50372314,3.50128174,3.50524902,3.50006104,3.51013184,3.50372314,3.49914551,3.487854,3.4854126,3.49029541,3.47564697,3.47473145,3.46954346,3.47961426,3.48968506,0.000184676159,-0.000678412034,0.000356809905,0.000592098339,1.57598843e-05,0.000928130874,0.000332488562,0.000295841659,0.000321367232,-0.000252966012,0.00120499055,-0.000797199202,0.000736672722,0.00057303824,-0.000893927412,0.00122265809,0,0,0,0,0,0,0,0,0,0,0,0,0,0,0,0,0,0,0,0,0,0,0,0
1208,12.344000,3,1,1,0,0,3.51806641,3.51531982,3.51165771,3.51531982,3.51104736,3.51928711,3.515625,3.50952148,3.4967041,3.49456787,3.49822998,3.48510742,3.48083496,3.47686768,3.49090576,3.49822998,0.00278160069,0.00354527915,0.00299635669,0.00292929797,0.00353518734,0.00218884367,0.00228916132,0.00295775943,0.00449911598,0.00298855221,0.00272076274,0.00362163247,0.0025922393,0.00222501415,0.00312958797,0.00342809642,0,0,0,0,0,0,0,0,0,0,0,0,0,0,0,0,0,0,0,0,0,0,0,0
1209,12.344000,3,1,1,0,0,3.50616455,3.50219727,3.50006104,3.50189209,3.49761963,3.50921631,3.50158691,3.49731445,3.48297119,3.48419189,3.48480225,3.47564697,3.46984863,3.46801758,3.47747803,3.48693848,-0.000624203414,-0.00106580346,-0.000987359323,-0.00181237306,-0.00120286201,-0.000405686558,-0.00140504481,-0.00118029234,0.000536366366,0.000502308481,-0.00106465211,0.00161142286,0.000790685124,0.000122583384,-0.00101622066,0.000927435583,0,0,0,0,0,0,0,0,0,0,0,0,0,0,0,0,0,0,0,0,0,0,0,0
1210,12.344000,3,1,1,0,0,3.51165771,3.50830078,3.5055542,3.50891113,3.50341797,3.51501465,3.51013184,3.50311279,3.49151611,3.49121094,3.49334717,3.48114014,3.48022461,3.47412109,3.48632812,3.49151611,0.00232803216,0.00207774481,0.00151454879,0.00256983098,0.00144435139,0.00108396215,0.00219951943,0.00218043965,0.00104144251,0.00287266029,0.00259691197,0.00162563031,0.00180961296,0.00218275748,0.000900758663,0.00173536001,0,0,0,0,0,0,0,0,0,0,0,0,0,0,0,0,0,0,0,0,0,0,0,0
1211,12.344000,3,1,1,0,0,3.50585938,3.50250244,3.49853516,3.50036621,3.49700928,3.50769043,3.50128174,3.49609375,3.48205566,3.48236084,3.48510742,3.47198486,3.47015381,3.46405029,3.47717285,3.4854126,-0.00436866889,-0.00498199277,-0.00535025215,-0.00520879077,-0.00448733894,-0.0049292706,-0.00514208712,-0.00519177457,-0.0058569368,-0.00446758606,-0.00586668495,-0.00456240634,-0.00548922177,-0.00661389949,-0.00570451282,-0.00544332992,0,0,0,0,0,0,0,0,0,0,0,0,0,0,0,0,0,0,0,0,0,0,0,0
1212,12.344000,3,1,1,0,0,3.51745605,3.51501465,3.51104736,3.51531982,3.50921631,3.51989746,3.51379395,3.50799561,3.49304199,3.49456787,3.49761963,3.48266602,3.48052979,3.47503662,3.48724365,3.49578857,0.00186089915,0.00143815612,0.00158463721,0.00193042227,0.00157733983,0.00223030802,0.0018543544,0.00157391257,0.00208882918,0.00181226386,0.00236994727,0.00154737418,0.00186139275,0.00131054036,0.00147031969,0.000886530906,0,0,0,0,0,0,0,0,0,0,0,0,0,0,0,0,0,0,0,0,0,0,0,0
1213,12.344000,3,1,1,0,0,3.51379395,3.51165771,3.50860596,3.51043701,3.50646973,3.51623535,3.51043701,3.50402832,3.49121094,3.49182129,3.49334717,3.48144531,3.47900391,3.47259521,3.48632812,3.49487305,0.00554739125,0.00655514235,0.00617031427,0.00617584633,0.00606009178,0.00619251374,0.00630634185,0.00548123289,0.00327153201,0.00554002495,0.00432302197,0.00520292344,0.00455147121,0.00399577804,0.00504413247,0.00602579163,0,0,0,0,0,0,0,0,0,0,0,0,0,0,0,0,0,0,0,0,0,0,0,0
1214,12.344000,3,1,1,0,0,3.50189209,3.49945068,3.4954834,3.49945068,3.49365234,3.5055542,3.50006104,3.49365234,3.48236084,3.47991943,3.48449707,3.47106934,3.47045898,3.46374512,3.4777832,3.48388672,0.00222740555,0.00293091103,0.00230537681,0.00231935596,0.00173653895,0.00209306064,0.0020010299,0.00225836947,0.001169311,0.00319661829,0.00266745756,0.00299447775,0.00148552225,0.00151573576,0.00315010501,0.00293514389,0,0,0,0,0,0,0,0,0,0,0,0,0,0,0,0,0,0,0,0,0,0,0,0
1215,12.344000,3,1,1,0,0,3.51806641,3.51531982,3.51226807,3.515625,3.51074219,3.51928711,3.51593018,3.50982666,3.49639893,3.49487305,3.49853516,3.4854126,3.48083496,3.47808838,3.48754883,3.49609375,0.00531065417,0.0050028665,0.00532826688,0.0042899698,0.00536334328,0.00421751989,0.00559198437,0.00431629503,0.00684065046,0.00613770215,0.00568795856,0.00682768319,0.0060730814,0.00588123221,0.00613645045,0.00495823286,0,0,0,0,0,0,0,0,0,0,0,0,0,0,0,0,0,0,0,0,0,0,0,0
1216,12.344000,3,1,1,0,0,3.5055542,3.50189209,3.49731445,3.50006104,3.49731445,3.50708008,3.50097656,3.49609375,3.48205566,3.48419189,3.48510742,3.47229004,3.46984863,3.46343994,3.47686768,3.48571777,-0.00384614826,-0.0048183715,-0.00473491149,-0.00503014261,-0.00508528762,-0.00473184371,-0.00512948819,-0.00454907585,-0.00294534746,-0.00357055059,-0.00246226555,-0.00254360144,-0.00435474236,-0.00282181334,-0.00389428856,-0.00328598754,0,0,0,0,0,0,0,0,0,0,0,0,0,0,0,0,0,0,0,0,0,0,0,0
1217,12.344000,3,1,1,0,0,3.50616455,3.50189209,3.49884033,3.50250244,3.4979248,3.50708008,3.50189209,3.49731445,3.48602295,3.4854126,3.48571777,3.4753418,3.47045898,3.46832275,3.4777832,3.48724365,0.000579663552,0.000424456492,0.000199280723,0.000776827801,0.000821715745,0.000307729002,0.000412472989,0.000942495419,0.000771658903,0.000871010358,0.000636856363,0.00157171651,0.000732183224,0.00112358131,0.00161724701,0.000852134894,0,0,0,0,0,0,0,0,0,0,0,0,0,0,0,0,0,0,0,0,0,0,0,0
1218,12.344000,3,1,1,0,0,3.50952148,3.50646973,3.50311279,3.50616455,3.50128174,3.51104736,3.50708008,3.50006104,3.48602295,3.48510742,3.48815918,3.47595215,3.47015381,3.46862793,3.47839355,3.48724365,0.00168344204,0.00184124894,0.00139237405,0.0012404127,0.00180545729,0.000233231083,0.00196521683,0.00205091061,0.000218566507,0.000276547449,-0.00177388126,-3.20953841e-05,-0.00171372562,8.03722651e-05,-0.00112611987,-0.00057013944,0,0,0,0,0,0,0,0,0,0,0,0,0,0,0,0,0,0,0,0,0,0,0,0
1219,12.344000,3,1,1,0,0,3.50738525,3.50463867,3.50097656,3.50494385,3.49945068,3.50982666,3.50250244,3.4979248,3.48327637,3.48571777,3.487854,3.4753418,3.47106934,3.46862793,3.47839355,3.48693848,0.00354453945,0.00445138803,0.00375651801,0.0034404709,0.00445597572,0.00364307011,0.00296500488,0.00365656754,0.00421500439,0.00477434415,0.00361581333,0.00442005787,0.00417680759,0.00349216536,0.00337701524,0.00485679647,0,0,0,0,0,0,0,0,0,0,0,0,0,0,0,0,0,0,0,0,0,0,0,0
1220,12.344000,3,1,1,0,0,3.50738525,3.50463867,3.50189209,3.50494385,3.50006104,3.50891113,3.50372314,3.49945068,3.4866333,3.48571777,3.48602295,3.47473145,3.47412109,3.46832275,3.47839355,3.48876953,0.000185968238,-0.00100103533,-5.42500056e-05,-0.000456087291,-0.000822094153,-0.00146914925,-0.000671548944,-0.000716583338,0.000555508072,-0.000325704576,-0.000841813569,-0.00054140226,-0.000442902092,0.000161459786,-0.000978089869,0.000372027629,0,0,0,0,0,0,0,0,0,0,0,0,0,0,0,0,0,0,0,0,0,0,0,0
1221,12.344000,3,1,1,0,0,3.51745605,3.51409912,3.51196289,3.51501465,3.50982666,3.51989746,3.51287842,3.50891113,3.49609375,3.49517822,3.49853516,3.4854126,3.47930908,3.47625732,3.48754883,3.4967041,0.00554847484,0.00464459462,0.00526376488,0.00482117198,0.00512280129,0.00431940798,0.0044357148,0.00461659534,0.00251152809,0.00354278181,0.00211464334,0.0036996305,0.00145127519,0.00334303011,0.00156749273,0.00344095286,0,0,0,0,0,0,0,0,0,0,0,0,0,0,0,0,0,0,0,0,0,0,0,0
1222,12.344000,3,1,1,0,0,3.50921631,3.5055542,3.50219727,3.50585938,3.50097656,3.51074219,3.50616455,3.50006104,3.4866333,3.48480225,3.4854126,3.47564697,3.47076416,3.46893311,3.47717285,3.48571777,0.00399123458,0.00447217328,0.00399862556,0.00422680564,0.00343852467,0.00386845553,0.00374260778,0.00417769607,0.00355188642,0.00397814158,0.00223961077,0.00308426749,0.00179733662,0.00338993222,0.00269213598,0.00296653435,0,0,0,0,0,0,0,0,0,0,0,0,0,0,0,0,0,0,0,0,0,0,0,0
1223,12.344000,3,1,1,0,0,3.50189209,3.49731445,3.4954834,3.50006104,3.49243164,3.5043335,3.49853516,3.49334717,3.48236084,3.4777832,3.48327637,3.46801758,3.46923828,3.46374512,3.47625732,3.48114014,-0.000936288096,-0.00188236753,-0.000826356409,-0.000804730225,-0.00155079388,-0.00236570602,-0.00190819637,-0.00100067467,-2.55064224e-05,-0.000763309828,0.000819916779,-0.00179444568,0.000448807783,0.000202770971,-0.00017822333,-0.000272985722,0,0,0,0,0,0,0,0,0,0,0,0,0,0,0,0,0,0,0,0,0,0,0,0
1224,12.344000,3,1,1,0,0,3.51013184,3.50708008,3.50372314,3.50708008,3.50189209,3.51104736,3.50708008,3.50158691,3.48632812,3.48571777,3.48510742,3.47625732,3.47076416,3.46984863,3.47869873,3.48754883,-0.00288316165,-0.00210770476,-0.00311376271,-0.00293240114,-0.00211758167,-0.00278276019,-0.00271432078,-0.00305949291,-0.00367827853,-0.00503239594,-0.00495184492,-0.00495552272,-0.00505961105,-0.00422595441,-0.00340149971,-0.00445674779,0,0,0,0,0,0,0,0,0,0,0,0,0,0,0,0,0,0,0,0,0,0,0,0
1225,12.500000,3,1,1,0,0,3.51776123,3.515625,3.51165771,3.51531982,3.51043701,3.51867676,3.51623535,3.50982666,3.49639893,3.49517822,3.49884033,3.48571777,3.48052979,3.47808838,3.487854,3.49609375,0.00873571541,0.0086579714,0.00899747107,0.00874086283,0.00900441408,0.00854883716,0.00801179558,0.00885982439,0.00851014443,0.00897562038,0.00912876613,0.00869552046,0.0090642646,0.00764297601,0.00793381035,0.00950790942,0,0,0,0,0,0,0,0,0,0,0,0,0,0,0,0,0,0,0,0,0,0,0,0
1226,12.500000,3,1,1,0,0,3.51013184,3.50738525,3.50494385,3.50830078,3.50189209,3.51226807,3.50891113,3.50219727,3.48693848,3.4866333,3.48937988,3.47625732,3.4753418,3.46984863,3.48114014,3.48876953,0.0111534987,0.0109870452,0.0102024348,0.0113052381,0.0109874876,0.010731332,0.0113451658,0.0110040102,0.0100336159,0.0104697105,0.0113598751,0.0106599592,0.0113276159,0.00957255997,0.0116377482,0.0110052591,0,0,0,0,0,0,0,0,0,0,0,0,0,0,0,0,0,0,0,0,0,0,0,0
1227,12.500000,3,1,1,0,0,3.50952148,3.50646973,3.50372314,3.5067749,3.50097656,3.51013184,3.5067749,3.50097656,3.48999023,3.48571777,3.49212646,3.47595215,3.47595215,3.47290039,3.48297119,3.49060059,0.00306668249,0.00319172908,0.00329803722,0.00363080623,0.00308457762,0.00337079586,0.00267895148,0.00315702613,0.00342089264,0.00305241952,0.00288586202,0.00299258018,0.0027150861,0.00274035125,0.00299154036,0.00198634923,0,0,0,0,0,0,0,0,0,0,0,0,0,0,0,0,0,0,0,0,0,0,0,0
1228,12.500000,3,1,1,0,0,3.51196289,3.51074219,3.50646973,3.51013184,3.50616455,3.51623535,3.51013184,3.50402832,3.49243164,3.49090576,3.4942627,3.48114014,3.47930908,3.47290039,3.48602295,3.4942627,0.00648001442,0.00647284463,0.00619892171,0.006329,0.00675006351,0.00636139093,0.00656716945,0.00638145208,0.00539300498,0.00593335321,0.00594751444,0.00518848142,0.00648927223,0.00518264575,0.00621213205,0.0062722424,0,0,0,0,0,0,0,0,0,0,0,0,0,0,0,0,0,0,0,0,0,0,0,0
1229,12.500000,3,1,1,0,0,3.50585938,3.50250244,3.49914551,3.50128174,3.49700928,3.50769043,3.50097656,3.49609375,3.48236084,3.48297119,3.48358154,3.47229004,3.47015381,3.46405029,3.47686768,3.48632812,-0.00222665444,-0.00259995298,-0.00225061947,-0.00224987115,-0.00273700501,-0.00325118611,-0.00302865729,-0.00228372728,-0.000903051929,-0.0013313205,-0.00242649065,-0.00118610007,-0.00215122919,-0.000973219576,-0.00257680332,-0.00256668194,0,0,0,0,0,0,0,0,0,0,0,0,0,0,0,0,0,0,0,0,0,0,0,0
1230,12.500000,3,1,1,0,0,3.5055542,3.50219727,3.49822998,3.50158691,3.4967041,3.50708008,3.50128174,3.49487305,3.48114014,3.47961426,3.48388672,3.47015381,3.46862793,3.46466064,3.4765625,3.48205566,0.00359963952,0.00354301441,0.00359159824,0.0039332197,0.00423950329,0.00458602887,0.00309708156,0.0037223408,0.00245184172,0.0035686742,0.00296029798,0.00279144826,0.00376088871,0.00296730921,0.00362041569,0.00347599224,0,0,0,0,0,0,0,0,0,0,0,0,0,0,0,0,0,0,0,0,0,0,0,0
1231,12.500000,3,1,1,0,0,3.51715088,3.5144043,3.51074219,3.51531982,3.50891113,3.51867676,3.51409912,3.50891113,3.49273682,3.49365234,3.4979248,3.48297119,3.48022461,3.47625732,3.48632812,3.49578857,0.0104091372,0.0106189689,0.0103750229,0.0109705664,0.0104610743,0.0103910938,0.0111912452,0.0106499279,0.0102953734,0.0112510948,0.00922313053,0.00941537973,0.00884567015,0.0100278519,0.00849741697,0.0103842579,0,0,0,0,0,0,0,0,0,0,0,0,0,0,0,0,0,0,0,0,0,0,0,0
1232,12.500000,3,1,1,0,0,3.49945068,3.4967041,3.49304199,3.4967041,3.49060059,3.50067139,3.49609375,3.49029541,3.47991943,3.47686768,3.48236084,3.46710205,3.46496582,3.46008301,3.47320557,3.47991943,-0.00360508449,-0.00352665363,-0.00274164579,-0.00282772514,-0.00410806853,-0.00338406512,-0.00283440202,-0.00333010568,-0.00150900369,-0.00302107702,-0.000755256682,-0.00302466517,-0.00150584523,-0.00185060769,-0.00171421375,-0.0013354572,0,0,0,0,0,0,0,0,0,0,0,0,0,0,0,0,0,0,0,0,0,0,0,0
1233,12.500000,3,1,1,0,0,3.51348877,3.51043701,3.50646973,3.51043701,3.50616455,3.5168457,3.51135254,3.50402832,3.49090576,3.49151611,3.4942627,3.48144531,3.47991943,3.47320557,3.48724365,3.49121094,0.0114376023,0.0106560746,0.0105932951,0.0107601136,0.0113640986,0.0107103353,0.0112884119,0.0108728819,0.00941985846,0.010192926,0.0106436554,0.00890058652,0.00949512795,0.00877518114,0.00970480219,0.00878669135,0,0,0,0,0,0,0,0,0,0,0,0,0,0,0,0,0,0,0,0,0,0,0,0
1234,12.500000,3,1,1,0,0,3.50646973,3.50372314,3.50036621,3.50372314,3.4979248,3.50769043,3.50158691,3.49761963,3.48327637,3.4854126,3.48480225,3.47412109,3.47106934,3.46832275,3.47747803,3.4866333,0.0024067217,0.00239976891,0.00258606812,0.00183444808,0.00249219569,0.00237950264,0.0014072971,0.00277223159,0.00257251528,0.00442063622,0.00281771412,0.00440429337,0.00297196489,0.0023579821,0.00251367711,0.00382582587,0,0,0,0,0,0,0,0,0,0,0,0,0,0,0,0,0,0,0,0,0,0,0,0
1235,12.500000,3,1,1,0,0,3.51745605,3.51531982,3.51135254,3.51501465,3.50982666,3.52020264,3.51318359,3.50891113,3.49304199,3.4942627,3.49334717,3.48236084,3.47869873,3.47412109,3.487854,3.49578857,0.00518372236,0.00581513904,0.00490211509,0.00502979942,0.00574703002,0.00620610639,0.00499676401,0.00521059753,0.00494567771,0.0054234257,0.00506390398,0.00457669236,0.00537844282,0.00454750191,0.00573540851,0.00367496116,0,0,0,0,0,0,0,0,0,0,0,0,0,0,0,0,0,0,0,0,0,0,0,0
1236,12.500000,3,1,1,0,0,3.51470947,3.51226807,3.50799561,3.51226807,3.50769043,3.51867676,3.51196289,3.50646973,3.49212646,3.49212646,3.49487305,3.48144531,3.47930908,3.47290039,3.48724365,3.49395752,0.00382048031,0.0047131544,0.00356071489,0.0033242288,0.0044244742,0.00387349376,0.00401863735,0.0043100426,0.00310377055,0.00310587976,0.00327595626,0.00312597281,0.00311668031,0.0027659128,0.00369055732,0.00228241761,0,0,0,0,0,0,0,0,0,0,0,0,0,0,0,0,0,0,0,0,0,0,0,0
1237,12.500000,3,1,1,0,0,3.51745605,3.51531982,3.51165771,3.51531982,3.51043701,3.52020264,3.515625,3.50952148,3.49609375,3.49517822,3.49456787,3.48480225,3.48083496,3.4777832,3.49151611,3.49822998,0.00569586782,0.00603077281,0.00553133525,0.00609152392,0.00522091053,0.00590604171,0.00506633148,0.0057203304,0.00537987798,0.00494518504,0.00438003847,0.00510687288,0.00488479435,0.00457255309,0.00578997424,0.00574342208,0,0,0,0,0,0,0,0,0,0,0,0,0,0,0,0,0,0,0,0,0,0,0,0
1238,12.500000,3,1,1,0,0,3.50524902,3.50250244,3.49731445,3.50219727,3.4967041,3.50830078,3.50036621,3.49639893,3.48144531,3.48114014,3.48510742,3.47137451,3.46923828,3.46282959,3.47625732,3.48480225,7.6735043e-05,-0.000635646749,-0.000620921608,0.000509515638,5.21762995e-05,0.000657974277,-0.000260508386,-0.000151829445,-3.8956292e-05,-5.97104663e-05,-0.000366408494,-0.0018331079,9.97585012e-05,-0.000215164968,-0.000398430042,-0.000508671743,0,0,0,0,0,0,0,0,0,0,0,0,0,0,0,0,0,0,0,0,0,0,0,0
1239,12.500000,3,1,1,0,0,3.51776123,3.51501465,3.51104736,3.51501465,3.50982666,3.51928711,3.51470947,3.50830078,3.49243164,3.49304199,3.49700928,3.48297119,3.47961426,3.47442627,3.48602295,3.49578857,0.00403850619,0.00351190357,0.00399569795,0.00386970001,0.00356855663,0.0041417405,0.00443815719,0.00428867666,0.00280620414,0.00288966694,0.002943228,0.00278601958,0.00325570838,0.00288250064,0.0022026184,0.0032062293,0,0,0,0,0,0,0,0,0,0,0,0,0,0,0,0,0,0,0,0,0,0,0,0
1240,12.500000,3,1,1,0,0,3.51104736,3.50738525,3.5043335,3.50769043,3.50128174,3.51257324,3.50708008,3.50097656,3.49029541,3.48693848,3.49121094,3.4765625,3.47808838,3.47259521,3.48358154,3.49060059,0.00780063635,0.00704453792,0.00749168638,0.0071790712,0.00679053273,0.00694301864,0.00677999668,0.00723177148,0.00786068849,0.0069880737,0.00770424493,0.00741180405,0.00861071236,0.00731077045,0.00818701088,0.00800118688,0,0,0,0,0,0,0,0,0,0,0,0,0,0,0,0,0,0,0,0,0,0,0,0
1241,12.500000,3,1,1,0,0,3.51867676,3.51409912,3.51196289,3.51623535,3.51074219,3.51959229,3.515625,3.50921631,3.49609375,3.49517822,3.49822998,3.48510742,3.48083496,3.47717285,3.49090576,3.49700928,0.00506641623,0.00452835066,0.00551437447,0.0050064614,0.0054888106,0.00477255043,0.00464514596,0.00519026397,0.00394607615,0.00511576235,0.00479958905,0.00527868373,0.00390506256,0.0043112156,0.00441717124,0.00528848171,0,0,0,0,0,0,0,0,0,0,0,0,0,0,0,0,0,0,0,0,0,0,0,0
1242,12.672000,3,1,1,0,0,3.51959229,3.51623535,3.51318359,3.51623535,3.50982666,3.52050781,3.51623535,3.51074219,3.4967041,3.49609375,3.49884033,3.48480225,3.48388672,3.47869873,3.49151611,3.49731445,0.00971156545,0.00905028544,0.00920487475,0.00977758598,0.00881646015,0.00899455603,0.00880904309,0.00982519798,0.00806177314,0.00836466532,0.00786312297,0.00708236778,0.00793792121,0.00782420114,0.00814654026,0.00755593926,0,0,0,0,0,0,0,0,0,0,0,0,0,0,0,0,0,0,0,0,0,0,0,0
1243,12.672000,3,1,1,0,0,3.51104736,3.50830078,3.5055542,3.50982666,3.50280762,3.51226807,3.50982666,3.50341797,3.49090576,3.49121094,3.49395752,3.48114014,3.47900391,3.47412109,3.48602295,3.49060059,0.000676276744,0.00136146951,0.00140340219,0.00189526437,0.0012376837,0.00107822963,0.00208125124,0.00155982119,0.00180223281,0.00327441841,0.00216772896,0.00357875251,0.00183273898,0.00112127338,0.00304363389,0.000852281344,0,0,0,0,0,0,0,0,0,0,0,0,0,0,0,0,0,0,0,0,0,0,0,0
1244,12.672000,3,1,1,0,0,3.51013184,3.50646973,3.50280762,3.5067749,3.50189209,3.51013184,3.50646973,3.50097656,3.48907471,3.48693848,3.49060059,3.4753418,3.47595215,3.47198486,3.48266602,3.49060059,0.00247685099,0.00184504292,0.00202791952,0.00247436389,0.00160911318,0.00124934223,0.00243827328,0.0027182491,0.0026512295,0.00144577422,0.00428767595,0.00098282774,0.00301355589,0.00223473716,0.00151815964,0.00281401118,0,0,0,0,0,0,0,0,0,0,0,0,0,0,0,0,0,0,0,0,0,0,0,0
1245,12.672000,3,1,1,0,0,3.51165771,3.50952148,3.5055542,3.50860596,3.50494385,3.51501465,3.51013184,3.50189209,3.49212646,3.49029541,3.49395752,3.48083496,3.47869873,3.47320557,3.48602295,3.49395752,0.00118505454,7.95410015e-05,0.000341475883,0.0011559577,7.67345773e-06,0.00104558142,0.0010329776,0.00065163651,0.00309127173,0.000660040299,0.00334018422,0.00226394925,0.00263088569,0.00197431725,0.00294425339,0.00160769711,0,0,0,0,0,0,0,0,0,0,0,0,0,0,0,0,0,0,0,0,0,0,0,0
1246,12.672000,3,1,1,0,0,3.5043335,3.50250244,3.49884033,3.50128174,3.49761963,3.50799561,3.50097656,3.4967041,3.48297119,3.48266602,3.48449707,3.47412109,3.46923828,3.46435547,3.47686768,3.4854126,-0.00331792841,-0.00270882295,-0.0028594851,-0.00437352015,-0.0036976547,-0.00290366053,-0.004851209,-0.0031470682,-0.00298041757,-0.00234388351,-0.00390321319,-0.00327198463,-0.00470463699,-0.00471630646,-0.00449350616,-0.00233512511,0,0,0,0,0,0,0,0,0,0,0,0,0,0,0,0,0,0,0,0,0,0,0,0
1247,12.672000,3,1,1,0,0,3.51135254,3.50708008,3.50524902,3.50860596,3.50219727,3.51135254,3.50830078,3.50250244,3.49182129,3.48999023,3.49365234,3.48052979,3.47717285,3.47320557,3.48602295,3.49060059,0.00770550873,0.00769601949,0.00803969242,0.00923170242,0.00812182669,0.00856826268,0.00895721,0.00803571194,0.00979352184,0.00867421553,0.0102725867,0.00819025002,0.00978465378,0.00952488743,0.00921090879,0.00729320478,0,0,0,0,0,0,0,0,0,0,0,0,0,0,0,0,0,0,0,0,0,0,0,0
1248,12.672000,3,1,1,0,0,3.5043335,3.50097656,3.49700928,3.49975586,3.49578857,3.50616455,3.50036621,3.49365234,3.48114014,3.48205566,3.48358154,3.47198486,3.46984863,3.46374512,3.47625732,3.48449707,-0.000253280567,2.0109117e-05,-0.0010245986,-0.000915033976,-0.000339772203,-0.000177714857,-0.000362423074,-0.00116510538,-0.000776428089,0.000462364173,-0.000372528913,0.000394308125,-9.54740681e-05,-0.000177938142,-9.53992712e-05,-0.000670450274,0,0,0,0,0,0,0,0,0,0,0,0,0,0,0,0,0,0,0,0,0,0,0,0
1249,12.672000,3,1,1,0,0,3.50982666,3.50738525,3.50372314,3.50952148,3.50280762,3.51379395,3.50982666,3.50311279,3.49029541,3.4866333,3.49273682,3.48052979,3.47900391,3.47320557,3.48571777,3.49029541,-0.000306830567,-3.02331755e-05,-0.000234809588,0.000170733314,0.00075104367,0.000862149231,0.00225123856,0.000309870986,0.00296956114,0.00166629045,0.00276276702,0.00317884097,0.00344779436,0.00326866144,0.00331585691,0.00228933059,0,0,0,0,0,0,0,0,0,0,0,0,0,0,0,0,0,0,0,0,0,0,0,0
1250,12.672000,3,1,1,0,0,3.51104736,3.50982666,3.5055542,3.51013184,3.50280762,3.51531982,3.51013184,3.50280762,3.49090576,3.49060059,3.49334717,3.48114014,3.47961426,3.47351074,3.48602295,3.49121094,0.000658661011,0.00052655238,0.00125819293,0.00144086126,-3.61109742e-05,0.000165347228,0.00210213475,0.00165294006,0.0041953763,0.00160711317,0.00343625597,0.00146597484,0.0045192563,0.00426912867,0.00353833125,0.00180260476,0,0,0,0,0,0,0,0,0,0,0,0,0,0,0,0,0,0,0,0,0,0,0,0
1251,12.672000,3,1,1,0,0,3.5055542,3.50280762,3.50006104,3.50219727,3.49761963,3.50830078,3.50158691,3.4967041,3.48602295,3.48449707,3.4854126,3.47503662,3.47015381,3.46588135,3.47747803,3.48754883,0.00296560139,0.00362208416,0.00312740542,0.00310955523,0.00361569086,0.00399254542,0.00313074375,0.00319081242,0.00465379097,0.00402402692,0.00456508109,0.0045800521,0.00353857619,0.00406565657,0.0038487236,0.00530926185,0,0,0,0,0,0,0,0,0,0,0,0,0,0,0,0,0,0,0,0,0,0,0,0
1252,12.672000,3,1,1,0,0,3.5055542,3.50250244,3.49945068,3.50311279,3.4979248,3.50860596,3.50219727,3.49761963,3.48297119,3.48327637,3.48419189,3.47473145,3.46923828,3.46496582,3.47808838,3.48602295,-0.000703792146,-0.00105960353,4.11390793e-05,-0.000839555112,-0.000674459268,-0.00107511389,-0.000617750804,-0.00042308151,-0.000397007563,0.000550340861,-0.000803235278,-0.000634588301,-0.00125274085,-0.000402033154,0.000550356519,0.000643265317,0,0,0,0,0,0,0,0,0,0,0,0,0,0,0,0,0,0,0,0,0,0,0,0
1253,12.672000,3,1,1,0,0,3.51745605,3.51501465,3.51104736,3.51531982,3.50860596,3.51898193,3.51470947,3.50860596,3.49304199,3.4942627,3.49456787,3.48571777,3.47991943,3.4777832,3.487854,3.49578857,0.00804835279,0.0082846703,0.00767658604,0.00827137101,0.00834858604,0.0083628064,0.00873045623,0.00794183742,0.00656474661,0.00692467578,0.00762329856,0.00783953536,0.00758798514,0.00750063825,0.00792749505,0.00605789898,0,0,0,0,0,0,0,0,0,0,0,0,0,0,0,0,0,0,0,0,0,0,0,0
1254,12.672000,3,1,1,0,0,3.50799561,3.50372314,3.50158691,3.50463867,3.49853516,3.51013184,3.50341797,3.49914551,3.48693848,3.4854126,3.48815918,3.47625732,3.47412109,3.46893311,3.47808838,3.48846436,0.00256769545,0.00250089518,0.00317556877,0.0035108712,0.0028728093,0.00289421389,0.0013146454,0.00306919264,0.00344097754,0.00373219582,0.00394118484,0.0038578324,0.0033677551,0.00400306238,0.00149112509,0.00507351803,0,0,0,0,0,0,0,0,0,0,0,0,0,0,0,0,0,0,0,0,0,0,0,0
1255,12.672000,3,1,1,0,0,3.51257324,3.51074219,3.50646973,3.50860596,3.50585938,3.51623535,3.51043701,3.50402832,3.48999023,3.48999023,3.49365234,3.47961426,3.47717285,3.47381592,3.48571777,3.48999023,-1.34270522e-05,-0.000955372583,-0.000359397527,-0.00047457061,-8.37963307e-05,-0.000346598099,-0.000583212124,-0.000609772396,-0.000328309223,0.000681203092,0.000363787258,0.00114842772,0.000688958273,0.000627892266,0.000174683824,0.000603747903,0,0,0,0,0,0,0,0,0,0,0,0,0,0,0,0,0,0,0,0,0,0,0,0
1256,12.672000,3,1,1,0,0,3.52020264,3.515625,3.51348877,3.51776123,3.51074219,3.52020264,3.5168457,3.51074219,3.49761963,3.49487305,3.49914551,3.48449707,3.48480225,3.47900391,3.49151611,3.49914551,0.00925466791,0.00895484164,0.00923213642,0.00946879946,0.00846499112,0.00802749768,0.00902646407,0.00924704131,0.00971757434,0.00847826898,0.00941391569,0.00794604048,0.00790715776,0.00908613298,0.00811804645,0.00841397606,0,0,0,0,0,0,0,0,0,0,0,0,0,0,0,0,0,0,0,0,0,0,0,0
1257,12.672000,3,1,1,0,0,3.51898193,3.51531982,3.51257324,3.51623535,3.51043701,3.52020264,3.515625,3.50982666,3.49639893,3.49456787,3.49822998,3.48480225,3.48052979,3.47839355,3.48724365,3.49639893,-0.0023667377,-0.00247772038,-0.00313469581,-0.00315236161,-0.00265639462,-0.00225594104,-0.00232342584,-0.00217418745,-0.00240249303,-0.00395412184,-0.00201553642,-0.00435402431,-0.00332637131,-0.00208182167,-0.00331479055,-0.00271003856,0,0,0,0,0,0,0,0,0,0,0,0,0,0,0,0,0,0,0,0,0,0,0,0
1258,12.672000,3,1,1,0,0,3.50891113,3.50616455,3.50280762,3.50616455,3.50097656,3.51043701,3.50616455,3.49975586,3.48266602,3.4854126,3.48419189,3.47503662,3.47045898,3.46801758,3.4765625,3.48693848,-0.00105756556,-0.00105169893,-0.00167665142,-0.00211522682,-0.00123504514,-0.00156397372,-0.00181415281,-0.00197984488,-0.00246428722,-0.00148715824,-0.00223772367,-0.000350813381,-0.00242996216,-0.00147382356,-0.00185938971,-0.00256319414,0,0,0,0,0,0,0,0,0,0,0,0,0,0,0,0,0,0,0,0,0,0,0,0
1259,12.844000,3,1,1,0,0,3.5055542,3.50250244,3.49914551,3.50158691,3.49700928,3.50738525,3.50097656,3.49578857,3.4854126,3.48510742,3.4854126,3.47442627,3.47076416,3.46496582,3.47686768,3.4854126,0.00072363537,0.000878359366,0.00080088625,0.000493003346,0.000399751065,0.000772326195,0.000259379798,0.00043044897,-0.000402126752,-1.18874013e-05,-0.00125789177,-0.000620624574,-0.00120372185,5.69400727e-05,-0.00224834145,0.000641452847,0,0,0,0,0,0,0,0,0,0,0,0,0,0,0,0,0,0,0,0,0,0,0,0
1260,12.844000,3,1,1,0,0,3.5055542,3.50280762,3.49945068,3.50250244,3.49731445,3.50830078,3.50219727,3.49731445,3.48236084,3.48114014,3.48297119,3.47106934,3.46893311,3.46466064,3.47747803,3.48175049,0.000989232212,0.00109140645,0.00051520986,0.000691118068,0.00102796732,0.000951799448,0.000967228436,0.00138835574,-0.000459377829,-0.00149258471,-0.000228496385,-0.00156036275,-0.00102992263,-0.000125129125,-0.000526905817,-0.000622768712,0,0,0,0,0,0,0,0,0,0,0,0,0,0,0,0,0,0,0,0,0,0,0,0
1261,12.844000,3,1,1,0,0,3.51898193,3.51623535,3.51257324,3.51593018,3.51074219,3.51989746,3.51593018,3.50982666,3.49578857,3.49578857,3.49822998,3.48449707,3.48114014,3.47869873,3.48815918,3.49884033,0.00885417033,0.00855996925,0.00929433107,0.00812450796,0.0096460823,0.00913315639,0.00947013497,0.00856593996,0.00856283493,0.00802213792,0.0087615978,0.00855517108,0.00762977218,0.0086386716,0.00821039733,0.00787411164,0,0,0,0,0,0,0,0,0,0,0,0,0,0,0,0,0,0,0,0,0,0,0,0
1262,12.844000,3,1,1,0,0,3.51379395,3.51104736,3.50585938,3.51074219,3.50585938,3.51623535,3.51135254,3.50341797,3.49121094,3.49060059,3.49243164,3.47686768,3.47839355,3.47259521,3.48480225,3.48937988,-0.00328806532,-0.00251582614,-0.00280119758,-0.00277215475,-0.00209906534,-0.00212132861,-0.00160751934,-0.00267102686,-0.00102603808,-0.00132404058,-0.00166528637,-0.00192530372,-0.000509161269,-0.00198739185,-0.00184225594,-0.000978363096,0,0,0,0,0,0,0,0,0,0,0,0,0,0,0,0,0,0,0,0,0,0,0,0
1263,12.844000,3,1,1,0,0,3.50952148,3.5055542,3.50372314,3.50616455,3.50128174,3.50952148,3.50585938,3.50097656,3.48693848,3.48480225,3.48937988,3.4765625,3.47564697,3.47076416,3.48236084,3.49060059,0.00398630882,0.00378287025,0.00452012382,0.00439202739,0.00410257187,0.00363254128,0.00391231105,0.00452081161,0.00236207247,0.00381796737,0.0018789951,0.00405269628,0.0029569678,0.003116793,0.00311808987,0.00526790274,0,0,0,0,0,0,0,0,0,0,0,0,0,0,0,0,0,0,0,0,0,0,0,0
1264,12.844000,3,1,1,0,0,3.51104736,3.50708008,3.50494385,3.50952148,3.50341797,3.51470947,3.50860596,3.50341797,3.49151611,3.49121094,3.49334717,3.48083496,3.47839355,3.47412109,3.48632812,3.49090576,0.00233391277,0.00194304623,0.00241025584,0.00356898597,0.00278044213,0.00275810924,0.00328882132,0.0032294821,0.00466313167,0.00432520686,0.00477257278,0.00423493888,0.00394365983,0.00404085312,0.00475807535,0.00340422732,0,0,0,0,0,0,0,0,0,0,0,0,0,0,0,0,0,0,0,0,0,0,0,0
1265,12.844000,3,1,1,0,0,3.50616455,3.50341797,3.49975586,3.50189209,3.49761963,3.50891113,3.50250244,3.49700928,3.48266602,3.48114014,3.48327637,3.47167969,3.46893311,3.46282959,3.4765625,3.48480225,-0.00179848762,-0.00150517107,-0.00126703549,-0.00232909783,-0.00200880296,-0.0017089803,-0.00237645139,-0.00251347967,-0.00271441508,-0.00313047459,-0.0036783549,-0.00362496241,-0.00420092046,-0.00431768596,-0.00334168295,-0.00375683839,0,0,0,0,0,0,0,0,0,0,0,0,0,0,0,0,0,0,0,0,0,0,0,0
1266,12.844000,3,1,1,0,0,3.51104736,3.50616455,3.50402832,3.50921631,3.50189209,3.51165771,3.50860596,3.50250244,3.49121094,3.48999023,3.49243164,3.48022461,3.47869873,3.47351074,3.48571777,3.48968506,0.00238184351,0.00186247739,0.00263926992,0.00329506816,0.00184667436,0.00201487215,0.00307329907,0.0034194591,0.00361397001,0.00369287934,0.00340843596,0.00372968474,0.00415228913,0.00385636999,0.00390020991,0.00286591193,0,0,0,0,0,0,0,0,0,0,0,0,0,0,0,0,0,0,0,0,0,0,0,0
1267,12.844000,3,1,1,0,0,3.51715088,3.51409912,3.51043701,3.51409912,3.51013184,3.51959229,3.51409912,3.50860596,3.49273682,3.49365234,3.49517822,3.48449707,3.47900391,3.47412109,3.48632812,3.49761963,0.00417046063,0.00432432862,0.00449242815,0.00557597261,0.00487266434,0.0051716594,0.00501162373,0.00507771317,0.00487694424,0.00493785227,0.00527001545,0.00600348692,0.00475549558,0.00496798707,0.00438686833,0.00352064194,0,0,0,0,0,0,0,0,0,0,0,0,0,0,0,0,0,0,0,0,0,0,0,0
1268,12.844000,3,1,1,0,0,3.51593018,3.51287842,3.51013184,3.51165771,3.50799561,3.51837158,3.51165771,3.50708008,3.49151611,3.4942627,3.49456787,3.48571777,3.47930908,3.47473145,3.48754883,3.49609375,0.00734651834,0.00777557259,0.00710816495,0.00698184501,0.00748068513,0.00776139786,0.00666543702,0.00718026236,0.0081421975,0.00844370201,0.00783605222,0.00858893432,0.00652408507,0.00731276488,0.00915029086,0.00708847726,0,0,0,0,0,0,0,0,0,0,0,0,0,0,0,0,0,0,0,0,0,0,0,0
1269,12.844000,3,1,1,0,0,3.50921631,3.50494385,3.50158691,3.50524902,3.50097656,3.50921631,3.50616455,3.49975586,3.48144531,3.48419189,3.48449707,3.47259521,3.47015381,3.46801758,3.47717285,3.48571777,0.00267230999,0.000911931333,0.00168341678,0.00186987652,0.00157117913,0.000289748423,0.00170495152,0.00173318607,0.00200772006,6.81717647e-05,0.00296972948,0.000478702015,0.00146870431,0.00284383446,0.00103263708,0.00167264859,0,0,0,0,0,0,0,0,0,0,0,0,0,0,0,0,0,0,0,0,0,0,0,0
1270,12.844000,3,1,1,0,0,3.51135254,3.50738525,3.5043335,3.50982666,3.50341797,3.51531982,3.50891113,3.50311279,3.49121094,3.49029541,3.49334717,3.48083496,3.47900391,3.47351074,3.48632812,3.49029541,0.00184781279,0.00244086725,0.00238617091,0.0018964007,0.00269902637,0.00322972098,0.00183642458,0.00257119071,0.00310464459,0.00248171971,0.00232397066,0.00288644154,0.00243127835,0.00191095902,0.00374233327,0.00274882047,0,0,0,0,0,0,0,0,0,0,0,0,0,0,0,0,0,0,0,0,0,0,0,0
1271,12.844000,3,1,1,0,0,3.5168457,3.51348877,3.51043701,3.5144043,3.50891113,3.51989746,3.51348877,3.50769043,3.49243164,3.49273682,3.49456787,3.48236084,3.47869873,3.47473145,3.48693848,3.49456787,-0.000213730149,-0.000374606228,-0.000498902111,-0.00067719759,-0.0010132899,-0.00101264729,-0.000931001094,-0.000379389385,-0.000306654169,-0.000106452411,-0.00129688473,-0.000117451797,0.000329522445,0.000379674544,-0.000881012529,-0.000227904995,0,0,0,0,0,0,0,0,0,0,0,0,0,0,0,0,0,0,0,0,0,0,0,0
1272,12.844000,3,1,1,0,0,3.51623535,3.51287842,3.51043701,3.51409912,3.50830078,3.51898193,3.51196289,3.50738525,3.49182129,3.49273682,3.49395752,3.48449707,3.47991943,3.47473145,3.4866333,3.49517822,0.00466962485,0.00492853392,0.0046032127,0.00556422165,0.00574193336,0.00513785705,0.00492081698,0.00506119337,0.00491053006,0.00528759975,0.00441551348,0.0050435774,0.00478186365,0.00432475656,0.00533183571,0.0043625664,0,0,0,0,0,0,0,0,0,0,0,0,0,0,0,0,0,0,0,0,0,0,0,0
1273,12.844000,3,1,1,0,0,3.51074219,3.50708008,3.5043335,3.50738525,3.50189209,3.51226807,3.50799561,3.50097656,3.48754883,3.48632812,3.48876953,3.47595215,3.47076416,3.46984863,3.48144531,3.48815918,0.00240497058,0.00217387127,0.00277792383,0.00175882771,0.00184916425,0.00307032489,0.00284761004,0.00273234118,0.00265786215,0.00238850201,0.0027241325,0.00252782274,0.00198094454,0.00283361226,0.00141503708,0.00322721503,0,0,0,0,0,0,0,0,0,0,0,0,0,0,0,0,0,0,0,0,0,0,0,0
1274,12.844000,3,1,1,0,0,3.50189209,3.49975586,3.49578857,3.49975586,3.4954834,3.50646973,3.50097656,3.49395752,3.48175049,3.48022461,3.48480225,3.47137451,3.46984863,3.46282959,3.47686768,3.48114014,-0.0010425701,-0.000645398046,-0.000883984379,-0.000392562361,6.23590313e-05,0.000515117892,-0.000330575102,-0.00130187138,-0.00150492857,-0.00162490667,-0.00125295215,-0.00106073939,-0.00113501935,-0.000425726757,-0.000675459625,-0.00191179523,0,0,0,0,0,0,0,0,0,0,0,0,0,0,0,0,0,0,0,0,0,0,0,0
1275,12.844000,3,1,1,0,0,3.50158691,3.49914551,3.49609375,3.49914551,3.49334717,3.5055542,3.49914551,3.49304199,3.48205566,3.47839355,3.48449707,3.47015381,3.46832275,3.46374512,3.4765625,3.48022461,0.00382603612,0.00443228194,0.00437982474,0.00475152163,0.00498053897,0.00458949897,0.00496423244,0.00424276339,0.00546273543,0.00324688642,0.00547423167,0.00577346375,0.00478036422,0.00608526403,0.0039668465,0.00412842166,0,0,0,0,0,0,0,0,0,0,0,0,0,0,0,0,0,0,0,0,0,0,0,0
1276,13.016000,3,1,1,0,0,3.51196289,3.50982666,3.50524902,3.51074219,3.5055542,3.51623535,3.51013184,3.50341797,3.48876953,3.4866333,3.49060059,3.47686768,3.47595215,3.47381592,3.48510742,3.48937988,0.00496375747,0.00566259306,0.00541947922,0.0059894044,0.00543522788,0.00602012593,0.00589087931,0.00524102896,0.00614773482,0.00551236281,0.00539121963,0.00525829755,0.00640902016,0.00599226635,0.00694749365,0.00455628056,0,0,0,0,0,0,0,0,0,0,0,0,0,0,0,0,0,0,0,0,0,0,0,0
1277,13.016000,3,1,1,0,0,3.51318359,3.50952148,3.50585938,3.50921631,3.5055542,3.515625,3.51104736,3.50372314,3.49182129,3.49121094,3.49487305,3.48083496,3.47930908,3.47381592,3.48724365,3.49090576,0.00221367064,0.00229372643,0.0029596854,0.00287887175,0.00221962039,0.00135443185,0.00253022462,0.0029581564,0.00391036784,0.00310029322,0.0040282961,0.00308102928,0.00286563975,0.00421338947,0.00389843038,0.00254079443,0,0,0,0,0,0,0,0,0,0,0,0,0,0,0,0,0,0,0,0,0,0,0,0
1278,13.016000,3,1,1,0,0,3.51287842,3.51104736,3.5067749,3.50952148,3.50646973,3.51715088,3.51165771,3.50402832,3.49212646,3.49090576,3.49365234,3.48114014,3.47900391,3.47351074,3.48693848,3.49121094,0.000199461356,0.000870671123,0.000681839185,0.000538638036,0.00145715149,0.000360314734,-0.000347513909,0.000368100038,0.00100287958,0.00220298325,0.00039544038,0.00183985394,0.000373562187,-0.000326531008,0.000865683251,0.00174778467,0,0,0,0,0,0,0,0,0,0,0,0,0,0,0,0,0,0,0,0,0,0,0,0
1279,13.016000,3,1,1,0,0,3.5055542,3.50158691,3.4967041,3.50158691,3.4967041,3.50769043,3.50189209,3.49517822,3.48205566,3.48205566,3.48449707,3.47137451,3.47015381,3.46435547,3.47717285,3.48480225,-3.18451785e-05,-0.000459972245,-0.000124600832,-1.20152836e-05,-6.90489542e-05,-0.00123401312,-0.000404828344,-0.000550540979,0.000117299001,-0.00053518737,0.000895984238,-0.000545703573,0.000953996903,0.00032212818,-6.34062453e-05,-0.000663459534,0,0,0,0,0,0,0,0,0,0,0,0,0,0,0,0,0,0,0,0,0,0,0,0
1280,13.016000,3,1,1,0,0,3.50799561,3.50494385,3.50097656,3.50494385,3.50006104,3.50921631,3.50341797,3.49884033,3.48236084,3.48266602,3.48327637,3.47259521,3.46923828,3.46740723,3.47808838,3.4854126,-0.00244250335,-0.00271108933,-0.00255676196,-0.00232985895,-0.00296741119,-0.00393764814,-0.00371739571,-0.0024218983,-0.00406092545,-0.00371579733,-0.0048539578,-0.00423048576,-0.00493974565,-0.00364674628,-0.00404286059,-0.0021806336,0,0,0,0,0,0,0,0,0,0,0,0,0,0,0,0,0,0,0,0,0,0,0,0
1281,13.016000,3,1,1,0,0,3.51531982,3.51257324,3.50952148,3.51348877,3.50799561,3.51867676,3.51196289,3.50524902,3.49212646,3.49243164,3.49456787,3.48419189,3.47930908,3.47503662,3.487854,3.49609375,0.00502539007,0.00574116409,0.00570839923,0.00585979642,0.00619511772,0.00540856877,0.0057946709,0.00504604727,0.00535881286,0.00546238478,0.00557573698,0.00635228585,0.005924033,0.00544734579,0.00628617546,0.0069950521,0,0,0,0,0,0,0,0,0,0,0,0,0,0,0,0,0,0,0,0,0,0,0,0
1282,13.016000,3,1,1,0,0,3.51806641,3.5144043,3.51135254,3.51531982,3.51013184,3.51928711,3.51348877,3.50891113,3.49395752,3.49578857,3.4979248,3.48449707,3.48114014,3.47686768,3.49090576,3.49578857,0.0132049294,0.0131736314,0.0134832114,0.0134932529,0.0136544444,0.0127790738,0.0137828812,0.013022528,0.0144153479,0.0134815983,0.0145121496,0.0143869119,0.0150869275,0.0142634055,0.0156097636,0.0135099338,0,0,0,0,0,0,0,0,0,0,0,0,0,0,0,0,0,0,0,0,0,0,0,0
1283,13.016000,3,1,1,0,0,3.50524902,3.50219727,3.49853516,3.50097656,3.49639893,3.5067749,3.50128174,3.49517822,3.48144531,3.48144531,3.48419189,3.47167969,3.46984863,3.46496582,3.4765625,3.48236084,-0.00365125854,-0.00228520436,-0.00377743808,-0.00263647106,-0.00338250236,-0.00240887259,-0.00281448895,-0.00303746294,-0.00235218229,-0.00287303561,-0.00132637238,-0.00211070036,-0.0020137406,-0.00221882155,-0.00146527891,-0.00359999249,0,0,0,0,0,0,0,0,0,0,0,0,0,0,0,0,0,0,0,0,0,0,0,0
1284,13.016000,3,1,1,0,0,3.51623535,3.51318359,3.50952148,3.51409912,3.50830078,3.51989746,3.51287842,3.50738525,3.49182129,3.49121094,3.4942627,3.48144531,3.48022461,3.47381592,3.48693848,3.49121094,-0.000947113615,-0.00107116089,-0.000558932486,-0.000819160894,-0.00156652927,-0.00102744135,-0.000467883074,-0.000785548822,0.000715323258,0.000250886893,0.000192729523,-0.000479031238,-0.000240111258,-0.000461975695,-0.000226904347,-0.00177362678,0,0,0,0,0,0,0,0,0,0,0,0,0,0,0,0,0,0,0,0,0,0,0,0
1285,13.016000,3,1,1,0,0,3.50524902,3.50280762,3.49700928,3.50067139,3.49700928,3.50830078,3.50189209,3.49639893,3.48144531,3.48144531,3.48419189,3.47167969,3.46832275,3.46466064,3.4765625,3.48419189,-0.00273034279,-0.0016014307,-0.00353361387,-0.00284125167,-0.00215604436,-0.00213834411,-0.0020051403,-0.00252419151,-0.00298669399,-0.00248781033,-0.00353762135,-0.0026733866,-0.00267888256,-0.00319686951,-0.00258273282,-0.00207172567,0,0,0,0,0,0,0,0,0,0,0,0,0,0,0,0,0,0,0,0,0,0,0,0
1286,13.016000,3,1,1,0,0,3.50738525,3.5043335,3.50189209,3.50524902,3.49914551,3.50982666,3.50494385,3.49914551,3.487854,3.48632812,3.48999023,3.47625732,3.4753418,3.46923828,3.47961426,3.48999023,0.00295946235,0.00237466954,0.00315582589,0.00290406006,0.00240343413,0.00287929084,0.00326529983,0.00278093666,0.00457878597,0.00477402378,0.00535597699,0.00434221607,0.00485492777,0.00425937353,0.00526568247,0.00370751717,0,0,0,0,0,0,0,0,0,0,0,0,0,0,0,0,0,0,0,0,0,0,0,0
1287,13.016000,3,1,1,0,0,3.51654053,3.51287842,3.51013184,3.51348877,3.50830078,3.51867676,3.51226807,3.5067749,3.49151611,3.49212646,3.49456787,3.48144531,3.47961426,3.47381592,3.48754883,3.49517822,0.0047663385,0.00400574133,0.00424744748,0.00415348914,0.00474853115,0.00425362866,0.00283408258,0.00388199743,0.00246957596,0.0042432216,0.00348791783,0.00422279583,0.00372020458,0.00195914204,0.0037842826,0.00453405175,0,0,0,0,0,0,0,0,0,0,0,0,0,0,0,0,0,0,0,0,0,0,0,0
1288,13.016000,3,1,1,0,0,3.50280762,3.50128174,3.49700928,3.49945068,3.49365234,3.50616455,3.50067139,3.49365234,3.48205566,3.48022461,3.48480225,3.47106934,3.47045898,3.46496582,3.4765625,3.48083496,-0.00185498199,-0.00158035592,-0.00162537233,-0.00171499001,-0.00212263851,-0.00204957556,-0.00202633999,-0.00185945153,-0.00238825521,-0.00110028463,-0.00221017026,-0.00153395627,-0.000974812952,-0.000293815974,-0.00233067898,-0.00132847694,0,0,0,0,0,0,0,0,0,0,0,0,0,0,0,0,0,0,0,0,0,0,0,0
1289,13.016000,3,1,1,0,0,3.51104736,3.50646973,3.50372314,3.50830078,3.50128174,3.51196289,3.50769043,3.50280762,3.49151611,3.48693848,3.49273682,3.47686768,3.47869873,3.47381592,3.48510742,3.49029541,0.0104810763,0.010142426,0.00917678326,0.00994162355,0.0102607822,0.0103772087,0.010510874,0.00950140692,0.011821771,0.00962132215,0.0111933704,0.0073732608,0.0116028935,0.0109127723,0.0105946744,0.00830338895,0,0,0,0,0,0,0,0,0,0,0,0,0,0,0,0,0,0,0,0,0,0,0,0
1290,13.016000,3,1,1,0,0,3.50769043,3.50494385,3.50036621,3.50341797,3.49853516,3.50921631,3.50280762,3.49822998,3.48144531,3.48419189,3.48297119,3.47259521,3.46984863,3.46313477,3.47747803,3.48480225,0.00255346927,0.00336761144,0.00252051651,0.0021063271,0.00312129385,0.00268664537,0.00266957423,0.00233918009,0.00255954894,0.00228170631,0.00227613794,0.00308905821,0.00277917483,0.00152224989,0.00248554093,0.00191851496,0,0,0,0,0,0,0,0,0,0,0,0,0,0,0,0,0,0,0,0,0,0,0,0
1291,13.016000,3,1,1,0,0,3.51165771,3.50830078,3.5055542,3.50891113,3.50311279,3.51501465,3.51043701,3.50372314,3.49090576,3.49121094,3.49395752,3.48052979,3.47991943,3.47320557,3.48602295,3.49090576,-0.00251985225,-0.00262056431,-0.00261574471,-0.00243781693,-0.00235539582,-0.00205497863,-0.00172753318,-0.00158501032,-2.8889277e-05,0.000847315998,-0.000777512789,-0.000536246458,-0.000310925243,0.000431287335,-0.000490212988,-0.000924829859,0,0,0,0,0,0,0,0,0,0,0,0,0,0,0,0,0,0,0,0,0,0,0,0
1292,13.016000,3,1,1,0,0,3.50982666,3.50585938,3.50341797,3.50738525,3.50097656,3.51104736,3.50738525,3.50067139,3.48724365,3.48510742,3.48876953,3.4753418,3.47473145,3.46984863,3.47991943,3.487854,0.00679444894,0.00645132642,0.00713914633,0.00712873694,0.00701009063,0.00642950274,0.00726751052,0.00679313717,0.00586772943,0.00647702068,0.00520939287,0.00644406583,0.00587370945,0.00533298124,0.00720449165,0.00696140248,0,0,0,0,0,0,0,0,0,0,0,0,0,0,0,0,0,0,0,0,0,0,0,0
1293,13.187000,3,1,1,0,0,3.50952148,3.50708008,3.50219727,3.50646973,3.50219727,3.51043701,3.50708008,3.50097656,3.48327637,3.48602295,3.48510742,3.47625732,3.47106934,3.46862793,3.47808838,3.48815918,-0.0031224126,-0.00135570788,-0.00292348932,-0.00247191777,-0.00211805291,-0.00238103839,-0.0027745571,-0.00251163216,-0.0032405532,-0.00294218725,-0.00330712739,-0.00376271876,-0.00234258594,-0.00263491319,-0.00244604982,-0.00321260048,0,0,0,0,0,0,0,0,0,0,0,0,0,0,0,0,0,0,0,0,0,0,0,0
1294,13.187000,3,1,1,0,0,3.50982666,3.5067749,3.50311279,3.50769043,3.50036621,3.51043701,3.50708008,3.50128174,3.48907471,3.48693848,3.49090576,3.4765625,3.47595215,3.47229004,3.48236084,3.49029541,0.00113541726,0.00116851123,0.0014752741,0.0011159943,0.00087026367,0.00145009032,0.00209804857,0.0015672408,0.00350024272,0.0032793656,0.0033420953,0.00281372573,0.00340805505,0.00308585679,0.00355792185,0.00140895485,0,0,0,0,0,0,0,0,0,0,0,0,0,0,0,0,0,0,0,0,0,0,0,0
1295,13.187000,3,1,1,0,0,3.515625,3.51287842,3.50952148,3.51348877,3.50738525,3.51806641,3.51196289,3.50708008,3.49121094,3.49395752,3.49365234,3.48388672,3.47869873,3.47442627,3.487854,3.49456787,0.00382690993,0.00427090703,0.00341582345,0.00466081733,0.00343390461,0.0046845465,0.00454863906,0.0042833956,0.00247335085,0.00380979455,0.0038077659,0.00229948713,0.00295301946,0.00384182157,0.00361870788,0.00388714997,0,0,0,0,0,0,0,0,0,0,0,0,0,0,0,0,0,0,0,0,0,0,0,0
1296,13.187000,3,1,1,0,0,3.51531982,3.51318359,3.51013184,3.51379395,3.50738525,3.51867676,3.51104736,3.50738525,3.49273682,3.49304199,3.49761963,3.48419189,3.47869873,3.47473145,3.48693848,3.49517822,0.010103967,0.0104252724,0.00960641541,0.00985785481,0.0103044519,0.00940372609,0.00956509449,0.00968721882,0.00967712142,0.00837928243,0.0104179736,0.0074897795,0.00915233511,0.00939723104,0.00925663114,0.0100854989,0,0,0,0,0,0,0,0,0,0,0,0,0,0,0,0,0,0,0,0,0,0,0,0
1297,13.187000,3,1,1,0,0,3.51226807,3.50952148,3.50524902,3.51043701,3.5043335,3.515625,3.51013184,3.50372314,3.49090576,3.48999023,3.49304199,3.48144531,3.47991943,3.47381592,3.48571777,3.49090576,0.00421258947,0.00337072788,0.00296093407,0.00394644123,0.00362219731,0.0052757645,0.00418988056,0.00381785748,0.00289948098,0.00192149566,0.00321165798,0.00325257005,0.00385283865,0.00353971426,0.0039183409,0.00288717262,0,0,0,0,0,0,0,0,0,0,0,0,0,0,0,0,0,0,0,0,0,0,0,0
1298,13.187000,3,1,1,0,0,3.50799561,3.5055542,3.50128174,3.50494385,3.49914551,3.51013184,3.50585938,3.49945068,3.48297119,3.48480225,3.48419189,3.47473145,3.47045898,3.4677124,3.47717285,3.48602295,-0.00132059189,-0.001197387,-0.0018035809,-0.00237342366,-0.00168787851,-0.00107332901,-0.000594257377,-0.00123171718,-0.00275160605,-0.00275702705,-0.00314847054,-0.00253473781,-0.00322971889,-0.00216518994,-0.00279671629,-0.00297422358,0,0,0,0,0,0,0,0,0,0,0,0,0,0,0,0,0,0,0,0,0,0,0,0
1299,13.187000,3,1,1,0,0,3.51531982,3.51196289,3.50952148,3.51135254,3.50769043,3.51806641,3.51135254,3.50585938,3.49212646,3.49243164,3.49365234,3.48236084,3.47900391,3.47503662,3.48724365,3.4954834,0.000862890447,0.00147463242,0.00112684723,0.00113962556,0.00204456621,0.00174652634,0.0013506317,0.000874912599,0.0019817343,0.00149386143,0.00254632137,0.000819878594,0.00237157242,0.00181714748,0.00310736219,0.00185998587,0,0,0,0,0,0,0,0,0,0,0,0,0,0,0,0,0,0,0,0,0,0,0,0
1300,13.187000,3,1,1,0,0,3.51623535,3.51318359,3.50952148,3.51226807,3.50769043,3.51867676,3.51135254,3.50646973,3.49243164,3.49151611,3.49304199,3.48083496,3.47991943,3.47320557,3.48724365,3.49456787,0.00697768014,0.0067992094,0.00730828196,0.00677093025,0.00676699961,0.00694392435,0.00541365519,0.00725898193,0.00486030104,0.00646215817,0.00560618332,0.00651346426,0.00625061197,0.00509751448,0.00640771445,0.0070640943,0,0,0,0,0,0,0,0,0,0,0,0,0,0,0,0,0,0,0,0,0,0,0,0
1301,13.187000,3,1,1,0,0,3.50311279,3.50097656,3.4979248,3.50006104,3.49639893,3.50646973,3.50219727,3.49487305,3.48236084,3.48144531,3.48297119,3.47106934,3.47015381,3.46282959,3.47747803,3.48449707,0.00175583467,0.00207771501,0.00265777251,0.0024964381,0.00216933526,0.00247124769,0.00265707914,0.00241497578,0.00278099254,0.0029516709,0.00158432906,0.00294072065,0.00243847957,0.00204071798,0.00212330278,0.00355591392,0,0,0,0,0,0,0,0,0,0,0,0,0,0,0,0,0,0,0,0,0,0,0,0
1302,13.187000,3,1,1,0,0,3.50952148,3.50616455,3.50341797,3.50708008,3.50097656,3.51165771,3.5067749,3.50128174,3.48327637,3.48480225,3.48449707,3.47503662,3.47106934,3.46862793,3.4777832,3.4866333,0.000900533516,3.61494021e-05,0.000613506709,0.000688472297,-7.5203192e-05,-0.000666420616,0.000636705023,0.00120940187,-0.000418185431,-0.000591200136,-0.000335177843,0.000539980945,0.000259933557,1.17530581e-05,-0.00107175729,-0.000825051218,0,0,0,0,0,0,0,0,0,0,0,0,0,0,0,0,0,0,0,0,0,0,0,0
1303,13.187000,3,1,1,0,0,3.50799561,3.50402832,3.50158691,3.50494385,3.50006104,3.51104736,3.50341797,3.49884033,3.48175049,3.48327637,3.48419189,3.47259521,3.46984863,3.46496582,3.47808838,3.48602295,0.00345461839,0.00293166609,0.00396524649,0.00362163782,0.00326657528,0.00315337558,0.00351854414,0.00285911746,0.00306328502,0.00326314126,0.00295370352,0.00409524515,0.00354191684,0.00298167928,0.00406201417,0.00446198741,0,0,0,0,0,0,0,0,0,0,0,0,0,0,0,0,0,0,0,0,0,0,0,0
1304,13.187000,3,1,1,0,0,3.50860596,3.50494385,3.50250244,3.50524902,3.50006104,3.51043701,3.50616455,3.49945068,3.48724365,3.4866333,3.48968506,3.47625732,3.47503662,3.47045898,3.48205566,3.48999023,-0.00231917016,-0.00198036479,-0.00188032689,-0.00182567909,-0.00156537653,-0.00146282173,-0.00128142629,-0.00238128006,-0.00103810674,-0.00152660697,-0.00115683407,-0.0026449291,-0.000996199204,-0.00125599047,-0.00190183357,-0.0015425114,0,0,0,0,0,0,0,0,0,0,0,0,0,0,0,0,0,0,0,0,0,0,0,0
1305,13.187000,3,1,1,0,0,3.51379395,3.51135254,3.50738525,3.51104736,3.50646973,3.5168457,3.51226807,3.50494385,3.49243164,3.49243164,3.4942627,3.48388672,3.47991943,3.47320557,3.48754883,3.49456787,0.00669598905,0.00710363267,0.00647604419,0.00665147835,0.00746031385,0.00668804487,0.00746496115,0.00621494511,0.00905244891,0.00913490728,0.00898145884,0.0102570709,0.00858536549,0.00796853751,0.00984534342,0.00680762529,0,0,0,0,0,0,0,0,0,0,0,0,0,0,0,0,0,0,0,0,0,0,0,0
1306,13.187000,3,1,1,0,0,3.51135254,3.50799561,3.5055542,3.50891113,3.50189209,3.51196289,3.50891113,3.50250244,3.48999023,3.48968506,3.49395752,3.48022461,3.47869873,3.47381592,3.48510742,3.48968506,0.000620261708,-0.000249561504,0.000738867442,0.000700389501,-0.000740366755,-0.000461042335,-1.32097048e-05,0.000519502093,0.00249198545,0.000886302732,0.0029222921,0.00169283827,0.0016199341,0.00275925943,0.00131644774,0.00212380174,0,0,0,0,0,0,0,0,0,0,0,0,0,0,0,0,0,0,0,0,0,0,0,0
1307,13.187000,3,1,1,0,0,3.51013184,3.50769043,3.50463867,3.50799561,3.50189209,3.51409912,3.50830078,3.50189209,3.48754883,3.48571777,3.48968506,3.4765625,3.47442627,3.46984863,3.48175049,3.48907471,0.00044059506,0.000730635133,0.00116028555,0.00158225652,0.00135404849,0.0018969368,0.002160809,0.00115962361,0.0011955318,0.00156413193,0.0016138365,0.00136895792,0.00142839691,0.00080226711,0.00194404786,0.000218161789,0,0,0,0,0,0,0,0,0,0,0,0,0,0,0,0,0,0,0,0,0,0,0,0
1308,13.187000,3,1,1,0,0,3.51593018,3.51287842,3.50921631,3.51196289,3.50769043,3.51898193,3.51196289,3.5067749,3.49151611,3.49212646,3.49334717,3.48175049,3.47900391,3.47290039,3.48724365,3.49395752,-0.00347272726,-0.00347566581,-0.00291779963,-0.00389588042,-0.0033011504,-0.0032842881,-0.00317872479,-0.00346162659,-0.00205530552,-0.00171431084,-0.00253143744,-0.00160050392,-0.00300152996,-0.00305154338,-0.0020493092,-0.00127588888,0,0,0,0,0,0,0,0,0,0,0,0,0,0,0,0,0,0,0,0,0,0,0,0
1309,13.187000,3,1,1,0,0,3.51074219,3.50585938,3.50372314,3.50769043,3.50128174,3.51104736,3.5067749,3.50219727,3.48937988,3.48632812,3.49273682,3.47625732,3.47747803,3.47229004,3.48327637,3.49029541,0.00222454662,0.00157863693,0.00254709041,0.00298960274,0.00235534925,0.00175449986,0.00254418468,0.00293967011,0.00379117462,0.00147833,0.00370098487,0.00165357278,0.00474021444,0.00359803718,0.00202396512,0.0025779719,0,0,0,0,0,0,0,0,0,0,0,0,0,0,0,0,0,0,0,0,0,0,0,0
1310,13.359000,3,1,1,0,0,3.50982666,3.5067749,3.50372314,3.50646973,3.50097656,3.51043701,3.5067749,3.50067139,3.48968506,3.48632812,3.49243164,3.47503662,3.47595215,3.47045898,3.48297119,3.48968506,0.00626416458,0.00624075066,0.00653327256,0.00712343492,0.00660914648,0.00629173452,0.00753442571,0.00639943499,0.0085026212,0.00529885665,0.00865081511,0.00448418735,0.00769149791,0.00779817533,0.00808198377,0.0070536565,0,0,0,0,0,0,0,0,0,0,0,0,0,0,0,0,0,0,0,0,0,0,0,0
1311,13.359000,3,1,1,0,0,3.51348877,3.50952148,3.50616455,3.51013184,3.50585938,3.51593018,3.51104736,3.50372314,3.49090576,3.49121094,3.49395752,3.48114014,3.47961426,3.47412109,3.48632812,3.4942627,-0.00139712659,-0.00146515272,-0.00254148431,-0.00269545452,-0.00192555634,-0.0015598943,-0.00212524785,-0.00188769167,-0.00232931739,-0.00231150072,-0.00191768724,-0.00256537925,-0.00264392956,-0.00269662123,-0.00264055794,-0.000821528141,0,0,0,0,0,0,0,0,0,0,0,0,0,0,0,0,0,0,0,0,0,0,0,0
1312,13.359000,3,1,1,0,0,3.51104736,3.50799561,3.50524902,3.50921631,3.50463867,3.51531982,3.51013184,3.50372314,3.49151611,3.49090576,3.49365234,3.48083496,3.47900391,3.47351074,3.48632812,3.49090576,0.00335167372,0.0037082003,0.00411245227,0.00384144438,0.00362561597,0.00359421107,0.00435066177,0.00492006913,0.00536004407,0.00412740139,0.0053348639,0.00359792449,0.00433995854,0.0046687671,0.00394695485,0.00386406691,0,0,0,0,0,0,0,0,0,0,0,0,0,0,0,0,0,0,0,0,0,0,0,0
1313,13.359000,3,1,1,0,0,3.50463867,3.50280762,3.49884033,3.50189209,3.49731445,3.50799561,3.50128174,3.4954834,3.48266602,3.48022461,3.48388672,3.47167969,3.46984863,3.46435547,3.4765625,3.48144531,-0.00737610832,-0.00651527522,-0.00697824219,-0.0077676489,-0.00684884517,-0.00630916096,-0.00715260394,-0.00776192546,-0.00665998552,-0.00802486297,-0.00620925287,-0.00801923312,-0.0063653551,-0.00643130904,-0.00648090802,-0.00733829197,0,0,0,0,0,0,0,0,0,0,0,0,0,0,0,0,0,0,0,0,0,0,0,0
1314,13.359000,3,1,1,0,0,3.51715088,3.51409912,3.51043701,3.51470947,3.50921631,3.51928711,3.5144043,3.50738525,3.49151611,3.49334717,3.49395752,3.48388672,3.48052979,3.47442627,3.4866333,3.49456787,0.00325411488,0.00271610147,0.00219083438,0.00302401441,0.00359015842,0.00333951274,0.00366799138,0.00285316049,0.00176725467,0.00192978897,0.00197383086,0.00231428631,0.00264532212,0.00320711359,0.00165578164,0.00326967984,0,0,0,0,0,0,0,0,0,0,0,0,0,0,0,0,0,0,0,0,0,0,0,0
1315,13.359000,3,1,1,0,0,3.51043701,3.50708008,3.50463867,3.50921631,3.50189209,3.51470947,3.50952148,3.50250244,3.48724365,3.48510742,3.48937988,3.47595215,3.47442627,3.46984863,3.48175049,3.48907471,0.00476962747,0.00506484974,0.00537358038,0.00529987132,0.00510232151,0.00482131913,0.0045259255,0.0049106041,0.00408923533,0.00480040535,0.00361408247,0.00471663754,0.00491900602,0.00321073807,0.00413033413,0.00457176985,0,0,0,0,0,0,0,0,0,0,0,0,0,0,0,0,0,0,0,0,0,0,0,0
1316,13.359000,3,1,1,0,0,3.51715088,3.51348877,3.51043701,3.51409912,3.50921631,3.51928711,3.51257324,3.50799561,3.49517822,3.49456787,3.49456787,3.48266602,3.47930908,3.47442627,3.48724365,3.49578857,0.0068334667,0.00776792271,0.00667869672,0.00703956792,0.00677386532,0.00771737611,0.00756780896,0.0065287482,0.00734919216,0.00730136922,0.00588722294,0.00496149948,0.00567972148,0.00586083066,0.00642470643,0.00492071547,0,0,0,0,0,0,0,0,0,0,0,0,0,0,0,0,0,0,0,0,0,0,0,0
1317,13.359000,3,1,1,0,0,3.51745605,3.51379395,3.51104736,3.51470947,3.50982666,3.51898193,3.51409912,3.50830078,3.49334717,3.49487305,3.49487305,3.48510742,3.48052979,3.4777832,3.48754883,3.49578857,0.00812131632,0.00806361623,0.00715030869,0.00728606293,0.00822872203,0.00782717392,0.00780772138,0.00742460322,0.00415030215,0.00572963711,0.00424660603,0.00490035303,0.00444870535,0.00570811983,0.00511571392,0.00508985389,0,0,0,0,0,0,0,0,0,0,0,0,0,0,0,0,0,0,0,0,0,0,0,0
1318,13.359000,3,1,1,0,0,3.50799561,3.5043335,3.50128174,3.50402832,3.49975586,3.50982666,3.50311279,3.49822998,3.48724365,3.48480225,3.48632812,3.47625732,3.47106934,3.46923828,3.47900391,3.48876953,-0.000700413133,-0.00196732674,-0.00133163074,-0.001449198,-0.00162936794,-0.00264767278,-0.00190512859,-0.00188656116,0.00100369193,-0.00210069818,-0.000138094649,-0.00140904728,-0.000518827117,0.000426107494,-0.00101379515,-0.000157826173,0,0,0,0,0,0,0,0,0,0,0,0,0,0,0,0,0,0,0,0,0,0,0,0
1319,13.359000,3,1,1,0,0,3.50830078,3.50494385,3.50250244,3.5055542,3.50036621,3.51104736,3.5043335,3.49914551,3.48724365,3.48571777,3.48846436,3.47473145,3.47412109,3.46984863,3.47900391,3.48815918,0.00146507879,0.00219937041,0.00210288144,0.00190272578,0.00159656839,0.00264603575,0.00215553516,0.00169688079,0.00285606133,0.0028320516,0.00231895037,0.00248343474,0.00317202206,0.00285367528,0.0022952978,0.000512174272,0,0,0,0,0,0,0,0,0,0,0,0,0,0,0,0,0,0,0,0,0,0,0,0
1320,13.359000,3,1,1,0,0,3.51837158,3.51531982,3.51226807,3.5168457,3.51043701,3.51959229,3.51501465,3.50982666,3.4967041,3.49517822,3.49884033,3.48480225,3.48052979,3.47839355,3.49090576,3.49731445,0.00771628832,0.00819660723,0.00697115622,0.00780527806,0.00816701446,0.0080252653,0.00794962328,0.00717350747,0.00723153306,0.00778933056,0.00655244943,0.00717716152,0.00684523396,0.00660619605,0.00679850066,0.00670908112,0,0,0,0,0,0,0,0,0,0,0,0,0,0,0,0,0,0,0,0,0,0,0,0
1321,13.359000,3,1,1,0,0,3.51318359,3.51135254,3.50769043,3.51104736,3.5067749,3.51745605,3.51074219,3.50372314,3.49182129,3.49060059,3.49334717,3.47961426,3.47991943,3.47381592,3.48602295,3.49090576,0.000208033467,0.000222265531,-0.000263395283,-0.000279437198,-0.000370199064,-0.000517362496,5.83057845e-05,-0.000865926733,0.000173151551,0.000421190285,-0.00168179593,-0.000300844666,4.56076814e-05,0.000424236699,-0.00104085717,-0.000724143349,0,0,0,0,0,0,0,0,0,0,0,0,0,0,0,0,0,0,0,0,0,0,0,0
1322,13.359000,3,1,1,0,0,3.5067749,3.50311279,3.50036621,3.50311279,3.49853516,3.50830078,3.50219727,3.4967041,3.48358154,3.48480225,3.48571777,3.47473145,3.47106934,3.46893311,3.47808838,3.48693848,0.000692200498,0.000930953189,0.00102510548,0.00052376755,0.000869825366,0.000471961219,0.000459372182,0.000492865336,-8.78022984e-05,0.00200761715,-0.000326007372,0.00178567308,-2.44682888e-05,0.000786000281,0.000723921577,0.00153708889,0,0,0,0,0,0,0,0,0,0,0,0,0,0,0,0,0,0,0,0,0,0,0,0
1323,13.359000,3,1,1,0,0,3.51654053,3.51379395,3.51013184,3.51348877,3.50799561,3.51898193,3.51318359,3.50799561,3.49273682,3.49304199,3.49365234,3.48388672,3.47930908,3.47412109,3.487854,3.49609375,0.00213504722,0.00244012335,0.00127725827,0.00072123931,0.00149569428,0.00214346847,0.00162752392,0.00188847247,0.000320865889,0.00101270492,-0.000398062984,0.000645307882,0.000363827799,-0.000328824855,0.000405556581,0.00117783982,0,0,0,0,0,0,0,0,0,0,0,0,0,0,0,0,0,0,0,0,0,0,0,0
1324,13.359000,3,1,1,0,0,3.51043701,3.50952148,3.50585938,3.51043701,3.50311279,3.51531982,3.51013184,3.50219727,3.49151611,3.49060059,3.49273682,3.48175049,3.47991943,3.47442627,3.48602295,3.49060059,0.0110421721,0.0113839647,0.011252217,0.0112439347,0.0112853162,0.0122100543,0.0120048551,0.0107611362,0.0108737079,0.010679204,0.0110631976,0.01069065,0.0123089273,0.011631852,0.0130334953,0.0108064376,0,0,0,0,0,0,0,0,0,0,0,0,0,0,0,0,0,0,0,0,0,0,0,0
1325,13.359000,3,1,1,0,0,3.50341797,3.50097656,3.49731445,3.50006104,3.49639893,3.50616455,3.50128174,3.4942627,3.48205566,3.48175049,3.48297119,3.47106934,3.47015381,3.46374512,3.47686768,3.48144531,-0.00157616101,-0.0011184524,-0.00238511432,-0.00200436939,-0.000894471072,-0.00214409595,-0.000981610268,-0.0016223581,-0.00283619924,-0.00140956871,-0.00335620623,-0.00188765,-0.00249023875,-0.00170473033,-0.00298524741,-0.00306830485,0,0,0,0,0,0,0,0,0,0,0,0,0,0,0,0,0,0,0,0,0,0,0,0
1326,13.359000,3,1,1,0,0,3.51989746,3.515625,3.51318359,3.5168457,3.51135254,3.51989746,3.5168457,3.51043701,3.4967041,3.49487305,3.49975586,3.4854126,3.48388672,3.47991943,3.49151611,3.49945068,0.00827429537,0.0079716295,0.00788595155,0.00799294841,0.00779145351,0.00761892926,0.00727155525,0.00796091557,0.00626375852,0.00804473553,0.00684108073,0.00691403495,0.00657894462,0.00579488324,0.00644280249,0.00777309621,0,0,0,0,0,0,0,0,0,0,0,0,0,0,0,0,0,0,0,0,0,0,0,0
1327,13.531000,3,1,1,0,0,3.51043701,3.50616455,3.50372314,3.50799561,3.50097656,3.51226807,3.50646973,3.50219727,3.48907471,3.4866333,3.49212646,3.47961426,3.47717285,3.47229004,3.48358154,3.48968506,0.00627669552,0.00550331036,0.00632761884,0.00663406216,0.00572217582,0.00575186173,0.00522988755,0.00613874942,0.00548850838,0.00648469198,0.00688272389,0.00629340392,0.00605055317,0.00622016704,0.00526254065,0.00646869279,0,0,0,0,0,0,0,0,0,0,0,0,0,0,0,0,0,0,0,0,0,0,0,0
1328,13.531000,3,1,1,0,0,3.51287842,3.51074219,3.50738525,3.51013184,3.50646973,3.51654053,3.51074219,3.50463867,3.49273682,3.49121094,3.4942627,3.48114014,3.47961426,3.47473145,3.4866333,3.49182129,0.00654171687,0.00673101284,0.00619413424,0.00582944136,0.00658858009,0.00662095984,0.00571612036,0.00609249109,0.00453872979,0.00606759451,0.00557992002,0.00555757293,0.00569360331,0.00483125309,0.00581525639,0.00534915319,0,0,0,0,0,0,0,0,0,0,0,0,0,0,0,0,0,0,0,0,0,0,0,0
1329,13.531000,3,1,1,0,0,3.50524902,3.50189209,3.49914551,3.50219727,3.49700928,3.50830078,3.50128174,3.49609375,3.48144531,3.48358154,3.48449707,3.47473145,3.46954346,3.46435547,3.47717285,3.48571777,-0.00555146439,-0.00558243133,-0.00510508474,-0.00518549746,-0.00568882888,-0.00491703581,-0.00684780534,-0.00521124154,-0.00436212867,-0.00371840945,-0.00443118531,-0.00386425224,-0.0054247654,-0.0034037726,-0.00599284563,-0.00357832666,0,0,0,0,0,0,0,0,0,0,0,0,0,0,0,0,0,0,0,0,0,0,0,0
1330,13.531000,3,1,1,0,0,3.51531982,3.51287842,3.50921631,3.51379395,3.50769043,3.51806641,3.51196289,3.50646973,3.49090576,3.4942627,3.49761963,3.48419189,3.48083496,3.47412109,3.4866333,3.49487305,0.00854480639,0.00881412253,0.00936597586,0.00849316269,0.00876810122,0.00797493942,0.00797378272,0.00901160203,0.00707621546,0.0103848251,0.00818914268,0.00937794987,0.00831822585,0.00735672377,0.00872098841,0.00965725258,0,0,0,0,0,0,0,0,0,0,0,0,0,0,0,0,0,0,0,0,0,0,0,0
1331,13.531000,3,1,1,0,0,3.50982666,3.50646973,3.50311279,3.50708008,3.50158691,3.51074219,3.5055542,3.50097656,3.48846436,3.48571777,3.49243164,3.47595215,3.47595215,3.47076416,3.48205566,3.48907471,0.00904275198,0.00935675949,0.00953880791,0.00927022006,0.0089347316,0.00793548115,0.00835424196,0.00894112233,0.0095309848,0.008587786,0.00966067147,0.00845719967,0.00821338128,0.0088522993,0.00836914964,0.00875478052,0,0,0,0,0,0,0,0,0,0,0,0,0,0,0,0,0,0,0,0,0,0,0,0
1332,13.531000,3,1,1,0,0,3.51043701,3.50738525,3.50585938,3.50830078,3.50280762,3.51379395,3.50891113,3.50341797,3.49090576,3.49029541,3.4942627,3.48114014,3.4777832,3.47259521,3.48602295,3.49090576,0.0045481259,0.00416518981,0.0048253648,0.00426322501,0.00472488301,0.00422866736,0.00504862797,0.00485925097,0.00592707982,0.0058771451,0.00605393294,0.0067372229,0.00447498495,0.00441841036,0.00422518793,0.00541742006,0,0,0,0,0,0,0,0,0,0,0,0,0,0,0,0,0,0,0,0,0,0,0,0
1333,13.531000,3,1,1,0,0,3.52020264,3.51715088,3.51531982,3.51867676,3.51165771,3.52172852,3.51745605,3.51165771,3.49761963,3.49639893,3.50006104,3.48480225,3.48571777,3.48052979,3.49212646,3.49884033,0.00712908851,0.00739935553,0.00805835519,0.00749313738,0.00726130186,0.00635660812,0.00768871512,0.00786561612,0.00775610004,0.00756904949,0.00838165823,0.00743931066,0.00612885179,0.00708888471,0.00668241037,0.00677127065,0,0,0,0,0,0,0,0,0,0,0,0,0,0,0,0,0,0,0,0,0,0,0,0
1334,13.531000,3,1,1,0,0,3.5055542,3.50189209,3.49914551,3.50158691,3.4979248,3.50738525,3.50158691,3.49731445,3.48175049,3.48358154,3.48480225,3.47259521,3.46954346,3.4677124,3.47625732,3.4854126,-0.00414638501,-0.0047958456,-0.00499136467,-0.00537396315,-0.00497489003,-0.00458163489,-0.00522169005,-0.00464750919,-0.00760511076,-0.00628709514,-0.0083375778,-0.00641223695,-0.00649255561,-0.00697602099,-0.00712571014,-0.00602133386,0,0,0,0,0,0,0,0,0,0,0,0,0,0,0,0,0,0,0,0,0,0,0,0
1335,13.531000,3,1,1,0,0,3.51043701,3.50708008,3.50463867,3.50830078,3.50158691,3.51226807,3.50799561,3.50280762,3.49090576,3.48968506,3.49395752,3.47686768,3.4777832,3.47290039,3.48388672,3.49090576,0.0053244452,0.00539725367,0.00449479604,0.00544927036,0.00475714915,0.00485480949,0.00447005965,0.00567538291,0.00227644527,0.00510135759,0.00266748108,0.00349256233,0.00282475236,0.00435683038,0.00290644658,0.00488903653,0,0,0,0,0,0,0,0,0,0,0,0,0,0,0,0,0,0,0,0,0,0,0,0
1336,13.531000,3,1,1,0,0,3.5168457,3.51318359,3.50982666,3.51409912,3.50830078,3.51837158,3.51196289,3.50616455,3.49121094,3.4942627,3.49395752,3.48388672,3.48083496,3.47473145,3.4866333,3.49578857,-0.0036857829,-0.00396880647,-0.00343125477,-0.00348954485,-0.00401750626,-0.00290640886,-0.00335068465,-0.00380301755,-0.00270450581,-0.00213951594,-0.00186031056,-0.00168595125,-0.00140516739,-0.00266690995,-0.00150673697,-0.00256573991,0,0,0,0,0,0,0,0,0,0,0,0,0,0,0,0,0,0,0,0,0,0,0,0
1337,13.531000,3,1,1,0,0,3.5144043,3.51104736,3.50708008,3.51104736,3.50616455,3.51593018,3.51074219,3.50402832,3.49182129,3.49151611,3.49487305,3.48358154,3.47961426,3.47412109,3.4866333,3.49487305,0.00445547421,0.00485140365,0.00405053934,0.0033803517,0.00388467521,0.00355260936,0.00385658932,0.00383574981,0.00286327372,0.00377754378,0.0034465827,0.00377223245,0.00307940179,0.00306443218,0.00253527216,0.00368644483,0,0,0,0,0,0,0,0,0,0,0,0,0,0,0,0,0,0,0,0,0,0,0,0
1338,13.531000,3,1,1,0,0,3.50646973,3.50311279,3.50067139,3.50280762,3.49945068,3.50860596,3.50280762,3.49761963,3.48388672,3.48602295,3.48815918,3.47564697,3.47076416,3.46923828,3.47747803,3.48907471,0.00632689148,0.00568543235,0.00721515249,0.00726040453,0.00688730367,0.00623708544,0.00667564105,0.00695300382,0.00776849966,0.00770392176,0.0076239612,0.00771137932,0.00815285463,0.00778558198,0.0069959485,0.00777757959,0,0,0,0,0,0,0,0,0,0,0,0,0,0,0,0,0,0,0,0,0,0,0,0
1339,13.531000,3,1,1,0,0,3.50982666,3.50616455,3.50280762,3.50616455,3.50158691,3.51104736,3.5067749,3.50128174,3.48907471,3.4854126,3.49060059,3.47961426,3.47595215,3.47229004,3.48327637,3.49060059,0.00665079104,0.00673304778,0.00670709368,0.00673784129,0.00644246256,0.00557365175,0.00677634589,0.00678519113,0.00724574504,0.00575264217,0.00699493848,0.00785858557,0.00568673667,0.00635076826,0.00753445085,0.00696971267,0,0,0,0,0,0,0,0,0,0,0,0,0,0,0,0,0,0,0,0,0,0,0,0
1340,13.531000,3,1,1,0,0,3.52111816,3.51867676,3.515625,3.51928711,3.51501465,3.5244751,3.52050781,3.51226807,3.50067139,3.4967041,3.50189209,3.4866333,3.48724365,3.48388672,3.49334717,3.49945068,0.00539849,0.00561872032,0.00503953919,0.0058076987,0.00563587714,0.00525260391,0.00488592871,0.00492870528,0.00468657678,0.0047660619,0.00512729818,0.00486622518,0.00488155475,0.00493741687,0.00459837262,0.0051913918,0,0,0,0,0,0,0,0,0,0,0,0,0,0,0,0,0,0,0,0,0,0,0,0
1341,13.531000,3,1,1,0,0,3.50646973,3.50311279,3.50036621,3.50219727,3.4979248,3.50769043,3.50036621,3.49639893,3.48297119,3.48419189,3.48571777,3.47503662,3.47351074,3.46862793,3.47747803,3.4866333,0.000867115101,0.0016902088,0.00159085402,0.00192737812,0.00148151699,0.00186705391,0.001459655,0.000716816401,0.00154586346,0.00199359446,0.00150017883,0.00282814191,0.00191723451,0.00163005921,0.0017095306,0.00262734364,0,0,0,0,0,0,0,0,0,0,0,0,0,0,0,0,0,0,0,0,0,0,0,0
1342,13.531000,3,1,1,0,0,3.51104736,3.50708008,3.50524902,3.50769043,3.50219727,3.51379395,3.50799561,3.50219727,3.49151611,3.49060059,3.49365234,3.48114014,3.47900391,3.47259521,3.48571777,3.49060059,0.00583143113,0.00492699817,0.00558425952,0.00443663634,0.00506123528,0.00602009613,0.00569958705,0.00506088883,0.00552735617,0.00589937158,0.00624101423,0.00625310605,0.00519532152,0.00550199533,0.00672291219,0.006091733,0,0,0,0,0,0,0,0,0,0,0,0,0,0,0,0,0,0,0,0,0,0,0,0
1343,13.531000,3,1,1,0,0,3.50921631,3.50646973,3.50311279,3.5067749,3.50006104,3.51104736,3.50708008,3.50097656,3.48297119,3.48571777,3.48449707,3.4753418,3.47351074,3.46954346,3.47747803,3.48724365,0.0050767106,0.00515885931,0.00548008643,0.00567805395,0.00561541086,0.00446032733,0.00627661217,0.00529643195,0.00502794841,0.00627411576,0.00515268836,0.00665582623,0.00499731814,0.00526646897,0.00515883602,0.00552118849,0,0,0,0,0,0,0,0,0,0,0,0,0,0,0,0,0,0,0,0,0,0,0,0
1344,13.703000,3,1,1,0,0,3.50982666,3.50585938,3.50372314,3.50616455,3.50067139,3.51104736,3.50708008,3.50158691,3.48754883,3.48510742,3.48999023,3.47595215,3.47503662,3.47106934,3.48266602,3.48999023,-0.000846388168,-0.000949388603,-0.000978464959,-0.00132002821,-0.000831483048,-0.00103517587,-0.00122737279,-0.00115157873,-0.00235054898,-0.000641685969,-0.00181527284,-0.000484348042,-0.00194681261,-0.00151141151,-0.000598452403,0.000540587469,0,0,0,0,0,0,0,0,0,0,0,0,0,0,0,0,0,0,0,0,0,0,0,0
1345,13.703000,3,1,1,0,0,3.51470947,3.51165771,3.50891113,3.51074219,3.50708008,3.51806641,3.51135254,3.50524902,3.49212646,3.49273682,3.49395752,3.48236084,3.48083496,3.47442627,3.48602295,3.49578857,0.013866052,0.0140714683,0.0141904596,0.0135985035,0.0141424453,0.0145744924,0.0131113213,0.0138845621,0.0129146324,0.0139626898,0.0129821552,0.0144208176,0.0129298484,0.0121543016,0.0126050757,0.0143519435,0,0,0,0,0,0,0,0,0,0,0,0,0,0,0,0,0,0,0,0,0,0,0,0
1346,13.703000,3,1,1,0,0,3.50891113,3.50616455,3.50189209,3.50585938,3.50036621,3.51043701,3.5043335,3.49945068,3.48297119,3.48571777,3.48480225,3.47320557,3.46923828,3.46801758,3.4777832,3.48602295,-0.00397626031,-0.0035984742,-0.00406936277,-0.00350354775,-0.00458625378,-0.00446519163,-0.00509216869,-0.00387027208,-0.00323248259,-0.00325899129,-0.00358389667,-0.00383404456,-0.00323740882,-0.00331435539,-0.0049129962,-0.00291815912,0,0,0,0,0,0,0,0,0,0,0,0,0,0,0,0,0,0,0,0,0,0,0,0
1347,13.703000,3,1,1,0,0,3.51593018,3.51318359,3.50982666,3.51287842,3.50769043,3.51806641,3.51379395,3.50524902,3.49212646,3.49182129,3.49334717,3.48205566,3.47900391,3.47442627,3.48602295,3.49243164,0.00501289824,0.00491825212,0.00456770975,0.00467627356,0.00455130078,0.00470653968,0.00541446451,0.00387475849,0.00528165093,0.00462545361,0.00447316561,0.00526159443,0.00591444317,0.00461089751,0.00449345307,0.00420829188,0,0,0,0,0,0,0,0,0,0,0,0,0,0,0,0,0,0,0,0,0,0,0,0
1348,13.703000,3,1,1,0,0,3.51806641,3.515625,3.51226807,3.51593018,3.51074219,3.51989746,3.51593018,3.50952148,3.49304199,3.49517822,3.49884033,3.48449707,3.48083496,3.47625732,3.49121094,3.49609375,0.00723625673,0.00791306514,0.00807974767,0.00782330893,0.00839076843,0.00710748741,0.00765752979,0.00778793218,0.00692040008,0.00701599242,0.00815034192,0.00633739866,0.00681124395,0.00598720461,0.00782290846,0.00696903374,0,0,0,0,0,0,0,0,0,0,0,0,0,0,0,0,0,0,0,0,0,0,0,0
1349,13.703000,3,1,1,0,0,3.51013184,3.50646973,3.50372314,3.50708008,3.50036621,3.51104736,3.5067749,3.50097656,3.48846436,3.48571777,3.49212646,3.47564697,3.4753418,3.47045898,3.48266602,3.48907471,0.00260837399,0.00234248862,0.00208353717,0.00270333281,0.00183748826,0.00186266983,0.00276291836,0.0016756953,0.00389838591,0.00289656734,0.00439384812,0.00306299794,0.00327719888,0.00268723886,0.00331255188,0.0020434577,0,0,0,0,0,0,0,0,0,0,0,0,0,0,0,0,0,0,0,0,0,0,0,0
1350,13.703000,3,1,1,0,0,3.51043701,3.5067749,3.50372314,3.50646973,3.50128174,3.51104736,3.5067749,3.50158691,3.48907471,3.48602295,3.49212646,3.47930908,3.47625732,3.47229004,3.48327637,3.48968506,-0.0010811789,-0.00101136602,-0.000953784562,-0.00167744013,-0.00167956413,-0.00218071486,-0.00185070257,-0.000776196481,-0.00107221375,-0.00104598701,-0.00120875356,-0.000938796147,-0.00120046758,-0.00107211631,-0.00116904126,-0.00108910818,0,0,0,0,0,0,0,0,0,0,0,0,0,0,0,0,0,0,0,0,0,0,0,0
1351,13.703000,3,1,1,0,0,3.50189209,3.49945068,3.4954834,3.49914551,3.49304199,3.5055542,3.50036621,3.49395752,3.48052979,3.47869873,3.48388672,3.47015381,3.46679688,3.46313477,3.47595215,3.48114014,-0.00240255054,-0.00252403505,-0.00168751867,-0.00225973362,-0.00159259874,-0.00234939461,-0.00176449306,-0.00191796792,-0.00117170752,-0.000814375933,-0.00102951471,-0.000337797654,-0.00247081532,-0.0010802258,-0.00124278653,-0.000762852491,0,0,0,0,0,0,0,0,0,0,0,0,0,0,0,0,0,0,0,0,0,0,0,0
1352,13.703000,3,1,1,0,0,3.51745605,3.51318359,3.51043701,3.51470947,3.50830078,3.51898193,3.51287842,3.50769043,3.49182129,3.4942627,3.49395752,3.48388672,3.47961426,3.47412109,3.48632812,3.49609375,0.00840886869,0.00894702785,0.00958729535,0.00913288165,0.00875221938,0.00926139113,0.00826331228,0.00890253857,0.00848284736,0.00891070068,0.00839677081,0.00894453935,0.00894007925,0.00728475396,0.00812022015,0.00824445486,0,0,0,0,0,0,0,0,0,0,0,0,0,0,0,0,0,0,0,0,0,0,0,0
1353,13.703000,3,1,1,0,0,3.50738525,3.5055542,3.50128174,3.50524902,3.50067139,3.51043701,3.5043335,3.49884033,3.48297119,3.48358154,3.48510742,3.47412109,3.47045898,3.46435547,3.4777832,3.48602295,0.00241104839,0.00248208689,0.00248516025,0.00277740275,0.00239394256,0.00131066167,0.00292650587,0.00271615339,0.00234870077,0.00195069378,0.00317756482,0.00373859471,0.00239577284,0.00265309261,0.00203300407,0.00176668179,0,0,0,0,0,0,0,0,0,0,0,0,0,0,0,0,0,0,0,0,0,0,0,0
1354,13.703000,3,1,1,0,0,3.51623535,3.51318359,3.51074219,3.51379395,3.50799561,3.51959229,3.51196289,3.50769043,3.49243164,3.4942627,3.4942627,3.48419189,3.48052979,3.47473145,3.487854,3.4954834,0.00384854223,0.00379961077,0.00448490167,0.00476563536,0.00447069015,0.0044493461,0.00448826887,0.00381152518,0.00623725634,0.00604994176,0.00515403086,0.00624234602,0.00592670497,0.00558325788,0.00568562513,0.00419930555,0,0,0,0,0,0,0,0,0,0,0,0,0,0,0,0,0,0,0,0,0,0,0,0
1355,13.703000,3,1,1,0,0,3.50219727,3.49945068,3.49639893,3.50006104,3.4942627,3.50646973,3.50097656,3.49365234,3.48205566,3.47869873,3.48297119,3.47106934,3.46984863,3.46282959,3.47717285,3.48388672,-0.00263680029,-0.00238247192,-0.00225674314,-0.00224244455,-0.00156445964,-0.00157133758,-0.00157319079,-0.00208503241,0.000342690269,-0.000638803933,-0.000188879785,0.000128113432,0.000646252185,-0.000625239336,0.00104557001,-0.000462252414,0,0,0,0,0,0,0,0,0,0,0,0,0,0,0,0,0,0,0,0,0,0,0,0
1356,13.703000,3,1,1,0,0,3.51501465,3.51226807,3.50860596,3.51226807,3.50708008,3.51776123,3.51165771,3.50402832,3.49243164,3.49212646,3.4942627,3.48205566,3.48022461,3.47412109,3.48754883,3.49243164,0.0073738629,0.00692502782,0.00668259244,0.00690271007,0.00679628411,0.00586914457,0.00694253854,0.00674736546,0.00556998653,0.00614607893,0.00493999477,0.00626128726,0.00566218235,0.0055896854,0.00726430165,0.00567442831,0,0,0,0,0,0,0,0,0,0,0,0,0,0,0,0,0,0,0,0,0,0,0,0
1357,13.703000,3,1,1,0,0,3.50891113,3.50646973,3.50311279,3.50585938,3.50006104,3.51043701,3.50616455,3.50036621,3.48266602,3.48510742,3.48510742,3.47320557,3.47320557,3.46801758,3.47717285,3.4866333,0.00268152286,0.00287898583,0.00343554886,0.00331186154,0.00285896636,0.00165648223,0.0022277378,0.00274891057,0.00298699411,0.00419621309,0.00458728895,0.00381182483,0.00421670917,0.00311115873,0.00278624683,0.00411804207,0,0,0,0,0,0,0,0,0,0,0,0,0,0,0,0,0,0,0,0,0,0,0,0
1358,13.703000,3,1,1,0,0,3.51898193,3.51531982,3.51257324,3.51593018,3.51043701,3.52020264,3.515625,3.50982666,3.49609375,3.49456787,3.4979248,3.48571777,3.48114014,3.4777832,3.48724365,3.49639893,0.00705814827,0.00678321393,0.00745402789,0.00698428042,0.00687205931,0.00639703497,0.00716641871,0.00674282247,0.00616651354,0.00716674002,0.00612160284,0.00737096136,0.00632719789,0.00652185921,0.00606477633,0.00746009406,0,0,0,0,0,0,0,0,0,0,0,0,0,0,0,0,0,0,0,0,0,0,0,0
1359,13.703000,3,1,1,0,0,3.50646973,3.50341797,3.50006104,3.50372314,3.4979248,3.50982666,3.50250244,3.49731445,3.48266602,3.48266602,3.48510742,3.47412109,3.47045898,3.46496582,3.47717285,3.48632812,0.00365637406,0.00406114059,0.00406602165,0.00402859226,0.00368147506,0.00300588296,0.00353612681,0.00406551035,0.00414423598,0.00256089424,0.00424775807,0.00337004382,0.00355472486,0.00457115145,0.00355982035,0.00517217349,0,0,0,0,0,0,0,0,0,0,0,0,0,0,0,0,0,0,0,0,0,0,0,0
1360,13.703000,3,1,1,0,0,3.5168457,3.51379395,3.51043701,3.51470947,3.50952148,3.52050781,3.51470947,3.50830078,3.49243164,3.49395752,3.49853516,3.4854126,3.47991943,3.47564697,3.48754883,3.49731445,0.00358171994,0.00407161517,0.004273172,0.00408521667,0.00462530414,0.00475493958,0.00395698147,0.00455155037,0.00470230635,0.00470550731,0.00484764948,0.00520860497,0.0044796099,0.00466687838,0.00436248351,0.00410441961,0,0,0,0,0,0,0,0,0,0,0,0,0,0,0,0,0,0,0,0,0,0,0,0
1361,13.875000,3,1,1,0,0,3.51715088,3.51470947,3.51074219,3.51470947,3.50982666,3.51989746,3.5144043,3.50799561,3.49090576,3.49212646,3.49487305,3.48205566,3.47991943,3.47381592,3.48632812,3.49212646,-0.000812534825,0.000117583724,1.33774302e-05,3.43303545e-05,0.000993521186,0.000227885204,-2.75432831e-05,-0.000349559676,-0.000560134591,-0.000352950941,-0.000761969364,0.00063467992,-0.000416108698,5.96386963e-05,-0.000797481858,3.56078381e-05,0,0,0,0,0,0,0,0,0,0,0,0,0,0,0,0,0,0,0,0,0,0,0,0
1362,13.875000,3,1,1,0,0,3.5144043,3.51196289,3.50799561,3.51165771,3.5067749,3.51806641,3.51196289,3.50494385,3.49304199,3.49121094,3.49487305,3.48083496,3.47991943,3.47351074,3.48724365,3.49090576,-0.000373541465,-0.000409920583,-0.000654235133,-0.000319699873,-0.000245643605,-6.10968491e-05,-0.000699785887,-0.00101970788,2.43173563e-05,0.00190308597,-7.40179094e-05,0.00165765337,0.000581186381,-0.000455484493,0.000682964688,0.000576996594,0,0,0,0,0,0,0,0,0,0,0,0,0,0,0,0,0,0,0,0,0,0,0,0
1363,13.875000,3,1,1,0,0,3.50769043,3.50585938,3.50189209,3.50616455,3.50006104,3.51043701,3.50494385,3.49945068,3.48327637,3.48388672,3.48388672,3.47412109,3.47015381,3.46435547,3.47839355,3.4854126,0.000379010249,0.00063116377,0.000515376916,-0.000725665945,0.000490739942,-0.000240658876,-0.000894245401,-0.000179433715,-0.00109613105,-0.00112494128,-0.00195617857,-0.000156717666,-0.000758855836,-0.00158532662,-0.000320010236,-0.00145968969,0,0,0,0,0,0,0,0,0,0,0,0,0,0,0,0,0,0,0,0,0,0,0,0
1364,13.875000,3,1,1,0,0,3.50189209,3.49975586,3.49609375,3.50097656,3.4954834,3.50585938,3.50128174,3.49334717,3.48236084,3.48144531,3.48388672,3.47198486,3.46893311,3.46496582,3.47747803,3.48480225,-0.00377251767,-0.00348971924,-0.00331824506,-0.00368626369,-0.00393579062,-0.00266815815,-0.00377090089,-0.00331287761,-0.0031400742,-0.00362077216,-0.00448523322,-0.0032911601,-0.00344185228,-0.00273014442,-0.0030909772,-0.00266627921,0,0,0,0,0,0,0,0,0,0,0,0,0,0,0,0,0,0,0,0,0,0,0,0
1365,13.875000,3,1,1,0,0,3.51623535,3.5144043,3.51013184,3.51379395,3.50799561,3.51898193,3.51318359,3.50799561,3.49243164,3.4942627,3.49456787,3.48175049,3.47930908,3.47290039,3.487854,3.49456787,0.00645810273,0.00690498948,0.006654792,0.00630895514,0.00667076418,0.00707504526,0.00676068384,0.0062606819,0.00565077737,0.00775415823,0.0056364839,0.00527157867,0.00518264389,0.00572650088,0.00623678043,0.00504893949,0,0,0,0,0,0,0,0,0,0,0,0,0,0,0,0,0,0,0,0,0,0,0,0
1366,13.875000,3,1,1,0,0,3.50769043,3.50494385,3.50189209,3.50616455,3.49914551,3.51043701,3.5043335,3.49914551,3.48754883,3.48480225,3.48968506,3.47473145,3.4753418,3.46984863,3.48022461,3.49060059,0.00829912443,0.00838103704,0.00773294736,0.00799359195,0.0084830476,0.0083193602,0.00828071125,0.00780228572,0.00725548156,0.00691223564,0.00796967186,0.00585226482,0.00833610725,0.00774730416,0.00740706967,0.0078909751,0,0,0,0,0,0,0,0,0,0,0,0,0,0,0,0,0,0,0,0,0,0,0,0
1367,13.875000,3,1,1,0,0,3.51043701,3.50799561,3.50494385,3.50982666,3.5043335,3.51226807,3.50921631,3.50341797,3.49090576,3.48968506,3.49334717,3.48083496,3.47869873,3.47412109,3.48693848,3.49060059,0.00426338566,0.00371720153,0.00472868793,0.00477581099,0.00496444432,0.00282583828,0.00417038891,0.00489342492,0.00491285697,0.00414101407,0.00622453168,0.00498122908,0.00543351145,0.00561463414,0.00592138851,0.00539888209,0,0,0,0,0,0,0,0,0,0,0,0,0,0,0,0,0,0,0,0,0,0,0,0
1368,13.875000,3,1,1,0,0,3.51287842,3.51013184,3.5055542,3.51043701,3.50524902,3.51654053,3.51135254,3.50402832,3.48907471,3.48693848,3.49090576,3.4765625,3.4765625,3.47351074,3.48327637,3.49121094,0.00410839636,0.00433563348,0.00356146088,0.00442276476,0.00488421321,0.00360428123,0.00465172343,0.00393381901,0.0020026546,0.00331992796,0.00162861543,0.00289520435,0.00124386465,0.00371295842,0.00105567602,0.00278676488,0,0,0,0,0,0,0,0,0,0,0,0,0,0,0,0,0,0,0,0,0,0,0,0
1369,13.875000,3,1,1,0,0,3.515625,3.51226807,3.50921631,3.51074219,3.50738525,3.51806641,3.51196289,3.5055542,3.49304199,3.49212646,3.4967041,3.48236084,3.48052979,3.47290039,3.4866333,3.49517822,0.00297895051,0.00266344636,0.00289852568,0.00246074563,0.00264744554,0.00248501939,0.00230210857,0.00201043952,0.00263541634,0.00385904079,0.00271180621,0.00271015731,0.00241811317,0.00235361233,0.00201795623,0.00316885579,0,0,0,0,0,0,0,0,0,0,0,0,0,0,0,0,0,0,0,0,0,0,0,0
1370,13.875000,3,1,1,0,0,3.50738525,3.50494385,3.50219727,3.50524902,3.50006104,3.50921631,3.50402832,3.49914551,3.487854,3.48632812,3.48968506,3.47625732,3.47412109,3.46862793,3.47869873,3.48876953,0.00210664864,0.00198000926,0.00308213173,0.00194078963,0.00262215827,0.00162554602,0.00178831245,0.00161960535,0.00394425076,0.0033831303,0.00315220002,0.00375371077,0.0042620413,0.00292676059,0.00401960267,0.00148532656,0,0,0,0,0,0,0,0,0,0,0,0,0,0,0,0,0,0,0,0,0,0,0,0
1371,13.875000,3,1,1,0,0,3.50982666,3.50616455,3.50280762,3.50646973,3.50158691,3.51013184,3.5067749,3.50097656,3.48907471,3.4854126,3.49060059,3.47686768,3.47595215,3.47198486,3.48327637,3.48907471,0.000653085648,0.000586500159,0.000950303394,-0.000147803919,0.00092197198,-0.000287215342,0.000653136172,-0.000135403825,-0.000475524575,0.000976242474,-0.000347181805,0.00116842811,-0.000132085057,0.000955788884,0.000175618683,-0.000345458509,0,0,0,0,0,0,0,0,0,0,0,0,0,0,0,0,0,0,0,0,0,0,0,0
1372,13.875000,3,1,1,0,0,3.51776123,3.51409912,3.51135254,3.51531982,3.50982666,3.51898193,3.51348877,3.50891113,3.49365234,3.49517822,3.49822998,3.48571777,3.48022461,3.4777832,3.48815918,3.49578857,0.00730747916,0.00779840583,0.00746911205,0.0077544027,0.00772789121,0.00705011515,0.00674095983,0.00709319534,0.00670308666,0.00795436371,0.0067733964,0.00674902089,0.00605367497,0.00642035576,0.00638112752,0.00493610604,0,0,0,0,0,0,0,0,0,0,0,0,0,0,0,0,0,0,0,0,0,0,0,0
1373,13.875000,3,1,1,0,0,3.50646973,3.50311279,3.49975586,3.50311279,3.4979248,3.50952148,3.50189209,3.49761963,3.48114014,3.48114014,3.48449707,3.47045898,3.46923828,3.46343994,3.47717285,3.48480225,0.00177761761,0.00132914772,0.00129289122,0.00169218262,0.000816401618,0.00247532525,0.00172667729,0.00173141342,0.00145395764,-0.000173246517,0.000383041392,-0.000323334476,0.00149587996,0.000559189939,0.00157088856,0.00170970638,0,0,0,0,0,0,0,0,0,0,0,0,0,0,0,0,0,0,0,0,0,0,0,0
1374,13.875000,3,1,1,0,0,3.50738525,3.50311279,3.50128174,3.50463867,3.49914551,3.50891113,3.50311279,3.49822998,3.48693848,3.48480225,3.48907471,3.47503662,3.4753418,3.46832275,3.47900391,3.48937988,0.00516322115,0.00469462667,0.00459459424,0.00412439974,0.00486213202,0.00470813271,0.00413235417,0.00465175603,0.00392025895,0.00437228428,0.00431582984,0.00408717059,0.00344233541,0.00352882966,0.00388975115,0.00524922227,0,0,0,0,0,0,0,0,0,0,0,0,0,0,0,0,0,0,0,0,0,0,0,0
1375,13.875000,3,1,1,0,0,3.52203369,3.51928711,3.51531982,3.51837158,3.51593018,3.52508545,3.51989746,3.51379395,3.49975586,3.49975586,3.50250244,3.48571777,3.48846436,3.48266602,3.4954834,3.50097656,0.00645507546,0.00696902536,0.00689157657,0.00699401228,0.0066191908,0.00679780263,0.00624890393,0.0064434763,0.00817650091,0.00874808058,0.00771281635,0.00751423556,0.00803030282,0.0073354803,0.00842522271,0.00696963584,0,0,0,0,0,0,0,0,0,0,0,0,0,0,0,0,0,0,0,0,0,0,0,0
1376,13.875000,3,1,1,0,0,3.51043701,3.50616455,3.50463867,3.50738525,3.50219727,3.51104736,3.50860596,3.50158691,3.48999023,3.4866333,3.48999023,3.47595215,3.47595215,3.47229004,3.48327637,3.49060059,-0.000542559428,-0.000133673428,-0.000307731156,-4.74773115e-05,-0.000255613239,-0.000971102796,0.00035472156,0.000141322846,-0.000403721409,-0.0009796503,-0.00194363669,-0.00155298796,-0.00168735068,-0.00114413514,-0.0010746835,-0.000586067676,0,0,0,0,0,0,0,0,0,0,0,0,0,0,0,0,0,0,0,0,0,0,0,0
1377,13.875000,3,1,1,0,0,3.50769043,3.50402832,3.50097656,3.50341797,3.49945068,3.51013184,3.50341797,3.49884033,3.48175049,3.48327637,3.48388672,3.47259521,3.47076416,3.46405029,3.47808838,3.48602295,0.00277213217,0.00178734167,0.00165344612,0.00222302554,0.00142322388,0.00187562348,0.00170543452,0.0020681927,0.00197155913,0.00118058186,0.00186918397,0.000816689804,0.00192762131,0.0010499052,0.00151770725,0.00163526228,0,0,0,0,0,0,0,0,0,0,0,0,0,0,0,0,0,0,0,0,0,0,0,0
1378,14.031000,3,1,1,0,0,3.51135254,3.50646973,3.50402832,3.50982666,3.50219727,3.51196289,3.50952148,3.50341797,3.49182129,3.49029541,3.49304199,3.48022461,3.47900391,3.47381592,3.48419189,3.49121094,-0.000111707021,0.000334539451,7.21274409e-05,0.00139522576,0.000425585546,0.000633975957,0.00032479479,0.000637679128,0.00183365378,0.00180836103,0.0023390092,0.00159955909,0.00167043624,0.00105899898,0.00138672802,-2.19929498e-05,0,0,0,0,0,0,0,0,0,0,0,0,0,0,0,0,0,0,0,0,0,0,0,0
1379,14.031000,3,1,1,0,0,3.51501465,3.51165771,3.50891113,3.51165771,3.5067749,3.5168457,3.51165771,3.50372314,3.49121094,3.49212646,3.49304199,3.48144531,3.47930908,3.47381592,3.48693848,3.49090576,0.00206687395,0.00267665368,0.00272512343,0.00292910216,0.00335515058,0.00302189146,0.00346397818,0.00210954295,0.00226493715,0.00369975553,0.00254561706,0.00339039485,0.00362332445,0.00177259289,0.00349283731,0.00200794055,0,0,0,0,0,0,0,0,0,0,0,0,0,0,0,0,0,0,0,0,0,0,0,0
1380,14.031000,3,1,1,0,0,3.51531982,3.51196289,3.50799561,3.51196289,3.50769043,3.51745605,3.51196289,3.5067749,3.49212646,3.49365234,3.49487305,3.48236084,3.47961426,3.47381592,3.4866333,3.49517822,0.00727875717,0.00633207988,0.00615563802,0.00653625932,0.00658898568,0.0066869515,0.00705856876,0.00739936484,0.00295779901,0.00624996983,0.00631514052,0.00566039747,0.00349633791,0.00555879809,0.00361392973,0.00664769486,0,0,0,0,0,0,0,0,0,0,0,0,0,0,0,0,0,0,0,0,0,0,0,0
1381,14.031000,3,1,1,0,0,3.51135254,3.5067749,3.50463867,3.50708008,3.50189209,3.51348877,3.50799561,3.50189209,3.48754883,3.48602295,3.48571777,3.47564697,3.47198486,3.46923828,3.47869873,3.48968506,0.00351342373,0.00312698702,0.00310531282,0.00243239407,0.00311584072,0.0029896379,0.00236919359,0.00234504836,0.00312064192,0.00278770807,0.000822943985,0.00272171968,0.00199345197,0.00311905891,0.00130241818,0.00202382263,0,0,0,0,0,0,0,0,0,0,0,0,0,0,0,0,0,0,0,0,0,0,0,0
1382,14.031000,3,1,1,0,0,3.52081299,3.51623535,3.5144043,3.51715088,3.51165771,3.52233887,3.51745605,3.51013184,3.49822998,3.4954834,3.50006104,3.48571777,3.48571777,3.48175049,3.49273682,3.49975586,0.00656885793,0.00544307474,0.00578353042,0.00547563378,0.00634647533,0.0063746525,0.00563108083,0.00505991606,0.00704081682,0.00722693466,0.00685139094,0.0067705079,0.00678517949,0.00772969564,0.00767025398,0.00589337107,0,0,0,0,0,0,0,0,0,0,0,0,0,0,0,0,0,0,0,0,0,0,0,0
1383,14.031000,3,1,1,0,0,3.51806641,3.51531982,3.51074219,3.51501465,3.51013184,3.51989746,3.515625,3.50860596,3.49243164,3.49456787,3.4942627,3.48480225,3.48022461,3.47625732,3.4866333,3.49578857,0.00162772497,0.00252470281,0.00110031362,0.00124581531,0.00208978658,0.00151835755,0.00200638361,0.00094953808,0.000798319117,0.000339186925,0.000325847999,0.0021260092,0.00030929083,0.000306717935,-0.000109347515,-0.00029891805,0,0,0,0,0,0,0,0,0,0,0,0,0,0,0,0,0,0,0,0,0,0,0,0
1384,14.031000,3,1,1,0,0,3.50799561,3.50494385,3.50097656,3.50494385,3.49914551,3.51104736,3.50524902,3.49884033,3.48175049,3.48419189,3.48510742,3.47198486,3.47045898,3.46496582,3.47686768,3.4854126,-0.00168329256,-0.00185358594,-0.00124683406,-0.00181252835,-0.00241500279,-0.00150629214,-0.00104046823,-0.00152143347,0.000205238815,-0.001700475,-0.000997848576,-0.000367780187,2.94485944e-05,-0.000478525064,-0.000788885169,-0.00190835726,0,0,0,0,0,0,0,0,0,0,0,0,0,0,0,0,0,0,0,0,0,0,0,0
1385,14.031000,3,1,1,0,0,3.51745605,3.51379395,3.51074219,3.51409912,3.50921631,3.51928711,3.51348877,3.50830078,3.49212646,3.49243164,3.49456787,3.48388672,3.48052979,3.47442627,3.48815918,3.49578857,0.00064423529,0.00131191604,0.000878001563,0.00102532783,0.000924564316,0.000814524479,0.000833700411,0.000986403669,-0.0024648828,0.000867723487,-0.00218890375,-0.00100907253,-0.00126254442,-0.00242473418,-0.00118913385,-0.000150477397,0,0,0,0,0,0,0,0,0,0,0,0,0,0,0,0,0,0,0,0,0,0,0,0
1386,14.031000,3,1,1,0,0,3.5168457,3.51318359,3.51043701,3.51287842,3.50891113,3.51928711,3.51348877,3.50830078,3.49243164,3.4942627,3.49822998,3.48571777,3.48052979,3.47381592,3.48693848,3.4954834,0.00406347029,0.00440323912,0.00511809113,0.00474473415,0.00507580815,0.00453450205,0.0047387057,0.00436365278,0.00378044555,0.00436328351,0.005181571,0.00456866343,0.00450186711,0.00381466257,0.00435557356,0.0045322855,0,0,0,0,0,0,0,0,0,0,0,0,0,0,0,0,0,0,0,0,0,0,0,0
1387,14.031000,3,1,1,0,0,3.5055542,3.50311279,3.49975586,3.50341797,3.4979248,3.50799561,3.50219727,3.4979248,3.48602295,3.48480225,3.48449707,3.47473145,3.47106934,3.46862793,3.47686768,3.48571777,0.0119307209,0.0121344151,0.0125794923,0.0130078811,0.012303073,0.0122511229,0.011133166,0.0126727521,0.01208812,0.013565558,0.0120174857,0.0132070761,0.0124281542,0.0120558646,0.0128622679,0.012715512,0,0,0,0,0,0,0,0,0,0,0,0,0,0,0,0,0,0,0,0,0,0,0,0
1388,14.031000,3,1,1,0,0,3.51531982,3.51257324,3.50921631,3.51287842,3.50769043,3.51715088,3.51135254,3.50646973,3.49273682,3.49182129,3.49365234,3.48388672,3.47930908,3.47473145,3.48602295,3.49487305,0.00587291922,0.00669092452,0.0062982724,0.00553887151,0.0062409211,0.00581654813,0.00640721247,0.00532731786,0.0059701642,0.00656884117,0.00551281124,0.00681601185,0.00547874765,0.00528153731,0.00645341165,0.00595206395,0,0,0,0,0,0,0,0,0,0,0,0,0,0,0,0,0,0,0,0,0,0,0,0
1389,14.031000,3,1,1,0,0,3.51470947,3.51196289,3.50891113,3.51165771,3.50738525,3.51715088,3.51196289,3.50646973,3.49212646,3.49304199,3.49456787,3.48266602,3.47991943,3.47473145,3.487854,3.4954834,0.000271615252,-2.23517418e-05,-0.000368957728,-0.00029572699,0.000274273392,0.000503101386,0.000961015816,0.000183744909,0.00138074777,0.00105782948,0.00188830623,0.000835313112,0.00135001633,0.000991832116,0.00127354986,0.00162176322,0,0,0,0,0,0,0,0,0,0,0,0,0,0,0,0,0,0,0,0,0,0,0,0
1390,14.031000,3,1,1,0,0,3.50616455,3.50341797,3.49945068,3.50097656,3.4979248,3.50982666,3.50250244,3.49639893,3.48297119,3.48205566,3.48510742,3.47198486,3.46923828,3.46435547,3.4777832,3.48114014,0.000579070067,7.83824071e-05,0.000618626713,0.000102198872,0.000947349763,0.00090517191,-0.000159175688,0.000200539318,-0.000601896318,-0.000237349901,-0.0013678848,-0.00159110036,-0.00100454572,-0.00175881165,-0.000701098645,-0.00207250402,0,0,0,0,0,0,0,0,0,0,0,0,0,0,0,0,0,0,0,0,0,0,0,0
1391,14.031000,3,1,1,0,0,3.50982666,3.50585938,3.50250244,3.50646973,3.50067139,3.51257324,3.50708008,3.50036621,3.48632812,3.48510742,3.4854126,3.47442627,3.46954346,3.46832275,3.47839355,3.48632812,-0.00181786343,-0.00205858843,-0.00182049221,-0.00231985631,-0.00271595502,-0.00209540036,-0.00298851356,-0.00248690485,-0.00147155439,-0.00150214299,-0.0019058343,-0.00185623101,-0.00399415707,-0.00103790115,-0.00311722839,-0.00108343479,0,0,0,0,0,0,0,0,0,0,0,0,0,0,0,0,0,0,0,0,0,0,0,0
1392,14.031000,3,1,1,0,0,3.51409912,3.51196289,3.50708008,3.51013184,3.5067749,3.51776123,3.51135254,3.50402832,3.49212646,3.49121094,3.4942627,3.48083496,3.47961426,3.47412109,3.4866333,3.48999023,0.00554285618,0.00581260258,0.00533470418,0.00581898261,0.00553407567,0.00621359516,0.00539141428,0.00498845149,0.0036704496,0.00575580914,0.00412690267,0.00474411296,0.00415892294,0.00430956949,0.00408968329,0.00449349033,0,0,0,0,0,0,0,0,0,0,0,0,0,0,0,0,0,0,0,0,0,0,0,0
1393,14.031000,3,1,1,0,0,3.50769043,3.50402832,3.50219727,3.50524902,3.50067139,3.51013184,3.50524902,3.49945068,3.48693848,3.48571777,3.48999023,3.47564697,3.47473145,3.46954346,3.48083496,3.48937988,-0.00060140586,-0.00133582333,-0.000736029586,-0.00037230266,-0.000475270208,-0.0016941803,-0.000744698453,-0.0010324769,0.0002610909,-0.00137931702,0.000758458336,-0.00175387564,-6.72324095e-05,0.0005216914,0.000319465384,-0.00113773649,0,0,0,0,0,0,0,0,0,0,0,0,0,0,0,0,0,0,0,0,0,0,0,0
1394,14.031000,3,1,1,0,0,3.50708008,3.50524902,3.50128174,3.50524902,3.49914551,3.50952148,3.50341797,3.49945068,3.48815918,3.4854126,3.48968506,3.47503662,3.47503662,3.46893311,3.48175049,3.48999023,0.0123086553,0.0117625101,0.0117958793,0.0125945518,0.0116268741,0.0121929096,0.01162739,0.012571753,0.0106240688,0.0104613518,0.011172899,0.0099341413,0.0101643242,0.0103413211,0.0112817753,0.0114631159,0,0,0,0,0,0,0,0,0,0,0,0,0,0,0,0,0,0,0,0,0,0,0,0
1395,14.203000,3,1,1,0,0,3.49975586,3.49639893,3.49456787,3.49761963,3.49182129,3.50128174,3.49731445,3.49243164,3.47900391,3.47564697,3.48297119,3.4664917,3.46618652,3.46282959,3.47320557,3.47991943,-0.00624336256,-0.00660716463,-0.0064844368,-0.00673406059,-0.00654101884,-0.00630424451,-0.00614830991,-0.00614072103,-0.00589429727,-0.00672279531,-0.0059371125,-0.00604495266,-0.00503573474,-0.00549437432,-0.00527403085,-0.00713330833,0,0,0,0,0,0,0,0,0,0,0,0,0,0,0,0,0,0,0,0,0,0,0,0
1396,14.203000,3,1,1,0,0,3.52294922,3.51989746,3.515625,3.52050781,3.51623535,3.52661133,3.52111816,3.51379395,3.50067139,3.4967041,3.50097656,3.4866333,3.48724365,3.48358154,3.49395752,3.50097656,0.00985250063,0.00987650733,0.010415554,0.0111840386,0.0109513178,0.0104242116,0.0110207275,0.0101353005,0.0104488498,0.00952001475,0.00922125392,0.00916014519,0.00967950281,0.00939916447,0.0105527369,0.0104134008,0,0,0,0,0,0,0,0,0,0,0,0,0,0,0,0,0,0,0,0,0,0,0,0
1397,14.203000,3,1,1,0,0,3.5168457,3.51470947,3.51074219,3.51531982,3.51013184,3.51959229,3.51470947,3.50860596,3.49243164,3.49395752,3.4942627,3.48266602,3.47991943,3.47473145,3.48693848,3.49517822,0.00828409754,0.0082403142,0.00815279782,0.00879158266,0.00781412516,0.00790166296,0.00801502634,0.00834042765,0.00634068158,0.00806047209,0.00522309309,0.00842506904,0.0053551998,0.00535412459,0.00583078805,0.00780479517,0,0,0,0,0,0,0,0,0,0,0,0,0,0,0,0,0,0,0,0,0,0,0,0
1398,14.203000,3,1,1,0,0,3.50891113,3.50585938,3.50311279,3.5067749,3.50128174,3.51104736,3.5067749,3.50006104,3.48266602,3.48510742,3.48480225,3.47595215,3.47015381,3.46862793,3.47839355,3.48724365,0.00323372497,0.00281844963,0.00263726711,0.00283652823,0.00250274525,0.00297444593,0.00322696846,0.00351768313,0.00125876628,0.00198777765,-0.000486267265,0.00111140835,-0.000112079026,0.0026265143,0.00167750765,0.000646215398,0,0,0,0,0,0,0,0,0,0,0,0,0,0,0,0,0,0,0,0,0,0,0,0
1399,14.203000,3,1,1,0,0,3.51348877,3.51135254,3.50585938,3.51074219,3.50616455,3.51715088,3.51104736,3.50311279,3.49090576,3.49060059,3.49365234,3.48052979,3.47869873,3.47351074,3.48632812,3.49029541,-0.00152595993,-0.00159739633,-0.00166818628,-0.00154835079,-0.00110694487,-0.00053995481,-0.00131814624,-0.00252893474,-0.000787536788,-0.000312584569,-0.00170006347,-0.000897577265,-0.000708627282,0.000415098388,-0.000516427914,-0.00123402046,0,0,0,0,0,0,0,0,0,0,0,0,0,0,0,0,0,0,0,0,0,0,0,0
1400,14.203000,3,1,1,0,0,3.51074219,3.50738525,3.50585938,3.50921631,3.50280762,3.5144043,3.50921631,3.50280762,3.49121094,3.49121094,3.4942627,3.48022461,3.47900391,3.47320557,3.48693848,3.48999023,-0.00121667935,-0.0023227178,-0.00134918781,-0.00127292506,-0.00168846059,-0.00218882458,-0.000503313495,-0.00147500006,-0.00247551454,-0.00227107294,-0.00270918477,-0.00186704006,-0.00139215658,-0.00154573971,-0.00296581932,-0.00213117758,0,0,0,0,0,0,0,0,0,0,0,0,0,0,0,0,0,0,0,0,0,0,0,0
1401,14.203000,3,1,1,0,0,3.51470947,3.51226807,3.50891113,3.51226807,3.50738525,3.51745605,3.51074219,3.5043335,3.49212646,3.49090576,3.49395752,3.48144531,3.47991943,3.47381592,3.4866333,3.49151611,0.0100565264,0.00936319772,0.00949160941,0.00986838154,0.00939422846,0.00870089885,0.00984253827,0.00908761472,0.00777864084,0.00888736174,0.00742256735,0.00764930667,0.00685011689,0.0066142804,0.00762810977,0.00781075191,0,0,0,0,0,0,0,0,0,0,0,0,0,0,0,0,0,0,0,0,0,0,0,0
1402,14.203000,3,1,1,0,0,3.51501465,3.51135254,3.50769043,3.51226807,3.50708008,3.51776123,3.51196289,3.50616455,3.49243164,3.49182129,3.49456787,3.48083496,3.47869873,3.47290039,3.487854,3.49456787,0.00528338412,0.00506814942,0.00503981113,0.00498313271,0.00481472351,0.00492719281,0.00472657941,0.00510977255,0.00352830323,0.00559078017,0.0029602861,0.00471035205,0.00325306621,0.00344723067,0.00376530597,0.00482994597,0,0,0,0,0,0,0,0,0,0,0,0,0,0,0,0,0,0,0,0,0,0,0,0
1403,14.203000,3,1,1,0,0,3.51135254,3.50616455,3.50463867,3.50769043,3.50158691,3.51196289,3.50830078,3.50219727,3.48876953,3.4854126,3.49029541,3.47625732,3.4753418,3.47076416,3.48205566,3.48937988,-0.00117427553,-0.00156203937,-0.00133818737,-0.00164147373,-0.00213693618,-0.000627753034,-0.00083215005,-0.000830184086,-0.00205992837,-0.0026579597,-0.00292706769,-0.00326010818,-0.00228999392,-0.00153263472,-0.00196727528,-0.0025621769,0,0,0,0,0,0,0,0,0,0,0,0,0,0,0,0,0,0,0,0,0,0,0,0
1404,14.203000,3,1,1,0,0,3.5043335,3.50250244,3.49700928,3.50097656,3.4967041,3.50799561,3.50067139,3.49578857,3.48236084,3.47930908,3.48419189,3.47167969,3.46923828,3.46435547,3.4765625,3.48052979,-0.000531134196,-0.000172903223,-0.000638920232,-0.00175718649,-9.21722967e-05,-0.000187739031,-0.00109441008,-0.000627357047,-0.00121149176,-0.000598418876,-0.00201917812,-0.00117852073,-0.000640712387,-0.00172170228,-0.00101241004,-0.0016029051,0,0,0,0,0,0,0,0,0,0,0,0,0,0,0,0,0,0,0,0,0,0,0,0
1405,14.203000,3,1,1,0,0,3.51593018,3.51287842,3.50982666,3.51348877,3.50738525,3.51928711,3.51226807,3.50708008,3.49212646,3.49395752,3.49395752,3.48388672,3.47869873,3.47412109,3.48815918,3.49487305,-0.00280462904,-0.00189684192,-0.00275361375,-0.00265412382,-0.00196924806,-0.00161088561,-0.00193847693,-0.00247429963,-0.00104405929,-0.00158826588,-0.00177056924,-0.00135805807,-0.00191666477,-0.00215284759,-0.00224370905,-0.00213392824,0,0,0,0,0,0,0,0,0,0,0,0,0,0,0,0,0,0,0,0,0,0,0,0
1406,14.203000,3,1,1,0,0,3.50311279,3.50158691,3.49884033,3.50097656,3.49639893,3.50708008,3.50158691,3.4954834,3.48297119,3.48266602,3.48449707,3.47198486,3.47045898,3.46343994,3.47747803,3.48510742,-0.00119579211,-0.000595393241,-0.000240814639,-0.000574888312,-0.000428601634,-0.00044643326,0.000100218575,-0.000707785657,-0.000992855406,-0.000574481266,-0.000163118355,-0.00132253696,-0.000290781434,2.73447949e-05,-0.000423437159,0.000142576289,0,0,0,0,0,0,0,0,0,0,0,0,0,0,0,0,0,0,0,0,0,0,0,0
1407,14.203000,3,1,1,0,0,3.51501465,3.51196289,3.50860596,3.51074219,3.5067749,3.51806641,3.51135254,3.50524902,3.49243164,3.49212646,3.4942627,3.48175049,3.47991943,3.47381592,3.48724365,3.49243164,0.00568912271,0.00556996372,0.00547878351,0.00526325358,0.00548620056,0.00552615197,0.0052883504,0.0050548492,0.00344033283,0.00424689008,0.00304709189,0.00529010501,0.00327668362,0.00335223111,0.00401707226,0.00385263632,0,0,0,0,0,0,0,0,0,0,0,0,0,0,0,0,0,0,0,0,0,0,0,0
1408,14.203000,3,1,1,0,0,3.51623535,3.51318359,3.51043701,3.51257324,3.50921631,3.51959229,3.51287842,3.50708008,3.49243164,3.49243164,3.49700928,3.48236084,3.47900391,3.47473145,3.48754883,3.49487305,0.0110690147,0.0102042863,0.00982453208,0.0107928189,0.0105006732,0.0101168714,0.0100373672,0.0101894522,0.0106906267,0.0102682738,0.0118437121,0.00993210077,0.0100055104,0.0104345521,0.0104792826,0.00992334075,0,0,0,0,0,0,0,0,0,0,0,0,0,0,0,0,0,0,0,0,0,0,0,0
1409,14.203000,3,1,1,0,0,3.50616455,3.50341797,3.50097656,3.50372314,3.49884033,3.50860596,3.50250244,3.49822998,3.4866333,3.48632812,3.48510742,3.47473145,3.47076416,3.46923828,3.47839355,3.48846436,0.00436790194,0.00447897566,0.00427949056,0.00459953025,0.00421436643,0.00379080558,0.00351258693,0.00366212823,0.00468350202,0.00435495051,0.00373335369,0.00361810671,0.00391828502,0.00451873662,0.00422538957,0.0034782344,0,0,0,0,0,0,0,0,0,0,0,0,0,0,0,0,0,0,0,0,0,0,0,0
1410,14.203000,3,1,1,0,0,3.50860596,3.50585938,3.50128174,3.50585938,3.50036621,3.51043701,3.5055542,3.49945068,3.48297119,3.48449707,3.487854,3.47320557,3.46984863,3.46801758,3.4777832,3.48815918,-0.000461522373,-0.000753546658,-0.000860210916,-0.000767260673,-0.000828882272,-0.00159653393,-0.00147114298,-0.000889978604,-0.00239490578,-0.000755007262,-0.00184424315,-0.00209801202,-0.00135465886,-0.00190763385,-0.00170725817,9.41497274e-05,0,0,0,0,0,0,0,0,0,0,0,0,0,0,0,0,0,0,0,0,0,0,0,0
1411,14.203000,3,1,1,0,0,3.50708008,3.50463867,3.50189209,3.5043335,3.49945068,3.50921631,3.50524902,3.49884033,3.48754883,3.48571777,3.48999023,3.47473145,3.47473145,3.46862793,3.48144531,3.48968506,-0.000448796025,0.00028385417,0.000190125997,0.000275507453,0.000563961687,0.000650372298,0.000742281729,0.000483240787,0.00256618555,0.00191602309,0.00238037435,0.00143630547,0.00141994981,0.00212150789,0.00181062391,0.00164473685,0,0,0,0,0,0,0,0,0,0,0,0,0,0,0,0,0,0,0,0,0,0,0,0
1412,14.375000,3,1,1,0,0,3.50860596,3.5055542,3.50341797,3.50616455,3.50097656,3.50921631,3.50616455,3.50067139,3.48846436,3.48480225,3.48968506,3.47564697,3.47564697,3.47198486,3.48144531,3.49029541,0.0011872364,0.00128955022,0.00185100897,0.00142189488,0.00073789747,0.000212838873,0.00144136115,0.00151430338,0.000737635652,-0.00123455515,0.000906299916,0.000921272091,0.00137795997,0.00166921224,-0.00032357272,0.000884596142,0,0,0,0,0,0,0,0,0,0,0,0,0,0,0,0,0,0,0,0,0,0,0,0
1413,14.375000,3,1,1,0,0,3.51409912,3.51074219,3.50616455,3.51043701,3.50585938,3.51623535,3.51104736,3.50402832,3.49151611,3.49121094,3.49304199,3.48144531,3.47900391,3.47259521,3.48693848,3.49121094,-0.000110558583,-0.00095385185,-0.000303074718,-0.000190221937,-0.00123395352,-0.000816129381,6.73951581e-06,-0.000603467808,0.00114064745,0.0016920357,0.000275009777,6.76987693e-05,0.00137065293,0.000959692523,-7.26274448e-05,0.000238779932,0,0,0,0,0,0,0,0,0,0,0,0,0,0,0,0,0,0,0,0,0,0,0,0
1414,14.375000,3,1,1,0,0,3.50738525,3.50463867,3.50189209,3.5055542,3.50006104,3.51013184,3.50524902,3.49884033,3.48297119,3.48388672,3.48388672,3.47229004,3.46893311,3.4677124,3.47625732,3.4854126,0.000482306612,0.00125513214,0.00063240045,0.000484868535,0.000586621929,0.000549819728,0.000258434564,0.0011140306,-0.000193984131,0.00118653243,-0.00041922729,0.000689718931,-0.000615487574,0.000307614973,0.000269734592,0.00119262305,0,0,0,0,0,0,0,0,0,0,0,0,0,0,0,0,0,0,0,0,0,0,0,0
1415,14.375000,3,1,1,0,0,3.50341797,3.50189209,3.49853516,3.50097656,3.49639893,3.5067749,3.50158691,3.49578857,3.48266602,3.48114014,3.48297119,3.46832275,3.46954346,3.46435547,3.47686768,3.48388672,0.00373567804,0.00349667808,0.00392583804,0.00479639135,0.00441195862,0.003882583,0.00408964278,0.00496663526,0.00559618883,0.00402474124,0.00522870105,0.0036406673,0.00429922016,0.00401936332,0.00508400751,0.00538864452,0,0,0,0,0,0,0,0,0,0,0,0,0,0,0,0,0,0,0,0,0,0,0,0
1416,14.375000,3,1,1,0,0,3.51226807,3.51013184,3.50494385,3.51013184,3.5043335,3.51623535,3.51104736,3.50341797,3.48968506,3.48693848,3.49212646,3.47625732,3.47625732,3.47198486,3.48327637,3.48937988,-0.00189158996,-0.00134887057,-0.00157219521,-0.00193358562,-0.00164556294,-0.000873142621,-0.0017859221,-0.00132601359,-0.00166436494,-0.0013848684,-0.00148331048,-0.00160729117,-0.00131853134,-0.00210356037,-0.000954102958,-0.00204314198,0,0,0,0,0,0,0,0,0,0,0,0,0,0,0,0,0,0,0,0,0,0,0,0
1417,14.375000,3,1,1,0,0,3.51196289,3.5067749,3.50402832,3.51013184,3.50250244,3.51196289,3.50952148,3.50341797,3.49060059,3.49029541,3.49304199,3.48052979,3.47747803,3.47381592,3.4854126,3.49090576,-0.00357089425,-0.00359472493,-0.00400321931,-0.00234533148,-0.00413011154,-0.00334548065,-0.00215060497,-0.00315926783,-0.00188273948,-0.00273904181,-0.00107460737,-0.00166030915,-0.00130522437,-0.00167027302,-0.00112648145,-0.00407398026,0,0,0,0,0,0,0,0,0,0,0,0,0,0,0,0,0,0,0,0,0,0,0,0
1418,14.375000,3,1,1,0,0,3.50799561,3.5055542,3.50128174,3.50463867,3.49914551,3.50982666,3.50524902,3.49853516,3.48236084,3.48327637,3.48297119,3.47198486,3.47045898,3.46374512,3.47686768,3.48510742,-0.00231528492,-0.00229667965,-0.00340941548,-0.00356343086,-0.00233835704,-0.0030431482,-0.00244632061,-0.00261482247,-0.0030513003,-0.00327517232,-0.00400832994,-0.00351257506,-0.00334351137,-0.00346463034,-0.00386263942,-0.00469065364,0,0,0,0,0,0,0,0,0,0,0,0,0,0,0,0,0,0,0,0,0,0,0,0
1419,14.375000,3,1,1,0,0,3.50494385,3.50189209,3.49822998,3.49975586,3.49609375,3.50708008,3.50036621,3.49487305,3.48114014,3.48114014,3.48388672,3.47137451,3.46923828,3.46343994,3.47625732,3.48419189,0.00644582091,0.00592565304,0.00585024571,0.00483599817,0.00603234814,0.00558261992,0.00455558486,0.005285691,0.00537153427,0.00789640471,0.00608385261,0.00726429047,0.00675884355,0.00523770833,0.00600131229,0.0073189619,0,0,0,0,0,0,0,0,0,0,0,0,0,0,0,0,0,0,0,0,0,0,0,0
1420,14.375000,3,1,1,0,0,3.51928711,3.51593018,3.51226807,3.51593018,3.51104736,3.52020264,3.51593018,3.50952148,3.49304199,3.49487305,3.49822998,3.48480225,3.48052979,3.4765625,3.487854,3.4967041,0.00881515723,0.00810415111,0.00803416874,0.00856859982,0.00830503553,0.0068969829,0.00798096322,0.0080863703,0.00767363422,0.00875087082,0.00815752614,0.00883701909,0.00638438016,0.0068038255,0.00625532446,0.00826691836,0,0,0,0,0,0,0,0,0,0,0,0,0,0,0,0,0,0,0,0,0,0,0,0
1421,14.375000,3,1,1,0,0,3.50341797,3.50219727,3.49884033,3.50189209,3.49639893,3.50738525,3.50219727,3.49639893,3.48266602,3.48022461,3.48388672,3.47045898,3.46893311,3.46496582,3.47564697,3.48419189,0.000523139955,0.00111818663,0.00121537433,0.00136531261,5.47761447e-05,0.000891577685,0.00167007733,0.00106859393,0.00243751588,0.00172382337,0.00253706984,0.00103520066,0.00308311079,0.00206366461,0.0015217429,0.00287285657,0,0,0,0,0,0,0,0,0,0,0,0,0,0,0,0,0,0,0,0,0,0,0,0
1422,14.375000,3,1,1,0,0,3.51196289,3.50830078,3.50585938,3.50921631,3.50463867,3.515625,3.51074219,3.50341797,3.49060059,3.48754883,3.49121094,3.47991943,3.47717285,3.47320557,3.48419189,3.48937988,0.00737463962,0.00692850398,0.00677707698,0.00706749549,0.00697932998,0.00667397259,0.00786612742,0.00722122518,0.00680065993,0.00567847956,0.00612970162,0.00578948436,0.00554620521,0.00643631769,0.0047502378,0.00623327121,0,0,0,0,0,0,0,0,0,0,0,0,0,0,0,0,0,0,0,0,0,0,0,0
1423,14.375000,3,1,1,0,0,3.5055542,3.50250244,3.4979248,3.50097656,3.49700928,3.50708008,3.50067139,3.49609375,3.48205566,3.48052979,3.48388672,3.46832275,3.46832275,3.46343994,3.47595215,3.48388672,-0.00142167811,-0.00136074971,-0.00144107768,-0.00164525863,-0.000977009418,-0.000930684037,-0.000835698505,-0.00144897087,-0.00187988707,-0.00286015286,-0.000775615801,-0.00258146576,-0.00179885863,-0.00228367886,-0.00126618089,-0.00213137642,0,0,0,0,0,0,0,0,0,0,0,0,0,0,0,0,0,0,0,0,0,0,0,0
1424,14.375000,3,1,1,0,0,3.51989746,3.51776123,3.51531982,3.51928711,3.51318359,3.52416992,3.51867676,3.51165771,3.50006104,3.49945068,3.50067139,3.4854126,3.4866333,3.48175049,3.49273682,3.49884033,0.00384550332,0.00418141903,0.00413519097,0.00426769583,0.00368903205,0.00295056566,0.00398433441,0.00381164253,0.00491992664,0.00435556658,0.00453789067,0.00283053843,0.00457517523,0.0049857893,0.00343725737,0.00466085598,0,0,0,0,0,0,0,0,0,0,0,0,0,0,0,0,0,0,0,0,0,0,0,0
1425,14.375000,3,1,1,0,0,3.50769043,3.50311279,3.50097656,3.5043335,3.49945068,3.50921631,3.50372314,3.49853516,3.48693848,3.48480225,3.48876953,3.47473145,3.47381592,3.46862793,3.47839355,3.48876953,0.00181515643,0.00100127421,0.00185885327,0.00238009728,0.00170060631,0.00206145435,0.00129462429,0.00246773101,0.00303588761,0.00364666176,0.00281771272,0.00315959891,0.00301901903,0.0027743394,0.0023353491,0.00273441756,0,0,0,0,0,0,0,0,0,0,0,0,0,0,0,0,0,0,0,0,0,0,0,0
1426,14.375000,3,1,1,0,0,3.51531982,3.51257324,3.50921631,3.51318359,3.50799561,3.51806641,3.51135254,3.50646973,3.49273682,3.49243164,3.49334717,3.48419189,3.48083496,3.47381592,3.48724365,3.49487305,0.0024880562,0.00280709495,0.0028872434,0.0042608995,0.00304556172,0.00287634367,0.00291487272,0.00250524608,0.00428049639,0.00440264959,0.00445163064,0.00478208344,0.00486292783,0.00417467672,0.00454953825,0.0030529222,0,0,0,0,0,0,0,0,0,0,0,0,0,0,0,0,0,0,0,0,0,0,0,0
1427,14.375000,3,1,1,0,0,3.50982666,3.50799561,3.50463867,3.50891113,3.50158691,3.51226807,3.50860596,3.50250244,3.48846436,3.48480225,3.48937988,3.47595215,3.4753418,3.47045898,3.47961426,3.48907471,0.00241860608,0.00293772272,0.00357635645,0.00327977492,0.00307115586,0.00293264166,0.00325558148,0.00293616904,0.00325078797,0.00306714606,0.00346508133,0.00452320836,0.00338238897,0.00361602055,0.00374107622,0.00419191783,0,0,0,0,0,0,0,0,0,0,0,0,0,0,0,0,0,0,0,0,0,0,0,0
1428,14.375000,3,1,1,0,0,3.50585938,3.50280762,3.49853516,3.50097656,3.49700928,3.50830078,3.50036621,3.49578857,3.48236084,3.48114014,3.48449707,3.47137451,3.46954346,3.46466064,3.47625732,3.48480225,0.00233711768,0.00121870427,0.00212272909,0.00202914234,0.0016320037,0.00144161202,0.0017092186,0.00132689252,0.00372911384,0.00228048023,0.00329155335,0.00352886599,0.00360834342,0.00413093483,0.00354561117,0.00256271637,0,0,0,0,0,0,0,0,0,0,0,0,0,0,0,0,0,0,0,0,0,0,0,0
1429,14.547000,3,1,1,0,0,3.51806641,3.5144043,3.51257324,3.51593018,3.51074219,3.52020264,3.51501465,3.50952148,3.49639893,3.4954834,3.49822998,3.48510742,3.48022461,3.4765625,3.49090576,3.49700928,0.0100761633,0.00968153588,0.00954978541,0.0102793835,0.00962799136,0.00931740459,0.0104042487,0.0105628045,0.0103652636,0.00889025442,0.0105537446,0.00937813055,0.00939091295,0.0102233021,0.0108917924,0.00979292765,0,0,0,0,0,0,0,0,0,0,0,0,0,0,0,0,0,0,0,0,0,0,0,0
1430,14.547000,3,1,1,0,0,3.50799561,3.50524902,3.50158691,3.50524902,3.50006104,3.51013184,3.50494385,3.49945068,3.48175049,3.48449707,3.48358154,3.47442627,3.46923828,3.46710205,3.4765625,3.48510742,-0.00225529075,-0.00198554061,-0.00243019429,-0.00344259618,-0.00283755688,-0.00243574427,-0.00212512119,-0.00210989476,-0.0060789031,-0.003670495,-0.00598168978,-0.0041387435,-0.00510278065,-0.00361191249,-0.00433730613,-0.00407564268,0,0,0,0,0,0,0,0,0,0,0,0,0,0,0,0,0,0,0,0,0,0,0,0
1431,14.547000,3,1,1,0,0,3.51715088,3.51501465,3.51043701,3.51409912,3.50982666,3.52081299,3.51409912,3.50799561,3.49151611,3.49243164,3.49395752,3.48083496,3.47930908,3.47473145,3.48632812,3.49182129,0.00601239782,0.00619401084,0.0058100922,0.00488745421,0.00601380225,0.00651347963,0.00566055346,0.00585101265,0.0042177802,0.00524756499,0.00468178513,0.00515492121,0.00571084535,0.00468666852,0.00429184921,0.00430196896,0,0,0,0,0,0,0,0,0,0,0,0,0,0,0,0,0,0,0,0,0,0,0,0
1432,14.547000,3,1,1,0,0,3.51715088,3.51470947,3.51104736,3.51501465,3.50921631,3.51989746,3.51379395,3.50799561,3.49273682,3.49395752,3.49761963,3.4854126,3.48114014,3.47625732,3.48724365,3.49578857,-0.00038469641,-0.000310242642,-0.000186058634,-0.000730795902,-0.000502082403,-0.00092894712,-0.00118934189,-0.000995949027,-0.00163775997,0.000387469219,-0.000511814957,0.000119161297,-0.00107674219,-0.000716092065,-0.00119481597,0.000780946226,0,0,0,0,0,0,0,0,0,0,0,0,0,0,0,0,0,0,0,0,0,0,0,0
1433,14.547000,3,1,1,0,0,3.51470947,3.51013184,3.50830078,3.51135254,3.50616455,3.51623535,3.51013184,3.50341797,3.49212646,3.49182129,3.49304199,3.48114014,3.47961426,3.47259521,3.48602295,3.49182129,0.00567826815,0.00548431277,0.00540849846,0.0057829693,0.00554992072,0.00509249931,0.00492482213,0.00438549276,0.00465014484,0.00560187642,0.00294536632,0.00454167137,0.00415932992,0.0033451952,0.00453963783,0.00292266067,0,0,0,0,0,0,0,0,0,0,0,0,0,0,0,0,0,0,0,0,0,0,0,0
1434,14.547000,3,1,1,0,0,3.50982666,3.50646973,3.50250244,3.50646973,3.50128174,3.50982666,3.50646973,3.50067139,3.48907471,3.48571777,3.49029541,3.47686768,3.47564697,3.47106934,3.48327637,3.49029541,0.00600449834,0.00552972499,0.00573733356,0.00569584686,0.00632151775,0.00539313396,0.00617540535,0.00547406077,0.00475965906,0.00585024897,0.00630353857,0.00636904314,0.00471079675,0.00435538124,0.00495782355,0.00489809178,0,0,0,0,0,0,0,0,0,0,0,0,0,0,0,0,0,0,0,0,0,0,0,0
1435,14.547000,3,1,1,0,0,3.50982666,3.50646973,3.50372314,3.50708008,3.50189209,3.51013184,3.50646973,3.50006104,3.487854,3.48571777,3.49029541,3.47686768,3.47625732,3.47198486,3.48297119,3.48968506,-6.33359887e-05,-0.000539173954,8.95690755e-05,0.00134176388,5.56994928e-06,0.00010931163,0.00110123621,0.000496753084,0.00206073094,0.00169464946,0.00298245624,0.00267714332,0.00239054509,0.00294998451,0.0022020489,0.00108222896,0,0,0,0,0,0,0,0,0,0,0,0,0,0,0,0,0,0,0,0,0,0,0,0
1436,14.547000,3,1,1,0,0,3.50280762,3.50097656,3.49731445,3.50036621,3.49578857,3.50646973,3.50158691,3.4942627,3.48205566,3.47900391,3.48297119,3.4664917,3.46862793,3.46282959,3.47503662,3.48022461,0.0018570571,0.00248664129,0.00226792088,0.00289091188,0.00250884588,0.00292419386,0.00311977323,0.00202050293,0.00310528418,8.8311499e-05,0.00193233299,-0.000510443235,0.0019411298,0.00222727028,0.000409935776,0.00141878752,0,0,0,0,0,0,0,0,0,0,0,0,0,0,0,0,0,0,0,0,0,0,0,0
1437,14.547000,3,1,1,0,0,3.51745605,3.5144043,3.51074219,3.5144043,3.50891113,3.51898193,3.51318359,3.50860596,3.49304199,3.49365234,3.4942627,3.48419189,3.48022461,3.4753418,3.4866333,3.49517822,-0.00258439337,-0.00284903054,-0.00239530462,-0.00284098415,-0.00274864817,-0.00253390661,-0.00207634666,-0.00253301905,-0.00248690392,-0.00134641363,-0.0025398389,-0.00116324052,-0.00192714646,-0.00218177773,-0.00212313375,-0.00175661466,0,0,0,0,0,0,0,0,0,0,0,0,0,0,0,0,0,0,0,0,0,0,0,0
1438,14.547000,3,1,1,0,0,3.52172852,3.51806641,3.515625,3.51989746,3.51470947,3.52416992,3.51989746,3.51318359,3.49914551,3.49975586,3.50250244,3.48724365,3.48846436,3.48358154,3.49517822,3.50036621,0.00341488491,0.00308082462,0.00263960683,0.00371187483,0.00298110233,0.00331259263,0.00327973347,0.00224162126,0.00345510617,0.00326516386,0.00413056742,0.00229364005,0.00415656902,0.00362604531,0.00344320806,0.00397813506,0,0,0,0,0,0,0,0,0,0,0,0,0,0,0,0,0,0,0,0,0,0,0,0
1439,14.547000,3,1,1,0,0,3.515625,3.51196289,3.50921631,3.51226807,3.50708008,3.51745605,3.51196289,3.50616455,3.49212646,3.49182129,3.4942627,3.48358154,3.48022461,3.47381592,3.487854,3.49487305,0.00640957383,0.00601750566,0.00629068399,0.00540293194,0.00620064745,0.0064144386,0.00632734271,0.00628060568,0.00538370339,0.00656098034,0.00606373837,0.00661164336,0.00601976318,0.00501752598,0.00692243874,0.00756074023,0,0,0,0,0,0,0,0,0,0,0,0,0,0,0,0,0,0,0,0,0,0,0,0
1440,14.547000,3,1,1,0,0,3.51837158,3.51531982,3.51257324,3.51623535,3.50982666,3.51989746,3.51623535,3.50921631,3.49700928,3.49456787,3.4979248,3.48480225,3.48236084,3.47808838,3.49151611,3.49822998,0.00483156741,0.00441841409,0.00487468671,0.00509628886,0.00429463526,0.00484409323,0.00486522168,0.00545986369,0.00389590277,0.00374502433,0.00290853623,0.00407307688,0.00261986768,0.00352018047,0.00285682315,0.00460606022,0,0,0,0,0,0,0,0,0,0,0,0,0,0,0,0,0,0,0,0,0,0,0,0
1441,14.547000,3,1,1,0,0,3.51318359,3.51135254,3.50708008,3.51074219,3.50646973,3.51654053,3.51165771,3.50463867,3.49243164,3.49090576,3.4942627,3.48114014,3.47991943,3.47290039,3.48693848,3.49182129,0.00231989985,0.00270057213,0.00275620865,0.00238939933,0.00256175385,0.00320328679,0.00279946486,0.00287504261,0.00240751123,0.00199548504,0.00240759295,0.00152679498,0.00348487869,0.0031014299,0.00323553523,0.00288935052,0,0,0,0,0,0,0,0,0,0,0,0,0,0,0,0,0,0,0,0,0,0,0,0
1442,14.547000,3,1,1,0,0,3.51013184,3.50646973,3.50402832,3.50738525,3.50189209,3.51135254,3.50738525,3.50128174,3.48937988,3.4866333,3.49090576,3.47595215,3.47625732,3.47137451,3.48327637,3.48968506,0.00605445914,0.00483803265,0.00556125632,0.00616223319,0.00528863864,0.00493046688,0.00577017013,0.00576324249,0.00490096025,0.00495200511,0.00482035615,0.00407037232,0.00554288365,0.00425224937,0.00600513164,0.00626387447,0,0,0,0,0,0,0,0,0,0,0,0,0,0,0,0,0,0,0,0,0,0,0,0
1443,14.547000,3,1,1,0,0,3.51806641,3.51501465,3.51196289,3.515625,3.51043701,3.52020264,3.51531982,3.50921631,3.49243164,3.49487305,3.49487305,3.48480225,3.48022461,3.4765625,3.48815918,3.49639893,0.00770022906,0.00742550008,0.00758522609,0.00876790937,0.00810858421,0.00725646177,0.00798967108,0.00793945882,0.00709745008,0.00837374292,0.00836850051,0.00894991588,0.00747557217,0.0076776729,0.00714978948,0.00872076675,0,0,0,0,0,0,0,0,0,0,0,0,0,0,0,0,0,0,0,0,0,0,0,0
1444,14.547000,3,1,1,0,0,3.51623535,3.51318359,3.51043701,3.51348877,3.50830078,3.51898193,3.51196289,3.50708008,3.49243164,3.4942627,3.49456787,3.48388672,3.47961426,3.4753418,3.487854,3.4954834,0.00554925017,0.00586458482,0.00584837236,0.0050747334,0.0056326231,0.00640553003,0.0042618257,0.00579232723,0.00360394712,0.00522136036,0.00374351325,0.00466816872,0.00393668795,0.00314689521,0.00511562405,0.00473213801,0,0,0,0,0,0,0,0,0,0,0,0,0,0,0,0,0,0,0,0,0,0,0,0
1445,14.547000,3,1,1,0,0,3.51165771,3.50708008,3.50372314,3.50860596,3.50158691,3.51379395,3.50799561,3.50189209,3.49029541,3.48754883,3.49273682,3.47961426,3.47839355,3.47259521,3.48571777,3.48907471,-0.00413902849,-0.00441243034,-0.00485057198,-0.00513694063,-0.00477649877,-0.0045247809,-0.00550310127,-0.00426803483,-0.00554422615,-0.00392293558,-0.00366243464,-0.00368185807,-0.0041714902,-0.00466093794,-0.0045359293,-0.00470426772,0,0,0,0,0,0,0,0,0,0,0,0,0,0,0,0,0,0,0,0,0,0,0,0
1446,14.719000,3,1,1,0,0,3.50006104,3.4967041,3.49487305,3.49884033,3.49212646,3.50341797,3.49853516,3.49273682,3.47686768,3.47595215,3.47930908,3.46496582,3.46466064,3.46038818,3.47198486,3.47961426,8.33094091e-05,-9.46777873e-05,-2.20236325e-06,0.00067350734,-0.000697506475,-0.00111133151,0.000207767443,0.000273986865,-0.000403664948,-8.26937176e-05,-0.000335193006,-0.00240273681,4.47427265e-05,-0.000615453639,-0.000115627343,0.000951681694,0,0,0,0,0,0,0,0,0,0,0,0,0,0,0,0,0,0,0,0,0,0,0,0
1447,14.719000,3,1,1,0,0,3.50799561,3.5055542,3.50280762,3.5067749,3.50067139,3.50952148,3.50585938,3.50006104,3.487854,3.4854126,3.48999023,3.4753418,3.47564697,3.47076416,3.48236084,3.48999023,0.00642284006,0.00716246339,0.00695066154,0.00729820831,0.00732805952,0.00720403576,0.00764642097,0.00674022362,0.00759276841,0.00741594424,0.00726411166,0.00715358322,0.00818217918,0.00727561442,0.00720242597,0.00681870198,0,0,0,0,0,0,0,0,0,0,0,0,0,0,0,0,0,0,0,0,0,0,0,0
1448,14.719000,3,1,1,0,0,3.50646973,3.50311279,3.50006104,3.50219727,3.4979248,3.50830078,3.50219727,3.49761963,3.48205566,3.48114014,3.48480225,3.47198486,3.46984863,3.46466064,3.47747803,3.48114014,0.00377220055,0.00378849986,0.00338919018,0.0023219604,0.0034320571,0.0035253237,0.00286476756,0.00352696679,0.00209440896,0.00265255501,0.00174395158,0.00285375817,0.00125267357,0.00169660104,0.00106950174,0.0005757045,0,0,0,0,0,0,0,0,0,0,0,0,0,0,0,0,0,0,0,0,0,0,0,0
1449,14.719000,3,1,1,0,0,3.51745605,3.51409912,3.51074219,3.51409912,3.50952148,3.51989746,3.51226807,3.50830078,3.49121094,3.49334717,3.4942627,3.48449707,3.48083496,3.47503662,3.48693848,3.49578857,0.00373379374,0.00294484058,0.00256739091,0.00229115831,0.0037754178,0.00356106507,0.00329163368,0.00355077279,0.00210679485,0.00149479869,0.00288458425,0.00310979458,0.0032105376,0.0030640387,0.00321990019,0.00404345011,0,0,0,0,0,0,0,0,0,0,0,0,0,0,0,0,0,0,0,0,0,0,0,0
1450,14.719000,3,1,1,0,0,3.50524902,3.50189209,3.49731445,3.50128174,3.49761963,3.50830078,3.50128174,3.4967041,3.48205566,3.48114014,3.48449707,3.47106934,3.46893311,3.46313477,3.4765625,3.48480225,0.00429421198,0.00471793627,0.00397377973,0.003841497,0.00510601746,0.00486522587,0.00481751282,0.00457723113,0.0046522026,0.00414418988,0.00505670207,0.00380308297,0.00480393134,0.00372620765,0.00505701313,0.00469755009,0,0,0,0,0,0,0,0,0,0,0,0,0,0,0,0,0,0,0,0,0,0,0,0
1451,14.719000,3,1,1,0,0,3.50463867,3.50097656,3.49639893,3.50006104,3.49639893,3.50708008,3.50128174,3.4942627,3.48114014,3.47930908,3.48358154,3.46984863,3.46679688,3.46343994,3.47595215,3.48022461,-0.00187703955,-0.00143038726,-0.00191930844,-0.00179725839,-0.00136075902,-0.000621006067,-0.00178015407,-0.00199227198,-0.000142910023,0.000641883642,-0.0013021545,0.000362707826,-0.0018984027,-0.000855980325,-0.000996383838,-0.00111867941,0,0,0,0,0,0,0,0,0,0,0,0,0,0,0,0,0,0,0,0,0,0,0,0
1452,14.719000,3,1,1,0,0,3.51104736,3.50830078,3.50402832,3.50921631,3.50158691,3.5144043,3.50921631,3.50219727,3.487854,3.48510742,3.48876953,3.4753418,3.4753418,3.47137451,3.47961426,3.48937988,0.00559477927,0.00484609045,0.00537240086,0.00588420033,0.00507628545,0.00475317612,0.00587195484,0.00520457095,0.00305404095,0.00498381583,0.0050321091,0.0044888705,0.00416105147,0.0041787494,0.00516751641,0.00484175794,0,0,0,0,0,0,0,0,0,0,0,0,0,0,0,0,0,0,0,0,0,0,0,0
1453,14.719000,3,1,1,0,0,3.51196289,3.50860596,3.50524902,3.51074219,3.50341797,3.51531982,3.50982666,3.50341797,3.49243164,3.49090576,3.4942627,3.48175049,3.48022461,3.47290039,3.48724365,3.4942627,0.00126387679,0.000732700108,0.00189323793,0.00246529328,0.000732527289,0.00165657513,0.00203350908,0.00186502596,0.00437621819,0.00345071033,0.00442273123,0.00377147715,0.00412312476,0.0035109045,0.00417548092,0.00221478357,0,0,0,0,0,0,0,0,0,0,0,0,0,0,0,0,0,0,0,0,0,0,0,0
1454,14.719000,3,1,1,0,0,3.5055542,3.50311279,3.49914551,3.50280762,3.49700928,3.50769043,3.50158691,3.49639893,3.48175049,3.48052979,3.48358154,3.47045898,3.46954346,3.46405029,3.47564697,3.48419189,-0.00104316766,-0.000705609971,-0.0019605956,-0.00114209705,-0.00246888469,-0.00120093417,-0.00108232722,-0.000966229476,-0.00292364042,-0.00238246587,-0.00435162196,-0.00317886076,-0.00254465849,-0.00228050072,-0.00423873728,-0.00167415617,0,0,0,0,0,0,0,0,0,0,0,0,0,0,0,0,0,0,0,0,0,0,0,0
1455,14.719000,3,1,1,0,0,3.50280762,3.50067139,3.4967041,3.50036621,3.49609375,3.50616455,3.50128174,3.49456787,3.48266602,3.48114014,3.48449707,3.47259521,3.46984863,3.46374512,3.4777832,3.48480225,-0.00252539758,-0.00263628317,-0.00250050402,-0.00269215903,-0.00227550231,-0.00240415218,-0.0024696996,-0.00240771612,-0.00357962679,-0.00335236988,-0.00284300698,-0.00375874154,-0.00326658343,-0.00296210032,-0.00289884908,-0.00288093416,0,0,0,0,0,0,0,0,0,0,0,0,0,0,0,0,0,0,0,0,0,0,0,0
1456,14.719000,3,1,1,0,0,3.51196289,3.50860596,3.50524902,3.50921631,3.50372314,3.51501465,3.50982666,3.50250244,3.49243164,3.49029541,3.49365234,3.48083496,3.47930908,3.47320557,3.48724365,3.49090576,0.00705292821,0.0064736451,0.00707923388,0.00712991366,0.00678784866,0.00678272732,0.00730306935,0.00725495908,0.00740246288,0.00895375013,0.00717495894,0.00940534286,0.00756796869,0.00782534946,0.007874595,0.00678351475,0,0,0,0,0,0,0,0,0,0,0,0,0,0,0,0,0,0,0,0,0,0,0,0
1457,14.719000,3,1,1,0,0,3.50952148,3.5067749,3.50219727,3.5067749,3.50006104,3.51074219,3.5067749,3.50128174,3.48632812,3.48571777,3.48510742,3.47290039,3.47351074,3.46923828,3.4777832,3.4866333,0.00857580639,0.00829894189,0.00740248989,0.00828693621,0.00791791454,0.00716867531,0.00888247695,0.00810759328,0.00804398395,0.00691068545,0.00706632808,0.00610882882,0.00627082866,0.0074275299,0.00583514385,0.00730792386,0,0,0,0,0,0,0,0,0,0,0,0,0,0,0,0,0,0,0,0,0,0,0,0
1458,14.719000,3,1,1,0,0,3.4967041,3.49365234,3.48999023,3.49395752,3.487854,3.49884033,3.49212646,3.487854,3.47351074,3.47290039,3.47351074,3.46435547,3.46038818,3.4552002,3.46801758,3.47442627,-0.00294300076,-0.00225708936,-0.00270391116,-0.00300648808,-0.00301366556,-0.00251086638,-0.00291976496,-0.00261557079,-0.00124893093,-0.00229119346,-0.00249223947,-0.000613312179,-0.00159116718,-0.002057367,-0.00231383462,-0.00280060805,0,0,0,0,0,0,0,0,0,0,0,0,0,0,0,0,0,0,0,0,0,0,0,0
1459,14.719000,3,1,1,0,0,3.50311279,3.50128174,3.49731445,3.50006104,3.4954834,3.5067749,3.50128174,3.49395752,3.48205566,3.47808838,3.48327637,3.46984863,3.46801758,3.46374512,3.47473145,3.48114014,-0.00348009123,-0.00232318952,-0.00323235337,-0.00333736185,-0.00285691954,-0.00232377835,-0.00209694495,-0.0029611683,-0.00168210152,-0.00256883679,-0.00145195087,-0.00224064267,-0.001843723,-0.00241388986,-0.00134762749,-0.00386952888,0,0,0,0,0,0,0,0,0,0,0,0,0,0,0,0,0,0,0,0,0,0,0,0
1460,14.719000,3,1,1,0,0,3.5055542,3.50219727,3.49700928,3.50128174,3.49700928,3.50799561,3.50158691,3.4954834,3.48114014,3.47930908,3.48419189,3.46984863,3.46954346,3.46435547,3.47564697,3.48022461,-0.00121271785,-0.000908757909,-0.00152620685,-0.00167911313,-0.00111460686,-0.00141074555,-0.000704710896,-0.00139040919,-0.00448440528,-0.00191997574,-0.00146133872,-0.00266475347,-0.00218825974,-0.00216346327,-0.00299430406,-0.003472629,0,0,0,0,0,0,0,0,0,0,0,0,0,0,0,0,0,0,0,0,0,0,0,0
1461,14.719000,3,1,1,0,0,3.51104736,3.50708008,3.50494385,3.50921631,3.50341797,3.51501465,3.50860596,3.50311279,3.49090576,3.49090576,3.49273682,3.48022461,3.47900391,3.47381592,3.48632812,3.49029541,0.00767017482,0.00642799167,0.00826782081,0.00792472344,0.00699382834,0.0070414925,0.00735781528,0.00809553172,0.00874626637,0.00998068042,0.00956377387,0.00941131171,0.00853288174,0.00879465602,0.00839790609,0.00812269375,0,0,0,0,0,0,0,0,0,0,0,0,0,0,0,0,0,0,0,0,0,0,0,0
1462,14.719000,3,1,1,0,0,3.49853516,3.49639893,3.49304199,3.4967041,3.49182129,3.50067139,3.49639893,3.49060059,3.47839355,3.47564697,3.48083496,3.465271,3.4664917,3.46069336,3.47351074,3.48022461,0.00136375043,0.00078809727,0.00153450435,0.000736855669,0.000523924711,-8.07701144e-05,0.000808870536,0.000282507157,0.00048632978,-9.03267646e-05,0.000849743956,-7.56453956e-05,0.000301913358,0.00135721907,0.000438117189,0.00126633339,0,0,0,0,0,0,0,0,0,0,0,0,0,0,0,0,0,0,0,0,0,0,0,0
1463,14.891000,3,1,1,0,0,3.50616455,3.50341797,3.50006104,3.50402832,3.4979248,3.50799561,3.50128174,3.4967041,3.48175049,3.48449707,3.48480225,3.47503662,3.47045898,3.46435547,3.47717285,3.48632812,0.000161247444,0.000469628751,-3.82821891e-05,0.00170783745,0.00115718611,0.000579399057,0.000544838898,0.000973291753,-0.000206809171,0.00110840274,0.000678347482,0.000202261144,3.82321305e-05,-0.000351315044,-4.04466846e-05,0.000703735801,0,0,0,0,0,0,0,0,0,0,0,0,0,0,0,0,0,0,0,0,0,0,0,0
1464,14.891000,3,1,1,0,0,3.50982666,3.50646973,3.50372314,3.50646973,3.50006104,3.51013184,3.5067749,3.49975586,3.48846436,3.4866333,3.49273682,3.47686768,3.47625732,3.47198486,3.48297119,3.48937988,0.0102710342,0.00902736187,0.00947460346,0.00915622618,0.00900086202,0.00905869622,0.00939924177,0.00893399678,0.00997497886,0.00864906423,0.0101044569,0.00750689115,0.00951671321,0.00938791595,0.00932020135,0.00824522972,0,0,0,0,0,0,0,0,0,0,0,0,0,0,0,0,0,0,0,0,0,0,0,0
1465,14.891000,3,1,1,0,0,3.50646973,3.50341797,3.50006104,3.50341797,3.4979248,3.50952148,3.50219727,3.4967041,3.48327637,3.48571777,3.48846436,3.47625732,3.47412109,3.46893311,3.47808838,3.48754883,0.00511206593,0.00501130428,0.00514108455,0.00518420804,0.00455473643,0.00446414296,0.00344452285,0.00460769748,0.00240735407,0.00541237835,0.00505673746,0.00520115579,0.00384428166,0.00396292983,0.00289770821,0.00565296318,0,0,0,0,0,0,0,0,0,0,0,0,0,0,0,0,0,0,0,0,0,0,0,0
1466,14.891000,3,1,1,0,0,3.51226807,3.51074219,3.50616455,3.51074219,3.50524902,3.51593018,3.50952148,3.50402832,3.48968506,3.48999023,3.49243164,3.47686768,3.47564697,3.47229004,3.48358154,3.49060059,0.00379770109,0.00386130041,0.0038789825,0.00424332777,0.0035343573,0.00367724011,0.00303532067,0.00319090462,0.0020641177,0.00480774324,0.00211862009,0.00323487353,0.00270988885,0.00258199987,0.00235995906,0.0038137997,0,0,0,0,0,0,0,0,0,0,0,0,0,0,0,0,0,0,0,0,0,0,0,0
1467,14.891000,3,1,1,0,0,3.50830078,3.50494385,3.50219727,3.5055542,3.50036621,3.51013184,3.5055542,3.49975586,3.48754883,3.4866333,3.48999023,3.47595215,3.47503662,3.47015381,3.48205566,3.49029541,0.00218383898,0.00190725795,0.00240783929,0.0022850961,0.00176620751,0.00152110809,0.00279780873,0.00222926214,0.00397116551,0.00318757049,0.00369375292,0.00297161238,0.00364487432,0.00294027012,0.00369182066,0.00464775739,0,0,0,0,0,0,0,0,0,0,0,0,0,0,0,0,0,0,0,0,0,0,0,0
1468,14.891000,3,1,1,0,0,3.50219727,3.50097656,3.49761963,3.50006104,3.49517822,3.50646973,3.50128174,3.49334717,3.48266602,3.48052979,3.48327637,3.46984863,3.46893311,3.46405029,3.47717285,3.48358154,-0.00483580399,-0.00490829535,-0.0041759545,-0.00560284918,-0.00463142479,-0.00511452369,-0.0050387606,-0.0045504421,-0.00345821911,-0.00362807559,-0.0037300915,-0.00293667102,-0.00378666446,-0.00303504057,-0.00448298873,-0.00352007709,0,0,0,0,0,0,0,0,0,0,0,0,0,0,0,0,0,0,0,0,0,0,0,0
1469,14.891000,3,1,1,0,0,3.5043335,3.50219727,3.49945068,3.50250244,3.4967041,3.50799561,3.50250244,3.49578857,3.48297119,3.48480225,3.48419189,3.47412109,3.46923828,3.4677124,3.47839355,3.48602295,-0.00503229117,-0.00453098537,-0.00521555264,-0.00572615303,-0.00472397311,-0.0042226743,-0.00546186883,-0.00429064035,-0.00417524017,-0.00330137322,-0.00446324982,-0.00370705361,-0.004623577,-0.00385444006,-0.00421439111,-0.00358911417,0,0,0,0,0,0,0,0,0,0,0,0,0,0,0,0,0,0,0,0,0,0,0,0
1470,14.891000,3,1,1,0,0,3.50708008,3.50311279,3.50067139,3.50372314,3.49822998,3.50891113,3.50219727,3.49822998,3.48693848,3.48480225,3.48632812,3.47473145,3.47076416,3.46832275,3.47930908,3.48815918,-0.00314974599,-0.00422986504,-0.00377827417,-0.00413176883,-0.00433079014,-0.00477045123,-0.00370883686,-0.003113101,-0.00137811457,-0.00299533107,-0.00111178018,-0.00231894595,-0.000998973963,-0.00127186603,-0.00215136958,-0.00226949574,0,0,0,0,0,0,0,0,0,0,0,0,0,0,0,0,0,0,0,0,0,0,0,0
1471,14.891000,3,1,1,0,0,3.50799561,3.50341797,3.50158691,3.5055542,3.49945068,3.50891113,3.50524902,3.49945068,3.48693848,3.48510742,3.48968506,3.47473145,3.4753418,3.46832275,3.48114014,3.48876953,0.0114991833,0.0114286095,0.0125821941,0.0121409334,0.0118463077,0.0120377121,0.0123167075,0.0116387568,0.0124238962,0.0132573834,0.0125704706,0.011209283,0.0129987812,0.0110408906,0.0136965606,0.0140733272,0,0,0,0,0,0,0,0,0,0,0,0,0,0,0,0,0,0,0,0,0,0,0,0
1472,14.891000,3,1,1,0,0,3.51715088,3.51409912,3.51165771,3.515625,3.51013184,3.51898193,3.51470947,3.50891113,3.49578857,3.49517822,3.49487305,3.48388672,3.48022461,3.4753418,3.48632812,3.49609375,0.009453604,0.00981047284,0.00964835286,0.00966512039,0.00987485331,0.00981126353,0.00962432195,0.00940086693,0.00752336625,0.00866227224,0.00594632048,0.00843583699,0.00747433212,0.00745231658,0.00614181487,0.0071991547,0,0,0,0,0,0,0,0,0,0,0,0,0,0,0,0,0,0,0,0,0,0,0,0
1473,14.891000,3,1,1,0,0,3.52111816,3.51715088,3.515625,3.51989746,3.51470947,3.52355957,3.51959229,3.51348877,3.50067139,3.49639893,3.50372314,3.4866333,3.48815918,3.48297119,3.49517822,3.50067139,0.00238084304,0.00221083779,0.00257774442,0.00285266782,0.00255561457,0.00255179452,0.00280345976,0.00226347568,0.000596886908,0.00152853213,0.00114119484,0.00121056009,0.00150640472,0.0011013723,0.00150386209,0.00129398843,0,0,0,0,0,0,0,0,0,0,0,0,0,0,0,0,0,0,0,0,0,0,0,0
1474,14.891000,3,1,1,0,0,3.50891113,3.50463867,3.50158691,3.50524902,3.50097656,3.50952148,3.50585938,3.49945068,3.487854,3.48632812,3.48937988,3.47625732,3.47595215,3.46954346,3.48175049,3.48907471,0.00512069045,0.00518802553,0.00546006393,0.00426839106,0.00567290466,0.00470115338,0.00471754931,0.00492952392,0.00644545443,0.0067825499,0.00597189087,0.00685999636,0.00679865573,0.00589653151,0.00560949277,0.00540666608,0,0,0,0,0,0,0,0,0,0,0,0,0,0,0,0,0,0,0,0,0,0,0,0
1475,14.891000,3,1,1,0,0,3.50189209,3.49731445,3.49517822,3.49945068,3.49395752,3.5043335,3.49945068,3.49395752,3.48205566,3.4777832,3.48419189,3.47076416,3.46832275,3.46313477,3.47442627,3.48144531,-0.000274775666,-7.91476341e-05,-0.000711399713,-6.03877706e-05,0.000290011289,2.50940211e-05,0.00112097245,0.000100421952,0.00283504557,0.000317331403,0.00195194467,0.00164606457,0.00189570396,0.000981739257,0.00147245161,0.00183287193,0,0,0,0,0,0,0,0,0,0,0,0,0,0,0,0,0,0,0,0,0,0,0,0
1476,14.891000,3,1,1,0,0,3.5144043,3.51196289,3.50891113,3.51165771,3.50738525,3.51776123,3.51226807,3.50524902,3.49182129,3.49243164,3.49273682,3.48205566,3.47991943,3.47412109,3.48754883,3.49243164,-0.00378128956,-0.00356944883,-0.00314089726,-0.00356438407,-0.00319526927,-0.00282194512,-0.00330417417,-0.00338031398,-0.00347816292,-0.00333731435,-0.00395418797,-0.00369619695,-0.0036222036,-0.00402797386,-0.00299185794,-0.00265940302,0,0,0,0,0,0,0,0,0,0,0,0,0,0,0,0,0,0,0,0,0,0,0,0
1477,14.891000,3,1,1,0,0,3.50128174,3.49884033,3.49639893,3.49914551,3.4942627,3.50524902,3.50067139,3.4942627,3.48175049,3.48052979,3.48419189,3.47076416,3.46984863,3.46405029,3.47595215,3.48144531,0.000884117908,0.00051026803,0.00103392091,0.00112277025,-0.000230211357,0.000778291665,0.00213900185,0.00109969825,0.00193350413,0.000218302011,0.00171384763,0.000451918982,0.0019879092,0.000901058782,-3.13137425e-05,1.21065532e-05,0,0,0,0,0,0,0,0,0,0,0,0,0,0,0,0,0,0,0,0,0,0,0,0
1478,14.891000,3,1,1,0,0,3.51379395,3.51074219,3.50738525,3.51135254,3.50646973,3.5168457,3.51135254,3.50372314,3.49182129,3.48999023,3.49304199,3.47991943,3.47961426,3.47381592,3.4866333,3.49090576,0.0104053728,0.0112763774,0.0113166738,0.010310228,0.0108843278,0.0110073742,0.0104247928,0.0106967986,0.00975704566,0.0110076489,0.0097028343,0.00977423694,0.0113045778,0.00921977311,0.0111946445,0.0102510164,0,0,0,0,0,0,0,0,0,0,0,0,0,0,0,0,0,0,0,0,0,0,0,0
1479,14.891000,3,1,1,0,0,3.50982666,3.50708008,3.50494385,3.50769043,3.50189209,3.51165771,3.50860596,3.50158691,3.49029541,3.48632812,3.49395752,3.47747803,3.47869873,3.47351074,3.48327637,3.49121094,0.00341621181,0.00345307193,0.00384613802,0.00282341242,0.00321649457,0.00321461074,0.00295876246,0.00381895876,0.00318346056,0.00367054576,0.00589731801,0.00340095907,0.00323916483,0.00383255235,0.00296344259,0.00316702551,0,0,0,0,0,0,0,0,0,0,0,0,0,0,0,0,0,0,0,0,0,0,0,0
1480,14.891000,3,1,1,0,0,3.51715088,3.51348877,3.51104736,3.51409912,3.50830078,3.51928711,3.5144043,3.50769043,3.49578857,3.49517822,3.4979248,3.48510742,3.47961426,3.47686768,3.49090576,3.49639893,0.00892662164,0.00861289166,0.00861533359,0.00887485687,0.00802576728,0.00783284009,0.00920506194,0.00827882066,0.00875684153,0.00841929764,0.00990393292,0.00931593031,0.00750494748,0.00830935128,0.00921708159,0.00836953055,0,0,0,0,0,0,0,0,0,0,0,0,0,0,0,0,0,0,0,0,0,0,0,0
1481,15.078000,3,1,1,0,0,3.50463867,3.50128174,3.49761963,3.50006104,3.49639893,3.5067749,3.50189209,3.49517822,3.48144531,3.47869873,3.48327637,3.47106934,3.46984863,3.46435547,3.47717285,3.48419189,-0.00394513877,-0.00417518383,-0.00411954103,-0.00489825336,-0.00427283114,-0.0050274008,-0.00410989206,-0.00349873863,-0.0027807299,-0.00446325075,-0.00299917813,-0.00358177489,-0.00215778151,-0.00206404901,-0.00259073591,-0.00271938206,0,0,0,0,0,0,0,0,0,0,0,0,0,0,0,0,0,0,0,0,0,0,0,0
1482,15.078000,3,1,1,0,0,3.515625,3.51226807,3.50921631,3.51287842,3.50769043,3.51837158,3.51226807,3.50646973,3.49121094,3.49212646,3.49395752,3.48144531,3.48083496,3.47290039,3.48815918,3.49456787,0.000606425339,0.000639691192,0.000931849936,0.00121012935,0.000617389102,0.00112232496,0.00191098661,0.00167190959,0.00261373026,0.00214985246,0.00271403859,0.00131851621,0.00261488091,0.00230179238,0.00216235407,0.00196648738,0,0,0,0,0,0,0,0,0,0,0,0,0,0,0,0,0,0,0,0,0,0,0,0
1483,15.078000,3,1,1,0,0,3.51531982,3.51257324,3.50860596,3.51135254,3.50738525,3.51806641,3.51104736,3.50585938,3.49182129,3.49243164,3.4942627,3.48114014,3.47900391,3.47290039,3.48693848,3.4942627,-0.00157545914,-0.00112649892,-0.000925714732,-0.00159974489,-0.00169714401,-0.00162263471,-0.0024637254,-0.0014883253,-0.000978068216,0.000239573885,-0.000761842588,-0.000273680082,-0.000127384206,-0.000267206924,-0.00235650083,3.32657946e-05,0,0,0,0,0,0,0,0,0,0,0,0,0,0,0,0,0,0,0,0,0,0,0,0
1484,15.078000,3,1,1,0,0,3.51867676,3.51593018,3.51135254,3.515625,3.50952148,3.51989746,3.51593018,3.50982666,3.4954834,3.4954834,3.49487305,3.48388672,3.48083496,3.47747803,3.48754883,3.49578857,0.00633698562,0.00758109335,0.00644462928,0.00653291261,0.00688864477,0.00713322917,0.00681521324,0.00683872448,0.00486116763,0.00672992086,0.00466796057,0.0053949398,0.00556096807,0.00553516438,0.00522041228,0.00418370729,0,0,0,0,0,0,0,0,0,0,0,0,0,0,0,0,0,0,0,0,0,0,0,0
1485,15.078000,3,1,1,0,0,3.5055542,3.50311279,3.49975586,3.50097656,3.49731445,3.50891113,3.50219727,3.49639893,3.48114014,3.48083496,3.48327637,3.47198486,3.46984863,3.46405029,3.47747803,3.48114014,-0.00259320554,-0.00185101386,-0.00240955641,-0.00206203526,-0.00168729946,-0.00158647564,-0.00152539345,-0.00187514629,-0.000820869755,-0.000727357401,-0.000244417461,-4.9408176e-05,0.000283720379,-0.000445513055,0.000502859824,-0.00235457439,0,0,0,0,0,0,0,0,0,0,0,0,0,0,0,0,0,0,0,0,0,0,0,0
1486,15.078000,3,1,1,0,0,3.51043701,3.50738525,3.5043335,3.50646973,3.50128174,3.51257324,3.50769043,3.50067139,3.49029541,3.48693848,3.49060059,3.47930908,3.47625732,3.47198486,3.48297119,3.49029541,-0.00228246441,-0.00251215626,-0.00207305071,-0.00199214648,-0.00232524332,-0.00231886911,-0.00223110942,-0.00368781341,-2.88351875e-05,-0.000369468471,-0.00135144067,3.35892328e-05,-0.000134484799,-0.00026582682,-0.00138684455,-0.000261870737,0,0,0,0,0,0,0,0,0,0,0,0,0,0,0,0,0,0,0,0,0,0,0,0
1487,15.078000,3,1,1,0,0,3.52325439,3.52111816,3.51593018,3.51989746,3.51623535,3.5269165,3.52050781,3.51348877,3.50097656,3.50036621,3.50311279,3.48724365,3.48937988,3.48327637,3.49578857,3.50067139,-0.000102577847,0.000746503356,0.000183843193,1.16069568e-05,0.00129692547,0.000756140216,0.00102463493,0.000203251955,0.00204961025,0.00022921653,0.0017338777,-0.000788154313,0.0023485939,0.000859130872,0.00221061334,0.000975210569,0,0,0,0,0,0,0,0,0,0,0,0,0,0,0,0,0,0,0,0,0,0,0,0
1488,15.078000,3,1,1,0,0,3.50219727,3.50097656,3.49822998,3.50067139,3.49609375,3.50646973,3.50036621,3.4942627,3.48266602,3.48114014,3.48327637,3.47167969,3.47015381,3.46466064,3.47625732,3.48144531,-0.000160121301,-1.68045517e-05,0.00115193031,0.000179901952,0.00070885435,5.22459741e-05,-0.000293776684,0.000397559954,0.000691301655,0.00160245621,0.00168038462,0.00136867119,0.00131540932,0.00155691057,0.00068575202,0.00125598721,0,0,0,0,0,0,0,0,0,0,0,0,0,0,0,0,0,0,0,0,0,0,0,0
1489,15.078000,3,1,1,0,0,3.50616455,3.50280762,3.50006104,3.50219727,3.49822998,3.50738525,3.50219727,3.4979248,3.48388672,3.48449707,3.48876953,3.47503662,3.47076416,3.46862793,3.47808838,3.48693848,0.00486527756,0.00423606904,0.00485499948,0.00495709758,0.00450654794,0.00437463308,0.00398334628,0.00488369679,0.00442061946,0.00577427633,0.00441119261,0.00653126976,0.00558644906,0.00481194351,0.0054234066,0.00557201775,0,0,0,0,0,0,0,0,0,0,0,0,0,0,0,0,0,0,0,0,0,0,0,0
1490,15.078000,3,1,1,0,0,3.50921631,3.5055542,3.50189209,3.5055542,3.49945068,3.51104736,3.5055542,3.49914551,3.48297119,3.48449707,3.48358154,3.47412109,3.47076416,3.46496582,3.47717285,3.48632812,-0.0014316435,-0.0019021522,-0.00233256491,-0.00117546378,-0.00296575204,-0.00125579163,-0.00111749093,-0.00140307308,-0.00274964119,-0.00199963758,-0.00354673294,-0.00283936039,-0.00202255463,-0.00248086452,-0.00308712479,-0.0015848605,0,0,0,0,0,0,0,0,0,0,0,0,0,0,0,0,0,0,0,0,0,0,0,0
1491,15.078000,3,1,1,0,0,3.5168457,3.51318359,3.50952148,3.51318359,3.50830078,3.51867676,3.51226807,3.50708008,3.49243164,3.49243164,3.49395752,3.48236084,3.47961426,3.47381592,3.48693848,3.4954834,0.00189251057,0.00233051181,0.00241088262,0.00164417073,0.00272300001,0.00223516161,0.00197699131,0.00145176402,0.00312442239,0.00283624465,0.00188695791,0.00256771687,0.00294940104,0.00144626887,0.00336881587,0.00389790814,0,0,0,0,0,0,0,0,0,0,0,0,0,0,0,0,0,0,0,0,0,0,0,0
1492,15.078000,3,1,1,0,0,3.51470947,3.51196289,3.50860596,3.51196289,3.50738525,3.51745605,3.51226807,3.50646973,3.49212646,3.49182129,3.49456787,3.48236084,3.48052979,3.47381592,3.48754883,3.49487305,0.00817294046,0.00839109067,0.00814731047,0.00845753402,0.00863555353,0.0086259339,0.0089669656,0.00834557973,0.00819519348,0.00849071983,0.00787236169,0.0084834313,0.00944540277,0.00805907976,0.00917788129,0.0088455826,0,0,0,0,0,0,0,0,0,0,0,0,0,0,0,0,0,0,0,0,0,0,0,0
1493,15.078000,3,1,1,0,0,3.51074219,3.50738525,3.50494385,3.50891113,3.50250244,3.51226807,3.50891113,3.50250244,3.49121094,3.4866333,3.49334717,3.48052979,3.47747803,3.47412109,3.48358154,3.48968506,0.00648791296,0.00646678219,0.00668089092,0.00592554826,0.0060087,0.0061883647,0.00518449955,0.00616595615,0.00478233304,0.00547875743,0.00523068849,0.00682685338,0.00561456149,0.00575553998,0.0050565945,0.006085434,0,0,0,0,0,0,0,0,0,0,0,0,0,0,0,0,0,0,0,0,0,0,0,0
1494,15.078000,3,1,1,0,0,3.51898193,3.51593018,3.51257324,3.51715088,3.51165771,3.51989746,3.51654053,3.51013184,3.49273682,3.49517822,3.4942627,3.4854126,3.48052979,3.47808838,3.48815918,3.49609375,0.00183974439,0.00202703616,0.00247417181,0.00233139377,0.00195883773,0.00106019713,0.00231760135,0.00241736858,0.00267733447,0.00198557321,0.00235864706,0.00311831431,0.0029073772,0.00354006724,0.00241938652,0.00327771995,0,0,0,0,0,0,0,0,0,0,0,0,0,0,0,0,0,0,0,0,0,0,0,0
1495,15.078000,3,1,1,0,0,3.51745605,3.51470947,3.51074219,3.51501465,3.50952148,3.51867676,3.51318359,3.50891113,3.49334717,3.49395752,3.49365234,3.48510742,3.48083496,3.47625732,3.487854,3.49517822,0.00741207832,0.006634505,0.00712456275,0.00696947705,0.00691329502,0.00608043559,0.00621516956,0.00680396054,0.00594502082,0.00613505952,0.00510353781,0.0065675145,0.00594195258,0.00526281213,0.00737658143,0.00672311988,0,0,0,0,0,0,0,0,0,0,0,0,0,0,0,0,0,0,0,0,0,0,0,0
1496,15.078000,3,1,1,0,0,3.51257324,3.51135254,3.50830078,3.51013184,3.5067749,3.5168457,3.51074219,3.5043335,3.49243164,3.49121094,3.49273682,3.48175049,3.48022461,3.47442627,3.4866333,3.49395752,0.00407620287,0.00433050049,0.00458041253,0.00395575911,0.00396451727,0.00377317728,0.00507482281,0.00414655264,0.00407690043,0.00377247762,0.00290490082,0.00418290356,0.00296302,0.00321708899,0.00387580227,0.00438215677,0,0,0,0,0,0,0,0,0,0,0,0,0,0,0,0,0,0,0,0,0,0,0,0
1497,15.078000,3,1,1,0,0,3.50250244,3.50128174,3.4967041,3.50036621,3.49609375,3.50616455,3.50158691,3.49487305,3.48236084,3.48144531,3.48449707,3.47198486,3.46923828,3.46435547,3.4777832,3.4854126,-0.000532974838,-0.000627496396,-0.00112322369,0.000146204286,-0.000904765679,-0.000184991281,-7.62354466e-05,-0.000391615584,-0.000244009076,-0.00146896206,-0.0016298109,-0.00163763808,-0.000871656986,-0.000761664356,-0.000333274365,-0.000149097323,0,0,0,0,0,0,0,0,0,0,0,0,0,0,0,0,0,0,0,0,0,0,0,0
1498,15.234000,3,1,1,0,0,3.5055542,3.50158691,3.49975586,3.50158691,3.49700928,3.50799561,3.50128174,3.4967041,3.48175049,3.48510742,3.48480225,3.4753418,3.46954346,3.46435547,3.47717285,3.48510742,0.0012454727,0.00156618631,0.00260684849,0.00120017841,0.00201167329,0.0017606488,0.001613189,0.00181199959,0.00277217361,0.0043525626,0.0024725874,0.00387573568,0.00221250067,0.00236049714,0.00208493997,0.00251328759,0,0,0,0,0,0,0,0,0,0,0,0,0,0,0,0,0,0,0,0,0,0,0,0
1499,15.234000,3,1,1,0,0,3.51135254,3.50830078,3.50463867,3.50952148,3.50189209,3.51470947,3.50891113,3.50341797,3.49182129,3.48999023,3.49365234,3.48083496,3.47869873,3.47290039,3.48602295,3.49060059,0.00794876553,0.008344003,0.00818215683,0.00899003167,0.00736779068,0.00911928341,0.00870799273,0.00822560955,0.00929836743,0.00757401064,0.00801613741,0.00828164909,0.008227529,0.00963517837,0.00794039946,0.0081637511,0,0,0,0,0,0,0,0,0,0,0,0,0,0,0,0,0,0,0,0,0,0,0,0
1500,15.234000,3,1,1,0,0,3.51287842,3.50830078,3.50646973,3.50952148,3.5055542,3.515625,3.51043701,3.50372314,3.49151611,3.49121094,3.49334717,3.48114014,3.47991943,3.47442627,3.4866333,3.49090576,0.00925513264,0.00925871171,0.00937353726,0.00979137886,0.00924024452,0.00812301412,0.0102865212,0.00959690753,0.0105142146,0.00957467966,0.0103185363,0.00905630831,0.0101407012,0.010596619,0.0112776244,0.00941752177,0,0,0,0,0,0,0,0,0,0,0,0,0,0,0,0,0,0,0,0,0,0,0,0
1501,15.234000,3,1,1,0,0,3.51898193,3.51501465,3.51257324,3.51593018,3.50982666,3.51989746,3.515625,3.50982666,3.49609375,3.49609375,3.49914551,3.48510742,3.48236084,3.47808838,3.49090576,3.49700928,0.00100055931,0.000880450942,0.000511314021,-3.83694496e-05,0.000721017248,0.000908342539,0.000650731905,0.0005097877,0.00081073778,0.000981991529,0.000398705655,0.000791266852,0.00073265424,0.000850151002,0.00129760592,-0.000847576419,0,0,0,0,0,0,0,0,0,0,0,0,0,0,0,0,0,0,0,0,0,0,0,0
1502,15.234000,3,1,1,0,0,3.50646973,3.50311279,3.50006104,3.50402832,3.49884033,3.50921631,3.50280762,3.49822998,3.48205566,3.48236084,3.48358154,3.47198486,3.46893311,3.46313477,3.47625732,3.48480225,-0.000307434384,-8.20574642e-05,-0.000605164329,0.000253254286,-9.92288988e-05,0.00021492588,4.75795241e-06,-0.000435712805,-0.00210525352,-0.00128171593,-0.00184523442,-0.00178202812,-0.00202699006,-0.00193745003,-0.0024097024,-0.00168664171,0,0,0,0,0,0,0,0,0,0,0,0,0,0,0,0,0,0,0,0,0,0,0,0
1503,15.234000,3,1,1,0,0,3.51623535,3.51348877,3.51013184,3.51348877,3.50799561,3.51928711,3.51196289,3.50616455,3.49243164,3.49090576,3.4942627,3.48144531,3.47930908,3.47442627,3.4866333,3.49212646,-0.00106143206,-0.00063392031,-0.00136292656,-0.00226460397,-0.00136711006,-0.000807628152,-0.00167400425,-0.00181999698,-0.00323354709,-0.00261693751,-0.00335267186,-0.00260386104,-0.00264262618,-0.00304460176,-0.00308943214,-0.00312258024,0,0,0,0,0,0,0,0,0,0,0,0,0,0,0,0,0,0,0,0,0,0,0,0
1504,15.234000,3,1,1,0,0,3.51501465,3.51135254,3.50891113,3.51287842,3.50738525,3.51806641,3.51196289,3.5055542,3.49243164,3.49243164,3.49273682,3.48266602,3.48052979,3.47442627,3.4866333,3.49517822,0.00384952151,0.00384592172,0.00346491975,0.00373792765,0.00436385348,0.00402907236,0.00382030685,0.00382366916,0.0033444725,0.00454638945,0.00339630945,0.00431579631,0.0028532506,0.00281969574,0.00400098786,0.00424246863,0,0,0,0,0,0,0,0,0,0,0,0,0,0,0,0,0,0,0,0,0,0,0,0
1505,15.234000,3,1,1,0,0,3.50646973,3.50372314,3.50036621,3.50280762,3.4979248,3.51013184,3.50189209,3.4979248,3.48266602,3.48175049,3.48327637,3.47198486,3.46923828,3.46496582,3.47717285,3.48510742,0.00015407498,-0.000101420912,-0.000591438147,-0.000104874955,-0.000209636579,0.00104386942,-0.000670601672,2.47230637e-05,-0.00188049581,-9.80089535e-05,-0.00130184577,-0.00145779992,-0.00176680461,-0.00216915668,-0.00201120507,-0.000379402918,0,0,0,0,0,0,0,0,0,0,0,0,0,0,0,0,0,0,0,0,0,0,0,0
1506,15.234000,3,1,1,0,0,3.51715088,3.51409912,3.51013184,3.51409912,3.50952148,3.51928711,3.51409912,3.50799561,3.49609375,3.49487305,3.49761963,3.48449707,3.47900391,3.47564697,3.48632812,3.4967041,0.00344157242,0.00304938108,0.00310684508,0.00365585415,0.00323138223,0.00232614018,0.00316071697,0.00353973499,0.00502812304,0.00298492983,0.00445565116,0.00415832503,0.00325995823,0.00340300892,0.00367658306,0.00449992018,0,0,0,0,0,0,0,0,0,0,0,0,0,0,0,0,0,0,0,0,0,0,0,0
1507,15.234000,3,1,1,0,0,3.51654053,3.51379395,3.51074219,3.5144043,3.50860596,3.51898193,3.5144043,3.50738525,3.49273682,3.49304199,3.4942627,3.48297119,3.47991943,3.4753418,3.4866333,3.49517822,0.00283134938,0.00355106196,0.00330117485,0.00329815387,0.00348796719,0.00395378098,0.00354065513,0.00289348443,0.00193644431,0.00373840402,0.003038764,0.00385854021,0.00216693967,0.00211664056,0.00138472312,0.0030401682,0,0,0,0,0,0,0,0,0,0,0,0,0,0,0,0,0,0,0,0,0,0,0,0
1508,15.234000,3,1,1,0,0,3.51043701,3.5067749,3.50372314,3.50769043,3.50128174,3.51318359,3.50830078,3.50036621,3.4866333,3.48602295,3.487854,3.47564697,3.47381592,3.46832275,3.47808838,3.48754883,-0.00123106083,-0.000910642906,-0.00175961817,-0.00228762138,-0.00185288966,-0.00087965175,-0.00143980864,-0.00179717201,-0.00213295547,-0.00257344404,-0.00277793105,-0.00274014706,-0.00211891322,-0.00391536904,-0.00267771678,-0.00391159486,0,0,0,0,0,0,0,0,0,0,0,0,0,0,0,0,0,0,0,0,0,0,0,0
1509,15.234000,3,1,1,0,0,3.51745605,3.51470947,3.51135254,3.51470947,3.50891113,3.51989746,3.51226807,3.50830078,3.49243164,3.49395752,3.49365234,3.48266602,3.48022461,3.47381592,3.48815918,3.4954834,0.00659204926,0.00647102576,0.00665541599,0.00673812581,0.0068610413,0.00606164709,0.00584560912,0.00621498656,0.00571504328,0.00541516393,0.00363341859,0.0059194318,0.00449773436,0.00372621557,0.00383699522,0.00477358187,0,0,0,0,0,0,0,0,0,0,0,0,0,0,0,0,0,0,0,0,0,0,0,0
1510,15.234000,3,1,1,0,0,3.51593018,3.51287842,3.50952148,3.51257324,3.50830078,3.51837158,3.51226807,3.50708008,3.49090576,3.49395752,3.4942627,3.48236084,3.47991943,3.47381592,3.48754883,3.49487305,0.00732609211,0.0069622919,0.00709892623,0.00720046274,0.00626753317,0.00536608743,0.00708563766,0.00673876237,0.00700357184,0.00749643147,0.00821961649,0.00654963637,0.00680893334,0.00678143557,0.00827940553,0.0067150942,0,0,0,0,0,0,0,0,0,0,0,0,0,0,0,0,0,0,0,0,0,0,0,0
1511,15.234000,3,1,1,0,0,3.51043701,3.50616455,3.5043335,3.5067749,3.50189209,3.51074219,3.50708008,3.50158691,3.48876953,3.4854126,3.49090576,3.47961426,3.47625732,3.47259521,3.48297119,3.49060059,-0.000203144853,-0.000785097829,-0.000538277265,-0.00133051432,-0.000813371735,-0.00113948714,-0.00107477559,-0.00108173711,-0.00130283274,-0.000930504757,-0.00139388663,-0.000619003549,-0.0012013485,-0.000491917948,-0.000161793083,-0.00159591646,0,0,0,0,0,0,0,0,0,0,0,0,0,0,0,0,0,0,0,0,0,0,0,0
1512,15.234000,3,1,1,0,0,3.50158691,3.50036621,3.49609375,3.49884033,3.49365234,3.5067749,3.50128174,3.49395752,3.48205566,3.47961426,3.48388672,3.47045898,3.47045898,3.46496582,3.4765625,3.48114014,-0.00271169515,-0.00166103023,-0.00262238714,-0.00310020964,-0.00245926203,-0.00164715387,-0.00195156923,-0.00308402558,-0.000547912321,-0.000381955586,-0.00121314055,-0.000269907468,0.000109171204,-0.00212843576,0.000133989262,-0.00234060828,0,0,0,0,0,0,0,0,0,0,0,0,0,0,0,0,0,0,0,0,0,0,0,0
1513,15.234000,3,1,1,0,0,3.50128174,3.49975586,3.49578857,3.49945068,3.49487305,3.50585938,3.50036621,3.49304199,3.48175049,3.47900391,3.48358154,3.47045898,3.46893311,3.46405029,3.47564697,3.48022461,0.00278207497,0.00325358822,0.00303890463,0.00338983187,0.00271466887,0.00265112892,0.00328114838,0.00299266004,0.00283657783,0.00254725339,0.00215376401,0.00313817337,0.00149117445,0.00270607136,0.00326309027,0.00246066437,0,0,0,0,0,0,0,0,0,0,0,0,0,0,0,0,0,0,0,0,0,0,0,0
1514,15.234000,3,1,1,0,0,3.51470947,3.51104736,3.50830078,3.51165771,3.50708008,3.51715088,3.51165771,3.50616455,3.49151611,3.49090576,3.49304199,3.48022461,3.47991943,3.47351074,3.48693848,3.49090576,0.00875926856,0.00867784582,0.00938505307,0.0091177281,0.00973430928,0.00947013963,0.00996992737,0.0096099861,0.00864277501,0.00854698289,0.00822210684,0.00747076748,0.00870563369,0.00949864089,0.00897731911,0.00842186436,0,0,0,0,0,0,0,0,0,0,0,0,0,0,0,0,0,0,0,0,0,0,0,0
1515,15.406000,3,1,1,0,0,3.51531982,3.51226807,3.50830078,3.51013184,3.50738525,3.51715088,3.51196289,3.50494385,3.49182129,3.48999023,3.49304199,3.47747803,3.47808838,3.47290039,3.48602295,3.49090576,0.00407182192,0.00383861992,0.00381381088,0.00356948911,0.00387565163,0.00328328856,0.0045123687,0.00395763665,0.00260314718,0.00354263652,0.00438532559,0.00343603129,0.00307639991,0.00405849004,0.00441575982,0.00374513818,0,0,0,0,0,0,0,0,0,0,0,0,0,0,0,0,0,0,0,0,0,0,0,0
1516,15.406000,3,1,1,0,0,3.51867676,3.51531982,3.51257324,3.51623535,3.51043701,3.52050781,3.515625,3.50952148,3.49304199,3.4954834,3.49884033,3.48449707,3.48052979,3.47686768,3.49090576,3.49853516,-0.000834921608,-0.00123430695,-0.000875023077,-0.00145226403,-0.000919429993,-0.000682043319,-0.000759697286,-0.000654714182,-0.00282486435,-0.00189260789,-0.00156027346,-0.00148134492,-0.000781004957,-0.00156785629,-0.00152416527,-0.00137123792,0,0,0,0,0,0,0,0,0,0,0,0,0,0,0,0,0,0,0,0,0,0,0,0
1517,15.406000,3,1,1,0,0,3.51409912,3.51135254,3.50830078,3.51196289,3.50708008,3.51745605,3.51043701,3.50524902,3.49151611,3.49182129,3.49395752,3.48114014,3.47991943,3.47381592,3.48632812,3.49487305,0.000174932007,-8.92501557e-05,0.00022776908,0.000765673118,0.00048411981,0.00109310425,0.00103165198,0.000492009043,0.000256873667,-0.000857477542,-0.00102128345,-0.00146503153,0.000303111214,0.000396500953,-0.000487823767,0.000293411751,0,0,0,0,0,0,0,0,0,0,0,0,0,0,0,0,0,0,0,0,0,0,0,0
1518,15.406000,3,1,1,0,0,3.50067139,3.49700928,3.49456787,3.4979248,3.49182129,3.50250244,3.49822998,3.49273682,3.47747803,3.47625732,3.47991943,3.4664917,3.46557617,3.46069336,3.47320557,3.47991943,-0.00321852369,-0.0026426171,-0.00245854445,-0.00273473095,-0.00218862575,-0.00214847061,-0.00142366206,-0.00197857898,-0.00134445541,-0.00251478399,-0.000642690691,-0.00125746196,-0.00147902942,-0.00221078261,-0.00103422557,-0.0032418007,0,0,0,0,0,0,0,0,0,0,0,0,0,0,0,0,0,0,0,0,0,0,0,0
1519,15.406000,3,1,1,0,0,3.51287842,3.51196289,3.5067749,3.51043701,3.50646973,3.51654053,3.51196289,3.50402832,3.49212646,3.49121094,3.49304199,3.48022461,3.47839355,3.47412109,3.48419189,3.49121094,0.00428540492,0.00402770704,0.00333200884,0.00306343101,0.00339680794,0.00402504858,0.00452156039,0.00356049789,0.00510635879,0.00537893269,0.00551373465,0.00491325092,0.0055421968,0.005233048,0.00534601556,0.00540889706,0,0,0,0,0,0,0,0,0,0,0,0,0,0,0,0,0,0,0,0,0,0,0,0
1520,15.406000,3,1,1,0,0,3.51898193,3.51531982,3.51257324,3.5168457,3.50982666,3.52050781,3.51470947,3.50891113,3.49578857,3.49456787,3.49822998,3.4854126,3.48388672,3.47686768,3.48815918,3.4967041,0.00929618627,0.00887064356,0.00789499842,0.00918376166,0.00874157157,0.00982388388,0.00833133701,0.00870278664,0.00767131755,0.00782962423,0.00809690449,0.00746959494,0.0081679197,0.00804031268,0.00791661534,0.00696173403,0,0,0,0,0,0,0,0,0,0,0,0,0,0,0,0,0,0,0,0,0,0,0,0
1521,15.406000,3,1,1,0,0,3.51104736,3.50738525,3.50494385,3.50952148,3.50189209,3.51409912,3.50921631,3.50341797,3.48968506,3.4854126,3.49029541,3.4765625,3.47564697,3.47229004,3.48266602,3.49029541,0.00152491394,0.00162822451,0.00150933117,0.00224438985,0.00145519816,0.002075125,0.00203908933,0.00213003857,0.00385129545,0.00284724031,0.00361346919,0.00353495963,0.00385031337,0.00319331931,0.00379137369,0.00275595463,0,0,0,0,0,0,0,0,0,0,0,0,0,0,0,0,0,0,0,0,0,0,0,0
1522,15.406000,3,1,1,0,0,3.52050781,3.51593018,3.51531982,3.51898193,3.51165771,3.52386475,3.51837158,3.51287842,3.49914551,3.49639893,3.50067139,3.48632812,3.48571777,3.48144531,3.49334717,3.50036621,-0.00102606404,-0.000954532356,-0.000406934647,-0.00130489294,-0.00194954267,-0.000856171944,-0.00135572825,-0.000968266104,-0.00129144697,-0.000727650942,-0.001053849,-0.00032154884,-0.000860543631,-0.000836444029,-0.000397685071,-0.000451226195,0,0,0,0,0,0,0,0,0,0,0,0,0,0,0,0,0,0,0,0,0,0,0,0
1523,15.406000,3,1,1,0,0,3.51745605,3.51348877,3.51074219,3.51318359,3.50891113,3.51989746,3.51226807,3.50799561,3.49273682,3.49487305,3.49761963,3.48297119,3.48022461,3.47442627,3.48815918,3.49578857,0.00336985313,0.00329039618,0.00344486278,0.00343837729,0.00384095102,0.00333364843,0.0027255232,0.00337747624,0.00208032667,0.00371324155,0.00497238617,0.00260574953,0.00311929919,0.002484211,0.00225510658,0.00352833164,0,0,0,0,0,0,0,0,0,0,0,0,0,0,0,0,0,0,0,0,0,0,0,0
1524,15.406000,3,1,1,0,0,3.50799561,3.50494385,3.50158691,3.50585938,3.50067139,3.51104736,3.5043335,3.50006104,3.48175049,3.48297119,3.48510742,3.47442627,3.47045898,3.46496582,3.4777832,3.48571777,0.000124225335,0.00100208446,-0.000480612653,4.4149172e-05,0.000475265842,0.00114333979,0.000187437981,-0.000233580999,-0.00127232773,-0.00157359405,-0.00169316481,-0.00202624849,-0.000911795534,-0.00133910927,-0.000145636266,-0.00281243678,0,0,0,0,0,0,0,0,0,0,0,0,0,0,0,0,0,0,0,0,0,0,0,0
1525,15.406000,3,1,1,0,0,3.50280762,3.50128174,3.49853516,3.50067139,3.49578857,3.50585938,3.50158691,3.49456787,3.48205566,3.48052979,3.48327637,3.47167969,3.46893311,3.46405029,3.47686768,3.48052979,-0.00485164579,-0.00407634024,-0.00356616452,-0.00349892932,-0.00419616792,-0.00405829772,-0.00338921603,-0.00381316361,-0.00449519278,-0.00536935823,-0.00613990566,-0.00522131892,-0.00504704006,-0.0038432579,-0.00533404108,-0.00516848173,0,0,0,0,0,0,0,0,0,0,0,0,0,0,0,0,0,0,0,0,0,0,0,0
1526,15.406000,3,1,1,0,0,3.51135254,3.50738525,3.5043335,3.50891113,3.50250244,3.51501465,3.50891113,3.50311279,3.48815918,3.4854126,3.48968506,3.47503662,3.47503662,3.47015381,3.48144531,3.49029541,0.000563006208,0.00010201121,0.000704057049,0.00107339886,-0.000373104529,0.000539023953,0.000661749276,0.000904667831,0.00211395207,0.000827622134,0.0017713916,0.00116745743,0.00165011454,0.00137542421,0.000303666689,0.00150038989,0,0,0,0,0,0,0,0,0,0,0,0,0,0,0,0,0,0,0,0,0,0,0,0
1527,15.406000,3,1,1,0,0,3.50494385,3.50189209,3.49731445,3.50128174,3.49639893,3.50738525,3.50067139,3.4967041,3.48114014,3.48114014,3.48449707,3.47045898,3.46893311,3.46496582,3.47595215,3.48388672,0.000185500307,0.000140938209,0.000246758573,-0.000230296806,-0.000211249455,0.000211843319,-0.000207708974,0.00122520607,-0.000536138599,0.0015439014,0.00253804517,0.00124461646,0.000286336202,0.000445913087,-0.000184722507,0.00137984869,0,0,0,0,0,0,0,0,0,0,0,0,0,0,0,0,0,0,0,0,0,0,0,0
1528,15.406000,3,1,1,0,0,3.51013184,3.50585938,3.50372314,3.5067749,3.50158691,3.51104736,3.50646973,3.50067139,3.48815918,3.48510742,3.49243164,3.47595215,3.4753418,3.47045898,3.48297119,3.48968506,0.000672720256,0.000239336863,0.000749435159,4.84458869e-05,-0.000334275072,-0.000857607229,-0.000216768705,0.000438552466,0.000853136822,-1.85373938e-05,0.000732415006,-0.00108716043,0.00113249233,0.000887506409,0.000696579693,0.000576615217,0,0,0,0,0,0,0,0,0,0,0,0,0,0,0,0,0,0,0,0,0,0,0,0
1529,15.406000,3,1,1,0,0,3.51898193,3.515625,3.51257324,3.51623535,3.51135254,3.52020264,3.5168457,3.51104736,3.49761963,3.49487305,3.49975586,3.48480225,3.4854126,3.48175049,3.49273682,3.50006104,0.00881803408,0.0079389913,0.00834319275,0.00826842524,0.00823398586,0.00771010434,0.00811445806,0.00840678159,0.00846550614,0.00817943271,0.00856415369,0.00730348751,0.0091056712,0.00952077843,0.00934859551,0.0088769272,0,0,0,0,0,0,0,0,0,0,0,0,0,0,0,0,0,0,0,0,0,0,0,0
1530,15.406000,3,1,1,0,0,3.51043701,3.50708008,3.50250244,3.50708008,3.50006104,3.51165771,3.50708008,3.50097656,3.48724365,3.48632812,3.48907471,3.47564697,3.47381592,3.46984863,3.48175049,3.48846436,-0.00728387246,-0.00699720113,-0.00703429012,-0.0069928905,-0.00832269713,-0.00710293744,-0.00687054219,-0.00672497973,-0.00614228798,-0.00710284151,-0.00557409693,-0.00614962168,-0.00722043216,-0.00627611019,-0.0060194293,-0.00697233295,0,0,0,0,0,0,0,0,0,0,0,0,0,0,0,0,0,0,0,0,0,0,0,0
1531,15.406000,3,1,1,0,0,3.50952148,3.5067749,3.50341797,3.50769043,3.50189209,3.51104736,3.50769043,3.50036621,3.487854,3.4866333,3.48876953,3.4765625,3.47564697,3.46984863,3.47991943,3.48937988,0.00346109574,0.00356279104,0.00235701632,0.00374501711,0.00244335411,0.00290911831,0.00313308463,0.00347754336,0.00233365316,0.00176191051,0.000851422839,0.00160464679,0.00240751891,0.00314888218,0.000963428698,0.00257884571,0,0,0,0,0,0,0,0,0,0,0,0,0,0,0,0,0,0,0,0,0,0,0,0
1532,15.594000,3,1,1,0,0,3.50769043,3.50463867,3.50067139,3.5043335,3.49945068,3.51013184,3.50341797,3.49853516,3.48144531,3.48266602,3.48358154,3.47167969,3.46954346,3.46405029,3.47747803,3.48571777,0.00511748996,0.00486161746,0.00399199501,0.00422318978,0.00474231364,0.00511066988,0.0035852259,0.00492663495,0.0029501759,0.00247485144,0.00246257288,0.00290623424,0.00229295157,0.00198609475,0.00386191718,0.00236594444,0,0,0,0,0,0,0,0,0,0,0,0,0,0,0,0,0,0,0,0,0,0,0,0
1533,15.594000,3,1,1,0,0,3.51043701,3.5055542,3.50311279,3.50708008,3.50128174,3.51074219,3.50708008,3.50128174,3.48693848,3.48480225,3.48480225,3.47503662,3.47015381,3.46893311,3.47808838,3.4866333,0.00259803655,0.00149295153,0.00198489567,0.00269032829,0.00171959924,0.00178202905,0.00212507718,0.00226441841,0.00180516869,0.000229321478,0.00114667276,0.00116300758,0.00199792092,0.00155847683,0.00184711814,0.00211637979,0,0,0,0,0,0,0,0,0,0,0,0,0,0,0,0,0,0,0,0,0,0,0,0
1534,15.594000,3,1,1,0,0,3.5067749,3.50372314,3.50036621,3.50402832,3.49853516,3.50860596,3.50250244,3.4979248,3.48297119,3.48358154,3.48510742,3.47198486,3.47045898,3.46496582,3.47717285,3.48510742,0.00472119264,0.00467110984,0.00467849383,0.00518723205,0.00420172652,0.00433519669,0.00511527061,0.00475268299,0.00422419934,0.00318477605,0.00475712353,0.00275445241,0.00382532366,0.00349852396,0.00377012324,0.00381987845,0,0,0,0,0,0,0,0,0,0,0,0,0,0,0,0,0,0,0,0,0,0,0,0
1535,15.594000,3,1,1,0,0,3.51013184,3.50646973,3.50341797,3.50738525,3.50097656,3.51104736,3.5067749,3.50006104,3.48876953,3.48632812,3.49121094,3.47625732,3.4753418,3.47106934,3.48327637,3.49029541,0.00606606947,0.00581289735,0.00581977749,0.00691331923,0.00514484057,0.00613523461,0.00674675778,0.00578941219,0.00593703985,0.00393636664,0.00689943088,0.00453330902,0.00529534183,0.00622684415,0.00534077827,0.00557178771,0,0,0,0,0,0,0,0,0,0,0,0,0,0,0,0,0,0,0,0,0,0,0,0
1536,15.594000,3,1,1,0,0,3.51165771,3.50769043,3.50585938,3.50891113,3.50372314,3.515625,3.50952148,3.50311279,3.49029541,3.48693848,3.49121094,3.47930908,3.47564697,3.47351074,3.48358154,3.49029541,-0.00105566019,-0.0013858201,-0.00102336262,-0.00137161568,-0.00187989324,-0.00163312955,-0.00152614829,-0.000986388884,-0.000507341698,-0.00137782027,-0.00112268026,-0.0014460095,-4.29041102e-05,0.000387933978,-0.00110097998,7.91074126e-05,0,0,0,0,0,0,0,0,0,0,0,0,0,0,0,0,0,0,0,0,0,0,0,0
1537,15.594000,3,1,1,0,0,3.50891113,3.50494385,3.50250244,3.50646973,3.50128174,3.50982666,3.50494385,3.49975586,3.487854,3.48602295,3.48999023,3.47503662,3.47503662,3.46923828,3.47839355,3.48968506,-0.000705295999,-0.000852774887,-0.000407668762,-0.000317682046,-0.000280928914,-0.000141861616,-0.00102145283,-1.04077626e-05,-0.000959363009,-0.000645719469,-0.000812348444,-0.00101549004,-0.000579684391,-0.00156797853,-0.00174828968,7.43750134e-05,0,0,0,0,0,0,0,0,0,0,0,0,0,0,0,0,0,0,0,0,0,0,0,0
1538,15.594000,3,1,1,0,0,3.50585938,3.50341797,3.50036621,3.50341797,3.49700928,3.50799561,3.50128174,3.49639893,3.48571777,3.48449707,3.48510742,3.47503662,3.47015381,3.46557617,3.47717285,3.4866333,0.00266224239,0.00237148325,0.0026408839,0.00330304191,0.0023593097,0.00320270634,0.00243913243,0.00270471233,0.00259388913,0.00215531932,0.00169434038,0.00218888954,0.00194796547,0.00270551769,0.00208565081,0.00272593135,0,0,0,0,0,0,0,0,0,0,0,0,0,0,0,0,0,0,0,0,0,0,0,0
1539,15.594000,3,1,1,0,0,3.51379395,3.51135254,3.5067749,3.51013184,3.50646973,3.51715088,3.51013184,3.50585938,3.49121094,3.49243164,3.49456787,3.48114014,3.48022461,3.47351074,3.48602295,3.49182129,0.00188402226,0.00173452415,0.00197237171,0.00173862278,0.00270047225,0.00221587857,0.00200652308,0.00199239608,0.00378741487,0.00410029758,0.00384233613,0.00446979888,0.00300841755,0.00352434558,0.00361757283,0.00400301535,0,0,0,0,0,0,0,0,0,0,0,0,0,0,0,0,0,0,0,0,0,0,0,0
1540,15.594000,3,1,1,0,0,3.51135254,3.50708008,3.50494385,3.50891113,3.50311279,3.5144043,3.50860596,3.50280762,3.49060059,3.48999023,3.49273682,3.47991943,3.47869873,3.47381592,3.48571777,3.48999023,0.00112375733,0.00147816993,0.00186947663,0.00119719945,0.00175957917,0.00149618101,0.00161324465,0.00186639675,0.00367421284,0.00270037842,0.00300849089,0.0027706956,0.00430184556,0.00173863349,0.00367199024,0.00319887232,0,0,0,0,0,0,0,0,0,0,0,0,0,0,0,0,0,0,0,0,0,0,0,0
1541,15.594000,3,1,1,0,0,3.51715088,3.51409912,3.51013184,3.5144043,3.50952148,3.51959229,3.51196289,3.50830078,3.49273682,3.49395752,3.4942627,3.48419189,3.47900391,3.47412109,3.487854,3.49578857,0.00610308023,0.007149952,0.00636774348,0.00689840177,0.00743430015,0.00730155827,0.00671064667,0.00658716867,0.00800191797,0.00807356276,0.00755924173,0.0071967449,0.00687762629,0.00730819767,0.00782746077,0.00681597833,0,0,0,0,0,0,0,0,0,0,0,0,0,0,0,0,0,0,0,0,0,0,0,0
1542,15.594000,3,1,1,0,0,3.51593018,3.51257324,3.51013184,3.51348877,3.50799561,3.51837158,3.51226807,3.50646973,3.49151611,3.49304199,3.4942627,3.48388672,3.47930908,3.47381592,3.48693848,3.49609375,0.00248139119,0.00271739298,0.0026699088,0.00276856218,0.00278912182,0.00186251022,0.00319588184,0.00242295186,0.00320589147,0.00272618607,0.00274602254,0.00328226527,0.00245556282,0.00269757351,0.00118969043,0.0037265569,0,0,0,0,0,0,0,0,0,0,0,0,0,0,0,0,0,0,0,0,0,0,0,0
1543,15.594000,3,1,1,0,0,3.51501465,3.51287842,3.50982666,3.51379395,3.50769043,3.51867676,3.51196289,3.50738525,3.49243164,3.49395752,3.49822998,3.48480225,3.48022461,3.47686768,3.4866333,3.49578857,0.00532258861,0.00503225205,0.00520546688,0.00537640601,0.0047610593,0.00490473071,0.00543207629,0.00547734275,0.00505394209,0.00551440986,0.0042843679,0.00497551821,0.00521331606,0.00516344421,0.00501734996,0.00646308856,0,0,0,0,0,0,0,0,0,0,0,0,0,0,0,0,0,0,0,0,0,0,0,0
1544,15.594000,3,1,1,0,0,3.51104736,3.50646973,3.50524902,3.50982666,3.50372314,3.51409912,3.50830078,3.50311279,3.49151611,3.49029541,3.49365234,3.48114014,3.47808838,3.47290039,3.48419189,3.49121094,0.00218197866,0.00174580794,0.00188818073,0.00273820455,0.00211984711,0.00214670412,0.00270333118,0.0025927478,0.00296704378,0.00174532901,0.00298888423,0.00211847387,0.00299249357,0.0031407366,0.00232792785,0.00276239309,0,0,0,0,0,0,0,0,0,0,0,0,0,0,0,0,0,0,0,0,0,0,0,0
1545,15.594000,3,1,1,0,0,3.51074219,3.50708008,3.50463867,3.50921631,3.50311279,3.5144043,3.50952148,3.50341797,3.48754883,3.48632812,3.48937988,3.4753418,3.47564697,3.47167969,3.47930908,3.49060059,-0.00467191683,-0.00471610948,-0.00463731447,-0.00465180865,-0.00475653494,-0.00400387822,-0.00471229805,-0.00415020343,-0.00388751109,-0.00403006608,-0.00506278966,-0.00461917603,-0.00456849253,-0.00281512295,-0.00526644383,-0.00375389121,0,0,0,0,0,0,0,0,0,0,0,0,0,0,0,0,0,0,0,0,0,0,0,0
1546,15.594000,3,1,1,0,0,3.50189209,3.49853516,3.4954834,3.50006104,3.49487305,3.50524902,3.50097656,3.49212646,3.48114014,3.4777832,3.48388672,3.46679688,3.46832275,3.46282959,3.47625732,3.48052979,-0.00144386047,-0.00164141459,-0.0013688727,-0.00162311341,-0.00134807848,-0.00118700252,-0.00121936703,-0.002242513,-0.00119837106,-0.00073067972,-0.00084418233,-0.00115529902,-0.00155893806,-0.00124564627,-0.00201116968,-0.00238654483,0,0,0,0,0,0,0,0,0,0,0,0,0,0,0,0,0,0,0,0,0,0,0,0
1547,15.594000,3,1,1,0,0,3.51654053,3.51348877,3.50982666,3.51287842,3.50860596,3.51928711,3.51257324,3.50708008,3.49212646,3.49151611,3.49304199,3.48144531,3.47991943,3.47320557,3.48724365,3.4942627,0.00242330739,0.00346402801,0.00189558929,0.00178615563,0.00318964082,0.00279403129,0.00280827307,0.00253721187,0.00169524271,0.00284624472,0.00225475174,0.000213890846,0.00160050741,0.00142698386,0.0020255188,0.00194876071,0,0,0,0,0,0,0,0,0,0,0,0,0,0,0,0,0,0,0,0,0,0,0,0
1548,15.594000,3,1,1,0,0,3.50952148,3.50585938,3.50280762,3.50708008,3.50006104,3.51104736,3.5067749,3.50128174,3.48602295,3.48449707,3.48419189,3.47503662,3.47320557,3.46923828,3.4777832,3.48571777,0.0122013697,0.0112330792,0.011052114,0.0115297129,0.0120870741,0.0109429527,0.0118880719,0.0112433638,0.0105969002,0.0112147294,0.0112926783,0.0101822382,0.0117889866,0.0113853812,0.0120286848,0.00963055156,0,0,0,0,0,0,0,0,0,0,0,0,0,0,0,0,0,0,0,0,0,0,0,0
1549,15.750000,3,1,1,0,0,3.50982666,3.50708008,3.50402832,3.50799561,3.50189209,3.51104736,3.50799561,3.50067139,3.4866333,3.48632812,3.48571777,3.47473145,3.47442627,3.46923828,3.47961426,3.487854,0.00400771573,0.00445681065,0.00381544838,0.00502272043,0.00424005324,0.00426127063,0.00408837618,0.00447172951,0.00367182423,0.00413992116,0.00315015903,0.00345497602,0.0040268139,0.00409855228,0.00339968433,0.002487747,0,0,0,0,0,0,0,0,0,0,0,0,0,0,0,0,0,0,0,0,0,0,0,0
1550,15.750000,3,1,1,0,0,3.51776123,3.51318359,3.51135254,3.51470947,3.50860596,3.51898193,3.51348877,3.50799561,3.49273682,3.49365234,3.4979248,3.48266602,3.47991943,3.4753418,3.48693848,3.49517822,0.00221275538,0.00132448308,0.00220451434,0.00195646007,0.00257089175,0.00147578144,0.00162416243,0.00156774954,0.00250330218,0.00304526393,0.00283343298,0.00162348931,0.00231488701,0.00254727947,0.00179166265,0.00268148584,0,0,0,0,0,0,0,0,0,0,0,0,0,0,0,0,0,0,0,0,0,0,0,0
1551,15.750000,3,1,1,0,0,3.49761963,3.4954834,3.49212646,3.4954834,3.48968506,3.50036621,3.4954834,3.48968506,3.47320557,3.47473145,3.47839355,3.46435547,3.46099854,3.45855713,3.46801758,3.47625732,-0.00108152814,-0.00116888783,-0.00065903482,-0.00154863368,-0.00155193731,-0.00154721434,-0.000718079507,-0.000651980285,-0.00294825435,-0.000935953809,-0.00105710444,-0.00206199242,-0.00297691324,-0.0010218618,-0.00364018581,-0.000925577944,0,0,0,0,0,0,0,0,0,0,0,0,0,0,0,0,0,0,0,0,0,0,0,0
1552,15.750000,3,1,1,0,0,3.5168457,3.51287842,3.51074219,3.5144043,3.50891113,3.51928711,3.51318359,3.50799561,3.49243164,3.49395752,3.49365234,3.48175049,3.48022461,3.47320557,3.487854,3.49487305,0.00506578712,0.00423649373,0.00543172238,0.00416639401,0.00466105388,0.00357103907,0.00459928345,0.00401721848,0.00479640067,0.00420489209,0.00403954228,0.00349971908,0.00532966619,0.00454602716,0.00480029499,0.00546255475,0,0,0,0,0,0,0,0,0,0,0,0,0,0,0,0,0,0,0,0,0,0,0,0
1553,15.750000,3,1,1,0,0,3.51470947,3.51165771,3.50708008,3.51196289,3.50646973,3.51623535,3.51074219,3.50585938,3.49090576,3.49121094,3.49334717,3.48052979,3.47900391,3.47381592,3.48602295,3.49029541,0.00232290267,0.00184264244,0.00247155665,0.0027821213,0.00209107762,0.00341451191,0.00250066794,0.00286711683,0.00228067534,0.00164656853,0.00202727411,0.00185840391,0.00186325202,0.00209004595,0.00178655842,0.00170302065,0,0,0,0,0,0,0,0,0,0,0,0,0,0,0,0,0,0,0,0,0,0,0,0
1554,15.750000,3,1,1,0,0,3.51837158,3.51501465,3.51104736,3.51501465,3.51013184,3.51989746,3.51287842,3.50891113,3.49212646,3.49395752,3.49456787,3.4854126,3.47900391,3.47442627,3.48754883,3.49609375,0.00731647434,0.00658387598,0.00645813299,0.00709731551,0.00667447923,0.00631515495,0.006583957,0.0072079082,0.00579847861,0.00621497538,0.0068741166,0.00591882132,0.00561776618,0.00525855133,0.00628099591,0.00656808307,0,0,0,0,0,0,0,0,0,0,0,0,0,0,0,0,0,0,0,0,0,0,0,0
1555,15.750000,3,1,1,0,0,3.51654053,3.51318359,3.51043701,3.51379395,3.50799561,3.51898193,3.51287842,3.50738525,3.49304199,3.49243164,3.49456787,3.48175049,3.47930908,3.47412109,3.48754883,3.49517822,0.00219225464,0.0015812323,0.00178960129,0.00247344794,0.00105690781,0.00246803369,0.00259571034,0.00171417312,0.00339661981,0.00104740076,0.00391132105,0.000273626065,0.00338513497,0.00266735093,0.0032585077,0.00156699924,0,0,0,0,0,0,0,0,0,0,0,0,0,0,0,0,0,0,0,0,0,0,0,0
1556,15.750000,3,1,1,0,0,3.50585938,3.50280762,3.50036621,3.50341797,3.49761963,3.50891113,3.50189209,3.49822998,3.48327637,3.48449707,3.4854126,3.47412109,3.47015381,3.46832275,3.4765625,3.48602295,-0.00298635894,-0.00249859667,-0.00269006612,-0.00219847308,-0.00160513585,-0.00156637654,-0.0022987444,-0.00209104945,-0.000901300053,-0.000746255857,-0.00168280629,-0.000990634784,-0.0015156935,-0.000762530952,-0.000898341998,-0.00277632452,0,0,0,0,0,0,0,0,0,0,0,0,0,0,0,0,0,0,0,0,0,0,0,0
1557,15.750000,3,1,1,0,0,3.51898193,3.51654053,3.51287842,3.5168457,3.51043701,3.51989746,3.51593018,3.51013184,3.49761963,3.49639893,3.49914551,3.48632812,3.48510742,3.47930908,3.49121094,3.49914551,0.00720518362,0.00709385099,0.00753713679,0.00808148365,0.00780592719,0.00708454149,0.00709173596,0.00684000831,0.00888594799,0.00879991334,0.00850843266,0.00864490028,0.00823675375,0.00729767699,0.00876309443,0.00703183748,0,0,0,0,0,0,0,0,0,0,0,0,0,0,0,0,0,0,0,0,0,0,0,0
1558,15.750000,3,1,1,0,0,3.51379395,3.51135254,3.50799561,3.51074219,3.5067749,3.51654053,3.51165771,3.50372314,3.49121094,3.49151611,3.49273682,3.48175049,3.47991943,3.47412109,3.48754883,3.49456787,0.0048218295,0.00516041182,0.00460383901,0.00444881711,0.00525252614,0.00417689793,0.00470511708,0.00440474087,0.00554013345,0.00554018142,0.00635159807,0.00632679043,0.00487442967,0.00513900956,0.00420948351,0.00576153304,0,0,0,0,0,0,0,0,0,0,0,0,0,0,0,0,0,0,0,0,0,0,0,0
1559,15.750000,3,1,1,0,0,3.51104736,3.50646973,3.50463867,3.50708008,3.50189209,3.51104736,3.50799561,3.50219727,3.48968506,3.48571777,3.49334717,3.47686768,3.47686768,3.47106934,3.48419189,3.48968506,0.00209110579,0.00126603956,0.00213863025,0.00204296689,0.00159420015,0.00223080884,0.0016073226,0.002616463,0.00280055124,0.00288412627,0.00301287719,0.00109539321,0.00352473184,0.00181151566,0.00300415279,0.0011716974,0,0,0,0,0,0,0,0,0,0,0,0,0,0,0,0,0,0,0,0,0,0,0,0
1560,15.750000,3,1,1,0,0,3.51104736,3.5067749,3.50372314,3.50799561,3.50128174,3.51226807,3.50799561,3.50250244,3.48724365,3.48480225,3.487854,3.47595215,3.47381592,3.46984863,3.47900391,3.48754883,0.0010236497,0.000837935077,0.000245797157,0.000316799997,0.00105627812,0.000903743552,0.000188422011,0.000258811342,0.000597378879,0.000334889948,-0.00111886044,-0.000967720698,0.00112531998,-0.000199405404,0.00034385451,-0.00103013299,0,0,0,0,0,0,0,0,0,0,0,0,0,0,0,0,0,0,0,0,0,0,0,0
1561,15.750000,3,1,1,0,0,3.50616455,3.50219727,3.49975586,3.50189209,3.49731445,3.50891113,3.50219727,3.4979248,3.48327637,3.48510742,3.48510742,3.4753418,3.46984863,3.46557617,3.47808838,3.48632812,0.00576560851,0.00550764613,0.00581595069,0.00542214327,0.00538461842,0.00528096128,0.00608082861,0.00645483797,0.00613340689,0.00651736977,0.00682501774,0.00732162269,0.00597907696,0.00623271801,0.00684191985,0.00629445072,0,0,0,0,0,0,0,0,0,0,0,0,0,0,0,0,0,0,0,0,0,0,0,0
1562,15.750000,3,1,1,0,0,3.51257324,3.51104736,3.50494385,3.50982666,3.5055542,3.515625,3.51043701,3.50280762,3.49060059,3.48693848,3.49029541,3.47595215,3.47564697,3.47320557,3.48327637,3.48999023,0.00364549505,0.00403398229,0.0038134153,0.00350608956,0.00455603888,0.00454413984,0.00428784546,0.00424540229,0.00525729544,0.00457766606,0.00665680971,0.00364880916,0.00531663001,0.00455905125,0.00568038458,0.0043586567,0,0,0,0,0,0,0,0,0,0,0,0,0,0,0,0,0,0,0,0,0,0,0,0
1563,15.750000,3,1,1,0,0,3.50311279,3.50158691,3.49914551,3.50067139,3.4967041,3.50738525,3.50189209,3.49517822,3.48297119,3.48205566,3.48358154,3.47229004,3.46954346,3.46496582,3.47717285,3.48236084,-0.00352659984,-0.00351267285,-0.00285669789,-0.00351583119,-0.00401833002,-0.00394382654,-0.00301516941,-0.0034914962,-0.00229353621,-0.00310767582,-0.00304323994,-0.00209033699,-0.00363049284,-0.00226749899,-0.00388764427,-0.00309396465,0,0,0,0,0,0,0,0,0,0,0,0,0,0,0,0,0,0,0,0,0,0,0,0
1564,15.750000,3,1,1,0,0,3.51104736,3.50708008,3.5055542,3.50830078,3.50219727,3.51226807,3.50860596,3.50250244,3.48999023,3.48632812,3.49060059,3.47686768,3.47595215,3.47045898,3.48266602,3.48968506,0.00385135086,0.00392795913,0.00437985733,0.00376801728,0.00426323898,0.00457760831,0.0047430438,0.00391330896,0.00452122791,0.00257453229,0.00427144347,0.00277575245,0.00536721759,0.00396756455,0.00432550348,0.00408115797,0,0,0,0,0,0,0,0,0,0,0,0,0,0,0,0,0,0,0,0,0,0,0,0
1565,15.750000,3,1,1,0,0,3.50372314,3.50128174,3.49639893,3.49945068,3.49578857,3.50708008,3.50219727,3.4942627,3.48175049,3.47808838,3.48236084,3.47045898,3.46832275,3.46343994,3.47381592,3.48144531,0.00147578446,0.00134444539,0.000279365573,0.000130335684,0.00101573672,-8.81497981e-05,0.000719066942,0.000617970363,-0.00173431344,-0.000420728116,-0.00273478078,-0.000765935285,-0.00314689102,-0.000686215586,-0.00323299598,-0.00149153324,0,0,0,0,0,0,0,0,0,0,0,0,0,0,0,0,0,0,0,0,0,0,0,0
1566,15.922000,3,1,1,0,0,3.5055542,3.50311279,3.49914551,3.50067139,3.49700928,3.50830078,3.50189209,3.49609375,3.48175049,3.48052979,3.48297119,3.47045898,3.46893311,3.46405029,3.47717285,3.48083496,0.00425255438,0.00488745701,0.00374442781,0.00337638333,0.00425198115,0.00379501004,0.00444315327,0.00402751938,0.00322450697,0.00433820486,0.00293214689,0.00399630237,0.00281905942,0.00281277229,0.00444255024,0.00308543816,0,0,0,0,0,0,0,0,0,0,0,0,0,0,0,0,0,0,0,0,0,0,0,0
1567,15.922000,3,1,1,0,0,3.51104736,3.50616455,3.50463867,3.50860596,3.50219727,3.51104736,3.50769043,3.50189209,3.48999023,3.48968506,3.49304199,3.48052979,3.47717285,3.47290039,3.4854126,3.48907471,0.00311831152,0.00236065104,0.00381622766,0.00308243115,0.00294460682,0.00331155071,0.00353304762,0.00339122908,0.00413468387,0.00271105417,0.00481663784,0.00369320903,0.00518676732,0.00510061858,0.00545999222,0.00455757556,0,0,0,0,0,0,0,0,0,0,0,0,0,0,0,0,0,0,0,0,0,0,0,0
1568,15.922000,3,1,1,0,0,3.5055542,3.50219727,3.49945068,3.50189209,3.49731445,3.50769043,3.50158691,3.49731445,3.48602295,3.48480225,3.48510742,3.47290039,3.47106934,3.465271,3.47625732,3.48571777,-0.00231675152,-0.00351310312,-0.00231178105,-0.00343524362,-0.00363042857,-0.00371578755,-0.00329718366,-0.00212020706,-0.000102759455,-0.0021791379,-9.92199639e-05,-0.00103681907,-7.25094578e-05,-0.000850555487,-0.00167637132,-0.00102494215,0,0,0,0,0,0,0,0,0,0,0,0,0,0,0,0,0,0,0,0,0,0,0,0
1569,15.922000,3,1,1,0,0,3.51379395,3.51135254,3.5067749,3.51074219,3.5067749,3.51715088,3.51165771,3.50494385,3.49243164,3.49151611,3.49456787,3.48175049,3.47930908,3.47351074,3.48693848,3.49456787,0.00978646241,0.0107118431,0.00892229844,0.009893829,0.00955614634,0.00992985629,0.0100022294,0.00982748903,0.00950316153,0.0109395897,0.0103711337,0.00898339134,0.0104716364,0.0102253221,0.0100771105,0.00975195877,0,0,0,0,0,0,0,0,0,0,0,0,0,0,0,0,0,0,0,0,0,0,0,0
1570,15.922000,3,1,1,0,0,3.51165771,3.51013184,3.50616455,3.50982666,3.5043335,3.51501465,3.51013184,3.50311279,3.49151611,3.49121094,3.49395752,3.48083496,3.47991943,3.47259521,3.48602295,3.49151611,0.00446929457,0.00465333229,0.00484774914,0.00523938332,0.0051552807,0.00521305762,0.00518959248,0.0046637496,0.00556697557,0.0050993897,0.00519014476,0.004883972,0.00483881589,0.00530847302,0.00533849793,0.00461983029,0,0,0,0,0,0,0,0,0,0,0,0,0,0,0,0,0,0,0,0,0,0,0,0
1571,15.922000,3,1,1,0,0,3.51348877,3.51135254,3.50708008,3.50982666,3.50616455,3.51654053,3.51165771,3.50524902,3.49090576,3.49182129,3.49395752,3.48205566,3.47991943,3.47473145,3.48693848,3.49487305,-0.000511293183,-0.00114217424,-0.00133029756,-0.00151530746,-0.00111999735,-0.000936680008,-0.000761504343,-0.00112961768,-0.00171477348,-0.00237349304,-0.00130066962,-0.00166458159,-0.00156814465,-0.00150823733,-0.002169271,-0.000703196973,0,0,0,0,0,0,0,0,0,0,0,0,0,0,0,0,0,0,0,0,0,0,0,0
1572,15.922000,3,1,1,0,0,3.515625,3.51257324,3.50891113,3.51318359,3.50830078,3.51928711,3.51226807,3.50738525,3.49243164,3.49121094,3.49334717,3.48052979,3.47930908,3.47381592,3.48632812,3.49060059,0.00667174393,0.00642561261,0.00665475894,0.00672189845,0.0069580432,0.00637114141,0.00664362963,0.00666699093,0.00692133047,0.00697851134,0.00660308637,0.00644396851,0.00727534201,0.00608261395,0.00747199915,0.00574332708,0,0,0,0,0,0,0,0,0,0,0,0,0,0,0,0,0,0,0,0,0,0,0,0
1573,15.922000,3,1,1,0,0,3.50494385,3.50250244,3.49853516,3.50128174,3.49700928,3.50708008,3.50250244,3.4954834,3.48114014,3.48052979,3.48297119,3.46984863,3.46954346,3.46343994,3.47473145,3.48144531,-0.00182687165,-0.00224096118,-0.00214514718,-0.00273956545,-0.00252024224,-0.00262548937,-0.00224221009,-0.00227837521,-0.00235238741,-0.00158280937,-0.00124667818,-0.00398463989,-0.00222249865,-0.00209267135,-0.00268262182,-0.00156195567,0,0,0,0,0,0,0,0,0,0,0,0,0,0,0,0,0,0,0,0,0,0,0,0
1574,15.922000,3,1,1,0,0,3.52111816,3.51745605,3.51409912,3.51837158,3.51074219,3.52294922,3.51837158,3.51196289,3.49731445,3.49609375,3.49945068,3.48449707,3.48480225,3.47930908,3.49182129,3.49914551,-0.000840625609,-0.00204431405,-0.00136699318,-0.00127857877,-0.00233075023,-0.000799617148,-0.00108500791,-0.00102359906,-0.00221352233,-0.00340395141,-0.00229238602,-0.00305720186,-0.00214283145,-0.00202057068,-0.00203851843,-0.00144659786,0,0,0,0,0,0,0,0,0,0,0,0,0,0,0,0,0,0,0,0,0,0,0,0
1575,15.922000,3,1,1,0,0,3.51593018,3.51318359,3.50982666,3.51287842,3.50799561,3.51806641,3.51257324,3.50708008,3.49090576,3.4942627,3.49334717,3.48266602,3.48052979,3.47442627,3.48602295,3.4954834,0.00774993328,0.00787882134,0.00737141678,0.00751764094,0.00765467482,0.00875912979,0.00901650451,0.00776884705,0.00504559232,0.00698001264,0.00503605185,0.00543615269,0.00666505843,0.00616776338,0.00647544675,0.00647798413,0,0,0,0,0,0,0,0,0,0,0,0,0,0,0,0,0,0,0,0,0,0,0,0
1576,15.922000,3,1,1,0,0,3.50860596,3.50494385,3.50219727,3.50616455,3.50036621,3.50952148,3.5055542,3.49945068,3.487854,3.4866333,3.48999023,3.47473145,3.47473145,3.46954346,3.48205566,3.48907471,0.00984415039,0.00955216773,0.00959268864,0.01002922,0.00963316578,0.00938652921,0.0103150932,0.00962367933,0.00961040705,0.00950571522,0.00899151526,0.00991338491,0.0096428059,0.0106209703,0.00987497345,0.0101781636,0,0,0,0,0,0,0,0,0,0,0,0,0,0,0,0,0,0,0,0,0,0,0,0
1577,15.922000,3,1,1,0,0,3.51196289,3.51074219,3.50616455,3.50982666,3.5055542,3.515625,3.50982666,3.50341797,3.49243164,3.49060059,3.49395752,3.48083496,3.47930908,3.47381592,3.48693848,3.49182129,0.000636762939,0.00146765169,0.000610109768,0.00108990376,0.00142128253,0.00180809223,0.00164225814,0.00101490179,0.00319478964,0.00342255551,0.00316583365,0.00281876349,0.00330007961,0.00208936003,0.00416664407,0.00194764475,0,0,0,0,0,0,0,0,0,0,0,0,0,0,0,0,0,0,0,0,0,0,0,0
1578,15.922000,3,1,1,0,0,3.52142334,3.52020264,3.51593018,3.52081299,3.515625,3.52508545,3.52081299,3.51318359,3.50158691,3.50067139,3.50311279,3.48693848,3.48937988,3.48266602,3.49639893,3.49914551,0.00541146472,0.00610066159,0.00541502889,0.00643141801,0.00617873715,0.00702280784,0.00683966884,0.00545588648,0.00595161086,0.00429431628,0.00629018014,0.00398066547,0.0064213695,0.0051207873,0.00762824016,0.00453095743,0,0,0,0,0,0,0,0,0,0,0,0,0,0,0,0,0,0,0,0,0,0,0,0
1579,15.922000,3,1,1,0,0,3.51806641,3.515625,3.51287842,3.51593018,3.50982666,3.52081299,3.51623535,3.50982666,3.4967041,3.49517822,3.49578857,3.48571777,3.48236084,3.47595215,3.49090576,3.49639893,0.00548875378,0.0056201485,0.00547989225,0.00566156115,0.00558159687,0.00593246846,0.00460829074,0.0060239383,0.00438809814,0.00408866443,0.00453881547,0.00449634995,0.00491886819,0.00308343698,0.00522686448,0.00345537579,0,0,0,0,0,0,0,0,0,0,0,0,0,0,0,0,0,0,0,0,0,0,0,0
1580,15.922000,3,1,1,0,0,3.51715088,3.51409912,3.51135254,3.51409912,3.50891113,3.51989746,3.51318359,3.50799561,3.49273682,3.49517822,3.49761963,3.48388672,3.48022461,3.47503662,3.487854,3.49578857,0.00604854524,0.0057304753,0.00580988545,0.0063855052,0.00591018982,0.00491074007,0.00627557188,0.00580963818,0.00551217189,0.00595090259,0.00668459106,0.00502985204,0.00519098714,0.00564935431,0.00534224696,0.00547707826,0,0,0,0,0,0,0,0,0,0,0,0,0,0,0,0,0,0,0,0,0,0,0,0
1581,15.922000,3,1,1,0,0,3.50982666,3.50708008,3.50341797,3.5067749,3.50128174,3.51104736,3.50708008,3.50067139,3.49029541,3.48693848,3.49121094,3.4753418,3.47625732,3.47106934,3.48297119,3.49029541,0.000598159619,0.00142323214,0.00134808209,0.00140364922,0.000516423606,0.000621198909,0.00106064137,0.00143939431,0.00213962048,0.000919980463,0.00179635233,0.00179153203,0.000784963951,0.000760735595,-0.000511555467,0.00190413371,0,0,0,0,0,0,0,0,0,0,0,0,0,0,0,0,0,0,0,0,0,0,0,0
1582,15.922000,3,1,1,0,0,3.51928711,3.51501465,3.51104736,3.515625,3.51074219,3.51989746,3.51501465,3.50921631,3.49639893,3.49609375,3.49761963,3.4854126,3.48022461,3.47808838,3.49090576,3.49822998,0.00292268209,0.00229481328,0.00296174129,0.00319367438,0.00244282582,0.00286854501,0.00277949614,0.0034466628,0.00262863142,0.00250557205,0.00269623031,0.00241316692,0.00156862964,0.00403707242,0.00323566515,0.0036170138,0,0,0,0,0,0,0,0,0,0,0,0,0,0,0,0,0,0,0,0,0,0,0,0
1583,16.094000,3,1,1,0,0,3.51501465,3.51165771,3.50769043,3.51104736,3.50646973,3.51654053,3.51226807,3.50524902,3.49243164,3.49182129,3.49456787,3.48205566,3.48022461,3.47473145,3.48754883,3.49487305,0.00370851788,0.00453896867,0.00422202144,0.00398411648,0.00413237931,0.00412291288,0.00352345919,0.00429873168,0.00432870304,0.00543336337,0.00554107223,0.00582493329,0.00410543988,0.00520115206,0.00430762256,0.00526468642,0,0,0,0,0,0,0,0,0,0,0,0,0,0,0,0,0,0,0,0,0,0,0,0
1584,16.094000,3,1,1,0,0,3.51776123,3.51409912,3.51104736,3.51470947,3.50952148,3.51989746,3.51287842,3.50860596,3.49212646,3.49304199,3.49761963,3.48480225,3.47930908,3.47442627,3.48754883,3.49639893,0.00181181671,0.00148393295,0.00119861227,0.0014777059,0.00136772555,0.00133933732,0.00121911278,0.00148428511,0.000662330771,0.00110858213,0.00278775161,0.00181255315,0.00079067942,0.00109555526,0.000552787445,0.000802050694,0,0,0,0,0,0,0,0,0,0,0,0,0,0,0,0,0,0,0,0,0,0,0,0
1585,16.094000,3,1,1,0,0,3.50738525,3.50463867,3.50128174,3.5043335,3.49822998,3.51013184,3.50341797,3.49853516,3.48114014,3.48358154,3.48297119,3.47167969,3.46954346,3.46496582,3.47747803,3.48571777,0.00255020894,0.00214561471,0.00262353406,0.00316282711,0.00146086654,0.0023203413,0.00273617636,0.00287473225,0.00349142053,0.00274152635,0.0042115883,0.00421144441,0.00431835279,0.00393103994,0.0027461932,0.00418546097,0,0,0,0,0,0,0,0,0,0,0,0,0,0,0,0,0,0,0,0,0,0,0,0
1586,16.094000,3,1,1,0,0,3.51623535,3.51318359,3.51013184,3.51409912,3.50830078,3.51928711,3.51196289,3.50738525,3.49243164,3.4942627,3.49456787,3.48480225,3.48083496,3.47503662,3.487854,3.49517822,0.00231211749,0.00174857362,0.00216634665,0.00148870982,0.0012946066,0.00215815636,0.00155727658,0.00224653492,0.000672849244,0.00144806691,-0.000818363158,0.00129006431,-7.78349349e-05,0.000641943247,0.00119157298,0.00111496611,0,0,0,0,0,0,0,0,0,0,0,0,0,0,0,0,0,0,0,0,0,0,0,0
1587,16.094000,3,1,1,0,0,3.51501465,3.51196289,3.50646973,3.51074219,3.50708008,3.51745605,3.51226807,3.50494385,3.49182129,3.49121094,3.49365234,3.48052979,3.48022461,3.47381592,3.48724365,3.49090576,0.00679365918,0.00714293495,0.0066038575,0.00697768573,0.0074146688,0.00736715924,0.0067108376,0.00695574004,0.00671622623,0.0058796634,0.00500404555,0.00583462417,0.00538178254,0.00469375402,0.00592101645,0.00449750992,0,0,0,0,0,0,0,0,0,0,0,0,0,0,0,0,0,0,0,0,0,0,0,0
1588,16.094000,3,1,1,0,0,3.51043701,3.50708008,3.50372314,3.50799561,3.50128174,3.51043701,3.50769043,3.50189209,3.48846436,3.48632812,3.49304199,3.4765625,3.47564697,3.47229004,3.48266602,3.48937988,0.00350132701,0.00293842377,0.00306958612,0.00367993326,0.00268715713,0.00268070423,0.00172585249,0.00405510655,0.00216460903,0.00381030631,0.00489943475,0.00419768319,0.00293206284,0.00269804941,0.00275160605,0.0042341426,0,0,0,0,0,0,0,0,0,0,0,0,0,0,0,0,0,0,0,0,0,0,0,0
1589,16.094000,3,1,1,0,0,3.50341797,3.50158691,3.49853516,3.50067139,3.49609375,3.50708008,3.50097656,3.49517822,3.48327637,3.48266602,3.48480225,3.47442627,3.46923828,3.46343994,3.47686768,3.48602295,0.00569665013,0.00565100275,0.00628495216,0.00613286439,0.0061848131,0.00606034836,0.00562971039,0.00604845071,0.0050729448,0.00601060409,0.0050134426,0.00593996421,0.00465248432,0.00410796329,0.00545900967,0.00623599719,0,0,0,0,0,0,0,0,0,0,0,0,0,0,0,0,0,0,0,0,0,0,0,0
1590,16.094000,3,1,1,0,0,3.51409912,3.51104736,3.50738525,3.51013184,3.50616455,3.515625,3.51165771,3.50341797,3.49090576,3.49060059,3.49304199,3.47991943,3.47961426,3.47320557,3.48632812,3.49060059,0.0081792064,0.00798802078,0.00800038036,0.00736435922,0.00818800274,0.00843006559,0.00738396961,0.00738735124,0.00761596719,0.00766233122,0.00719549833,0.00672755111,0.00941657461,0.00672268495,0.00841370877,0.00688710529,0,0,0,0,0,0,0,0,0,0,0,0,0,0,0,0,0,0,0,0,0,0,0,0
1591,16.094000,3,1,1,0,0,3.51715088,3.51379395,3.51135254,3.51531982,3.51013184,3.51989746,3.51501465,3.50799561,3.49151611,3.49487305,3.49761963,3.48419189,3.47961426,3.47503662,3.48724365,3.49609375,0.00190073671,0.00149040576,0.00164590694,0.00131018343,0.00164151657,0.00282208878,0.00145274692,0.000439953321,-0.000421443896,0.00172366807,0.000665054074,-0.00119286368,-0.000576881692,0.000574971782,-0.000414240785,2.52773862e-05,0,0,0,0,0,0,0,0,0,0,0,0,0,0,0,0,0,0,0,0,0,0,0,0
1592,16.094000,3,1,1,0,0,3.52050781,3.51654053,3.51379395,3.51837158,3.51196289,3.52081299,3.51806641,3.51135254,3.49914551,3.49578857,3.50219727,3.48510742,3.48602295,3.48083496,3.49334717,3.50036621,0.00716726435,0.00629291451,0.00651748572,0.00728234556,0.00624237722,0.0054604141,0.006912963,0.00710901525,0.00755060185,0.00671806559,0.00697208801,0.00702238595,0.00501157762,0.0073932684,0.00651717884,0.00634848978,0,0,0,0,0,0,0,0,0,0,0,0,0,0,0,0,0,0,0,0,0,0,0,0
1593,16.094000,3,1,1,0,0,3.50311279,3.50036621,3.4979248,3.50067139,3.49609375,3.5067749,3.50128174,3.49395752,3.48175049,3.48083496,3.48358154,3.47167969,3.46923828,3.46313477,3.47686768,3.48114014,0.00455081603,0.00458373688,0.00462254137,0.00418086024,0.00495525822,0.00506949797,0.00430801697,0.00400413433,0.00296363398,0.00373496325,0.00247278158,0.00472225761,0.00423038658,0.00241683912,0.00289075542,0.00336045912,0,0,0,0,0,0,0,0,0,0,0,0,0,0,0,0,0,0,0,0,0,0,0,0
1594,16.094000,3,1,1,0,0,3.50250244,3.49914551,3.49578857,3.49975586,3.49456787,3.50524902,3.50158691,3.49365234,3.48236084,3.47961426,3.48480225,3.47137451,3.47015381,3.46282959,3.47717285,3.48083496,0.00362465298,0.00332348607,0.00364125683,0.00341811986,0.00271801255,0.00294158794,0.00337721268,0.00310513517,0.00366953015,0.00338381971,0.00360233546,0.00405533286,0.00222986354,0.00164036127,0.00207885122,0.00186063116,0,0,0,0,0,0,0,0,0,0,0,0,0,0,0,0,0,0,0,0,0,0,0,0
1595,16.094000,3,1,1,0,0,3.51074219,3.50708008,3.50494385,3.50921631,3.50189209,3.5144043,3.50860596,3.50250244,3.48754883,3.48510742,3.48937988,3.47595215,3.47442627,3.47167969,3.48114014,3.48999023,0.00050755858,0.000109571149,0.00136961252,0.00130571518,0.00037288887,0.000639822218,0.000938170473,0.000916850171,0.000322482665,-0.000961249578,3.58785037e-05,0.000496855122,-0.0003546722,0.000792197301,0.000994098373,0.000605202164,0,0,0,0,0,0,0,0,0,0,0,0,0,0,0,0,0,0,0,0,0,0,0,0
1596,16.094000,3,1,1,0,0,3.515625,3.51287842,3.50921631,3.51287842,3.50738525,3.51806641,3.51196289,3.5067749,3.49304199,3.49304199,3.49731445,3.48419189,3.48052979,3.47473145,3.487854,3.49517822,0.00423237123,0.0032944046,0.00380152697,0.00464629987,0.00394752389,0.003320602,0.00361466524,0.00384595036,0.00508750603,0.00496626459,0.00575663475,0.00513199577,0.00416973559,0.00487355189,0.00454983581,0.00458525959,0,0,0,0,0,0,0,0,0,0,0,0,0,0,0,0,0,0,0,0,0,0,0,0
1597,16.094000,3,1,1,0,0,3.49853516,3.4967041,3.49243164,3.49639893,3.49029541,3.50067139,3.49700928,3.49121094,3.47473145,3.47564697,3.47991943,3.46618652,3.46405029,3.4588623,3.46801758,3.47869873,0.00177634822,0.00251724711,0.0031302569,0.00320778438,0.00221858267,0.00313882926,0.00276379148,0.00237413775,0.00319405319,0.0028448503,0.00287392479,0.00306170713,0.00366394618,0.00268687122,0.0025058419,0.00396087021,0,0,0,0,0,0,0,0,0,0,0,0,0,0,0,0,0,0,0,0,0,0,0,0
1598,16.094000,3,1,1,0,0,3.51470947,3.51165771,3.50708008,3.51013184,3.50708008,3.51776123,3.51043701,3.50585938,3.49151611,3.49090576,3.4942627,3.48114014,3.47900391,3.47412109,3.48632812,3.49060059,0.00365006644,0.00323504047,0.00369408284,0.002979015,0.00363409682,0.00263076322,0.00322296564,0.00395613071,0.00281005981,0.00300963642,0.00427567586,0.00333657349,0.0020613533,0.00248058373,0.00273410487,0.00280529447,0,0,0,0,0,0,0,0,0,0,0,0,0,0,0,0,0,0,0,0,0,0,0,0
1599,16.094000,3,1,1,0,0,3.51318359,3.51165771,3.50738525,3.51043701,3.50585938,3.51715088,3.51165771,3.50402832,3.48937988,3.48968506,3.49243164,3.4765625,3.4765625,3.47290039,3.48327637,3.48999023,-0.00140790257,-0.000534722116,-0.00107154215,-0.000643584295,-0.00114792085,-0.000796703971,-0.00106059341,-0.000650880393,-0.00145479199,-0.0010208491,-0.00361910998,-0.00213351683,-0.00114607252,-0.00129474106,-0.0035649382,-0.00251025078,0,0,0,0,0,0,0,0,0,0,0,0,0,0,0,0,0,0,0,0,0,0,0,0
1600,16.250000,3,1,1,0,0,3.50646973,3.50402832,3.50067139,3.50402832,3.49853516,3.50921631,3.50250244,3.4979248,3.48266602,3.48205566,3.48480225,3.47137451,3.46984863,3.46313477,3.4777832,3.48480225,-0.00494645443,-0.0048813317,-0.00463204598,-0.0053453017,-0.00554549787,-0.00445477106,-0.00550040137,-0.0045859199,-0.00478235772,-0.00430510147,-0.00467260554,-0.00346003589,-0.00475227367,-0.00352287246,-0.00391621655,-0.00407908671,0,0,0,0,0,0,0,0,0,0,0,0,0,0,0,0,0,0,0,0,0,0,0,0
1601,16.250000,3,1,1,0,0,3.50708008,3.50372314,3.50097656,3.5043335,3.49822998,3.50921631,3.5043335,3.49853516,3.4866333,3.4854126,3.48846436,3.47473145,3.47412109,3.46862793,3.48114014,3.48907471,-0.000604858215,-0.000768120983,-0.000609187991,-6.87576248e-05,-0.00030095462,-8.2420418e-05,0.000139417592,2.46582786e-05,0.0015873994,0.000949740119,0.00210695481,0.00131978863,0.00214635697,0.0019428907,0.00172378146,-0.000186493329,0,0,0,0,0,0,0,0,0,0,0,0,0,0,0,0,0,0,0,0,0,0,0,0
1602,16.250000,3,1,1,0,0,3.51348877,3.51104736,3.50708008,3.51074219,3.50585938,3.51623535,3.51013184,3.50463867,3.49090576,3.49151611,3.49487305,3.48175049,3.47900391,3.47259521,3.48602295,3.49182129,0.00571713597,0.00549552962,0.00605209824,0.00541040394,0.00533780223,0.00536306249,0.00649035489,0.00529435091,0.00467796624,0.00445097126,0.00529193785,0.00508937519,0.00493650045,0.00546341389,0.00483248383,0.00448585954,0,0,0,0,0,0,0,0,0,0,0,0,0,0,0,0,0,0,0,0,0,0,0,0
1603,16.250000,3,1,1,0,0,3.51593018,3.51318359,3.50982666,3.51379395,3.50738525,3.51898193,3.51226807,3.50646973,3.49151611,3.4942627,3.4942627,3.48419189,3.47869873,3.47412109,3.48693848,3.49578857,0.00727811502,0.00677551934,0.00628949376,0.00768040214,0.00735626835,0.00759984972,0.00751851639,0.00675985916,0.00711994758,0.00592372334,0.00769338384,0.00674186833,0.00696320226,0.00677827373,0.00662247464,0.00651601562,0,0,0,0,0,0,0,0,0,0,0,0,0,0,0,0,0,0,0,0,0,0,0,0
1604,16.250000,3,1,1,0,0,3.51531982,3.51226807,3.50891113,3.51165771,3.50799561,3.51837158,3.51135254,3.50708008,3.49273682,3.49212646,3.49456787,3.48205566,3.47930908,3.47290039,3.48602295,3.49487305,0.00246337755,0.00166861783,0.00115142285,0.0015238726,0.00131911435,0.00237294752,0.00182815571,0.00225512567,0.00131761585,-0.000140365853,0.00156301796,-0.000116785581,0.000304550864,0.00107983861,0.000653436407,0.00098787481,0,0,0,0,0,0,0,0,0,0,0,0,0,0,0,0,0,0,0,0,0,0,0,0
1605,16.250000,3,1,1,0,0,3.50463867,3.50189209,3.49731445,3.50006104,3.4967041,3.50769043,3.50128174,3.49456787,3.48144531,3.47991943,3.48327637,3.46984863,3.46801758,3.46405029,3.47473145,3.48052979,0.000905393972,0.000520189118,0.000723150559,4.61009913e-05,0.000388910936,0.00158416852,0.000909972994,0.00116951414,0.000703453901,0.000366529915,0.000860803353,0.000185182376,0.00118172064,-0.000332680705,-0.00122493622,-3.83360311e-05,0,0,0,0,0,0,0,0,0,0,0,0,0,0,0,0,0,0,0,0,0,0,0,0
1606,16.250000,3,1,1,0,0,3.52050781,3.51776123,3.51348877,3.51837158,3.51165771,3.5244751,3.51898193,3.51165771,3.49731445,3.49578857,3.49884033,3.48449707,3.48510742,3.48083496,3.49243164,3.49884033,0.00295788283,0.00298851822,0.00251757237,0.00265901559,0.00227200636,0.0036304919,0.00237826258,0.00229125586,0.000886311755,0.00209420267,0.000838233507,1.85724348e-05,0.00150096149,0.000709048938,0.00181098445,0.00236765202,0,0,0,0,0,0,0,0,0,0,0,0,0,0,0,0,0,0,0,0,0,0,0,0
1607,16.250000,3,1,1,0,0,3.51470947,3.51226807,3.5067749,3.51074219,3.50646973,3.51715088,3.51226807,3.50616455,3.49151611,3.49121094,3.49395752,3.48052979,3.4777832,3.47351074,3.48449707,3.48968506,0.0030930452,0.00256939698,0.002051458,0.0029080885,0.0019306055,0.00312171015,0.0026888405,0.00263883383,0.00170084997,0.00249107252,0.00287130056,0.00255540921,0.00239196001,0.00162490178,0.00011148979,0.00100003404,0,0,0,0,0,0,0,0,0,0,0,0,0,0,0,0,0,0,0,0,0,0,0,0
1608,16.250000,3,1,1,0,0,3.51715088,3.51348877,3.51074219,3.51470947,3.50952148,3.51928711,3.51257324,3.50799561,3.49151611,3.49456787,3.49487305,3.48510742,3.47900391,3.47686768,3.48724365,3.49578857,0.00453520101,0.00435109157,0.0042156917,0.00428066403,0.0046317419,0.00433585979,0.00318472786,0.00427660579,0.0027726721,0.00420993753,0.00243079336,0.00430409843,0.00272863451,0.00286034541,0.00318873161,0.00445323344,0,0,0,0,0,0,0,0,0,0,0,0,0,0,0,0,0,0,0,0,0,0,0,0
1609,16.250000,3,1,1,0,0,3.50769043,3.50372314,3.50189209,3.50463867,3.50036621,3.50952148,3.50341797,3.49853516,3.48327637,3.48480225,3.48571777,3.47503662,3.47381592,3.46832275,3.47808838,3.48754883,-0.000826743722,-0.00101612788,-0.00117995916,-0.00128811412,-0.000835134473,-0.00108267087,-0.00134941086,-0.00162903825,-0.00092658191,0.000454693916,-0.000163216959,0.00132286828,0.000981410616,0.000389158493,-0.00028277596,-0.000181463547,0,0,0,0,0,0,0,0,0,0,0,0,0,0,0,0,0,0,0,0,0,0,0,0
1610,16.250000,3,1,1,0,0,3.51623535,3.5144043,3.51074219,3.51501465,3.50952148,3.51959229,3.51318359,3.50860596,3.49243164,3.49395752,3.4942627,3.48266602,3.48083496,3.47595215,3.4866333,3.4954834,0.00899711996,0.00945746154,0.00909847487,0.00909637008,0.00860179123,0.00880230777,0.00889567472,0.00905453879,0.00620376924,0.00781035237,0.00748449517,0.00748635363,0.00668732589,0.00748672988,0.00742584001,0.00776576856,0,0,0,0,0,0,0,0,0,0,0,0,0,0,0,0,0,0,0,0,0,0,0,0
1611,16.250000,3,1,1,0,0,3.51074219,3.50830078,3.50494385,3.50860596,3.50463867,3.5144043,3.50952148,3.50219727,3.49121094,3.48999023,3.49273682,3.48022461,3.47900391,3.47259521,3.4854126,3.48937988,0.00643371418,0.00699563883,0.00632653339,0.00710222265,0.00735465018,0.00669146562,0.00782126281,0.00684161671,0.00771581894,0.00826885458,0.00878500193,0.00827215519,0.00939376373,0.00836413633,0.00916123111,0.00821043551,0,0,0,0,0,0,0,0,0,0,0,0,0,0,0,0,0,0,0,0,0,0,0,0
1612,16.250000,3,1,1,0,0,3.51318359,3.51074219,3.50799561,3.50921631,3.50646973,3.51623535,3.51013184,3.50402832,3.49243164,3.49060059,3.49273682,3.48022461,3.47961426,3.47259521,3.48602295,3.48999023,-0.00038666121,-0.000750225154,-0.000500236521,-0.000628042384,-0.000132672343,-0.000160164243,-0.000942563929,-0.000640335027,-0.00171264785,-0.000256099098,-0.0040244339,-0.00109937391,-0.00293671503,-0.00263229827,-0.00276035187,-0.00162044307,0,0,0,0,0,0,0,0,0,0,0,0,0,0,0,0,0,0,0,0,0,0,0,0
1613,16.250000,3,1,1,0,0,3.52386475,3.52172852,3.51867676,3.52020264,3.51623535,3.52630615,3.51989746,3.51501465,3.50158691,3.50036621,3.50372314,3.48754883,3.48999023,3.48266602,3.49578857,3.50097656,0.00390286907,0.00352610438,0.0040360312,0.00361948833,0.00311275385,0.00432256004,0.00325391488,0.00384013751,0.00421872735,0.00286159758,0.00437858654,0.00241585122,0.00455138087,0.00386572303,0.00462770369,0.00393150002,0,0,0,0,0,0,0,0,0,0,0,0,0,0,0,0,0,0,0,0,0,0,0,0
1614,16.250000,3,1,1,0,0,3.51928711,3.51593018,3.51226807,3.51715088,3.51043701,3.52111816,3.51623535,3.50982666,3.4967041,3.49517822,3.49884033,3.48510742,3.48175049,3.47747803,3.49151611,3.49731445,0.000589986565,0.00120406959,0.000762451207,0.000691970694,0.00113529945,0.0010903806,0.000936347875,0.00108422968,3.45488661e-05,0.00118113705,-0.000347166613,0.0018130294,4.01408761e-05,-0.00130564021,8.53546662e-05,0.000837175059,0,0,0,0,0,0,0,0,0,0,0,0,0,0,0,0,0,0,0,0,0,0,0,0
1615,16.266000,3,1,1,0,0,3.5144043,3.51165771,3.50952148,3.51318359,3.50769043,3.51745605,3.51135254,3.50463867,3.49304199,3.49151611,3.49365234,3.48144531,3.48022461,3.47381592,3.48724365,3.4954834,0.00273054256,0.00287731527,0.00408153282,0.00381017989,0.00299767964,0.00357811525,0.00291892304,0.00274771964,0.00429102546,0.00522812828,0.00602826057,0.00545588741,0.00445007347,0.00418883376,0.00446521537,0.00424250402,0,0,0,0,0,0,0,0,0,0,0,0,0,0,0,0,0,0,0,0,0,0,0,0
1616,16.266000,3,1,1,0,0,3.50616455,3.50250244,3.49914551,3.50128174,3.49731445,3.50891113,3.50219727,3.49578857,3.48175049,3.48205566,3.48388672,3.47106934,3.46984863,3.46374512,3.47747803,3.48510742,-0.00662092585,-0.00713152159,-0.00698314654,-0.00723882951,-0.00708385976,-0.00683707232,-0.00671635382,-0.00712721143,-0.00603938894,-0.00501760049,-0.00575751392,-0.00503921695,-0.00525538949,-0.00720021082,-0.0055720401,-0.00445395242,0,0,0,0,0,0,0,0,0,0,0,0,0,0,0,0,0,0,0,0,0,0,0,0
1617,16.422000,3,1,1,0,0,3.51165771,3.50860596,3.50524902,3.51074219,3.5055542,3.515625,3.51074219,3.50372314,3.49212646,3.49151611,3.4942627,3.48175049,3.47900391,3.47381592,3.48724365,3.49090576,0.00727057597,0.00713546295,0.00722700404,0.00807545613,0.00775617408,0.00696948916,0.00800020527,0.00717977621,0.00750476215,0.00676118722,0.00730793551,0.00632810034,0.00741280988,0.00748142041,0.00764059182,0.00722806668,0,0,0,0,0,0,0,0,0,0,0,0,0,0,0,0,0,0,0,0,0,0,0,0
1618,16.422000,3,1,1,0,0,3.50189209,3.50006104,3.49578857,3.49945068,3.4954834,3.50585938,3.49975586,3.49334717,3.47930908,3.47686768,3.48297119,3.47015381,3.46832275,3.46405029,3.47442627,3.47930908,0.00316569908,0.00371314213,0.0028414093,0.00275153341,0.00334442849,0.00305983354,0.00326044112,0.00348167797,0.00498610316,0.00323657552,0.00506532006,0.00357369613,0.00581955863,0.00468677934,0.00482657924,0.00411640434,0,0,0,0,0,0,0,0,0,0,0,0,0,0,0,0,0,0,0,0,0,0,0,0
1619,16.422000,3,1,1,0,0,3.50067139,3.49700928,3.49517822,3.49853516,3.49182129,3.50463867,3.49853516,3.49365234,3.48114014,3.47747803,3.48297119,3.46710205,3.46862793,3.46405029,3.47564697,3.48144531,-0.00409947243,-0.00489059323,-0.00389238028,-0.00494487118,-0.00527717359,-0.00340295676,-0.00386177376,-0.0041647926,-0.00428130291,-0.00459514139,-0.00368640875,-0.00506214704,-0.00299745006,-0.00365325622,-0.00428892765,-0.00363628054,0,0,0,0,0,0,0,0,0,0,0,0,0,0,0,0,0,0,0,0,0,0,0,0
1620,16.422000,3,1,1,0,0,3.52172852,3.51715088,3.51501465,3.51898193,3.51379395,3.52355957,3.51867676,3.51226807,3.49853516,3.49639893,3.50036621,3.48632812,3.48632812,3.48175049,3.49365234,3.49945068,0.0102409618,0.00892730616,0.0102193998,0.0105519155,0.0093208123,0.00836141221,0.00935944356,0.00990664866,0.00875632837,0.008347339,0.00908898376,0.00818867888,0.00947848801,0.00901245419,0.0096089486,0.00891787279,0,0,0,0,0,0,0,0,0,0,0,0,0,0,0,0,0,0,0,0,0,0,0,0
1621,16.422000,3,1,1,0,0,3.50280762,3.50067139,3.4967041,3.50006104,3.49609375,3.50616455,3.50189209,3.49365234,3.48205566,3.48083496,3.48388672,3.47106934,3.46862793,3.46435547,3.47717285,3.48083496,-0.00183041207,-0.00153035717,-0.00133475289,-0.00187177071,-0.00181133556,-0.00192204444,-0.00183258113,-0.00194379222,-0.000637589605,-0.000956462929,-0.000739606563,-0.00123580685,-0.00189957046,-0.000940373517,-0.00137270126,-0.00195689267,0,0,0,0,0,0,0,0,0,0,0,0,0,0,0,0,0,0,0,0,0,0,0,0
1622,16.422000,3,1,1,0,0,3.50402832,3.50036621,3.49700928,3.50128174,3.49609375,3.50708008,3.50158691,3.4942627,3.48144531,3.48083496,3.48480225,3.47106934,3.47015381,3.46343994,3.47747803,3.48510742,-0.00366235781,-0.0031738705,-0.00367317628,-0.00348362094,-0.00425175624,-0.0025331194,-0.00324086146,-0.00317455269,-0.00295719574,-0.00345712621,-0.00273886672,-0.00409784308,-0.00234957761,-0.00404460728,-0.00358415535,-0.00254514837,0,0,0,0,0,0,0,0,0,0,0,0,0,0,0,0,0,0,0,0,0,0,0,0
1623,16.422000,3,1,1,0,0,3.5067749,3.50402832,3.50128174,3.5043335,3.49945068,3.51013184,3.50250244,3.49853516,3.48724365,3.48571777,3.48876953,3.47473145,3.47381592,3.46954346,3.47839355,3.48907471,-0.00244668638,-0.0024049317,-0.00214741356,-0.00195255328,-0.00260403147,-0.00289400434,-0.00235967664,-0.00148994219,-4.49339859e-05,-0.0021184166,-1.13854185e-05,-0.00106370426,-0.000204371405,-0.00049960817,-0.00157375145,-0.00162622659,0,0,0,0,0,0,0,0,0,0,0,0,0,0,0,0,0,0,0,0,0,0,0,0
1624,16.422000,3,1,1,0,0,3.50128174,3.4967041,3.49395752,3.49700928,3.49182129,3.50341797,3.49853516,3.49304199,3.47808838,3.47595215,3.47930908,3.46557617,3.46496582,3.45977783,3.47290039,3.48052979,-0.00406693481,-0.00431880308,-0.00507482374,-0.00498822797,-0.00474733161,-0.00492375903,-0.00417384366,-0.00398763828,-0.0041257441,-0.0056448956,-0.00438847626,-0.00538819283,-0.00454243831,-0.00387426908,-0.00389724947,-0.00334764877,0,0,0,0,0,0,0,0,0,0,0,0,0,0,0,0,0,0,0,0,0,0,0,0
1625,16.422000,3,1,1,0,0,3.50524902,3.50219727,3.49884033,3.50097656,3.4967041,3.50738525,3.50036621,3.49578857,3.48144531,3.48083496,3.48358154,3.47198486,3.46954346,3.46496582,3.47625732,3.48175049,0.00122162222,0.00140179438,0.00121725071,0.00073764415,0.00174718443,0.00266122399,0.000834958977,0.000843571266,0.000633095158,0.00182230456,0.00127737597,0.000912111544,0.00143017713,0.000484222779,0.0012190867,-0.000956045464,0,0,0,0,0,0,0,0,0,0,0,0,0,0,0,0,0,0,0,0,0,0,0,0
1626,16.422000,3,1,1,0,0,3.50860596,3.50524902,3.50250244,3.50524902,3.50036621,3.50921631,3.50524902,3.49975586,3.48693848,3.4854126,3.48968506,3.47564697,3.47503662,3.47045898,3.48114014,3.48907471,0.00304001803,0.00274825701,0.00327665498,0.00314933364,0.00314406143,0.00263909344,0.00181118294,0.00305533758,0.00289212633,0.00340914656,0.00361742801,0.00380473444,0.0028082924,0.00320424535,0.00214362657,0.00397063047,0,0,0,0,0,0,0,0,0,0,0,0,0,0,0,0,0,0,0,0,0,0,0,0
1627,16.422000,3,1,1,0,0,3.51959229,3.51654053,3.51196289,3.51593018,3.51074219,3.52111816,3.51654053,3.50982666,3.49334717,3.49517822,3.49365234,3.48388672,3.48022461,3.47503662,3.48815918,3.49517822,0.00840704329,0.0072858762,0.00809904467,0.00847110525,0.00718362862,0.00725875935,0.0084387539,0.00782250799,0.00811375864,0.0064719934,0.006886282,0.00647870963,0.00808654446,0.00729723414,0.00774070714,0.00718752621,0,0,0,0,0,0,0,0,0,0,0,0,0,0,0,0,0,0,0,0,0,0,0,0
1628,16.422000,3,1,1,0,0,3.51806641,3.5144043,3.51104736,3.51593018,3.50982666,3.52050781,3.51318359,3.50860596,3.49395752,3.49517822,3.49487305,3.48449707,3.47991943,3.47473145,3.487854,3.49578857,0.00636432646,0.00597133022,0.00562718324,0.00724518765,0.00639288127,0.00635203253,0.0065413327,0.00583298644,0.005559796,0.00635759952,0.00633042352,0.0055553331,0.00596577628,0.00550837163,0.00558081362,0.00541985361,0,0,0,0,0,0,0,0,0,0,0,0,0,0,0,0,0,0,0,0,0,0,0,0
1629,16.422000,3,1,1,0,0,3.50860596,3.50463867,3.50158691,3.5055542,3.50067139,3.51074219,3.5055542,3.50006104,3.48815918,3.48632812,3.48937988,3.47595215,3.47503662,3.47015381,3.48205566,3.48968506,0.00602131244,0.0047584516,0.00513863331,0.00551187806,0.00539394608,0.00569267198,0.00609879894,0.0050147553,0.00514935609,0.00524191838,0.00498323701,0.00509931566,0.0055773654,0.00544751482,0.00583247095,0.00534963189,0,0,0,0,0,0,0,0,0,0,0,0,0,0,0,0,0,0,0,0,0,0,0,0
1630,16.422000,3,1,1,0,0,3.5055542,3.50311279,3.49945068,3.50311279,3.49761963,3.50799561,3.50158691,3.49609375,3.48297119,3.48266602,3.48388672,3.47106934,3.46893311,3.46435547,3.47625732,3.48571777,0.00103728217,-6.02938235e-06,0.000862416346,0.000205500517,-0.000270845718,-0.000262305723,0.000330957468,0.000414924813,-0.000224203919,-0.000765509205,-0.00080461218,-0.00103223987,8.56702682e-05,-0.000580410589,-0.00055585237,0.00141258095,0,0,0,0,0,0,0,0,0,0,0,0,0,0,0,0,0,0,0,0,0,0,0,0
1631,16.422000,3,1,1,0,0,3.51715088,3.51409912,3.51074219,3.51531982,3.50952148,3.51898193,3.51318359,3.50799561,3.49273682,3.49395752,3.4942627,3.48449707,3.48022461,3.4765625,3.487854,3.49639893,0.00366713572,0.00358201726,0.00344934268,0.0040987879,0.00309829437,0.00315995188,0.00363918417,0.00340001564,0.00125592528,0.00336923334,0.00230786228,0.00373607012,0.0016480505,0.00211926177,0.00118434348,0.00380824739,0,0,0,0,0,0,0,0,0,0,0,0,0,0,0,0,0,0,0,0,0,0,0,0
1632,16.422000,3,1,1,0,0,3.51593018,3.51257324,3.50891113,3.51226807,3.50769043,3.51898193,3.51196289,3.50646973,3.49151611,3.49121094,3.49273682,3.48083496,3.47961426,3.47290039,3.4866333,3.49060059,0.000218221947,-0.000268033473,-0.000129865308,0.000447834143,-0.000833221769,0.000167929509,-1.92739826e-05,0.000866598974,0.00133447046,-0.000335973338,0.00155214546,-0.000990064,0.00128699187,0.00012730906,-0.000435949885,-0.000502893119,0,0,0,0,0,0,0,0,0,0,0,0,0,0,0,0,0,0,0,0,0,0,0,0
1633,16.422000,3,1,1,0,0,3.51043701,3.50616455,3.50372314,3.50738525,3.50128174,3.51318359,3.50769043,3.50067139,3.4866333,3.4854126,3.48846436,3.4753418,3.47137451,3.46893311,3.47808838,3.4866333,0.00104485918,0.0012200987,0.00152640918,0.0010849773,0.000567118288,0.00137727137,0.00104588619,0.00122308463,0.00210953597,0.000546107884,0.0024256662,-0.000448942708,0.000334577984,0.00125889445,0.00166343432,0.00121985713,0,0,0,0,0,0,0,0,0,0,0,0,0,0,0,0,0,0,0,0,0,0,0,0
1634,16.594000,3,1,1,0,0,3.5244751,3.52081299,3.51745605,3.52172852,3.51715088,3.52630615,3.52111816,3.5144043,3.50158691,3.50128174,3.5043335,3.49090576,3.48907471,3.48266602,3.49639893,3.5043335,0.00298888469,0.00339655438,0.00250208681,0.00222682278,0.00405195262,0.00379205449,0.00293718954,0.00234112889,0.00127424602,0.00222045905,0.00173180935,0.00266624079,0.00152343255,0.000824501971,0.00101677212,0.001210341,0,0,0,0,0,0,0,0,0,0,0,0,0,0,0,0,0,0,0,0,0,0,0,0
1635,16.594000,3,1,1,0,0,3.51531982,3.51226807,3.50952148,3.51226807,3.50738525,3.51837158,3.51196289,3.50616455,3.49273682,3.49395752,3.49334717,3.48205566,3.48052979,3.47320557,3.48724365,3.49487305,0.00417428091,0.00404312229,0.0045084497,0.00408513146,0.00424113451,0.00489319116,0.0041434709,0.00399396243,0.00344513962,0.00513365911,0.00334814889,0.00442727003,0.00371061056,0.00291957939,0.00412645889,0.00504990993,0,0,0,0,0,0,0,0,0,0,0,0,0,0,0,0,0,0,0,0,0,0,0,0
1636,16.594000,3,1,1,0,0,3.50799561,3.50524902,3.50158691,3.50524902,3.49975586,3.50921631,3.50524902,3.49945068,3.48175049,3.48327637,3.48327637,3.47259521,3.47106934,3.46801758,3.47747803,3.48602295,0.002648575,0.00268840278,0.00242016534,0.00288305245,0.00251750858,0.000929920992,0.00176483893,0.00264089135,0.00048341605,0.00321983499,0.00241164747,0.00244326494,0.00120130717,0.00324480375,0.00102204562,0.0027156421,0,0,0,0,0,0,0,0,0,0,0,0,0,0,0,0,0,0,0,0,0,0,0,0
1637,16.594000,3,1,1,0,0,3.52020264,3.51715088,3.5144043,3.51806641,3.51013184,3.52111816,3.51654053,3.51104736,3.49761963,3.49639893,3.49975586,3.4866333,3.48480225,3.47930908,3.49243164,3.50006104,0.00554105034,0.00590625219,0.00541637465,0.00516297482,0.00519030262,0.00501663517,0.00526121026,0.00449708384,0.00526148919,0.00662830286,0.00619579572,0.00633504614,0.00527791772,0.00546431448,0.00618839916,0.00640517846,0,0,0,0,0,0,0,0,0,0,0,0,0,0,0,0,0,0,0,0,0,0,0,0
1638,16.594000,3,1,1,0,0,3.51654053,3.51287842,3.51013184,3.51348877,3.50891113,3.51928711,3.5144043,3.50769043,3.49304199,3.49395752,3.49304199,3.48388672,3.47900391,3.47381592,3.48632812,3.49609375,0.00131408591,0.00139445683,0.00160690432,0.00157387136,0.00154767325,0.00142961438,0.00131362397,0.00209875754,0.00143751921,0.00208036625,-0.000351464318,0.00293769594,0.000492866151,0.000820518762,1.93082378e-05,0.00268585421,0,0,0,0,0,0,0,0,0,0,0,0,0,0,0,0,0,0,0,0,0,0,0,0
1639,16.594000,3,1,1,0,0,3.51135254,3.50646973,3.50402832,3.50830078,3.50219727,3.5144043,3.50769043,3.50189209,3.48754883,3.48571777,3.48937988,3.47686768,3.4753418,3.47076416,3.48175049,3.48907471,-0.00100364862,-0.00106182718,-0.000316922669,-0.000861675653,-0.000578342355,4.8850663e-05,-0.000304457382,-0.000134355389,0.0012102304,0.000185560784,0.000315445533,0.000725673395,0.000884344452,0.000972228125,0.00113879447,0.000618354825,0,0,0,0,0,0,0,0,0,0,0,0,0,0,0,0,0,0,0,0,0,0,0,0
1640,16.594000,3,1,1,0,0,3.50738525,3.50402832,3.50128174,3.50372314,3.49822998,3.50921631,3.50372314,3.49853516,3.4866333,3.48571777,3.48876953,3.47473145,3.47442627,3.46862793,3.47839355,3.48937988,-0.000637223478,-0.000687417283,-0.000238689536,-0.00103118084,-0.000999439624,-0.0011525125,-0.00178994401,-0.000751362008,-0.000313544995,0.000186608551,-0.0010278963,0.000174830144,-3.66537424e-05,-0.000432033616,-0.000997321797,0.00102156366,0,0,0,0,0,0,0,0,0,0,0,0,0,0,0,0,0,0,0,0,0,0,0,0
1641,16.594000,3,1,1,0,0,3.52020264,3.5168457,3.51348877,3.51715088,3.51196289,3.52081299,3.51745605,3.51196289,3.49700928,3.49609375,3.49884033,3.48571777,3.48449707,3.48022461,3.49273682,3.49914551,0.00174825639,0.00118385418,0.00149845541,0.00171714311,0.00192440394,0.00167520798,0.00279862038,0.00266324449,0.00469749141,0.00299979886,0.00382533739,0.00278027751,0.00445446558,0.00338636432,0.00393747538,0.00223836582,0,0,0,0,0,0,0,0,0,0,0,0,0,0,0,0,0,0,0,0,0,0,0,0
1642,16.594000,3,1,1,0,0,3.5055542,3.50250244,3.49731445,3.50128174,3.49700928,3.50799561,3.50219727,3.49487305,3.48297119,3.48266602,3.48510742,3.47167969,3.47045898,3.46435547,3.47747803,3.48510742,0.000511093589,0.000605749665,0.000551627134,0.00135131227,0.000141278026,0.000817559834,0.000949675567,-5.79740736e-05,0.00181639148,0.0010032556,0.00131719001,0.000136748771,0.00163725554,0.00185528467,0.001309396,0.00074000418,0,0,0,0,0,0,0,0,0,0,0,0,0,0,0,0,0,0,0,0,0,0,0,0
1643,16.594000,3,1,1,0,0,3.51928711,3.51715088,3.51409912,3.51776123,3.51135254,3.52081299,3.5168457,3.51165771,3.4979248,3.49639893,3.49975586,3.4866333,3.48480225,3.47961426,3.49243164,3.49853516,0.00523138791,0.00596226892,0.00585218892,0.00590586523,0.00602147542,0.0061192126,0.00577623118,0.00514337607,0.00404334627,0.00614079926,0.00373617862,0.00644482812,0.00533400942,0.00462976331,0.00576134678,0.00545541011,0,0,0,0,0,0,0,0,0,0,0,0,0,0,0,0,0,0,0,0,0,0,0,0
1644,16.594000,3,1,1,0,0,3.51135254,3.50860596,3.50402832,3.50830078,3.50250244,3.51593018,3.50891113,3.50189209,3.48876953,3.4854126,3.48937988,3.47686768,3.47564697,3.47106934,3.48297119,3.48907471,0.00251264474,0.00237217825,0.00267422525,0.002652789,0.00286101666,0.00365774054,0.00226436788,0.00267398148,0.00340402755,0.00289564021,0.00297302264,0.00314866216,0.00363110169,0.00336580165,0.00347408862,0.00328896404,0,0,0,0,0,0,0,0,0,0,0,0,0,0,0,0,0,0,0,0,0,0,0,0
1645,16.594000,3,1,1,0,0,3.51165771,3.5067749,3.50494385,3.50830078,3.50280762,3.51470947,3.50860596,3.50280762,3.487854,3.48602295,3.48907471,3.47686768,3.47473145,3.46984863,3.48266602,3.49029541,0.00124102598,-0.000507437391,0.000682864455,0.00151528278,0.000552484416,0.00114100671,0.000867697585,0.000896961428,0.000117242453,-0.000877064478,-0.000149362371,0.000620469917,-0.0014644214,0.000518819259,-0.00143711991,0.00110215461,0,0,0,0,0,0,0,0,0,0,0,0,0,0,0,0,0,0,0,0,0,0,0,0
1646,16.594000,3,1,1,0,0,3.5067749,3.50311279,3.50006104,3.50280762,3.49853516,3.50952148,3.50250244,3.4979248,3.48297119,3.48388672,3.48449707,3.47198486,3.47015381,3.46405029,3.4777832,3.48449707,0.00519744866,0.00578907272,0.00480067451,0.00582139753,0.00599655136,0.00678032357,0.00566887204,0.00569342729,0.00510106655,0.00599424634,0.00456088362,0.0037441114,0.00537985191,0.00533704367,0.005225325,0.00440664636,0,0,0,0,0,0,0,0,0,0,0,0,0,0,0,0,0,0,0,0,0,0,0,0
1647,16.594000,3,1,1,0,0,3.5144043,3.51226807,3.50921631,3.51226807,3.50769043,3.51745605,3.51196289,3.50585938,3.49182129,3.49243164,3.49700928,3.48205566,3.48083496,3.47381592,3.487854,3.49182129,0.00729338359,0.00725803245,0.00743587222,0.0069400603,0.00729510607,0.00571658369,0.00688527944,0.00681042438,0.00712181022,0.00778175425,0.00774052553,0.00793648511,0.007648231,0.00624146219,0.00807947107,0.00668088347,0,0,0,0,0,0,0,0,0,0,0,0,0,0,0,0,0,0,0,0,0,0,0,0
1648,16.594000,3,1,1,0,0,3.51409912,3.51135254,3.50891113,3.50982666,3.50646973,3.5168457,3.51196289,3.50494385,3.49151611,3.49182129,3.49365234,3.48205566,3.47961426,3.47320557,3.48754883,3.49456787,0.00459971512,0.00361176906,0.00438239053,0.00357565354,0.00408206508,0.00387851568,0.00416410528,0.00415768009,0.00461484864,0.0048004915,0.00467502885,0.00503185345,0.00345722167,0.00329115544,0.00547994161,0.00536761759,0,0,0,0,0,0,0,0,0,0,0,0,0,0,0,0,0,0,0,0,0,0,0,0
1649,16.594000,3,1,1,0,0,3.50158691,3.50067139,3.4954834,3.50006104,3.49517822,3.5067749,3.50067139,3.49395752,3.47900391,3.47747803,3.48083496,3.46618652,3.46588135,3.46282959,3.47320557,3.47991943,0.00326787215,0.00425979029,0.00358071341,0.00391586311,0.00399091467,0.00436351867,0.00252905232,0.00385419885,0.00117737602,0.00523648504,0.00200444506,0.0027262629,0.00256018736,0.00221379893,0.00206590071,0.00363718742,0,0,0,0,0,0,0,0,0,0,0,0,0,0,0,0,0,0,0,0,0,0,0,0
1650,16.594000,3,1,1,0,0,3.51379395,3.51104736,3.5067749,3.50860596,3.50585938,3.51654053,3.51165771,3.50372314,3.49121094,3.49121094,3.49456787,3.48083496,3.48022461,3.47473145,3.48724365,3.49212646,0.00369461719,0.00333072408,0.00405344926,0.00258055655,0.00336118462,0.00365450257,0.00444927113,0.00363520067,0.00438027643,0.00366090005,0.00496281125,0.00445161667,0.00543352915,0.0048043658,0.00523985457,0.00395613397,0,0,0,0,0,0,0,0,0,0,0,0,0,0,0,0,0,0,0,0,0,0,0,0
1651,16.766000,3,1,1,0,0,3.51348877,3.51043701,3.5067749,3.51043701,3.50616455,3.5168457,3.51074219,3.50341797,3.49090576,3.49029541,3.49456787,3.48144531,3.47869873,3.47320557,3.4866333,3.49060059,0.00404001679,0.00320494408,0.00371983019,0.00396236405,0.00379413622,0.00276867836,0.00362966908,0.0032086838,0.00380125665,0.00340719102,0.00410016486,0.00405632891,0.00462723337,0.00398219796,0.00475529674,0.0028227896,0,0,0,0,0,0,0,0,0,0,0,0,0,0,0,0,0,0,0,0,0,0,0,0
1652,16.766000,3,1,1,0,0,3.51531982,3.51196289,3.50921631,3.51074219,3.50738525,3.51776123,3.51226807,3.5055542,3.49151611,3.49121094,3.49395752,3.48175049,3.47991943,3.47442627,3.48754883,3.49517822,0.00634945184,0.00566701684,0.0064851502,0.00613000756,0.00570683414,0.00648480374,0.00600981759,0.00600634515,0.00554335117,0.00441229902,0.00562694808,0.00440573785,0.00451139174,0.00578871183,0.00662360061,0.00674037263,0,0,0,0,0,0,0,0,0,0,0,0,0,0,0,0,0,0,0,0,0,0,0,0
1653,16.766000,3,1,1,0,0,3.515625,3.51287842,3.50921631,3.51196289,3.50738525,3.51837158,3.51196289,3.50463867,3.49243164,3.49243164,3.49365234,3.48114014,3.47991943,3.47290039,3.48724365,3.49182129,0.00319018541,0.00374300824,0.00354498206,0.00338713173,0.00282287132,0.00443953881,0.00331119145,0.00298743532,0.00275447313,0.00294393441,0.00272336695,0.00258958805,0.00232462236,0.00222104788,0.00263261679,0.00265462231,0,0,0,0,0,0,0,0,0,0,0,0,0,0,0,0,0,0,0,0,0,0,0,0
1654,16.766000,3,1,1,0,0,3.50708008,3.50402832,3.50006104,3.50372314,3.49884033,3.51013184,3.50250244,3.4979248,3.48327637,3.48236084,3.48449707,3.47106934,3.46984863,3.46405029,3.4777832,3.48510742,-0.00186196133,-0.00100001483,-0.00220487965,-0.00203474262,-0.00129888661,-0.000758436043,-0.00146100787,-0.00163759454,-0.00273626554,-0.00413434952,-0.00299959024,-0.00427658809,-0.0025207994,-0.00303218001,-0.00197474286,-0.0035708393,0,0,0,0,0,0,0,0,0,0,0,0,0,0,0,0,0,0,0,0,0,0,0,0
1655,16.766000,3,1,1,0,0,3.51074219,3.5067749,3.50524902,3.50769043,3.50250244,3.51409912,3.50921631,3.50158691,3.48754883,3.48602295,3.48999023,3.47625732,3.47503662,3.47229004,3.48052979,3.49060059,-0.00134549499,-0.00115582615,-0.000352250994,-0.000768188213,-0.000317260186,0.000294317113,-2.64033442e-05,-0.00120035803,-0.000889250427,-0.00204242091,-0.00042492713,-0.00326143228,-0.000505959324,-0.000325120403,-0.000455481175,-0.000315665558,0,0,0,0,0,0,0,0,0,0,0,0,0,0,0,0,0,0,0,0,0,0,0,0
1656,16.766000,3,1,1,0,0,3.50250244,3.50189209,3.49700928,3.50128174,3.4967041,3.50708008,3.50189209,3.49578857,3.48236084,3.48358154,3.48480225,3.47381592,3.47015381,3.46466064,3.47717285,3.48480225,-0.00130811171,0.000132370158,-0.00114559382,-0.000552373938,-0.000673096045,-0.000788084057,-0.000225138356,-0.000323768036,-0.000994778005,-0.000228100602,0.000248279743,0.000610235089,-0.0011285462,-0.000568803807,-0.000994254951,-0.000457084418,0,0,0,0,0,0,0,0,0,0,0,0,0,0,0,0,0,0,0,0,0,0,0,0
1657,16.766000,3,1,1,0,0,3.5067749,3.5043335,3.50036621,3.50372314,3.4979248,3.50891113,3.50280762,3.4979248,3.48266602,3.48175049,3.48449707,3.47137451,3.46984863,3.46282959,3.47686768,3.48114014,-0.000245465897,-0.00127596629,-0.000740346906,-0.000851596124,-0.00147379353,-0.00116202293,-0.000794470077,-0.000330448209,-0.00036245407,-0.00105957908,-0.00137768267,-0.00115915365,-0.000228542427,-0.000733333407,-0.000616303936,-0.00194929435,0,0,0,0,0,0,0,0,0,0,0,0,0,0,0,0,0,0,0,0,0,0,0,0
1658,16.766000,3,1,1,0,0,3.51196289,3.50799561,3.50494385,3.50921631,3.50219727,3.51470947,3.50830078,3.50311279,3.48815918,3.48480225,3.48632812,3.4765625,3.4753418,3.47106934,3.48175049,3.48999023,-0.00263693533,-0.00195127644,-0.00288975192,-0.00313396147,-0.00237381971,-0.00104143878,-0.00267142872,-0.00311125326,-0.002057801,-0.00265282602,-0.00297930324,-0.00249847886,-0.002050668,-0.00215199636,-0.00225705607,-0.00322682038,0,0,0,0,0,0,0,0,0,0,0,0,0,0,0,0,0,0,0,0,0,0,0,0
1659,16.766000,3,1,1,0,0,3.50524902,3.50158691,3.4967041,3.50097656,3.49731445,3.50769043,3.50067139,3.4942627,3.48205566,3.48083496,3.48388672,3.47076416,3.46893311,3.46435547,3.47595215,3.48144531,-0.00456434209,-0.00397710549,-0.00564096309,-0.0052307006,-0.00516260741,-0.00566277793,-0.00511655305,-0.0051332321,-0.00486932974,-0.00484157028,-0.0058734389,-0.0055210772,-0.00637487834,-0.00449697301,-0.00668062735,-0.00613159081,0,0,0,0,0,0,0,0,0,0,0,0,0,0,0,0,0,0,0,0,0,0,0,0
1660,16.766000,3,1,1,0,0,3.51348877,3.51074219,3.50738525,3.50982666,3.50646973,3.5168457,3.51165771,3.50585938,3.49090576,3.49121094,3.49304199,3.48144531,3.47961426,3.47320557,3.48754883,3.49395752,0.00719254976,0.00766426511,0.00750557566,0.00735644484,0.00835019443,0.00755699864,0.00753045548,0.00764652248,0.00866503641,0.00851408485,0.00865066797,0.00836048089,0.00922516175,0.00861615967,0.00784103107,0.00800763909,0,0,0,0,0,0,0,0,0,0,0,0,0,0,0,0,0,0,0,0,0,0,0,0
1661,16.766000,3,1,1,0,0,3.50891113,3.50585938,3.50402832,3.50769043,3.50189209,3.51074219,3.50708008,3.50128174,3.48815918,3.48937988,3.49273682,3.47686768,3.4765625,3.47076416,3.48297119,3.49029541,-0.0032771253,-0.00302622002,-0.00286292355,-0.00361977564,-0.00266680587,-0.00315843895,-0.00393630285,-0.00287700281,-0.00335151143,-0.00198241998,-0.00218753424,-0.00226870109,-0.0025021669,-0.00301108486,-0.0029825354,-0.00274639274,0,0,0,0,0,0,0,0,0,0,0,0,0,0,0,0,0,0,0,0,0,0,0,0
1662,16.766000,3,1,1,0,0,3.51257324,3.50982666,3.5055542,3.51043701,3.5055542,3.51593018,3.51043701,3.50402832,3.49029541,3.4866333,3.49090576,3.4765625,3.47625732,3.47167969,3.48297119,3.49121094,-0.00501791807,-0.00481640641,-0.00519406609,-0.00459321914,-0.0038576019,-0.00465961825,-0.00505678682,-0.00427726889,-0.00337032601,-0.00485730777,-0.00427832594,-0.00491602533,-0.00424541067,-0.00400459021,-0.00574937696,-0.00333583076,0,0,0,0,0,0,0,0,0,0,0,0,0,0,0,0,0,0,0,0,0,0,0,0
1663,16.766000,3,1,1,0,0,3.51654053,3.51318359,3.51043701,3.51348877,3.50891113,3.51867676,3.51257324,3.50799561,3.49212646,3.4942627,3.49365234,3.48205566,3.48052979,3.47381592,3.48724365,3.49517822,0.00818987004,0.00753099238,0.00779474247,0.00795480423,0.0073164599,0.00733718835,0.00814364571,0.00798861962,0.00623719767,0.00675280765,0.00667785387,0.00664352952,0.00483243959,0.00522939581,0.00464014243,0.00754774455,0,0,0,0,0,0,0,0,0,0,0,0,0,0,0,0,0,0,0,0,0,0,0,0
1664,16.766000,3,1,1,0,0,3.50158691,3.49914551,3.49609375,3.49975586,3.49517822,3.50524902,3.50036621,3.4942627,3.48083496,3.47717285,3.48327637,3.46710205,3.46679688,3.46282959,3.47473145,3.48144531,-0.00337960012,-0.00272465288,-0.00268035755,-0.00383026036,-0.00267252186,-0.00220386218,-0.002673927,-0.00224559102,-0.00264420896,-0.00261162664,-0.00256223558,-0.00286680576,-0.00258967909,-0.00186163886,-0.00230627228,-0.00215571234,0,0,0,0,0,0,0,0,0,0,0,0,0,0,0,0,0,0,0,0,0,0,0,0
1665,16.766000,3,1,1,0,0,3.51043701,3.50616455,3.5043335,3.50769043,3.50189209,3.51104736,3.50769043,3.50128174,3.49090576,3.4866333,3.49273682,3.48022461,3.47686768,3.47290039,3.48510742,3.49090576,0.00197492191,0.00157593843,0.00237825769,0.00191154238,0.0019548519,0.00068364176,0.00244683633,0.00184239144,0.00369163207,0.00169643993,0.00348959281,0.00324221142,0.00190986553,0.00306523405,0.00373640587,0.00381209445,0,0,0,0,0,0,0,0,0,0,0,0,0,0,0,0,0,0,0,0,0,0,0,0
1666,16.766000,3,1,1,0,0,3.50341797,3.50189209,3.49822998,3.50158691,3.49639893,3.5067749,3.50067139,3.49517822,3.48327637,3.48297119,3.48480225,3.47442627,3.46954346,3.46740723,3.4765625,3.48602295,0.00186122558,0.00180274481,0.0022352403,0.00206044735,0.00285673141,0.00268190354,0.00234393263,0.00259897881,0.0030999789,0.00154912018,0.00217760494,0.00158728787,0.00256479299,0.00302546797,0.00275229593,0.00223422307,0,0,0,0,0,0,0,0,0,0,0,0,0,0,0,0,0,0,0,0,0,0,0,0
1667,16.766000,3,1,1,0,0,3.51593018,3.51257324,3.50982666,3.51379395,3.50799561,3.51837158,3.51196289,3.50708008,3.49151611,3.49243164,3.49365234,3.48449707,3.48052979,3.47290039,3.487854,3.49517822,0.000598987099,0.000191804487,0.00102136715,0.00154213805,0.000317430822,0.00114733225,0.00139817677,0.00128255831,0.00122276822,0.000904552406,0.0024470319,0.0018364772,0.0021281275,0.00082955393,0.00233314745,0.0021119169,0,0,0,0,0,0,0,0,0,0,0,0,0,0,0,0,0,0,0,0,0,0,0,0
1668,16.937000,3,1,1,0,0,3.51043701,3.50616455,3.50494385,3.50769043,3.50219727,3.51074219,3.50738525,3.50158691,3.48907471,3.48968506,3.49334717,3.47747803,3.4765625,3.47320557,3.48327637,3.49121094,0.00401687715,0.00410917588,0.00487853447,0.00392215978,0.00436280807,0.00331429369,0.00438555377,0.00494672405,0.00502540683,0.00462660147,0.00441823248,0.00386462361,0.00481648464,0.00485820696,0.00391238136,0.00472434238,0,0,0,0,0,0,0,0,0,0,0,0,0,0,0,0,0,0,0,0,0,0,0,0
1669,16.937000,3,1,1,0,0,3.515625,3.51348877,3.51013184,3.51196289,3.50769043,3.51898193,3.51165771,3.50769043,3.49304199,3.49304199,3.49304199,3.48236084,3.47900391,3.47381592,3.48754883,3.4942627,-0.00371234468,-0.00343487784,-0.00377515657,-0.00362548465,-0.00436708098,-0.00323776645,-0.00382169313,-0.00318869809,-0.0030549909,-0.00370053039,-0.00321696629,-0.00458084466,-0.00292281527,-0.00402820949,-0.00287453667,-0.00414994359,0,0,0,0,0,0,0,0,0,0,0,0,0,0,0,0,0,0,0,0,0,0,0,0
1670,16.937000,3,1,1,0,0,3.51196289,3.51013184,3.50524902,3.51013184,3.50585938,3.51623535,3.51074219,3.50341797,3.48937988,3.48693848,3.49243164,3.47625732,3.47717285,3.47320557,3.48419189,3.49060059,0.0019836193,0.0029767477,0.00235019578,0.00302853528,0.00348066632,0.00348517857,0.00256582326,0.00232841866,0.0016999105,0.00195816532,0.00287527521,0.00110519445,0.00215239008,0.00149787473,0.00227549206,0.00249521271,0,0,0,0,0,0,0,0,0,0,0,0,0,0,0,0,0,0,0,0,0,0,0,0
1671,16.937000,3,1,1,0,0,3.51593018,3.51318359,3.50982666,3.51348877,3.50769043,3.51959229,3.51226807,3.50769043,3.49151611,3.49243164,3.49273682,3.48388672,3.47900391,3.47351074,3.48754883,3.49182129,0.00846904144,0.00803332683,0.00855749939,0.00902028196,0.00841476396,0.00854871422,0.00766403414,0.00874452572,0.00718596298,0.00853264052,0.00673567271,0.00858804397,0.00789154042,0.0073462287,0.00796152558,0.0082170181,0,0,0,0,0,0,0,0,0,0,0,0,0,0,0,0,0,0,0,0,0,0,0,0
1672,16.937000,3,1,1,0,0,3.51715088,3.5144043,3.51165771,3.51531982,3.50982666,3.51989746,3.5144043,3.50982666,3.49578857,3.4954834,3.49822998,3.48571777,3.48236084,3.47747803,3.487854,3.49700928,0.00617827103,0.0059754462,0.00641371636,0.00673041074,0.00569193671,0.00492822565,0.00639597001,0.00664159842,0.00681664003,0.00543707935,0.00644003972,0.00610476872,0.00617381744,0.00662217429,0.00578545965,0.00633505685,0,0,0,0,0,0,0,0,0,0,0,0,0,0,0,0,0,0,0,0,0,0,0,0
1673,16.937000,3,1,1,0,0,3.51013184,3.50708008,3.5043335,3.50708008,3.50158691,3.51074219,3.50646973,3.50158691,3.48846436,3.48693848,3.49029541,3.47625732,3.47595215,3.47259521,3.48266602,3.49060059,0.00171746069,0.00184455095,0.00196820451,0.000937283388,0.00120342535,0.0010987469,0.00080602977,0.00142846396,0.00167684571,0.00300868275,0.00171772344,0.00183374644,0.00224240194,0.00215215655,0.00223502005,0.00341779925,0,0,0,0,0,0,0,0,0,0,0,0,0,0,0,0,0,0,0,0,0,0,0,0
1674,16.937000,3,1,1,0,0,3.51074219,3.50769043,3.50372314,3.50708008,3.50128174,3.51104736,3.50738525,3.50280762,3.48937988,3.48693848,3.49212646,3.48052979,3.47808838,3.47290039,3.48388672,3.49060059,0.00160451594,0.00181135954,0.00194472913,0.000809147023,0.0012388489,0.00128352444,0.00179114786,0.00221754611,0.00297378143,0.00246736943,0.00186020858,0.00272428291,0.00264929514,0.00351272617,0.00215372583,0.00225604698,0,0,0,0,0,0,0,0,0,0,0,0,0,0,0,0,0,0,0,0,0,0,0,0
1675,16.937000,3,1,1,0,0,3.51501465,3.51348877,3.50952148,3.51379395,3.50799561,3.51959229,3.51257324,3.50769043,3.49243164,3.49304199,3.49304199,3.48419189,3.48052979,3.47473145,3.48602295,3.49517822,-0.00332188746,-0.00258479989,-0.00225839578,-0.00308123883,-0.0032035301,-0.00169680291,-0.0029196525,-0.00174088986,-0.00147483405,-0.00189482921,-0.00165321422,-0.0019507024,-0.00103461742,-0.00139716174,-0.00126176432,-0.00125017238,0,0,0,0,0,0,0,0,0,0,0,0,0,0,0,0,0,0,0,0,0,0,0,0
1676,16.937000,3,1,1,0,0,3.51531982,3.51196289,3.50921631,3.51074219,3.50769043,3.51776123,3.51135254,3.5067749,3.49304199,3.49304199,3.4979248,3.48297119,3.47930908,3.4753418,3.48602295,3.49639893,0.00172285852,0.00190040015,0.00186327845,0.00120281579,0.00278614927,0.00133374217,0.000908338581,0.0014761514,0.00149835111,0.0032621529,0.00159317453,0.00222896505,0.00147839799,0.00188036845,0.000172406493,0.00225086603,0,0,0,0,0,0,0,0,0,0,0,0,0,0,0,0,0,0,0,0,0,0,0,0
1677,16.937000,3,1,1,0,0,3.51013184,3.5067749,3.5043335,3.50646973,3.50097656,3.51074219,3.5067749,3.50189209,3.48937988,3.4866333,3.49029541,3.47503662,3.47595215,3.47076416,3.48266602,3.48937988,-0.00125881261,-0.00214306638,-0.00142670027,-0.00102205831,-0.00107532146,-0.00209341594,-0.00112038315,-0.000921275117,-9.62232007e-05,-0.00134363875,9.93640278e-05,-0.00179712637,-0.000150032109,-0.000256620056,-0.000381241203,-0.000123757054,0,0,0,0,0,0,0,0,0,0,0,0,0,0,0,0,0,0,0,0,0,0,0,0
1678,16.937000,3,1,1,0,0,3.51318359,3.51196289,3.50738525,3.51135254,3.50616455,3.51654053,3.51135254,3.50402832,3.49243164,3.49060059,3.49365234,3.48052979,3.47869873,3.47290039,3.4866333,3.48999023,0.00528205885,0.00547507685,0.005547876,0.00524950307,0.00556903146,0.00576380966,0.00503110606,0.00515389303,0.00676841848,0.00683562132,0.00528439926,0.00628062477,0.00414858665,0.00424521696,0.00594453607,0.00521795591,0,0,0,0,0,0,0,0,0,0,0,0,0,0,0,0,0,0,0,0,0,0,0,0
1679,16.937000,3,1,1,0,0,3.50158691,3.50036621,3.49639893,3.49914551,3.4954834,3.50616455,3.50067139,3.49456787,3.48144531,3.48083496,3.48419189,3.47076416,3.46923828,3.46435547,3.4765625,3.48419189,-0.00140964612,-0.0010867964,-0.00117575715,-0.000964120438,-0.00110698561,-0.00186326541,-0.00129966345,-0.00102722226,-0.00015602971,-0.000319037121,-0.000241955044,-0.000525391661,-0.0020981892,-0.000508777797,0.000217515626,0.000257453008,0,0,0,0,0,0,0,0,0,0,0,0,0,0,0,0,0,0,0,0,0,0,0,0
1680,16.937000,3,1,1,0,0,3.5168457,3.51348877,3.51013184,3.5144043,3.50830078,3.51959229,3.51318359,3.50799561,3.49243164,3.49334717,3.49456787,3.48419189,3.47961426,3.47442627,3.4866333,3.49517822,0.00776667055,0.00732701086,0.00775800971,0.00755025819,0.00736174826,0.00653956924,0.00670558028,0.00759370485,0.00684900535,0.00660138251,0.00642378908,0.00701391697,0.00518603064,0.0065752957,0.00743692322,0.0077845389,0,0,0,0,0,0,0,0,0,0,0,0,0,0,0,0,0,0,0,0,0,0,0,0
1681,16.937000,3,1,1,0,0,3.50738525,3.50463867,3.50158691,3.50494385,3.49884033,3.50921631,3.50372314,3.49914551,3.48602295,3.48571777,3.48876953,3.4753418,3.47442627,3.46801758,3.47839355,3.48876953,0.00312205055,0.00392520241,0.00374376634,0.00383940293,0.003477355,0.00334778288,0.00276615238,0.00382566592,0.00457233051,0.00392851513,0.00475128554,0.00489090336,0.00324479304,0.00436289841,0.00270257099,0.00460725371,0,0,0,0,0,0,0,0,0,0,0,0,0,0,0,0,0,0,0,0,0,0,0,0
1682,16.937000,3,1,1,0,0,3.51623535,3.51318359,3.50982666,3.51379395,3.50799561,3.51928711,3.51226807,3.50708008,3.49243164,3.4942627,3.49395752,3.48419189,3.47930908,3.47442627,3.48693848,3.4954834,0.0076965522,0.00727361627,0.00762101728,0.00800541509,0.0071097929,0.00607993035,0.00663248356,0.00699560763,0.00550602237,0.00765150366,0.00683369581,0.00791280996,0.00652381917,0.00622197241,0.00739443395,0.00691692531,0,0,0,0,0,0,0,0,0,0,0,0,0,0,0,0,0,0,0,0,0,0,0,0
1683,16.937000,3,1,1,0,0,3.52111816,3.51898193,3.51501465,3.51928711,3.51501465,3.52478027,3.52050781,3.51318359,3.50067139,3.50067139,3.50280762,3.48907471,3.48907471,3.48297119,3.49639893,3.50036621,0.00419776794,0.00374221313,0.00397416065,0.00495732576,0.0047766827,0.0045606466,0.00548830396,0.00461177947,0.00505842362,0.00398359913,0.00576124853,0.00391168892,0.00567295589,0.00555691682,0.00485222274,0.00452292338,0,0,0,0,0,0,0,0,0,0,0,0,0,0,0,0,0,0,0,0,0,0,0,0
1684,16.937000,3,1,1,0,0,3.51348877,3.51104736,3.5055542,3.51043701,3.50616455,3.51593018,3.51135254,3.50372314,3.49090576,3.49029541,3.49365234,3.4777832,3.47808838,3.47290039,3.48602295,3.49090576,-0.00238474878,-0.00266011176,-0.00264904439,-0.0027779399,-0.00211909297,-0.00199395069,-0.00231094495,-0.00228127697,-0.00396035798,-0.00195914297,-0.00338860648,-0.00277678017,-0.00421118364,-0.00326646538,-0.00402182946,-0.00255415705,0,0,0,0,0,0,0,0,0,0,0,0,0,0,0,0,0,0,0,0,0,0,0,0
