record_index,sequence,time_s,tick_ms,tick_elapsed_ms,ch1_raw_uV,ch2_raw_uV,ch1_filtered_uV,ch2_filtered_uV,sequence_gap_before,byte_offset_adjustment,imputed_fields
2000,2000,1.0000000,289430,1000,18163.6797,25666.9609,5.46208423322,20.0918482203,0,0,
2001,2001,1.0005000,289431,1001,18163.3184,25680.4219,3.39390598637,29.3870830787,0,0,
2002,2002,1.0010000,289431,1001,18165.6035,25680.0625,5.17671891357,25.8211229534,0,0,
2003,2003,1.0015000,289432,1002,18169.6895,25674.291,6.82924059543,17.0843698418,0,0,
2004,2004,1.0020000,289432,1002,18175.2188,25659.748,10.6589956838,0.283174223575,0,0,
2005,2005,1.0025000,289433,1003,18176.3008,25649.5312,9.34729388341,-10.13383746,0,0,
2006,2006,1.0030000,289433,1003,18183.6328,25657.584,12.6033496407,-3.45006069329,0,0,
2007,2007,1.0035000,289434,1004,18179.0645,25670.2051,5.69276539431,5.90174694252,0,0,
2008,2008,1.0040000,289434,1004,18180.2676,25680.0625,4.56498368464,13.3078715767,0,0,
2009,2009,1.0045000,289435,1005,18179.0645,25685.834,1.30957128931,15.5270817246,0,0,
2010,2010,1.0050000,289435,1005,18184.1152,25687.1543,3.576205834,13.2828799691,0,0,
2011,2011,1.0055000,289436,1006,18179.0645,25684.0293,-2.01902640169,9.18504375569,0,0,
2012,2012,1.0060000,289436,1006,18176.6621,25687.5156,-5.08507785533,12.1341773394,0,0,
2013,2013,1.0065000,289437,1007,18177.1426,25684.8691,-6.2728041872,6.89622382536,0,0,
2014,2014,1.0070000,289437,1007,18175.459,25681.7441,-8.07163297617,2.19492885945,0,0,
2015,2015,1.0075000,289438,1008,18170.5312,25681.0234,-12.6125686422,1.01772757851,0,0,
2016,2016,1.0080000,289438,1008,18169.0879,25683.1875,-12.5259996626,0.801621520735,0,0,
2017,2017,1.0085000,289439,1009,18172.334,25685.9531,-7.85216819629,-1.75951101271,0,0,
2018,2018,1.0090000,289439,1009,18176.541,25686.3125,-3.31667123418,-7.4856697678,0,0,
2019,2019,1.0095000,289440,1010,18174.8574,25683.5488,-4.37563052913,-12.6503957543,0,0,
2020,2020,1.0100000,289440,1010,18174.0176,25679.5801,-3.94171953099,-16.8957954126,0,0,
2021,2021,1.0105000,289441,1011,18177.7441,25674.7734,-0.907722230462,-18.7189252519,0,0,
2022,2022,1.0110000,289441,1011,18179.3066,25669.9668,0.240365185535,-20.7169127166,0,0,
2023,2023,1.0115000,289442,1012,18182.791,25667.5625,3.92811572588,-19.2585840279,0,0,
2024,2024,1.0120000,289442,1012,18179.5469,25670.9277,0.184373273516,-12.8080087262,0,0,
2025,2025,1.0125000,289443,1013,18180.5078,25671.5293,0.393284739834,-10.0588311493,0,0,
2026,2026,1.0130000,289443,1013,18183.2734,25669.4844,2.86899403963,-11.4334978481,0,0,
2027,2027,1.0135000,289444,1014,18180.3887,25672.0078,0.420252960661,-7.85426592702,0,0,
2028,2028,1.0140000,289444,1014,18180.8691,25672.0078,1.70821519871,-6.80704818129,0,0,
2029,2029,1.0145000,289445,1015,18182.6719,25673.0918,2.28952121301,-4.08883144076,0,0,
2030,2030,1.0150000,289445,1015,18180.2676,25671.7676,-0.57653742196,-5.41885865365,0,0,
2031,2031,1.0155000,289446,1016,18182.3105,25672.3691,0.524720712615,-5.14287103809,0,0,
2032,2032,1.0160000,289446,1016,18183.9941,25670.4453,0.937269772423,-6.23939827089,0,0,
2033,2033,1.0165000,289447,1017,18184.5957,25672.7285,1.81713644178,-4.13565344058,0,0,
2034,2034,1.0170000,289447,1017,18182.791,25673.4512,0.112141085969,-2.66118976561,0,0,
2035,2035,1.0175000,289448,1018,18187.2402,25674.1719,4.38431106125,-1.14718759021,0,0,
2036,2036,1.0180000,289448,1018,18183.6328,25672.4902,1.70655768326,-3.65028685106,0,0,
2037,2037,1.0185000,289449,1019,18186.3984,25676.4551,3.04660972166,-2.13820657062,0,0,
2038,2038,1.0190000,289449,1019,18185.4355,25676.0957,-0.346443791386,-4.87354762612,0,0,
2039,2039,1.0195000,289450,1020,18186.5176,25674.7734,-0.781298245932,-5.41201290188,0,0,
2040,2040,1.0200000,289450,1020,18190.2441,25677.6582,3.4282425759,-5.45933074794,0,0,
2041,2041,1.0205000,289451,1021,18190.2441,25681.3848,2.24881953303,-4.24167941769,0,0,
2042,2042,1.0210000,289451,1021,18193.8496,25679.7031,4.83576520486,-4.82539618054,0,0,
2043,2043,1.0215000,289452,1022,18193.9707,25682.8281,2.8318595356,-1.30387296792,0,0,
2044,2044,1.0220000,289452,1022,18200.7012,25678.1387,7.43929076697,-5.24423248337,0,0,
2045,2045,1.0225000,289453,1023,18200.3418,25673.4512,5.56050221102,-9.38210693595,0,0,
2046,2046,1.0230000,289453,1023,18207.5527,25670.4453,8.6019149716,-14.1087836081,0,0,
2047,2047,1.0235000,289454,1024,18206.3516,25673.0918,6.32455049625,-13.6720171457,0,0,
2048,2048,1.0240000,289454,1024,18207.5527,25675.1348,5.28744788011,-11.2998091438,0,0,
2049,2049,1.0245000,289455,1025,18208.3945,25677.0566,4.21603409874,-8.69407790076,0,0,
2050,2050,1.0250000,289455,1025,18211.6406,25675.6152,4.08964640709,-8.43225621145,0,0,
2051,2051,1.0255000,289456,1026,18216.209,25676.5762,7.26736777941,-4.0461001385,0,0,
2052,2052,1.0260000,289456,1026,18215.7285,25675.6152,4.57862331466,-2.06607042937,0,0,
2053,2053,1.0265000,289457,1027,18216.3281,25675.375,1.78843267484,-0.621928718046,0,0,
2054,2054,1.0270000,289457,1027,18214.4043,25677.7793,-1.5823347114,2.95514794467,0,0,
2055,2055,1.0275000,289458,1028,18218.4922,25680.5449,0.55977627337,6.40722969844,0,0,
2056,2056,1.0280000,289458,1028,18220.1738,25677.8984,0.239378961769,3.14827673682,0,0,
2057,2057,1.0285000,289459,1029,18224.9824,25677.7793,2.10425345292,0.315414626697,0,0,
2058,2058,1.0290000,289459,1029,18225.4629,25679.5801,-0.296102394522,-1.23579467498,0,0,
2059,2059,1.0295000,289460,1030,18229.5508,25678.0176,1.53118562873,-3.01865668161,0,0,
2060,2060,1.0300000,289460,1030,18228.709,25677.1777,-0.838278377738,-2.91640940679,0,0,
2061,2061,1.0305000,289461,1031,18232.7969,25679.4609,-0.479499770372,1.60168717429,0,0,
2062,2062,1.0310000,289461,1031,18233.7578,25678.1387,-2.1227921472,1.75393050553,0,0,
2063,2063,1.0315000,289462,1032,18236.7637,25679.8223,-1.22368611362,4.59558614568,0,0,
2064,2064,1.0320000,289462,1032,18234.4785,25676.0957,-4.71853614035,1.82201902809,0,0,
2065,2065,1.0325000,289463,1033,18237.123,25681.9863,-4.40861766469,7.51729538835,0,0,
2066,2066,1.0330000,289463,1033,18240.248,25681.625,-3.41585334586,6.14975630486,0,0,
2067,2067,1.0335000,289464,1034,18243.4941,25681.3848,-1.50796912729,4.99867804063,0,0,
2068,2068,1.0340000,289464,1034,18240.6094,25683.5488,-5.11369563919,6.45806170548,0,0,
2069,2069,1.0345000,289465,1035,18243.2539,25683.4277,-4.97260187398,6.26207896089,0,0,
2070,2070,1.0350000,289465,1035,18244.3359,25682.1074,-5.35756935447,4.17145105255,0,0,
2071,2071,1.0355000,289466,1036,18245.2969,25679.4609,-6.64628855827,0.848660197572,0,0,
2072,2072,1.0360000,289466,1036,18248.4238,25678.9824,-5.98588947234,0.882919268543,0,0,
2073,2073,1.0365000,289467,1037,18247.0996,25679.8223,-7.69245854786,0.914077374644,0,0,
2074,2074,1.0370000,289467,1037,18245.1777,25679.2207,-9.42980137923,0.848852135686,0,0,
2075,2075,1.0375000,289468,1038,18246.8594,25676.0957,-8.35288170218,-0.959673231212,0,0,
2076,2076,1.0380000,289468,1038,18253.5918,25676.0957,-1.62011761298,-0.845425712442,0,0,
2077,2077,1.0385000,289469,1039,18254.4316,25673.3301,-3.30452299924,-4.68410054528,0,0,
2078,2078,1.0390000,289469,1039,18254.4316,25670.8066,-5.8277471031,-7.08718800305,0,0,
2079,2079,1.0395000,289470,1040,18254.0723,25673.0918,-7.90138884384,-2.88747993815,0,0,
2080,2080,1.0400000,289470,1040,18257.1973,25669.6035,-5.15288631,-7.16724900131,0,0,
2081,2081,1.0405000,289471,1041,18255.0332,25673.5703,-7.69744355159,-4.11516784841,0,0,
2082,2082,1.0410000,289471,1041,18256.2363,25676.4551,-6.93911433241,0.709791348581,0,0,
2083,2083,1.0415000,289472,1042,18257.918,25672.1309,-6.16275877517,-1.88610200347,0,0,
2084,2084,1.0420000,289472,1042,18261.8848,25675.8535,-3.88049337682,3.5485958325,0,0,
2085,2085,1.0425000,289473,1043,18258.6387,25680.6641,-6.35043169669,7.97632629907,0,0,
2086,2086,1.0430000,289473,1043,18256.957,25681.625,-9.27233409299,5.74891081896,0,0,
2087,2087,1.0435000,289474,1044,18258.7598,25678.9824,-5.3878487428,-0.392306180603,0,0,
2088,2088,1.0440000,289474,1044,18259.3613,25674.8926,-4.21836230891,-4.54763445297,0,0,
2089,2089,1.0445000,289475,1045,18259.7207,25673.9316,-3.07920517068,-4.74224927931,0,0,
2090,2090,1.0450000,289475,1045,18259.7207,25673.5703,-3.53421356649,-3.14793858807,0,0,
2091,2091,1.0455000,289476,1046,18259.2402,25673.5703,-2.44715862842,-0.199115905374,0,0,
2092,2092,1.0460000,289476,1046,18259.6016,25674.7734,-0.659113905893,3.45333703454,0,0,
2093,2093,1.0465000,289477,1047,18259,25673.8125,-1.08844660998,3.89777920929,0,0,
2094,2094,1.0470000,289477,1047,18262.9668,25674.291,3.63223539878,5.16587193957,0,0,
2095,2095,1.0475000,289478,1048,18260.082,25673.9316,1.03712533739,5.66709524367,0,0,
2096,2096,1.0480000,289478,1048,18258.8809,25675.9766,0.821456482301,7.59564034423,0,0,
2097,2097,1.0485000,289479,1049,18258.1582,25675.4941,0.416625595438,4.84207469769,0,0,
2098,2098,1.0490000,289479,1049,18257.918,25684.0293,1.12370008734,8.85922046234,0,0,
2099,2099,1.0495000,289480,1050,18258.0391,25691.1191,2.28602056261,13.0219340141,0,0,
2100,2100,1.0500000,289480,1050,18257.4375,25690.0391,3.78582284723,10.1094736422,0,0,
2101,2101,1.0505000,289481,1051,18253.5918,25695.9297,0.380727753986,14.1163962889,0,0,
2102,2102,1.0510000,289481,1051,18254.3125,25701.6973,2.55436633963,17.0624376677,0,0,
2103,2103,1.0515000,289482,1052,18253.832,25704.4629,3.6428517225,16.364136106,0,0,
2104,2104,1.0520000,289482,1052,18254.1934,25706.1465,6.28326149656,14.9063732677,0,0,
2105,2105,1.0525000,289483,1053,18255.7559,25701.8203,7.9554612266,7.06492637548,0,0,
2106,2106,1.0530000,289483,1053,18259,25693.4043,10.8923577848,-2.37647001921,0,0,
2107,2107,1.0535000,289484,1054,18263.6895,25685.2324,15.1822973422,-9.87899109194,0,0,
2108,2108,1.0540000,289484,1054,18264.1699,25676.9375,15.9963662759,-15.8674929374,0,0,
2109,2109,1.0545000,289485,1055,18270.7793,25678.3809,19.3633450295,-11.7401068712,0,0,
2110,2110,1.0550000,289485,1055,18266.9336,25680.1816,14.2325042234,-8.42512962935,0,0,
2111,2111,1.0555000,289486,1056,18265.8516,25682.7051,11.448157778,-5.22492113815,0,0,
2112,2112,1.0560000,289486,1056,18262.7266,25680.9043,6.98551114001,-5.64770805022,0,0,
2113,2113,1.0565000,289487,1057,18267.1738,25682.3457,11.200107694,-4.34124372308,0,0,
2114,2114,1.0570000,289487,1057,18268.8574,25683.5488,12.3186353436,-2.32108179273,0,0,
2115,2115,1.0575000,289488,1058,18269.6973,25679.7031,11.2927564055,-4.09458184156,0,0,
2116,2116,1.0580000,289488,1058,18268.8574,25680.6641,9.41956106314,-2.87567593673,0,0,
2117,2117,1.0585000,289489,1059,18271.0215,25676.3359,9.26235433828,-7.03362070004,0,0,
2118,2118,1.0590000,289489,1059,18271.3809,25677.1777,7.21877450253,-5.81861983873,0,0,
2119,2119,1.0595000,289490,1060,18271.502,25680.3027,5.40836119532,-2.01454818149,0,0,
2120,2120,1.0600000,289490,1060,18269.9395,25682.8281,3.0604201562,-0.914026307236,0,0,
2121,2121,1.0605000,289491,1061,18268.8574,25684.2715,1.86763953302,-1.86745025366,0,0,
2122,2122,1.0610000,289491,1061,18271.0215,25684.2715,2.84113375,-1.10293477608,0,0,
2123,2123,1.0615000,289492,1062,18267.7754,25682.8281,-1.21061506881,-1.00082998083,0,0,
2124,2124,1.0620000,289492,1062,18272.9434,25678.5,1.64378522153,-3.78276963724,0,0,
2125,2125,1.0625000,289493,1063,18276.1895,25685.1113,4.59407024247,2.06413805565,0,0,
2126,2126,1.0630000,289493,1063,18278.7129,25682.9473,4.07742650042,-1.7441517696,0,0,
2127,2127,1.0635000,289494,1064,18273.666,25687.5156,-0.640720056364,0.164276583827,0,0,
2128,2128,1.0640000,289494,1064,18274.5059,25696.2891,-0.498783955004,6.83804337702,0,0,
2129,2129,1.0645000,289495,1065,18274.9863,25695.9297,-0.536344869652,4.58029288418,0,0,
2130,2130,1.0650000,289495,1065,18271.7422,25695.5684,-4.57588308796,3.44960364528,0,0,
2131,2131,1.0655000,289496,1066,18269.0977,25699.5371,-5.93948974888,6.87552496682,0,0,
2132,2132,1.0660000,289496,1066,18270.9004,25697.7324,-3.50750851108,4.81101882241,0,0,
2133,2133,1.0665000,289497,1067,18272.7031,25695.3281,-2.39297704567,2.30220992353,0,0,
2134,2134,1.0670000,289497,1067,18271.9824,25696.1699,-3.34423112761,2.39484709261,0,0,
2135,2135,1.0675000,289498,1068,18270.6602,25697.4922,-4.23694135428,3.06574912571,0,0,
2136,2136,1.0680000,289498,1068,18274.1465,25699.1738,-1.05451736687,3.11291181054,0,0,
2137,2137,1.0685000,289499,1069,18272.7031,25700.2559,-3.21677123123,1.24902693007,0,0,
2138,2138,1.0690000,289499,1069,18275.1074,25707.2285,-1.57553408689,2.15589792212,0,0,
2139,2139,1.0695000,289500,1070,18274.8672,25710.3535,-2.38559979655,1.70937135075,0,0,
2140,2140,1.0700000,289500,1070,18276.0684,25710.3535,-0.997245754458,0.533611331424,0,0,
2141,2141,1.0705000,289501,1071,18275.4688,25711.0762,-2.55168447088,-0.302982753239,0,0,
2142,2142,1.0710000,289501,1071,18276.3105,25711.4355,-2.60463022143,-1.20272358758,0,0,
2143,2143,1.0715000,289502,1072,18272.7031,25721.4121,-5.95023169711,6.06350575625,0,0,
2144,2144,1.0720000,289502,1072,18271.502,25731.2676,-6.05190065104,12.0824709109,0,0,
2145,2145,1.0725000,289503,1073,18275.1074,25738.3594,-3.61701232717,14.1949329435,0,0,
2146,2146,1.0730000,289503,1073,18276.6699,25740.2832,-3.43833732005,12.310414464,0,0,
2147,2147,1.0735000,289504,1074,18275.8281,25735.5957,-4.85480290336,4.99055693419,0,0,
2148,2148,1.0740000,289504,1074,18277.1504,25735.7168,-2.84192962104,2.76182892069,0,0,
2149,2149,1.0745000,289505,1075,18279.7949,25728.0234,-2.83278940866,-6.47061911239,0,0,
2150,2150,1.0750000,289505,1075,18277.5117,25724.7793,-4.43769676884,-10.7747352409,0,0,
2151,2151,1.0755000,289506,1076,18284.7246,25716.4844,0.895949175455,-18.4852671073,0,0,
2152,2152,1.0760000,289506,1076,18286.7676,25709.5137,0.882230960942,-22.3198390832,0,0,
2153,2153,1.0765000,289507,1077,18293.2578,25701.6973,4.47739355109,-27.0877803636,0,0,
2154,2154,1.0770000,289507,1077,18294.3398,25692.9238,3.34138432175,-30.2787870292,0,0,
2155,2155,1.0775000,289508,1078,18289.1719,25690.1582,-3.50148397019,-26.0581778816,0,0,
2156,2156,1.0780000,289508,1078,18286.2871,25704.3438,-6.55512467198,-10.2790104536,0,0,
2157,2157,1.0785000,289509,1079,18287.0078,25720.4512,-7.31387690322,4.33453696422,0,0,
2158,2158,1.0790000,289509,1079,18290.0137,25722.1328,-5.98854371802,3.76580192364,0,0,
2159,2159,1.0795000,289510,1080,18293.0176,25719.7285,-4.74537435812,0.288153347708,0,0,
2160,2160,1.0800000,289510,1080,18290.8535,25718.2871,-7.18494819537,-2.81547417209,0,0,
2161,2161,1.0805000,289511,1081,18289.8926,25712.7578,-7.91098208647,-9.1129276037,0,0,
2162,2162,1.0810000,289511,1081,18290.1328,25713.8379,-8.49464113723,-6.26615233104,0,0,
2163,2163,1.0815000,289512,1082,18292.1758,25726.5801,-6.85279254453,6.3364900578,0,0,
2164,2164,1.0820000,289512,1082,18291.334,25740.7656,-9.70557204042,17.5777083824,0,0,
2165,2165,1.0825000,289513,1083,18292.5371,25742.209,-8.10025013354,13.5841014391,0,0,
2166,2166,1.0830000,289513,1083,18292.5371,25739.8027,-9.27754062849,7.33553226356,0,0,
2167,2167,1.0835000,289514,1084,18290.252,25737.6406,-9.13942385003,0.866421004565,0,0,
2168,2168,1.0840000,289514,1084,18292.8965,25746.1738,-6.47851450062,4.96834169448,0,0,
2169,2169,1.0845000,289515,1085,18288.5703,25753.2656,-9.63192427184,8.40509649724,0,0,
2170,2170,1.0850000,289515,1085,18290.6133,25745.8125,-6.9982548282,-0.0952657617587,0,0,
2171,2171,1.0855000,289516,1086,18295.0605,25743.1699,-1.80714820703,-3.02891915562,0,0,
2172,2172,1.0860000,289516,1086,18295.7832,25740.6426,-1.4101780002,-4.28749227254,0,0,
2173,2173,1.0865000,289517,1087,18292.0566,25743.0488,-5.30942755733,-1.32216146036,0,0,
2174,2174,1.0870000,289517,1087,18296.3828,25745.334,-1.25763621542,0.132339150152,0,0,
2175,2175,1.0875000,289518,1088,18295.541,25744.3691,-1.7312891798,-1.14661742312,0,0,
2176,2176,1.0880000,289518,1088,18296.5039,25740.7656,-1.37911890832,-4.85324484498,0,0,
2177,2177,1.0885000,289519,1089,18295.0605,25737.0391,-2.72000325932,-8.74423844876,0,0,
2178,2178,1.0890000,289519,1089,18290.8535,25735.5957,-6.3296721427,-12.5755052811,0,0,
2179,2179,1.0895000,289520,1090,18291.5762,25733.1934,-4.61009387301,-13.8586011819,0,0,
2180,2180,1.0900000,289520,1090,18295.4219,25734.3926,-0.0697152854915,-9.67151454411,0,0,
2181,2181,1.0905000,289521,1091,18300.1094,25726.5801,3.70046831696,-13.6857990109,0,0,
2182,2182,1.0910000,289521,1091,18300.4707,25731.2676,3.05607577845,-6.27167089077,0,0,
2183,2183,1.0915000,289522,1092,18298.5469,25738.7207,1.6819454457,0.845436981743,0,0,
2184,2184,1.0920000,289522,1092,18298.3066,25760.1172,2.05794433804,18.3330061857,0,0,
2185,2185,1.0925000,289523,1093,18299.0273,25779.9512,1.25996018822,31.2247943605,0,0,
2186,2186,1.0930000,289523,1093,18299.8691,25784.2793,0.997767726402,30.2008279673,0,0,
2187,2187,1.0935000,289524,1094,18303.3555,25778.5078,3.67367518124,21.706101514,0,0,
2188,2188,1.0940000,289524,1094,18300.1094,25779.5918,1.15393321342,19.2266565425,0,0,
2189,2189,1.0945000,289525,1095,18297.1035,25781.752,-2.95009880456,18.2573186606,0,0,
2190,2190,1.0950000,289525,1095,18296.0215,25775.1426,-1.84933360911,8.94474579022,0,0,
2191,2191,1.0955000,289526,1096,18296.3828,25764.5645,-2.05154556953,-1.3245601784,0,0,
2192,2192,1.0960000,289526,1096,18295.4219,25753.9863,-2.30915867162,-8.96810294004,0,0,
2193,2193,1.0965000,289527,1097,18299.2676,25730.4277,0.891785041816,-26.3406019793,0,0,
2194,2194,1.0970000,289527,1097,18299.2676,25713.3594,1.77506854147,-33.6284126658,0,0,
2195,2195,1.0975000,289528,1098,18295.9023,25708.6719,0.319543727478,-28.6722079141,0,0,
2196,2196,1.0980000,289528,1098,18294.459,25710.3535,0.960308185848,-23.0843800426,0,0,
2197,2197,1.0985000,289529,1099,18295.6621,25716.4844,2.14593920708,-14.5869277578,0,0,
2198,2198,1.0990000,289529,1099,18296.0215,25726.9434,2.17566549513,-1.92961003876,0,0,
2199,2199,1.0995000,289530,1100,18290.1328,25741.9668,-2.60937742883,13.074752451,0,0,
2200,2200,1.1000000,289530,1100,18294.2207,25749.5391,3.20444796144,18.0066119667,0,0,
2201,2201,1.1005000,289531,1101,18297.5859,25750.1406,7.35179823422,16.3367469191,0,0,
2202,2202,1.1010000,289531,1101,18296.7441,25752.7832,6.26634232247,17.223140092,0,0,
2203,2203,1.1015000,289532,1102,18293.2578,25751.7031,3.43183205749,13.3704190454,0,0,
2204,2204,1.1020000,289532,1102,18297.7051,25752.0625,6.56112670709,11.0426407987,0,0,
2205,2205,1.1025000,289533,1103,18298.9082,25746.5332,7.81568860887,4.44578867263,0,0,
2206,2206,1.1030000,289533,1103,18296.7441,25747.2559,5.00059846194,5.06191413829,0,0,
2207,2207,1.1035000,289534,1104,18293.3789,25748.0957,4.38298021999,4.39463905815,0,0,
2208,2208,1.1040000,289534,1104,18289.6523,25748.9375,1.57019125153,2.6459966807,0,0,
2209,2209,1.1045000,289535,1105,18296.0215,25750.2598,8.84692510129,2.99895281744,0,0,
2210,2210,1.1050000,289535,1105,18291.334,25745.8125,4.57010455175,1.53937174927,0,0,
2211,2211,1.1055000,289536,1106,18294.3398,25746.2949,7.74662970476,3.60783964564,0,0,
2212,2212,1.1060000,289536,1106,18291.5762,25748.2168,5.56897234308,7.15508364248,0,0,
2213,2213,1.1065000,289537,1107,18295.1816,25746.2949,9.13411303722,5.93979594421,0,0,
2214,2214,1.1070000,289537,1107,18292.8965,25749.5391,6.30213563748,8.377204802,0,0,
2215,2215,1.1075000,289538,1108,18288.3301,25750.1406,3.30565712201,8.73450097821,0,0,
2216,2216,1.1080000,289538,1108,18289.5312,25750.3809,4.64265948116,8.53584288991,0,0,
2217,2217,1.1085000,289539,1109,18291.2148,25746.6543,6.69240174625,4.29109322357,0,0,
2218,2218,1.1090000,289539,1109,18289.8926,25739.6816,5.99446527776,-4.39346392664,0,0,
2219,2219,1.1095000,289540,1110,18293.6191,25737.1582,9.00861588045,-5.74906853963,0,0,
2220,2220,1.1100000,289540,1110,18287.9688,25738.7207,3.63031082919,-2.46066237475,0,0,
2221,2221,1.1105000,289541,1111,18287.248,25744.25,2.62027938271,4.57985637503,0,0,
2222,2222,1.1110000,289541,1111,18287.3691,25746.7754,3.05051041395,5.80741890441,0,0,
2223,2223,1.1115000,289542,1112,18291.5762,25744.3691,7.82567037794,1.17462580527,0,0,
2224,2224,1.1120000,289542,1112,18293.8594,25740.4043,9.78552014209,-5.80450316365,0,0,
2225,2225,1.1125000,289543,1113,18292.1758,25738.7207,6.31584637837,-8.93293282085,0,0,
2226,2226,1.1130000,289543,1113,18291.2148,25734.5137,4.15628887026,-9.42531448884,0,0,
2227,2227,1.1135000,289544,1114,18289.8926,25727.9043,2.17117247709,-9.06122160439,0,0,
2228,2228,1.1140000,289544,1114,18292.7773,25725.7402,5.61826994407,-6.69214285981,0,0,
2229,2229,1.1145000,289545,1115,18293.0176,25727.541,4.23977610082,-1.15100791993,0,0,
2230,2230,1.1150000,289545,1115,18289.4121,25732.9512,1.76026780944,6.86576728202,0,0,
2231,2231,1.1155000,289546,1116,18289.7715,25735.7168,0.761334170748,12.22998574,0,0,
2232,2232,1.1160000,289546,1116,18287.0078,25742.9277,-1.73171999515,20.3765915304,0,0,
2233,2233,1.1165000,289547,1117,18286.2871,25746.7754,-3.3742650573,25.1655992104,0,0,
2234,2234,1.1170000,289547,1117,18284.7246,25748.3379,-3.66277181965,26.2421002931,0,0,
2235,2235,1.1175000,289548,1118,18286.6465,25744.7324,-0.126968716855,20.3396979706,0,0,
2236,2236,1.1180000,289548,1118,18284.8438,25747.1348,-0.517523106988,15.4655635701,0,0,
2237,2237,1.1185000,289549,1119,18284.6035,25738.6016,-1.28663601481,1.36625411023,0,0,
2238,2238,1.1190000,289549,1119,18289.1719,25729.7051,1.82484196877,-9.69334068195,0,0,
2239,2239,1.1195000,289550,1120,18286.8887,25727.541,-0.145801096226,-13.1485431781,0,0,
2240,2240,1.1200000,289550,1120,18287.9688,25722.6152,0.424439622022,-17.641747178,0,0,
2241,2241,1.1205000,289551,1121,18288.3301,25725.7402,0.335836508533,-13.2578729971,0,0,
2242,2242,1.1210000,289551,1121,18286.2871,25730.666,-1.86432209236,-7.86105750388,0,0,
2243,2243,1.1215000,289552,1122,18280.7559,25728.9844,-5.90919742784,-9.26227861354,0,0,
2244,2244,1.1220000,289552,1122,18285.084,25737.6406,-3.30306960119,-2.41405512955,0,0,
2245,2245,1.1225000,289553,1123,18280.998,25737.5176,-6.36838521784,-2.97116420511,0,0,
2246,2246,1.1230000,289553,1123,18282.6797,25738.8418,-4.42331723118,-2.64769090976,0,0,
2247,2247,1.1235000,289554,1124,18282.9199,25738.6016,-1.72912911234,-4.73288343718,0,0,
2248,2248,1.1240000,289554,1124,18283.6426,25743.7715,-0.779014869991,-3.05140812477,0,0,
2249,2249,1.1245000,289555,1125,18280.2754,25740.7656,-3.96680828505,-7.36442993536,0,0,
2250,2250,1.1250000,289555,1125,18281.4785,25743.7715,-1.93545982698,-2.72963798775,0,0,
2251,2251,1.1255000,289556,1126,18282.0801,25741.8457,-1.75703382011,-4.47996017397,0,0,
2252,2252,1.1260000,289556,1126,18284.7246,25744.4922,0.923247359661,-1.90884112147,0,0,
2253,2253,1.1265000,289557,1127,18283.041,25742.8066,-1.38418752832,-3.50594549309,0,0,
2254,2254,1.1270000,289557,1127,18286.5273,25740.1641,1.16245535456,-7.01815398136,0,0,
2255,2255,1.1275000,289558,1128,18280.7559,25737.5176,-3.04839335147,-8.88177712986,0,0,
2256,2256,1.1280000,289558,1128,18279.916,25736.5566,-4.15413435755,-8.94680563132,0,0,
2257,2257,1.1285000,289559,1129,18279.3145,25747.375,-4.4419384742,0.613181553315,0,0,
2258,2258,1.1290000,289559,1129,18277.5117,25753.1465,-5.01711715382,2.57179878719,0,0,
2259,2259,1.1295000,289560,1130,18274.748,25760.1172,-7.39263841017,5.72981214226,0,0,
2260,2260,1.1300000,289560,1130,18274.5059,25760.2363,-5.73669869547,2.56494011004,0,0,
2261,2261,1.1305000,289561,1131,18276.0684,25760.5996,-4.20408441336,0.249651252603,0,0,
2262,2262,1.1310000,289561,1131,18277.6309,25747.9766,-2.62265917659,-13.283155474,0,0,
2263,2263,1.1315000,289562,1132,18279.7949,25742.4473,-0.613771420818,-18.7403577115,0,0,
2264,2264,1.1320000,289562,1132,18279.4355,25737.5176,-0.913633294971,-23.706778925,0,0,
2265,2265,1.1325000,289563,1133,18277.5117,25734.9941,-3.12332793599,-25.3368972453,0,0,
2266,2266,1.1330000,289563,1133,18276.5488,25732.7109,-4.09571596556,-22.5185810805,0,0,
2267,2267,1.1335000,289564,1134,18276.6699,25739.0801,-3.806482927,-10.499564157,0,0,
2268,2268,1.1340000,289564,1134,18276.0684,25739.5625,-3.45444728292,-7.48981457896,0,0,
2269,2269,1.1345000,289565,1135,18276.9102,25731.5098,-3.04605907041,-12.2423973363,0,0,
2270,2270,1.1350000,289565,1135,18275.1074,25734.3926,-2.72684621999,-7.12488893737,0,0,
2271,2271,1.1355000,289566,1136,18273.1855,25735.1152,-4.89127561856,-3.2282708692,0,0,
2272,2272,1.1360000,289566,1136,18274.5059,25734.9941,-2.73848658657,-1.01867086219,0,0,
2273,2273,1.1365000,289567,1137,18274.1465,25727.4219,-3.68519086572,-3.53015143341,0,0,
2274,2274,1.1370000,289567,1137,18275.5879,25722.1328,-1.46939716163,-3.50266132872,0,0,
2275,2275,1.1375000,289568,1138,18274.748,25720.0918,-1.35296515043,-1.45472008362,0,0,
2276,2276,1.1380000,289568,1138,18273.666,25721.4121,-0.989589857463,-1.50890393197,0,0,
2277,2277,1.1385000,289569,1139,18270.7793,25727.6621,-3.74168711208,3.60320714757,0,0,
2278,2278,1.1390000,289569,1139,18267.6543,25741.0059,-6.96831616299,14.0899152622,0,0,
2279,2279,1.1395000,289570,1140,18262.6074,25745.5723,-8.93781173737,14.0986713786,0,0,
2280,2280,1.1400000,289570,1140,18264.6504,25746.0547,-5.56773950037,11.3362539998,0,0,
2281,2281,1.1405000,289571,1141,18266.6934,25747.2559,-2.5233774172,9.1939616445,0,0,
2282,2282,1.1410000,289571,1141,18267.2949,25745.4531,-0.858050936106,4.81059124101,0,0,
2283,2283,1.1415000,289572,1142,18266.2129,25737.6406,0.193266187787,-2.91037855042,0,0,
2284,2284,1.1420000,289572,1142,18262.4863,25727.7832,-4.38376827929,-12.7113269495,0,0,
2285,2285,1.1425000,289573,1143,18259.1211,25724.5371,-4.97623122567,-12.656315371,0,0,
2286,2286,1.1430000,289573,1143,18260.6836,25718.8887,-2.5239137505,-14.7158408816,0,0,
2287,2287,1.1435000,289574,1144,18262.8457,25711.5547,2.07242613316,-17.8760650849,0,0,
2288,2288,1.1440000,289574,1144,18265.8516,25702.7812,5.12366536039,-22.7352525151,0,0,
2289,2289,1.1445000,289575,1145,18263.5684,25695.0879,3.45019715276,-23.0033247869,0,0,
2290,2290,1.1450000,289575,1145,18264.2891,25686.5527,4.4621670596,-21.6195659325,0,0,
2291,2291,1.1455000,289576,1146,18266.0918,25683.6699,5.44592101219,-15.5822723599,0,0,
2292,2292,1.1460000,289576,1146,18265.4902,25687.3965,4.62627702121,-5.27967596229,0,0,
2293,2293,1.1465000,289577,1147,18262.4863,25694.4863,1.97914932702,6.77945181205,0,0,
2294,2294,1.1470000,289577,1147,18262.9668,25694.7266,2.02667326318,10.1853146286,0,0,
2295,2295,1.1475000,289578,1148,18264.5293,25687.7559,5.48281653033,7.98403650233,0,0,
2296,2296,1.1480000,289578,1148,18267.4141,25683.0684,7.09579791251,7.94816094773,0,0,
2297,2297,1.1485000,289579,1149,18267.2949,25681.8652,6.12621082156,9.00041346435,0,0,
2298,2298,1.1490000,289579,1149,18262.0059,25681.9863,1.75005931457,10.6702241676,0,0,
2299,2299,1.1495000,289580,1150,18255.7559,25686.7949,-3.3414338975,16.3356616672,0,0,
2300,2300,1.1500000,289580,1150,18255.0332,25684.2715,-2.1624976845,16.1554635239,0,0,
2301,2301,1.1505000,289581,1151,18260.8027,25681.3848,2.73629891051,15.8439716501,0,0,
2302,2302,1.1510000,289581,1151,18258.4004,25689.9199,0.309996501158,26.0564967538,0,0,
2303,2303,1.1515000,289582,1152,18260.4434,25701.459,2.0534330066,34.9169535915,0,0,
2304,2304,1.1520000,289582,1152,18267.6543,25690.6406,8.13124881755,22.3975473048,0,0,
2305,2305,1.1525000,289583,1153,18268.0156,25680.1816,7.06341591936,11.9957049884,0,0,
2306,2306,1.1530000,289583,1153,18265.9727,25689.5566,3.97829244032,22.2715202879,0,0,
2307,2307,1.1535000,289584,1154,18264.7695,25692.9238,2.03601014355,25.8515965675,0,0,
2308,2308,1.1540000,289584,1154,18263.207,25690.6406,0.783403581436,23.0654474389,0,0,
2309,2309,1.1545000,289585,1155,18261.8848,25684.0293,-1.14326157306,18.0103778617,0,0,
2310,2310,1.1550000,289585,1155,18259.3613,25691.6016,-1.54257621331,23.1637309986,0,0,
2311,2311,1.1555000,289586,1156,18255.6348,25702.6621,-4.65440270352,31.1028754546,0,0,
2312,2312,1.1560000,289586,1156,18251.5488,25719.3691,-6.91804669661,41.242767038,0,0,
2313,2313,1.1565000,289587,1157,18249.3848,25721.1719,-7.83897069276,39.0074007241,0,0,
2314,2314,1.1570000,289587,1157,18253.832,25714.3203,-2.1965895564,28.9939734613,0,0,
2315,2315,1.1575000,289588,1158,18255.1543,25706.0254,0.399231590379,17.888373114,0,0,
2316,2316,1.1580000,289588,1158,18255.1543,25699.5371,1.84330099539,5.6843628842,0,0,
2317,2317,1.1585000,289589,1159,18254.3125,25693.6465,1.34309266477,-3.95886241875,0,0,
2318,2318,1.1590000,289589,1159,18256.2363,25701.2188,2.49829615386,-1.68239821014,0,0,
2319,2319,1.1595000,289590,1160,18254.6738,25719.127,2.52291741593,8.78273487236,0,0,
2320,2320,1.1600000,289590,1160,18254.9141,25736.9199,2.04090350335,17.9028947502,0,0,
2321,2321,1.1605000,289591,1161,18256.2363,25741.2441,2.66043793776,13.3263005968,0,0,
2322,2322,1.1610000,289591,1161,18253.5918,25724.5371,0.402546750448,-7.49930285315,0,0,
2323,2323,1.1615000,289592,1162,18247.7012,25710.834,-2.92762881228,-20.4864883947,0,0,
2324,2324,1.1620000,289592,1162,18250.3457,25715.4004,-0.858941130992,-17.4510181223,0,0,
2325,2325,1.1625000,289593,1163,18248.1816,25709.0312,-0.96407715162,-23.0755135916,0,0,
2326,2326,1.1630000,289593,1163,18248.4238,25704.584,-0.822823730393,-25.9256532274,0,0,
2327,2327,1.1635000,289594,1164,18248.9043,25706.2656,1.04866296735,-23.2348799435,0,0,
2328,2328,1.1640000,289594,1164,18252.6309,25708.9121,3.97121677777,-21.2086597661,0,0,
2329,2329,1.1645000,289595,1165,18253.5918,25709.9922,5.05310166171,-19.1800870938,0,0,
2330,2330,1.1650000,289595,1165,18253.1113,25713.2402,4.15008210012,-14.284508919,0,0,
2331,2331,1.1655000,289596,1166,18248.9043,25715.041,-0.34764318543,-12.679882807,0,0,
2332,2332,1.1660000,289596,1166,18248.3027,25717.0859,-0.32873254829,-12.6667512922,0,0,
2333,2333,1.1665000,289597,1167,18244.0957,25714.0801,-2.79596073484,-16.7528746463,0,0,
2334,2334,1.1670000,289597,1167,18252.0293,25709.3906,4.00068306762,-20.918460639,0,0,
2335,2335,1.1675000,289598,1168,18250.3457,25699.1738,3.50736027214,-26.7153545293,0,0,
2336,2336,1.1680000,289598,1168,18250.2246,25693.7656,2.38124487542,-27.724338935,0,0,
2337,2337,1.1685000,289599,1169,18250.707,25686.9141,2.63420793738,-31.3515581745,0,0,
2338,2338,1.1690000,289599,1169,18249.1426,25676.8184,2.5276703977,-36.8655989963,0,0,
2339,2339,1.1695000,289600,1170,18248.3027,25667.2012,2.51206794977,-40.6279118704,0,0,
2340,2340,1.1700000,289600,1170,18248.1816,25661.3105,2.69710424892,-37.6609249182,0,0,
2341,2341,1.1705000,289601,1171,18246.9805,25665.877,-0.223740706342,-25.8410345229,0,0,
2342,2342,1.1710000,289601,1171,18242.291,25669.002,-3.84058374944,-17.709175325,0,0,
2343,2343,1.1715000,289602,1172,18243.373,25674.4141,-2.67722552219,-10.5160828162,0,0,
2344,2344,1.1720000,289602,1172,18240.8496,25681.2656,-5.00968218488,-0.43943660463,0,0,
2345,2345,1.1725000,289603,1173,18241.3301,25685.1113,-3.4521146321,5.06479472226,0,0,
2346,2346,1.1730000,289603,1173,18240.9707,25680.0625,-2.51244487366,1.30420576593,0,0,
2347,2347,1.1735000,289604,1174,18240.9707,25685.834,-1.57757224297,8.49209096587,0,0,
2348,2348,1.1740000,289604,1174,18241.5723,25692.5625,0.285511976497,15.4033093956,0,0,
2349,2349,1.1745000,289605,1175,18245.418,25697.1309,3.50364832791,20.6078746203,0,0,
2350,2350,1.1750000,289605,1175,18242.7734,25698.334,2.67784189882,17.9523651491,0,0,
2351,2351,1.1755000,289606,1176,18241.8105,25700.8574,2.05125227321,17.1971914305,0,0,
2352,2352,1.1760000,289606,1176,18241.2109,25698.2129,2.20749804707,11.1452414106,0,0,
2353,2353,1.1765000,289607,1177,18238.3262,25694.9688,-0.501351525857,10.1345366239,0,0,
2354,2354,1.1770000,289607,1177,18239.4082,25687.7559,0.140481684582,7.18430542533,0,0,
2355,2355,1.1775000,289608,1178,18236.7637,25691.4824,-1.42643708403,12.9093693541,0,0,
2356,2356,1.1780000,289608,1178,18234.4785,25686.7949,-1.82236470246,6.95203832293,0,0,
2357,2357,1.1785000,289609,1179,18236.041,25685.7109,0.36895576748,4.92641417203,0,0,
2358,2358,1.1790000,289609,1179,18231.5938,25681.9863,-3.69167810159,-1.58702491216,0,0,
2359,2359,1.1795000,289610,1180,18231.9551,25687.5156,-0.884411770905,-0.53461106079,0,0,
2360,2360,1.1800000,289610,1180,18227.8691,25686.1934,-3.99946042656,-4.08217768301,0,0,
2361,2361,1.1805000,289611,1181,18229.9121,25689.3184,-1.51610840376,-1.25396616221,0,0,
2362,2362,1.1810000,289611,1181,18229.1895,25688.1172,-0.659104741911,1.45606486652,0,0,
2363,2363,1.1815000,289612,1182,18232.1953,25690.0391,4.47157981627,6.96015540949,0,0,
2364,2364,1.1820000,289612,1182,18232.7969,25689.3184,3.42810692649,5.17610527313,0,0,
2365,2365,1.1825000,289613,1183,18229.9121,25685.5918,2.15891696794,3.69030502114,0,0,
2366,2366,1.1830000,289613,1183,18229.1895,25684.5098,1.05326763189,4.31334409352,0,0,
2367,2367,1.1835000,289614,1184,18225.8242,25683.7891,-0.80235418302,3.96284288094,0,0,
2368,2368,1.1840000,289614,1184,18226.3047,25683.6699,-0.658764692034,3.14243088202,0,0,
2369,2369,1.1845000,289615,1185,18224.8633,25692.8047,-0.798984334023,11.4095418116,0,0,
2370,2370,1.1850000,289615,1185,18226.4258,25704.584,1.35653642745,20.7713871647,0,0,
2371,2371,1.1855000,289616,1186,18227.3867,25706.2656,2.64623865537,19.0662906346,0,0,
2372,2372,1.1860000,289616,1186,18225.3438,25712.5176,1.1920845122,19.7799530605,0,0,
2373,2373,1.1865000,289617,1187,18223.9004,25706.3887,1.39839964618,10.7614139059,0,0,
2374,2374,1.1870000,289617,1187,18221.9785,25695.9297,-1.69252998919,0.340731218319,0,0,
2375,2375,1.1875000,289618,1188,18224.2617,25696.0488,2.30682345877,2.76802405419,0,0,
2376,2376,1.1880000,289618,1188,18225.3438,25694.3672,2.72182536051,1.91406386788,0,0,
2377,2377,1.1885000,289619,1189,18223.9004,25688.1172,1.43514483778,-3.94900471108,0,0,
2378,2378,1.1890000,289619,1189,18225.9453,25676.8184,4.61785332844,-12.5698587374,0,0,
2379,2379,1.1895000,289620,1190,18224.1426,25670.5684,3.4867982766,-15.6119626477,0,0,
2380,2380,1.1900000,289620,1190,18226.4258,25656.7422,5.40106797923,-22.7374809691,0,0,
2381,2381,1.1905000,289621,1191,18227.8691,25653.6172,4.6035743448,-20.9258528131,0,0,
2382,2382,1.1910000,289621,1191,18230.6328,25652.0547,6.69638444287,-18.1516410475,0,0,
2383,2383,1.1915000,289622,1192,18229.0703,25655.7812,3.24339826866,-12.9141264453,0,0,
2384,2384,1.1920000,289622,1192,18227.748,25671.166,0.798110545254,3.02120756469,0,0,
2385,2385,1.1925000,289623,1193,18222.2188,25684.3906,-4.40375842318,14.3554477598,0,0,
2386,2386,1.1930000,289623,1193,18221.377,25688.7168,-4.41455227937,16.6973498089,0,0,
2387,2387,1.1935000,289624,1194,18221.1367,25690.7598,-4.10009484334,15.767616146,0,0,
2388,2388,1.1940000,289624,1194,18211.2793,25694.3672,-11.1930272285,16.1418209932,0,0,
2389,2389,1.1945000,289625,1195,18203.9473,25691.8418,-15.9163023098,12.7905015539,0,0,
2390,2390,1.1950000,289625,1195,18205.2695,25690.6406,-9.87444713069,8.40821918034,0,0,
2391,2391,1.1955000,289626,1196,18201.1836,25691.8418,-10.4551073556,6.88184149388,0,0,
2392,2392,1.1960000,289626,1196,18209.5977,25689.9199,-0.367178334474,3.01846450606,0,0,
2393,2393,1.1965000,289627,1197,18211.5215,25690.6406,2.15785122392,5.62251030751,0,0,
2394,2394,1.1970000,289627,1197,18212.1211,25687.875,2.12914874554,6.36263066088,0,0,
2395,2395,1.1975000,289628,1198,18213.3223,25685.9531,3.89906995648,5.16285367694,0,0,
2396,2396,1.1980000,289628,1198,18212.002,25685.9531,3.58672081227,4.12618178766,0,0,
2397,2397,1.1985000,289629,1199,18210.1973,25690.2793,1.73525678381,6.00186612876,0,0,
2398,2398,1.1990000,289629,1199,18208.877,25687.6348,0.803673951436,-0.0161471386442,0,0,
2399,2399,1.1995000,289630,1200,18209.7168,25681.2656,2.66228860656,-10.4403044401,0,0,
2400,2400,1.2000000,289630,1200,18207.4336,25672.0078,0.858361184024,-19.0269376019,0,0,
2401,2401,1.2005000,289631,1201,18210.6777,25667.8027,2.78248467545,-20.6875472342,0,0,
2402,2402,1.2010000,289631,1201,18209.4766,25665.6387,1.95451623432,-16.2108623627,0,0,
2403,2403,1.2015000,289632,1202,18207.7949,25668.6426,1.34587464613,-8.0084435886,0,0,
2404,2404,1.2020000,289632,1202,18204.6699,25670.0859,-2.47247538583,-5.23551164925,0,0,
2405,2405,1.2025000,289633,1203,18206.4707,25670.6875,0.96446046401,-1.13225120647,0,0,
2406,2406,1.2030000,289633,1203,18203.4668,25664.0762,-1.964159154,-4.25431264311,0,0,
2407,2407,1.2035000,289634,1204,18205.1504,25662.0312,0.843455985734,-3.90270641288,0,0,
2408,2408,1.2040000,289634,1204,18205.5098,25663.7168,0.178280101451,-1.38066407194,0,0,
2409,2409,1.2045000,289635,1205,18208.6348,25664.3145,3.16630393652,-0.48616869728,0,0,
2410,2410,1.2050000,289635,1205,18207.5527,25666.8418,1.45034738314,2.03994504196,0,0,
2411,2411,1.2055000,289636,1206,18207.3145,25676.5762,0.833472804028,10.9989292858,0,0,
2412,2412,1.2060000,289636,1206,18208.5156,25687.9941,1.91799882884,17.6714566176,0,0,
2413,2413,1.2065000,289637,1207,18210.7988,25693.4043,4.20859276599,20.5407788237,0,0,
2414,2414,1.2070000,289637,1207,18208.0352,25699.7754,-0.33284121672,24.3665053959,0,0,
2415,2415,1.2075000,289638,1208,18209.4766,25707.709,1.10282089552,28.2793062457,0,0,
2416,2416,1.2080000,289638,1208,18213.2031,25713.7188,2.79725242467,28.5112703723,0,0,
2417,2417,1.2085000,289639,1209,18216.209,25710.9551,4.25336230697,20.5497241707,0,0,
2418,2418,1.2090000,289639,1209,18215.3672,25698.8145,2.74731450463,6.94111866894,0,0,
2419,2419,1.2095000,289640,1210,18213.9238,25683.6699,1.170326188,-7.89333818005,0,0,
2420,2420,1.2100000,289640,1210,18213.6836,25671.166,-0.200561621397,-15.5822790779,0,0,
2421,2421,1.2105000,289641,1211,18213.8047,25661.1895,-2.15933787555,-22.5790819777,0,0,
2422,2422,1.2110000,289641,1211,18209.2363,25657.3438,-6.32636106401,-23.5383137107,0,0,
2423,2423,1.2115000,289642,1212,18210.4395,25644.002,-5.4274738421,-33.8089382523,0,0,
2424,2424,1.2120000,289642,1212,18209.7168,25636.9082,-6.04407332306,-36.7542434753,0,0,
2425,2425,1.2125000,289643,1213,18213.3223,25640.0332,-2.1204456254,-29.6217147143,0,0,
2426,2426,1.2130000,289643,1213,18213.084,25645.3223,-2.55993867513,-19.5669570808,0,0,
2427,2427,1.2135000,289644,1214,18212.8418,25649.5312,-3.17944047978,-12.074929917,0,0,
2428,2428,1.2140000,289644,1214,18214.4043,25655.2988,-0.346428874409,-4.61931951429,0,0,
2429,2429,1.2145000,289645,1215,18215.3672,25657.4629,-0.0126743634773,0.928960169419,0,0,
2430,2430,1.2150000,289645,1215,18214.4043,25659.9902,-0.741208137681,3.5441636616,0,0,
2431,2431,1.2155000,289646,1216,18214.7656,25661.9121,-0.439535367696,4.96883426861,0,0,
2432,2432,1.2160000,289646,1216,18215.4863,25662.6328,-1.8055663501,5.66922942533,0,0,
2433,2433,1.2165000,289647,1217,18218.1309,25665.6387,-0.613174538463,10.5155856876,0,0,
2434,2434,1.2170000,289647,1217,18219.6934,25666.7188,-1.11930625228,14.556690983,0,0,
2435,2435,1.2175000,289648,1218,18218.1309,25674.5332,-3.10829251397,21.0032539697,0,0,
2436,2436,1.2180000,289648,1218,18219.9355,25680.1816,-1.27871927583,22.5469609891,0,0,
2437,2437,1.2185000,289649,1219,18220.2949,25676.6973,-1.82483782375,14.7453956678,0,0,
2438,2438,1.2190000,289649,1219,18220.6562,25678.5,-2.19418662322,12.1686367311,0,0,
2439,2439,1.2195000,289650,1220,18225.4629,25676.2168,1.43404022439,5.11264477458,0,0,
2440,2440,1.2200000,289650,1220,18224.0215,25674.1719,-0.822655413034,1.4992027304,0,0,
2441,2441,1.2205000,289651,1221,18222.0977,25678.2598,-4.80342012944,3.24896373187,0,0,
2442,2442,1.2210000,289651,1221,18219.4551,25678.1387,-6.78273273956,3.76826969567,0,0,
2443,2443,1.2215000,289652,1222,18220.5352,25681.1426,-4.79537982372,5.75956270536,0,0,
2444,2444,1.2220000,289652,1222,18218.0117,25678.7402,-7.47815929072,0.850728984657,0,0,
2445,2445,1.2225000,289653,1223,18217.8906,25672.9707,-6.37857359803,-3.87574924883,0,0,
2446,2446,1.2230000,289653,1223,18219.8145,25666.7188,-4.35370423766,-7.44188572152,0,0,
2447,2447,1.2235000,289654,1224,18221.1367,25668.6426,-2.80419555305,-5.18031295559,0,0,
2448,2448,1.2240000,289654,1224,18228.9492,25669.3652,2.50059861762,-5.6483595927,0,0,
2449,2449,1.2245000,289655,1225,18228.1074,25667.0801,0.347625016733,-8.51715732622,0,0,
2450,2450,1.2250000,289655,1225,18227.5078,25665.6387,-1.0052440618,-10.2245001522,0,0,
2451,2451,1.2255000,289656,1226,18226.3047,25666.5996,-2.57238233198,-9.82713007506,0,0,
2452,2452,1.2260000,289656,1226,18223.6621,25669.002,-4.78275397184,-9.83697667282,0,0,
2453,2453,1.2265000,289657,1227,18223.1797,25673.3301,-4.37668674019,-5.01509190138,0,0,
2454,2454,1.2270000,289657,1227,18222.5801,25678.3809,-4.93042419014,0.282835520048,0,0,
2455,2455,1.2275000,289658,1228,18221.9785,25670.5684,-4.53594619197,-6.01784523055,0,0,
2456,2456,1.2280000,289658,1228,18221.9785,25672.3691,-4.93601394963,-3.48836217084,0,0,
2457,2457,1.2285000,289659,1229,18230.752,25667.3203,2.72033355685,-5.77280866178,0,0,
2458,2458,1.2290000,289659,1229,18234.7207,25657.8262,6.10740892233,-8.80474415536,0,0,
2459,2459,1.2295000,289660,1230,18233.7578,25651.9355,5.09220747101,-8.58596664757,0,0,
2460,2460,1.2300000,289660,1230,18231.834,25654.3379,2.48737118493,-0.290958044918,0,0,
2461,2461,1.2305000,289661,1231,18231.1133,25654.8203,0.458913551916,2.03814952943,0,0,
2462,2462,1.2310000,289661,1231,18227.3867,25659.1484,-1.79679514132,5.48907570327,0,0,
2463,2463,1.2315000,289662,1232,18220.6562,25659.2676,-7.23060066199,4.54934633223,0,0,
2464,2464,1.2320000,289662,1232,18222.2188,25655.541,-4.23707550927,-0.706993299819,0,0,
2465,2465,1.2325000,289663,1233,18220.5352,25653.1387,-4.27659875389,-5.11177279374,0,0,
2466,2466,1.2330000,289663,1233,18220.6562,25656.3828,-2.40951595737,-2.80686935802,0,0,
2467,2467,1.2335000,289664,1234,18218.373,25660.7109,-2.87953382115,0.0201461073064,0,0,
2468,2468,1.2340000,289664,1234,18219.8145,25659.5078,1.11997377885,-2.52239214032,0,0,
2469,2469,1.2345000,289665,1235,18216.6895,25661.0703,-0.253846151531,0.130865970516,0,0,
2470,2470,1.2350000,289665,1235,18209.1152,25667.9219,-3.98894492248,4.71964968923,0,0,
2471,2471,1.2355000,289666,1236,18206.5918,25672.6094,-3.01308873802,6.5164846854,0,0,
2472,2472,1.2360000,289666,1236,18207.9141,25676.4551,-0.43286519165,7.77888595876,0,0,
2473,2473,1.2365000,289667,1237,18212.1211,25668.1621,4.43818559909,0.452934402946,0,0,
2474,2474,1.2370000,289667,1237,18211.0391,25659.9902,3.92343432076,-3.56905808758,0,0,
2475,2475,1.2375000,289668,1238,18216.5684,25659.2676,10.2143277677,-3.40830922949,0,0,
2476,2476,1.2380000,289668,1238,18226.666,25655.1797,18.918855798,-6.73460525934,0,0,
2477,2477,1.2385000,289669,1239,18235.9219,25654.459,24.5782834405,-6.00588699195,0,0,
2478,2478,1.2390000,289669,1239,18227.3867,25658.0645,14.4846945637,-2.8340539273,0,0,
2479,2479,1.2395000,289670,1240,18213.084,25658.3047,1.08416758478,-3.33690584591,0,0,
2480,2480,1.2400000,289670,1240,18208.9961,25663.9551,-0.399558716394,2.30360322049,0,0,
2481,2481,1.2405000,289671,1241,18227.5078,25668.2832,15.4117753348,4.61095521251,0,0,
2482,2482,1.2410000,289671,1241,18233.7578,25660.3496,19.5305682926,-0.667467977031,0,0,
2483,2483,1.2415000,289672,1242,18231.7148,25659.0254,15.5964483736,-0.669083179671,0,0,
2484,2484,1.2420000,289672,1242,18222.8184,25661.3105,6.07981411467,1.6367900572,0,0,
2485,2485,1.2425000,289673,1243,18217.8906,25663.5938,2.08517340873,5.68326841359,0,0,
2486,2486,1.2430000,289673,1243,18214.2852,25671.7676,-0.907199755237,14.1882357693,0,0,
2487,2487,1.2435000,289674,1244,18212.1211,25672.7285,-1.74769612567,12.3962065454,0,0,
2488,2488,1.2440000,289674,1244,18225.2246,25675.0137,7.89496070619,10.9035606926,0,0,
2489,2489,1.2445000,289675,1245,18236.1621,25664.5566,15.6614754893,-0.377498151253,0,0,
2490,2490,1.2450000,289675,1245,18243.0137,25662.3926,18.3984865439,-3.05464445233,0,0,
2491,2491,1.2455000,289676,1246,18240.6094,25673.2109,12.8193901923,4.65748578992,0,0,
2492,2492,1.2460000,289676,1246,18233.877,25679.5801,4.88382224998,5.62189720515,0,0,
2493,2493,1.2465000,289677,1247,18221.2559,25683.6699,-6.49713894557,6.58632924538,0,0,
2494,2494,1.2470000,289677,1247,18213.5645,25687.0332,-12.3033473838,7.10185312015,0,0,
2495,2495,1.2475000,289678,1248,18201.7832,25689.7988,-19.4973185533,8.82814811376,0,0,
2496,2496,1.2480000,289678,1248,18195.5332,25684.0293,-21.6145604225,1.32981360238,0,0,
2497,2497,1.2485000,289679,1249,18207.1934,25674.1719,-9.28867812934,-6.04007178709,0,0,
2498,2498,1.2490000,289679,1249,18209.8379,25662.0312,-4.76565151529,-11.1906513618,0,0,
2499,2499,1.2495000,289680,1250,18211.8809,25654.9395,-0.439468077945,-12.0091108759,0,0,
2500,2500,1.2500000,289680,1250,18212.4824,25657.8262,1.3032877439,-4.77860147908,0,0,
2501,2501,1.2505000,289681,1251,18212.1211,25670.8066,1.00651865561,7.31387230548,0,0,
2502,2502,1.2510000,289681,1251,18206.2324,25679.8223,-1.79710733874,11.8428413488,0,0,
2503,2503,1.2515000,289682,1252,18206.832,25677.5391,0.688512513341,6.61182563688,0,0,
2504,2504,1.2520000,289682,1252,18206.832,25675.2559,1.21033113931,1.79804354063,0,0,
2505,2505,1.2525000,289683,1253,18207.3145,25671.4082,2.5367403838,-4.65616049809,0,0,
2506,2506,1.2530000,289683,1253,18206.832,25666.5996,2.6939878677,-10.5687146847,0,0,
2507,2507,1.2535000,289684,1254,18200.4629,25675.375,-1.72662116233,-4.37171226951,0,0,
2508,2508,1.2540000,289684,1254,18196.4941,25690.8809,-2.96143210098,6.68136429285,0,0,
2509,2509,1.2545000,289685,1255,18198.6582,25700.6172,0.998534223681,12.179620452,0,0,
2510,2510,1.2550000,289685,1255,18198.2988,25701.459,3.51595270216,6.79284825729,0,0,
2511,2511,1.2555000,289686,1256,18196.1348,25695.0879,2.93399181073,-3.27034809131,0,0,
2512,2512,1.2560000,289686,1256,18194.2109,25685.9531,0.753495506112,-12.9686181015,0,0,
2513,2513,1.2565000,289687,1257,18194.0918,25681.2656,0.19568928922,-13.7222348604,0,0,
2514,2514,1.2570000,289687,1257,18192.168,25678.5,-1.04649136559,-11.153295803,0,0,
2515,2515,1.2575000,289688,1258,18190.3652,25672.7285,-1.99275753557,-14.6727903151,0,0,
2516,2516,1.2580000,289688,1258,18190.2441,25674.0527,-2.10275365104,-11.6073424884,0,0,
2517,2517,1.2585000,289689,1259,18192.6484,25668.2832,-0.310326388032,-14.7429877255,0,0,
2518,2518,1.2590000,289689,1259,18189.6426,25672.7285,-0.242917314295,-10.2596381155,0,0,
2519,2519,1.2595000,289690,1260,18186.2773,25669.7246,0.112690000717,-12.1949403991,0,0,
2520,2520,1.2600000,289690,1260,18180.9902,25677.4199,-2.05722664029,-4.45832783229,0,0,
2521,2521,1.2605000,289691,1261,18177.8633,25691.8418,-6.78123295688,6.63577045435,0,0,
2522,2522,1.2610000,289691,1261,18173.416,25700.498,-8.28243071497,15.0801237893,0,0,
2523,2523,1.2615000,289692,1262,18171.1328,25703.7422,-6.38339788829,15.2571471553,0,0,
2524,2524,1.2620000,289692,1262,18169.4492,25702.1797,-3.54046005477,10.1274320723,0,0,
2525,2525,1.2625000,289693,1263,18166.3242,25695.0879,-2.53321720383,3.09850986664,0,0,
2526,2526,1.2630000,289693,1263,18166.5645,25685.834,0.182753746776,-4.84107231218,0,0,
2527,2527,1.2635000,289694,1264,18169.8105,25678.2598,4.85087065928,-10.5897291456,0,0,
2528,2528,1.2640000,289694,1264,18165.9629,25676.0957,-1.32543932028,-11.5022858908,0,0,
2529,2529,1.2645000,289695,1265,18166.9258,25679.4609,-0.502563251765,-5.06361219381,0,0,
2530,2530,1.2650000,289695,1265,18164.5215,25686.6738,-1.76419831053,1.79599128011,0,0,
2531,2531,1.2655000,289696,1266,18167.8867,25685.2324,3.50995524983,-2.26771630972,0,0,
2532,2532,1.2660000,289696,1266,18172.334,25690.0391,9.55117096249,-0.873488021752,0,0,
2533,2533,1.2665000,289697,1267,18167.166,25686.5527,7.35780884931,-4.22901722064,0,0,
2534,2534,1.2670000,289697,1267,18163.6797,25690.7598,5.41233559298,-0.0365525091645,0,0,
2535,2535,1.2675000,289698,1268,18164.5215,25694.8457,8.31013571653,5.01487360071,0,0,
2536,2536,1.2680000,289698,1268,18162.8379,25696.4082,6.55306590466,7.03051555702,0,0,
2537,2537,1.2685000,289699,1269,18165.2422,25693.5254,4.6249653074,7.31389672019,0,0,
2538,2538,1.2690000,289699,1269,18164.8809,25693.7656,3.49221396494,12.3895404378,0,0,
2539,2539,1.2695000,289700,1270,18162.959,25695.4473,2.11267173264,15.8734817292,0,0,
2540,2540,1.2700000,289700,1270,18165.2422,25694.3672,4.01348394498,14.2422852377,0,0,
2541,2541,1.2705000,289701,1271,18164.041,25690.6406,1.98533279467,7.35014938374,0,0,
2542,2542,1.2710000,289701,1271,18165.3633,25690.5215,4.64919190244,3.79324237725,0,0,
2543,2543,1.2715000,289702,1272,18165.8438,25692.084,4.39978401259,4.49899540744,0,0,
2544,2544,1.2720000,289702,1272,18167.6465,25689.3184,4.34528822553,1.17455021292,0,0,
2545,2545,1.2725000,289703,1273,18168.0059,25681.2656,3.24487888637,-6.48189385838,0,0,
2546,2546,1.2730000,289703,1273,18170.291,25678.9824,3.77195558453,-7.66731654505,0,0,
2547,2547,1.2735000,289704,1274,18167.7676,25681.8652,1.23532103927,-6.62744069692,0,0,
2548,2548,1.2740000,289704,1274,18168.0059,25686.5527,1.09085614956,-4.78097633415,0,0,
2549,2549,1.2745000,289705,1275,18166.9258,25688.5957,-1.35335125186,-3.17040383717,0,0,
2550,2550,1.2750000,289705,1275,18163.5605,25697.252,-3.81546158845,3.18843504622,0,0,
2551,2551,1.2755000,289706,1276,18164.2812,25697.252,-3.19163261429,2.7461776387,0,0,
2552,2552,1.2760000,289706,1276,18164.8809,25693.7656,-4.43189356795,0.539099497619,0,0,
2553,2553,1.2765000,289707,1277,18163.5605,25693.1641,-7.57421708383,2.99595509599,0,0,
2554,2554,1.2770000,289707,1277,18163.4395,25695.5684,-8.35148442936,8.17451457423,0,0,
2555,2555,1.2775000,289708,1278,18164.5215,25695.0879,-8.10185601392,7.70810712606,0,0,
2556,2556,1.2780000,289708,1278,18162.1172,25697.8516,-11.5991296439,8.565286608,0,0,
2557,2557,1.2785000,289709,1279,18166.4434,25699.5371,-9.50484566044,9.28932968881,0,0,
2558,2558,1.2790000,289709,1279,18164.7617,25700.377,-9.37751825724,6.09081605348,0,0,
2559,2559,1.2795000,289710,1280,18165.8438,25700.2559,-6.49639867922,4.00140901001,0,0,
2560,2560,1.2800000,289710,1280,18169.4492,25695.9297,-2.58010786326,-2.62763009392,0,0,
2561,2561,1.2805000,289711,1281,18167.7676,25695.6875,-7.94129048687,-6.29070771596,0,0,
2562,2562,1.2810000,289711,1281,18168.248,25691.8418,-7.73005506989,-7.68768836958,0,0,
2563,2563,1.2815000,289712,1282,18165.4824,25695.4473,-9.58485464333,-3.34091317609,0,0,
2564,2564,1.2820000,289712,1282,18164.5215,25700.9766,-9.12612831363,1.68273852948,0,0,
2565,2565,1.2825000,289713,1283,18162.5977,25704.584,-9.41401952786,6.43778827373,0,0,
2566,2566,1.2830000,289713,1283,18161.0352,25702.5391,-10.5408578188,5.53164772328,0,0,
2567,2567,1.2835000,289714,1284,18160.6738,25702.0605,-10.8346173162,4.99137670195,0,0,
2568,2568,1.2840000,289714,1284,18164.7617,25699.7754,-9.48963547644,1.36786111018,0,0,
2569,2569,1.2845000,289715,1285,18165.002,25699.8965,-10.7009407538,1.35861643155,0,0,
2570,2570,1.2850000,289715,1285,18167.6465,25700.7363,-8.43284263987,-0.0237910525699,0,0,
2571,2571,1.2855000,289716,1286,18165.9629,25704.1035,-9.66455014121,0.186126480011,0,0,
2572,2572,1.2860000,289716,1286,18166.2051,25706.8672,-8.33915419352,-1.59059917054,0,0,
2573,2573,1.2865000,289717,1287,18165.9629,25713.7188,-5.23305692281,3.30186779496,0,0,
2574,2574,1.2870000,289717,1287,18166.3242,25713.959,-3.53006132262,0.945596216327,0,0,
2575,2575,1.2875000,289718,1288,18164.7617,25712.998,-3.47489029818,-0.625594677096,0,0,
2576,2576,1.2880000,289718,1288,18166.8047,25709.6328,-1.51128088412,-3.44998557032,0,0,
2577,2577,1.2885000,289719,1289,18167.5254,25713.959,-4.5160207364,3.05316009462,0,0,
2578,2578,1.2890000,289719,1289,18169.8105,25714.4395,-2.88154456914,6.46311751694,0,0,
2579,2579,1.2895000,289720,1290,18170.291,25714.4395,-1.94167464178,7.12964202908,0,0,
2580,2580,1.2900000,289720,1290,18169.8105,25712.0371,-2.78185464319,4.42049524459,0,0,
2581,2581,1.2905000,289721,1291,18168.127,25711.3145,-4.21567128429,1.30960982027,0,0,
2582,2582,1.2910000,289721,1291,18169.8105,25713.3594,-1.02242001117,-0.312137730411,0,0,
2583,2583,1.2915000,289722,1292,18171.8535,25712.1562,0.853852845773,-2.7959627643,0,0,
2584,2584,1.2920000,289722,1292,18173.7773,25709.752,1.53523050399,-5.35385612511,0,0,
2585,2585,1.2925000,289723,1293,18171.8535,25711.4355,-0.475894929185,-3.80947248712,0,0,
2586,2586,1.2930000,289723,1293,18171.1328,25723.8145,-1.29281851337,5.20527114892,0,0,
2587,2587,1.2935000,289724,1294,18172.8145,25735.4766,1.80242646845,8.92777443387,0,0,
2588,2588,1.2940000,289724,1294,18173.416,25739.8027,2.91483929325,4.90602451589,0,0,
2589,2589,1.2945000,289725,1295,18170.291,25735.7168,0.213461634478,-3.23482720616,0,0,
2590,2590,1.2950000,289725,1295,18172.0938,25735.9551,3.67615376706,-7.76889322738,0,0,
2591,2591,1.2955000,289726,1296,18169.6895,25737.1582,1.97138976658,-8.06024421382,0,0,
2592,2592,1.2960000,289726,1296,18171.0117,25739.5625,2.48276862022,-5.96146246821,0,0,
2593,2593,1.2965000,289727,1297,18171.8535,25731.2676,2.49044440094,-11.8866878812,0,0,
2594,2594,1.2970000,289727,1297,18173.6562,25719.127,3.79167674226,-19.4812510994,0,0,
2595,2595,1.2975000,289728,1298,18177.7441,25715.041,6.45947587642,-20.0543754776,0,0,
2596,2596,1.2980000,289728,1298,18175.2188,25707.9512,3.14347642354,-24.1171371084,0,0,
2597,2597,1.2985000,289729,1299,18176.9023,25706.5078,2.35809501924,-21.3532646915,0,0,
2598,2598,1.2990000,289729,1299,18175.8203,25705.3047,3.15424852769,-20.6809651814,0,0,
2599,2599,1.2995000,289730,1300,18171.7324,25701.9395,1.39989114309,-20.1666204671,0,0,
2600,2600,1.3000000,289730,1300,18174.377,25701.5781,4.77712508173,-17.3382921833,0,0,
2601,2601,1.3005000,289731,1301,18178.7051,25707.709,6.45413887649,-11.3910153174,0,0,
2602,2602,1.3010000,289731,1301,18177.623,25717.6855,5.29653269646,0.859534047266,0,0,
2603,2603,1.3015000,289732,1302,18175.459,25730.4277,4.51232326289,11.2497636873,0,0,
2604,2604,1.3020000,289732,1302,18175.459,25740.4043,5.7168458361,16.8497047442,0,0,
2605,2605,1.3025000,289733,1303,18173.5371,25747.9766,5.35887384909,21.2894505117,0,0,
2606,2606,1.3030000,289733,1303,18174.377,25750.2598,6.25277125438,21.112144206,0,0,
2607,2607,1.3035000,289734,1304,18171.373,25751.4629,3.30980092004,18.6815086896,0,0,
2608,2608,1.3040000,289734,1304,18169.5703,25758.5547,-0.452361491796,20.0999212452,0,0,
2609,2609,1.3045000,289735,1305,18166.6855,25760.1172,-3.01713234717,16.7631134446,0,0,
2610,2610,1.3050000,289735,1305,18169.3301,25766.0078,0.105781929696,15.5402728238,0,0,
2611,2611,1.3055000,289736,1306,18165.002,25773.5801,-1.88462617174,14.5554087141,0,0,
2612,2612,1.3060000,289736,1306,18159.9531,25778.627,-3.69396335637,10.2980385605,0,0,
2613,2613,1.3065000,289737,1307,18158.1504,25787.041,-0.38165530992,10.9949491438,0,0,
2614,2614,1.3070000,289737,1307,18156.9473,25790.8887,1.76900359123,7.91754675991,0,0,
2615,2615,1.3075000,289738,1308,18161.3965,25789.6875,8.656583814,2.33525733421,0,0,
2616,2616,1.3080000,289738,1308,18154.3027,25785.9609,3.47909834161,-3.6781490061,0,0,
2617,2617,1.3085000,289739,1309,18159.9531,25792.0918,7.0847674653,0.102145965482,0,0,
2618,2618,1.3090000,289739,1309,18155.3848,25804.9531,3.6761494455,10.1248493016,0,0,
2619,2619,1.3095000,289740,1310,18154.5449,25799.6641,5.14187278853,2.06067335862,0,0,
2620,2620,1.3100000,289740,1310,18151.5391,25781.6328,4.10793206531,-15.39244128,0,0,
2621,2621,1.3105000,289741,1311,18149.7363,25770.6953,4.63939374837,-25.5307652661,0,0,
2622,2622,1.3110000,289741,1311,18150.5781,25766.248,7.92834370077,-29.514632707,0,0,
2623,2623,1.3115000,289742,1312,18150.2168,25771.8984,8.72398528311,-22.3465032757,0,0,
2624,2624,1.3120000,289742,1312,18145.4082,25776.4668,5.18501806949,-16.5282358762,0,0,
2625,2625,1.3125000,289743,1313,18144.9277,25774.6621,6.92830838717,-17.1414680481,0,0,
2626,2626,1.3130000,289743,1313,18144.5684,25768.291,8.05766117391,-23.4047419766,0,0,
2627,2627,1.3135000,289744,1314,18147.0918,25763.123,12.2501950507,-29.044249584,0,0,
2628,2628,1.3140000,289744,1314,18148.0527,25758.4355,13.9969181353,-31.9757312993,0,0,
2629,2629,1.3145000,289745,1315,18148.5332,25766.8496,14.9754625202,-19.9732896732,0,0,
2630,2630,1.3150000,289745,1315,18149.9766,25793.7734,16.7868408717,3.29266524519,0,0,
2631,2631,1.3155000,289746,1316,18148.0527,25820.8203,15.0757454097,24.0277155798,0,0,
2632,2632,1.3160000,289746,1316,18151.1777,25826.4688,15.9722892586,23.9376353265,0,0,
2633,2633,1.3165000,289747,1317,18149.4961,25817.0938,12.5623919402,13.9127928466,0,0,
2634,2634,1.3170000,289747,1317,18149.0156,25811.4434,10.7658011496,9.36639558417,0,0,
2635,2635,1.3175000,289748,1318,18150.457,25813.127,10.078460073,9.14504625855,0,0,
2636,2636,1.3180000,289748,1318,18150.2168,25818.416,8.95021155057,10.9977692634,0,0,
2637,2637,1.3185000,289749,1319,18146.4902,25830.6777,3.09296986153,17.7845013512,0,0,
2638,2638,1.3190000,289749,1319,18147.2129,25839.6895,5.1720110479,18.486691434,0,0,
2639,2639,1.3195000,289750,1320,18148.1738,25847.1426,7.34650364207,18.7520672584,0,0,
2640,2640,1.3200000,289750,1320,18145.5293,25851.9531,4.28394718142,15.5282858924,0,0,
2641,2641,1.3205000,289751,1321,18146.25,25857.9609,2.1574469743,10.8516793834,0,0,
2642,2642,1.3210000,289751,1321,18143.2441,25842.8184,-0.3212704099,-7.67002553241,0,0,
2643,2643,1.3215000,289752,1322,18144.9277,25831.0371,2.34226050922,-21.6402456188,0,0,
2644,2644,1.3220000,289752,1322,18147.2129,25809.8809,4.4984106286,-39.8751307929,0,0,
2645,2645,1.3225000,289753,1323,18147.0918,25812.1641,4.55992513014,-32.7302745299,0,0,
2646,2646,1.3230000,289753,1323,18143.0059,25824.0645,-0.113958252493,-16.9259511007,0,0,
2647,2647,1.3235000,289754,1324,18141.6816,25830.6777,-1.61268889696,-8.66514595745,0,0,
2648,2648,1.3240000,289754,1324,18136.0332,25847.625,-8.54916884041,4.82999356623,0,0,
2649,2649,1.3245000,289755,1325,18139.2793,25863.25,-5.82336422756,15.86150938,0,0,
2650,2650,1.3250000,289755,1325,18136.3926,25869.3809,-9.09916405571,14.8441129646,0,0,
2651,2651,1.3255000,289756,1326,18135.793,25855.3184,-7.94739017855,-3.4970276913,0,0,
2652,2652,1.3260000,289756,1326,18136.3926,25840.1719,-5.79410019716,-19.3560589592,0,0,
2653,2653,1.3265000,289757,1327,18134.4707,25831.3984,-5.15032694591,-25.6179172107,0,0,
2654,2654,1.3270000,289757,1327,18134.7109,25824.9062,-3.98728342291,-27.0430633038,0,0,
2655,2655,1.3275000,289758,1328,18137.4746,25818.416,-1.66794946777,-25.5649374497,0,0,
2656,2656,1.3280000,289758,1328,18138.3184,25822.1406,-0.723364857593,-14.3706415618,0,0,
2657,2657,1.3285000,289759,1329,18136.1543,25827.5527,-6.71969903902,-4.42509897108,0,0,
2658,2658,1.3290000,289759,1329,18135.9121,25831.998,-6.85615901815,3.48402465231,0,0,
2659,2659,1.3295000,289760,1330,18134.2305,25830.0762,-7.90562746988,7.08096785316,0,0,
2660,2660,1.3300000,289760,1330,18134.8301,25831.0371,-7.00786447396,14.2069308239,0,0,
2661,2661,1.3305000,289761,1331,18136.0332,25828.752,-5.79901638987,14.6418598513,0,0,
2662,2662,1.3310000,289761,1331,18145.1699,25813.6074,1.57572396456,2.45864255645,0,0,
2663,2663,1.3315000,289762,1332,18144.9277,25800.3848,-0.786242436101,-5.76682765305,0,0,
2664,2664,1.3320000,289762,1332,18136.3926,25800.8672,-9.28420074193,-0.246361444992,0,0,
2665,2665,1.3325000,289763,1333,18134.5918,25804.834,-10.5827761063,8.0782411464,0,0,
2666,2666,1.3330000,289763,1333,18130.9844,25816.1328,-13.3850959128,19.7182166911,0,0,
2667,2667,1.3335000,289764,1334,18134.3496,25823.1035,-9.62921411997,23.7167582385,0,0,
2668,2668,1.3340000,289764,1334,18141.3223,25828.1504,-3.63040122565,25.6143893394,0,0,
2669,2669,1.3345000,289765,1335,18145.8887,25821.9004,-0.67208879668,18.1176443576,0,0,
2670,2670,1.3350000,289765,1335,18147.2129,25820.8203,-0.874704966821,11.692849211,0,0,
2671,2671,1.3355000,289766,1336,18144.4473,25819.498,-4.10455118896,7.86265672738,0,0,
2672,2672,1.3360000,289766,1336,18139.5195,25824.3047,-10.6082731944,14.0575822116,0,0,
2673,2673,1.3365000,289767,1337,18136.0332,25832.4785,-13.827662035,26.250053507,0,0,
2674,2674,1.3370000,289767,1337,18134.3496,25837.6484,-14.8747469952,33.3209182482,0,0,
2675,2675,1.3375000,289768,1338,18137.7168,25834.4043,-12.2682214252,28.696947833,0,0,
2676,2676,1.3380000,289768,1338,18139.5195,25827.0703,-10.2477335503,20.1019178144,0,0,
2677,2677,1.3385000,289769,1339,18140.3613,25819.498,-10.2768176533,11.4965045137,0,0,
2678,2678,1.3390000,289769,1339,18144.4473,25828.1504,-5.69318883926,16.6585794411,0,0,
2679,2679,1.3395000,289770,1340,18138.3184,25835.002,-9.89111582586,20.4593391659,0,0,
2680,2680,1.3400000,289770,1340,18144.207,25836.4453,-4.23744948133,18.5537984957,0,0,
2681,2681,1.3405000,289771,1341,18143.7266,25830.916,-7.13593637583,8.76259024015,0,0,
2682,2682,1.3410000,289771,1341,18142.7637,25834.4043,-7.29769263465,13.5282324407,0,0,
2683,2683,1.3415000,289772,1342,18142.1641,25836.3262,-7.05851936921,13.7841099438,0,0,
2684,2684,1.3420000,289772,1342,18140.2402,25834.5234,-8.19957084319,12.3399726183,0,0,
2685,2685,1.3425000,289773,1343,18140.8418,25825.8672,-6.18919257768,3.17799996221,0,0,
2686,2686,1.3430000,289773,1343,18138.4375,25824.7871,-7.29061522948,1.46740903813,0,0,
2687,2687,1.3435000,289774,1344,18138.6777,25823.2246,-6.23884171943,-0.0239760417783,0,0,
2688,2688,1.3440000,289774,1344,18134.7109,25822.502,-9.65506188521,-3.7165890007,0,0,
2689,2689,1.3445000,289775,1345,18132.5469,25819.7363,-11.3274581842,-7.12941972772,0,0,
2690,2690,1.3450000,289775,1345,18132.9082,25818.2949,-9.77527793895,-8.77489624969,0,0,
2691,2691,1.3455000,289776,1346,18133.3887,25821.541,-7.05474935356,-3.7264341003,0,0,
2692,2692,1.3460000,289776,1346,18136.2734,25819.7363,-2.73847311746,-3.88282609645,0,0,
2693,2693,1.3465000,289777,1347,18139.7598,25820.0996,2.51889645157,-2.65357147125,0,0,
2694,2694,1.3470000,289777,1347,18137.8359,25813.3672,1.20755690772,-6.93275828977,0,0,
2695,2695,1.3475000,289778,1348,18139.0371,25802.6699,1.83767314788,-12.0406477274,0,0,
2696,2696,1.3480000,289778,1348,18140.3613,25800.7441,3.38905227477,-9.80912490982,0,0,
2697,2697,1.3485000,289779,1349,18141.4434,25805.1934,1.610001639,-3.83533327695,0,0,
2698,2698,1.3490000,289779,1349,18140.6016,25810.002,0.876420142019,1.63894954257,0,0,
2699,2699,1.3495000,289780,1350,18137.3555,25803.3906,-1.15454403809,-0.554168238531,0,0,
2700,2700,1.3500000,289780,1350,18138.1973,25804.7129,0.167344652134,4.88154948899,0,0,
2701,2701,1.3505000,289781,1351,18145.0488,25804.3516,6.07673932222,6.05207055906,0,0,
2702,2702,1.3510000,289781,1351,18143.125,25808.7988,2.47523637881,10.9662869097,0,0,
2703,2703,1.3515000,289782,1352,18138.7988,25816.0098,-1.1878850468,16.2266018696,0,0,
2704,2704,1.3520000,289782,1352,18134.5918,25825.5078,-2.34851913479,20.0051715813,0,0,
2705,2705,1.3525000,289783,1353,18136.1543,25834.6426,0.498770472274,22.0839597169,0,0,
2706,2706,1.3530000,289783,1353,18135.6738,25832.5996,1.27405881001,11.8825753009,0,0,
2707,2707,1.3535000,289784,1354,18131.8262,25836.8066,-1.6334185633,7.40370750625,0,0,
2708,2708,1.3540000,289784,1354,18134.8301,25844.1387,1.15154681062,6.4341625021,0,0,
2709,2709,1.3545000,289785,1355,18135.0723,25849.4277,1.80965122954,5.57999732689,0,0,
2710,2710,1.3550000,289785,1355,18136.5137,25847.625,4.09491805389,-5.76161191163,0,0,
2711,2711,1.3555000,289786,1356,18134.7109,25847.1426,4.36320348804,-12.9039251099,0,0,
2712,2712,1.3560000,289786,1356,18135.793,25838.7285,5.66768291956,-22.8452606746,0,0,
2713,2713,1.3565000,289787,1357,18141.5625,25833.5605,10.9222903981,-25.1254889617,0,0,
2714,2714,1.3570000,289787,1357,18143.4863,25838.9707,11.6398668813,-17.8405910933,0,0,
2715,2715,1.3575000,289788,1358,18143.7266,25850.9902,9.30089060051,-7.73196996478,0,0,
2716,2716,1.3580000,289788,1358,18149.6152,25847.625,13.0036986128,-12.4816489534,0,0,
2717,2717,1.3585000,289789,1359,18148.1738,25848.1074,9.30916766756,-14.2826334298,0,0,
2718,2718,1.3590000,289789,1359,18144.3262,25856.7598,5.28860337813,-12.6129783546,0,0,
2719,2719,1.3595000,289790,1360,18137.2363,25858.3223,1.38125791862,-15.7450626753,0,0,
2720,2720,1.3600000,289790,1360,18131.9473,25858.9238,-2.81022254733,-18.4107674209,0,0,
2721,2721,1.3605000,289791,1361,18131.8262,25862.5293,-2.63909013985,-18.817894102,0,0,
2722,2722,1.3610000,289791,1361,18131.8262,25861.8105,-0.163824028201,-19.6797748458,0,0,
2723,2723,1.3615000,289792,1362,18134.1094,25862.6504,3.73663419585,-20.4199678029,0,0,
2724,2724,1.3620000,289792,1362,18133.6289,25864.334,4.63997142758,-18.3116742233,0,0,
2725,2725,1.3625000,289793,1363,18138.0762,25863.1309,9.56974683707,-19.4846892663,0,0,
2726,2726,1.3630000,289793,1363,18142.6445,25862.7715,13.7424289466,-21.1402707133,0,0,
2727,2727,1.3635000,289794,1364,18143.7266,25861.4473,13.4294451802,-22.7075655273,0,0,
2728,2728,1.3640000,289794,1364,18149.377,25863.0098,16.5774522961,-24.019407495,0,0,
2729,2729,1.3645000,289795,1365,18145.7695,25864.9355,10.6301838137,-23.2080365815,0,0,
2730,2730,1.3650000,289795,1365,18145.5293,25867.9395,8.47124375759,-21.6424267529,0,0,
2731,2731,1.3655000,289796,1366,18147.6934,25874.5488,9.4313888135,-15.9810119732,0,0,
2732,2732,1.3660000,289796,1366,18147.5723,25875.9922,7.80713334244,-14.6819051423,0,0,
2733,2733,1.3665000,289797,1367,18148.4141,25873.9473,7.98608167478,-16.9233511079,0,0,
2734,2734,1.3670000,289797,1367,18148.7754,25868.5391,7.53221857858,-19.6261686441,0,0,
2735,2735,1.3675000,289798,1368,18145.1699,25862.6504,2.61207172697,-20.0203465644,0,0,
2736,2736,1.3680000,289798,1368,18145.4082,25866.2559,2.40197539778,-14.4615284554,0,0,
2737,2737,1.3685000,289799,1369,18148.5332,25873.2285,2.28584576556,-8.89353141799,0,0,
2738,2738,1.3690000,289799,1369,18147.2129,25873.9473,0.624136245622,-9.00638612208,0,0,
2739,2739,1.3695000,289800,1370,18144.3262,25873.9473,-1.26098818521,-5.40792977757,0,0,
2740,2740,1.3700000,289800,1370,18149.8574,25871.5449,2.98216624337,-4.87393875783,0,0,
2741,2741,1.3705000,289801,1371,18148.0527,25866.0156,-0.648689496043,-7.81012998438,0,0,
2742,2742,1.3710000,289801,1371,18150.8184,25864.5723,0.547730713136,-7.13199926263,0,0,
2743,2743,1.3715000,289802,1372,18149.7363,25864.8125,-0.338093594537,-5.84602272439,0,0,
2744,2744,1.3720000,289802,1372,18149.1348,25863.4922,0.536758645099,-7.59088606677,0,0,
2745,2745,1.3725000,289803,1373,18150.457,25864.334,0.980051575926,-6.89040744354,0,0,
2746,2746,1.3730000,289803,1373,18149.4961,25865.1738,-0.205237793792,-5.86488892749,0,0,
2747,2747,1.3735000,289804,1374,18153.1016,25863.9707,2.30462694338,-7.98038441127,0,0,
2748,2748,1.3740000,289804,1374,18155.2656,25866.1348,1.49340329026,-6.59666639397,0,0,
2749,2749,1.3745000,289805,1375,18152.2598,25868.0605,-2.53124517599,-3.29070062393,0,0,
2750,2750,1.3750000,289805,1375,18154.1836,25862.8906,-1.45247489684,-8.35200889248,0,0,
2751,2751,1.3755000,289806,1376,18147.9336,25863.9707,-5.87670669692,-6.15910676806,0,0,
2752,2752,1.3760000,289806,1376,18148.0527,25863.0098,-5.73690204219,-2.40780656092,0,0,
2753,2753,1.3765000,289807,1377,18146.25,25865.2949,-7.54949271239,5.51359919215,0,0,
2754,2754,1.3770000,289807,1377,18146.9707,25869.3809,-6.48243820104,12.2313394039,0,0,
2755,2755,1.3775000,289808,1378,18144.9277,25869.623,-8.62356292311,12.7411007085,0,0,
2756,2756,1.3780000,289808,1378,18143.125,25870.2246,-10.0429236075,15.8834701346,0,0,
2757,2757,1.3785000,289809,1379,18139.3984,25870.9453,-11.8142034334,17.1706676568,0,0,
2758,2758,1.3790000,289809,1379,18141.2012,25870.4629,-7.36255141276,13.2357388253,0,0,
2759,2759,1.3795000,289810,1380,18142.7637,25871.0645,-1.72821761582,13.2958737519,0,0,
2760,2760,1.3800000,289810,1380,18138.7988,25867.5781,-3.9379776753,10.8547014678,0,0,
2761,2761,1.3805000,289811,1381,18139.5195,25868.0605,-3.31332162436,11.1971299545,0,0,
2762,2762,1.3810000,289811,1381,18141.2012,25867.459,-0.315317812694,13.7808892542,0,0,
2763,2763,1.3815000,289812,1382,18140.2402,25866.6172,-0.415520899512,14.4166950037,0,0,
2764,2764,1.3820000,289812,1382,18137.1152,25868.5391,-1.78750878551,18.6275277976,0,0,
2765,2765,1.3825000,289813,1383,18141.8027,25867.0957,2.82587509343,19.2742774275,0,0,
2766,2766,1.3830000,289813,1383,18141.9238,25865.7754,2.96586608299,18.517978322,0,0,
2767,2767,1.3835000,289814,1384,18143.125,25865.2949,3.94815224225,19.0059544873,0,0,
2768,2768,1.3840000,289814,1384,18143.125,25866.7363,2.89176136097,18.3428879753,0,0,
2769,2769,1.3845000,289815,1385,18142.2832,25867.5781,2.25056690021,18.239234886,0,0,
2770,2770,1.3850000,289815,1385,18142.2832,25869.623,1.88965654932,18.6822092141,0,0,
2771,2771,1.3855000,289816,1386,18142.8848,25869.8613,2.37222934362,17.8634277514,0,0,
2772,2772,1.3860000,289816,1386,18145.8887,25868.9004,4.71759560804,17.5675874812,0,0,
2773,2773,1.3865000,289817,1387,18148.0527,25869.623,6.34935435236,18.6302011515,0,0,
2774,2774,1.3870000,289817,1387,18148.1738,25870.1016,5.91228853563,20.9325226582,0,0,
2775,2775,1.3875000,289818,1388,18145.7695,25871.3047,3.08176600809,24.6836177421,0,0,
2776,2776,1.3880000,289818,1388,18145.2891,25869.9824,2.20135790049,22.075063026,0,0,
2777,2777,1.3885000,289819,1389,18147.5723,25870.8223,1.41030842841,19.3579039816,0,0,
2778,2778,1.3890000,289819,1389,18149.9766,25868.6621,3.18971540699,15.7243360704,0,0,
2779,2779,1.3895000,289820,1390,18150.457,25864.8125,3.81294775952,14.5767350666,0,0,
2780,2780,1.3900000,289820,1390,18146.9707,25866.9766,-1.20733277236,18.2210565727,0,0,
2781,2781,1.3905000,289821,1391,18149.377,25868.7812,-0.153778813932,20.2626114682,0,0,
2782,2782,1.3910000,289821,1391,18148.6543,25866.7363,-2.27077049676,17.3577471162,0,0,
2783,2783,1.3915000,289822,1392,18148.7754,25863.6113,-1.64040259294,12.8390258508,0,0,
2784,2784,1.3920000,289822,1392,18149.8574,25860.4863,0.514279490266,7.77931633997,0,0,
2785,2785,1.3925000,289823,1393,18147.8125,25862.8906,-2.05929717002,7.66405807269,0,0,
2786,2786,1.3930000,289823,1393,18145.5293,25863.8516,-3.67779039842,6.32484056138,0,0,
2787,2787,1.3935000,289824,1394,18147.9336,25867.5781,-2.07715458923,6.33579651264,0,0,
2788,2788,1.3940000,289824,1394,18144.207,25869.0215,-6.75429877148,3.73297661424,0,0,
2789,2789,1.3945000,289825,1395,18148.1738,25868.6621,-2.68640359164,1.65231970786,0,0,
2790,2790,1.3950000,289825,1395,18147.8125,25869.623,-3.42957258533,0.206007894955,0,0,
2791,2791,1.3955000,289826,1396,18147.0918,25866.2559,-1.90351986334,-4.98315220579,0,0,
2792,2792,1.3960000,289826,1396,18147.6934,25867.6973,-1.86333245077,-2.43286989142,0,0,
2793,2793,1.3965000,289827,1397,18147.0918,25870.3438,-2.85129647946,1.48671378531,0,0,
2794,2794,1.3970000,289827,1397,18149.4961,25871.0645,-1.32980349115,1.55207528817,0,0,
2795,2795,1.3975000,289828,1398,18150.0957,25874.3105,-1.82223213842,2.56993103781,0,0,
2796,2796,1.3980000,289828,1398,18145.4082,25876.5938,-6.56124622473,4.19802682174,0,0,
2797,2797,1.3985000,289829,1399,18146.7324,25883.084,-4.5462493324,7.51377570714,0,0,
2798,2798,1.3990000,289829,1399,18142.8848,25883.9277,-7.00648204272,2.28274896939,0,0,
2799,2799,1.3995000,289830,1400,18143.9668,25893.3027,-3.20215867809,6.29932820303,0,0,
2800,2800,1.4000000,289830,1400,18142.4043,25895.3457,-3.18664344888,4.49154725875,0,0,
2801,2801,1.4005000,289831,1401,18140.8418,25896.4277,-5.07377333649,0.433939283767,0,0,
2802,2802,1.4010000,289831,1401,18141.6816,25905.2012,-3.43039879838,5.67467364676,0,0,
2803,2803,1.4015000,289832,1402,18139.5195,25905.8027,-4.36306080741,1.86766609623,0,0,
2804,2804,1.4020000,289832,1402,18140,25908.9277,-2.21527043024,1.14260936586,0,0,
2805,2805,1.4025000,289833,1403,18144.207,25909.8906,0.760347307797,-0.993391349932,0,0,
2806,2806,1.4030000,289833,1403,18149.7363,25907.7266,5.0590343765,-6.6377058119,0,0,
2807,2807,1.4035000,289834,1404,18152.0195,25911.6934,5.63917558519,-6.23472668443,0,0,
2808,2808,1.4040000,289834,1404,18150.9395,25911.334,2.81192101394,-11.9711154412,0,0,
2809,2809,1.4045000,289835,1405,18155.7461,25915.4199,6.07677260227,-12.2533898305,0,0,
2810,2810,1.4050000,289835,1405,18159.1113,25915.7793,6.85657537843,-16.0894159008,0,0,
2811,2811,1.4055000,289836,1406,18158.8711,25919.5059,4.55181832142,-15.8981109184,0,0,
2812,2812,1.4060000,289836,1406,18159.834,25919.748,3.18265691443,-17.2505585099,0,0,
2813,2813,1.4065000,289837,1407,18160.0742,25919.748,1.93249491025,-18.7638264898,0,0,
2814,2814,1.4070000,289837,1407,18161.0352,25924.0723,1.77458393065,-14.9863987417,0,0,
2815,2815,1.4075000,289838,1408,18163.3184,25924.6738,2.78505398228,-13.8692151692,0,0,
2816,2816,1.4080000,289838,1408,18163.4395,25933.6895,1.36224177569,-8.42387920049,0,0,
2817,2817,1.4085000,289839,1409,18163.9199,25935.0137,-1.82388655129,-12.3917956642,0,0,
2818,2818,1.4090000,289839,1409,18166.5645,25937.7754,-0.802527217276,-13.0199083391,0,0,
2819,2819,1.4095000,289840,1410,18163.3184,25940.0605,-3.78841114586,-11.0194839931,0,0,
2820,2820,1.4100000,289840,1410,18166.5645,25944.0254,-2.05245664908,-9.18874700208,0,0,
2821,2821,1.4105000,289841,1411,18163.9199,25947.1543,-6.0993838714,-8.68468076479,0,0,
2822,2822,1.4110000,289841,1411,18165.9629,25949.3145,-5.31458545746,-9.40642534593,0,0,
2823,2823,1.4115000,289842,1412,18164.4004,25954.9668,-6.35074985325,-7.88050978857,0,0,
2824,2824,1.4120000,289842,1412,18168.7285,25952.8027,-1.80458360417,-14.0056833154,0,0,
2825,2825,1.4125000,289843,1413,18168.3672,25952.9219,-2.78884661773,-18.2539087294,0,0,
2826,2826,1.4130000,289843,1413,18168.6074,25951.4785,-2.51874950282,-22.495800617,0,0,
2827,2827,1.4135000,289844,1414,18166.9258,25957.4902,-5.31678907535,-20.9016182843,0,0,
2828,2828,1.4140000,289844,1414,18168.7285,25957.7285,-4.483426043,-24.1402553446,0,0,
2829,2829,1.4145000,289845,1415,18171.0117,25960.9766,-3.39658429857,-22.4277050372,0,0,
2830,2830,1.4150000,289845,1415,18173.8965,25960.6152,-1.70445063396,-24.4386957993,0,0,
2831,2831,1.4155000,289846,1416,18174.377,25962.7793,-0.303555693794,-23.2826114406,0,0,
2832,2832,1.4160000,289846,1416,18172.9355,25963.2598,-2.7387230487,-21.8452580557,0,0,
2833,2833,1.4165000,289847,1417,18174.498,25961.8184,-2.07149440373,-21.2828552054,0,0,
2834,2834,1.4170000,289847,1417,18179.9082,25966.2656,1.00722106707,-16.4625909498,0,0,
2835,2835,1.4175000,289848,1418,18177.3828,25966.8652,-2.83483622268,-16.4774871704,0,0,
2836,2836,1.4180000,289848,1418,18178.7051,25964.8223,-1.96609216407,-16.6653319341,0,0,
2837,2837,1.4185000,289849,1419,18180.0273,25969.2715,-1.51069632678,-12.771522869,0,0,
2838,2838,1.4190000,289849,1419,18180.6289,25973.2363,-0.822588100021,-11.1419138708,0,0,
2839,2839,1.4195000,289850,1420,18176.541,25973.2363,-3.4849974748,-12.801496078,0,0,
2840,2840,1.4200000,289850,1420,18176.4219,25976.2422,-2.67367065686,-9.12481195612,0,0,
2841,2841,1.4205000,289851,1421,18176.3008,25977.2031,-3.49977689119,-8.48177741613,0,0,
2842,2842,1.4210000,289851,1421,18180.5078,25975.6406,-0.0758077123893,-8.83009615802,0,0,
2843,2843,1.4215000,289852,1422,18184.8359,25979.8457,3.37512215228,-3.53837664974,0,0,
2844,2844,1.4220000,289852,1422,18185.6777,25982.4922,3.40514193881,-0.116857206758,0,0,
2845,2845,1.4225000,289853,1423,18188.5605,25986.5781,2.98064890974,4.84164918127,0,0,
2846,2846,1.4230000,289853,1423,18186.7598,25985.7363,-0.706831273654,4.68266255148,0,0,
2847,2847,1.4235000,289854,1424,18184.3535,25987.2988,-3.70577723377,5.84394897128,0,0,
2848,2848,1.4240000,289854,1424,18180.6289,25991.0254,-6.87778098943,7.53617850922,0,0,
2849,2849,1.4245000,289855,1425,18186.998,25991.3887,-1.38573510796,6.28963628736,0,0,
2850,2850,1.4250000,289855,1425,18186.6387,25996.4355,-2.49303716604,9.4499594791,0,0,
2851,2851,1.4255000,289856,1426,18183.5137,25994.0312,-4.78566220015,6.02238701121,0,0,
2852,2852,1.4260000,289856,1426,18188.8027,25996.0762,-0.158280290852,8.6682038909,0,0,
2853,2853,1.4265000,289857,1427,18193.25,25997.877,3.51827616551,10.5878593229,0,0,
2854,2854,1.4270000,289857,1427,18194.6934,26002.6855,4.2280532587,15.1067936771,0,0,
2855,2855,1.4275000,289858,1428,18192.2871,26004.0078,1.60438665883,17.4223169898,0,0,
2856,2856,1.4280000,289858,1428,18198.5391,26000.8828,6.56891406408,12.5264250038,0,0,
2857,2857,1.4285000,289859,1429,18199.5,25997.0371,4.39924103783,7.72955931151,0,0,
2858,2858,1.4290000,289859,1429,18196.2559,26001.4844,0.382983875511,11.6320141468,0,0,
2859,2859,1.4295000,289860,1430,18192.0488,26005.9316,-1.79934146448,17.2496887345,0,0,
2860,2860,1.4300000,289860,1430,18195.1738,26010.5,0.522172414822,20.6950536267,0,0,
2861,2861,1.4305000,289861,1431,18198.0566,26013.2637,2.69590575073,21.8636283004,0,0,
2862,2862,1.4310000,289861,1431,18202.9863,26013.0234,5.50512170999,20.1812399747,0,0,
2863,2863,1.4315000,289862,1432,18209.1152,26022.5176,10.2249644708,25.4461025325,0,0,
2864,2864,1.4320000,289862,1432,18210.6777,26024.0801,9.67001010501,23.5403344119,0,0,
2865,2865,1.4325000,289863,1433,18207.9141,26036.9434,5.68845505569,29.5149360317,0,0,
2866,2866,1.4330000,289863,1433,18203.3457,26046.4395,1.31670179963,31.6734829017,0,0,
2867,2867,1.4335000,289864,1434,18201.543,26046.9199,-0.809288357558,23.4250090679,0,0,
2868,2868,1.4340000,289864,1434,18200.4629,26047.041,-2.27898264171,16.997844788,0,0,
2869,2869,1.4345000,289865,1435,18196.7363,26056.2969,-5.59111319831,19.6708807134,0,0,
2870,2870,1.4350000,289865,1435,18198.9004,26052.209,-3.19678260424,10.6845592696,0,0,
2871,2871,1.4355000,289866,1436,18202.625,26052.4512,2.0828706912,6.62790077355,0,0,
2872,2872,1.4360000,289866,1436,18207.0723,26043.1953,5.66566054693,-2.94550529486,0,0,
2873,2873,1.4365000,289867,1437,18209.1152,26035.8613,6.20163960772,-8.24612961035,0,0,
2874,2874,1.4370000,289867,1437,18209.7168,26031.0547,4.31011722215,-11.8616096148,0,0,
2875,2875,1.4375000,289868,1438,18206.2324,26033.9375,0.860635915865,-8.55264266202,0,0,
2876,2876,1.4380000,289868,1438,18202.7461,26042.2324,-1.85862776928,0.39316855254,0,0,
2877,2877,1.4385000,289869,1439,18195.7734,26051.127,-6.96798783012,5.78761151424,0,0,
2878,2878,1.4390000,289869,1439,18195.1738,26055.0938,-4.90930477377,5.0046719159,0,0,
2879,2879,1.4395000,289870,1440,18186.2773,26056.6562,-8.54176695193,2.93509255635,0,0,
2880,2880,1.4400000,289870,1440,18184.1152,26066.752,-6.66941930645,9.36125723625,0,0,
2881,2881,1.4405000,289871,1441,18196.1348,26063.8691,5.27703577536,3.43091815242,0,0,
2882,2882,1.4410000,289871,1441,18205.5098,26066.875,12.4495621906,4.39912851619,0,0,
2883,2883,1.4415000,289872,1442,18205.3906,26077.8125,10.8529569026,10.9483620161,0,0,
2884,2884,1.4420000,289872,1442,18203.707,26092.2363,8.83486432894,19.1231407659,0,0,
2885,2885,1.4425000,289873,1443,18221.8574,26094.4004,21.1133208282,15.7779145554,0,0,
2886,2886,1.4430000,289873,1443,18238.9277,26089.4707,30.8656793041,7.51732157495,0,0,
2887,2887,1.4435000,289874,1444,18243.1348,26082.9824,28.1446823545,-1.67365653884,0,0,
2888,2888,1.4440000,289874,1444,18240.1289,26078.0527,19.9001543997,-9.13368664586,0,0,
2889,2889,1.4445000,289875,1445,18241.6914,26078.8926,14.5935897082,-9.85814622427,0,0,
2890,2890,1.4450000,289875,1445,18253.4707,26069.5176,19.1126551766,-19.1308535756,0,0,
2891,2891,1.4455000,289876,1446,18273.1855,26067.5957,29.6276212618,-19.0818907419,0,0,
2892,2892,1.4460000,289876,1446,18291.6953,26073.6035,34.5535776253,-11.7316364277,0,0,
2893,2893,1.4465000,289877,1447,18303.8359,26083.1016,33.008191067,-2.87009283719,0,0,
2894,2894,1.4470000,289877,1447,18308.7637,26088.9922,25.6015394418,1.25550314519,0,0,
2895,2895,1.4475000,289878,1448,18308.4043,26099.5703,15.0728298655,10.0511322171,0,0,
2896,2896,1.4480000,289878,1448,18316.9375,26093.7988,11.6839622802,1.9552948699,0,0,
2897,2897,1.4485000,289879,1449,18323.4277,26098.127,6.04877711745,3.34642611201,0,0,
2898,2898,1.4490000,289879,1449,18326.916,26116.0371,0.108658531471,14.6480881455,0,0,
2899,2899,1.4495000,289880,1450,18322.9473,26129.8594,-9.599716222,21.9728802386,0,0,
2900,2900,1.4500000,289880,1450,18304.918,26148.0098,-31.7662842389,29.8628516484,0,0,
2901,2901,1.4505000,289881,1451,18289.4121,26164.3594,-46.9783758149,34.2551428772,0,0,
2902,2902,1.4510000,289881,1451,18277.0312,26173.1328,-56.9597323705,31.2223111001,0,0,
2903,2903,1.4515000,289882,1452,18275.1074,26174.8145,-54.7163947573,19.6993469116,0,0,
2904,2904,1.4520000,289882,1452,18288.8105,26173.7344,-39.1579541586,9.21060526871,0,0,
2905,2905,1.4525000,289883,1453,18308.2832,26171.5703,-20.6547665281,-3.54617462336,0,0,
2906,2906,1.4530000,289883,1453,18330.041,26171.4512,-3.16030705824,-11.4996612579,0,0,
2907,2907,1.4535000,289884,1454,18348.1895,26170.127,6.69926754571,-19.2725268577,0,0,
2908,2908,1.4540000,289884,1454,18355.8848,26173.252,5.38509409961,-21.1525729744,0,0,
2909,2909,1.4545000,289885,1455,18368.5059,26173.252,8.27821053361,-25.9946575779,0,0,
2910,2910,1.4550000,289885,1455,18378.9629,26176.377,7.54932380771,-25.0028313283,0,0,
2911,2911,1.4555000,289886,1456,18381.7266,26188.0391,1.61847160631,-17.947501836,0,0,
2912,2912,1.4560000,289886,1456,18390.8613,26191.2832,0.503930912888,-16.271006831,0,0,
2913,2913,1.4565000,289887,1457,18407.209,26191.5234,5.19081126418,-17.0079623591,0,0,
2914,2914,1.4570000,289887,1457,18410.5762,26203.0625,-2.57371307544,-10.1193116041,0,0,
2915,2915,1.4575000,289888,1458,18407.4512,26208.834,-12.5559598997,-10.7747543409,0,0,
2916,2916,1.4580000,289888,1458,18410.8164,26204.9863,-15.4238878155,-18.6411821878,0,0,
2917,2917,1.4585000,289889,1459,18421.3945,26204.1465,-11.5335202586,-24.3695857034,0,0,
2918,2918,1.4590000,289889,1459,18428.0059,26199.6973,-12.0814695513,-31.6612384097,0,0,
2919,2919,1.4595000,289890,1460,18435.5781,26204.3848,-9.48850385547,-28.8713551469,0,0,
2920,2920,1.4600000,289890,1460,18436.1777,26204.1465,-14.9567442312,-30.5707645466,0,0,
2921,2921,1.4605000,289891,1461,18435.0977,26212.3203,-23.9945447773,-22.8990419548,0,0,
2922,2922,1.4610000,289891,1461,18428.0059,26223.6172,-35.6705582597,-13.9677790388,0,0,
2923,2923,1.4615000,289892,1462,18427.7637,26234.916,-37.1067361504,-8.29429612571,0,0,
2924,2924,1.4620000,289892,1462,18448.8008,26242.0098,-19.7423125553,-7.30548599654,0,0,
2925,2925,1.4625000,289893,1463,18467.791,26245.2559,-11.9776960182,-7.17508921039,0,0,
2926,2926,1.4630000,289893,1463,18482.8184,26245.375,-7.70577090867,-7.8799989151,0,0,
2927,2927,1.4635000,289894,1464,18494.7168,26249.7031,-4.2730619195,-5.49755268814,0,0,
2928,2928,1.4640000,289894,1464,18499.166,26253.6699,-6.030759469,-5.03574057398,0,0,
2929,2929,1.4645000,289895,1465,18500.7285,26263.1641,-11.9608094393,-0.641212805654,0,0,
2930,2930,1.4650000,289895,1465,18509.502,26263.2832,-11.6444663979,-3.42949426038,0,0,
2931,2931,1.4655000,289896,1466,18515.873,26269.1738,-13.6043926948,-1.23911328998,0,0,
2932,2932,1.4660000,289896,1466,18518.6387,26274.7031,-19.0050739918,-0.57585746201,0,0,
2933,2933,1.4665000,289897,1467,18516.9551,26285.7637,-24.9909563652,3.81210378877,0,0,
2934,2934,1.4670000,289897,1467,18535.707,26289.25,-11.0685166989,1.67631420535,0,0,
2935,2935,1.4675000,289898,1468,18563.7129,26288.6484,9.22806529587,-2.70943957558,0,0,
2936,2936,1.4680000,289898,1468,18589.4375,26287.6855,21.0642042131,-5.13881080951,0,0,
2937,2937,1.4685000,289899,1469,18610.9531,26295.5,26.7072383205,-1.6417804388,0,0,
2938,2938,1.4690000,289899,1469,18622.6133,26305.8359,24.5795412313,0.565271484218,0,0,
2939,2939,1.4695000,289900,1470,18630.1855,26317.0156,21.5687832683,5.27295335739,0,0,
2940,2940,1.4700000,289900,1470,18637.3984,26317.9766,18.5469750702,-0.642473908175,0,0,
2941,2941,1.4705000,289901,1471,18637.3984,26316.1738,9.80985436935,-7.00452756997,0,0,
2942,2942,1.4710000,289901,1471,18636.3164,26312.209,0.528070390394,-11.9940107783,0,0,
2943,2943,1.4715000,289902,1472,18631.5078,26313.1699,-10.8592872874,-12.4461540122,0,0,
2944,2944,1.4720000,289902,1472,18629.584,26316.8965,-19.7592608211,-8.3405482442,0,0,
2945,2945,1.4725000,289903,1473,18633.791,26321.8223,-21.8450412129,-5.86008375933,0,0,
2946,2946,1.4730000,289903,1473,18640.1621,26333.4844,-21.1565915852,2.29416691041,0,0,
2947,2947,1.4735000,289904,1474,18646.5332,26348.5078,-20.3476169392,11.6895400534,0,0,
2948,2948,1.4740000,289904,1474,18641.3652,26359.3262,-27.0275208522,15.678294771,0,0,
2949,2949,1.4745000,289905,1475,18627.4199,26365.8184,-39.2042869441,15.0591271984,0,0,
2950,2950,1.4750000,289905,1475,18605.5449,26374.834,-54.5913315196,17.6600489746,0,0,
2951,2951,1.4755000,289906,1476,18586.5527,26392.8613,-60.8034032978,24.7383092647,0,0,
2952,2952,1.4760000,289906,1476,18579.8203,26404.5234,-56.0997064206,28.4593825867,0,0,
2953,2953,1.4765000,289907,1477,18585.8301,26410.4141,-41.3702603646,27.0290927478,0,0,
2954,2954,1.4770000,289907,1477,18610.5918,26416.3027,-11.2271995267,22.1746242954,0,0,
2955,2955,1.4775000,289908,1478,18653.0254,26419.7891,30.718890176,15.6758206093,0,0,
2956,2956,1.4780000,289908,1478,18704.9512,26416.5449,71.152029774,6.65795810941,0,0,
2957,2957,1.4785000,289909,1479,18729.1113,26420.2676,79.6643243276,2.82564559009,0,0,
2958,2958,1.4790000,289909,1479,18726.1074,26419.3066,63.9495808234,-3.54074880014,0,0,
2959,2959,1.4795000,289910,1480,18721.7793,26421.3516,51.1790761669,-7.00471973139,0,0,
2960,2960,1.4800000,289910,1480,18726.9492,26422.5527,47.7020530397,-9.83491548112,0,0,
2961,2961,1.4805000,289911,1481,18722.7422,26423.6348,34.4789998931,-11.9660904738,0,0,
2962,2962,1.4810000,289911,1481,18729.4727,26427.4824,33.5174439406,-11.7814210492,0,0,
2963,2963,1.4815000,289912,1482,18736.2051,26430.6074,32.8501135674,-13.2806915036,0,0,
2964,2964,1.4820000,289912,1482,18744.1387,26429.0449,30.0983176801,-17.4442472796,0,0,
2965,2965,1.4825000,289913,1483,18745.8203,26437.5781,19.0756827981,-9.69990657392,0,0,
2966,2966,1.4830000,289913,1483,18741.7324,26444.4297,7.02268638567,-2.70786306925,0,0,
2967,2967,1.4835000,289914,1484,18733.4395,26453.2051,-3.39354461365,3.51184278527,0,0,
2968,2968,1.4840000,289914,1484,18735.4824,26456.2109,-0.623723229869,2.99846155841,0,0,
2969,2969,1.4845000,289915,1485,18736.084,26457.6543,-0.492251094751,0.0907815782448,0,0,
2970,2970,1.4850000,289915,1485,18741.8535,26462.9395,2.24549902406,3.50991289572,0,0,
2971,2971,1.4855000,289916,1486,18751.5898,26466.1875,7.98318683278,3.52393103431,0,0,
2972,2972,1.4860000,289916,1486,18757.7207,26471.3574,9.55190623605,4.55859362003,0,0,
2973,2973,1.4865000,289917,1487,18755.7969,26470.1543,6.4511663212,-1.07992642826,0,0,
2974,2974,1.4870000,289917,1487,18762.4082,26472.0762,9.06818066847,-1.26189109109,0,0,
2975,2975,1.4875000,289918,1488,18769.8613,26471.9551,11.5797258431,-1.66642593264,0,0,
2976,2976,1.4880000,289918,1488,18770.9434,26474.7207,6.95405636959,1.65383247368,0,0,
2977,2977,1.4885000,289919,1489,18770.9434,26479.0488,3.18997797736,2.89722345784,0,0,
2978,2978,1.4890000,289919,1489,18772.8652,26482.7754,5.0574524773,0.977652054383,0,0,
2979,2979,1.4895000,289920,1490,18777.0723,26483.9766,11.3178719091,-0.788549120645,0,0,
2980,2980,1.4900000,289920,1490,18779.959,26486.5,15.5938267436,-0.357490178169,0,0,
2981,2981,1.4905000,289921,1491,18784.6465,26492.2715,21.6264805808,3.72436792519,0,0,
2982,2982,1.4910000,289921,1491,18788.1309,26497.3203,24.65334487,8.23834724359,0,0,
2983,2983,1.4915000,289922,1492,18786.3281,26506.6953,22.5287133744,13.9919768722,0,0,
2984,2984,1.4920000,289922,1492,18790.7754,26508.1387,23.3645637293,13.1785384981,0,0,
2985,2985,1.4925000,289923,1493,18796.0645,26516.3125,23.2204783879,15.9970147122,0,0,
2986,2986,1.4930000,289923,1493,18801.5957,26520.2793,22.7513098836,13.9779507942,0,0,
2987,2987,1.4935000,289924,1494,18804.959,26524.4844,20.0976086935,11.8797169565,0,0,
2988,2988,1.4940000,289924,1494,18808.2051,26528.5723,20.5928262641,10.6163206514,0,0,
2989,2989,1.4945000,289925,1495,18810.3691,26527.6094,20.8361785337,6.03112549887,0,0,
2990,2990,1.4950000,289925,1495,18816.8613,26526.5293,25.2084750417,2.83207200015,0,0,
2991,2991,1.4955000,289926,1496,18819.5059,26527.8516,26.4993291586,-0.822975317336,0,0,
2992,2992,1.4960000,289926,1496,18824.1934,26537.3457,25.0561250841,6.86085144615,0,0,
2993,2993,1.4965000,289927,1497,18823.7129,26546.8438,16.1879019715,14.5757942558,0,0,
2994,2994,1.4970000,289927,1497,18828.4004,26552.252,10.9994408262,14.7712049817,0,0,
2995,2995,1.4975000,289928,1498,18825.2754,26557.6621,-0.74844862377,14.9490335168,0,0,
2996,2996,1.4980000,289928,1498,18826.4766,26552.8516,-9.24364299388,9.29908643202,0,0,
2997,2997,1.4985000,289929,1499,18827.3184,26549.8496,-12.4490681165,3.32075509743,0,0,
2998,2998,1.4990000,289929,1499,18824.9141,26555.2578,-12.8020236357,6.49405818315,0,0,
2999,2999,1.4995000,289930,1500,18828.0391,26560.5469,-6.96078457207,7.71075710743,0,0,
3000,3000,1.5000000,289930,1500,18830.082,26563.0703,-4.96202908197,6.86611875293,0,0,
3001,3001,1.5005000,289931,1501,18842.3438,26568.7188,4.46677502882,8.61859937655,0,0,
3002,3002,1.5010000,289931,1501,18845.8301,26566.4355,3.80162612772,2.52812736532,0,0,
3003,3003,1.5015000,289932,1502,18852.1992,26563.791,5.59964303603,-3.68111566835,0,0,
3004,3004,1.5020000,289932,1502,18851.959,26553.2129,-1.12780340811,-13.8474638524,0,0,
3005,3005,1.5025000,289933,1503,18854.8438,26554.2949,-6.02366202807,-12.0096466466,0,0,
3006,3006,1.5030000,289933,1503,18860.2539,26555.9785,-5.93087954829,-8.07339865356,0,0,
3007,3007,1.5035000,289934,1504,18865.7832,26551.7715,-3.27967323118,-10.6791838802,0,0,
3008,3008,1.5040000,289934,1504,18867.1055,26552.4922,-4.57175751169,-8.33898581572,0,0,
3009,3009,1.5045000,289935,1505,18867.2246,26556.8203,-7.62298503281,-4.12187158623,0,0,
3010,3010,1.5050000,289935,1505,18867.9473,26564.3926,-12.1510074735,3.38956781908,0,0,
3011,3011,1.5055000,289936,1506,18868.0664,26570.6426,-17.0255741042,7.74072291781,0,0,
3012,3012,1.5060000,289936,1506,18863.0176,26575.6895,-24.7982166358,9.34504588876,0,0,
3013,3013,1.5065000,289937,1507,18858.5703,26579.416,-27.5231909171,9.32730269985,0,0,
3014,3014,1.5070000,289937,1507,18859.0508,26578.0957,-28.5053977054,5.85296864639,0,0,
3015,3015,1.5075000,289938,1508,18861.5762,26573.166,-27.8700623703,1.29831185607,0,0,
3016,3016,1.5080000,289938,1508,18861.334,26574.3691,-29.5605865668,2.92725182689,0,0,
3017,3017,1.5085000,289939,1509,18861.2148,26574.4902,-29.8173451234,0.755552511708,0,0,
3018,3018,1.5090000,289939,1509,18862.7773,26576.0527,-26.1891231799,-1.83154875667,0,0,
3019,3019,1.5095000,289940,1510,18866.7441,26581.4609,-19.2785490755,0.888770540817,0,0,
3020,3020,1.5100000,289940,1510,18872.5137,26586.0293,-11.7207469079,2.55515581453,0,0,
3021,3021,1.5105000,289941,1511,18879.7266,26580.6191,-3.84811826563,-4.07750076416,0,0,
3022,3022,1.5110000,289941,1511,18886.8184,26579.416,1.86922267222,-4.55604209483,0,0,
3023,3023,1.5115000,289942,1512,18891.627,26572.5645,5.16410723682,-11.2892587157,0,0,
3024,3024,1.5120000,289942,1512,18897.2754,26567.998,5.28824722499,-12.5617659497,0,0,
3025,3025,1.5125000,289943,1513,18892.9473,26565.9551,-4.14792198238,-13.9315873236,0,0,
3026,3026,1.5130000,289943,1513,18886.2168,26565.7129,-14.1094667077,-13.2268881702,0,0,
3027,3027,1.5135000,289944,1514,18882.7324,26569.3203,-19.3050350274,-9.77494476207,0,0,
3028,3028,1.5140000,289944,1514,18882.3711,26577.7344,-18.4130864596,-2.42978368253,0,0,
3029,3029,1.5145000,289945,1515,18877.5625,26581.2207,-20.1283497463,0.838499048774,0,0,
3030,3030,1.5150000,289945,1515,18871.3125,26582.0625,-22.3410215947,1.77996034099,0,0,
3031,3031,1.5155000,289946,1516,18862.5371,26580.1387,-24.1616336799,-2.60187645064,0,0,
3032,3032,1.5160000,289946,1516,18861.8164,26580.3809,-21.9727645484,-2.59552078055,0,0,
3033,3033,1.5165000,289947,1517,18869.1484,26586.0293,-14.9235758143,3.02506308598,0,0,
3034,3034,1.5170000,289947,1517,18879.6055,26587.4707,-8.82325636624,2.72833449878,0,0,
3035,3035,1.5175000,289948,1518,18898.4785,26587.3516,3.47075463248,1.3243101095,0,0,
3036,3036,1.5180000,289948,1518,18912.6621,26589.5156,6.76127130368,5.76898260291,0,0,
3037,3037,1.5185000,289949,1519,18923.4805,26579.8984,9.56283498725,-2.81128921398,0,0,
3038,3038,1.5190000,289949,1519,18924.0801,26575.8125,7.53471288582,-5.66316915938,0,0,
3039,3039,1.5195000,289950,1520,18912.9023,26576.8926,-3.57024054885,-4.62642927654,0,0,
3040,3040,1.5200000,289950,1520,18902.8047,26581.2207,-12.9872818706,-0.256089619818,0,0,
3041,3041,1.5205000,289951,1521,18895.1113,26587.3516,-20.4589508258,4.17460225382,0,0,
3042,3042,1.5210000,289951,1521,18895.9531,26591.0781,-18.5721874128,6.20389356355,0,0,
3043,3043,1.5215000,289952,1522,18894.9922,26596.7266,-18.4603964627,8.46234903768,0,0,
3044,3044,1.5220000,289952,1522,18901.7227,26599.8516,-12.7768007202,10.1805351059,0,0,
3045,3045,1.5225000,289953,1523,18897.1543,26604.2988,-19.0217808326,10.633446602,0,0,
3046,3046,1.5230000,289953,1523,18890.3027,26604.0605,-24.2286124779,8.11370714323,0,0,
3047,3047,1.5235000,289954,1524,18889.2227,26599.1309,-21.1778022983,1.96721022695,0,0,
3048,3048,1.5240000,289954,1524,18887.7793,26596.9668,-17.6907987166,-1.61869324589,0,0,
3049,3049,1.5245000,289955,1525,18880.4473,26600.2129,-19.6458537351,-1.5276956155,0,0,
3050,3050,1.5250000,289955,1525,18872.9941,26607.4238,-22.8007694331,2.12483156936,0,0,
3051,3051,1.5255000,289956,1526,18869.8691,26621.127,-21.6608874593,9.76815255274,0,0,
3052,3052,1.5260000,289956,1526,18865.9023,26637.2344,-19.7038340075,16.9668543818,0,0,
3053,3053,1.5265000,289957,1527,18854.7246,26649.1348,-21.1286308544,18.9005681054,0,0,
3054,3054,1.5270000,289957,1527,18859.8926,26655.5059,-11.6181836599,16.7572583502,0,0,
3055,3055,1.5275000,289958,1528,18874.7988,26655.1465,3.65881244737,10.522149773,0,0,
3056,3056,1.5280000,289958,1528,18881.4082,26652.0215,9.73068835966,1.98719258037,0,0,
3057,3057,1.5285000,289959,1529,18884.1738,26653.584,12.1200700686,-3.37754751378,0,0,
3058,3058,1.5290000,289959,1529,18884.5332,26659.2324,13.5511561997,-6.54191155045,0,0,
3059,3059,1.5295000,289960,1530,18890.1836,26661.998,19.9623085411,-10.9764824259,0,0,
3060,3060,1.5300000,289960,1530,18903.5254,26669.9297,31.1651371574,-10.2738503392,0,0,
3061,3061,1.5305000,289961,1531,18922.8789,26671.6113,44.8520338667,-13.1870120764,0,0,
3062,3062,1.5310000,289961,1531,18937.4238,26669.209,50.9684628179,-18.522708385,0,0,
3063,3063,1.5315000,289962,1532,18953.7715,26669.8105,57.4295306747,-20.9668907816,0,0,
3064,3064,1.5320000,289962,1532,18969.2773,26676.7812,58.4118809469,-16.4721228189,0,0,
3065,3065,1.5325000,289963,1533,18968.7949,26684.8359,45.8431633572,-14.5307593396,0,0,
3066,3066,1.5330000,289963,1533,18966.0312,26692.2871,33.0608252432,-13.7724994992,0,0,
3067,3067,1.5335000,289964,1534,18962.1855,26703.8281,20.6985574601,-10.9858575924,0,0,
3068,3068,1.5340000,289964,1534,18956.8965,26709.7168,10.4019685291,-13.8456742827,0,0,
3069,3069,1.5345000,289965,1535,18954.8535,26710.9199,5.86132957181,-18.1752354484,0,0,
3070,3070,1.5350000,289965,1535,18954.373,26712,3.47994150912,-20.9326512664,0,0,
3071,3071,1.5355000,289966,1536,18957.7363,26715.3672,6.15569898571,-23.0384468404,0,0,
3072,3072,1.5360000,289966,1536,18964.709,26718.1309,7.00771937659,-24.0238095261,0,0,
3073,3073,1.5365000,289967,1537,18964.709,26720.7754,-0.838674857893,-24.617089859,0,0,
3074,3074,1.5370000,289967,1537,18969.2773,26721.498,-6.02449285143,-26.7651820466,0,0,
3075,3075,1.5375000,289968,1538,18972.4023,26725.7031,-12.4326498876,-24.9578827009,0,0,
3076,3076,1.5380000,289968,1538,18973.123,26735.0801,-20.8202487007,-16.3638550585,0,0,
3077,3077,1.5385000,289969,1539,18973.0039,26740.0078,-24.9733944385,-12.9138126573,0,0,
3078,3078,1.5390000,289969,1539,18979.0137,26742.1719,-17.9493916709,-13.4799509214,0,0,
3079,3079,1.5395000,289970,1540,18979.0137,26745.1777,-14.73597743,-14.6624775071,0,0,
3080,3080,1.5400000,289970,1540,18981.6582,26748.541,-11.0503956044,-14.9554299669,0,0,
3081,3081,1.5405000,289971,1541,18983.4609,26750.3457,-10.6169389555,-16.8877746715,0,0,
3082,3082,1.5410000,289971,1541,18987.4277,26745.7793,-9.24781042616,-22.4215881862,0,0,
3083,3083,1.5415000,289972,1542,18983.7012,26746.377,-14.1408611649,-23.1284724683,0,0,
3084,3084,1.5420000,289972,1542,18989.7109,26746.2578,-12.0061804632,-21.5774921467,0,0,
3085,3085,1.5425000,289973,1543,18992.7168,26745.0566,-12.1941121533,-22.2055349966,0,0,
3086,3086,1.5430000,289973,1543,18992.957,26747.5801,-12.9604858328,-17.3505231823,0,0,
3087,3087,1.5435000,289974,1544,18989.4707,26754.6719,-15.6193725701,-8.4738897318,0,0,
3088,3088,1.5440000,289974,1544,18990.3125,26762.125,-13.2069996814,-1.64202988419,0,0,
3089,3089,1.5445000,289975,1545,18992.4766,26767.2949,-9.29295061294,0.403848261791,0,0,
3090,3090,1.5450000,289975,1545,18996.5625,26761.5234,-5.92788750534,-6.73605729539,0,0,
3091,3091,1.5455000,289976,1546,18995.7207,26759.1191,-8.05322026723,-10.6288323773,0,0,
3092,3092,1.5460000,289976,1546,18994.8809,26758.8809,-8.50930662414,-12.2308640619,0,0,
3093,3093,1.5465000,289977,1547,18996.4434,26753.9512,-3.74862913165,-15.873337752,0,0,
3094,3094,1.5470000,289977,1547,18997.2832,26753.7109,-5.5508725657,-12.2296225232,0,0,
3095,3095,1.5475000,289978,1548,18997.7656,26746.7402,-9.2342627286,-11.6389918375,0,0,
3096,3096,1.5480000,289978,1548,18999.0879,26743.375,-9.6186847608,-7.63146362245,0,0,
3097,3097,1.5485000,289979,1549,18998.4863,26737.123,-10.0726889845,-8.27588741961,0,0,
3098,3098,1.5490000,289979,1549,19001.8516,26737.002,-5.32884606478,-5.21432106111,0,0,
3099,3099,1.5495000,289980,1550,18996.6836,26731.4746,-8.14007638135,-5.33808660637,0,0,
3100,3100,1.5500000,289980,1550,18989.4707,26738.6855,-12.9043730382,4.97750988504,0,0,
3101,3101,1.5505000,289981,1551,18985.5039,26744.0938,-14.3733734505,14.8328970476,0,0,
3102,3102,1.5510000,289981,1551,18984.7832,26746.0176,-11.7616236859,21.3661637837,0,0,
3103,3103,1.5515000,289982,1552,18984.9043,26745.1777,-7.87807286484,23.7270516819,0,0,
3104,3104,1.5520000,289982,1552,18990.4316,26746.2578,-1.63140631515,27.3671763052,0,0,
3105,3105,1.5525000,289983,1553,18995.3613,26738.5645,6.56938623152,21.1976271484,0,0,
3106,3106,1.5530000,289983,1553,18997.7656,26735.6797,11.9402921305,20.2825978225,0,0,
3107,3107,1.5535000,289984,1554,19000.2891,26725.8223,16.3937581771,12.7290644507,0,0,
3108,3108,1.5540000,289984,1554,19007.9824,26717.0488,25.5703688188,8.58970734591,0,0,
3109,3109,1.5545000,289985,1555,19012.0684,26708.2734,30.6022728832,8.03519039796,0,0,
3110,3110,1.5550000,289985,1555,19013.2715,26712.123,32.085820451,18.9926732527,0,0,
3111,3111,1.5555000,289986,1556,19013.5117,26716.6895,32.9800636984,26.9058947971,0,0,
3112,3112,1.5560000,289986,1556,19016.0352,26717.7715,31.5226810446,31.5661619437,0,0,
3113,3113,1.5565000,289987,1557,19021.5645,26710.5566,31.5458088239,28.7929761973,0,0,
3114,3114,1.5570000,289987,1557,19023.7285,26705.5098,25.8625673017,28.4423489612,0,0,
3115,3115,1.5575000,289988,1558,19030.0996,26700.2207,23.8573148178,27.820127408,0,0,
3116,3116,1.5580000,289988,1558,19033.5859,26695.291,18.9812054883,28.9754257231,0,0,
3117,3117,1.5585000,289989,1559,19037.0723,26689.4043,17.4196600221,29.8915309157,0,0,
3118,3118,1.5590000,289989,1559,19037.793,26687.8418,16.7924241638,33.6052235377,0,0,
3119,3119,1.5595000,289990,1560,19039.9551,26675.8203,19.9842853326,26.7123823174,0,0,
3120,3120,1.5600000,289990,1560,19047.7695,26659.9531,25.4283014848,18.1944450962,0,0,
3121,3121,1.5605000,289991,1561,19049.9316,26649.4941,23.4010390433,15.6302240435,0,0,
3122,3122,1.5610000,289991,1561,19053.0586,26635.1934,21.1044337962,12.4530524532,0,0,
3123,3123,1.5615000,289992,1562,19048.8516,26619.5645,14.2920650618,7.60664609171,0,0,
3124,3124,1.5620000,289992,1562,19052.2168,26601.8965,11.4365642353,4.34882073679,0,0,
3125,3125,1.5625000,289993,1563,19050.6543,26585.9082,5.67052373753,2.54514990418,0,0,
3126,3126,1.5630000,289993,1563,19056.0645,26567.3984,8.06497270549,0.418368628953,0,0,
3127,3127,1.5635000,289994,1564,19060.1504,26563.9121,9.87992687238,11.2752967544,0,0,
3128,3128,1.5640000,289994,1564,19060.8711,26560.666,8.2247110892,19.7518577927,0,0,
3129,3129,1.5645000,289995,1565,19065.5586,26557.9004,10.0884314059,26.0430159221,0,0,
3130,3130,1.5650000,289995,1565,19064.959,26552.0098,5.43841545969,30.2601278468,0,0,
3131,3131,1.5655000,289996,1566,19070.0059,26551.7715,5.9715625672,36.5552381408,0,0,
3132,3132,1.5660000,289996,1566,19071.5684,26546.8438,4.11158675257,36.6410556091,0,0,
3133,3133,1.5665000,289997,1567,19075.8965,26543.1172,6.50778949374,38.8017487329,0,0,
3134,3134,1.5670000,289997,1567,19072.4102,26544.7988,-2.23937863135,45.3729210816,0,0,
3135,3135,1.5675000,289998,1568,19064.4785,26545.8809,-14.6964760585,52.5793162358,0,0,
3136,3136,1.5680000,289998,1568,19063.9961,26551.1699,-17.5095845002,60.2622694836,0,0,
3137,3137,1.5685000,289999,1569,19066.1602,26550.0879,-16.3333585977,58.9317943553,0,0,
3138,3138,1.5690000,289999,1569,19064.7168,26551.2891,-17.5869323441,55.873837051,0,0,
3139,3139,1.5695000,290000,1570,19063.5156,26554.7754,-16.8669615123,55.7947734559,0,0,
3140,3140,1.5700000,290000,1570,19058.8281,26561.748,-19.5744445525,54.6797620051,0,0,
3141,3141,1.5705000,290001,1571,19062.916,26568.7188,-15.584441748,54.6516706085,0,0,
3142,3142,1.5710000,290001,1571,19059.4277,26571.7246,-18.3561604252,51.353248217,0,0,
3143,3143,1.5715000,290002,1572,19056.0645,26583.7441,-19.934029737,54.1600092351,0,0,
3144,3144,1.5720000,290002,1572,19057.1445,26597.9297,-19.5885457758,56.1392366096,0,0,
3145,3145,1.5725000,290003,1573,19055.9434,26607.6641,-18.1325864991,52.0064862413,0,0,
3146,3146,1.5730000,290003,1573,19057.627,26613.6738,-13.4572616328,42.9239733295,0,0,
3147,3147,1.5735000,290004,1574,19058.5879,26611.873,-10.141579098,27.466385718,0,0,
3148,3148,1.5740000,290004,1574,19054.7402,26612.3535,-10.9079981386,15.5699518527,0,0,
3149,3149,1.5745000,290005,1575,19055.1016,26618.002,-6.75485917549,10.4781666455,0,0,
3150,3150,1.5750000,290005,1575,19056.7832,26618.9629,-1.70254686371,-0.376218609557,0,0,
3151,3151,1.5755000,290006,1576,19055.9434,26619.5645,1.18054383902,-12.2452017035,0,0,
3152,3152,1.5760000,290006,1576,19052.8184,26615.1172,-1.61785492279,-25.6356261351,0,0,
3153,3153,1.5765000,290007,1577,19053.2988,26618.002,-2.07875544801,-29.9124669815,0,0,
3154,3154,1.5770000,290007,1577,19054.7402,26616.2012,-3.10903111016,-38.2556636814,0,0,
3155,3155,1.5775000,290008,1578,19061.2324,26609.2266,-0.869550990849,-49.9241635332,0,0,
3156,3156,1.5780000,290008,1578,19062.4336,26603.3379,-3.31202479153,-57.8786404068,0,0,
3157,3157,1.5785000,290009,1579,19061.834,26604.0605,-4.56476783283,-58.4560591902,0,0,
3158,3158,1.5790000,290009,1579,19059.0684,26606.4629,-4.2826687257,-58.8856028902,0,0,
3159,3159,1.5795000,290010,1580,19056.5449,26611.2715,-1.76695225251,-56.8291482605,0,0,
3160,3160,1.5800000,290010,1580,19067.2422,26608.3848,8.97537976306,-60.8604133912,0,0,
3161,3161,1.5805000,290011,1581,19076.498,26601.8965,16.1242526502,-68.1838474375,0,0,
3162,3162,1.5810000,290011,1581,19084.4316,26597.209,19.5404867802,-70.49970031,0,0,
3163,3163,1.5815000,290012,1582,19091.4023,26591.9199,23.3923383196,-73.6397880318,0,0,
3164,3164,1.5820000,290012,1582,19095.7305,26590.5957,20.0704189043,-70.8255959336,0,0,
3165,3165,1.5825000,290013,1583,19098.4941,26586.9902,17.0704198003,-71.1697125259,0,0,
3166,3166,1.5830000,290013,1583,19094.4082,26590.2363,8.79785562895,-64.4784137634,0,0,
3167,3167,1.5835000,290014,1584,19091.1621,26592.2793,3.68037082808,-62.3320557488,0,0,
3168,3168,1.5840000,290014,1584,19093.4473,26596.3672,4.26655755075,-59.3326913676,0,0,
3169,3169,1.5845000,290015,1585,19091.7637,26607.4238,0.869282980779,-51.952009453,0,0,
3170,3170,1.5850000,290015,1585,19090.0801,26626.7793,-2.41030512616,-37.3132378058,0,0,
3171,3171,1.5855000,290016,1586,19085.1523,26641.2012,-8.71744998607,-31.7575428232,0,0,
3172,3172,1.5860000,290016,1586,19084.4316,26647.8125,-9.171195891,-33.7177579656,0,0,
3173,3173,1.5865000,290017,1587,19085.2715,26648.2949,-7.16712689808,-39.3785383598,0,0,
3174,3174,1.5870000,290017,1587,19090.4414,26648.1738,-4.01419062736,-44.5378524471,0,0,
3175,3175,1.5875000,290018,1588,19091.6426,26650.2168,-5.35954370208,-44.231330213,0,0,
3176,3176,1.5880000,290018,1588,19088.998,26656.1074,-9.93321902411,-41.8472737669,0,0,
3177,3177,1.5885000,290019,1589,19092.0039,26659.7129,-8.54075917367,-41.4902620043,0,0,
3178,3178,1.5890000,290019,1589,19095.6094,26657.3105,-5.88401506999,-48.2348350653,0,0,
3179,3179,1.5895000,290020,1590,19101.1387,26649.7363,-1.20560915995,-56.3081689554,0,0,
3180,3180,1.5900000,290020,1590,19101.3789,26641.5625,-1.79861607917,-65.1373080836,0,0,
3181,3181,1.5905000,290021,1591,19101.7402,26626.6562,-4.67416326772,-74.8285156577,0,0,
3182,3182,1.5910000,290021,1591,19101.6191,26613.7949,-6.25857652089,-77.8492944789,0,0,
3183,3183,1.5915000,290022,1592,19095.3691,26602.1348,-12.3010539776,-79.4612726918,0,0,
3184,3184,1.5920000,290022,1592,19092.7246,26596.125,-16.7075295942,-75.0993509829,0,0,
3185,3185,1.5925000,290023,1593,19086.1133,26594.9238,-20.7309036253,-65.4410468017,0,0,
3186,3186,1.5930000,290023,1593,19068.9238,26586.9902,-31.9596970559,-61.4686755587,0,0,
3187,3187,1.5935000,290024,1594,19057.627,26581.1016,-35.6186875059,-53.627681195,0,0,
3188,3188,1.5940000,290024,1594,19057.0254,26575.0918,-28.2459452039,-45.8470568621,0,0,
3189,3189,1.5945000,290025,1595,19056.7832,26561.627,-21.1936306244,-43.3756652085,0,0,
3190,3190,1.5950000,290025,1595,19053.5391,26548.0449,-17.2601254875,-40.220275536,0,0,
3191,3191,1.5955000,290026,1596,19045.9668,26533.1406,-16.0787536473,-38.1614399768,0,0,
3192,3192,1.5960000,290026,1596,19053.6582,26517.5137,-4.60800821555,-33.3633349227,0,0,
3193,3193,1.5965000,290027,1597,19058.1074,26499.7246,0.717791275884,-29.436848906,0,0,
3194,3194,1.5970000,290027,1597,19051.375,26486.7422,-5.21791462286,-20.0039734798,0,0,
3195,3195,1.5975000,290028,1598,19043.5625,26472.1973,-12.2805753913,-11.1367221559,0,0,
3196,3196,1.5980000,290028,1598,19041.3984,26455.8496,-12.1155425004,-3.15251186909,0,0,
3197,3197,1.5985000,290029,1599,19040.7969,26437.0996,-8.31796282311,2.4687321929,0,0,
3198,3198,1.5990000,290029,1599,19038.7539,26426.2793,-3.34516687809,13.8215528726,0,0,
3199,3199,1.5995000,290030,1600,19040.6777,26416.6641,5.69663333379,25.4786449527,0,0,
3200,3200,1.6000000,290030,1600,19039.4746,26399.9551,6.8259187716,32.2287441148,0,0,
3201,3201,1.6005000,290031,1601,19041.5176,26386.9746,10.5737505392,41.5420415678,0,0,
3202,3202,1.6010000,290031,1601,19045.6055,26376.3965,14.7478026874,53.2755011199,0,0,
3203,3203,1.6015000,290032,1602,19045.8457,26364.6152,16.9504091409,61.8224815703,0,0,
3204,3204,1.6020000,290032,1602,19044.6445,26356.5625,14.9047193715,73.0951835508,0,0,
3205,3205,1.6025000,290033,1603,19043.3223,26342.9785,14.4875138111,77.5623563612,0,0,
3206,3206,1.6030000,290033,1603,19046.6875,26327.7129,19.0754232872,79.7526148212,0,0,
3207,3207,1.6035000,290034,1604,19046.5684,26312.9297,20.5675260155,80.2108193193,0,0,
3208,3208,1.6040000,290034,1604,19046.0859,26290.3301,20.702074092,73.5130557206,0,0,
3209,3209,1.6045000,290035,1605,19044.2832,26269.4141,19.7999743284,67.8029097123,0,0,
3210,3210,1.6050000,290035,1605,19044.043,26251.7441,19.7796709332,66.2245618659,0,0,
3211,3211,1.6055000,290036,1606,19044.043,26236.1191,19.4573102372,66.007309972,0,0,
3212,3212,1.6060000,290036,1606,19044.7637,26222.1738,19.7502108456,68.7840943037,0,0,
3213,3213,1.6065000,290037,1607,19042.3613,26210.6348,17.7422465237,74.9137682218,0,0,
3214,3214,1.6070000,290037,1607,19042.7207,26198.7363,15.7828917931,79.5322582238,0,0,
3215,3215,1.6075000,290038,1608,19040.4375,26190.6816,11.9492955969,87.8432584257,0,0,
3216,3216,1.6080000,290038,1608,19037.793,26192.4863,8.69317819896,100.484185242,0,0,
3217,3217,1.6085000,290039,1609,19036.7109,26191.4043,6.5901046614,107.978871151,0,0,
3218,3218,1.6090000,290039,1609,19032.7441,26193.3281,3.1399861202,114.415192849,0,0,
3219,3219,1.6095000,290040,1610,19029.7383,26188.3984,1.54316168198,114.44703705,0,0,
3220,3220,1.6100000,290040,1610,19032.5039,26190.2031,5.73472425736,116.498472895,0,0,
3221,3221,1.6105000,290041,1611,19031.4219,26193.0859,3.93037132934,119.936605521,0,0,
3222,3222,1.6110000,290041,1611,19030.8203,26199.5781,3.74390535094,124.831762407,0,0,
3223,3223,1.6115000,290042,1612,19028.1758,26202.9434,2.96392384214,122.576285737,0,0,
3224,3224,1.6120000,290042,1612,19024.209,26206.7891,-1.49776991219,117.473969526,0,0,
3225,3225,1.6125000,290043,1613,19020.9629,26206.5488,-1.91881057677,107.360095546,0,0,
3226,3226,1.6130000,290043,1613,19010.8672,26202.584,-5.9239729206,94.9708294848,0,0,
3227,3227,1.6135000,290044,1614,18998.3652,26201.7422,-11.9930395977,85.9610224383,0,0,
3228,3228,1.6140000,290044,1614,18991.2734,26192.2441,-13.3210995314,69.4571705151,0,0,
3229,3229,1.6145000,290045,1615,18984.7832,26181.3066,-13.5702797138,54.6825678711,0,0,
3230,3230,1.6150000,290045,1615,18973.7246,26171.8105,-16.57518897,41.7666210262,0,0,
3231,3231,1.6155000,290046,1616,18964.5879,26169.2871,-15.5743875574,34.5592464856,0,0,
3232,3232,1.6160000,290046,1616,18947.8809,26169.0469,-24.8214538442,30.533796125,0,0,
3233,3233,1.6165000,290047,1617,18934.1777,26150.2949,-29.9628438645,10.9926019252,0,0,
3234,3234,1.6170000,290047,1617,18928.168,26121.6875,-26.436840637,-14.4366283634,0,0,
3235,3235,1.6175000,290048,1618,18925.6426,26109.3047,-21.3002711516,-21.9110355368,0,0,
3236,3236,1.6180000,290048,1618,18927.0859,26096.2031,-13.6315554904,-28.566248237,0,0,
3237,3237,1.6185000,290049,1619,18924.9219,26079.375,-8.62117896019,-37.6584005733,0,0,
3238,3238,1.6190000,290049,1619,18921.4355,26067.1152,-2.91799738331,-44.0894027156,0,0,
3239,3239,1.6195000,290050,1620,18923.8398,26047.6406,7.24338461948,-55.62945196,0,0,
3240,3240,1.6200000,290050,1620,18926.0039,26029.25,12.7968884918,-61.6266692607,0,0,
3241,3241,1.6205000,290051,1621,18929.7305,26011.0996,18.0028669074,-67.1716472961,0,0,
3242,3242,1.6210000,290051,1621,18930.4512,25996.4355,18.8205890177,-68.1227723605,0,0,
3243,3243,1.6215000,290052,1622,18934.0566,25985.498,23.7926223706,-66.1438470222,0,0,
3244,3244,1.6220000,290052,1622,18933.9375,25977.8047,22.6405710933,-61.8380521054,0,0,
3245,3245,1.6225000,290053,1623,18930.9316,25968.7891,20.1601899269,-58.9125282164,0,0,
3246,3246,1.6230000,290053,1623,18933.3359,25959.4141,22.3870876028,-56.8272668766,0,0,
3247,3247,1.6235000,290054,1624,18938.1445,25955.8066,26.9030743544,-52.113572714,0,0,
3248,3248,1.6240000,290054,1624,18939.1074,25956.5293,26.523217629,-44.3998696226,0,0,
3249,3249,1.6245000,290055,1625,18939.9473,25955.5684,26.005409651,-41.6437659864,0,0,
3250,3250,1.6250000,290055,1625,18939.4668,25958.4512,23.4283796037,-37.1561069563,0,0,
3251,3251,1.6255000,290056,1626,18937.7832,25955.9277,19.5818561323,-39.4195397056,0,0,
3252,3252,1.6260000,290056,1626,18938.3848,25953.8828,17.8758541624,-40.5019509753,0,0,
3253,3253,1.6265000,290057,1627,18939.9473,25954.125,17.7188846931,-38.9136579534,0,0,
3254,3254,1.6270000,290057,1627,18939.707,25953.6426,13.3080013573,-38.6177880539,0,0,
3255,3255,1.6275000,290058,1628,18937.543,25954.8457,8.25327803628,-36.7818156526,0,0,
3256,3256,1.6280000,290058,1628,18938.9863,25962.2969,6.98525562572,-33.6356845834,0,0,
3257,3257,1.6285000,290059,1629,18939.3457,25975.0391,3.94273378376,-26.5936198788,0,0,
3258,3258,1.6290000,290059,1629,18938.1445,25972.2734,0.877038191158,-35.3996267708,0,0,
3259,3259,1.6295000,290060,1630,18943.6738,25971.0723,3.70181677967,-39.2898326892,0,0,
3260,3260,1.6300000,290060,1630,18943.6738,25976.7207,0.837907143288,-40.009462461,0,0,
3261,3261,1.6305000,290061,1631,18942.4707,25983.2129,-3.72744530256,-38.4716759625,0,0,
3262,3262,1.6310000,290061,1631,18940.5488,25983.6934,-7.57255598939,-42.2378956515,0,0,
3263,3263,1.6315000,290062,1632,18935.7402,25986.459,-11.9827846913,-44.4694646292,0,0,
3264,3264,1.6320000,290062,1632,18939.3457,25985.6172,-10.7962152868,-50.6277017383,0,0,
3265,3265,1.6325000,290063,1633,18942.7129,25990.3047,-8.24871275333,-50.852607101,0,0,
3266,3266,1.6330000,290063,1633,18939.2266,25993.4297,-9.33858093797,-50.8943025563,0,0,
3267,3267,1.6335000,290064,1634,18937.4238,25994.9922,-9.45712874158,-52.1828222417,0,0,
3268,3268,1.6340000,290064,1634,18938.625,25989.7031,-9.04286689047,-57.3181451473,0,0,
3269,3269,1.6345000,290065,1635,18943.1934,25984.6562,-6.25783524228,-59.4659263759,0,0,
3270,3270,1.6350000,290065,1635,18941.0293,25972.7559,-8.5014590767,-66.8991494159,0,0,
3271,3271,1.6355000,290066,1636,18946.9199,25968.1875,-3.18340709617,-68.1447893863,0,0,
3272,3272,1.6360000,290066,1636,18948.6016,25958.5723,-4.85861937937,-71.6424422152,0,0,
3273,3273,1.6365000,290067,1637,18947.1602,25953.5234,-10.1273773602,-66.6633025879,0,0,
3274,3274,1.6370000,290067,1637,18946.4395,25943.0645,-14.7079667288,-64.8930275583,0,0,
3275,3275,1.6375000,290068,1638,18946.7988,25938.7363,-19.1959204037,-59.6681149588,0,0,
3276,3276,1.6380000,290068,1638,18952.6895,25929.002,-19.2711036283,-58.2485230811,0,0,
3277,3277,1.6385000,290069,1639,18946.9199,25920.2266,-27.1546256155,-54.8200086932,0,0,
3278,3278,1.6390000,290069,1639,18946.6777,25916.2598,-26.811603913,-49.7854535169,0,0,
3279,3279,1.6395000,290070,1640,18947.2793,25915.0566,-26.2248023802,-41.4949520633,0,0,
3280,3280,1.6400000,290070,1640,18949.084,25908.4473,-26.5514372586,-36.4452064392,0,0,
3281,3281,1.6405000,290071,1641,18951.7285,25904,-26.5490603503,-30.5463309,0,0,
3282,3282,1.6410000,290071,1641,18951.3672,25896.3066,-28.8381424014,-27.720323534,0,0,
3283,3283,1.6415000,290072,1642,18949.6836,25888.373,-30.1287559368,-25.7639392144,0,0,
3284,3284,1.6420000,290072,1642,18949.2031,25880.0781,-30.6213684817,-24.1904100452,0,0,
3285,3285,1.6425000,290073,1643,18950.5254,25871.9062,-27.7467739613,-21.3474786483,0,0,
3286,3286,1.6430000,290073,1643,18946.7988,25862.8906,-29.8015139373,-18.7736389822,0,0,
3287,3287,1.6435000,290074,1644,18948.3613,25852.9141,-26.1148971082,-18.7714560609,0,0,
3288,3288,1.6440000,290074,1644,18943.4336,25846.9043,-27.5511225945,-14.8608075104,0,0,
3289,3289,1.6445000,290075,1645,18941.2695,25840.291,-25.5267737769,-12.3917308988,0,0,
3290,3290,1.6450000,290075,1645,18939.4668,25832.1191,-23.2111123209,-11.6820009427,0,0,
3291,3291,1.6455000,290076,1646,18941.0293,25828.5137,-18.0431235373,-6.35007546062,0,0,
3292,3292,1.6460000,290076,1646,18941.1504,25820.3379,-14.8452193731,-4.21278693285,0,0,
3293,3293,1.6465000,290077,1647,18939.8262,25817.2129,-12.3326615946,3.02267183686,0,0,
3294,3294,1.6470000,290077,1647,18939.5879,25806.1543,-10.4743343064,3.52989355142,0,0,
3295,3295,1.6475000,290078,1648,18935.8613,25790.5293,-10.5696052808,1.5088677223,0,0,
3296,3296,1.6480000,290078,1648,18937.4238,25778.9902,-6.22212597511,0.946179982313,0,0,
3297,3297,1.6485000,290079,1649,18934.1777,25774.9004,-6.54992992012,7.43317195626,0,0,
3298,3298,1.6490000,290079,1649,18935.3809,25769.6152,-1.67728917584,14.3227844944,0,0,
3299,3299,1.6495000,290080,1650,18932.7363,25763.123,-1.38626811514,21.5989883331,0,0,
3300,3300,1.6500000,290080,1650,18935.3809,25756.0312,4.23635888266,24.6248255054,0,0,
3301,3301,1.6505000,290081,1651,18933.3359,25751.9434,4.78451121531,31.6977372263,0,0,
3302,3302,1.6510000,290081,1651,18933.6973,25755.3105,8.17973435274,45.3635429356,0,0,
3303,3303,1.6515000,290082,1652,18932.4941,25752.0625,11.3882037674,50.5907685695,0,0,
3304,3304,1.6520000,290082,1652,18928.4082,25749.2988,8.97526802442,55.2283146927,0,0,
3305,3305,1.6525000,290083,1653,18932.6152,25747.8574,15.5929809881,59.7154511269,0,0,
3306,3306,1.6530000,290083,1653,18934.1777,25746.6543,22.1378780294,65.1295946943,0,0,
3307,3307,1.6535000,290084,1654,18931.0527,25751.1016,23.050525929,74.3679848067,0,0,
3308,3308,1.6540000,290084,1654,18928.5293,25751.9434,22.4074870423,80.9353764819,0,0,
3309,3309,1.6545000,290085,1655,18928.2871,25752.7832,23.1345216427,87.0665597015,0,0,
3310,3310,1.6550000,290085,1655,18926.9668,25757.3516,24.8972608324,95.1671284638,0,0,
3311,3311,1.6555000,290086,1656,18925.5234,25757.7129,25.5080438191,94.9141995302,0,0,
3312,3312,1.6560000,290086,1656,18922.5176,25761.7988,23.5737816875,98.3777074763,0,0,
3313,3313,1.6565000,290087,1657,18920.5957,25767.0879,22.4693536947,102.944177517,0,0,
3314,3314,1.6570000,290087,1657,18920.3535,25772.6172,22.1873988697,107.481886619,0,0,
3315,3315,1.6575000,290088,1658,18921.4355,25781.3926,21.5368170606,109.664270596,0,0,
3316,3316,1.6580000,290088,1658,18920.7148,25792.8125,17.8576078185,113.353214594,0,0,
3317,3317,1.6585000,290089,1659,18915.4258,25806.0332,14.3747639683,116.208289632,0,0,
3318,3318,1.6590000,290089,1659,18912.3008,25818.1738,14.0898119281,112.733170312,0,0,
3319,3319,1.6595000,290090,1660,18911.2188,25831.877,14.964192319,109.428472242,0,0,
3320,3320,1.6600000,290090,1660,18911.7012,25846.1816,15.174442597,107.376510763,0,0,
3321,3321,1.6605000,290091,1661,18909.5371,25867.2188,12.5570523877,107.814992836,0,0,
3322,3322,1.6610000,290091,1661,18907.373,25881.5215,10.8819786661,100.629909401,0,0,
3323,3323,1.6615000,290092,1662,18906.8926,25892.3418,12.187653933,88.7487768763,0,0,
3324,3324,1.6620000,290092,1662,18903.7676,25903.7598,10.2812418178,76.7781690136,0,0,
3325,3325,1.6625000,290093,1663,18906.8926,25917.8223,14.6312886032,67.3047291168,0,0,
3326,3326,1.6630000,290093,1663,18906.7715,25925.5156,15.7175251253,52.3683568148,0,0,
3327,3327,1.6635000,290094,1664,18906.291,25934.8906,15.7963997279,37.8998862283,0,0,
3328,3328,1.6640000,290094,1664,18904.8496,25942.2246,16.3238271592,21.7185768902,0,0,
3329,3329,1.6645000,290095,1665,18902.8047,25951,15.9909188594,7.2362617461,0,0,
3330,3330,1.6650000,290095,1665,18901.002,25955.8066,15.5846822408,-9.74496787313,0,0,
3331,3331,1.6655000,290096,1666,18901.123,25961.8184,16.1304104242,-24.4535913374,0,0,
3332,3332,1.6660000,290096,1666,18901.7227,25970.3516,16.7766023681,-34.123305387,0,0,
3333,3333,1.6665000,290097,1667,18900.7617,25981.5312,16.5672001655,-41.133382627,0,0,
3334,3334,1.6670000,290097,1667,18899.7988,25989.3438,14.7993064449,-48.8099169402,0,0,
3335,3335,1.6675000,290098,1668,18899.3184,25996.6777,14.7327462241,-55.0027784442,0,0,
3336,3336,1.6680000,290098,1668,18899.6797,26003.8887,13.9907793544,-63.8570895682,0,0,
3337,3337,1.6685000,290099,1669,18897.3965,26017.3516,11.5054792205,-67.6104427053,0,0,
3338,3338,1.6690000,290099,1669,18897.0352,26028.6484,10.9707614628,-71.1071488914,0,0,
3339,3339,1.6695000,290100,1670,18901.002,26040.0684,13.6968370318,-72.3168253707,0,0,
3340,3340,1.6700000,290100,1670,18899.3184,26050.2871,10.7307826447,-76.7228187123,0,0,
3341,3341,1.6705000,290101,1671,18897.1543,26061.4668,8.05140660294,-78.7605266522,0,0,
3342,3342,1.6710000,290101,1671,18900.1602,26068.4375,9.97922579851,-83.7904936253,0,0,
3343,3343,1.6715000,290102,1672,18902.8047,26073.4844,12.3648519298,-88.6029669216,0,0,
3344,3344,1.6720000,290102,1672,18904.8496,26080.0957,11.6009747356,-90.956404481,0,0,
3345,3345,1.6725000,290103,1673,18909.416,26082.2598,12.5400733079,-96.3718790292,0,0,
3346,3346,1.6730000,290103,1673,18908.0938,26090.3125,11.103740997,-93.923634653,0,0,
3347,3347,1.6735000,290104,1674,18907.1328,26094.0391,10.1099847143,-95.1227000787,0,0,
3348,3348,1.6740000,290104,1674,18906.5312,26102.2129,7.58868135949,-88.9918048332,0,0,
3349,3349,1.6745000,290105,1675,18910.2578,26105.5781,7.78734295605,-85.8281291642,0,0,
3350,3350,1.6750000,290105,1675,18912.3008,26112.0703,7.97129922844,-79.6210438778,0,0,
3351,3351,1.6755000,290106,1676,18916.0273,26117.7188,8.511025983,-75.5070164144,0,0,
3352,3352,1.6760000,290106,1676,18916.0273,26119.1621,4.83028959462,-73.7803513078,0,0,
3353,3353,1.6765000,290107,1677,18916.0273,26126.9766,0.941524915493,-64.7217705514,0,0,
3354,3354,1.6770000,290107,1677,18914.9453,26121.5645,-4.29232269344,-65.4233877661,0,0,
3355,3355,1.6775000,290108,1678,18915.1855,26126.8535,-9.10742246966,-58.6911371914,0,0,
3356,3356,1.6780000,290108,1678,18916.1465,26127.3359,-13.6377169373,-55.174148896,0,0,
3357,3357,1.6785000,290109,1679,18919.9941,26129.3809,-11.8391515314,-49.85783073,0,0,
3358,3358,1.6790000,290109,1679,18917.2285,26131.7832,-15.6976570346,-46.090616114,0,0,
3359,3359,1.6795000,290110,1680,18913.3828,26135.0293,-20.5948668814,-41.0312370503,0,0,
3360,3360,1.6800000,290110,1680,18909.1758,26139.4766,-26.504085359,-32.9201402557,0,0,
3361,3361,1.6805000,290111,1681,18909.0566,26138.7559,-27.9317282783,-31.2199311385,0,0,
3362,3362,1.6810000,290111,1681,18912.541,26137.6738,-25.7085505094,-27.4229116222,0,0,
3363,3363,1.6815000,290112,1682,18913.9844,26138.3965,-24.7332599619,-21.6494356554,0,0,
3364,3364,1.6820000,290112,1682,18913.8633,26136.7109,-25.331704665,-18.1350522123,0,0,
3365,3365,1.6825000,290113,1683,18916.3887,26116.877,-23.9280367927,-28.7788773348,0,0,
3366,3366,1.6830000,290113,1683,18916.2676,26117.3594,-24.0599893935,-18.2505834603,0,0,
3367,3367,1.6835000,290114,1684,18914.584,26120.4844,-25.5395446473,-7.82160850344,0,0,
3368,3368,1.6840000,290114,1684,18914.584,26123.4902,-23.9362602987,1.34872137868,0,0,
3369,3369,1.6845000,290115,1685,18917.8301,26118.3203,-19.845102487,2.3478165887,0,0,
3370,3370,1.6850000,290115,1685,18915.0645,26123.9707,-21.4535361371,13.2146443326,0,0,
3371,3371,1.6855000,290116,1686,18915.0645,26124.6934,-21.064255166,18.164781421,0,0,
3372,3372,1.6860000,290116,1686,18917.1094,26126.6152,-18.9759994746,24.5125108973,0,0,
3373,3373,1.6865000,290117,1687,18910.7383,26124.0918,-23.0410631759,25.9919518708,0,0,
3374,3374,1.6870000,290117,1687,18914.1035,26119.041,-19.2608771237,27.6050538062,0,0,
3375,3375,1.6875000,290118,1688,18911.5801,26117.3594,-19.8585079259,33.2211201576,0,0,
3376,3376,1.6880000,290118,1688,18910.377,26116.7578,-20.0314406958,36.6515053279,0,0,
3377,3377,1.6885000,290119,1689,18909.5371,26106.7812,-18.7454053191,30.3158687597,0,0,
3378,3378,1.6890000,290119,1689,18907.7324,26101.0098,-18.3887710867,30.845478287,0,0,
3379,3379,1.6895000,290120,1690,18908.9355,26096.9238,-16.1428377293,34.5977231442,0,0,
3380,3380,1.6900000,290120,1690,18909.8965,26089.2324,-13.5324896146,33.6218222092,0,0,
3381,3381,1.6905000,290121,1691,18907.252,26083.584,-13.6909749852,35.5000619478,0,0,
3382,3382,1.6910000,290121,1691,18906.6504,26076.9707,-12.5938758432,37.4070424155,0,0,
3383,3383,1.6915000,290122,1692,18903.7676,26069.2793,-12.0461329338,39.3207830081,0,0,
3384,3384,1.6920000,290122,1692,18904.6074,26064.3496,-9.63921015378,43.1584143028,0,0,
3385,3385,1.6925000,290123,1693,18901.2422,26060.8652,-11.2798532512,48.1172353144,0,0,
3386,3386,1.6930000,290123,1693,18901.8438,26062.1855,-5.70549273964,56.2888930095,0,0,
3387,3387,1.6935000,290124,1694,18901.2422,26061.3438,-1.74971822913,61.4843552281,0,0,
3388,3388,1.6940000,290124,1694,18902.6855,26066.6328,1.96191583734,71.8103285838,0,0,
3389,3389,1.6945000,290125,1695,18898.4785,26070.1191,-0.857978321086,80.0172895521,0,0,
3390,3390,1.6950000,290125,1695,18896.3145,26079.9766,0.451085854838,90.7526162327,0,0,
3391,3391,1.6955000,290126,1696,18893.9102,26086.5879,0.834712060253,95.062982636,0,0,
3392,3392,1.6960000,290126,1696,18894.9922,26095.002,4.28138943676,100.205118426,0,0,
3393,3393,1.6965000,290127,1697,18893.4297,26101.6113,4.6861390945,101.67444875,0,0,
3394,3394,1.6970000,290127,1697,18895.7129,26107.0215,7.7566118757,103.907257689,0,0,
3395,3395,1.6975000,290128,1698,18895.5918,26114.3535,7.06208888104,101.880317964,0,0,
3396,3396,1.6980000,290128,1698,18896.5547,26122.5293,6.53825621354,100.659298528,0,0,
3397,3397,1.6985000,290129,1699,18894.5098,26134.0684,5.91082540396,100.327789183,0,0,
3398,3398,1.6990000,290129,1699,18892.4668,26142.4824,6.77213499767,93.9341215362,0,0,
3399,3399,1.6995000,290130,1700,18893.6699,26149.2129,9.70049043235,85.4176876566,0,0,
3400,3400,1.7000000,290130,1700,18891.3848,26158.1074,8.00109505306,79.6411578779,0,0,
3401,3401,1.7005000,290131,1701,18891.0254,26162.916,7.49753384485,69.1452693881,0,0,
3402,3402,1.7010000,290131,1701,18890.4238,26168.4453,6.61094586534,60.6607153569,0,0,
3403,3403,1.7015000,290132,1702,18887.9004,26175.8984,5.32301772255,53.2857828029,0,0,
3404,3404,1.7020000,290132,1702,18883.6934,26180.9453,3.09917080902,43.7016914451,0,0,
3405,3405,1.7025000,290133,1703,18885.1348,26184.9141,5.26280827755,36.3333981953,0,0,
3406,3406,1.7030000,290133,1703,18886.5781,26183.5918,8.13314922802,22.0811964004,0,0,
3407,3407,1.7035000,290134,1704,18888.3809,26186.2344,10.8184724435,10.6565072962,0,0,
3408,3408,1.7040000,290134,1704,18885.1348,26191.2832,9.60066565115,1.80048029645,0,0,
3409,3409,1.7045000,290135,1705,18883.332,26197.7734,9.25256544857,-4.7690966031,0,0,
3410,3410,1.7050000,290135,1705,18879.2441,26203.6641,7.98498012855,-13.3207048856,0,0,
3411,3411,1.7055000,290136,1706,18878.4043,26205.3457,8.58310692099,-24.4520565835,0,0,
3412,3412,1.7060000,290136,1706,18874.4375,26208.9531,6.17742962554,-32.5170113175,0,0,
3413,3413,1.7065000,290137,1707,18872.0332,26216.166,7.63827577218,-36.7747101995,0,0,
3414,3414,1.7070000,290137,1707,18874.6777,26223.6172,10.4586794689,-38.9432500692,0,0,
3415,3415,1.7075000,290138,1708,18879.125,26229.748,15.8139594398,-42.3060231142,0,0,
3416,3416,1.7080000,290138,1708,18894.8711,26236.3594,28.0294731724,-47.5055362466,0,0,
3417,3417,1.7085000,290139,1709,18887.4199,26240.3262,19.3398158799,-54.5093785385,0,0,
3418,3418,1.7090000,290139,1709,18886.3379,26249.1016,17.2013383125,-56.1603326349,0,0,
3419,3419,1.7095000,290140,1710,18879.2441,26257.5156,9.2697300614,-57.4356024251,0,0,
3420,3420,1.7100000,290140,1710,18877.9238,26265.209,8.0369609065,-60.1757986492,0,0,
3421,3421,1.7105000,290141,1711,18874.918,26271.0996,6.49623524465,-64.1711809052,0,0,
3422,3422,1.7110000,290141,1711,18874.1973,26280.834,6.13019422435,-63.8829856037,0,0,
3423,3423,1.7115000,290142,1712,18873.3555,26286.2441,7.01149832642,-66.6030381482,0,0,
3424,3424,1.7120000,290142,1712,18872.9941,26290.0918,6.34018852486,-70.96427005,0,0,
3425,3425,1.7125000,290143,1713,18867.3457,26292.6152,1.77781974494,-75.5329051734,0,0,
3426,3426,1.7130000,290143,1713,18864.9414,26299.9473,2.75272053791,-75.9577407859,0,0,
3427,3427,1.7135000,290144,1714,18866.0234,26301.8691,6.68563281237,-79.8715513155,0,0,
3428,3428,1.7140000,290144,1714,18866.623,26300.0684,7.99135660724,-85.6578523469,0,0,
3429,3429,1.7145000,290145,1715,18868.5469,26308.6016,9.80830152288,-79.8020840744,0,0,
3430,3430,1.7150000,290145,1715,18864.0996,26310.4043,7.00244518734,-81.3909234895,0,0,
3431,3431,1.7155000,290146,1716,18866.5039,26312.4473,9.64416781947,-81.9743972554,0,0,
3432,3432,1.7160000,290146,1716,18864.2207,26313.5293,7.33181320811,-81.7550210854,0,0,
3433,3433,1.7165000,290147,1717,18864.9414,26314.8516,7.87010768791,-80.2067346328,0,0,
3434,3434,1.7170000,290147,1717,18863.7402,26316.4141,5.55248368551,-74.9316471469,0,0,
3435,3435,1.7175000,290148,1718,18863.498,26320.0215,3.6733010118,-71.4681261995,0,0,
3436,3436,1.7180000,290148,1718,18868.3066,26322.4238,5.19119012953,-67.7415822568,0,0,
3437,3437,1.7185000,290149,1719,18866.623,26321.9434,3.1943498519,-66.8763536534,0,0,
3438,3438,1.7190000,290149,1719,18864.9414,26322.7871,2.44545517063,-64.8978915262,0,0,
3439,3439,1.7195000,290150,1720,18866.623,26320.9824,3.50407511857,-64.1204000259,0,0,
3440,3440,1.7200000,290150,1720,18867.2246,26314.6113,2.87066211553,-65.3470139875,0,0,
3441,3441,1.7205000,290151,1721,18863.8594,26310.0449,-1.91994414501,-63.3761371693,0,0,
3442,3442,1.7210000,290151,1721,18859.6523,26307.6406,-6.77572657177,-57.7896487655,0,0,
3443,3443,1.7215000,290152,1722,18859.1719,26303.5527,-6.64277104314,-53.8058101697,0,0,
3444,3444,1.7220000,290152,1722,18859.6523,26291.6543,-5.43150776437,-55.0183955245,0,0,
3445,3445,1.7225000,290153,1723,18857.4883,26282.7578,-8.13480503612,-49.5201504707,0,0,
3446,3446,1.7230000,290153,1723,18852.6816,26276.5078,-11.5884045046,-42.4515702673,0,0,
3447,3447,1.7235000,290154,1724,18851.4785,26270.377,-11.3753329499,-37.1507919437,0,0,
3448,3448,1.7240000,290154,1724,18849.5547,26264.127,-10.2768759156,-32.1005311618,0,0,
3449,3449,1.7245000,290155,1725,18853.6426,26253.4277,-5.11641757841,-29.8755425323,0,0,
3450,3450,1.7250000,290155,1725,18849.7949,26247.4199,-6.31299305244,-23.9606850103,0,0,
3451,3451,1.7255000,290156,1726,18848.7129,26240.5684,-6.37724080779,-17.538276189,0,0,
3452,3452,1.7260000,290156,1726,18850.2754,26237.5625,-4.06341086739,-7.97469698274,0,0,
3453,3453,1.7265000,290157,1727,18842.1035,26237.5625,-8.6664188178,2.92639067336,0,0,
3454,3454,1.7270000,290157,1727,18839.2168,26238.7637,-10.8071608213,15.1769874334,0,0,
3455,3455,1.7275000,290158,1728,18844.748,26239.2441,-4.57930726601,25.7103964807,0,0,
3456,3456,1.7280000,290158,1728,18843.3047,26240.8066,-7.84761295522,33.9418157023,0,0,
3457,3457,1.7285000,290159,1729,18843.9062,26244.4141,-4.43943865639,43.1260093291,0,0,
3458,3458,1.7290000,290159,1729,18842.9434,26243.6934,-3.97917610901,47.0615300898,0,0,
3459,3459,1.7295000,290160,1730,18841.2617,26242.1309,-4.06653404604,50.5103749531,0,0,
3460,3460,1.7300000,290160,1730,18843.7852,26237.8027,-1.19893761452,50.798417089,0,0,
3461,3461,1.7305000,290161,1731,18842.4629,26237.4434,-1.03545655949,54.7063051424,0,0,
3462,3462,1.7310000,290161,1731,18842.7031,26232.2734,-0.780562846347,53.9440349136,0,0,
3463,3463,1.7315000,290162,1732,18841.8613,26233.7168,-0.409769321194,60.0511345586,0,0,
3464,3464,1.7320000,290162,1732,18839.459,26233.2344,-2.83654870333,62.9786044425,0,0,
3465,3465,1.7325000,290163,1733,18839.8184,26227.9453,-1.44593306471,61.5269824131,0,0,
3466,3466,1.7330000,290163,1733,18839.3379,26225.3027,0.0387149788677,60.9299220849,0,0,
3467,3467,1.7335000,290164,1734,18841.623,26228.1855,3.10445055986,66.0624830665,0,0,
3468,3468,1.7340000,290164,1734,18840.0605,26227.4629,1.33186603537,67.5654200571,0,0,
3469,3469,1.7345000,290165,1735,18836.9336,26225.3027,-1.79544586716,66.8040722504,0,0,
3470,3470,1.7350000,290165,1735,18833.5684,26223.9785,-2.64850025978,66.4192358276,0,0,
3471,3471,1.7355000,290166,1736,18832.2461,26226.623,-3.20725055043,68.670139762,0,0,
3472,3472,1.7360000,290166,1736,18827.3184,26222.1738,-6.14360034409,64.9091492657,0,0,
3473,3473,1.7365000,290167,1737,18827.6777,26216.4062,-4.5466855864,60.4895618213,0,0,
3474,3474,1.7370000,290167,1737,18821.668,26207.5098,-8.82691628589,56.1821131213,0,0,
3475,3475,1.7375000,290168,1738,18816.6191,26200.0566,-12.0019913241,50.4145054686,0,0,
3476,3476,1.7380000,290168,1738,18808.8066,26191.5234,-18.0979863559,45.478624365,0,0,
3477,3477,1.7385000,290169,1739,18798.5898,26178.0625,-21.7420287269,37.0636794466,0,0,
3478,3478,1.7390000,290169,1739,18792.6992,26164.3594,-19.8999124689,29.0293978117,0,0,
3479,3479,1.7395000,290170,1740,18793.0605,26160.0312,-14.1741712999,30.6665844437,0,0,
3480,3480,1.7400000,290170,1740,18798.2285,26159.5488,-5.48267283501,36.2098890254,0,0,
3481,3481,1.7405000,290171,1741,18801.2344,26158.3496,-0.0870661273567,39.6547738598,0,0,
3482,3482,1.7410000,290171,1741,18803.5176,26160.873,3.72898572447,45.3546274424,0,0,
3483,3483,1.7415000,290172,1742,18806.6426,26161.4746,7.70886040941,47.6585811374,0,0,
3484,3484,1.7420000,290172,1742,18810.4902,26159.1895,11.5308261366,48.1434843857,0,0,
3485,3485,1.7425000,290173,1743,18810.8496,26160.6328,10.8627975327,52.2588214258,0,0,
3486,3486,1.7430000,290173,1743,18812.4121,26155.3438,12.2218375986,47.950691811,0,0,
3487,3487,1.7435000,290174,1744,18815.6582,26151.7363,13.8598629522,43.3109772881,0,0,
3488,3488,1.7440000,290174,1744,18817.4609,26149.5723,14.9898580674,39.361512993,0,0,
3489,3489,1.7445000,290175,1745,18820.4668,26141.2793,15.0566031866,31.2807467853,0,0,
3490,3490,1.7450000,290175,1745,18823.2305,26128.6582,16.7371482508,18.7730689633,0,0,
3491,3491,1.7455000,290176,1746,18825.1543,26121.9277,15.5047919254,13.6625737665,0,0,
3492,3492,1.7460000,290176,1746,18826.2363,26110.3887,13.1930590858,4.38045796742,0,0,
3493,3493,1.7465000,290177,1747,18829.4824,26101.8535,15.4367167668,-1.98068930799,0,0,
3494,3494,1.7470000,290177,1747,18829.9629,26094.4004,11.512575361,-5.63614645171,0,0,
3495,3495,1.7475000,290178,1748,18829.1211,26086.4668,6.37201229285,-8.83986190579,0,0,
3496,3496,1.7480000,290178,1748,18832.127,26073.3652,4.08935070758,-17.4431275414,0,0,
3497,3497,1.7485000,290179,1749,18837.7754,26055.2129,7.2352775419,-28.5457584745,0,0,
3498,3498,1.7490000,290179,1749,18840.6602,26047.5215,6.65409745711,-28.4416883797,0,0,
3499,3499,1.7495000,290180,1750,18842.4629,26028.5293,5.20106101695,-36.6114680708,0,0,
3500,3500,1.7500000,290180,1750,18846.4297,26004.8496,4.40995856177,-46.5089089591,0,0,
3501,3501,1.7505000,290181,1751,18853.1621,25994.873,7.1241639439,-43.2548474029,0,0,
3502,3502,1.7510000,290181,1751,18856.2871,25983.4531,4.90339977604,-40.5413907049,0,0,
3503,3503,1.7515000,290182,1752,18862.5371,25971.4316,6.33345151299,-38.3483444534,0,0,
3504,3504,1.7520000,290182,1752,18862.2969,25960.375,1.00237367499,-35.2524950361,0,0,
3505,3505,1.7525000,290183,1753,18859.1719,25949.916,-5.45497683825,-30.8170432604,0,0,
3506,3506,1.7530000,290183,1753,18857.0078,25941.1426,-9.03471083212,-27.0104384705,0,0,
3507,3507,1.7535000,290184,1754,18859.1719,25933.5703,-9.19157454431,-22.4418182661,0,0,
3508,3508,1.7540000,290184,1754,18862.416,25925.2754,-8.68655015642,-17.9689653283,0,0,
3509,3509,1.7545000,290185,1755,18866.623,25918.3047,-7.59768062137,-13.1669552144,0,0,
3510,3510,1.7550000,290185,1755,18872.3926,25907.3652,-4.01972028781,-12.50777429,0,0,
3511,3511,1.7555000,290186,1756,18873.2363,25900.9941,-6.81209004179,-8.942314989,0,0,
3512,3512,1.7560000,290186,1756,18874.6777,25888.1328,-7.76318526082,-9.49452729008,0,0,
3513,3513,1.7565000,290187,1757,18875.1582,25884.5254,-10.5496337671,-2.01217349015,0,0,
3514,3514,1.7570000,290187,1757,18879.125,25875.2715,-9.33655337849,1.71008009213,0,0,
3515,3515,1.7575000,290188,1758,18880.0879,25869.9824,-11.4933326486,5.11306574895,0,0,
3516,3516,1.7580000,290188,1758,18883.4512,25859.1641,-12.051816581,4.09722062939,0,0,
3517,3517,1.7585000,290189,1759,18889.584,25842.6953,-7.5966700293,-0.81516854485,0,0,
3518,3518,1.7590000,290189,1759,18889.9434,25830.4355,-8.78137306119,-2.18879196268,0,0,
3519,3519,1.7595000,290190,1760,18901.8438,25815.7715,-2.49245202174,-6.42532919391,0,0,
3520,3520,1.7600000,290190,1760,18941.9902,25799.0625,24.2330297838,-11.1669267028,0,0,
3521,3521,1.7605000,290191,1761,18951.6074,25776.2246,20.7021064741,-19.8743086994,0,0,
3522,3522,1.7610000,290191,1761,18954.0117,25744.9707,11.43547382,-33.7572958217,0,0,
3523,3523,1.7615000,290192,1762,18954.6113,25719.8496,2.02376697618,-39.2253358596,0,0,
3524,3524,1.7620000,290192,1762,18952.209,25695.5684,-8.34910292871,-40.439936719,0,0,
3525,3525,1.7625000,290193,1763,18948.3613,25659.3887,-18.032946037,-49.622719665,0,0,
3526,3526,1.7630000,290193,1763,18949.084,25629.0957,-21.3953333895,-51.1097239398,0,0,
3527,3527,1.7635000,290194,1764,18963.2676,25593.998,-13.8539901814,-56.573226459,0,0,
3528,3528,1.7640000,290194,1764,18977.9316,25556.8535,-6.16401602709,-61.8797662249,0,0,
3529,3529,1.7645000,290195,1765,18986.8262,25513.1016,-6.1574008714,-68.1667016459,0,0,
3530,3530,1.7650000,290195,1765,18991.7559,25472.1113,-7.72342624536,-69.8726354374,0,0,
3531,3531,1.7655000,290196,1766,18998.7266,25438.5762,-8.5010783028,-63.6420037778,0,0,
3532,3532,1.7660000,290196,1766,19007.1406,25408.0449,-8.09684918951,-54.1195812955,0,0,
3533,3533,1.7665000,290197,1767,19012.791,25377.873,-8.25379295202,-45.5976515529,0,0,
3534,3534,1.7670000,290197,1767,19014.9551,25345.5391,-13.2262330693,-38.2444116167,0,0,
3535,3535,1.7675000,290198,1768,19018.1992,25312.3613,-16.5055266845,-30.9910620608,0,0,
3536,3536,1.7680000,290198,1768,19020.4824,25276.1816,-21.1579893163,-26.4771116231,0,0,
3537,3537,1.7685000,290199,1769,19024.9316,25233.0293,-20.8353182798,-26.145891866,0,0,
3538,3538,1.7690000,290199,1769,19034.666,25188.5547,-15.9980658308,-26.7181983757,0,0,
3539,3539,1.7695000,290200,1770,19043.0801,25145.5215,-12.5824603477,-21.9399858925,0,0,
3540,3540,1.7700000,290200,1770,19048.0098,25091.4297,-13.6391363923,-24.5049481422,0,0,
3541,3541,1.7705000,290201,1771,19052.457,25036.0176,-13.9455074174,-28.4238123436,0,0,
3542,3542,1.7710000,290201,1771,19049.332,24978.0801,-20.3006300777,-30.852144646,0,0,
3543,3543,1.7715000,290202,1772,19052.8184,24914.8535,-19.3115284747,-34.8864396206,0,0,
3544,3544,1.7720000,290202,1772,19053.9004,24845.0156,-19.595101453,-41.283438991,0,0,
3545,3545,1.7725000,290203,1773,19051.2559,24764.9609,-21.4717273054,-51.4159328707,0,0,
3546,3546,1.7730000,290203,1773,19052.0957,24694.5215,-18.9295644644,-50.4155902608,0,0,
3547,3547,1.7735000,290204,1774,19048.25,24624.4453,-21.3093545866,-46.345916287,0,0,
3548,3548,1.7740000,290204,1774,19049.4512,24549.7988,-18.7656784361,-42.6722106778,0,0,
3549,3549,1.7745000,290205,1775,19049.332,24478.7578,-17.2538972679,-33.9258141527,0,0,
3550,3550,1.7750000,290205,1775,19040.6777,24407.1172,-21.2219815299,-23.7019521792,0,0,
3551,3551,1.7755000,290206,1776,19045.4863,24327.0625,-13.1269957616,-20.5674002242,0,0,
3552,3552,1.7760000,290206,1776,19044.043,24244.6035,-10.2821778311,-14.4058955241,0,0,
3553,3553,1.7765000,290207,1777,19050.8945,24167.3145,-1.36522453821,-3.37652554736,0,0,
3554,3554,1.7770000,290207,1777,19055.1016,24094.4707,4.19756587384,14.857095961,0,0,
3555,3555,1.7775000,290208,1778,19053.0586,24028.7207,4.07081608741,35.2079524984,0,0,
3556,3556,1.7780000,290208,1778,19050.4141,23962.7285,2.97858908899,55.3934845918,0,0,
3557,3557,1.7785000,290209,1779,19045.4863,23897.5801,2.45806347305,75.7513141985,0,0,
3558,3558,1.7790000,290209,1779,19037.6719,23831.3496,1.20131498796,91.5730246676,0,0,
3559,3559,1.7795000,290210,1780,19032.5039,23765.5957,-0.54524020007,105.413966318,0,0,
3560,3560,1.7800000,290210,1780,19021.5645,23696.3594,-11.2507099176,115.208994921,0,0,
3561,3561,1.7805000,290211,1781,19004.7363,23621.9551,-18.3417467322,120.49335531,0,0,
3562,3562,1.7810000,290211,1781,18992.5957,23542.623,-17.8155495879,122.251565748,0,0,
3563,3563,1.7815000,290212,1782,18984.0625,23469.0566,-12.9164707571,127.686953723,0,0,
3564,3564,1.7820000,290212,1782,18974.5664,23395.252,-8.07765003648,133.156230127,0,0,
3565,3565,1.7825000,290213,1783,18971.3203,23330.3438,2.20924404476,146.896570254,0,0,
3566,3566,1.7830000,290213,1783,18966.6328,23254.7363,10.0847774942,147.769350952,0,0,
3567,3567,1.7835000,290214,1784,18968.5566,23183.0957,19.77378589,150.358058517,0,0,
3568,3568,1.7840000,290214,1784,18969.0371,23116.502,27.9581649993,155.252176073,0,0,
3569,3569,1.7845000,290215,1785,18964.1074,23044.623,30.5196581981,156.009634941,0,0,
3570,3570,1.7850000,290215,1785,18962.7871,22965.6484,37.9744765885,148.29906378,0,0,
3571,3571,1.7855000,290216,1786,18956.6562,22893.7676,39.1842701532,144.640494702,0,0,
3572,3572,1.7860000,290216,1786,18951.8477,22825.8535,41.1672595146,142.720759965,0,0,
3573,3573,1.7865000,290217,1787,18938.7461,22763.8301,38.1531138959,142.864334523,0,0,
3574,3574,1.7870000,290217,1787,18926.9668,22722.5996,36.0042616422,158.226997731,0,0,
3575,3575,1.7875000,290218,1788,18918.0703,22689.4238,36.4892269957,174.637050601,0,0,
3576,3576,1.7880000,290218,1788,18910.6191,22649.7578,37.2982954278,179.209928244,0,0,
3577,3577,1.7885000,290219,1789,18911.5801,22602.0371,46.1539911405,174.218723395,0,0,
3578,3578,1.7890000,290219,1789,18921.6777,22546.7441,59.7174237964,159.045378687,0,0,
3579,3579,1.7895000,290220,1790,18931.5332,22494.3359,70.5293935237,146.625314121,0,0,
3580,3580,1.7900000,290220,1790,18935.3809,22448.4199,73.3139916038,140.06497096,0,0,
3581,3581,1.7905000,290221,1791,18941.5098,22389.3984,77.1743018858,117.914020026,0,0,
3582,3582,1.7910000,290221,1791,18955.8145,22317.2754,86.8499669995,86.2648352841,0,0,
3583,3583,1.7915000,290222,1792,18969.0371,22239.8672,91.5871365826,53.5235854488,0,0,
3584,3584,1.7920000,290222,1792,18981.7793,22173.5156,94.1405019503,33.5528114613,0,0,
3585,3585,1.7925000,290223,1793,18991.1543,22101.875,92.9914377241,12.1184660319,0,0,
3586,3586,1.7930000,290223,1793,19000.6504,22020.8574,90.2123631333,-18.5317154654,0,0,
3587,3587,1.7935000,290224,1794,19006.6602,21944.0488,82.9650533125,-42.5063430446,0,0,
3588,3588,1.7940000,290224,1794,19006.9004,21903.6621,69.4429926149,-33.1723150017,0,0,
3589,3589,1.7945000,290225,1795,19005.8184,21878.0566,55.7610385978,-17.1702608029,0,0,
3590,3590,1.7950000,290225,1795,18999.3281,21874.0918,40.9172505987,10.5615821946,0,0,
3591,3591,1.7955000,290226,1796,18998.6074,21880.3418,29.6267727448,37.5047803392,0,0,
3592,3592,1.7960000,290226,1796,19001.1309,21886.2324,23.3740551689,56.5384530012,0,0,
3593,3593,1.7965000,290227,1797,19003.1738,21876.2559,14.7072433609,51.8851476051,0,0,
3594,3594,1.7970000,290227,1797,19001.0098,21872.4082,3.57722870988,48.9925283853,0,0,
3595,3595,1.7975000,290228,1798,18997.8848,21877.0957,-6.16100249535,44.3830168781,0,0,
3596,3596,1.7980000,290228,1798,18995.9629,21875.7734,-14.5871771835,31.1811088744,0,0,
3597,3597,1.7985000,290229,1799,18989.9512,21884.7891,-23.6995352416,23.8857986268,0,0,
3598,3598,1.7990000,290229,1799,18987.5488,21896.4473,-27.5028671736,13.1659824231,0,0,
3599,3599,1.7995000,290230,1800,18974.5664,21894.5254,-42.8238501263,-13.0773945608,0,0,
3600,3600,1.8000000,290230,1800,18967.7148,21880.4609,-53.7299025841,-48.8500051535,0,0,
3601,3601,1.8005000,290231,1801,18967.4746,21857.2637,-51.9757120546,-88.7545088873,0,0,
3602,3602,1.8010000,290231,1801,18970.1191,21854.0156,-47.9975159733,-107.858200197,0,0,
3603,3603,1.8015000,290232,1802,18976.248,21842.959,-42.3855829205,-135.641039478,0,0,
3604,3604,1.8020000,290232,1802,18985.3848,21808.0996,-35.0884328289,-180.098990641,0,0,
3605,3605,1.8025000,290233,1803,19006.9004,21736.5801,-20.4455254899,-248.007811337,0,0,
3606,3606,1.8030000,290233,1803,19036.1094,21625.0312,-3.07453956381,-335.387467922,0,0,
3607,3607,1.8035000,290234,1804,19053.2988,21515.6465,-3.18115437549,-404.478668487,0,0,
3608,3608,1.8040000,290234,1804,19064.5977,21444.3672,-8.17887741808,-428.10809877,0,0,
3609,3609,1.8045000,290235,1805,19073.7324,21392.6797,-14.2387603752,-425.418187014,0,0,
3610,3610,1.8050000,290235,1805,19083.1094,21369,-18.8563207008,-396.885215544,0,0,
3611,3611,1.8055000,290236,1806,19100.6582,21353.373,-17.0572164122,-366.566315699,0,0,
3612,3612,1.8060000,290236,1806,19109.3125,21331.0156,-24.2056677651,-345.528502732,0,0,
3613,3613,1.8065000,290237,1807,19128.1855,21279.8105,-19.7194577102,-350.678316847,0,0,
3614,3614,1.8070000,290237,1807,19150.4219,21215.1406,-15.4154938685,-364.988522987,0,0,
3615,3615,1.8075000,290238,1808,19177.3477,21148.5488,-10.0533322294,-374.794234877,0,0,
3616,3616,1.8080000,290238,1808,19213.7676,21071.7402,-0.376672400491,-384.822702343,0,0,
3617,3617,1.8085000,290239,1809,19244.1797,20979.4238,0.646708306357,-396.98633208,0,0,
3618,3618,1.8090000,290239,1809,19264.6152,20888.0684,-10.3723500225,-398.960675084,0,0,
3619,3619,1.8095000,290240,1810,19277.7168,20819.4336,-26.1436950062,-374.273315652,0,0,
3620,3620,1.8100000,290240,1810,19295.9863,20763.2988,-35.1168217633,-336.23018272,0,0,
3621,3621,1.8105000,290241,1811,19299.9551,20722.5508,-54.690645888,-285.554356519,0,0,
3622,3622,1.8110000,290241,1811,19282.7656,20677.1152,-88.5444880419,-239.100834599,0,0,
3623,3623,1.8115000,290242,1812,19258.7246,20635.6445,-121.531706419,-190.928046118,0,0,
3624,3624,1.8120000,290242,1812,19243.8184,20614.248,-139.028343606,-131.597558902,0,0,
3625,3625,1.8125000,290243,1813,19251.0312,20619.2969,-132.174798657,-55.3481060452,0,0,
3626,3626,1.8130000,290243,1813,19268.9414,20619.0566,-116.569477288,4.35582601639,0,0,
3627,3627,1.8135000,290244,1814,19289.377,20628.4316,-100.225274838,61.6200833541,0,0,
3628,3628,1.8140000,290244,1814,19301.5176,20648.5059,-92.5104986185,112.752099953,0,0,
3629,3629,1.8145000,290245,1815,19310.5312,20673.1465,-87.4210184498,154.708638442,0,0,
3630,3630,1.8150000,290245,1815,19314.498,20710.0488,-83.6364791751,194.559394994,0,0,
3631,3631,1.8155000,290246,1816,19314.9785,20784.5762,-85.1922230807,253.939261255,0,0,
3632,3632,1.8160000,290246,1816,19318.4648,20895.4023,-81.9979469414,329.933284545,0,0,
3633,3633,1.8165000,290247,1817,19316.541,21056.2324,-83.8759699559,427.70085731,0,0,
3634,3634,1.8170000,290247,1817,19316.3027,21292.9121,-81.4390829305,560.313961067,0,0,
3635,3635,1.8175000,290248,1818,19321.5918,21587.2871,-72.412942912,698.679982935,0,0,
3636,3636,1.8180000,290248,1818,19322.9121,21915.8027,-67.4934715255,825.084450083,0,0,
3637,3637,1.8185000,290249,1819,19319.1855,22250.8047,-63.9405835065,912.925377713,0,0,
3638,3638,1.8190000,290249,1819,19312.5762,22573.6699,-61.3435054161,951.457496163,0,0,
3639,3639,1.8195000,290250,1820,19316.7832,22910.8359,-49.5865105459,972.359658991,0,0,
3640,3640,1.8200000,290250,1820,19347.4336,23247.2832,-20.8296221773,966.002013008,0,0,
3641,3641,1.8205000,290251,1821,19401.2852,23548.2715,25.1457769985,908.276907366,0,0,
3642,3642,1.8210000,290251,1821,19421.5996,23765.8379,35.0508984063,765.533221626,0,0,
3643,3643,1.8215000,290252,1822,19435.543,23933.4004,37.0902693723,584.804476152,0,0,
3644,3644,1.8220000,290252,1822,19457.9004,24032.5684,45.4428052226,366.0284303,0,0,
3645,3645,1.8225000,290253,1823,19484.8262,24055.0449,52.9440644335,115.210234353,0,0,
3646,3646,1.8230000,290253,1823,19508.9863,24033.0469,55.1913653443,-129.821236044,0,0,
3647,3647,1.8235000,290254,1824,19528.9395,23979.0781,52.5295996776,-363.912253956,0,0,
3648,3648,1.8240000,290254,1824,19555.7441,23939.6504,57.251647441,-552.715773238,0,0,
3649,3649,1.8245000,290255,1825,19573.1738,23915.0078,53.9584674576,-694.588618365,0,0,
3650,3650,1.8250000,290255,1825,19582.5508,23856.3496,45.1513893861,-837.818801377,0,0,
3651,3651,1.8255000,290256,1826,19576.9004,23760.3066,24.2168868558,-979.930036702,0,0,
3652,3652,1.8260000,290256,1826,19574.6172,23634.0957,11.3620447929,-1107.712409,0,0,
3653,3653,1.8265000,290257,1827,19583.752,23486.7266,11.2794868333,-1209.77076599,0,0,
3654,3654,1.8270000,290257,1827,19600.5801,23333.1094,16.5323281961,-1278.78565349,0,0,
3655,3655,1.8275000,290258,1828,19625.1016,23154.3672,25.9852389856,-1333.68353507,0,0,
3656,3656,1.8280000,290258,1828,19643.252,22944.1328,26.3261974316,-1376.21912567,0,0,
3657,3657,1.8285000,290259,1829,19658.7598,22748.8047,25.3936157131,-1366.38118149,0,0,
3658,3658,1.8290000,290259,1829,19679.4336,22583.0449,28.9718516666,-1305.11418773,0,0,
3659,3659,1.8295000,290260,1830,19696.623,22417.8887,30.7991896574,-1228.23905111,0,0,
3660,3660,1.8300000,290260,1830,19721.7441,22245.1562,38.5248034457,-1143.08759922,0,0,
3661,3661,1.8305000,290261,1831,19746.627,22083.002,47.000009587,-1036.92979606,0,0,
3662,3662,1.8310000,290261,1831,19767.1816,21924.8145,53.1914044152,-914.188858686,0,0,
3663,3663,1.8315000,290262,1832,19784.4902,21774.082,55.9533881415,-778.375896542,0,0,
3664,3664,1.8320000,290262,1832,19800.4785,21642.5801,55.6783392353,-628.254993019,0,0,
3665,3665,1.8325000,290263,1833,19812.8574,21523.7012,49.6919229645,-471.447294611,0,0,
3666,3666,1.8330000,290263,1833,19819.9512,21457.2285,38.4320467589,-276.324800273,0,0,
3667,3667,1.8335000,290264,1834,19826.3203,21417.4414,28.5333549491,-76.3442651515,0,0,
3668,3668,1.8340000,290264,1834,19837.6191,21428.2598,26.0202430592,140.398292273,0,0,
3669,3669,1.8345000,290265,1835,19849.0391,21332.2168,24.9233860953,242.535054465,0,0,
3670,3670,1.8350000,290265,1835,19858.0547,21243.1465,25.1280055061,341.445823171,0,0,
3671,3671,1.8355000,290266,1836,19866.709,21187.7344,23.3116654571,454.917392596,0,0,
3672,3672,1.8360000,290266,1836,19880.0508,21158.2852,25.8127955414,574.82969456,0,0,
3673,3673,1.8365000,290267,1837,19884.2578,21124.2676,20.2491145166,670.20288677,0,0,
3674,3674,1.8370000,290267,1837,19885.5801,21083.3984,14.1746541425,737.047602182,0,0,
3675,3675,1.8375000,290268,1838,19884.8594,21027.8652,7.82001942118,772.834827364,0,0,
3676,3676,1.8380000,290268,1838,19880.1719,20960.9121,0.0432602047152,794.138227699,0,0,
3677,3677,1.8385000,290269,1839,19880.8926,20879.416,1.24044077773,802.840354257,0,0,
3678,3678,1.8390000,290269,1839,19899.2832,20823.041,17.8448597746,835.816433988,0,0,
3679,3679,1.8395000,290270,1840,19916.5918,20781.6895,28.2037651996,877.155115783,0,0,
3680,3680,1.8400000,290270,1840,19928.8535,20747.5527,25.3079790985,920.873873523,0,0,
3681,3681,1.8405000,290271,1841,19940.0332,20745.9902,20.8423799127,991.155263918,0,0,
3682,3682,1.8410000,290271,1841,19947.4844,20766.4238,19.7660314019,1076.23310778,0,0,
3683,3683,1.8415000,290272,1842,19953.9746,20813.1836,18.7564214272,1170.09363899,0,0,
3684,3684,1.8420000,290272,1842,19965.0352,20875.5684,20.4504250029,1266.20561606,0,0,
3685,3685,1.8425000,290273,1843,19977.416,20922.8086,20.1810689666,1338.75634863,0,0,
3686,3686,1.8430000,290273,1843,19989.4355,20960.0703,19.3817884984,1389.0838965,0,0,
3687,3687,1.8435000,290274,1844,20001.9355,20961.6328,19.5111088681,1389.29886213,0,0,
3688,3688,1.8440000,290274,1844,20006.0234,20923.2891,13.3021439182,1331.8168435,0,0,
3689,3689,1.8445000,290275,1845,20012.3945,20881.2168,12.7965231582,1261.33112238,0,0,
3690,3690,1.8450000,290275,1845,20020.0879,20814.627,15.7501675541,1168.77384021,0,0,
3691,3691,1.8455000,290276,1846,20024.0527,20754.8848,16.7069102282,1085.40300806,0,0,
3692,3692,1.8460000,290276,1846,20029.8242,20711.252,19.5068734402,1018.61357836,0,0,
3693,3693,1.8465000,290277,1847,20028.1406,20670.1426,14.5370376724,954.842686629,0,0,
3694,3694,1.8470000,290277,1847,20025.0156,20634.4434,7.30299361569,890.433296682,0,0,
3695,3695,1.8475000,290278,1848,20039.3184,20596.0977,13.582075946,821.519941932,0,0,
3696,3696,1.8480000,290278,1848,20053.1426,20558.9551,17.6969011048,755.434015425,0,0,
3697,3697,1.8485000,290279,1849,20059.9941,20535.6348,16.5503540526,695.657821499,0,0,
3698,3698,1.8490000,290279,1849,20068.5293,20521.332,16.2413385856,630.850834399,0,0,
3699,3699,1.8495000,290280,1850,20076.9434,20499.8145,17.8778905919,550.88526174,0,0,
3700,3700,1.8500000,290280,1850,20088.2422,20456.6621,20.0915128976,450.057273666,0,0,
3701,3701,1.8505000,290281,1851,20104.4707,20406.6582,27.8752494163,341.58798958,0,0,
3702,3702,1.8510000,290281,1851,20115.0469,20374.6855,32.5675204358,253.163532103,0,0,
3703,3703,1.8515000,290282,1852,20118.7734,20356.4141,31.6523207274,175.436908886,0,0,
3704,3704,1.8520000,290282,1852,20121.7793,20357.0137,29.4337100109,105.257239991,0,0,
3705,3705,1.8525000,290283,1853,20134.2793,20380.2129,33.6527106829,47.1315704565,0,0,
3706,3706,1.8530000,290283,1853,20159.6426,20438.9941,46.3443802335,4.87098901203,0,0,
3707,3707,1.8535000,290284,1854,20187.1699,20491.8809,57.5041306986,-55.90770776,0,0,
3708,3708,1.8540000,290284,1854,20201.2324,20510.6348,54.8166795222,-160.550298848,0,0,
3709,3709,1.8545000,290285,1855,20193.5391,20522.8945,34.515077389,-249.053329576,0,0,
3710,3710,1.8550000,290285,1855,20183.8027,20542.4863,18.4144983102,-332.051857723,0,0,
3711,3711,1.8555000,290286,1856,20173.5859,20555.4688,3.14599023624,-427.326719508,0,0,
3712,3712,1.8560000,290286,1856,20177.5527,20583.1152,1.26525744621,-510.229831915,0,0,
3713,3713,1.8565000,290287,1857,20191.377,20608.8379,8.6594456111,-592.391182735,0,0,
3714,3714,1.8570000,290287,1857,20206.4004,20648.7461,15.9662543544,-663.110501876,0,0,
3715,3715,1.8575000,290288,1858,20232.125,20723.2715,29.9586677162,-705.817309409,0,0,
3716,3716,1.8580000,290288,1858,20268.1855,20812.582,49.1341418894,-734.64869296,0,0,
3717,3717,1.8585000,290289,1859,20300.4004,20898.4082,60.89987086,-764.1014999,0,0,
3718,3718,1.8590000,290289,1859,20317.8301,20970.6484,54.1713958548,-805.647511866,0,0,
3719,3719,1.8595000,290290,1860,20326.002,21032.0723,37.5744709878,-853.533300272,0,0,
3720,3720,1.8600000,290290,1860,20343.6719,21093.1348,25.1907245795,-892.927839823,0,0,
3721,3721,1.8605000,290291,1861,20372.6406,21149.1504,21.793777203,-927.687160143,0,0,
3722,3722,1.8610000,290291,1861,20399.3262,21206.125,20.4179166015,-947.654751626,0,0,
3723,3723,1.8615000,290292,1862,20419.6406,21275.6035,12.945487003,-949.318234607,0,0,
3724,3724,1.8620000,290292,1862,20450.5332,21344.3574,11.9189058014,-939.075491422,0,0,
3725,3725,1.8625000,290293,1863,20473.8516,21422.9707,0.74434073949,-903.119694453,0,0,
3726,3726,1.8630000,290293,1863,20497.0508,21507.4727,-10.2475709256,-854.200797396,0,0,
3727,3727,1.8635000,290294,1864,20531.7891,21584.6426,-11.1567970218,-808.730788148,0,0,
3728,3728,1.8640000,290294,1864,20559.6758,21648.9512,-17.286721825,-779.927682507,0,0,
3729,3729,1.8645000,290295,1865,20589.2461,21705.8066,-20.7958027907,-762.299694182,0,0,
3730,3730,1.8650000,290295,1865,20602.3477,21730.5684,-36.9242364426,-765.539237808,0,0,
3731,3731,1.8655000,290296,1866,20594.6543,21750.5215,-66.0605514184,-766.866717993,0,0,
3732,3732,1.8660000,290296,1866,20589.2461,21764.2246,-88.1506718617,-767.281070051,0,0,
3733,3733,1.8665000,290297,1867,20594.0547,21763.8652,-97.5418324142,-769.554149109,0,0,
3734,3734,1.8670000,290297,1867,20594.416,21763.1426,-110.023677861,-765.96302873,0,0,
3735,3735,1.8675000,290298,1868,20590.5684,21743.9121,-127.562888603,-767.96042063,0,0,
3736,3736,1.8680000,290298,1868,20581.9141,21718.4277,-145.009660007,-761.482719095,0,0,
3737,3737,1.8685000,290299,1869,20569.0527,21719.3906,-158.884354941,-727.847775496,0,0,
3738,3738,1.8690000,290299,1869,20556.5508,21767.4707,-168.690248335,-659.417356488,0,0,
3739,3739,1.8695000,290300,1870,20545.373,21808.3398,-171.570892596,-602.900364548,0,0,
3740,3740,1.8700000,290300,1870,20533.3516,21835.9863,-173.515299627,-556.542123967,0,0,
3741,3741,1.8705000,290301,1871,20518.3262,21882.7441,-173.700444425,-497.626403031,0,0,
3742,3742,1.8710000,290301,1871,20493.4453,21950.7793,-175.084931311,-427.241503149,0,0,
3743,3743,1.8715000,290302,1872,20458.2246,22051.5098,-178.942638395,-340.47517076,0,0,
3744,3744,1.8720000,290302,1872,20415.6738,22178.6855,-184.369584268,-252.083009653,0,0,
3745,3745,1.8725000,290303,1873,20391.873,22346.8457,-171.91874137,-150.482255494,0,0,
3746,3746,1.8730000,290303,1873,20368.6738,22560.6875,-159.644125426,-41.8177645688,0,0,
3747,3747,1.8735000,290304,1874,20339.4648,22798.4473,-150.551604335,61.6667933492,0,0,
3748,3748,1.8740000,290304,1874,20303.2832,23009.4043,-141.887094957,117.607208246,0,0,
3749,3749,1.8745000,290305,1875,20266.502,23174.5625,-126.778591562,136.559992832,0,0,
3750,3750,1.8750000,290305,1875,20248.1113,23279.1387,-92.7733933335,95.6039815395,0,0,
3751,3751,1.8755000,290306,1876,20247.752,23328.7812,-47.8379680675,9.07908858834,0,0,
3752,3752,1.8760000,290306,1876,20239.9375,23363.7598,-17.2863517539,-80.2088895034,0,0,
3753,3753,1.8765000,290307,1877,20220.2246,23382.6328,-0.0630710367439,-165.661124892,0,0,
3754,3754,1.8770000,290307,1877,20215.6562,23353.4219,29.1100963356,-276.940327422,0,0,
3755,3755,1.8775000,290308,1878,20209.0449,23282.3828,51.4277579513,-403.422112143,0,0,
3756,3756,1.8780000,290308,1878,20193.0586,23198.123,62.3635480754,-507.076228242,0,0,
3757,3757,1.8785000,290309,1879,20177.4316,23086.8125,74.4092223221,-595.343654167,0,0,
3758,3758,1.8790000,290309,1879,20162.166,22930.5488,86.2483359747,-684.111240223,0,0,
3759,3759,1.8795000,290310,1880,20160.7246,22755.1738,108.033692596,-749.446603941,0,0,
3760,3760,1.8800000,290310,1880,20157.2383,22570.5449,118.937014008,-783.549690586,0,0,
3761,3761,1.8805000,290311,1881,20162.166,22372.5703,132.11522339,-792.200872783,0,0,
3762,3762,1.8810000,290311,1881,20166.6152,22192.748,146.427576322,-749.885927095,0,0,
3763,3763,1.8815000,290312,1882,20166.0137,22037.4453,154.771753987,-665.336667796,0,0,
3764,3764,1.8820000,290312,1882,20157.3574,21906.666,150.938227596,-538.744687679,0,0,
3765,3765,1.8825000,290313,1883,20149.1855,21798.3633,146.613667987,-376.814449233,0,0,
3766,3766,1.8830000,290313,1883,20157.2383,21721.6738,155.038558387,-183.666744012,0,0,
3767,3767,1.8835000,290314,1884,20177.9121,21663.8574,168.878982057,21.6777940211,0,0,
3768,3768,1.8840000,290314,1884,20205.4395,21545.2168,186.201831539,163.273866408,0,0,
3769,3769,1.8845000,290315,1885,20230.8027,21394.2422,196.990992536,272.05643841,0,0,
3770,3770,1.8850000,290315,1885,20240.5391,21214.4199,194.105246572,366.068823943,0,0,
3771,3771,1.8855000,290316,1886,20251.1152,21001.0605,194.253609338,435.561250323,0,0,
3772,3772,1.8860000,290316,1886,20259.5312,20806.332,189.016813103,526.63334985,0,0,
3773,3773,1.8865000,290317,1887,20267.3438,20613.7676,179.356384568,624.051087778,0,0,
3774,3774,1.8870000,290317,1887,20270.1074,20418.5586,163.509755661,715.208532824,0,0,
3775,3775,1.8875000,290318,1888,20275.2773,20173.3457,146.24622029,767.349621923,0,0,
3776,3776,1.8880000,290318,1888,20273.1133,19910.7031,123.520214658,813.115753658,0,0,
3777,3777,1.8885000,290319,1889,20264.5801,19684.4824,99.3193394339,885.429471011,0,0,
3778,3778,1.8890000,290319,1889,20252.3184,19490.1152,73.2658996124,967.302566238,0,0,
3779,3779,1.8895000,290320,1890,20243.7832,19270.1426,53.9017480659,1021.08366476,0,0,
3780,3780,1.8900000,290320,1890,20246.1895,19004.1348,43.812704496,1038.98911916,0,0,
3781,3781,1.8905000,290321,1891,20247.9902,18711.9238,34.2746362814,1033.78104898,0,0,
3782,3782,1.8910000,290321,1891,20248.5918,18357.8066,28.004573406,980.582115433,0,0,
3783,3783,1.8915000,290322,1892,20255.4434,18005.8535,29.3189758985,938.129127034,0,0,
3784,3784,1.8920000,290322,1892,20269.2676,17671.209,34.7748136671,913.719576324,0,0,
3785,3785,1.8925000,290323,1893,20276.8398,17376.9551,26.5630743765,921.248269888,0,0,
3786,3786,1.8930000,290323,1893,20271.4316,17120.082,4.98473870925,946.100831269,0,0,
3787,3787,1.8935000,290324,1894,20268.3066,16935.209,-11.8436513939,1022.08999107,0,0,
3788,3788,1.8940000,290324,1894,20264.8184,16856.3574,-24.3402187653,1172.13908362,0,0,
3789,3789,1.8945000,290325,1895,20266.3828,16870.9023,-28.6298656615,1384.5428954,0,0,
3790,3790,1.8950000,290325,1895,20276.8398,16921.2676,-27.5599765332,1583.06038123,0,0,
3791,3791,1.8955000,290326,1896,20289.3418,16935.209,-30.5218802882,1703.09937972,0,0,
3792,3792,1.8960000,290326,1896,20298.7168,16902.2754,-38.2258231275,1739.99349094,0,0,
3793,3793,1.8965000,290327,1897,20305.4473,16860.6855,-46.6982252915,1742.00683893,0,0,
3794,3794,1.8970000,290327,1897,20305.0879,16821.2578,-62.7919443676,1723.17322427,0,0,
3795,3795,1.8975000,290328,1898,20306.7715,16805.5117,-76.2033572814,1699.78974748,0,0,
3796,3796,1.8980000,290328,1898,20310.8574,16838.4473,-85.3440960218,1692.805107,0,0,
3797,3797,1.8985000,290329,1899,20311.0977,16899.3887,-95.4060587734,1685.96456818,0,0,
3798,3798,1.8990000,290329,1899,20316.2656,16978.6035,-99.6034519584,1670.38837165,0,0,
3799,3799,1.8995000,290330,1900,20321.1934,17065.0293,-105.71855417,1631.76822255,0,0,
3800,3800,1.9000000,290330,1900,20324.5605,17150.8535,-116.121306281,1565.63737672,0,0,
3801,3801,1.9005000,290331,1901,20330.4512,17214.0801,-125.822900386,1459.57089976,0,0,
3802,3802,1.9010000,290331,1901,20334.7773,17246.5352,-131.074604616,1311.25161227,0,0,
3803,3803,1.9015000,290332,1902,20322.877,17282.7168,-145.81232033,1151.91189987,0,0,
3804,3804,1.9020000,290332,1902,20314.584,17330.7969,-154.987823742,997.083130256,0,0,
3805,3805,1.9025000,290333,1903,20312.4199,17366.9785,-156.754642782,830.749158649,0,0,
3806,3806,1.9030000,290333,1903,20311.8184,17378.998,-158.216887128,642.41709211,0,0,
3807,3807,1.9035000,290334,1904,20319.0312,17382.4844,-154.877345308,452.539695112,0,0,
3808,3808,1.9040000,290334,1904,20327.5645,17405.4434,-148.468944475,293.77021778,0,0,
3809,3809,1.9045000,290335,1905,20338.7441,17434.7715,-138.184394432,143.962506928,0,0,
3810,3810,1.9050000,290335,1905,20337.541,17465.4238,-132.409661482,6.03570876362,0,0,
3811,3811,1.9055000,290336,1906,20325.1621,17484.7754,-131.167561936,-136.734668483,0,0,
3812,3812,1.9060000,290336,1906,20321.1934,17500.5215,-121.236627402,-284.355739929,0,0,
3813,3813,1.9065000,290337,1907,20318.1895,17514.4668,-111.536470575,-427.202456553,0,0,
3814,3814,1.9070000,290337,1907,20314.9434,17538.748,-101.474463759,-558.598741353,0,0,
3815,3815,1.9075000,290338,1908,20315.4238,17564.7109,-91.1883829189,-673.72571753,0,0,
3816,3816,1.9080000,290338,1908,20313.8613,17591.2754,-81.1011159971,-780.785142107,0,0,
3817,3817,1.9085000,290339,1909,20312.9004,17616.2773,-67.74658331,-899.099023713,0,0,
3818,3818,1.9090000,290339,1909,20314.7031,17626.4941,-53.0516302835,-1039.69852486,0,0,
3819,3819,1.9095000,290340,1910,20312.7793,17634.668,-42.4629750361,-1166.11594672,0,0,
3820,3820,1.9100000,290340,1910,20305.5684,17635.3887,-39.4334405215,-1276.03100268,0,0,
3821,3821,1.9105000,290341,1911,20285.7344,17619.6426,-44.5775942445,-1388.43992944,0,0,
3822,3822,1.9110000,290341,1911,20259.291,17567.2344,-48.5342593776,-1510.96020199,0,0,
3823,3823,1.9115000,290342,1912,20254.2422,17472.0352,-30.8183151417,-1656.42981857,0,0,
3824,3824,1.9120000,290342,1912,20254.4824,17328.6328,-10.8955024876,-1826.05275321,0,0,
3825,3825,1.9125000,290343,1913,20253.0391,17157.2246,2.20658172139,-1999.05547868,0,0,
3826,3826,1.9130000,290343,1913,20243.9043,16971.3906,8.30445125249,-2162.59916235,0,0,
3827,3827,1.9135000,290344,1914,20236.8125,16740.9629,16.3408115316,-2335.11584502,0,0,
3828,3828,1.9140000,290344,1914,20240.5391,16438.293,35.240388761,-2530.7638854,0,0,
3829,3829,1.9145000,290345,1915,20257.248,16132.7383,63.523271976,-2666.92153059,0,0,
3830,3830,1.9150000,290345,1915,20272.6328,15892.6943,83.1627811321,-2694.50500907,0,0,
3831,3831,1.9155000,290346,1916,20271.791,15728.6172,82.3812499017,-2613.5031133,0,0,
3832,3832,1.9160000,290346,1916,20263.2559,15571.9932,75.0217852945,-2502.88087273,0,0,
3833,3833,1.9165000,290347,1917,20263.1367,15414.0479,77.4315231256,-2377.6422475,0,0,
3834,3834,1.9170000,290347,1917,20275.1582,15286.9932,88.5215549141,-2215.29338616,0,0,
3835,3835,1.9175000,290348,1918,20286.3359,15141.7891,95.2759743108,-2068.8890846,0,0,
3836,3836,1.9180000,290348,1918,20294.5098,14972.9053,97.7867958412,-1942.33011083,0,0,
3837,3837,1.9185000,290349,1919,20284.5332,14774.3291,85.9839279901,-1827.96379808,0,0,
3838,3838,1.9190000,290349,1919,20260.252,14532.8428,63.9704867158,-1730.58594043,0,0,
3839,3839,1.9195000,290350,1920,20231.1621,14261.5459,40.6107726205,-1637.20372108,0,0,
3840,3840,1.9200000,290350,1920,20219.9844,13913.8008,33.6862198555,-1582.70634717,0,0,
3841,3841,1.9205000,290351,1921,20210.127,13490.4463,26.5614559353,-1552.08671676,0,0,
3842,3842,1.9210000,290351,1921,20181.1582,13018.4111,9.15590641833,-1517.38870327,0,0,
3843,3843,1.9215000,290352,1922,20148.8242,12551.1846,-2.18612438002,-1443.53375085,0,0,
3844,3844,1.9220000,290352,1922,20109.998,12222.3115,-16.6872472161,-1225.35667097,0,0,
3845,3845,1.9225000,290353,1923,20075.2598,12040.3242,-24.7825888719,-879.089355977,0,0,
3846,3846,1.9230000,290353,1923,20049.8965,11922.7656,-24.1791048977,-501.738599076,0,0,
3847,3847,1.9235000,290354,1924,20023.334,11771.1904,-26.5692226704,-185.199300919,0,0,
3848,3848,1.9240000,290354,1924,19997.9707,11546.4111,-24.7591911669,48.0127799407,0,0,
3849,3849,1.9245000,290355,1925,19978.2559,11278.7217,-15.8966281205,232.150907503,0,0,
3850,3850,1.9250000,290355,1925,19969.6016,11014.7568,8.97434727489,418.721075622,0,0,
3851,3851,1.9255000,290356,1926,19969.9629,10779.6396,42.8846669948,622.52566191,0,0,
3852,3852,1.9260000,290356,1926,19970.5645,10598.375,70.2405536919,848.863867144,0,0,
3853,3853,1.9265000,290357,1927,19975.7324,10490.6729,95.5015943233,1109.13122592,0,0,
3854,3854,1.9270000,290357,1927,19972.9668,10415.5469,109.8658621,1353.31695043,0,0,
3855,3855,1.9275000,290358,1928,19961.7891,10336.8135,111.491274569,1561.39684243,0,0,
3856,3856,1.9280000,290358,1928,19944.1191,10231.5166,108.682824871,1712.7637013,0,0,
3857,3857,1.9285000,290359,1929,19923.8047,10089.0771,106.01480478,1792.46686279,0,0,
3858,3858,1.9290000,290359,1929,19903.4902,9921.51465,102.891932929,1820.13289594,0,0,
3859,3859,1.9295000,290360,1930,19878.7285,9715.00684,97.0318788148,1806.32700902,0,0,
3860,3860,1.9300000,290360,1930,19869.1133,9445.03223,102.71894792,1744.92848003,0,0,
3861,3861,1.9305000,290361,1931,19878.9707,9051.48926,125.133352116,1589.78847787,0,0,
3862,3862,1.9310000,290361,1931,19881.6152,8456.48633,140.041344258,1306.46711602,0,0,
3863,3863,1.9315000,290362,1932,19871.2754,7573.35889,137.549236998,846.204251445,0,0,
3864,3864,1.9320000,290362,1932,19847.5957,6265.19482,121.70664957,139.729807639,0,0,
3865,3865,1.9325000,290363,1933,19820.6719,4119.09912,102.44098051,-1088.63208976,0,0,
3866,3866,1.9330000,290363,1933,19787.4941,-167.201675,82.0232896116,-3761.76707635,0,0,
3867,3867,1.9335000,290364,1934,19743.2598,-5378.94189,55.3332953422,-6549.13721757,0,0,
3868,3868,1.9340000,290364,1934,19657.7969,-7841.04932,0.191761556431,-6396.14037705,0,0,
3869,3869,1.9345000,290365,1935,19533.5078,-8505.5293,-75.7048113614,-4636.90826916,0,0,
3870,3870,1.9350000,290365,1935,19427.3691,-8198.65234,-121.653686728,-2290.15355308,0,0,
3871,3871,1.9355000,290366,1936,19381.8125,-7524.07568,-106.642396488,6.19277670799,0,0,
3872,3872,1.9360000,290366,1936,19365.1035,-6632.53369,-67.3737538556,2104.33876231,0,0,
3873,3873,1.9365000,290367,1937,19360.0547,-5613.69727,-24.2489472534,3926.68307668,0,0,
3874,3874,1.9370000,290367,1937,19368.2285,-4562.16553,20.1015756826,5404.58810503,0,0,
3875,3875,1.9375000,290368,1938,19392.5098,-3740.7019,68.4847910479,6361.73943961,0,0,
3876,3876,1.9380000,290368,1938,19424.6035,-3230.08179,113.624363179,6807.56500115,0,0,
3877,3877,1.9385000,290369,1939,19462.3477,-2955.65918,156.920961043,6892.96203526,0,0,
3878,3878,1.9390000,290369,1939,19495.2832,-2792.42407,186.958540699,6783.56174038,0,0,
3879,3879,1.9395000,290370,1940,19522.0879,-2745.30493,201.824617229,6503.58211567,0,0,
3880,3880,1.9400000,290370,1940,19537.3535,-2866.58911,194.758318243,6049.80571945,0,0,
3881,3881,1.9405000,290371,1941,19540.7207,-3206.04102,172.136398466,5420.85567006,0,0,
3882,3882,1.9410000,290371,1941,19533.8691,-3775.80103,146.761984421,4641.22245252,0,0,
3883,3883,1.9415000,290372,1942,19523.0488,-4433.30859,122.825943279,3847.64527626,0,0,
3884,3884,1.9420000,290372,1942,19518.8418,-5121.82861,104.6613635,3079.48020989,0,0,
3885,3885,1.9425000,290373,1943,19508.2656,-6032.48242,79.0837444332,2192.12976178,0,0,
3886,3886,1.9430000,290373,1943,19494.9219,-7286.55518,49.0877827327,1137.95980783,0,0,
3887,3887,1.9435000,290374,1944,19495.2832,-8303.46875,29.7050773737,451.109778286,0,0,
3888,3888,1.9440000,290374,1944,19517.5215,-8367.17578,28.8413939806,655.648110129,0,0,
3889,3889,1.9445000,290375,1945,19555.7441,-7735.15088,37.2275508702,1354.86933328,0,0,
3890,3890,1.9450000,290375,1945,19586.2754,-6982.08252,37.5399265205,1968.50509249,0,0,
3891,3891,1.9455000,290376,1946,19617.8887,-6409.91846,37.1541955659,2246.8128471,0,0,
3892,3892,1.9460000,290376,1946,19667.7734,-5945.93701,46.4338508483,2292.3279776,0,0,
3893,3893,1.9465000,290377,1947,19723.9082,-5649.99854,52.8742525278,2095.8250865,0,0,
3894,3894,1.9470000,290377,1947,19780.8848,-5477.86865,55.4748974478,1741.38070922,0,0,
3895,3895,1.9475000,290378,1948,19831.0098,-5360.18994,45.9869247261,1332.57617235,0,0,
3896,3896,1.9480000,290378,1948,19863.2227,-5244.43506,20.9782259132,926.073473481,0,0,
3897,3897,1.9485000,290379,1949,19890.75,-5125.67529,-5.70495788739,520.070946393,0,0,
3898,3898,1.9490000,290379,1949,19928.252,-5040.81201,-24.1400505225,85.8322186001,0,0,
3899,3899,1.9495000,290380,1950,19948.0859,-4948.49658,-56.2855839339,-319.771787699,0,0,
3900,3900,1.9500000,290380,1950,19961.7891,-4815.55273,-94.4974592588,-661.366831755,0,0,
3901,3901,1.9505000,290381,1951,19960.707,-4661.69336,-141.226926997,-958.959423294,0,0,
3902,3902,1.9510000,290381,1951,19962.1504,-4531.39404,-174.624773515,-1234.32840912,0,0,
3903,3903,1.9515000,290382,1952,19973.0879,-4422.00977,-194.985948167,-1479.24371873,0,0,
3904,3904,1.9520000,290382,1952,19974.7715,-4321.52002,-218.572672833,-1666.73887696,0,0,
3905,3905,1.9525000,290383,1953,19967.0781,-4214.66016,-246.686592579,-1731.23190295,0,0,
3906,3906,1.9530000,290383,1953,19968.8809,-4104.67529,-259.002225999,-1489.6009093,0,0,
3907,3907,1.9535000,290384,1954,19975.0117,-4007.67163,-262.952242088,-1215.80716564,0,0,
3908,3908,1.9540000,290384,1954,19982.7051,-3921.12573,-256.813375931,-1522.16184124,0,0,
3909,3909,1.9545000,290385,1955,19982.584,-3838.90723,-251.166697488,-2127.88208015,0,0,
3910,3910,1.9550000,290385,1955,19977.2949,-3754.52515,-253.756693175,-2830.37796753,0,0,
3911,3911,1.9555000,290386,1956,19969.2422,-3682.52368,-266.418341901,-3503.83312105,0,0,
3912,3912,1.9560000,290386,1956,19959.3848,-3610.88306,-279.871857874,-4097.7475741,0,0,
3913,3913,1.9565000,290387,1957,19958.6641,-3507.74927,-282.600151503,-4573.41799213,0,0,
3914,3914,1.9570000,290387,1957,19970.9238,-3395.36011,-275.28668333,-4948.18417361,0,0,
3915,3915,1.9575000,290388,1958,19981.2617,-3259.17065,-270.846539526,-5172.48491138,0,0,
3916,3916,1.9580000,290388,1958,19994.123,-3150.86816,-262.475017861,-5295.74118406,0,0,
3917,3917,1.9585000,290389,1959,20023.6934,-3072.73657,-236.10140656,-5338.16829156,0,0,
3918,3918,1.9590000,290389,1959,20054.5859,-3011.31323,-207.887203899,-5315.37572822,0,0,
3919,3919,1.9595000,290390,1960,20071.4141,-2944.84106,-192.631943928,-5219.33613493,0,0,
3920,3920,1.9600000,290390,1960,20098.6992,-2886.42261,-170.932749834,-5055.68801887,0,0,
3921,3921,1.9605000,290391,1961,20139.4473,-2876.56616,-139.686526766,-4856.4366918,0,0,
3922,3922,1.9610000,290391,1961,20199.791,-2870.91675,-89.913062906,-4592.89109342,0,0,
3923,3923,1.9615000,290392,1962,20260.9727,-2872.83984,-43.4702667455,-4316.25374436,0,0,
3924,3924,1.9620000,290392,1962,20304.0059,-2893.51465,-20.81233599,-4062.2523444,0,0,
3925,3925,1.9625000,290393,1963,20335.3789,-2941.5957,-11.6184591208,-3798.12385094,0,0,
3926,3926,1.9630000,290393,1963,20367.9531,-3038.95972,-4.87043723622,-3512.91219834,0,0,
3927,3927,1.9635000,290394,1964,20397.6426,-3171.18237,-5.72346157593,-3282.42773015,0,0,
3928,3928,1.9640000,290394,1964,20431.6602,-3288.8606,-5.54505334406,-3166.6335375,0,0,
3929,3929,1.9645000,290395,1965,20457.2637,-3372.16113,-14.2782403753,-3087.25245231,0,0,
3930,3930,1.9650000,290395,1965,20463.9941,-3425.53101,-31.2490929586,-2943.63052292,0,0,
3931,3931,1.9655000,290396,1966,20469.4043,-3487.4353,-42.4647014427,-2731.2294812,0,0,
3932,3932,1.9660000,290396,1966,20467.6016,-3542.00708,-58.8971344815,-2469.42286882,0,0,
3933,3933,1.9665000,290397,1967,20467.1191,-3607.03687,-70.5015945101,-2171.79924158,0,0,
3934,3934,1.9670000,290397,1967,20482.7461,-3685.52905,-62.3974671182,-1853.3066397,0,0,
3935,3935,1.9675000,290398,1968,20508.1094,-3791.54761,-44.2068441836,-1529.91582136,0,0,
3936,3936,1.9680000,290398,1968,20516.7637,-3889.03149,-34.9939047762,-1183.27582075,0,0,
3937,3937,1.9685000,290399,1969,20491.7617,-3978.10181,-48.8688076825,-828.185702211,0,0,
3938,3938,1.9690000,290399,1969,20456.543,-4096.26074,-66.3226815632,-495.512455857,0,0,
3939,3939,1.9695000,290400,1970,20418.4395,-4275.84326,-74.1818213769,-205.972070123,0,0,
3940,3940,1.9700000,290400,1970,20398.9668,-4478.625,-62.2888413588,79.6455682251,0,0,
3941,3941,1.9705000,290401,1971,20382.498,-4659.04883,-43.5223747425,403.307185041,0,0,
3942,3942,1.9710000,290401,1971,20330.209,-4797.28174,-49.206310606,792.715731243,0,0,
3943,3943,1.9715000,290402,1972,20251.3574,-4912.19531,-70.9946259895,1219.77240221,0,0,
3944,3944,1.9720000,290402,1972,20170.2207,-4994.17334,-81.5793104805,1692.37190175,0,0,
3945,3945,1.9725000,290403,1973,20078.8652,-5067.85791,-90.8593622487,2220.74822831,0,0,
3946,3946,1.9730000,290403,1973,19950.9707,-5153.20166,-119.99084241,2935.59851905,0,0,
3947,3947,1.9735000,290404,1974,19837.2598,-5240.34814,-122.819752066,3641.56558826,0,0,
3948,3948,1.9740000,290404,1974,19768.5039,-5333.38525,-74.5218980755,3843.29997219,0,0,
3949,3949,1.9745000,290405,1975,19732.9238,-5404.66504,5.45182573344,3780.47111792,0,0,
3950,3950,1.9750000,290405,1975,19689.0488,-5461.64111,67.7217354301,3598.56631258,0,0,
3951,3951,1.9755000,290406,1976,19648.541,-5563.93359,119.190136597,3360.13086007,0,0,
3952,3952,1.9760000,290406,1976,19599.498,-5673.43799,156.116505795,3133.41653228,0,0,
3953,3953,1.9765000,290407,1977,19547.2109,-5750.00732,184.733771678,2957.90636928,0,0,
3954,3954,1.9770000,290407,1977,19521.7285,-5773.32617,228.070327247,2854.66509148,0,0,
3955,3955,1.9775000,290408,1978,19530.502,-5759.14258,291.479845185,2832.08380434,0,0,
3956,3956,1.9780000,290408,1978,19564.4004,-5717.9126,363.444374696,2883.70130302,0,0,
3957,3957,1.9785000,290409,1979,19598.7773,-5673.31787,420.985648674,2968.98408619,0,0,
3958,3958,1.9790000,290409,1979,19623.2988,-5623.31299,459.609207642,3063.97579431,0,0,
3959,3959,1.9795000,290410,1980,19624.9824,-5558.28369,472.491754483,3165.56856402,0,0,
3960,3960,1.9800000,290410,1980,19611.2793,-5509.36133,463.657779598,3257.51931662,0,0,
3961,3961,1.9805000,290411,1981,19596.6133,-5479.55127,449.887708123,3350.54591996,0,0,
3962,3962,1.9810000,290411,1981,19598.8965,-5464.40576,450.397511206,3434.46598295,0,0,
3963,3963,1.9815000,290412,1982,19614.8848,-5443.49072,460.529863973,3494.25955466,0,0,
3964,3964,1.9820000,290412,1982,19629.6699,-5398.89551,464.788603185,3526.91948708,0,0,
3965,3965,1.9825000,290413,1983,19649.502,-5363.55566,468.25353277,3535.96297811,0,0,
3966,3966,1.9830000,290413,1983,19674.0254,-5350.45361,466.491844589,3539.17055715,0,0,
3967,3967,1.9835000,290414,1984,19686.7656,-5371.97021,445.500293739,3455.09391974,0,0,
3968,3968,1.9840000,290414,1984,19692.7754,-5420.41162,412.689739933,3207.87843922,0,0,
3969,3969,1.9845000,290415,1985,19694.5801,-5497.82227,374.885156856,2854.68871346,0,0,
3970,3970,1.9850000,290415,1985,19695.1797,-5539.53271,342.977954452,2546.5046085,0,0,
3971,3971,1.9855000,290416,1986,19679.4336,-5558.04346,299.010502662,2309.48859943,0,0,
3972,3972,1.9860000,290416,1986,19652.8691,-5578.95898,246.740864334,2091.90806601,0,0,
3973,3973,1.9865000,290417,1987,19628.4668,-5587.85352,198.698541657,1913.71606376,0,0,
3974,3974,1.9870000,290417,1987,19590.9648,-5597.58984,142.620582175,1753.8817671,0,0,
3975,3975,1.9875000,290418,1988,19564.2793,-5557.08203,100.602478122,1652.94107919,0,0,
3976,3976,1.9880000,290418,1988,19563.9199,-5513.68896,90.7100649934,1547.7450987,0,0,
3977,3977,1.9885000,290419,1989,19586.998,-5503.35156,105.162901911,1403.04815141,0,0,
3978,3978,1.9890000,290419,1989,19638.9238,-5526.67041,135.483915175,1235.23943446,0,0,
3979,3979,1.9895000,290420,1990,19691.9355,-5602.51807,158.653812983,1042.33983262,0,0,
3980,3980,1.9900000,290420,1990,19737.7324,-5687.74219,160.312805736,860.508562314,0,0,
3981,3981,1.9905000,290421,1991,19803.9629,-5765.03174,171.762772761,700.491180039,0,0,
3982,3982,1.9910000,290421,1991,19875.4824,-5849.29443,185.584247036,561.475001142,0,0,
3983,3983,1.9915000,290422,1992,19935.584,-5944.13428,182.018461411,444.102007843,0,0,
3984,3984,1.9920000,290422,1992,19976.2129,-5982.47852,156.494792273,407.782865196,0,0,
3985,3985,1.9925000,290423,1993,20012.3945,-6003.51367,125.134662149,444.949582185,0,0,
3986,3986,1.9930000,290423,1993,20036.7949,-6027.67432,87.3377245573,658.150749151,0,0,
3987,3987,1.9935000,290424,1994,20061.1973,-6037.77148,46.0476044697,896.922162633,0,0,
3988,3988,1.9940000,290424,1994,20059.2734,-6003.39404,-20.2199930022,792.710873455,0,0,
3989,3989,1.9945000,290425,1995,20052.1816,-6013.37061,-86.127042713,434.448270083,0,0,
3990,3990,1.9950000,290425,1995,20053.1426,-6088.85742,-139.969342281,-59.8321713023,0,0,
3991,3991,1.9955000,290426,1996,20064.6816,-6202.44922,-187.047340017,-556.083466935,0,0,
3992,3992,1.9960000,290426,1996,20050.498,-6280.94141,-251.491409896,-974.460492195,0,0,
3993,3993,1.9965000,290427,1997,19995.5664,-6325.29639,-341.799313414,-1325.37536393,0,0,
3994,3994,1.9970000,290427,1997,19933.0605,-6388.64258,-431.021177854,-1651.87375606,0,0,
3995,3995,1.9975000,290428,1998,19888.2246,-6474.82812,-495.740385854,-1925.50387857,0,0,
3996,3996,1.9980000,290428,1998,19859.7363,-6567.74463,-537.745336876,-2121.36859758,0,0,
3997,3997,1.9985000,290429,1999,19849.7598,-6659.21875,-554.246169538,-2243.21328182,0,0,
3998,3998,1.9990000,290429,1999,19854.8086,-6745.52393,-548.582940654,-2312.00511396,0,0,
3999,3999,1.9995000,290430,2000,19868.3926,-6844.08984,-526.968288152,-2355.40543512,0,0,
4000,4000,2.0000000,290430,2000,19879.0898,-6936.646,-507.967889019,-2345.07592389,0,0,
4001,4001,2.0005000,290431,2001,19891.7109,-7048.55469,-488.561879904,-2298.04073869,0,0,
4002,4002,2.0010000,290431,2001,19921.4004,-7174.28662,-456.337737024,-2224.53929659,0,0,
4003,4003,2.0015000,290432,2002,19945.3223,-7293.52734,-430.884708683,-2139.66935685,0,0,
4004,4004,2.0020000,290432,2002,19966.5977,-7418.17725,-406.693977142,-2072.68488128,0,0,
4005,4005,2.0025000,290433,2003,20006.0234,-7570.83447,-368.239892969,-2009.93410055,0,0,
4006,4006,2.0030000,290433,2003,20049.7773,-7742.48389,-332.681078083,-1919.27553079,0,0,
4007,4007,2.0035000,290434,2004,20074.5391,-7942.74072,-316.818189677,-1867.07243739,0,0,
4008,4008,2.0040000,290434,2004,20082.5918,-8142.15674,-315.929067294,-1900.18927355,0,0,
4009,4009,2.0045000,290435,2005,20106.2715,-8325.22559,-299.179361354,-1966.55947003,0,0,
4010,4010,2.0050000,290435,2005,20128.3887,-8509.49512,-278.165517427,-2022.16163341,0,0,
4011,4011,2.0055000,290436,2006,20141.3711,-8688.47754,-261.134383075,-2025.38407202,0,0,
4012,4012,2.0060000,290436,2006,20162.6465,-8874.55078,-236.901824021,-2005.24105869,0,0,
4013,4013,2.0065000,290437,2007,20158.0801,-9037.30469,-236.758882417,-1934.05773113,0,0,
4014,4014,2.0070000,290437,2007,20131.0332,-9161.11328,-250.161406913,-1809.49049515,0,0,
4015,4015,2.0075000,290438,2008,20127.7891,-9281.91699,-240.058364922,-1677.85925617,0,0,
4016,4016,2.0080000,290438,2008,20095.2129,-9322.66504,-249.970849487,-1481.62482276,0,0,
4017,4017,2.0085000,290439,2009,20051.8203,-9339.73438,-259.158994546,-1280.38623317,0,0,
4018,4018,2.0090000,290439,2009,20022.252,-9351.51465,-254.023193692,-1085.33460319,0,0,
4019,4019,2.0095000,290440,2010,20017.2012,-9341.77832,-221.025855172,-875.485016896,0,0,
4020,4020,2.0100000,290440,2010,20004.2207,-9299.94727,-197.060228171,-659.478664255,0,0,
4021,4021,2.0105000,290441,2011,19970.2031,-9255.35254,-191.217795036,-470.473088726,0,0,
4022,4022,2.0110000,290441,2011,19981.2617,-9239.72559,-137.935935746,-318.03940637,0,0,
4023,4023,2.0115000,290442,2012,20035.5938,-9257.63574,-49.8774572472,-195.233871944,0,0,
4024,4024,2.0120000,290442,2012,20114.6855,-9281.31543,50.2594695312,-79.7098721371,0,0,
4025,4025,2.0125000,290443,2013,20209.0449,-9313.89062,147.908231675,64.5115129559,0,0,
4026,4026,2.0130000,290443,2013,20303.1641,-9318.33887,233.525993681,370.551802252,0,0,
4027,4027,2.0135000,290444,2014,20417.8379,-9312.92871,315.989447601,684.728421255,0,0,
4028,4028,2.0140000,290444,2014,20554.0273,-9336.48926,398.010337972,659.433702215,0,0,
4029,4029,2.0145000,290445,2015,20682.2832,-9428.68457,452.36608529,418.441201885,0,0,
4030,4030,2.0150000,290445,2015,20794.3105,-9532.53906,474.11356465,121.878719595,0,0,
4031,4031,2.0155000,290446,2016,20845.2773,-9534.82324,427.535252966,-65.3528647948,0,0,
4032,4032,2.0160000,290446,2016,20883.0215,-9447.67676,375.475362803,-173.237149912,0,0,
4033,4033,2.0165000,290447,2017,20929.2988,-9257.87598,338.797198232,-205.751565877,0,0,
4034,4034,2.0170000,290447,2017,20971.8496,-9018.91406,294.149175572,-206.181664837,0,0,
4035,4035,2.0175000,290448,2018,20961.6328,-8805.31348,201.053338632,-216.371749583,0,0,
4036,4036,2.0180000,290448,2018,20927.6152,-8632.58301,96.19149885,-236.135385125,0,0,
4037,4037,2.0185000,290449,2019,20983.1504,-8468.38672,78.2232356198,-238.067169935,0,0,
4038,4038,2.0190000,290449,2019,21112.4863,-8319.93652,121.228584411,-242.004484959,0,0,
4039,4039,2.0195000,290450,2020,21151.3125,-8168.9624,83.4247839411,-234.148902811,0,0,
4040,4040,2.0200000,290450,2020,21119.9395,-7997.31299,-5.37354264882,-191.933253663,0,0,
4041,4041,2.0205000,290451,2021,21065.8496,-7881.19727,-96.981985143,-169.648186073,0,0,
4042,4042,2.0210000,290451,2021,21015.8457,-7828.42822,-169.489613325,-177.011710956,0,0,
4043,4043,2.0215000,290452,2022,20942.7617,-7784.79492,-241.735130478,-188.181869413,0,0,
4044,4044,2.0220000,290452,2022,20851.6484,-7751.37842,-306.895892071,-214.257316778,0,0,
4045,4045,2.0225000,290453,2023,20758.252,-7755.34521,-356.319648017,-246.888747232,0,0,
4046,4046,2.0230000,290453,2023,20709.6895,-7818.45166,-353.485496307,-283.469276756,0,0,
4047,4047,2.0235000,290454,2024,20741.6621,-7929.99951,-274.062575661,-353.487188501,0,0,
4048,4048,2.0240000,290454,2024,20794.0723,-8067.03076,-183.712645513,-496.879942708,0,0,
4049,4049,2.0245000,290455,2025,20798.6387,-8262.83984,-145.068506404,-708.142396248,0,0,
4050,4050,2.0250000,290455,2025,20734.3301,-8438.45605,-158.222558202,-863.077418234,0,0,
4051,4051,2.0255000,290456,2026,20651.8711,-8433.8877,-171.190842393,-811.87773748,0,0,
4052,4052,2.0260000,290456,2026,20570.0137,-8396.86621,-173.908053351,-719.848852487,0,0,
4053,4053,2.0265000,290457,2027,20509.1914,-8353.23242,-147.536812161,-616.182250152,0,0,
4054,4054,2.0270000,290457,2027,20467.6016,-8308.99805,-97.649339773,-511.801177341,0,0,
4055,4055,2.0275000,290458,2028,20436.2285,-8255.62793,-47.1368128789,-399.792241392,0,0,
4056,4056,2.0280000,290458,2028,20405.2168,-8188.55518,6.9344860095,-293.411805883,0,0,
4057,4057,2.0285000,290459,2029,20379.0117,-8095.51807,64.5968985796,-172.716561515,0,0,
4058,4058,2.0290000,290459,2029,20354.7305,-8012.93945,112.437140125,-62.413457317,0,0,
4059,4059,2.0295000,290460,2030,20322.1562,-7953.31885,147.433370454,33.0442635827,0,0,
4060,4060,2.0300000,290460,2030,20282.0098,-7892.37646,173.365070413,124.567946777,0,0,
4061,4061,2.0305000,290461,2031,20240.1777,-7839.00586,198.230924677,205.773857194,0,0,
4062,4062,2.0310000,290461,2031,20202.7949,-7787.55908,222.55053913,298.61546712,0,0,
4063,4063,2.0315000,290462,2032,20189.9336,-7717.9624,261.419408573,421.320021268,0,0,
4064,4064,2.0320000,290462,2032,20189.9336,-7661.34717,305.21123608,533.479231421,0,0,
4065,4065,2.0325000,290463,2033,20197.2656,-7605.45264,346.917920443,676.807230082,0,0,
4066,4066,2.0330000,290463,2033,20225.2734,-7552.68359,402.700584983,923.399886838,0,0,
4067,4067,2.0335000,290464,2034,20271.3105,-7479.35986,456.134358812,1189.77952315,0,0,
4068,4068,2.0340000,290464,2034,20324.3203,-7363.48486,499.693558199,1245.40974197,0,0,
4069,4069,2.0345000,290465,2035,20375.7676,-7251.0957,530.654815412,1170.35839092,0,0,
4070,4070,2.0350000,290465,2035,20433.1035,-7161.54492,555.954760221,1019.88096929,0,0,
4071,4071,2.0355000,290466,2036,20473.4902,-7108.77588,560.490803973,826.752648552,0,0,
4072,4072,2.0360000,290466,2036,20481.9043,-7089.42334,535.900008114,605.546130323,0,0,
4073,4073,2.0365000,290467,2037,20488.2754,-7062.01709,509.519421588,396.287265706,0,0,
4074,4074,2.0370000,290467,2037,20506.7871,-7023.79297,486.366790795,223.022643057,0,0,
4075,4075,2.0375000,290468,2038,20541.4043,-6969.70166,474.342786754,118.247221285,0,0,
4076,4076,2.0380000,290468,2038,20589.0059,-6941.45361,465.235901641,48.3977952932,0,0,
4077,4077,2.0385000,290469,2039,20609.5605,-6956.72021,409.466405888,-11.7813147804,0,0,
4078,4078,2.0390000,290469,2039,20608.8379,-6939.65088,326.678423136,-8.61060350899,0,0,
4079,4079,2.0395000,290470,2040,20606.916,-6907.07617,269.217986091,28.2512178176,0,0,
4080,4080,2.0400000,290470,2040,20610.1621,-6904.19141,232.073179854,60.8144679035,0,0,
4081,4081,2.0405000,290471,2041,20617.4941,-6973.30811,201.289789934,79.8410524658,0,0,
4082,4082,2.0410000,290471,2041,20632.3984,-6991.09766,172.329254757,183.116614662,0,0,
4083,4083,2.0415000,290472,2042,20645.2598,-6939.89111,145.640700556,338.636603743,0,0,
4084,4084,2.0420000,290472,2042,20649.4668,-6887.12256,115.427485712,469.923189078,0,0,
4085,4085,2.0425000,290473,2043,20659.5645,-6854.30713,88.0956143526,587.218180712,0,0,
4086,4086,2.0430000,290473,2043,20668.0996,-6839.0415,49.5071865516,710.31863623,0,0,
4087,4087,2.0435000,290474,2044,20670.7441,-6814.76025,-2.87584961823,822.869501963,0,0,
4088,4088,2.0440000,290474,2044,20673.1465,-6785.7915,-52.0797856834,863.42738719,0,0,
4089,4089,2.0445000,290475,2045,20679.998,-6783.14697,-86.2280590304,836.312517476,0,0,
4090,4090,2.0450000,290475,2045,20680.2402,-6783.14697,-107.592842786,793.949836536,0,0,
4091,4091,2.0455000,290476,2046,20662.5684,-6789.03711,-135.652076111,732.386707947,0,0,
4092,4092,2.0460000,290476,2046,20650.5488,-6818.60742,-157.341350503,660.924517688,0,0,
4093,4093,2.0465000,290477,2047,20647.5449,-6900.104,-171.174724417,563.987613974,0,0,
4094,4094,2.0470000,290477,2047,20651.6309,-6958.16211,-178.44515363,507.362823759,0,0,
4095,4095,2.0475000,290478,2048,20637.6875,-6991.57861,-207.399106406,484.302833327,0,0,
4096,4096,2.0480000,290478,2048,20610.041,-7019.34521,-238.834438539,460.87052111,0,0,
4097,4097,2.0485000,290479,2049,20580.5918,-7033.89014,-264.368135336,449.32756118,0,0,
4098,4098,2.0490000,290479,2049,20558.4746,-7031.125,-284.241549531,463.57812196,0,0,
4099,4099,2.0495000,290480,2050,20527.7012,-7012.13281,-306.981770844,502.975731122,0,0,
4100,4100,2.0500000,290480,2050,20483.2285,-6965.61475,-334.563121123,558.122321919,0,0,
4101,4101,2.0505000,290481,2051,20434.9062,-6901.78711,-356.75906853,618.367168383,0,0,
4102,4102,2.0510000,290481,2051,20396.9219,-6815.12109,-366.809456583,697.343149226,0,0,
4103,4103,2.0515000,290482,2052,20362.9043,-6743.11963,-375.563831173,759.957332332,0,0,
4104,4104,2.0520000,290482,2052,20334.416,-6710.06445,-376.831499399,786.873256486,0,0,
4105,4105,2.0525000,290483,2053,20305.0879,-6720.04102,-376.368860351,803.512673231,0,0,
4106,4106,2.0530000,290483,2053,20276.2383,-6752.13525,-370.453760161,893.739911316,0,0,
4107,4107,2.0535000,290484,2054,20244.2637,-6789.39795,-370.380016465,988.51506266,0,0,
4108,4108,2.0540000,290484,2054,20210.127,-6828.82422,-370.079009157,892.779271828,0,0,
4109,4109,2.0545000,290485,2055,20172.9844,-6842.1665,-365.584439164,736.638641656,0,0,
4110,4110,2.0550000,290485,2055,20143.416,-6828.46338,-350.336927245,573.18988345,0,0,
4111,4111,2.0555000,290486,2056,20113.4844,-6810.91406,-326.302109355,410.997310781,0,0,
4112,4112,2.0560000,290486,2056,20082.4727,-6781.82471,-293.036023463,257.776883352,0,0,
4113,4113,2.0565000,290487,2057,20058.5527,-6754.8999,-252.80683707,93.6613500722,0,0,
4114,4114,2.0570000,290487,2057,20039.5605,-6745.88477,-216.787517929,-73.8696990308,0,0,
4115,4115,2.0575000,290488,2058,20028.7422,-6702.4917,-178.192752652,-174.717712248,0,0,
4116,4116,2.0580000,290488,2058,20003.0176,-6618.83057,-158.5400782,-199.989164816,0,0,
4117,4117,2.0585000,290489,2059,19977.0547,-6502.11377,-148.786013912,-172.118380579,0,0,
4118,4118,2.0590000,290489,2059,19953.1348,-6385.27734,-141.76116951,-147.328418417,0,0,
4119,4119,2.0595000,290490,2060,19924.7676,-6292.24023,-121.647602289,-145.828691271,0,0,
4120,4120,2.0600000,290490,2060,19895.7988,-6186.70264,-93.757713258,-122.769112585,0,0,
4121,4121,2.0605000,290491,2061,19861.1797,-6068.54346,-71.3025919089,-57.1410040417,0,0,
4122,4122,2.0610000,290491,2061,19834.0137,-5939.20557,-48.4762551465,15.8663733902,0,0,
4123,4123,2.0615000,290492,2062,19804.9238,-5751.68945,-24.9210673867,105.226567226,0,0,
4124,4124,2.0620000,290492,2062,19771.2676,-5508.15967,-2.26684800149,207.234868327,0,0,
4125,4125,2.0625000,290493,2063,19739.4141,-5335.66895,17.1184249488,237.800180392,0,0,
4126,4126,2.0630000,290493,2063,19701.0703,-5152.11963,21.962196804,288.956213386,0,0,
4127,4127,2.0635000,290494,2064,19657.6777,-4944.77002,15.6260936027,333.433969581,0,0,
4128,4128,2.0640000,290494,2064,19619.9336,-4720.23193,15.3275848881,320.183661545,0,0,
4129,4129,2.0645000,290495,2065,19576.2988,-4496.41504,16.25270073,263.354378498,0,0,
4130,4130,2.0650000,290495,2065,19538.4355,-4300.96582,36.6724232368,161.237030723,0,0,
4131,4131,2.0655000,290496,2066,19508.8652,-4102.87207,69.8241830846,45.4514132718,0,0,
4132,4132,2.0660000,290496,2066,19489.2734,-3918.36108,103.932605235,-74.9176863184,0,0,
4133,4133,2.0665000,290497,2067,19463.0684,-3714.61792,123.920929516,-162.99381033,0,0,
4134,4134,2.0670000,290497,2067,19421.5996,-3497.89282,126.715425279,-242.741253947,0,0,
4135,4135,2.0675000,290498,2068,19382.5332,-3308.93457,128.494086351,-348.387650225,0,0,
4136,4136,2.0680000,290498,2068,19349.959,-3104.83081,140.595441971,-445.306367528,0,0,
4137,4137,2.0685000,290499,2069,19330.8457,-2905.53491,162.425116697,-546.245827849,0,0,
4138,4138,2.0690000,290499,2069,19308.7285,-2724.75024,171.137601245,-649.956773893,0,0,
4139,4139,2.0695000,290500,2070,19283.8457,-2572.09302,175.722134055,-756.705853529,0,0,
4140,4140,2.0700000,290500,2070,19241.2949,-2405.61255,166.275800493,-841.508631912,0,0,
4141,4141,2.0705000,290501,2071,19200.666,-2235.88672,160.189515428,-911.666258213,0,0,
4142,4142,2.0710000,290501,2071,19158.4746,-2076.25781,148.195539029,-970.267194216,0,0,
4143,4143,2.0715000,290502,2072,19130.9492,-1907.0127,142.610504224,-994.869410872,0,0,
4144,4144,2.0720000,290502,2072,19107.75,-1750.38879,137.290110984,-1005.56823518,0,0,
4145,4145,2.0725000,290503,2073,19085.1523,-1621.77209,130.56612441,-997.396111248,0,0,
4146,4146,2.0730000,290503,2073,19061.834,-1501.44934,123.530737658,-908.208978328,0,0,
4147,4147,2.0735000,290504,2074,19036.1094,-1422.83704,109.452682767,-836.599327375,0,0,
4148,4148,2.0740000,290504,2074,19014.2324,-1397.5946,97.7350861491,-943.584667852,0,0,
4149,4149,2.0745000,290505,2075,18992.2363,-1410.57629,88.3856524191,-1128.32473289,0,0,
4150,4150,2.0750000,290505,2075,18981.2969,-1439.30469,87.1017757454,-1322.04886155,0,0,
4151,4151,2.0755000,290506,2076,18967.1133,-1513.95056,87.1075115095,-1519.27899167,0,0,
4152,4152,2.0760000,290506,2076,18947.0391,-1575.25378,88.2585054969,-1667.5073177,0,0,
4153,4153,2.0765000,290507,2077,18923.3594,-1600.49622,85.3071384201,-1758.15739096,0,0,
4154,4154,2.0770000,290507,2077,18898.3574,-1622.854,75.1428598507,-1810.31524111,0,0,
4155,4155,2.0775000,290508,2078,18874.4375,-1630.06604,63.6702287791,-1807.34028931,0,0,
4156,4156,2.0780000,290508,2078,18844.3867,-1603.7417,47.735852718,-1731.35523777,0,0,
4157,4157,2.0785000,290509,2079,18826.5957,-1569.84473,35.7984527994,-1616.95587782,0,0,
4158,4158,2.0790000,290509,2079,18807.2441,-1543.27991,18.3892018775,-1492.64930073,0,0,
4159,4159,2.0795000,290510,2080,18784.2852,-1515.6333,12.5262309414,-1350.23460143,0,0,
4160,4160,2.0800000,290510,2080,18770.1016,-1511.30603,20.8353140384,-1210.22925617,0,0,
4161,4161,2.0805000,290511,2081,18755.7969,-1544.96277,28.1867447733,-1063.78032761,0,0,
4162,4162,2.0810000,290511,2081,18735.123,-1596.52966,22.9456160587,-915.440923291,0,0,
4163,4163,2.0815000,290512,2082,18721.2988,-1699.06238,26.3888486763,-820.918642069,0,0,
4164,4164,2.0820000,290512,2082,18707.3555,-1789.69495,32.2668891522,-715.425537523,0,0,
4165,4165,2.0825000,290513,2083,18692.4512,-1882.13074,32.337886364,-572.484137771,0,0,
4166,4166,2.0830000,290513,2083,18680.3105,-1972.16248,28.0819631022,-399.747888193,0,0,
4167,4167,2.0835000,290514,2084,18664.9238,-2060.51123,14.7577005683,-232.430588391,0,0,
4168,4168,2.0840000,290514,2084,18665.1641,-2134.79639,12.6941281377,-95.982964956,0,0,
4169,4169,2.0845000,290515,2085,18665.0449,-2204.3938,13.0906068311,24.1952879752,0,0,
4170,4170,2.0850000,290515,2085,18665.5254,-2222.78467,21.4207918919,181.719959794,0,0,
4171,4171,2.0855000,290516,2086,18669.0117,-2212.20679,33.7033548362,341.579192245,0,0,
4172,4172,2.0860000,290516,2086,18669.8535,-2217.13501,36.0249543638,482.181113985,0,0,
4173,4173,2.0865000,290517,2087,18673.5801,-2234.32397,36.7029793183,608.660457003,0,0,
4174,4174,2.0870000,290517,2087,18679.8301,-2245.62329,38.3063216769,726.495244848,0,0,
4175,4175,2.0875000,290518,2088,18676.2227,-2251.9939,26.5782187191,840.626517919,0,0,
4176,4176,2.0880000,290518,2088,18668.0488,-2239.01196,14.1669666934,948.869773312,0,0,
4177,4177,2.0885000,290519,2089,18663.002,-2198.26343,3.34670287345,1062.92344414,0,0,
4178,4178,2.0890000,290519,2089,18665.2852,-2141.76831,-5.6301732249,1179.35634125,0,0,
4179,4179,2.0895000,290520,2090,18676.8242,-2022.88782,-6.30207121685,1337.89460137,0,0,
4180,4180,2.0900000,290520,2090,18693.0527,-1820.10632,-0.372270753691,1527.44625598,0,0,
4181,4181,2.0905000,290521,2091,18704.9512,-1646.89453,-0.768571003115,1650.19489476,0,0,
4182,4182,2.0910000,290521,2091,18719.7363,-1500.24744,-4.55118804863,1726.97856974,0,0,
4183,4183,2.0915000,290522,2092,18731.0352,-1291.33545,-20.4672301351,1837.69826466,0,0,
4184,4184,2.0920000,290522,2092,18746.3008,-994.194885,-35.4198362824,1998.92792516,0,0,
4185,4185,2.0925000,290523,2093,18767.6973,-632.024719,-45.8575124202,2194.49500333,0,0,
4186,4186,2.0930000,290523,2093,18789.8145,-251.704041,-55.1231401243,2409.52312157,0,0,
4187,4187,2.0935000,290524,2094,18814.2168,123.92878,-66.0687824609,2576.51600336,0,0,
4188,4188,2.0940000,290524,2094,18830.2031,509.6586,-85.5372200725,2589.27198413,0,0,
4189,4189,2.0945000,290525,2095,18826.957,939.622986,-116.663261332,2539.55889505,0,0,
4190,4190,2.0950000,290525,2095,18830.3223,1447.83923,-139.793036632,2485.01302724,0,0,
4191,4191,2.0955000,290526,2096,18843.3047,2058.46777,-146.031611081,2466.34953469,0,0,
4192,4192,2.0960000,290526,2096,18860.1328,2674.74609,-140.764316074,2383.99559884,0,0,
4193,4193,2.0965000,290527,2097,18875.2793,3098.09937,-136.388404735,2080.43757126,0,0,
4194,4194,2.0970000,290527,2097,18892.5879,3310.73755,-134.487581115,1604.51777235,0,0,
4195,4195,2.0975000,290528,2098,18916.9883,3385.7439,-128.939090086,1062.09311506,0,0,
4196,4196,2.0980000,290528,2098,18923.3594,3371.80054,-137.661113635,520.099098834,0,0,
4197,4197,2.0985000,290529,2099,18923.1191,3372.28125,-157.275724091,74.9705431102,0,0,
4198,4198,2.0990000,290529,2099,18929.7305,3388.98926,-170.119692683,-287.759729578,0,0,
4199,4199,2.0995000,290530,2100,18953.4102,3390.79224,-154.70696398,-601.244247773,0,0,
4200,4200,2.1000000,290530,2100,18973.9648,3445.84497,-139.06745059,-807.568221638,0,0,
4201,4201,2.1005000,290531,2101,18976.1289,3546.93555,-138.124123355,-910.396681631,0,0,
4202,4202,2.1010000,290531,2101,18984.4219,3638.77026,-133.251526503,-990.404761111,0,0,
4203,4203,2.1015000,290532,2102,18997.0449,3717.14233,-122.251148025,-1070.16233808,0,0,
4204,4204,2.1020000,290532,2102,19011.9492,3808.61621,-105.871005642,-1133.77149148,0,0,
4205,4205,2.1025000,290533,2103,19049.0918,3933.26636,-74.5678586688,-1132.37629466,0,0,
4206,4206,2.1030000,290533,2103,19080.7051,4040.24634,-56.7524667537,-1121.82178792,0,0,
4207,4207,2.1035000,290534,2104,19105.1055,4158.16504,-50.9594107472,-1101.71677735,0,0,
4208,4208,2.1040000,290534,2104,19140.3262,4286.66162,-40.8754013548,-1103.46595945,0,0,
4209,4209,2.1045000,290535,2105,19182.877,4435.11182,-22.5713617255,-1098.95135816,0,0,
4210,4210,2.1050000,290535,2105,19220.8613,4626.11377,-3.46025801416,-1066.84440509,0,0,
4211,4211,2.1055000,290536,2106,19240.8145,4805.81592,1.50623486315,-1058.14232821,0,0,
4212,4212,2.1060000,290536,2106,19254.877,4975.6626,-0.74666633123,-1045.48398456,0,0,
4213,4213,2.1065000,290537,2107,19262.2109,5143.82568,-8.58419354769,-1022.19320605,0,0,
4214,4214,2.1070000,290537,2107,19266.5371,5304.77686,-15.4486538581,-1005.14421047,0,0,
4215,4215,2.1075000,290538,2108,19270.3848,5437.11963,-20.3264332917,-1004.70332409,0,0,
4216,4216,2.1080000,290538,2108,19280.7207,5546.26367,-14.1319160848,-1024.42616701,0,0,
4217,4217,2.1085000,290539,2109,19295.748,5657.81201,-5.08648736949,-1034.82217212,0,0,
4218,4218,2.1090000,290539,2109,19310.4121,5792.6792,-0.915855422083,-1009.59184632,0,0,
4219,4219,2.1095000,290540,2110,19319.7871,5960.12109,-0.791183893787,-950.89840516,0,0,
4220,4220,2.1100000,290540,2110,19324.2344,6113.49951,0.172570576643,-919.280296749,0,0,
4221,4221,2.1105000,290541,2111,19317.1426,6227.93213,-5.22196823874,-906.610259761,0,0,
4222,4222,2.1110000,290541,2111,19320.9902,6312.67432,-1.76490297504,-893.954168159,0,0,
4223,4223,2.1115000,290542,2112,19350.0781,6410.64014,18.0415259159,-858.384420482,0,0,
4224,4224,2.1120000,290542,2112,19374.8398,6531.32275,29.2190294862,-795.382601735,0,0,
4225,4225,2.1125000,290543,2113,19397.5586,6635.17822,36.2009727286,-724.177090621,0,0,
4226,4226,2.1130000,290543,2113,19419.3145,6726.05127,42.8881118874,-607.052753545,0,0,
4227,4227,2.1135000,290544,2114,19434.5801,6817.16455,41.3568071257,-470.079325034,0,0,
4228,4228,2.1140000,290544,2114,19446.6016,6912.8457,38.6847301602,-414.028894104,0,0,
4229,4229,2.1145000,290545,2115,19454.6543,7007.20508,39.2021991794,-403.502065495,0,0,
4230,4230,2.1150000,290545,2115,19454.4141,7107.09326,31.3300361295,-412.500074011,0,0,
4231,4231,2.1155000,290546,2116,19458.6211,7203.25537,32.6758809871,-429.161093092,0,0,
4232,4232,2.1160000,290546,2116,19463.5488,7291.72412,41.3010410419,-446.693925092,0,0,
4233,4233,2.1165000,290547,2117,19483.3828,7391.13135,63.4752883203,-422.065810707,0,0,
4234,4234,2.1170000,290547,2117,19504.9004,7472.26807,80.972350662,-369.834153251,0,0,
4235,4235,2.1175000,290548,2118,19527.2559,7564.58398,94.1424589344,-278.499396856,0,0,
4236,4236,2.1180000,290548,2118,19553.5801,7666.87646,112.610958251,-160.812107878,0,0,
4237,4237,2.1185000,290549,2119,19571.1309,7762.91797,115.680601265,-50.4367599237,0,0,
4238,4238,2.1190000,290549,2119,19588.8008,7852.94971,114.480683098,48.5450627716,0,0,
4239,4239,2.1195000,290550,2120,19601.1816,7976.15674,115.031662143,174.659928217,0,0,
4240,4240,2.1200000,290550,2120,19618.9707,8094.55664,124.000480755,283.849846292,0,0,
4241,4241,2.1205000,290551,2121,19642.4121,8224.01465,140.236656582,406.476579442,0,0,
4242,4242,2.1210000,290551,2121,19668.4941,8337.24512,152.105283121,510.168789534,0,0,
4243,4243,2.1215000,290552,2122,19691.9355,8442.42285,159.578133276,590.458568529,0,0,
4244,4244,2.1220000,290552,2122,19722.3457,8549.64355,172.995340787,647.851875775,0,0,
4245,4245,2.1225000,290553,2123,19757.3242,8661.07129,181.306680951,710.831447446,0,0,
4246,4246,2.1230000,290553,2123,19800.3574,8767.69043,190.431876507,775.493534159,0,0,
4247,4247,2.1235000,290554,2124,19842.1875,8860.00684,192.961433905,810.348664625,0,0,
4248,4248,2.1240000,290554,2124,19863.7051,8937.65723,171.107580934,796.18724343,0,0,
4249,4249,2.1245000,290555,2125,19864.7852,9038.74707,136.475841583,783.751285655,0,0,
4250,4250,2.1250000,290555,2125,19855.2891,9157.50684,105.243356754,766.860748808,0,0,
4251,4251,2.1255000,290556,2126,19836.5371,9274.46387,77.6406834007,737.359946721,0,0,
4252,4252,2.1260000,290556,2126,19810.4551,9394.06543,48.530684008,717.671502209,0,0,
4253,4253,2.1265000,290557,2127,19787.9766,9539.75098,28.2982572374,723.324337563,0,0,
4254,4254,2.1270000,290557,2127,19765.8594,9695.6543,14.1204306535,728.07507817,0,0,
4255,4255,2.1275000,290558,2128,19741.459,9832.56445,1.67845106624,715.2473878,0,0,
4256,4256,2.1280000,290558,2128,19727.6348,9950.60352,2.99444307323,677.292876582,0,0,
4257,4257,2.1285000,290559,2129,19719.3418,10065.0361,7.9177427546,629.949631047,0,0,
4258,4258,2.1290000,290559,2129,19696.9824,10193.292,-1.72081702637,593.763048074,0,0,
4259,4259,2.1295000,290560,2130,19683.1602,10303.0371,-0.822440475322,536.378070002,0,0,
4260,4260,2.1300000,290560,2130,19672.9434,10395.2324,7.43178677267,457.844699899,0,0,
4261,4261,2.1305000,290561,2131,19671.9805,10501.1309,25.6085653436,410.316212476,0,0,
4262,4262,2.1310000,290561,2131,19653.4707,10623.1367,22.5932383695,393.925079508,0,0,
4263,4263,2.1315000,290562,2132,19625.7031,10756.6816,5.03192680751,381.519599008,0,0,
4264,4264,2.1320000,290562,2132,19600.9414,10882.8936,-7.28222995252,355.870889457,0,0,
4265,4265,2.1325000,290563,2133,19582.6699,11029.6611,-11.8661692139,362.809070195,0,0,
4266,4266,2.1330000,290563,2133,19562.5957,11176.0674,-15.1841171152,406.721170078,0,0,
4267,4267,2.1335000,290564,2134,19537.3535,11287.2549,-21.9666283409,427.483474438,0,0,
4268,4268,2.1340000,290564,2134,19524.4922,11379.21,-15.600532415,362.204097336,0,0,
4269,4269,2.1345000,290565,2135,19530.7441,11474.29,10.3704776012,266.845078535,0,0,
4270,4270,2.1350000,290565,2135,19534.709,11584.5156,29.011085337,165.815974307,0,0,
4271,4271,2.1355000,290566,2136,19550.3359,11698.8281,54.7815937196,65.8063274433,0,0,
4272,4272,2.1360000,290566,2136,19555.0234,11822.6367,70.2961469457,-21.0656116967,0,0,
4273,4273,2.1365000,290567,2137,19533.3867,11949.8115,59.5140193243,-82.8698614524,0,0,
4274,4274,2.1370000,290567,2137,19511.8711,12053.5469,47.5646032352,-127.009501151,0,0,
4275,4275,2.1375000,290568,2138,19503.2168,12161.8486,45.5648846526,-143.897791634,0,0,
4276,4276,2.1380000,290568,2138,19504.1777,12258.251,53.5531476407,-154.280169659,0,0,
4277,4277,2.1385000,290569,2139,19500.4512,12330.6133,52.69849994,-177.467522575,0,0,
4278,4278,2.1390000,290569,2139,19484.1035,12421.7266,37.6029452493,-179.454881957,0,0,
4279,4279,2.1395000,290570,2140,19466.4355,12516.9268,28.8377655839,-177.765883304,0,0,
4280,4280,2.1400000,290570,2140,19448.8848,12619.2188,23.3975045771,-169.341893355,0,0,
4281,4281,2.1405000,290571,2141,19426.0469,12726.3193,16.6817553039,-147.296649765,0,0,
4282,4282,2.1410000,290571,2141,19401.0449,12831.4971,6.13044596065,-120.069397959,0,0,
4283,4283,2.1415000,290572,2142,19392.2695,12941.6025,11.2595060639,-95.2387332308,0,0,
4284,4284,2.1420000,290572,2142,19378.5664,13058.9209,11.7898931761,-81.1258260776,0,0,
4285,4285,2.1425000,290573,2143,19371.2344,13171.9102,12.0183536794,-66.9187260694,0,0,
4286,4286,2.1430000,290573,2143,19355.3672,13300.2861,1.27960780589,-30.9321163153,0,0,
4287,4287,2.1435000,290574,2144,19344.9102,13420.9697,-4.926211389,-12.7424350792,0,0,
4288,4288,2.1440000,290574,2144,19332.7695,13517.6133,-12.7469046765,-41.3237403469,0,0,
4289,4289,2.1445000,290575,2145,19313.0566,13612.8125,-21.1990174546,-86.7085151076,0,0,
4290,4290,2.1450000,290575,2145,19302.2383,13697.6758,-14.3042297254,-151.756697579,0,0,
4291,4291,2.1455000,290576,2146,19296.3477,13783.2607,0.740595622805,-213.777878535,0,0,
4292,4292,2.1460000,290576,2146,19280.3613,13876.1768,4.36837463627,-254.49204802,0,0,
4293,4293,2.1465000,290577,2147,19249.8301,13991.5713,-6.16404232401,-269.811125643,0,0,
4294,4294,2.1470000,290577,2147,19209.5605,14100.835,-22.657767374,-290.886018805,0,0,
4295,4295,2.1475000,290578,2148,19166.6504,14219.8359,-38.5615652067,-292.511685158,0,0,
4296,4296,2.1480000,290578,2148,19119.0488,14374.0557,-56.1004729502,-266.304141915,0,0,
4297,4297,2.1485000,290579,2149,19081.9062,14525.9912,-64.283070452,-252.088320814,0,0,
4298,4298,2.1490000,290579,2149,19030.8203,14676.4854,-82.4803606296,-246.403263784,0,0,
4299,4299,2.1495000,290580,2150,18974.8066,14842.0039,-101.753184873,-232.369282918,0,0,
4300,4300,2.1500000,290580,2150,18934.7793,14992.7383,-101.530054474,-240.305153605,0,0,
4301,4301,2.1505000,290581,2151,18921.6777,15111.8584,-78.0143901182,-266.981000982,0,0,
4302,4302,2.1510000,290581,2151,18921.7969,15233.1436,-48.60050823,-278.172293257,0,0,
4303,4303,2.1515000,290582,2152,18926.4844,15357.9131,-26.7720502836,-288.35241297,0,0,
4304,4304,2.1520000,290582,2152,18914.2246,15507.085,-25.5524391873,-278.126052029,0,0,
4305,4305,2.1525000,290583,2153,18874.6777,15625.0029,-49.5316064518,-284.341136026,0,0,
4306,4306,2.1530000,290583,2153,18810.9707,15687.0273,-88.131515459,-297.246742033,0,0,
4307,4307,2.1535000,290584,2154,18746.6621,15763.7158,-119.622920515,-270.946648474,0,0,
4308,4308,2.1540000,290584,2154,18720.2168,15843.5312,-115.294277049,-288.318090766,0,0,
4309,4309,2.1545000,290585,2155,18730.0742,15907.2383,-81.5869208657,-343.059519181,0,0,
4310,4310,2.1550000,290585,2155,18731.2754,15940.6553,-61.8271938745,-433.792805915,0,0,
4311,4311,2.1555000,290586,2156,18675.9824,15914.5703,-92.7091860922,-562.507766974,0,0,
4312,4312,2.1560000,290586,2156,18578.1387,15920.3408,-146.408248817,-640.720636424,0,0,
4313,4313,2.1565000,290587,2157,18486.1836,15982.2451,-179.838394023,-641.044253752,0,0,
4314,4314,2.1570000,290587,2157,18407.3301,16090.5469,-195.773527554,-566.943834427,0,0,
4315,4315,2.1575000,290588,2158,18348.791,16201.374,-192.992299591,-481.798738049,0,0,
4316,4316,2.1580000,290588,2158,18336.6504,16266.6445,-149.747497207,-426.659045412,0,0,
4317,4317,2.1585000,290589,2159,18390.9824,16338.8857,-60.2183296393,-358.438933373,0,0,
4318,4318,2.1590000,290589,2159,18475.125,16469.666,36.0023201975,-248.663292166,0,0,
4319,4319,2.1595000,290590,2160,18543.0391,16630.1367,103.360356435,-129.267030754,0,0,
4320,4320,2.1600000,290590,2160,18569.2441,16758.1523,122.81407326,-53.5895320048,0,0,
4321,4321,2.1605000,290591,2161,18564.5547,16813.084,113.05137415,-38.4701758899,0,0,
4322,4322,2.1610000,290591,2161,18594.6055,16850.9473,127.845279321,-25.6953917763,0,0,
4323,4323,2.1615000,290592,2162,18631.2676,16901.6738,139.205961052,-0.881734469875,0,0,
4324,4324,2.1620000,290592,2162,18664.9238,16946.6289,143.063588737,10.0545100442,0,0,
4325,4325,2.1625000,290593,2163,18681.873,16978.6035,123.192699253,20.6605336922,0,0,
4326,4326,2.1630000,290593,2163,18708.7988,17003.7246,109.427044056,37.7616677876,0,0,
4327,4327,2.1635000,290594,2164,18730.0742,17024.8809,87.3120870693,53.5767685165,0,0,
4328,4328,2.1640000,290594,2164,18729.3535,17032.6934,47.0486608192,48.55914946,0,0,
4329,4329,2.1645000,290595,2165,18702.668,17031.9727,-5.13762406731,29.0988774432,0,0,
4330,4330,2.1650000,290595,2165,18648.0957,17020.9141,-68.2040269872,-1.07904482449,0,0,
4331,4331,2.1655000,290596,2166,18612.3965,17017.6699,-101.045024343,-19.2119932195,0,0,
4332,4332,2.1660000,290596,2166,18603.0195,17022.959,-104.754809377,-17.6588708653,0,0,
4333,4333,2.1665000,290597,2167,18592.5625,17027.8867,-107.220160256,-13.4259800099,0,0,
4334,4334,2.1670000,290597,2167,18578.7402,17026.3242,-110.067021421,-9.79224502814,0,0,
4335,4335,2.1675000,290598,2168,18571.6465,17030.0488,-106.609664782,9.08981217233,0,0,
4336,4336,2.1680000,290598,2168,18559.5059,17055.1719,-107.811393416,42.2366648424,0,0,
4337,4337,2.1685000,290599,2169,18548.0879,17084.2617,-111.979773561,75.6499301894,0,0,
4338,4338,2.1690000,290599,2169,18546.2832,17101.0898,-105.630362849,96.1696701055,0,0,
4339,4339,2.1695000,290600,2170,18544,17101.6895,-101.010216787,101.83296179,0,0,
4340,4340,2.1700000,290600,2170,18546.5254,17101.209,-94.5145827407,109.225495131,0,0,
4341,4341,2.1705000,290601,2171,18540.875,17084.7422,-99.7834406162,118.577260018,0,0,
4342,4342,2.1710000,290601,2171,18541.8379,17035.0996,-101.189359145,112.26700279,0,0,
4343,4343,2.1715000,290602,2172,18543.8809,16962.377,-106.143882652,91.3866722805,0,0,
4344,4344,2.1720000,290602,2172,18558.9062,16899.1504,-97.9663170266,84.1532733115,0,0,
4345,4345,2.1725000,290603,2173,18576.8164,16853.4727,-85.8915811998,113.485831412,0,0,
4346,4346,2.1730000,290603,2173,18600.4961,16806.5938,-66.9123999636,181.503104521,0,0,
4347,4347,2.1735000,290604,2174,18618.2852,16760.4355,-56.6911032802,259.168252306,0,0,
4348,4348,2.1740000,290604,2174,18626.6992,16714.1582,-64.0337223928,292.046507446,0,0,
4349,4349,2.1745000,290605,2175,18632.8301,16672.8086,-77.8041448524,305.460009633,0,0,
4350,4350,2.1750000,290605,2175,18646.8926,16636.1465,-81.2838883964,308.181397783,0,0,
4351,4351,2.1755000,290606,2176,18643.2871,16595.1582,-89.4475269773,309.320805708,0,0,
4352,4352,2.1760000,290606,2176,18647.2539,16544.4316,-78.284266642,292.949232124,0,0,
4353,4353,2.1765000,290607,2177,18659.1543,16509.5723,-60.6507308869,291.512547749,0,0,
4354,4354,2.1770000,290607,2177,18670.8145,16499.3555,-50.1928026287,325.574274037,0,0,
4355,4355,2.1775000,290608,2178,18668.0488,16495.8691,-59.5706136726,369.91667012,0,0,
4356,4356,2.1780000,290608,2178,18664.3223,16486.8555,-74.6358329376,420.034500951,0,0,
4357,4357,2.1785000,290609,2179,18653.625,16493.9473,-103.277766079,478.468042271,0,0,
4358,4358,2.1790000,290609,2179,18646.6543,16481.8066,-126.756411055,497.261502707,0,0,
4359,4359,2.1795000,290610,2180,18647.8555,16461.252,-130.306767352,497.686105919,0,0,
4360,4360,2.1800000,290610,2180,18666.9668,16437.332,-107.553086946,497.602828921,0,0,
4361,4361,2.1805000,290611,2181,18699.7832,16383.2412,-68.0870859134,488.453182067,0,0,
4362,4362,2.1810000,290611,2181,18733.9199,16301.5029,-40.3698425869,465.445335617,0,0,
4363,4363,2.1815000,290612,2182,18760.9668,16219.8857,-24.625772215,440.515013137,0,0,
4364,4364,2.1820000,290612,2182,18770.7012,16165.0732,-22.5365847258,431.915760265,0,0,
4365,4365,2.1825000,290613,2183,18785.127,16119.7568,-16.359344736,436.484016003,0,0,
4366,4366,2.1830000,290613,2183,18815.0566,16058.2119,0.274395610421,430.623510017,0,0,
4367,4367,2.1835000,290614,2184,18855.5645,15986.332,23.1469056551,413.18164624,0,0,
4368,4368,2.1840000,290614,2184,18908.2129,15939.6924,55.8018750432,406.643904731,0,0,
4369,4369,2.1845000,290615,2185,18963.9883,15906.999,93.2448321631,396.915168626,0,0,
4370,4370,2.1850000,290615,2185,19016.0352,15839.4443,127.992235163,346.452900261,0,0,
4371,4371,2.1855000,290616,2186,19055.3418,15726.9346,144.90141411,256.577901683,0,0,
4372,4372,2.1860000,290616,2186,19067.9629,15624.8828,133.11122349,187.722346249,0,0,
4373,4373,2.1865000,290617,2187,19059.9102,15517.3018,107.596911942,120.258285704,0,0,
4374,4374,2.1870000,290617,2187,19042.2402,15413.9268,81.1087452568,65.245207314,0,0,
4375,4375,2.1875000,290618,2188,19048.8516,15318.9678,78.7182445537,27.2086835272,0,0,
4376,4376,2.1880000,290618,2188,19068.2031,15201.7695,88.2090873669,-32.7308739915,0,0,
4377,4377,2.1885000,290619,2189,19055.7031,15058.1279,67.0501448528,-107.244258085,0,0,
4378,4378,2.1890000,290619,2189,19023.248,14885.1562,34.2689869264,-191.42773261,0,0,
4379,4379,2.1895000,290620,2190,19010.748,14693.3135,25.0812542875,-273.484860865,0,0,
4380,4380,2.1900000,290620,2190,19006.541,14507,24.0973236763,-333.80785648,0,0,
4381,4381,2.1905000,290621,2191,18999.6895,14345.207,20.9465976882,-347.542517906,0,0,
4382,4382,2.1910000,290621,2191,18995.4824,14223.2021,19.0049343016,-310.933112808,0,0,
4383,4383,2.1915000,290622,2192,18992.957,14112.4951,16.4555022552,-267.358197267,0,0,
4384,4384,2.1920000,290622,2192,18993.4375,13996.7393,17.6067465099,-238.710598252,0,0,
4385,4385,2.1925000,290623,2193,18999.207,13895.8906,26.5290970032,-192.943840425,0,0,
4386,4386,2.1930000,290623,2193,19005.6973,13814.874,38.7287376647,-107.579853118,0,0,
4387,4387,2.1935000,290624,2194,19018.4395,13746.5986,56.091233337,-15.551559236,0,0,
4388,4388,2.1940000,290624,2194,19030.0996,13692.6279,65.9360959648,41.0930036812,0,0,
4389,4389,2.1945000,290625,2195,19045.0059,13642.8633,73.2779995593,69.3462581319,0,0,
4390,4390,2.1950000,290625,2195,19063.9961,13609.9287,82.9185721195,88.3986855422,0,0,
4391,4391,2.1955000,290626,2196,19087.7969,13590.335,104.943723772,109.390048846,0,0,
4392,4392,2.1960000,290626,2196,19104.2637,13570.6221,124.475227272,111.745959021,0,0,
4393,4393,2.1965000,290627,2197,19115.9238,13559.2031,136.148187407,107.644549986,0,0,
4394,4394,2.1970000,290627,2197,19131.791,13544.5381,145.366862503,100.349457485,0,0,
4395,4395,2.1975000,290628,2198,19142.248,13537.3252,144.88911125,99.3429393369,0,0,
4396,4396,2.1980000,290628,2198,19160.2793,13543.6963,144.036763136,116.65059951,0,0,
4397,4397,2.1985000,290629,2199,19166.2891,13567.6172,124.310374873,137.564728917,0,0,
4398,4398,2.1990000,290629,2199,19169.4141,13598.2686,100.62746124,144.536683218,0,0,
4399,4399,2.1995000,290630,2200,19175.3047,13614.4961,87.1267089912,125.236861155,0,0,
4400,4400,2.2000000,290630,2200,19183.7188,13625.7959,81.9162931833,99.954366134,0,0,
4401,4401,2.2005000,290631,2201,19191.1699,13630.9639,80.6590005559,83.9481117663,0,0,
4402,4402,2.2010000,290631,2201,19200.5469,13635.8916,75.2991639162,72.924348663,0,0,
4403,4403,2.2015000,290632,2202,19208.4805,13662.2158,69.0696065567,68.0136657788,0,0,
4404,4404,2.2020000,290632,2202,19212.3262,13692.2666,65.2542463216,46.0781702048,0,0,
4405,4405,2.2025000,290633,2203,19224.8281,13700.3203,67.8571337164,3.91031192157,0,0,
4406,4406,2.2030000,290633,2203,19232.1602,13694.3096,61.3660866734,-43.2427090061,0,0,
4407,4407,2.2035000,290634,2204,19230.959,13670.2695,47.355523355,-103.973047623,0,0,
4408,4408,2.2040000,290634,2204,19239.1309,13650.6768,44.8041736978,-168.988212937,0,0,
4409,4409,2.2045000,290635,2205,19250.5508,13648.1523,51.8541472965,-226.245175805,0,0,
4410,4410,2.2050000,290635,2205,19268.3418,13661.9766,69.8678445018,-267.581452919,0,0,
4411,4411,2.2055000,290636,2206,19280.9629,13657.4092,82.3485669545,-320.891475622,0,0,
4412,4412,2.2060000,290636,2206,19300.6758,13637.8154,100.030516453,-383.803869509,0,0,
4413,4413,2.2065000,290637,2207,19313.8965,13630.8438,112.912328579,-431.073453566,0,0,
4414,4414,2.2070000,290637,2207,19316.541,13631.8047,116.930572279,-468.07032794,0,0,
4415,4415,2.2075000,290638,2208,19322.4316,13640.5791,116.76667127,-494.440443072,0,0,
4416,4416,2.2080000,290638,2208,19326.1582,13655.7256,111.995315827,-516.644346646,0,0,
4417,4417,2.2085000,290639,2209,19328.082,13683.3721,107.79387993,-524.826013995,0,0,
4418,4418,2.2090000,290639,2209,19324.3555,13704.8877,101.264217559,-533.411512392,0,0,
4419,4419,2.2095000,290640,2210,19311.252,13721.7158,83.2977614165,-542.534507018,0,0,
4420,4420,2.2100000,290640,2210,19312.4551,13727.9678,76.0124376589,-561.376723227,0,0,
4421,4421,2.2105000,290641,2211,19308.7285,13735.9014,63.5569058566,-570.577830149,0,0,
4422,4422,2.2110000,290641,2211,19299.3535,13758.499,44.4306670878,-563.314814016,0,0,
4423,4423,2.2115000,290642,2212,19297.9102,13795.6406,30.5399813656,-545.803234143,0,0,
4424,4424,2.2120000,290642,2212,19312.6953,13821.9648,29.8416639367,-542.854774042,0,0,
4425,4425,2.2125000,290643,2213,19323.5137,13832.543,25.2904670716,-547.568874038,0,0,
4426,4426,2.2130000,290643,2213,19345.8711,13807.542,31.4777867416,-556.372972135,0,0,
4427,4427,2.2135000,290644,2214,19366.4258,13725.3232,32.9850055757,-597.873956218,0,0,
4428,4428,2.2140000,290644,2214,19392.0293,13582.7627,32.9273766215,-698.525880386,0,0,
4429,4429,2.2145000,290645,2215,19425.084,13413.6377,32.854458606,-807.135256059,0,0,
4430,4430,2.2150000,290645,2215,19453.6934,13318.5576,25.8874932687,-836.30013303,0,0,
4431,4431,2.2155000,290646,2216,19484.584,13291.8721,26.7302163848,-793.40447105,0,0,
4432,4432,2.2160000,290646,2216,19501.293,13276.2461,20.6675834541,-742.877602765,0,0,
4433,4433,2.2165000,290647,2217,19513.0723,13249.3203,10.139132543,-703.565171999,0,0,
4434,4434,2.2170000,290647,2217,19531.3438,13219.6299,1.35354506002,-654.736492595,0,0,
4435,4435,2.2175000,290648,2218,19548.1719,13206.0479,-10.5559043823,-584.106219644,0,0,
4436,4436,2.2180000,290648,2218,19569.6895,13199.3164,-24.3965541211,-497.643590023,0,0,
4437,4437,2.2185000,290649,2219,19593.0078,13166.3818,-40.8737664366,-437.014841715,0,0,
4438,4438,2.2190000,290649,2219,19616.6875,13134.5273,-59.0658501196,-379.200351208,0,0,
4439,4439,2.2195000,290650,2220,19636.6406,13120.2227,-75.8743173785,-304.85560701,0,0,
4440,4440,2.2200000,290650,2220,19668.7363,13092.6963,-78.3975021018,-237.945479521,0,0,
4441,4441,2.2205000,290651,2221,19701.3105,12994.8516,-78.2162109603,-211.156316615,0,0,
4442,4442,2.2210000,290651,2221,19721.8652,12877.0537,-94.0654113623,-182.166144102,0,0,
4443,4443,2.2215000,290652,2222,19734.6074,12802.6484,-114.508144618,-115.507345639,0,0,
4444,4444,2.2220000,290652,2222,19761.8926,12750.1201,-115.672312122,-39.2112794629,0,0,
4445,4445,2.2225000,290653,2223,19777.3984,12704.082,-129.210600247,47.2825050884,0,0,
4446,4446,2.2230000,290653,2223,19791.1016,12652.7549,-144.468857607,133.73992085,0,0,
4447,4447,2.2235000,290654,2224,19798.1934,12618.9795,-162.124550284,232.559328859,0,0,
4448,4448,2.2240000,290654,2224,19806.127,12598.7852,-175.932517765,323.056825592,0,0,
4449,4449,2.2245000,290655,2225,19834.7344,12580.875,-165.044707889,394.190678332,0,0,
4450,4450,2.2250000,290655,2225,19870.916,12530.5107,-144.734585372,428.11007453,0,0,
4451,4451,2.2255000,290656,2226,19887.7441,12471.0088,-140.614861977,458.096140257,0,0,
4452,4452,2.2260000,290656,2226,19895.5566,12436.5117,-143.077311783,508.433632674,0,0,
4453,4453,2.2265000,290657,2227,19891.3496,12460.4326,-148.89956302,596.335676372,0,0,
4454,4454,2.2270000,290657,2227,19902.4082,12503.2236,-135.566607394,681.789741355,0,0,
4455,4455,2.2275000,290658,2228,19930.8965,12536.5195,-113.835519529,741.693027054,0,0,
4456,4456,2.2280000,290658,2228,19942.6777,12551.7852,-109.683072396,769.678485879,0,0,
4457,4457,2.2285000,290659,2229,19920.0781,12588.8086,-130.698506759,806.020184967,0,0,
4458,4458,2.2290000,290659,2229,19897.4805,12623.7861,-142.737341399,833.98501772,0,0,
4459,4459,2.2295000,290660,2230,19899.6445,12648.6689,-131.793740506,845.8227898,0,0,
4460,4460,2.2300000,290660,2230,19913.8281,12670.5459,-116.120638095,846.4027385,0,0,
4461,4461,2.2305000,290661,2231,19952.7734,12707.4482,-82.0239685147,855.099223169,0,0,
4462,4462,2.2310000,290661,2231,19994.9648,12753.9658,-52.5524760922,860.974209506,0,0,
4463,4463,2.2315000,290662,2232,20042.5645,12768.6318,-28.3155690467,827.704613462,0,0,
4464,4464,2.2320000,290662,2232,20072.1348,12762.0195,-27.2881411178,773.506913608,0,0,
4465,4465,2.2325000,290663,2233,20047.4941,12767.6689,-69.1905812098,736.621117877,0,0,
4466,4466,2.2330000,290663,2233,20015.7598,12771.7568,-108.157545603,719.571759991,0,0,
4467,4467,2.2335000,290664,2234,20010.1113,12768.0303,-116.735227095,706.34714688,0,0,
4468,4468,2.2340000,290664,2234,20018.6445,12762.1406,-113.741933152,675.277494068,0,0,
4469,4469,2.2345000,290665,2235,20048.5762,12736.0557,-96.3442552789,617.076028447,0,0,
4470,4470,2.2350000,290665,2235,20097.8574,12696.75,-64.9883539477,527.722859505,0,0,
4471,4471,2.2355000,290666,2236,20137.2852,12654.3174,-41.2248807671,432.21699881,0,0,
4472,4472,2.2360000,290666,2236,20140.7715,12649.0303,-42.0508966054,371.414785802,0,0,
4473,4473,2.2365000,290667,2237,20127.668,12664.0547,-53.4983741869,329.714648935,0,0,
4474,4474,2.2370000,290667,2237,20121.5371,12660.8096,-59.1571795599,280.202242021,0,0,
4475,4475,2.2375000,290668,2238,20128.9902,12641.2158,-51.8277987302,222.417760402,0,0,
4476,4476,2.2380000,290668,2238,20138.127,12603.5928,-48.222295596,163.756422075,0,0,
4477,4477,2.2385000,290669,2239,20133.7988,12565.3682,-58.4159649,115.760657975,0,0,
4478,4478,2.2390000,290669,2239,20145.3379,12524.6201,-54.4376739804,67.9668121128,0,0,
4479,4479,2.2395000,290670,2240,20144.498,12466.3213,-56.4863318042,10.8260780184,0,0,
4480,4480,2.2400000,290670,2240,20136.3223,12390.4736,-61.6413084867,-44.0642118307,0,0,
4481,4481,2.2405000,290671,2241,20139.5684,12281.0898,-51.508609517,-89.7975152979,0,0,
4482,4482,2.2410000,290671,2241,20158.6816,12179.3984,-29.9358342372,-107.472401106,0,0,
4483,4483,2.2415000,290672,2242,20197.2656,12091.29,6.39822690806,-120.150341813,0,0,
4484,4484,2.2420000,290672,2242,20236.9316,12001.7393,39.078657319,-139.297597661,0,0,
4485,4485,2.2425000,290673,2243,20262.6562,11902.9326,55.0857669634,-154.498568601,0,0,
4486,4486,2.2430000,290673,2243,20248.9531,11805.8086,35.136309326,-153.503023424,0,0,
4487,4487,2.2435000,290674,2244,20207.3633,11730.6826,-1.19095878474,-130.62319134,0,0,
4488,4488,2.2440000,290674,2244,20148.584,11716.499,-42.977743436,-69.2759212127,0,0,
4489,4489,2.2445000,290675,2245,20090.7676,11706.5225,-72.5967277833,-23.7341430473,0,0,
4490,4490,2.2450000,290675,2245,20054.3457,11680.7979,-72.8137564318,3.7343649436,0,0,
4491,4491,2.2455000,290676,2246,20049.1758,11651.71,-38.1985470065,28.2645053123,0,0,
4492,4492,2.2460000,290676,2246,20084.7559,11591.7275,28.322704384,19.2069897134,0,0,
4493,4493,2.2465000,290677,2247,20087.041,11525.2568,63.4403124846,-6.4111282218,0,0,
4494,4494,2.2470000,290677,2247,20056.1484,11434.624,67.9747917646,-51.7926146202,0,0,
4495,4495,2.2475000,290678,2248,20043.8867,11361.7812,82.4067935873,-72.7671519374,0,0,
4496,4496,2.2480000,290678,2248,20046.4121,11326.0811,109.833744803,-59.0878756734,0,0,
4497,4497,2.2485000,290679,2249,20033.791,11322.5947,128.465867902,-26.0504186656,0,0,
4498,4498,2.2490000,290679,2249,20015.8809,11336.418,142.648096888,17.8913458812,0,0,
4499,4499,2.2495000,290680,2250,20002.2969,11358.1748,152.924978607,61.8736352685,0,0,
4500,4500,2.2500000,290680,2250,19970.9238,11378.4893,141.341354664,93.5172308316,0,0,
4501,4501,2.2505000,290681,2251,19932.5801,11402.7695,122.585547561,118.314177676,0,0,
4502,4502,2.2510000,290681,2251,19876.3262,11427.7725,91.9325461715,131.758646979,0,0,
4503,4503,2.2515000,290682,2252,19822.2344,11456.7412,65.984362953,142.761315178,0,0,
4504,4504,2.2520000,290682,2252,19770.0664,11497.1289,48.3044894165,157.080490151,0,0,
4505,4505,2.2525000,290683,2253,19724.0293,11553.1436,50.866820613,176.544891418,0,0,
4506,4506,2.2530000,290683,2253,19672.4629,11630.9141,51.3992710712,219.970069759,0,0,
4507,4507,2.2535000,290684,2254,19621.8574,11703.6367,50.3820405594,255.279502122,0,0,
4508,4508,2.2540000,290684,2254,19572.334,11767.9453,47.3478533781,259.146418607,0,0,
4509,4509,2.2545000,290685,2255,19532.1855,11835.2588,47.6295317705,250.57908247,0,0,
4510,4510,2.2550000,290685,2255,19501.0527,11896.2021,54.0200235849,210.488638475,0,0,
4511,4511,2.2555000,290686,2256,19486.1465,11958.4658,79.9750184349,157.320401834,0,0,
4512,4512,2.2560000,290686,2256,19491.3164,12020.0088,130.805697155,90.4346303382,0,0,
4513,4513,2.2565000,290687,2257,19484.8262,12106.7959,166.541679374,40.1669790216,0,0,
4514,4514,2.2570000,290687,2257,19468.2363,12222.9111,182.655950445,19.3499249554,0,0,
4515,4515,2.2575000,290688,2258,19448.7637,12326.4062,189.39798559,-15.2728197322,0,0,
4516,4516,2.2580000,290688,2258,19448.6445,12417.7607,204.482996253,-55.1011801962,0,0,
4517,4517,2.2585000,290689,2259,19447.6816,12499.4971,213.008143474,-102.418932922,0,0,
4518,4518,2.2590000,290689,2259,19449.4863,12580.5146,214.923273793,-153.714948843,0,0,
4519,4519,2.2595000,290690,2260,19447.9238,12651.1924,215.079846603,-211.323904696,0,0,
4520,4520,2.2600000,290690,2260,19446.6016,12710.5732,213.579198909,-266.911067224,0,0,
4521,4521,2.2605000,290691,2261,19428.209,12775.6025,195.352435092,-288.399578475,0,0,
4522,4522,2.2610000,290691,2261,19411.7422,12841.2334,174.823417436,-303.713355331,0,0,
4523,4523,2.2615000,290692,2262,19396.957,12893.6416,154.149695542,-344.012245578,0,0,
4524,4524,2.2620000,290692,2262,19379.7676,12938.4766,133.198414399,-395.552438659,0,0,
4525,4525,2.2625000,290693,2263,19369.9121,12932.4678,121.697768986,-476.660006997,0,0,
4526,4526,2.2630000,290693,2263,19362.8203,12882.2227,116.90545048,-573.130430617,0,0,
4527,4527,2.2635000,290694,2264,19354.6465,12837.1455,114.548915601,-649.208115705,0,0,
4528,4528,2.2640000,290694,2264,19346.5918,12831.2568,111.730247512,-693.872498171,0,0,
4529,4529,2.2645000,290695,2265,19354.7676,12850.0078,119.025052367,-713.983932841,0,0,
4530,4530,2.2650000,290695,2265,19365.9453,12895.5654,121.84998145,-698.94608066,0,0,
4531,4531,2.2655000,290696,2266,19385.7793,12926.2158,126.047151626,-689.071612762,0,0,
4532,4532,2.2660000,290696,2266,19407.416,12924.1729,121.291170474,-699.318018753,0,0,
4533,4533,2.2665000,290697,2267,19413.7871,12940.5205,110.578185289,-695.008697115,0,0,
4534,4534,2.2670000,290697,2267,19425.6855,12946.29,107.886231735,-692.837368554,0,0,
4535,4535,2.2675000,290698,2268,19440.832,12945.0889,95.2829141402,-691.084485287,0,0,
4536,4536,2.2680000,290698,2268,19443.2363,12935.2314,69.0823886922,-694.098948827,0,0,
4537,4537,2.2685000,290699,2269,19438.3066,12934.2695,45.782367632,-688.330625289,0,0,
4538,4538,2.2690000,290699,2269,19425.5645,12960.4736,19.110261833,-651.005667924,0,0,
4539,4539,2.2695000,290700,2270,19408.8574,13013.8438,-14.5967891764,-586.63711037,0,0,
4540,4540,2.2700000,290700,2270,19392.8711,13047.9814,-46.5632228546,-539.648794837,0,0,
4541,4541,2.2705000,290701,2271,19382.6543,13086.5664,-73.1448304073,-488.767975585,0,0,
4542,4542,2.2710000,290701,2271,19373.6387,13133.9258,-95.0052615698,-432.792535759,0,0,
4543,4543,2.2715000,290702,2272,19365.2246,13194.2686,-118.508306253,-366.40405836,0,0,
4544,4544,2.2720000,290702,2272,19364.0215,13268.3125,-134.28117366,-292.930925553,0,0,
4545,4545,2.2725000,290703,2273,19380.1289,13317.3555,-128.329177496,-246.526913162,0,0,
4546,4546,2.2730000,290703,2273,19402.3672,13356.3008,-119.261176809,-198.587887571,0,0,
4547,4547,2.2735000,290704,2274,19412.584,13382.7461,-127.737423169,-150.713577347,0,0,
4548,4548,2.2740000,290704,2274,19422.2012,13388.6357,-141.757703372,-125.767907527,0,0,
4549,4549,2.2745000,290705,2275,19443.1152,13427.1006,-153.228706066,-74.7602855847,0,0,
4550,4550,2.2750000,290705,2275,19468.5977,13510.2803,-164.837717731,-2.7042090035,0,0,
4551,4551,2.2755000,290706,2276,19505.6211,13626.9971,-164.754663556,79.6859661499,0,0,
4552,4552,2.2760000,290706,2276,19536.1523,13731.8135,-165.155696231,131.17277414,0,0,
4553,4553,2.2765000,290707,2277,19558.1484,13801.0508,-169.025111109,138.421861651,0,0,
4554,4554,2.2770000,290707,2277,19584.1133,13847.9297,-172.010419304,129.983743358,0,0,
4555,4555,2.2775000,290708,2278,19596.1328,13870.7686,-188.903256249,112.051930558,0,0,
4556,4556,2.2780000,290708,2278,19595.1719,13877.2588,-220.760418349,97.4794767132,0,0,
4557,4557,2.2785000,290709,2279,19598.5371,13909.2334,-243.778408966,114.954819505,0,0,
4558,4558,2.2790000,290709,2279,19585.0742,13958.0352,-279.683023999,145.164194476,0,0,
4559,4559,2.2795000,290710,2280,19558.75,13997.3408,-313.738294776,168.74921703,0,0,
4560,4560,2.2800000,290710,2280,19541.6816,14012.8477,-330.342958226,180.918119494,0,0,
4561,4561,2.2805000,290711,2281,19534.8301,13990.249,-329.539870185,183.791199387,0,0,
4562,4562,2.2810000,290711,2281,19538.3145,13988.4453,-320.775544108,213.691724944,0,0,
4563,4563,2.2815000,290712,2282,19548.4121,14028.3525,-306.961458738,268.844117689,0,0,
4564,4564,2.2820000,290712,2282,19568.3652,14056.7217,-283.343257887,302.243605479,0,0,
4565,4565,2.2825000,290713,2283,19593.8496,14065.2549,-255.72727007,328.442982296,0,0,
4566,4566,2.2830000,290713,2283,19619.332,14069.7031,-226.59108488,360.880616681,0,0,
4567,4567,2.2835000,290714,2284,19629.4297,14065.1357,-208.025111888,378.059201746,0,0,
4568,4568,2.2840000,290714,2284,19622.457,14087.1328,-202.101447955,394.09790438,0,0,
4569,4569,2.2845000,290715,2285,19592.0449,14153.7236,-215.720173672,433.229034817,0,0,
4570,4570,2.2850000,290715,2285,19567.2832,14204.3291,-220.009651968,450.81618311,0,0,
4571,4571,2.2855000,290716,2286,19566.8027,14220.7969,-201.63707807,442.567052523,0,0,
4572,4572,2.2860000,290716,2286,19585.6758,14200.7236,-171.174005538,412.748064492,0,0,
4573,4573,2.2865000,290717,2287,19606.2305,14193.1514,-130.584252318,388.014998254,0,0,
4574,4574,2.2870000,290717,2287,19609.7168,14214.0664,-103.936182139,392.281235491,0,0,
4575,4575,2.2875000,290718,2288,19586.6367,14234.3799,-107.360837088,393.612060535,0,0,
4576,4576,2.2880000,290718,2288,19563.6777,14254.9346,-104.650377684,390.132027118,0,0,
4577,4577,2.2885000,290719,2289,19524.373,14304.5781,-103.542464226,400.919136004,0,0,
4578,4578,2.2890000,290719,2289,19477.7324,14364.6797,-100.478364243,411.74655364,0,0,
4579,4579,2.2895000,290720,2290,19454.6543,14403.2646,-77.4745709437,397.473892676,0,0,
4580,4580,2.2900000,290720,2290,19451.1699,14421.2959,-40.0744927903,370.291341154,0,0,
4581,4581,2.2905000,290721,2291,19415.5879,14461.4424,-34.4973445351,362.513229893,0,0,
4582,4582,2.2910000,290721,2291,19345.6309,14545.585,-52.5105087456,385.982670103,0,0,
4583,4583,2.2915000,290722,2292,19288.0527,14624.3174,-55.2854662646,395.806256118,0,0,
4584,4584,2.2920000,290722,2292,19257.6426,14674.5615,-31.9740197402,374.316851326,0,0,
4585,4585,2.2925000,290723,2293,19241.7754,14715.1904,5.95347336058,348.593107479,0,0,
4586,4586,2.2930000,290723,2293,19228.3145,14762.6709,43.0562661188,339.600015945,0,0,
4587,4587,2.2935000,290724,2294,19193.6953,14805.8232,58.8297585967,335.997067008,0,0,
4588,4588,2.2940000,290724,2294,19172.7793,14803.6592,82.9038719009,291.957967323,0,0,
4589,4589,2.2945000,290725,2295,19158.4746,14772.2861,103.393166417,221.475052097,0,0,
4590,4590,2.2950000,290725,2295,19162.4434,14715.1904,133.590853257,124.408787257,0,0,
4591,4591,2.2955000,290726,2296,19158.7168,14697.8818,153.729856417,65.1128245412,0,0,
4592,4592,2.2960000,290726,2296,19135.877,14729.8555,162.874710956,51.3830674989,0,0,
4593,4593,2.2965000,290727,2297,19114.2402,14793.2021,178.557641787,64.2859315527,0,0,
4594,4594,2.2970000,290727,2297,19132.873,14873.2568,223.396227751,91.4566463354,0,0,
4595,4595,2.2975000,290728,2298,19190.209,14935.7617,292.122897329,105.232762553,0,0,
4596,4596,2.2980000,290728,2298,19232.5215,14961.6055,331.081570274,94.3583017416,0,0,
4597,4597,2.2985000,290729,2299,19257.041,14935.6416,344.883616579,40.6504449833,0,0,
4598,4598,2.2990000,290729,2299,19272.4277,14881.3096,345.475887181,-31.0243930559,0,0,
4599,4599,2.2995000,290730,2300,19313.7773,14815.9209,369.128452983,-93.7371976044,0,0,
4600,4600,2.3000000,290730,2300,19373.7578,14792,398.666554178,-98.7913188933,0,0,
4601,4601,2.3005000,290731,2301,19413.4258,14787.1914,401.925296267,-63.9307758771,0,0,
4602,4602,2.3010000,290731,2301,19440.4707,14763.2705,384.564860116,-48.5988826844,0,0,
4603,4603,2.3015000,290732,2302,19454.5332,14730.3359,352.02499779,-54.8830829613,0,0,
4604,4604,2.3020000,290732,2302,19440.2305,14724.6865,297.044352431,-39.0066258897,0,0,
4605,4605,2.3025000,290733,2303,19426.166,14724.085,248.318718942,-8.2455796845,0,0,
4606,4606,2.3030000,290733,2303,19428.3301,14740.793,221.478662483,40.9105749537,0,0,
4607,4607,2.3035000,290734,2304,19453.6934,14761.708,221.332571933,81.5016201345,0,0,
4608,4608,2.3040000,290734,2304,19465.834,14796.207,211.140525665,102.215209734,0,0,
4609,4609,2.3045000,290735,2305,19450.0879,14843.6865,178.485284562,110.685421353,0,0,
4610,4610,2.3050000,290735,2305,19411.9824,14882.6328,128.631472207,109.13980271,0,0,
4611,4611,2.3055000,290736,2306,19369.0703,14914.125,76.6038868356,108.410224323,0,0,
4612,4612,2.3060000,290736,2306,19342.3848,14912.2021,39.7948079625,88.4497025217,0,0,
4613,4613,2.3065000,290737,2307,19322.4316,14888.042,23.0189826202,40.1513220918,0,0,
4614,4614,2.3070000,290737,2307,19313.8965,14876.6221,24.3377089133,4.65643640322,0,0,
4615,4615,2.3075000,290738,2308,19289.377,14894.4131,10.8830377091,-4.01565151063,0,0,
4616,4616,2.3080000,290738,2308,19265.2168,14925.7852,1.265436103,-6.18129865878,0,0,
4617,4617,2.3085000,290739,2309,19248.3867,14964.4912,8.34520934793,-16.9851242195,0,0,
4618,4618,2.3090000,290739,2309,19232.5215,14998.2666,18.6020206422,-38.2970889688,0,0,
4619,4619,2.3095000,290740,2310,19225.6699,15019.3018,27.1277529792,-67.9274715571,0,0,
4620,4620,2.3100000,290740,2310,19217.375,15024.3516,27.5987138443,-101.378015593,0,0,
4621,4621,2.3105000,290741,2311,19210.6426,15045.8672,31.3820411807,-122.054873038,0,0,
4622,4622,2.3110000,290741,2311,19227.5918,15072.9131,58.7286526096,-145.962060722,0,0,
4623,4623,2.3115000,290742,2312,19264.1348,15104.5264,90.032862139,-163.188744578,0,0,
4624,4624,2.3120000,290742,2312,19275.4316,15124.9609,86.3669089568,-184.513761926,0,0,
4625,4625,2.3125000,290743,2313,19262.9316,15141.6689,60.872899571,-201.249398442,0,0,
4626,4626,2.3130000,290743,2313,19236.2461,15175.8057,26.096125185,-194.226909958,0,0,
4627,4627,2.3135000,290744,2314,19225.4277,15197.2021,11.5899222598,-189.743611007,0,0,
4628,4628,2.3140000,290744,2314,19219.9004,15203.332,-2.67640710463,-191.747621088,0,0,
4629,4629,2.3145000,290745,2315,19218.8184,15204.0537,-19.4343640968,-199.51431635,0,0,
4630,4630,2.3150000,290745,2315,19225.0684,15197.082,-34.7562520372,-221.500384157,0,0,
4631,4631,2.3155000,290746,2316,19227.2324,15189.8701,-50.7561388873,-255.49400253,0,0,
4632,4632,2.3160000,290746,2316,19229.2754,15199.7266,-56.6714136415,-280.779633751,0,0,
4633,4633,2.3165000,290747,2317,19232.2793,15226.8916,-57.5368026237,-291.830367656,0,0,
4634,4634,2.3170000,290747,2317,19229.6348,15270.8867,-71.8723105307,-284.928600804,0,0,
4635,4635,2.3175000,290748,2318,19234.3223,15314.5195,-83.9070503063,-268.966109501,0,0,
4636,4636,2.3180000,290748,2318,19232.4004,15344.3311,-99.5267510737,-251.933173898,0,0,
4637,4637,2.3185000,290749,2319,19229.6348,15368.8516,-110.966176869,-233.455130355,0,0,
4638,4638,2.3190000,290749,2319,19231.9199,15394.9346,-114.975354125,-215.026609529,0,0,
4639,4639,2.3195000,290750,2320,19239.9727,15428.832,-113.514720143,-188.261930911,0,0,
4640,4640,2.3200000,290750,2320,19244.1797,15474.2695,-118.87521311,-155.394778555,0,0,
4641,4641,2.3205000,290751,2321,19241.7754,15539.4189,-124.28734539,-98.8519079716,0,0,
4642,4642,2.3210000,290751,2321,19239.9727,15602.6455,-129.136437346,-51.5494882142,0,0,
4643,4643,2.3215000,290752,2322,19242.0176,15659.6211,-129.273760173,-28.7292025366,0,0,
4644,4644,2.3220000,290752,2322,19245.3809,15708.9053,-123.538828529,-25.1220070905,0,0,
4645,4645,2.3225000,290753,2323,19256.5605,15736.4307,-112.20081525,-32.5476156732,0,0,
4646,4646,2.3230000,290753,2323,19264.1348,15731.8633,-105.727784409,-61.2250744702,0,0,
4647,4647,2.3235000,290754,2324,19275.0723,15724.6514,-96.2010377266,-89.7781533579,0,0,
4648,4648,2.3240000,290754,2324,19279.7598,15741.1182,-87.6068272135,-113.439337653,0,0,
4649,4649,2.3245000,290755,2325,19286.9727,15777.9014,-72.3987192141,-131.28312887,0,0,
4650,4650,2.3250000,290755,2325,19291.541,15798.9365,-60.4103847037,-155.434980059,0,0,
4651,4651,2.3255000,290756,2326,19293.9434,15816.6055,-56.3682886806,-167.614968386,0,0,
4652,4652,2.3260000,290756,2326,19299.834,15797.0127,-58.4032500189,-191.691048522,0,0,
4653,4653,2.3265000,290757,2327,19297.1895,15733.3057,-61.6172788899,-249.43287286,0,0,
4654,4654,2.3270000,290757,2327,19283.4863,15658.6602,-70.1165927615,-306.427527863,0,0,
4655,4655,2.3275000,290758,2328,19275.6738,15606.1318,-70.1850701789,-335.107891277,0,0,
4656,4656,2.3280000,290758,2328,19268.4609,15616.4688,-68.5107934094,-306.502200981,0,0,
4657,4657,2.3285000,290759,2329,19261.8496,15690.3936,-60.3125523315,-237.246227129,0,0,
4658,4658,2.3290000,290759,2329,19248.5078,15796.292,-55.7577093719,-154.766695849,0,0,
4659,4659,2.3295000,290760,2330,19240.2129,15891.3711,-54.3578565632,-91.3208186674,0,0,
4660,4660,2.3300000,290760,2330,19226.0293,15954.7188,-60.9486207533,-56.5684906707,0,0,
4661,4661,2.3305000,290761,2331,19214.6113,15979.3594,-61.3446823832,-65.0068773089,0,0,
4662,4662,2.3310000,290761,2331,19221.582,15977.0752,-45.136830363,-100.509693319,0,0,
4663,4663,2.3315000,290762,2332,19237.3281,15973.7109,-31.669475356,-128.160969758,0,0,
4664,4664,2.3320000,290762,2332,19234.3223,16001.8369,-36.3968480954,-117.521801362,0,0,
4665,4665,2.3325000,290763,2333,19232.2793,16041.2646,-35.8051865071,-92.3514376479,0,0,
4666,4666,2.3330000,290763,2333,19236.0059,16064.7031,-28.4790623465,-79.0672437139,0,0,
4667,4667,2.3335000,290764,2334,19248.627,16069.2705,-15.9300068165,-70.4916273284,0,0,
4668,4668,2.3340000,290764,2334,19268.9414,16076.7236,-4.79449056675,-49.5416785693,0,0,
4669,4669,2.3345000,290765,2335,19297.3105,16091.1484,3.66126376866,-23.968670192,0,0,
4670,4670,2.3350000,290765,2335,19355.4863,16113.7461,27.4918691309,0.0253096032938,0,0,
4671,4671,2.3355000,290766,2336,19422.3203,16131.8975,53.6502908805,5.40095018523,0,0,
4672,4672,2.3360000,290766,2336,19472.9258,16150.6484,66.0586234714,-0.0405112363902,0,0,
4673,4673,2.3365000,290767,2337,19518.002,16170.2412,72.2931759185,-8.66402056108,0,0,
4674,4674,2.3370000,290767,2337,19531.2246,16166.6357,43.5119011576,-33.5802716149,0,0,
4675,4675,2.3375000,290768,2338,19519.2031,16154.6143,-7.80649361542,-49.4019475035,0,0,
4676,4676,2.3380000,290768,2338,19508.7461,16153.293,-47.9101217436,-35.9119427872,0,0,
4677,4677,2.3385000,290769,2339,19506.7012,16162.9092,-71.9104188217,-4.9391599076,0,0,
4678,4678,2.3390000,290769,2339,19499.25,16157.9805,-95.2385496548,12.8646245903,0,0,
4679,4679,2.3395000,290770,2340,19490.2344,16139.2295,-115.411568746,22.3363677868,0,0,
4680,4680,2.3400000,290770,2340,19484.7051,16140.792,-129.612465503,49.4773125516,0,0,
4681,4681,2.3405000,290771,2341,19443.5957,16193.4404,-163.569669898,124.042594831,0,0,
4682,4682,2.3410000,290771,2341,19404.8906,16256.3057,-187.354362801,198.202314329,0,0,
4683,4683,2.3415000,290772,2342,19385.418,16303.5459,-188.004645322,240.401286209,0,0,
4684,4684,2.3420000,290772,2342,19380.1289,16331.7939,-170.184587395,255.200959728,0,0,
4685,4685,2.3425000,290773,2343,19377.3652,16340.9297,-151.481219203,262.408536435,0,0,
4686,4686,2.3430000,290773,2343,19398.5195,16333.2354,-113.089949261,263.453761226,0,0,
4687,4687,2.3435000,290774,2344,19417.0312,16323.9805,-80.8324991994,261.193347188,0,0,
4688,4688,2.3440000,290774,2344,19424.3633,16318.0908,-55.69578305,242.261347027,0,0,
4689,4689,2.3445000,290775,2345,19420.7578,16306.6719,-37.5436582184,206.783378076,0,0,
4690,4690,2.3450000,290775,2345,19424.7246,16293.208,-12.7403716908,181.360610455,0,0,
4691,4691,2.3455000,290776,2346,19439.2676,16292.126,14.9632250747,179.166550892,0,0,
4692,4692,2.3460000,290776,2346,19453.2129,16308.9561,31.2593650271,209.883712032,0,0,
4693,4693,2.3465000,290777,2347,19455.377,16340.208,41.6827203916,249.238202146,0,0,
4694,4694,2.3470000,290777,2347,19466.916,16382.6396,62.7484299222,286.125969608,0,0,
4695,4695,2.3475000,290778,2348,19467.6367,16417.498,71.961809498,299.07553536,0,0,
4696,4696,2.3480000,290778,2348,19462.3477,16432.8848,75.5435428804,276.454068836,0,0,
4697,4697,2.3485000,290779,2349,19441.4316,16443.9434,70.8401615475,232.840248406,0,0,
4698,4698,2.3490000,290779,2349,19451.4082,16459.9297,95.9514374919,191.270408604,0,0,
4699,4699,2.3495000,290780,2350,19500.4512,16461.1309,141.428044981,148.115478984,0,0,
4700,4700,2.3500000,290780,2350,19526.0547,16457.2852,156.359308896,119.330175359,0,0,
4701,4701,2.3505000,290781,2351,19519.5645,16454.6406,142.248712835,97.647478701,0,0,
4702,4702,2.3510000,290781,2351,19507.6641,16468.3438,123.063629803,90.5440058555,0,0,
4703,4703,2.3515000,290782,2352,19493.1191,16473.6328,97.4930603103,77.2635204396,0,0,
4704,4704,2.3520000,290782,2352,19465.4727,16464.377,68.4658251779,52.8271097563,0,0,
4705,4705,2.3525000,290783,2353,19418.2324,16491.1816,31.8977763012,63.8905501006,0,0,
4706,4706,2.3530000,290783,2353,19354.6465,16566.9102,-9.27109064611,116.964597102,0,0,
4707,4707,2.3535000,290784,2354,19290.9395,16625.8086,-42.7135640764,155.815318117,0,0,
4708,4708,2.3540000,290784,2354,19253.7969,16665.8359,-50.9426035857,175.854334944,0,0,
4709,4709,2.3545000,290785,2355,19260.166,16705.2637,-26.2798056479,187.442468553,0,0,
4710,4710,2.3550000,290785,2355,19287.8145,16722.6934,3.12042435926,169.561460166,0,0,
4711,4711,2.3555000,290786,2356,19299.5938,16735.0723,15.3705015417,138.334348498,0,0,
4712,4712,2.3560000,290786,2356,19312.5762,16747.2129,35.4921843226,99.8403098592,0,0,
4713,4713,2.3565000,290787,2357,19358.1309,16752.8633,82.3695807237,55.0174911813,0,0,
4714,4714,2.3570000,290787,2357,19402.127,16782.0723,119.746765955,38.1892376081,0,0,
4715,4715,2.3575000,290788,2358,19418.1133,16851.4297,126.06315823,62.5793295804,0,0,
4716,4716,2.3580000,290788,2358,19414.627,16928.3574,114.969802693,94.8291910256,0,0,
4717,4717,2.3585000,290789,2359,19370.5137,16979.4453,72.4165536396,100.584085568,0,0,
4718,4718,2.3590000,290789,2359,19379.5293,16994.5898,81.7783809871,75.7164054794,0,0,
4719,4719,2.3595000,290790,2360,19488.0723,16985.2148,168.460588219,37.0531832268,0,0,
4720,4720,2.3600000,290790,2360,19601.9023,16966.3418,237.645010356,-8.08251267414,0,0,
4721,4721,2.3605000,290791,2361,19635.5605,16963.9395,233.754623663,-34.7254777974,0,0,
4722,4722,2.3610000,290791,2361,19626.3027,16974.5176,190.278525409,-45.4288210519,0,0,
4723,4723,2.3615000,290792,2362,19612.4805,16984.6133,144.214572737,-57.1236282256,0,0,
4724,4724,2.3620000,290792,2362,19577.7422,17005.8887,87.3510022294,-57.9089737264,0,0,
4725,4725,2.3625000,290793,2363,19542.5215,17056.0137,37.6166933234,-23.8055688647,0,0,
4726,4726,2.3630000,290793,2363,19501.0527,17098.5645,-12.115538732,6.57117839721,0,0,
4727,4727,2.3635000,290794,2364,19460.5449,17121.1641,-50.6755843025,12.3849390637,0,0,
4728,4728,2.3640000,290794,2364,19433.2598,17121.2832,-64.0438808027,-18.873471939,0,0,
4729,4729,2.3645000,290795,2365,19431.5762,17135.1074,-47.7799912028,-45.800940788,0,0,
4730,4730,2.3650000,290795,2365,19432.416,17175.4941,-31.5305230355,-43.1347397571,0,0,
4731,4731,2.3655000,290796,2366,19417.752,17202.6621,-34.1689276516,-48.7552023412,0,0,
4732,4732,2.3660000,290796,2366,19383.8555,17181.0254,-56.4556775285,-82.7245767269,0,0,
4733,4733,2.3665000,290797,2367,19347.3145,17172.4902,-68.8156550837,-99.7181959833,0,0,
4734,4734,2.3670000,290797,2367,19372.5566,17209.1523,-25.6704297486,-80.9436363203,0,0,
4735,4735,2.3675000,290798,2368,19475.4492,17241.2461,74.3350462759,-75.442244293,0,0,
4736,4736,2.3680000,290798,2368,19565.7207,17272.3789,144.557445685,-80.8068944916,0,0,
4737,4737,2.3685000,290799,2369,19604.0664,17350.8711,162.327258557,-62.2027096151,0,0,
4738,4738,2.3690000,290799,2369,19609.2363,17435.6133,143.891384643,-50.7778586645,0,0,
4739,4739,2.3695000,290800,2370,19598.7773,17516.2695,101.605412377,-40.9699285963,0,0,
4740,4740,2.3700000,290800,2370,19555.0234,17595.4824,40.4160047435,-26.5999599246,0,0,
4741,4741,2.3705000,290801,2371,19488.4316,17682.1484,-22.6621266139,-10.7515476333,0,0,
4742,4742,2.3710000,290801,2371,19451.7695,17729.3887,-50.5922468393,-37.3230393685,0,0,
4743,4743,2.3715000,290802,2372,19435.1816,17741.6484,-61.9220419618,-88.3059985168,0,0,
4744,4744,2.3720000,290802,2372,19395.9961,17762.4434,-84.6172957778,-122.994534957,0,0,
4745,4745,2.3725000,290803,2373,19335.293,17808.4824,-114.067633677,-136.101507689,0,0,
4746,4746,2.3730000,290803,2373,19300.5547,17835.2871,-112.083342232,-166.728790858,0,0,
4747,4747,2.3735000,290804,2374,19288.8965,17882.166,-91.8020327876,-163.316218766,0,0,
4748,4748,2.3740000,290804,2374,19285.5293,17944.4316,-76.0708250025,-139.693837047,0,0,
4749,4749,2.3745000,290805,2375,19295.3867,17995.3965,-64.1341104016,-130.578791747,0,0,
4750,4750,2.3750000,290805,2375,19303.8008,18002.3691,-66.3087665323,-159.94672244,0,0,
4751,4751,2.3755000,290806,2376,19315.459,17908.7305,-62.3028955332,-270.569275017,0,0,
4752,4752,2.3760000,290806,2376,19328.4414,17722.5371,-51.2618085825,-438.858672186,0,0,
4753,4753,2.3765000,290807,2377,19348.5156,17589.7129,-38.8006281602,-527.812605648,0,0,
4754,4754,2.3770000,290807,2377,19374.3594,17582.3809,-22.8924986631,-490.864779364,0,0,
4755,4755,2.3775000,290808,2378,19394.5527,17677.0996,-10.3903048481,-370.28645239,0,0,
4756,4756,2.3780000,290808,2378,19404.1699,17857.5234,-5.53251012413,-190.92756041,0,0,
4757,4757,2.3785000,290809,2379,19414.748,18029.4141,5.37158666137,-42.0745700667,0,0,
4758,4758,2.3790000,290809,2379,19444.4375,18130.8652,20.7788903891,30.4692336101,0,0,
4759,4759,2.3795000,290810,2380,19482.7832,18144.5684,22.1893755074,25.444377248,0,0,
4760,4760,2.3800000,290810,2380,19512.3516,18124.373,12.2886075309,-7.36479472292,0,0,
4761,4761,2.3805000,290811,2381,19513.5527,18140.3613,0.894635551528,-8.03885168115,0,0,
4762,4762,2.3810000,290811,2381,19483.9844,18183.3926,-28.0016546611,13.1404096567,0,0,
4763,4763,2.3815000,290812,2382,19459.4629,18186.7598,-49.6483325284,-2.46929572339,0,0,
4764,4764,2.3820000,290812,2382,19437.8262,18160.4355,-61.089526219,-39.444169817,0,0,
4765,4765,2.3825000,290813,2383,19383.375,18122.9316,-97.4644565701,-71.2004564272,0,0,
4766,4766,2.3830000,290813,2383,19323.0332,18138.4375,-132.017947397,-41.5661734184,0,0,
4767,4767,2.3835000,290814,2384,19298.3926,18181.2285,-128.472969862,9.6585881222,0,0,
4768,4768,2.3840000,290814,2384,19325.4375,18207.5527,-78.9873488561,30.5099008887,0,0,
4769,4769,2.3845000,290815,2385,19351.6406,18216.0879,-38.5516020703,23.118698659,0,0,
4770,4770,2.3850000,290815,2385,19365.4648,18222.8184,-15.6198846978,16.1692337969,0,0,
4771,4771,2.3855000,290816,2386,19386.5,18215.3672,8.29315352982,6.45215840848,0,0,
4772,4772,2.3860000,290816,2386,19407.2949,18171.6133,25.8637966132,-11.6380550509,0,0,
4773,4773,2.3865000,290817,2387,19403.9297,18097.5684,25.3706562214,-49.8415141786,0,0,
4774,4774,2.3870000,290817,2387,19372.0762,18051.7715,-7.47075169584,-64.6134871803,0,0,
4775,4775,2.3875000,290818,2388,19311.0137,18091.3184,-68.5410582453,-7.1147963926,0,0,
4776,4776,2.3880000,290818,2388,19257.1621,18139.6387,-107.281546499,42.8451262984,0,0,
4777,4777,2.3885000,290819,2389,19225.3086,18180.0273,-104.925923293,59.4007894182,0,0,
4778,4778,2.3890000,290819,2389,19237.9297,18227.0254,-61.1868108263,72.9200987814,0,0,
4779,4779,2.3895000,290820,2390,19311.6133,18256.957,18.3144375262,76.5618085562,0,0,
4780,4780,2.3900000,290820,2390,19377.4844,18246.6191,83.3590432459,56.3041388897,0,0,
4781,4781,2.3905000,290821,2391,19350.7988,18214.2852,68.3765208351,23.4409995715,0,0,
4782,4782,2.3910000,290821,2391,19258.7246,18198.1777,-3.14467225409,15.3977351016,0,0,
4783,4783,2.3915000,290822,2392,19178.9102,18225.3438,-57.9121024325,53.1225479512,0,0,
4784,4784,2.3920000,290822,2392,19156.0723,18263.4473,-47.5104129129,93.6152829785,0,0,
4785,4785,2.3925000,290823,2393,19214.4902,18316.2168,35.2818372605,131.206520477,0,0,
4786,4786,2.3930000,290823,2393,19304.4004,18377.5195,124.99160823,168.495494989,0,0,
4787,4787,2.3935000,290824,2394,19416.5508,18434.0156,207.509165502,199.978930975,0,0,
4788,4788,2.3940000,290824,2394,19515.1172,18465.1465,250.248214308,207.480486828,0,0,
4789,4789,2.3945000,290825,2395,19523.4102,18496.8809,194.148382063,213.5998997,0,0,
4790,4790,2.3950000,290825,2395,19471.6035,18547.9668,86.9070049957,238.420089973,0,0,
4791,4791,2.3955000,290826,2396,19423.6426,18613.1172,2.17448708062,278.183136694,0,0,
4792,4792,2.3960000,290826,2396,19408.2559,18652.0625,-36.4256551004,293.915212666,0,0,
4793,4793,2.3965000,290827,2397,19415.9492,18689.4453,-52.6494444834,288.796711392,0,0,
4794,4794,2.3970000,290827,2397,19429.0527,18722.9824,-61.6613931327,254.149517481,0,0,
4795,4795,2.3975000,290828,2398,19437.7051,18754.8359,-68.0443654572,202.814159966,0,0,
4796,4796,2.3980000,290828,2398,19436.3848,18783.084,-76.2892174201,145.268086204,0,0,
4797,4797,2.3985000,290829,2399,19425.084,18784.2852,-85.2790602574,81.5096264559,0,0,
4798,4798,2.3990000,290829,2399,19431.9355,18733.5605,-86.6255542648,4.8827759935,0,0,
4799,4799,2.3995000,290830,2400,19448.8848,18660.5957,-93.4820501845,-54.4510162671,0,0,
4800,4800,2.4000000,290830,2400,19455.8574,18621.291,-106.606162815,-69.5625326433,0,0,
4801,4801,2.4005000,290831,2401,19450.3262,18637.1582,-104.692315398,-45.1025070956,0,0,
4802,4802,2.4010000,290831,2401,19440.5918,18646.6543,-95.0977542716,-34.7228019471,0,0,
4803,4803,2.4015000,290832,2402,19436.2637,18672.0156,-83.9984268017,-7.19772301062,0,0,
4804,4804,2.4020000,290832,2402,19433.1387,18700.0234,-70.3311104592,21.0641143705,0,0,
4805,4805,2.4025000,290833,2403,19409.6992,18734.4004,-69.949799431,54.4718848393,0,0,
4806,4806,2.4030000,290833,2403,19385.2988,18778.5156,-69.518007996,87.0988885717,0,0,
4807,4807,2.4035000,290834,2404,19369.4316,18824.5527,-66.3153967034,110.960248166,0,0,
4808,4808,2.4040000,290834,2404,19364.9824,18877.082,-59.254981589,128.773213331,0,0,
4809,4809,2.4045000,290835,2405,19363.7812,18954.373,-49.2638432324,154.135561365,0,0,
4810,4810,2.4050000,290835,2405,19363.9023,19029.6191,-36.7895543614,168.543896949,0,0,
4811,4811,2.4055000,290836,2406,19368.2285,19063.9961,-23.5883833582,149.573647259,0,0,
4812,4812,2.4060000,290836,2406,19379.8887,19084.791,-6.74441912102,138.498769897,0,0,
4813,4813,2.4065000,290837,2407,19394.4336,19112.6777,18.4184631235,134.443154055,0,0,
4814,4814,2.4070000,290837,2407,19405.9727,19135.6367,34.3534185343,109.731648942,0,0,
4815,4815,2.4075000,290838,2408,19401.6465,19143.0898,30.4560168456,56.2724059323,0,0,
4816,4816,2.4080000,290838,2408,19396.3574,19127.2227,28.1297577511,-15.4491495373,0,0,
4817,4817,2.4085000,290839,2409,19393.7129,19111.5957,35.7855649935,-89.0720744962,0,0,
4818,4818,2.4090000,290839,2409,19401.8848,19121.5723,46.3501241426,-134.82634342,0,0,
4819,4819,2.4095000,290840,2410,19405.3711,19146.2148,35.816194918,-152.650615389,0,0,
4820,4820,2.4100000,290840,2410,19399.6016,19175.1836,27.2444676967,-149.882083799,0,0,
4821,4821,2.4105000,290841,2411,19404.7715,19164.3652,51.6273692654,-175.875492514,0,0,
4822,4822,2.4110000,290841,2411,19404.1699,19117.3652,72.6593349752,-224.992553715,0,0,
4823,4823,2.4115000,290842,2412,19405.9727,19055.7031,82.8840130986,-275.594347992,0,0,
4824,4824,2.4120000,290842,2412,19406.6934,19013.6309,85.4976496793,-298.941622017,0,0,
4825,4825,2.4125000,290843,2413,19402.0059,19016.3965,74.8580472072,-285.644943623,0,0,
4826,4826,2.4130000,290843,2413,19398.1602,19055.7031,59.3978610622,-242.289083105,0,0,
4827,4827,2.4135000,290844,2414,19397.0781,19112.4395,40.7861417916,-183.73697187,0,0,
4828,4828,2.4140000,290844,2414,19399.9629,19153.5469,24.3431233284,-138.732278355,0,0,
4829,4829,2.4145000,290845,2415,19399.002,19173.1406,13.2087079682,-116.498676239,0,0,
4830,4830,2.4150000,290845,2415,19392.9902,19191.7715,3.15848470891,-95.3894665254,0,0,
4831,4831,2.4155000,290846,2416,19394.0723,19196.459,1.49567883645,-81.1382618388,0,0,
4832,4832,2.4160000,290846,2416,19395.6348,19191.7715,-0.860612283187,-64.2466212576,0,0,
4833,4833,2.4165000,290847,2417,19392.75,19199.2246,-12.3635157568,-48.670158327,0,0,
4834,4834,2.4170000,290847,2417,19394.6738,19223.8652,-18.1275220055,-38.4355284895,0,0,
4835,4835,2.4175000,290848,2418,19405.0098,19251.1523,-10.9754279158,-40.7688360828,0,0,
4836,4836,2.4180000,290848,2418,19414.2676,19281.082,-0.0575109046782,-46.4180125767,0,0,
4837,4837,2.4185000,290849,2419,19419.1953,19321.9512,11.4800450227,-30.7236714279,0,0,
4838,4838,2.4190000,290849,2419,19414.9883,19362.6992,3.11218369974,5.78326812483,0,0,
4839,4839,2.4195000,290850,2420,19414.5059,19380.8496,-13.5969018338,37.0446998231,0,0,
4840,4840,2.4200000,290850,2420,19412.584,19374.5996,-26.2818739853,40.0758047846,0,0,
4841,4841,2.4205000,290851,2421,19416.3105,19363.7812,-12.0148911404,21.8630790955,0,0,
4842,4842,2.4210000,290851,2421,19416.4297,19363.0605,5.94659370465,12.1413939204,0,0,
4843,4843,2.4215000,290852,2422,19424.2441,19366.9062,24.2267870761,9.89155823907,0,0,
4844,4844,2.4220000,290852,2422,19419.4355,19372.1953,30.5725533331,11.9074897687,0,0,
4845,4845,2.4225000,290853,2423,19415.1074,19402.4863,42.9700331756,37.4105065831,0,0,
4846,4846,2.4230000,290853,2423,19415.8301,19449.7266,56.4911562691,68.7545555878,0,0,
4847,4847,2.4235000,290854,2424,19411.0215,19515.1172,56.5012040903,105.507053694,0,0,
4848,4848,2.4240000,290854,2424,19408.9785,19577.3809,51.201029354,126.244188711,0,0,
4849,4849,2.4245000,290855,2425,19406.334,19601.1816,45.4398861636,100.709824173,0,0,
4850,4850,2.4250000,290855,2425,19401.8848,19580.1465,40.1382927288,41.9140684542,0,0,
4851,4851,2.4255000,290856,2426,19395.3945,19548.4121,31.8795239154,-2.79997037387,0,0,
4852,4852,2.4260000,290856,2426,19384.9375,19528.5801,19.8981863395,-11.4867862078,0,0,
4853,4853,2.4265000,290857,2427,19386.5,19533.8691,26.1233594271,3.56308833363,0,0,
4854,4854,2.4270000,290857,2427,19376.6426,19550.3359,20.4283000613,15.070089607,0,0,
4855,4855,2.4275000,290858,2428,19362.2188,19578.584,11.4968007462,22.6160891568,0,0,
4856,4856,2.4280000,290858,2428,19349.3574,19600.5801,6.94001058808,21.7002180658,0,0,
4857,4857,2.4285000,290859,2429,19342.2656,19617.6504,13.3628922023,5.14247690199,0,0,
4858,4858,2.4290000,290859,2429,19338.2988,19633.3965,15.813057608,-18.9901139045,0,0,
4859,4859,2.4295000,290860,2430,19330.4863,19646.6191,3.40538771935,-37.2530703453,0,0,
4860,4860,2.4300000,290860,2430,19329.4043,19658.8789,6.38656502033,-42.6365455696,0,0,
4861,4861,2.4305000,290861,2431,19327.7207,19660.9219,24.329301696,-45.5263545183,0,0,
4862,4862,2.4310000,290861,2431,19345.0293,19656.1152,59.7947816728,-47.0238091199,0,0,
4863,4863,2.4315000,290862,2432,19358.9746,19661.2832,77.8821306991,-38.4575350185,0,0,
4864,4864,2.4320000,290862,2432,19375.9219,19664.168,90.5245826638,-37.7978963572,0,0,
4865,4865,2.4325000,290863,2433,19396.5957,19674.5059,96.8839728673,-44.8704589947,0,0,
4866,4866,2.4330000,290863,2433,19412.3438,19691.2129,90.430936942,-51.709564315,0,0,
4867,4867,2.4335000,290864,2434,19431.8164,19710.3262,79.4373439254,-52.6004885768,0,0,
4868,4868,2.4340000,290864,2434,19440.1113,19748.5488,55.3691471004,-28.2664114608,0,0,
4869,4869,2.4345000,290865,2435,19440.7109,19787.7363,32.8368073594,-2.82840295015,0,0,
4870,4870,2.4350000,290865,2435,19428.3301,19825.7207,5.9086342473,18.6187916504,0,0,
4871,4871,2.4355000,290866,2436,19411.2617,19852.6445,-21.3521636726,34.4269523166,0,0,
4872,4872,2.4360000,290866,2436,19398.0391,19835.6973,-42.1033808684,21.8864120453,0,0,
4873,4873,2.4365000,290867,2437,19381.3301,19792.0625,-66.0109326628,-19.2136079814,0,0,
4874,4874,2.4370000,290867,2437,19384.9375,19779.0801,-70.0100622196,-43.492824825,0,0,
4875,4875,2.4375000,290868,2438,19379.4082,19791.9434,-78.0069417021,-52.3001531509,0,0,
4876,4876,2.4380000,290868,2438,19358.8535,19842.668,-91.2611806457,-33.4123873687,0,0,
4877,4877,2.4385000,290869,2439,19346.1113,19928.252,-89.1286173805,17.2689927257,0,0,
4878,4878,2.4390000,290869,2439,19338.6582,20021.2891,-88.795978051,82.4190410119,0,0,
4879,4879,2.4395000,290870,2440,19332.2891,20062.2793,-97.6153386821,111.060256372,0,0,
4880,4880,2.4400000,290870,2440,19321.7109,20059.6348,-105.369331993,99.2796743698,0,0,
4881,4881,2.4405000,290871,2441,19308.127,20039.4395,-98.0972439544,61.3891373018,0,0,
4882,4882,2.4410000,290871,2441,19302.5996,20030.4238,-76.5136786668,34.5935642298,0,0,
4883,4883,2.4415000,290872,2442,19309.0898,20045.6895,-51.5108530064,32.5792603338,0,0,
4884,4884,2.4420000,290872,2442,19319.4277,20083.5547,-23.8220679404,50.2168234423,0,0,
4885,4885,2.4425000,290873,2443,19322.0723,20119.0137,-1.7854424164,60.1153218896,0,0,
4886,4886,2.4430000,290873,2443,19331.207,20133.0781,20.250121992,44.7740642336,0,0,
4887,4887,2.4435000,290874,2444,19341.9043,20128.75,35.1497266745,11.9967745911,0,0,
4888,4888,2.4440000,290874,2444,19352.6035,20133.6777,40.4828598618,-10.2409989906,0,0,
4889,4889,2.4445000,290875,2445,19354.0449,20157.4785,36.1983097312,-13.4478445471,0,0,
4890,4890,2.4450000,290875,2445,19349.2363,20210.8496,28.209629199,15.2854493317,0,0,
4891,4891,2.4455000,290876,2446,19358.7324,20276.2383,31.3975437692,59.0242541733,0,0,
4892,4892,2.4460000,290876,2446,19369.6719,20320.9551,33.4652619378,88.2488568652,0,0,
4893,4893,2.4465000,290877,2447,19404.8906,20310.0156,56.7293369387,61.960104595,0,0,
4894,4894,2.4470000,290877,2447,19429.6523,20281.4082,66.3532360505,15.5521097316,0,0,
4895,4895,2.4475000,290878,2448,19433.1387,20265.0605,55.447000407,-23.1764101213,0,0,
4896,4896,2.4480000,290878,2448,19422.0801,20259.1699,34.058516335,-45.895949324,0,0,
4897,4897,2.4485000,290879,2449,19411.0215,20250.0352,18.8004101638,-74.3435301126,0,0,
4898,4898,2.4490000,290879,2449,19390.1055,20281.7676,-7.14394106503,-70.3864034167,0,0,
4899,4899,2.4495000,290880,2450,19360.7754,20353.7695,-43.6144553147,-30.7865174473,0,0,
4900,4900,2.4500000,290880,2450,19337.6973,20454.7402,-62.9195318137,32.4835926096,0,0,
4901,4901,2.4505000,290881,2451,19330.6055,20512.918,-52.1092350765,56.7133377301,0,0,
4902,4902,2.4510000,290881,2451,19323.9941,20528.3027,-40.8224985299,45.6777291292,0,0,
4903,4903,2.4515000,290882,2452,19306.6855,20523.7363,-44.7316009579,18.3304472271,0,0,
4904,4904,2.4520000,290882,2452,19286.9727,20508.9512,-52.0001243735,-16.5360051077,0,0,
4905,4905,2.4525000,290883,2453,19292.2617,20521.332,-41.4755857903,-35.5948769815,0,0,
4906,4906,2.4530000,290883,2453,19335.1738,20532.6309,-5.64180826275,-58.4283785386,0,0,
4907,4907,2.4535000,290884,2454,19384.0957,20567.3691,21.9792875839,-56.4209764478,0,0,
4908,4908,2.4540000,290884,2454,19400.6836,20591.2891,15.9530037351,-59.258159442,0,0,
4909,4909,2.4545000,290885,2455,19405.3711,20549.3379,5.90059559932,-110.460364615,0,0,
4910,4910,2.4550000,290885,2455,19380.0098,20485.1504,-22.3344644317,-165.928005547,0,0,
4911,4911,2.4555000,290886,2456,19328.8027,20440.0742,-65.7243279249,-183.785639302,0,0,
4912,4912,2.4560000,290886,2456,19268.8223,20464.8359,-108.48050979,-122.183693055,0,0,
4913,4913,2.4565000,290887,2457,19200.1855,20533.5918,-150.720969274,-37.2117458368,0,0,
4914,4914,2.4570000,290887,2457,19159.0762,20610.1621,-164.056979238,20.5348818456,0,0,
4915,4915,2.4575000,290888,2458,19169.5332,20623.7441,-126.601635042,3.17951707611,0,0,
4916,4916,2.4580000,290888,2458,19200.0664,20592.0098,-71.3164813891,-57.6694887388,0,0,
4917,4917,2.4585000,290889,2459,19213.8887,20561.3594,-35.3935445252,-104.48456871,0,0,
4918,4918,2.4590000,290889,2459,19174.3418,20559.5566,-54.479854181,-102.430310953,0,0,
4919,4919,2.4595000,290890,2460,19112.7988,20570.0137,-94.8315388491,-63.5520020176,0,0,
4920,4920,2.4600000,290890,2460,19065.7988,20596.3379,-111.122148845,-7.82597725729,0,0,
4921,4921,2.4605000,290891,2461,19061.7129,20633.7207,-74.6138681506,40.4851572802,0,0,
4922,4922,2.4610000,290891,2461,19094.168,20662.4492,-8.49743520904,67.8213064598,0,0,
4923,4923,2.4615000,290892,2462,19097.1719,20673.748,17.6568179469,72.3121784905,0,0,
4924,4924,2.4620000,290892,2462,19055.582,20668.9395,5.88595332535,60.5185341685,0,0,
4925,4925,2.4625000,290893,2463,19009.5449,20659.6855,-0.243354801922,46.9926710361,0,0,
4926,4926,2.4630000,290893,2463,18996.4434,20626.748,21.0072767282,17.2455076199,0,0,
4927,4927,2.4635000,290894,2464,19038.7539,20556.0703,80.631800824,-36.547759087,0,0,
4928,4928,2.4640000,290894,2464,19105.1055,20482.2656,143.059455895,-83.8132293162,0,0,
4929,4929,2.4645000,290895,2465,19159.0762,20462.3125,183.043844231,-78.5091509404,0,0,
4930,4930,2.4650000,290895,2465,19188.7676,20513.6387,195.134111943,-12.2745439949,0,0,
4931,4931,2.4655000,290896,2466,19202.2285,20587.4434,185.421035229,68.5152289103,0,0,
4932,4932,2.4660000,290896,2466,19220.6191,20671.2246,177.592620243,155.212320258,0,0,
4933,4933,2.4665000,290897,2467,19236.8477,20752.4805,164.781078935,228.513049399,0,0,
4934,4934,2.4670000,290897,2467,19232.4004,20848.6426,137.110606394,291.864129187,0,0,
4935,4935,2.4675000,290898,2468,19233.3613,20898.8887,120.214426275,290.734112,0,0,
4936,4936,2.4680000,290898,2468,19226.8711,20885.5449,101.068685678,231.818114863,0,0,
4937,4937,2.4685000,290899,2469,19224.5879,20851.8887,89.3164047917,158.012545423,0,0,
4938,4938,2.4690000,290899,2469,19245.623,20803.4473,94.2853109165,71.3889531937,0,0,
4939,4939,2.4695000,290900,2470,19286.7324,20821.3574,106.697736743,49.5676736937,0,0,
4940,4940,2.4700000,290900,2470,19321.7109,20895.6426,111.508499082,77.9245238106,0,0,
4941,4941,2.4705000,290901,2471,19328.2012,20958.2676,96.6871999533,103.772711445,0,0,
4942,4942,2.4710000,290901,2471,19313.1758,20987.4766,65.5487723411,106.760719297,0,0,
4943,4943,2.4715000,290902,2472,19288.2949,20990.7227,27.9254174074,88.1949904579,0,0,
4944,4944,2.4720000,290902,2472,19250.0703,20951.1758,-16.7781849506,35.172792207,0,0,
4945,4945,2.4725000,290903,2473,19226.5098,20900.209,-49.6680411787,-32.5741490962,0,0,
4946,4946,2.4730000,290903,2473,19235.2852,20831.0938,-59.418401286,-106.88904465,0,0,
4947,4947,2.4735000,290904,2474,19231.1973,20775.6797,-83.4162620702,-157.189147835,0,0,
4948,4948,2.4740000,290904,2474,19217.7363,20752.6016,-105.670960114,-164.14986709,0,0,
4949,4949,2.4745000,290905,2475,19250.5508,20805.3691,-79.3802210742,-92.0882313582,0,0,
4950,4950,2.4750000,290905,2475,19354.7676,20906.3398,8.23453087811,11.2956771437,0,0,
4951,4951,2.4755000,290906,2476,19455.4961,20990.9629,78.6787519707,83.9773139122,0,0,
4952,4952,2.4760000,290906,2476,19508.8652,21033.875,94.050190747,107.736986993,0,0,
4953,4953,2.4765000,290907,2477,19512.2324,21044.5723,61.5963914983,88.5694284112,0,0,
4954,4954,2.4770000,290907,2477,19509.9473,21008.752,19.5852408405,17.45276083,0,0,
4955,4955,2.4775000,290908,2478,19477.4941,20957.4258,-46.9175169856,-53.4686593987,0,0,
4956,4956,2.4780000,290908,2478,19426.166,20911.8691,-115.14611134,-106.72764171,0,0,
4957,4957,2.4785000,290909,2479,19375.6816,20936.9922,-163.783288418,-91.7983219357,0,0,
4958,4958,2.4790000,290909,2479,19349.5977,21004.5449,-177.899620672,-38.3874133709,0,0,
4959,4959,2.4795000,290910,2480,19305.9629,21058.5176,-204.953481838,11.050773154,0,0,
4960,4960,2.4800000,290910,2480,19260.6484,21084.1191,-226.297731888,31.7813479078,0,0,
4961,4961,2.4805000,290911,2481,19211.7246,21099.7461,-240.522504958,31.7818865637,0,0,
4962,4962,2.4810000,290911,2481,19182.5156,21133.041,-234.238986321,41.9888277315,0,0,
4963,4963,2.4815000,290912,2482,19177.4668,21189.2969,-204.279416049,67.1131803237,0,0,
4964,4964,2.4820000,290912,2482,19200.3066,21286.1797,-144.638977772,118.470311294,0,0,
4965,4965,2.4825000,290913,2483,19225.4277,21344.8379,-86.5718343962,125.619442757,0,0,
4966,4966,2.4830000,290913,2483,19275.793,21361.1855,-24.3991044499,97.0174284158,0,0,
4967,4967,2.4835000,290914,2484,19354.7676,21371.1621,37.8172608599,71.0188984015,0,0,
4968,4968,2.4840000,290914,2484,19419.5566,21406.0215,68.2760323352,64.3509028025,0,0,
4969,4969,2.4845000,290915,2485,19455.2559,21404.0996,71.3275376126,14.3959213826,0,0,
4970,4970,2.4850000,290915,2485,19451.2891,21375.4902,46.2643437001,-60.5383780742,0,0,
4971,4971,2.4855000,290916,2486,19416.6699,21417.9219,0.742196866222,-62.4370043669,0,0,
4972,4972,2.4860000,290916,2486,19371.834,21457.8301,-45.3632353012,-58.0211967081,0,0,
4973,4973,2.4865000,290917,2487,19338.6582,21434.6309,-72.67810354,-100.230643543,0,0,
4974,4974,2.4870000,290917,2487,19288.5352,21339.4297,-100.972909659,-198.110554602,0,0,
4975,4975,2.4875000,290918,2488,19231.0781,21292.0703,-124.75653766,-236.687558137,0,0,
4976,4976,2.4880000,290918,2488,19225.9082,21315.0293,-94.6570973295,-198.668196212,0,0,
4977,4977,2.4885000,290919,2489,19253.1953,21359.1426,-39.8825299441,-149.662835978,0,0,
4978,4978,2.4890000,290919,2489,19299.1133,21397.248,15.7119518324,-120.699468167,0,0,
4979,4979,2.4895000,290920,2490,19359.4551,21408.666,65.5357143016,-131.840267246,0,0,
4980,4980,2.4900000,290920,2490,19413.0645,21417.0801,103.282316566,-149.537245605,0,0,
4981,4981,2.4905000,290921,2491,19441.793,21387.1504,123.335286306,-179.143010292,0,0,
4982,4982,2.4910000,290921,2491,19455.2559,21335.7031,130.249685622,-202.425233186,0,0,
4983,4983,2.4915000,290922,2492,19483.5039,21283.5352,146.022984791,-211.440818428,0,0,
4984,4984,2.4920000,290922,2492,19523.6504,21241.1035,166.893532074,-200.322711004,0,0,
4985,4985,2.4925000,290923,2493,19521.4863,21262.7402,138.278595539,-144.927894509,0,0,
4986,4986,2.4930000,290923,2493,19503.6973,21326.4473,87.8870208339,-64.0556842045,0,0,
4987,4987,2.4935000,290924,2494,19500.5723,21360.8262,55.3882619874,-25.3450624913,0,0,
4988,4988,2.4940000,290924,2494,19510.9082,21393.2812,44.1665054175,3.98174590566,0,0,
4989,4989,2.4945000,290925,2495,19503.8184,21387.2715,17.6523144327,-4.33799479881,0,0,
4990,4990,2.4950000,290925,2495,19498.4082,21354.8164,-7.32055725798,-35.2631391769,0,0,
4991,4991,2.4955000,290926,2496,19510.3086,21337.3867,-9.03095285231,-40.9889876813,0,0,
4992,4992,2.4960000,290926,2496,19527.377,21357.0996,2.01780280274,-5.97442457177,0,0,
4993,4993,2.4965000,290927,2497,19543.3652,21391.3574,17.7869312776,32.9786115494,0,0,
4994,4994,2.4970000,290927,2497,19539.8789,21459.1504,9.08861840226,87.0523050148,0,0,
4995,4995,2.4975000,290928,2498,19513.0723,21517.8105,-16.4336588333,125.064213207,0,0,
4996,4996,2.4980000,290928,2498,19488.791,21529.1094,-29.9870682837,114.108543975,0,0,
4997,4997,2.4985000,290929,2499,19481.3398,21508.0742,-22.4353821595,65.768134094,0,0,
4998,4998,2.4990000,290929,2499,19483.7441,21458.9121,-8.59194800335,1.65422643475,0,0,
4999,4999,2.4995000,290930,2500,19488.0723,21428.6191,4.67985811307,-17.7485535755,0,0,
5000,5000,2.5000000,290930,2500,19489.5137,21432.4668,12.762658816,4.02196758439,0,0,
5001,5001,2.5005000,290931,2501,19500.2109,21437.3945,29.270601896,19.34290565,0,0,
5002,5002,2.5010000,290931,2501,19521.8477,21476.2207,46.0405150688,54.8149313971,0,0,
5003,5003,2.5015000,290932,2502,19552.1387,21523.5801,62.7718122308,86.6501371226,0,0,
5004,5004,2.5020000,290932,2502,19573.5352,21556.5156,70.6515316842,94.0052787073,0,0,
5005,5005,2.5025000,290933,2503,19582.5508,21582.4785,69.5341333293,99.9957244901,0,0,
5006,5006,2.5030000,290933,2503,19586.998,21587.166,54.0258967577,96.5892410701,0,0,
5007,5007,2.5035000,290934,2504,19584.9551,21562.2852,21.3184230004,74.6417950799,0,0,
5008,5008,2.5040000,290934,2504,19579.7852,21511.3184,-11.670567245,29.2656515809,0,0,
5009,5009,2.5045000,290935,2505,19573.7754,21504.3477,-31.2938311765,25.2738526287,0,0,
5010,5010,2.5050000,290935,2505,19567.1641,21525.7441,-35.7535740964,41.0008502187,0,0,
5011,5011,2.5055000,290936,2506,19558.75,21539.4473,-34.7829819515,37.4043922833,0,0,
5012,5012,2.5060000,290936,2506,19560.9141,21551.4668,-24.0467865978,40.675464983,0,0,
5013,5013,2.5065000,290937,2507,19579.666,21541.8516,-3.92476023378,41.0222028044,0,0,
5014,5014,2.5070000,290937,2507,19585.5547,21528.8691,9.29925406524,45.6304308199,0,0,
5015,5015,2.5075000,290938,2508,19577.1406,21557.5977,11.4027843613,74.3711821211,0,0,
5016,5016,2.5080000,290938,2508,19580.8672,21583.0801,17.2246501982,89.7246222302,0,0,
5017,5017,2.5085000,290939,2509,19590.3633,21589.0918,22.2412664042,80.6057841091,0,0,
5018,5018,2.5090000,290939,2509,19586.877,21614.5723,8.18776815678,82.8130199474,0,0,
5019,5019,2.5095000,290940,2510,19580.8672,21637.5332,-13.3439077197,74.1894203623,0,0,
5020,5020,2.5100000,290940,2510,19586.0371,21683.209,-17.4372835297,78.3070874379,0,0,
5021,5021,2.5105000,290941,2511,19609.7168,21751.0039,7.43928978168,114.704020337,0,0,
5022,5022,2.5110000,290941,2511,19636.5215,21814.9512,36.2389098038,153.634762825,0,0,
5023,5023,2.5115000,290942,2512,19637.123,21853.7754,35.421950915,166.381358545,0,0,
5024,5024,2.5120000,290942,2512,19619.5723,21887.1934,18.3532558222,171.495750806,0,0,
5025,5025,2.5125000,290943,2513,19605.1484,21897.7715,7.17984423818,134.597479257,0,0,
5026,5026,2.5130000,290943,2513,19597.4551,21860.9902,-3.6321418407,55.0860999164,0,0,
5027,5027,2.5135000,290944,2514,19580.2676,21799.4453,-23.9491617714,-30.1372757224,0,0,
5028,5028,2.5140000,290944,2514,19559.9512,21777.6895,-40.3581359783,-68.2462709058,0,0,
5029,5029,2.5145000,290945,2515,19553.7012,21810.7441,-40.4476375135,-49.6765241049,0,0,
5030,5030,2.5150000,290945,2515,19555.9863,21907.5078,-36.6098278387,17.4563868015,0,0,
5031,5031,2.5155000,290946,2516,19558.5098,22024.2246,-31.802839816,87.4465086015,0,0,
5032,5032,2.5160000,290946,2516,19595.4121,22053.6719,6.21750709538,70.0830723995,0,0,
5033,5033,2.5165000,290947,2517,19712.248,22015.209,107.610009067,-5.94292504356,0,0,
5034,5034,2.5170000,290947,2517,19849.2793,21955.4688,202.18437013,-95.2311934305,0,0,
5035,5035,2.5175000,290948,2518,19880.1719,21870.6035,192.54175314,-183.54306629,0,0,
5036,5036,2.5180000,290948,2518,19832.8105,21755.6914,120.513393762,-270.217014492,0,0,
5037,5037,2.5185000,290949,2519,19775.9551,21708.332,52.3311138495,-285.512937353,0,0,
5038,5038,2.5190000,290949,2519,19724.6289,21715.543,-2.16428312329,-245.999748651,0,0,
5039,5039,2.5195000,290950,2520,19688.8086,21755.2109,-34.4324758569,-173.985495793,0,0,
5040,5040,2.5200000,290950,2520,19679.6738,21809.7832,-38.8463788247,-99.741056466,0,0,
5041,5041,2.5205000,290951,2521,19673.4238,21868.2012,-39.5456671597,-38.5398538235,0,0,
5042,5042,2.5210000,290951,2521,19674.2637,21920.9688,-40.0882791537,-2.70687523968,0,0,
5043,5043,2.5215000,290952,2522,19662.9668,21978.9062,-53.9943472334,25.9466955687,0,0,
5044,5044,2.5220000,290952,2522,19650.4648,22012.6855,-62.0686900455,26.496943351,0,0,
5045,5045,2.5225000,290953,2523,19647.459,22017.8516,-55.1080687213,9.5842556274,0,0,
5046,5046,2.5230000,290953,2523,19640.8496,22000.1816,-58.6320564419,-11.2941081588,0,0,
5047,5047,2.5235000,290954,2524,19624.2598,21999.2207,-78.7156321244,-5.12820724087,0,0,
5048,5048,2.5240000,290954,2524,19605.8691,22014.6074,-97.4630305947,12.4676312695,0,0,
5049,5049,2.5245000,290955,2525,19600.2207,22022.1797,-94.5003616158,10.1795687391,0,0,
5050,5050,2.5250000,290955,2525,19598.1777,22015.6895,-78.4132322125,-11.3466312846,0,0,
5051,5051,2.5255000,290956,2526,19588.4395,22006.7949,-65.6266488488,-37.1702239191,0,0,
5052,5052,2.5260000,290956,2526,19570.4102,22003.9082,-61.8393302905,-46.1422191661,0,0,
5053,5053,2.5265000,290957,2527,19552.9805,22002.5859,-61.5850632943,-35.4725703861,0,0,
5054,5054,2.5270000,290957,2527,19540.959,21995.7344,-47.6733040368,-24.3007428552,0,0,
5055,5055,2.5275000,290958,2528,19525.334,21983.2344,-33.3031893544,-32.7060278129,0,0,
5056,5056,2.5280000,290958,2528,19504.7793,21976.2637,-31.0394976785,-36.9714038502,0,0,
5057,5057,2.5285000,290959,2529,19494.2012,21958.7129,-24.271822068,-48.2282422499,0,0,
5058,5058,2.5290000,290959,2529,19491.0762,21932.6309,-15.4625787752,-69.8791366943,0,0,
5059,5059,2.5295000,290960,2530,19500.9316,21898.7324,-3.10055417515,-96.7706060072,0,0,
5060,5060,2.5300000,290960,2530,19516.1973,21869.7637,13.0500175875,-120.189883606,0,0,
5061,5061,2.5305000,290961,2531,19525.4551,21838.2715,28.6326882055,-127.940574117,0,0,
5062,5062,2.5310000,290961,2531,19524.4922,21807.498,37.4179103253,-117.078538949,0,0,
5063,5063,2.5315000,290962,2532,19518.8418,21781.8965,43.0225275458,-92.1645020167,0,0,
5064,5064,2.5320000,290962,2532,19520.166,21759.2969,54.8530014993,-62.7874314476,0,0,
5065,5065,2.5325000,290963,2533,19523.8926,21741.8691,65.3947946507,-42.7172157338,0,0,
5066,5066,2.5330000,290963,2533,19519.9238,21747.6387,59.9139296158,-3.59980829803,0,0,
5067,5067,2.5335000,290964,2534,19536.0312,21742.4688,69.0288809089,25.9546549217,0,0,
5068,5068,2.5340000,290964,2534,19543.0039,21735.2559,69.7802262742,42.2216772707,0,0,
5069,5069,2.5345000,290965,2535,19507.1836,21748.8398,32.9273433871,68.109860798,0,0,
5070,5070,2.5350000,290965,2535,19475.0879,21752.6855,1.09591644088,72.1366026855,0,0,
5071,5071,2.5355000,290966,2536,19460.5449,21747.1562,-9.96314784318,66.396456206,0,0,
5072,5072,2.5360000,290966,2536,19457.6602,21716.1445,-10.4701028554,56.2251477026,0,0,
5073,5073,2.5365000,290967,2537,19441.5527,21698.1152,-29.3593160009,67.1237515414,0,0,
5074,5074,2.5370000,290967,2537,19422.3203,21696.1914,-50.5440649465,85.4594298322,0,0,
5075,5075,2.5375000,290968,2538,19395.5156,21707.3691,-51.726598632,117.766019295,0,0,
5076,5076,2.5380000,290968,2538,19374.1191,21758.4551,-31.6422234821,185.142584071,0,0,
5077,5077,2.5385000,290969,2539,19374.1191,21820.1191,4.62740547011,230.992536161,0,0,
5078,5078,2.5390000,290969,2539,19383.0137,21876.4941,38.3958305969,253.401589215,0,0,
5079,5079,2.5395000,290970,2540,19383.375,21851.252,55.4108970951,203.730540226,0,0,
5080,5080,2.5400000,290970,2540,19379.5293,21784.9004,60.4240910219,125.598426297,0,0,
5081,5081,2.5405000,290971,2541,19371.9551,21741.5078,60.196375413,75.8116149265,0,0,
5082,5082,2.5410000,290971,2541,19363.541,21720.832,52.3296155718,46.2922616936,0,0,
5083,5083,2.5415000,290972,2542,19357.1699,21668.0645,45.4358163328,-8.13124556916,0,0,
5084,5084,2.5420000,290972,2542,19382.1738,21580.5566,67.12061671,-77.2356959421,0,0,
5085,5085,2.5425000,290973,2543,19433.0176,21499.1777,106.194587415,-116.002775768,0,0,
5086,5086,2.5430000,290973,2543,19492.3984,21458.791,136.98778112,-98.2587602306,0,0,
5087,5087,2.5435000,290974,2544,19556.5859,21482.3496,155.807994075,-24.9699106115,0,0,
5088,5088,2.5440000,290974,2544,19617.5293,21512.6426,162.529174077,37.624445483,0,0,
5089,5089,2.5445000,290975,2545,19601.3027,21545.457,103.894377028,83.5127820853,0,0,
5090,5090,2.5450000,290975,2545,19544.0859,21585.123,26.7112191937,120.806221281,0,0,
5091,5091,2.5455000,290976,2546,19486.5078,21586.9277,-32.9371043959,113.384258433,0,0,
5092,5092,2.5460000,290976,2546,19426.8887,21555.7949,-83.0753153263,82.8840435111,0,0,
5093,5093,2.5465000,290977,2547,19369.791,21506.752,-125.039645146,54.6497144215,0,0,
5094,5094,2.5470000,290977,2547,19277.8379,21494.252,-180.358239581,66.2263917478,0,0,
5095,5095,2.5475000,290978,2548,19213.4082,21529.4707,-195.805575735,102.774866167,0,0,
5096,5096,2.5480000,290978,2548,19224.4668,21564.8105,-148.720014458,126.76966121,0,0,
5097,5097,2.5485000,290979,2549,19267.8594,21584.1621,-87.5976441353,131.612832065,0,0,
5098,5098,2.5490000,290979,2549,19264.6152,21590.293,-79.0897616594,117.239419993,0,0,
5099,5099,2.5495000,290980,2550,19240.6934,21579.1133,-94.8810102272,85.6362646883,0,0,
5100,5100,2.5500000,290980,2550,19273.8691,21550.3848,-60.1380141733,35.7239687062,0,0,
5101,5101,2.5505000,290981,2551,19348.9961,21513.3633,8.95543011628,-4.86242631714,0,0,
5102,5102,2.5510000,290981,2551,19390.707,21488.2402,42.1470557498,-19.0731326401,0,0,
5103,5103,2.5515000,290982,2552,19366.1855,21440.0391,16.8354955157,-44.3151146403,0,0,
5104,5104,2.5520000,290982,2552,19287.4531,21396.8867,-47.6121998811,-58.7229703844,0,0,
5105,5105,2.5525000,290983,2553,19235.8867,21392.6797,-77.7085917579,-48.4984584317,0,0,
5106,5106,2.5530000,290983,2553,19222.1836,21401.2129,-74.4250879221,-32.9821799962,0,0,
5107,5107,2.5535000,290984,2554,19216.7734,21389.916,-68.6078809185,-31.5309165111,0,0,
5108,5108,2.5540000,290984,2554,19216.1738,21367.7988,-55.8350330051,-45.373817176,0,0,
5109,5109,2.5545000,290985,2555,19200.7871,21351.8105,-50.8204398906,-59.5835199065,0,0,
5110,5110,2.5550000,290985,2555,19187.084,21339.1895,-48.7752222634,-74.5499980792,0,0,
5111,5111,2.5555000,290986,2556,19190.3301,21330.5352,-35.1254068909,-83.3075947233,0,0,
5112,5112,2.5560000,290986,2556,19194.416,21310.3418,-25.670720171,-83.7314395386,0,0,
5113,5113,2.5565000,290987,2557,19195.498,21277.0449,-24.1929408865,-90.1906737041,0,0,
5114,5114,2.5570000,290987,2557,19205.4746,21236.1758,-18.069796926,-106.732055656,0,0,
5115,5115,2.5575000,290988,2558,19224.2266,21169.4629,12.1657545127,-136.534001212,0,0,
5116,5116,2.5580000,290988,2558,19256.4414,21087.4863,58.5296047322,-169.716245149,0,0,
5117,5117,2.5585000,290989,2559,19283.0059,21031.2305,88.1415777652,-186.418708761,0,0,
5118,5118,2.5590000,290989,2559,19287.6934,21002.623,88.8198476008,-178.879381255,0,0,
5119,5119,2.5595000,290990,2560,19281.4434,20977.3809,77.8069916238,-151.620023893,0,0,
5120,5120,2.5600000,290990,2560,19266.7793,20963.5566,57.5708025479,-112.144923789,0,0,
5121,5121,2.5605000,290991,2561,19241.0547,20936.752,31.3987834313,-95.1154849925,0,0,
5122,5122,2.5610000,290991,2561,19203.0703,20914.1543,-4.9994278914,-85.0447216286,0,0,
5123,5123,2.5615000,290992,2562,19160.1582,20905.7402,-39.6813596776,-61.7069683462,0,0,
5124,5124,2.5620000,290992,2562,19111.957,20907.1816,-74.044713074,-26.0969456544,0,0,
5125,5125,2.5625000,290993,2563,19096.6914,20913.5527,-76.0999746583,14.1354999641,0,0,
5126,5126,2.5630000,290993,2563,19111.7168,20910.7871,-57.1564453167,42.6526898882,0,0,
5127,5127,2.5635000,290994,2564,19088.1582,20974.6152,-77.6116501567,111.82982709,0,0,
5128,5128,2.5640000,290994,2564,19028.2969,21095.7793,-122.308366473,207.835759723,0,0,
5129,5129,2.5645000,290995,2565,18994.8809,21159.2461,-119.273184372,228.522235754,0,0,
5130,5130,2.5650000,290995,2565,18978.4121,21119.8203,-88.2544592195,152.725939938,0,0,
5131,5131,2.5655000,290996,2566,19000.2891,20979.1836,-26.0634557722,8.7186629391,0,0,
5132,5132,2.5660000,290996,2566,19061.834,20871.2402,57.7872573293,-73.1056492081,0,0,
5133,5133,2.5665000,290997,2567,19123.6172,20869.6777,121.421667559,-39.7994276645,0,0,
5134,5134,2.5670000,290997,2567,19222.1836,20824.2422,210.225133913,-49.5548531356,0,0,
5135,5135,2.5675000,290998,2568,19316.3027,20781.209,272.944003466,-70.720130468,0,0,
5136,5136,2.5680000,290998,2568,19368.1094,20795.3926,267.753140318,-43.3147581329,0,0,
5137,5137,2.5685000,290999,2569,19380.3691,20813.3027,216.476002782,-14.1214973189,0,0,
5138,5138,2.5690000,290999,2569,19366.0645,20841.5508,152.991904812,16.2325199686,0,0,
5139,5139,2.5695000,291000,2570,19352.123,20850.8066,95.9221311136,25.0619846267,0,0,
5140,5140,2.5700000,291000,2570,19351.5215,20892.7578,48.2511287405,54.2374297913,0,0,
5141,5141,2.5705000,291001,2571,19338.7793,20964.998,-3.78211080544,108.086578511,0,0,
5142,5142,2.5710000,291001,2571,19366.5469,20990.4824,-4.61813520908,116.614064219,0,0,
5143,5143,2.5715000,291002,2572,19476.4121,20958.3887,72.5742622787,81.9432909218,0,0,
5144,5144,2.5720000,291002,2572,19563.4375,20976.1777,122.467277398,92.2469252577,0,0,
5145,5145,2.5725000,291003,2573,19580.1465,20933.3848,96.6906574328,34.5326884382,0,0,
5146,5146,2.5730000,291003,2573,19574.1348,20869.9199,44.1404949501,-34.9023021724,0,0,
5147,5147,2.5735000,291004,2574,19623.0586,20853.4512,37.9735265912,-45.9315816676,0,0,
5148,5148,2.5740000,291004,2574,19684.8418,20791.0664,41.9441798297,-94.9408881162,0,0,
5149,5149,2.5745000,291005,2575,19673.1816,20695.0254,-10.3375539269,-167.87186282,0,0,
5150,5150,2.5750000,291005,2575,19556.1055,20662.9297,-143.197207073,-178.135873254,0,0,
5151,5151,2.5755000,291006,2576,19486.3887,20690.0957,-216.155484903,-136.690819561,0,0,
5152,5152,2.5760000,291006,2576,19460.0645,20730.2441,-240.035103451,-76.6561089287,0,0,
5153,5153,2.5765000,291007,2577,19473.7676,20744.4277,-226.855848121,-43.0938892627,0,0,
5154,5154,2.5770000,291007,2577,19504.2988,20706.6836,-203.355314259,-61.1175314665,0,0,
5155,5155,2.5775000,291008,2578,19540.7207,20631.918,-164.213009209,-97.8859331228,0,0,
5156,5156,2.5780000,291008,2578,19580.5059,20602.5879,-120.992905905,-85.7698498959,0,0,
5157,5157,2.5785000,291009,2579,19593.7285,20630.9551,-106.760157119,-43.0311089852,0,0,
5158,5158,2.5790000,291009,2579,19582.5508,20661.8496,-112.900464373,-14.1590587166,0,0,
5159,5159,2.5795000,291010,2580,19586.998,20673.1465,-102.401198655,4.8720194311,0,0,
5160,5160,2.5800000,291010,2580,19617.4082,20666.6562,-72.2540216335,7.9813230621,0,0,
5161,5161,2.5805000,291011,2581,19666.3301,20659.6855,-29.7765370519,6.65938347782,0,0,
5162,5162,2.5810000,291011,2581,19715.8535,20650.0684,3.61161235656,-4.77759216467,0,0,
5163,5163,2.5815000,291012,2582,19722.5859,20627.3496,-4.50456026707,-25.4567870878,0,0,
5164,5164,2.5820000,291012,2582,19692.416,20602.4688,-42.2067875738,-39.2032634992,0,0,
5165,5165,2.5825000,291013,2583,19690.6113,20565.6855,-56.1973336615,-54.5131000296,0,0,
5166,5166,2.5830000,291013,2583,19699.2676,20546.334,-67.0903834138,-47.3321744887,0,0,
5167,5167,2.5835000,291014,2584,19717.2969,20539.2422,-65.1132340036,-46.8884913762,0,0,
5168,5168,2.5840000,291014,2584,19729.5566,20518.207,-61.2528290996,-68.7969133885,0,0,
5169,5169,2.5845000,291015,2585,19744.2227,20495.127,-47.1581250269,-81.1725460738,0,0,
5170,5170,2.5850000,291015,2585,19755.2812,20479.0215,-30.5746274769,-69.8119089784,0,0,
5171,5171,2.5855000,291016,2586,19762.0137,20458.4668,-22.7484840638,-43.6233598455,0,0,
5172,5172,2.5860000,291016,2586,19765.498,20435.0254,-23.9658577918,-21.6888975145,0,0,
5173,5173,2.5865000,291017,2587,19755.041,20398.123,-37.7223418482,-20.9138167755,0,0,
5174,5174,2.5870000,291017,2587,19748.3105,20341.9902,-42.2281985064,-28.1287109666,0,0,
5175,5175,2.5875000,291018,2588,19749.6309,20291.1445,-37.5733237893,-40.7487772346,0,0,
5176,5176,2.5880000,291018,2588,19746.0254,20244.0254,-41.5043012601,-57.1550116175,0,0,
5177,5177,2.5885000,291019,2589,19754.6797,20190.1738,-33.5173697617,-70.6808509028,0,0,
5178,5178,2.5890000,291019,2589,19762.6133,20150.627,-17.6952526501,-69.5445033908,0,0,
5179,5179,2.5895000,291020,2590,19776.3164,20123.582,-0.165680074703,-51.6248486668,0,0,
5180,5180,2.5900000,291020,2590,19778.3594,20061.3164,-3.42211452248,-70.2768651706,0,0,
5181,5181,2.5905000,291021,2591,19781.0039,19980.1797,-3.00349360722,-95.4372680741,0,0,
5182,5182,2.5910000,291021,2591,19795.7891,19926.3301,10.0863048654,-76.6833121,0,0,
5183,5183,2.5915000,291022,2592,19805.2852,19942.0762,15.0467826656,14.9039171456,0,0,
5184,5184,2.5920000,291022,2592,19796.6309,19989.1953,17.3482340045,108.957884836,0,0,
5185,5185,2.5925000,291023,2593,19782.8066,20017.2012,24.475091141,168.736784998,0,0,
5186,5186,2.5930000,291023,2593,19761.291,20018.5254,21.9034879461,194.711319664,0,0,
5187,5187,2.5935000,291024,2594,19735.207,20015.4004,4.95982635563,209.083766192,0,0,
5188,5188,2.5940000,291024,2594,19727.1543,19994.6035,7.3983515958,210.025210286,0,0,
5189,5189,2.5945000,291025,2595,19699.627,19977.2949,13.6901720885,211.495037567,0,0,
5190,5190,2.5950000,291025,2595,19645.2949,20001.4551,13.9435654535,228.959081187,0,0,
5191,5191,2.5955000,291026,2596,19615.6055,20009.0293,24.797084854,216.423149312,0,0,
5192,5192,2.5960000,291026,2596,19630.0293,20027.0586,62.2579596814,221.070973425,0,0,
5193,5193,2.5965000,291027,2597,19660.6816,20061.3164,98.1105796995,243.12011128,0,0,
5194,5194,2.5970000,291027,2597,19675.4668,20001.3359,109.257329393,186.754671094,0,0,
5195,5195,2.5975000,291028,2598,19706.3574,19789.2988,140.846886012,27.4602022629,0,0,
5196,5196,2.5980000,291028,2598,19750.3535,19475.0879,181.458529099,-187.335957493,0,0,
5197,5197,2.5985000,291029,2599,19821.9941,19150.9023,239.024770345,-384.455557608,0,0,
5198,5198,2.5990000,291029,2599,19924.4062,18909.5371,311.993627553,-473.561086746,0,0,
5199,5199,2.5995000,291030,2600,20050.6191,18802.7969,383.66493688,-412.259763478,0,0,
5200,5200,2.6000000,291030,2600,20186.0879,18831.6445,437.31943465,-237.397190256,0,0,
5201,5201,2.6005000,291031,2601,20219.0215,18947.5215,388.435303101,-20.7281981095,0,0,
5202,5202,2.6010000,291031,2601,20175.8691,19009.9043,278.824951121,108.611203098,0,0,
5203,5203,2.6015000,291032,2602,20112.5234,18965.9121,175.489110904,129.82265472,0,0,
5204,5204,2.6020000,291032,2602,19984.748,18833.209,41.5336384549,80.0914130883,0,0,
5205,5205,2.6025000,291033,2603,19863.7051,18667.8086,-72.5263947324,21.3452565908,0,0,
5206,5206,2.6030000,291033,2603,19812.0176,18559.8672,-116.384200967,24.1849558769,0,0,
5207,5207,2.6035000,291034,2604,19823.3164,18468.5137,-99.070279233,28.1136436214,0,0,
5208,5208,2.6040000,291034,2604,19857.9336,18379.8027,-59.4028647583,29.2379074197,0,0,
5209,5209,2.6045000,291035,2605,19909.2598,18279.1934,-7.55440925547,28.2976300445,0,0,
5210,5210,2.6050000,291035,2605,19936.666,18176.9023,20.6862770723,39.2259239502,0,0,
5211,5211,2.6055000,291036,2606,19930.7773,18072.0859,13.957167679,64.7380712278,0,0,
5212,5212,2.6060000,291036,2606,19935.4648,17987.584,12.0968435967,106.069627072,0,0,
5213,5213,2.6065000,291037,2607,19941.4746,17918.5879,10.9833890419,150.039900951,0,0,
5214,5214,2.6070000,291037,2607,19942.916,17851.875,6.51398848302,196.230951092,0,0,
5215,5215,2.6075000,291038,2608,19956.9805,17796.5801,10.9208106512,231.292383852,0,0,
5216,5216,2.6080000,291038,2608,19968.4004,17757.0352,7.72807184618,261.314249005,0,0,
5217,5217,2.6085000,291039,2609,19983.1855,17728.3066,4.21670708742,295.124243164,0,0,
5218,5218,2.6090000,291039,2609,19990.5176,17719.1699,0.822778272555,330.491903505,0,0,
5219,5219,2.6095000,291040,2610,19995.5664,17718.3301,-7.0280213747,362.138757434,0,0,
5220,5220,2.6100000,291040,2610,19997.3691,17717.6074,-22.527930033,381.777486089,0,0,
5221,5221,2.6105000,291041,2611,20004.7012,17712.5605,-30.6225808374,391.79176132,0,0,
5222,5222,2.6110000,291041,2611,20014.0762,17707.6309,-37.0702928994,398.163158277,0,0,
5223,5223,2.6115000,291042,2612,20028.0215,17700.2988,-40.4492053421,394.732983029,0,0,
5224,5224,2.6120000,291042,2612,20042.2051,17695.4902,-31.3478937628,374.356049219,0,0,
5225,5225,2.6125000,291043,2613,20058.5527,17698.4961,-15.8235049165,357.719643203,0,0,
5226,5226,2.6130000,291043,2613,20066.0059,17683.1113,-13.1317461651,324.84911363,0,0,
5227,5227,2.6135000,291044,2614,20082.7129,17661.5938,-14.116146375,283.863964858,0,0,
5228,5228,2.6140000,291044,2614,20084.2754,17651.1367,-31.6760071699,258.180604482,0,0,
5229,5229,2.6145000,291045,2615,20080.1895,17648.8535,-33.7711026036,234.540490343,0,0,
5230,5230,2.6150000,291045,2615,20068.168,17654.0215,-26.6135420025,193.856125973,0,0,
5231,5231,2.6155000,291046,2616,20053.9844,17652.5801,-36.7569893006,141.544309648,0,0,
5232,5232,2.6160000,291046,2616,20046.1699,17641.4004,-54.92877923,89.0204170278,0,0,
5233,5233,2.6165000,291047,2617,20042.3242,17624.2109,-76.3727399518,38.4568398352,0,0,
5234,5234,2.6170000,291047,2617,20032.2285,17609.5469,-100.387075039,12.9925117327,0,0,
5235,5235,2.6175000,291048,2618,20012.0332,17602.4551,-122.452171167,25.9685212759,0,0,
5236,5236,2.6180000,291048,2618,19994.0039,17606.7812,-135.400699723,51.1654009194,0,0,
5237,5237,2.6185000,291049,2619,19965.6348,17603.5371,-153.874191641,41.4983285518,0,0,
5238,5238,2.6190000,291049,2619,19943.2773,17610.627,-163.028991128,14.1965444697,0,0,
5239,5239,2.6195000,291050,2620,19921.041,17629.1387,-172.826168316,-19.4313184181,0,0,
5240,5240,2.6200000,291050,2620,19902.168,17665.5605,-180.330002025,-58.7655468113,0,0,
5241,5241,2.6205000,291051,2621,19868.3926,17708.2324,-179.019981935,-109.370081275,0,0,
5242,5242,2.6210000,291051,2621,19845.4336,17743.0918,-154.093356837,-159.263721875,0,0,
5243,5243,2.6215000,291052,2622,19832.9316,17768.9355,-113.391289965,-194.209501855,0,0,
5244,5244,2.6220000,291052,2622,19813.3379,17806.5586,-69.0413090687,-200.961997866,0,0,
5245,5245,2.6225000,291053,2623,19791.582,17868.4629,-42.5767442103,-182.717602451,0,0,
5246,5246,2.6230000,291053,2623,19779.4414,17935.8965,-30.6600311087,-178.868605631,0,0,
5247,5247,2.6235000,291054,2624,19756.3633,17993.4727,-39.0675395509,-204.878993399,0,0,
5248,5248,2.6240000,291054,2624,19731.3613,18055.498,-45.4931615703,-234.677159873,0,0,
5249,5249,2.6245000,291055,2625,19723.1875,18140.9609,-33.6657974587,-239.901880787,0,0,
5250,5250,2.6250000,291055,2625,19733.7637,18232.5566,1.22420460434,-236.818055945,0,0,
5251,5251,2.6255000,291056,2626,19744.7031,18318.8613,34.5049850153,-231.573355886,0,0,
5252,5252,2.6260000,291056,2626,19743.3809,18407.3301,46.4976268632,-233.504861512,0,0,
5253,5253,2.6265000,291057,2627,19723.0664,18498.8047,40.6370146342,-243.994372582,0,0,
5254,5254,2.6270000,291057,2627,19733.1641,18573.3301,61.9228439952,-265.723474652,0,0,
5255,5255,2.6275000,291058,2628,19773.5527,18648.3359,99.7812941527,-298.736588139,0,0,
5256,5256,2.6280000,291058,2628,19804.6855,18711.082,118.923896803,-349.943881507,0,0,
5257,5257,2.6285000,291059,2629,19813.5801,18761.3262,111.802560176,-403.821171441,0,0,
5258,5258,2.6290000,291059,2629,19794.5879,18827.5586,88.0303040765,-442.950954938,0,0,
5259,5259,2.6295000,291060,2630,19773.3105,18910.8574,64.0720860515,-462.160650634,0,0,
5260,5260,2.6300000,291060,2630,19737.252,19019.2812,27.7694554206,-457.764972478,0,0,
5261,5261,2.6305000,291061,2631,19696.3809,19127.9434,-6.22152116618,-449.755170388,0,0,
5262,5262,2.6310000,291061,2631,19666.5723,19233.1211,-25.5936251129,-441.260505049,0,0,
5263,5263,2.6315000,291062,2632,19671.0195,19343.5879,-14.8445593988,-427.883896744,0,0,
5264,5264,2.6320000,291062,2632,19661.1621,19457.5391,-7.76254171323,-422.579543844,0,0,
5265,5265,2.6325000,291063,2633,19614.5234,19579.666,-26.1006689473,-409.882640003,0,0,
5266,5266,2.6330000,291063,2633,19545.2871,19712.3691,-58.1513538416,-383.057263174,0,0,
5267,5267,2.6335000,291064,2634,19489.9941,19851.2031,-80.2911035954,-354.509723333,0,0,
5268,5268,2.6340000,291064,2634,19455.2559,19977.416,-79.7265780501,-336.467838121,0,0,
5269,5269,2.6345000,291065,2635,19433.8594,20092.9297,-51.5981823766,-331.020107482,0,0,
5270,5270,2.6350000,291065,2635,19410.541,20201.1113,-14.7840870349,-346.827469136,0,0,
5271,5271,2.6355000,291066,2636,19392.5098,20318.5488,9.91789393948,-352.77344369,0,0,
5272,5272,2.6360000,291066,2636,19384.5762,20443.0801,25.922530113,-342.523820206,0,0,
5273,5273,2.6365000,291067,2637,19377.6055,20565.8066,31.4055885986,-327.87228677,0,0,
5274,5274,2.6370000,291067,2637,19360.0547,20688.7734,26.9008613833,-296.431411001,0,0,
5275,5275,2.6375000,291068,2638,19342.5059,20813.4238,28.8065935794,-240.074357395,0,0,
5276,5276,2.6380000,291068,2638,19333.3691,20943.002,38.2606314808,-179.162571259,0,0,
5277,5277,2.6385000,291069,2639,19336.6152,21065.248,56.2669015983,-144.777553001,0,0,
5278,5278,2.6390000,291069,2639,19344.4277,21182.4453,71.7670185243,-136.120692577,0,0,
5279,5279,2.6395000,291070,2640,19351.7617,21285.3379,78.7491272252,-150.09390905,0,0,
5280,5280,2.6400000,291070,2640,19359.0938,21380.1777,78.3126008743,-182.435487632,0,0,
5281,5281,2.6405000,291071,2641,19368.2285,21464.4395,93.2030051741,-226.683552931,0,0,
5282,5282,2.6410000,291071,2641,19370.0332,21546.9004,104.893948059,-253.423484031,0,0,
5283,5283,2.6415000,291072,2642,19362.3379,21635.8496,109.836340747,-246.431063055,0,0,
5284,5284,2.6420000,291072,2642,19360.0547,21718.4277,128.552885739,-226.435290359,0,0,
5285,5285,2.6425000,291073,2643,19361.0176,21787.4238,136.102951698,-209.702215898,0,0,
5286,5286,2.6430000,291073,2643,19356.5684,21851.7324,118.074046255,-199.981893863,0,0,
5287,5287,2.6435000,291074,2644,19348.6367,21912.916,91.0155304353,-196.085017496,0,0,
5288,5288,2.6440000,291074,2644,19352.4824,21972.6562,76.4738357419,-190.604659453,0,0,
5289,5289,2.6445000,291075,2645,19344.6699,22038.7676,51.2385011135,-170.637125424,0,0,
5290,5290,2.6450000,291075,2645,19332.2891,22103.916,28.7578487974,-139.778556701,0,0,
5291,5291,2.6455000,291076,2646,19312.4551,22168.1074,5.83925829162,-94.3416548249,0,0,
5292,5292,2.6460000,291076,2646,19287.5723,22236.5,-20.2933212598,-46.2156572367,0,0,
5293,5293,2.6465000,291077,2647,19283.4863,22294.6797,-22.6606479523,-10.7434728333,0,0,
5294,5294,2.6470000,291077,2647,19291.2988,22345.0449,-19.9083457357,28.838930481,0,0,
5295,5295,2.6475000,291078,2648,19289.2559,22399.4941,-34.3353095351,64.8973583316,0,0,
5296,5296,2.6480000,291078,2648,19291.6602,22439.8828,-43.7260382036,85.7316285443,0,0,
5297,5297,2.6485000,291079,2649,19286.3711,22471.1348,-56.7026579152,107.148075377,0,0,
5298,5298,2.6490000,291079,2649,19277.1152,22518.0156,-61.1897221799,138.473914534,0,0,
5299,5299,2.6495000,291080,2650,19269.0625,22557.5625,-64.9844157312,163.768857113,0,0,
5300,5300,2.6500000,291080,2650,19260.4082,22593.502,-69.5394036066,186.093525251,0,0,
5301,5301,2.6505000,291081,2651,19243.5801,22631.8457,-79.5266840497,218.410207823,0,0,
5302,5302,2.6510000,291081,2651,19226.9902,22671.3926,-90.0387139931,258.388838188,0,0,
5303,5303,2.6515000,291082,2652,19220.2598,22705.1719,-97.3359609201,294.736092527,0,0,
5304,5304,2.6520000,291082,2652,19222.1836,22743.0332,-85.7144977323,327.405099263,0,0,
5305,5305,2.6525000,291083,2653,19222.5449,22785.7051,-66.9600527498,364.254842771,0,0,
5306,5306,2.6530000,291083,2653,19209.2012,22820.5645,-58.9872512468,398.136300129,0,0,
5307,5307,2.6535000,291084,2654,19191.6504,22848.2109,-65.5103761433,425.522496214,0,0,
5308,5308,2.6540000,291084,2654,19169.0527,22882.7109,-78.2254806307,464.262236058,0,0,
5309,5309,2.6545000,291085,2655,19151.9844,22917.8105,-73.9356471704,501.382696788,0,0,
5310,5310,2.6550000,291085,2655,19135.3965,22940.4062,-58.0953585566,513.964591382,0,0,
5311,5311,2.6555000,291086,2656,19132.873,22961.3223,-42.7301935925,522.585758691,0,0,
5312,5312,2.6560000,291086,2656,19132.1504,22981.6348,-40.5427311668,536.351218014,0,0,
5313,5313,2.6565000,291087,2657,19126.8613,22997.7441,-49.2580980855,550.90683993,0,0,
5314,5314,2.6570000,291087,2657,19126.8613,23022.625,-50.3842834342,584.688873207,0,0,
5315,5315,2.6575000,291088,2658,19125.9004,23047.3887,-47.4454777127,633.759859359,0,0,
5316,5316,2.6580000,291088,2658,19132.3926,23056.6426,-39.2801122504,666.905287544,0,0,
5317,5317,2.6585000,291089,2659,19143.209,23073.4707,-30.5814112044,691.150730301,0,0,
5318,5318,2.6590000,291089,2659,19160.0371,23096.6699,-21.0551937082,701.096800106,0,0,
5319,5319,2.6595000,291090,2660,19181.916,23123.1152,-12.5881538045,701.91050304,0,0,
5320,5320,2.6600000,291090,2660,19201.9902,23143.5488,-11.2831091479,681.474676861,0,0,
5321,5321,2.6605000,291091,2661,19228.3145,23168.5527,6.31382512691,655.57021806,0,0,
5322,5322,2.6610000,291091,2661,19258.6035,23200.8848,30.1569307795,640.597746696,0,0,
5323,5323,2.6615000,291092,2662,19296.5879,23247.7656,60.2362037059,647.808759316,0,0,
5324,5324,2.6620000,291092,2662,19325.3164,23291.7578,84.4724471243,656.575097571,0,0,
5325,5325,2.6625000,291093,2663,19356.4492,23308.1074,97.3001119644,640.317288243,0,0,
5326,5326,2.6630000,291093,2663,19386.1387,23308.9473,91.5156030026,602.255786808,0,0,
5327,5327,2.6635000,291094,2664,19408.0156,23326.8574,73.1169453542,571.016007632,0,0,
5328,5328,2.6640000,291094,2664,19443.1152,23347.8926,64.9243460129,536.934603495,0,0,
5329,5329,2.6645000,291095,2665,19474.4883,23376.0215,53.5922293656,507.330928624,0,0,
5330,5330,2.6650000,291095,2665,19496.9668,23396.6953,38.7293672507,474.4053906,0,0,
5331,5331,2.6655000,291096,2666,19519.084,23414.7266,28.0519923329,447.065401815,0,0,
5332,5332,2.6660000,291096,2666,19539.3965,23424.7031,15.201693231,408.426168515,0,0,
5333,5333,2.6665000,291097,2667,19551.1777,23423.3809,-4.82932845392,358.140845339,0,0,
5334,5334,2.6670000,291097,2667,19559.1113,23429.0312,-30.4399497281,322.958845256,0,0,
5335,5335,2.6675000,291098,2668,19564.8809,23431.6738,-57.9884156735,276.993273984,0,0,
5336,5336,2.6680000,291098,2668,19573.8965,23421.9375,-78.8492180354,219.908351778,0,0,
5337,5337,2.6685000,291099,2669,19584.1133,23422.2988,-91.9066659545,178.602864991,0,0,
5338,5338,2.6690000,291099,2669,19595.7715,23424.7031,-92.2856289824,131.18749875,0,0,
5339,5339,2.6695000,291100,2670,19603.3457,23439.6074,-95.9207916868,95.0964375819,0,0,
5340,5340,2.6700000,291100,2670,19604.1855,23472.3027,-103.775499686,71.0437435814,0,0,
5341,5341,2.6705000,291101,2671,19597.4551,23500.5488,-113.223713561,43.6916690997,0,0,
5342,5342,2.6710000,291101,2671,19590.9648,23526.7559,-121.217376915,16.4988035977,0,0,
5343,5343,2.6715000,291102,2672,19581.9492,23547.5488,-134.989864439,-15.0803488694,0,0,
5344,5344,2.6720000,291102,2672,19574.6172,23566.6621,-135.731366794,-55.232406655,0,0,
5345,5345,2.6725000,291103,2673,19570.5293,23585.8926,-122.561273411,-95.0596389173,0,0,
5346,5346,2.6730000,291103,2673,19559.4707,23595.9922,-109.579050927,-136.118477622,0,0,
5347,5347,2.6735000,291104,2674,19550.6973,23617.1465,-101.537774057,-164.776948054,0,0,
5348,5348,2.6740000,291104,2674,19542.5215,23641.0684,-93.9106441148,-187.671743806,0,0,
5349,5349,2.6745000,291105,2675,19533.0273,23666.1895,-79.3979043028,-209.962840695,0,0,
5350,5350,2.6750000,291105,2675,19522.3281,23680.8535,-56.9716706077,-248.303223666,0,0,
5351,5351,2.6755000,291106,2676,19509.2266,23694.9199,-47.9235991135,-286.977431508,0,0,
5352,5352,2.6760000,291106,2676,19493.9609,23702.8516,-49.5438973599,-323.79472172,0,0,
5353,5353,2.6765000,291107,2677,19474.4883,23723.8887,-56.2901820419,-342.440183797,0,0,
5354,5354,2.6770000,291107,2677,19464.9922,23753.2168,-50.5140008636,-345.347066937,0,0,
5355,5355,2.6775000,291108,2678,19455.377,23789.7578,-39.3811029858,-328.729265648,0,0,
5356,5356,2.6780000,291108,2678,19438.5488,23833.1504,-34.9125238917,-306.143586777,0,0,
5357,5357,2.6785000,291109,2679,19428.0898,23885.3184,-25.0822320316,-292.413394936,0,0,
5358,5358,2.6790000,291109,2679,19421.4785,23933.5215,-13.9312208966,-300.418676785,0,0,
5359,5359,2.6795000,291110,2680,19410.541,23963.4512,-8.83003310427,-332.389496577,0,0,
5360,5360,2.6800000,291110,2680,19402.6074,23990.375,-2.01392394504,-373.890411384,0,0,
5361,5361,2.6805000,291111,2681,19392.75,24012.252,13.2970887523,-422.989423859,0,0,
5362,5362,2.6810000,291111,2681,19387.2207,24038.6973,36.9741397044,-459.341512537,0,0,
5363,5363,2.6815000,291112,2682,19377.6055,24068.0254,58.6088345738,-480.819564408,0,0,
5364,5364,2.6820000,291112,2682,19365.1035,24103.7266,84.7672185161,-485.161060823,0,0,
5365,5365,2.6825000,291113,2683,19351.5215,24126.6855,101.284364284,-491.06973379,0,0,
5366,5366,2.6830000,291113,2683,19327.3613,24141.3496,97.9911994326,-505.074099784,0,0,
5367,5367,2.6835000,291114,2684,19312.0957,24157.3359,101.547848054,-524.156051385,0,0,
5368,5368,2.6840000,291114,2684,19293.4629,24152.6484,99.7266600701,-559.614506297,0,0,
5369,5369,2.6845000,291115,2685,19288.1738,24128.127,111.655607289,-604.197839493,0,0,
5370,5370,2.6850000,291115,2685,19290.2168,24086.5391,132.791096497,-646.150082148,0,0,
5371,5371,2.6855000,291116,2686,19294.9043,24034.1309,155.61034529,-676.749355358,0,0,
5372,5372,2.6860000,291116,2686,19295.748,23972.2266,170.637808024,-703.909081571,0,0,
5373,5373,2.6865000,291117,2687,19289.6172,23904.9121,177.376881682,-723.177537888,0,0,
5374,5374,2.6870000,291117,2687,19274.7109,23837.4785,171.80319685,-726.128091998,0,0,
5375,5375,2.6875000,291118,2688,19248.748,23785.9121,154.715655994,-712.39445083,0,0,
5376,5376,2.6880000,291118,2688,19223.5059,23743.1191,139.795862295,-684.98257885,0,0,
5377,5377,2.6885000,291119,2689,19207.0371,23706.3379,136.464970913,-647.335812787,0,0,
5378,5378,2.6890000,291119,2689,19183.5977,23672.3203,134.332008215,-612.642155777,0,0,
5379,5379,2.6895000,291120,2690,19168.9336,23628.9277,139.410131319,-585.762368341,0,0,
5380,5380,2.6900000,291120,2690,19154.2676,23587.9375,143.674164811,-557.442583866,0,0,
5381,5381,2.6905000,291121,2691,19147.0566,23541.4199,154.904448774,-526.445930176,0,0,
5382,5382,2.6910000,291121,2691,19142.6094,23477.9531,163.147444892,-501.994608366,0,0,
5383,5383,2.6915000,291122,2692,19134.4355,23410.0391,159.810032853,-473.284374821,0,0,
5384,5384,2.6920000,291122,2692,19128.0645,23344.4082,161.754968602,-442.605082263,0,0,
5385,5385,2.6925000,291123,2693,19118.5684,23274.8105,165.00190181,-411.145497902,0,0,
5386,5386,2.6930000,291123,2693,19110.0332,23195.4766,171.495034005,-377.562777083,0,0,
5387,5387,2.6935000,291124,2694,19090.6816,23109.4121,159.504638983,-345.674358628,0,0,
5388,5388,2.6940000,291124,2694,19072.291,23005.916,146.284620182,-320.456145808,0,0,
5389,5389,2.6945000,291125,2695,19057.5059,22902.4219,141.474940333,-288.316452343,0,0,
5390,5390,2.6950000,291125,2695,19042.4805,22795.5625,142.058759667,-257.070633591,0,0,
5391,5391,2.6955000,291126,2696,19029.377,22684.7363,133.927202699,-225.233650195,0,0,
5392,5392,2.6960000,291126,2696,19009.666,22580.6406,111.717077656,-178.505045658,0,0,
5393,5393,2.6965000,291127,2697,18996.082,22480.6328,92.8764042814,-124.849375291,0,0,
5394,5394,2.6970000,291127,2697,18978.291,22378.2188,70.1461932331,-66.6931733048,0,0,
5395,5395,2.6975000,291128,2698,18963.8691,22275.5684,54.974212498,2.64919386419,0,0,
5396,5396,2.6980000,291128,2698,18951.127,22187.8203,41.6560999618,85.2306311861,0,0,
5397,5397,2.6985000,291129,2699,18944.2754,22118.1016,30.8350330368,167.811963598,0,0,
5398,5398,2.6990000,291129,2699,18936.9434,22047.4219,16.6172434231,232.743871253,0,0,
5399,5399,2.6995000,291130,2700,18922.8789,21965.9238,-4.25435365367,280.826055191,0,0,
5400,5400,2.7000000,291130,2700,18907.4941,21892.8418,-26.5308464979,325.070621873,0,0,
5401,5401,2.7005000,291131,2701,18890.9043,21820.4805,-39.8714712095,360.299575754,0,0,
5402,5402,2.7010000,291131,2701,18872.0332,21772.1582,-50.3759853988,412.827549469,0,0,
5403,5403,2.7015000,291132,2702,18857.0078,21739.4629,-53.4259701736,475.75452981,0,0,
5404,5404,2.7020000,291132,2702,18849.7949,21710.7363,-43.0659123869,537.083644486,0,0,
5405,5405,2.7025000,291133,2703,18845.3477,21658.8086,-37.9140217236,576.74179918,0,0,
5406,5406,2.7030000,291133,2703,18829.1211,21614.0918,-50.552476042,613.067866317,0,0,
5407,5407,2.7035000,291134,2704,18808.6855,21574.5449,-68.836835323,636.91821054,0,0,
5408,5408,2.7040000,291134,2704,18786.8105,21533.1973,-87.8454777353,651.5727104,0,0,
5409,5409,2.7045000,291135,2705,18754.3555,21482.832,-113.535136627,653.891487123,0,0,
5410,5410,2.7050000,291135,2705,18716.8516,21419.7246,-136.020960554,647.321536392,0,0,
5411,5411,2.7055000,291136,2706,18677.3047,21339.6699,-153.38751633,630.996557888,0,0,
5412,5412,2.7060000,291136,2706,18638.3594,21251.9219,-165.681754616,607.454310097,0,0,
5413,5413,2.7065000,291137,2707,18601.8184,21178.959,-170.841697042,595.902656444,0,0,
5414,5414,2.7070000,291137,2707,18564.6758,21132.4414,-175.290308352,605.767171687,0,0,
5415,5415,2.7075000,291138,2708,18527.6523,21097.4629,-177.795618829,609.268515041,0,0,
5416,5416,2.7080000,291138,2708,18500.4863,21053.9492,-171.279042363,596.215844582,0,0,
5417,5417,2.7085000,291139,2709,18479.0918,21008.0312,-159.596438807,575.751566171,0,0,
5418,5418,2.7090000,291139,2709,18468.3926,20957.9082,-133.655149826,541.259275724,0,0,
5419,5419,2.7095000,291140,2710,18460.3398,20899.4883,-110.808364595,497.55924882,0,0,
5420,5420,2.7100000,291140,2710,18454.9316,20837.9453,-88.8489627887,447.291117214,0,0,
5421,5421,2.7105000,291141,2711,18454.0879,20773.998,-66.2099677615,400.116604593,0,0,
5422,5422,2.7110000,291141,2711,18450.8438,20721.2285,-51.8091259092,368.855715548,0,0,
5423,5423,2.7115000,291142,2712,18449.1602,20678.0762,-42.9222966881,346.434915819,0,0,
5424,5424,2.7120000,291142,2712,18447.3574,20651.5098,-32.74378743,329.840076869,0,0,
5425,5425,2.7125000,291143,2713,18441.709,20623.623,-22.9278388246,307.504156547,0,0,
5426,5426,2.7130000,291143,2713,18440.3848,20572.0566,-8.36203253177,268.130027412,0,0,
5427,5427,2.7135000,291144,2714,18440.8672,20524.3379,0.645405137887,232.260971441,0,0,
5428,5428,2.7140000,291144,2714,18441.1074,20491.041,4.64696297585,212.211490173,0,0,
5429,5429,2.7145000,291145,2715,18439.5449,20461.1113,8.53827768751,191.389279845,0,0,
5430,5430,2.7150000,291145,2715,18439.5449,20447.2871,17.0150510326,177.590292986,0,0,
5431,5431,2.7155000,291146,2716,18435.8184,20453.5371,12.7414718645,173.82291188,0,0,
5432,5432,2.7160000,291146,2716,18432.0918,20473.7324,2.5280771775,175.509245544,0,0,
5433,5433,2.7165000,291147,2717,18425.7207,20516.6426,-13.1937477153,186.354603463,0,0,
5434,5434,2.7170000,291147,2717,18425.6016,20570.6152,-22.9758088493,199.087740454,0,0,
5435,5435,2.7175000,291148,2718,18427.5254,20619.1777,-29.0224034225,203.922938064,0,0,
5436,5436,2.7180000,291148,2718,18426.2012,20686.7305,-38.3327626526,213.193862393,0,0,
5437,5437,2.7185000,291149,2719,18424.2793,20782.291,-50.6258319768,222.421089723,0,0,
5438,5438,2.7190000,291149,2719,18423.1973,20888.4297,-63.1197179523,218.988970093,0,0,
5439,5439,2.7195000,291150,2720,18426.2012,20976.1777,-71.0833946899,188.061444148,0,0,
5440,5440,2.7200000,291150,2720,18423.918,21057.1934,-84.2092829645,137.206091669,0,0,
5441,5441,2.7205000,291151,2721,18424.3984,21131.4785,-87.0420421565,72.8073525117,0,0,
5442,5442,2.7210000,291151,2721,18421.7559,21206.8457,-88.9571180431,5.81872877639,0,0,
5443,5443,2.7215000,291152,2722,18423.5566,21278.127,-84.8571060025,-61.6986451474,0,0,
5444,5444,2.7220000,291152,2722,18427.1641,21349.7676,-75.3383339197,-122.521240906,0,0,
5445,5445,2.7225000,291153,2723,18431.8516,21418.1621,-70.5977720182,-173.139452256,0,0,
5446,5446,2.7230000,291153,2723,18430.0488,21494.6113,-74.7803177368,-218.090154336,0,0,
5447,5447,2.7235000,291154,2724,18434.2559,21577.3105,-75.2626321028,-264.497379357,0,0,
5448,5448,2.7240000,291154,2724,18433.5332,21652.6777,-80.9367446957,-315.19743657,0,0,
5449,5449,2.7245000,291155,2725,18438.8223,21713.8613,-79.549828018,-371.392960353,0,0,
5450,5450,2.7250000,291155,2725,18442.1895,21769.5137,-76.865388962,-419.601015061,0,0,
5451,5451,2.7255000,291156,2726,18450.7246,21815.5527,-68.1882440632,-461.952393028,0,0,
5452,5452,2.7260000,291156,2726,18457.4551,21850.291,-62.1065348423,-506.687783,0,0,
5453,5453,2.7265000,291157,2727,18464.3066,21876.8535,-55.8968011652,-553.524167301,0,0,
5454,5454,2.7270000,291157,2727,18468.5137,21910.6328,-53.6063558878,-588.088134591,0,0,
5455,5455,2.7275000,291158,2728,18475.4863,21937.6777,-49.7353961169,-628.980524178,0,0,
5456,5456,2.7280000,291158,2728,18476.9277,21960.2754,-53.3217450012,-664.1128042,0,0,
5457,5457,2.7285000,291159,2729,18475.3652,21988.4043,-59.0700399352,-685.169849375,0,0,
5458,5458,2.7290000,291159,2729,18469.8359,22006.3125,-62.9340355001,-711.245731115,0,0,
5459,5459,2.7295000,291160,2730,18473.3223,22020.7363,-59.3867455904,-729.731557983,0,0,
5460,5460,2.7300000,291160,2730,18476.9277,22037.5645,-55.4017795999,-739.876217911,0,0,
5461,5461,2.7305000,291161,2731,18483.0566,22047.1816,-49.200709303,-744.220374296,0,0,
5462,5462,2.7310000,291161,2731,18493.2754,22052.4707,-40.9896349683,-741.121368119,0,0,
5463,5463,2.7315000,291162,2732,18504.334,22042.1328,-35.9034133897,-742.172147154,0,0,
5464,5464,2.7320000,291162,2732,18514.6699,22018.8145,-28.5159983775,-749.923592953,0,0,
5465,5465,2.7325000,291163,2733,18525.1289,21984.5566,-16.5703875374,-753.864606759,0,0,
5466,5466,2.7330000,291163,2733,18534.7441,21938.7598,-4.26350931667,-745.796663373,0,0,
5467,5467,2.7335000,291164,2734,18550.6113,21900.4141,8.72558729126,-720.454118972,0,0,
5468,5468,2.7340000,291164,2734,18563.834,21873.25,16.3267890018,-675.882350402,0,0,
5469,5469,2.7345000,291165,2735,18578.8594,21845.8438,27.5780374473,-626.528104671,0,0,
5470,5470,2.7350000,291165,2735,18597.7305,21815.793,44.362492508,-579.211968872,0,0,
5471,5471,2.7355000,291166,2736,18615.041,21788.3867,52.3146089301,-528.613894027,0,0,
5472,5472,2.7360000,291166,2736,18635.5957,21760.7402,57.3156589123,-474.388515171,0,0,
5473,5473,2.7365000,291167,2737,18655.3086,21733.6934,57.9971955559,-419.371767348,0,0,
5474,5474,2.7370000,291167,2737,18673.0977,21715.9043,55.2011382132,-351.135086486,0,0,
5475,5475,2.7375000,291168,2738,18693.8926,21695.5898,56.0785739458,-275.664463384,0,0,
5476,5476,2.7380000,291168,2738,18710.8418,21673.2324,53.5808717765,-205.049177009,0,0,
5477,5477,2.7385000,291169,2739,18718.8945,21646.668,41.8075769965,-150.067527751,0,0,
5478,5478,2.7390000,291169,2739,18731.998,21622.1465,34.462994859,-98.1870848633,0,0,
5479,5479,2.7395000,291170,2740,18739.4492,21599.1875,23.1482756338,-39.3742647787,0,0,
5480,5480,2.7400000,291170,2740,18740.7715,21575.0273,8.9262482122,14.7356185698,0,0,
5481,5481,2.7405000,291171,2741,18748.584,21544.0137,7.64337866625,61.7639051847,0,0,
5482,5482,2.7410000,291171,2741,18751.4707,21509.0352,6.4610295855,104.83786112,0,0,
5483,5483,2.7415000,291172,2742,18757.3594,21479.7051,9.86516634839,156.897436894,0,0,
5484,5484,2.7420000,291172,2742,18754.9551,21451.0977,10.4682044686,213.007401564,0,0,
5485,5485,2.7425000,291173,2743,18753.5137,21413.3535,9.7597578466,269.77555345,0,0,
5486,5486,2.7430000,291173,2743,18750.6289,21375.3711,8.23483278892,321.74510299,0,0,
5487,5487,2.7435000,291174,2744,18747.3828,21343.2754,5.50508019509,370.148845274,0,0,
5488,5488,2.7440000,291174,2744,18740.7715,21323.4434,1.77515281321,427.883011524,0,0,
5489,5489,2.7445000,291175,2745,18730.0742,21318.0332,-3.1962868762,496.940129474,0,0,
5490,5490,2.7450000,291175,2745,18719.0156,21349.6465,-3.10538177577,593.888124013,0,0,
5491,5491,2.7455000,291176,2746,18711.2012,21410.709,2.26545801336,707.01550779,0,0,
5492,5492,2.7460000,291176,2746,18703.2676,21489.8027,8.95427419501,816.203762764,0,0,
5493,5493,2.7465000,291177,2747,18694.6152,21586.3262,16.4238634591,915.394190165,0,0,
5494,5494,2.7470000,291177,2747,18691.8496,21672.8711,28.836196892,979.434454329,0,0,
5495,5495,2.7475000,291178,2748,18685.5996,21746.0762,36.8750847989,1007.81705191,0,0,
5496,5496,2.7480000,291178,2748,18676.4629,21812.1855,41.5075082437,1016.77667367,0,0,
5497,5497,2.7485000,291179,2749,18664.2031,21870.125,44.0533059912,1006.52257335,0,0,
5498,5498,2.7490000,291179,2749,18653.3848,21920.127,52.0728925876,979.004291398,0,0,
5499,5499,2.7495000,291180,2750,18647.4941,21955.1074,61.2562527323,934.234227391,0,0,
5500,5500,2.7500000,291180,2750,18638.7207,21992.9707,67.6559313613,885.983365536,0,0,
5501,5501,2.7505000,291181,2751,18625.498,22028.0703,69.9576515461,836.512362067,0,0,
5502,5502,2.7510000,291181,2751,18615.2812,22043.4551,73.8581608084,771.50230322,0,0,
5503,5503,2.7515000,291182,2752,18605.5449,22046.1016,75.821780292,700.292628259,0,0,
5504,5504,2.7520000,291182,2752,18597.3691,22051.5098,82.137058244,631.478732476,0,0,
5505,5505,2.7525000,291183,2753,18587.7539,22061.125,90.9011882491,570.978304195,0,0,
5506,5506,2.7530000,291183,2753,18574.0508,22062.4473,97.5616593719,514.133564773,0,0,
5507,5507,2.7535000,291184,2754,18557.8242,22057.2793,98.3469008787,452.017677011,0,0,
5508,5508,2.7540000,291184,2754,18540.0332,22048.2637,97.7148743692,389.030311657,0,0,
5509,5509,2.7545000,291185,2755,18527.8926,22041.6543,104.560431909,331.462184706,0,0,
5510,5510,2.7550000,291185,2755,18514.791,22019.2949,112.458243083,261.299972793,0,0,
5511,5511,2.7555000,291186,2756,18501.0879,21998.9824,115.286065577,195.721570695,0,0,
5512,5512,2.7560000,291186,2756,18481.6152,21960.0371,109.280264569,121.058720286,0,0,
5513,5513,2.7565000,291187,2757,18468.873,21924.5762,108.086011942,55.6567016975,0,0,
5514,5514,2.7570000,291187,2757,18455.0508,21874.6934,105.273838183,-12.6219153451,0,0,
5515,5515,2.7575000,291188,2758,18444.5918,21802.9316,105.823644896,-80.9724095188,0,0,
5516,5516,2.7580000,291188,2758,18434.4961,21707.6113,107.031735722,-157.889229327,0,0,
5517,5517,2.7585000,291189,2759,18429.6875,21615.6543,111.385807015,-225.634327745,0,0,
5518,5518,2.7590000,291189,2759,18426.8027,21528.1484,113.355728051,-280.964202478,0,0,
5519,5519,2.7595000,291190,2760,18425.4805,21417.4414,115.409952432,-339.20585731,0,0,
5520,5520,2.7600000,291190,2760,18431.3711,21311.7832,122.264349672,-381.20233657,0,0,
5521,5521,2.7605000,291191,2761,18431.3711,21207.3262,123.817908277,-409.815588453,0,0,
5522,5522,2.7610000,291191,2761,18428.4863,21097.2207,124.223020995,-432.924944359,0,0,
5523,5523,2.7615000,291192,2762,18421.9941,20981.1074,120.037251654,-448.845590618,0,0,
5524,5524,2.7620000,291192,2762,18412.498,20857.0566,116.455279843,-457.895363289,0,0,
5525,5525,2.7625000,291193,2763,18405.7676,20735.5332,111.113513507,-445.908211663,0,0,
5526,5526,2.7630000,291193,2763,18396.6328,20624.3457,102.144934028,-421.267308022,0,0,
5527,5527,2.7635000,291194,2764,18390.623,20567.1289,93.2887323262,-355.465223866,0,0,
5528,5528,2.7640000,291194,2764,18381.3672,20540.4434,81.6469689645,-271.239509068,0,0,
5529,5529,2.7645000,291195,2765,18371.9902,20461.9512,70.4158938607,-237.803822017,0,0,
5530,5530,2.7650000,291195,2765,18370.5488,20438.752,67.696887313,-161.556121166,0,0,
5531,5531,2.7655000,291196,2766,18364.7793,20472.6504,59.7820168114,-48.053401149,0,0,
5532,5532,2.7660000,291196,2766,18356.7246,20472.2891,49.6891385684,17.306422397,0,0,
5533,5533,2.7665000,291197,2767,18352.2773,20470.4863,42.9033090948,66.1679725029,0,0,
5534,5534,2.7670000,291197,2767,18346.748,20469.2832,33.1243497464,104.874259211,0,0,
5535,5535,2.7675000,291198,2768,18339.416,20454.7402,21.431983422,121.663292305,0,0,
5536,5536,2.7680000,291198,2768,18332.3242,20410.3848,9.60855416854,110.45934574,0,0,
5537,5537,2.7685000,291199,2769,18324.3906,20346.7988,-2.36281018411,84.1496838182,0,0,
5538,5538,2.7690000,291199,2769,18324.0293,20292.9473,-5.56032600396,68.3119799637,0,0,
5539,5539,2.7695000,291200,2770,18325.5918,20248.7129,-11.6120985539,64.2726392359,0,0,
5540,5540,2.7700000,291200,2770,18331.3613,20200.873,-14.6766057066,52.8471041382,0,0,
5541,5541,2.7705000,291201,2771,18336.7715,20186.207,-19.2186953249,70.906265647,0,0,
5542,5542,2.7710000,291201,2771,18348.1895,20201.1113,-21.9439497798,111.157624529,0,0,
5543,5543,2.7715000,291202,2772,18369.3457,20250.2754,-20.7549078964,170.926114451,0,0,
5544,5544,2.7720000,291202,2772,18398.916,20329.9688,-13.7853947127,234.639371322,0,0,
5545,5545,2.7725000,291203,2773,18430.4082,20424.0879,-5.99960179944,290.150344254,0,0,
5546,5546,2.7730000,291203,2773,18461.9023,20519.5293,-0.374906356047,334.01183466,0,0,
5547,5547,2.7735000,291204,2774,18493.1543,20613.166,-1.42808237501,356.022447724,0,0,
5548,5548,2.7740000,291204,2774,18522.0039,20691.5391,-7.84220871979,348.461338319,0,0,
5549,5549,2.7745000,291205,2775,18545.9238,20757.7695,-19.5679142962,318.285289914,0,0,
5550,5550,2.7750000,291205,2775,18573.8105,20806.8125,-26.7845674697,266.331333848,0,0,
5551,5551,2.7755000,291206,2776,18600.7363,20846.5996,-39.1559070388,200.196910313,0,0,
5552,5552,2.7760000,291206,2776,18629.4648,20872.5645,-52.8413840563,125.418272332,0,0,
5553,5553,2.7765000,291207,2777,18659.5156,20894.5605,-68.4245056056,46.9876930445,0,0,
5554,5554,2.7770000,291207,2777,18681.1504,20920.7637,-91.176577369,-21.3465593998,0,0,
5555,5555,2.7775000,291208,2778,18706.0332,20951.2949,-109.738481898,-73.6753570685,0,0,
5556,5556,2.7780000,291208,2778,18729.1113,20974.7363,-127.778418822,-128.080576104,0,0,
5557,5557,2.7785000,291209,2779,18745.7012,20993.8477,-150.580509004,-191.269306147,0,0,
5558,5558,2.7790000,291209,2779,18758.6816,21002.8633,-175.426028404,-263.120447624,0,0,
5559,5559,2.7795000,291210,2780,18764.8125,20994.209,-201.916563111,-335.707509186,0,0,
5560,5560,2.7800000,291210,2780,18775.1504,20981.2266,-220.797389356,-405.770705293,0,0,
5561,5561,2.7805000,291211,2781,18784.6465,20965.5996,-233.578075366,-468.496655949,0,0,
5562,5562,2.7810000,291211,2781,18791.0176,20951.1758,-242.62220436,-520.167200059,0,0,
5563,5563,2.7815000,291212,2782,18798.5898,20945.166,-246.964687971,-554.013918808,0,0,
5564,5564,2.7820000,291212,2782,18798.9512,20936.752,-250.965136891,-579.386430031,0,0,
5565,5565,2.7825000,291213,2783,18794.3828,20931.9434,-258.853945397,-588.779156807,0,0,
5566,5566,2.7830000,291213,2783,18793.541,20920.7637,-259.987582662,-602.564519523,0,0,
5567,5567,2.7835000,291214,2784,18796.0645,20912.7109,-257.697110876,-621.86883925,0,0,
5568,5568,2.7840000,291214,2784,18790.0547,20900.3301,-259.122755857,-642.662638638,0,0,
5569,5569,2.7845000,291215,2785,18778.1543,20896.123,-261.501135962,-638.281442039,0,0,
5570,5570,2.7850000,291215,2785,18770.1016,20884.4629,-256.424953542,-644.969403518,0,0,
5571,5571,2.7855000,291216,2786,18763.8496,20873.8848,-246.355669933,-650.869746928,0,0,
5572,5572,2.7860000,291216,2786,18761.9277,20866.9141,-230.123307251,-639.924553143,0,0,
5573,5573,2.7865000,291217,2787,18754.4746,20858.1387,-217.599567715,-626.809858914,0,0,
5574,5574,2.7870000,291217,2787,18750.9902,20847.8027,-201.008197795,-609.413866354,0,0,
5575,5575,2.7875000,291218,2788,18749.4277,20836.1426,-181.846157272,-586.781981152,0,0,
5576,5576,2.7880000,291218,2788,18745.2207,20805.8516,-164.945886711,-567.969548875,0,0,
5577,5577,2.7885000,291219,2789,18739.3301,20780.248,-148.353156888,-535.557610924,0,0,
5578,5578,2.7890000,291219,2789,18723.1035,20757.6504,-138.783935316,-498.90962737,0,0,
5579,5579,2.7895000,291220,2790,18716.9707,20740.2207,-121.575566091,-454.285277059,0,0,
5580,5580,2.7900000,291220,2790,18722.7422,20717.3809,-94.4500295451,-414.489219261,0,0,
5581,5581,2.7905000,291221,2791,18736.8066,20694.9043,-61.8990249416,-375.334573613,0,0,
5582,5582,2.7910000,291221,2791,18756.0371,20677.3535,-30.6415425881,-330.799455296,0,0,
5583,5583,2.7915000,291222,2792,18762.2871,20672.666,-16.4627497505,-277.185088541,0,0,
5584,5584,2.7920000,291222,2792,18763.8496,20678.916,-6.14530247775,-223.189803545,0,0,
5585,5585,2.7925000,291223,2793,18766.4941,20690.2168,8.09694632145,-168.639983683,0,0,
5586,5586,2.7930000,291223,2793,18772.3848,20699.3516,26.6751362803,-111.969335455,0,0,
5587,5587,2.7935000,291224,2794,18779.1172,20702.8379,43.0669135047,-63.075711357,0,0,
5588,5588,2.7940000,291224,2794,18776.4727,20704.8809,51.1375188399,-15.2257601848,0,0,
5589,5589,2.7945000,291225,2795,18767.2168,20714.7363,55.9728477847,37.6876410725,0,0,
5590,5590,2.7950000,291225,2795,18761.3262,20720.1465,66.0178769915,85.4990670657,0,0,
5591,5591,2.7955000,291226,2796,18755.4355,20719.1855,74.4264631711,123.075312646,0,0,
5592,5592,2.7960000,291226,2796,18750.9902,20733.1289,82.5406804639,174.452713771,0,0,
5593,5593,2.7965000,291227,2797,18738.3691,20746.3496,82.1819597853,217.506775358,0,0,
5594,5594,2.7970000,291227,2797,18728.873,20748.3945,87.3769913056,247.696356041,0,0,
5595,5595,2.7975000,291228,2798,18736.6855,20746.9512,106.635794488,278.689226334,0,0,
5596,5596,2.7980000,291228,2798,18749.0664,20737.5762,128.125023607,302.974596416,0,0,
5597,5597,2.7985000,291229,2799,18751.2285,20736.9746,138.436696153,326.362520136,0,0,
5598,5598,2.7990000,291229,2799,18748.2246,20748.2734,142.325019043,353.604899429,0,0,
5599,5599,2.7995000,291230,2800,18757.8418,20750.6777,157.421231313,376.596733016,0,0,
5600,5600,2.8000000,291230,2800,18787.0488,20720.8672,184.46595005,367.422659748,0,0,
5601,5601,2.8005000,291231,2801,18815.7793,20694.4238,207.938938087,362.808385461,0,0,
5602,5602,2.8010000,291231,2801,18833.4473,20684.2051,219.963997693,372.052489763,0,0,
5603,5603,2.8015000,291232,2802,18860.0137,20679.1582,236.009203871,383.475332936,0,0,
5604,5604,2.8020000,291232,2802,18904.248,20670.8633,265.608633153,392.711933415,0,0,
5605,5605,2.8025000,291233,2803,18951.8477,20647.1836,288.319907321,391.773257724,0,0,
5606,5606,2.8030000,291233,2803,18994.6387,20623.9844,298.699000803,389.058905448,0,0,
5607,5607,2.8035000,291234,2804,19006.2988,20629.3926,275.882946347,397.556533739,0,0,
5608,5608,2.8040000,291234,2804,19022.6465,20638.7695,259.607371248,402.401456582,0,0,
5609,5609,2.8045000,291235,2805,19052.8184,20641.0527,255.186558259,405.123582445,0,0,
5610,5610,2.8050000,291235,2805,19101.5,20653.916,262.231646468,407.240171185,0,0,
5611,5611,2.8055000,291236,2806,19145.4941,20672.1855,259.986205854,404.512110179,0,0,
5612,5612,2.8060000,291236,2806,19170.7363,20680.9609,238.198246684,395.791268718,0,0,
5613,5613,2.8065000,291237,2807,19182.877,20680.7207,206.392032885,377.345622748,0,0,
5614,5614,2.8070000,291237,2807,19189.3672,20666.416,170.765053985,348.46259257,0,0,
5615,5615,2.8075000,291238,2808,19170.9766,20663.0508,118.140060218,332.468212566,0,0,
5616,5616,2.8080000,291238,2808,19123.377,20676.6328,49.5297997925,338.937535576,0,0,
5617,5617,2.8085000,291239,2809,19054.6211,20697.0684,-23.6971967183,348.986176944,0,0,
5618,5618,2.8090000,291239,2809,19006.9004,20681.6816,-63.5796574813,322.859051685,0,0,
5619,5619,2.8095000,291240,2810,18992.5957,20698.1504,-71.7980850464,324.147122898,0,0,
5620,5620,2.8100000,291240,2810,18997.1641,20774.5996,-64.4593430623,369.354357989,0,0,
5621,5621,2.8105000,291241,2811,19007.9824,20853.0918,-53.7758710772,399.765535717,0,0,
5622,5622,2.8110000,291241,2811,19003.7754,20906.2207,-59.3560962923,396.095768633,0,0,
5623,5623,2.8115000,291242,2812,18959.1797,20947.209,-96.0699738354,372.718702312,0,0,
5624,5624,2.8120000,291242,2812,18912.4199,20972.4512,-124.923321277,326.891175243,0,0,
5625,5625,2.8125000,291243,2813,18891.8672,21000.0977,-122.906501626,283.358634351,0,0,
5626,5626,2.8130000,291243,2813,18872.6348,20995.7715,-116.705416855,221.974708783,0,0,
5627,5627,2.8135000,291244,2814,18846.9121,20990.6035,-115.798473695,167.911348024,0,0,
5628,5628,2.8140000,291244,2814,18832.7266,21004.666,-101.331244833,137.81777739,0,0,
5629,5629,2.8145000,291245,2815,18823.832,21013.4395,-80.595927152,105.223847792,0,0,
5630,5630,2.8150000,291245,2815,18805.9219,21016.084,-68.4830664943,73.4553841518,0,0,
5631,5631,2.8155000,291246,2816,18784.166,20945.4062,-61.1314182485,-14.1474774646,0,0,
5632,5632,2.8160000,291246,2816,18770.3418,20797.5566,-48.4718409867,-147.258759826,0,0,
5633,5633,2.8165000,291247,2817,18768.6582,20583.3574,-27.0837982074,-307.627816735,0,0,
5634,5634,2.8170000,291247,2817,18762.5293,20367.4727,-11.7555722863,-430.159927808,0,0,
5635,5635,2.8175000,291248,2818,18751.5898,20279.3652,-5.63399324443,-411.964909313,0,0,
5636,5636,2.8180000,291248,2818,18736.5645,20276.2383,-3.12159971001,-316.827773665,0,0,
5637,5637,2.8185000,291249,2819,18745.5801,20274.6758,21.0178612369,-238.095231367,0,0,
5638,5638,2.8190000,291249,2819,18761.6875,20267.8242,46.5181318326,-177.909925176,0,0,
5639,5639,2.8195000,291250,2820,18776.7129,20281.7676,64.7278046491,-101.305589137,0,0,
5640,5640,2.8200000,291250,2820,18788.4922,20313.1406,71.8787317283,-19.3620530391,0,0,
5641,5641,2.8205000,291251,2821,18812.6543,20396.6816,88.6489507329,88.5917260723,0,0,
5642,5642,2.8210000,291251,2821,18845.8301,20485.752,112.13765177,175.247339769,0,0,
5643,5643,2.8215000,291252,2822,18854.9648,20543.3281,108.528107778,214.879347237,0,0,
5644,5644,2.8220000,291252,2822,18816.0176,20568.9316,65.2509769972,219.064332604,0,0,
5645,5645,2.8225000,291253,2823,18769.5,20594.416,21.5172315756,223.253093253,0,0,
5646,5646,2.8230000,291253,2823,18732.959,20643.9395,-5.84267217019,238.814585076,0,0,
5647,5647,2.8235000,291254,2824,18714.9277,20687.5723,-9.54809920438,226.143109542,0,0,
5648,5648,2.8240000,291254,2824,18705.793,20734.0898,-4.45634861231,207.69041499,0,0,
5649,5649,2.8245000,291255,2825,18703.1484,20785.7773,3.49747247755,196.158124466,0,0,
5650,5650,2.8250000,291255,2825,18708.6777,20822.0781,12.8408375998,160.302433546,0,0,
5651,5651,2.8255000,291256,2826,18705.4316,20850.5664,13.73360119,112.248080233,0,0,
5652,5652,2.8260000,291256,2826,18708.0762,20880.9785,21.5102510335,73.3456361519,0,0,
5653,5653,2.8265000,291257,2827,18699.543,20911.3887,20.7270676395,36.5132523753,0,0,
5654,5654,2.8270000,291257,2827,18688.3633,20944.4434,16.9549603451,5.8421349892,0,0,
5655,5655,2.8275000,291258,2828,18669.1309,20978.8223,10.4515128967,-24.0283550189,0,0,
5656,5656,2.8280000,291258,2828,18655.9082,21005.627,14.0642865466,-55.2868381565,0,0,
5657,5657,2.8285000,291259,2829,18643.2871,21018.4902,20.325197124,-95.3840060322,0,0,
5658,5658,2.8290000,291259,2829,18622.6133,21021.7344,15.8512729148,-134.710238061,0,0,
5659,5659,2.8295000,291260,2830,18606.0254,21024.3789,5.73209590178,-175.130878714,0,0,
5660,5660,2.8300000,291260,2830,18598.332,21032.9141,-1.2735300422,-215.327124769,0,0,
5661,5661,2.8305000,291261,2831,18594.7266,21037.8418,-6.62220748626,-254.258752777,0,0,
5662,5662,2.8310000,291261,2831,18599.7754,21039.2832,-4.73100069017,-285.867143251,0,0,
5663,5663,2.8315000,291262,2832,18603.7402,21028.4668,0.940489828802,-322.011895809,0,0,
5664,5664,2.8320000,291262,2832,18603.3809,21022.4551,1.55079103112,-349.429302421,0,0,
5665,5665,2.8325000,291263,2833,18593.8848,21016.5664,-9.77584181175,-371.55511749,0,0,
5666,5666,2.8330000,291263,2833,18581.623,21023.5371,-21.8782786513,-366.758472558,0,0,
5667,5667,2.8335000,291264,2834,18580.4219,21047.2168,-23.9033595491,-345.51522995,0,0,
5668,5668,2.8340000,291264,2834,18579.5801,21084.2402,-26.9022458617,-316.280293307,0,0,
5669,5669,2.8345000,291265,2835,18582.3457,21133.7637,-26.5921836217,-279.454051541,0,0,
5670,5670,2.8350000,291265,2835,18588.7168,21185.5703,-22.791072156,-242.649974528,0,0,
5671,5671,2.8355000,291266,2836,18604.1016,21224.5176,-14.2895364563,-209.807115756,0,0,
5672,5672,2.8360000,291266,2836,18626.3398,21267.6699,-6.16705618924,-165.668013512,0,0,
5673,5673,2.8365000,291267,2837,18642.8066,21309.6191,-8.46160363672,-121.14009209,0,0,
5674,5674,2.8370000,291267,2837,18644.3691,21366.9551,-23.2627301313,-71.2010831902,0,0,
5675,5675,2.8375000,291268,2838,18662.4004,21446.291,-25.5519812764,-31.4734324624,0,0,
5676,5676,2.8380000,291268,2838,18671.7754,21529.4707,-35.5114035107,-9.87564289451,0,0,
5677,5677,2.8385000,291269,2839,18670.0918,21630.8008,-56.5100844129,14.2729923206,0,0,
5678,5678,2.8390000,291269,2839,18647.2539,21735.6172,-92.7869573224,30.3597744759,0,0,
5679,5679,2.8395000,291270,2840,18618.5254,21834.3027,-127.897318898,36.4958511554,0,0,
5680,5680,2.8400000,291270,2840,18603.7402,21919.4062,-147.312359688,25.9794984289,0,0,
5681,5681,2.8405000,291271,2841,18607.1074,21993.8125,-147.849416479,-4.85360493297,0,0,
5682,5682,2.8410000,291271,2841,18627.3008,22076.1504,-131.845625437,-30.6171266603,0,0,
5683,5683,2.8415000,291272,2842,18655.0684,22140.459,-108.932104358,-65.063934946,0,0,
5684,5684,2.8420000,291272,2842,18663.3613,22181.3281,-97.4179156929,-106.940870859,0,0,
5685,5685,2.8425000,291273,2843,18660.8379,22206.9316,-96.4686285496,-149.870702061,0,0,
5686,5686,2.8430000,291273,2843,18644.1289,22238.5449,-108.125235056,-185.501235357,0,0,
5687,5687,2.8435000,291274,2844,18625.8574,22274.4844,-118.346000955,-220.717086665,0,0,
5688,5688,2.8440000,291274,2844,18606.2656,22297.8047,-127.304777712,-261.702632133,0,0,
5689,5689,2.8445000,291275,2845,18589.6777,22322.5645,-132.730762421,-287.403958742,0,0,
5690,5690,2.8450000,291275,2845,18587.3926,22331.9434,-127.85141681,-320.497879069,0,0,
5691,5691,2.8455000,291276,2846,18584.3887,22336.3906,-120.475761848,-350.476859724,0,0,
5692,5692,2.8460000,291276,2846,18585.8301,22351.5332,-107.773748617,-357.472521148,0,0,
5693,5693,2.8465000,291277,2847,18584.1484,22367.1621,-94.2670197721,-356.537507797,0,0,
5694,5694,2.8470000,291277,2847,18579.0996,22383.1484,-84.157590201,-347.688238224,0,0,
5695,5695,2.8475000,291278,2848,18575.252,22390.7207,-69.075680624,-341.658483505,0,0,
5696,5696,2.8480000,291278,2848,18572.4883,22398.4141,-51.8465939678,-325.294397323,0,0,
5697,5697,2.8485000,291279,2849,18571.0449,22402.7422,-32.8333911625,-304.530869186,0,0,
5698,5698,2.8490000,291279,2849,18569.2441,22405.2656,-17.1350972804,-276.550111377,0,0,
5699,5699,2.8495000,291280,2850,18566.3574,22417.7656,-12.3433636687,-242.466595874,0,0,
5700,5700,2.8500000,291280,2850,18565.5176,22433.0312,-11.7166600867,-214.401744333,0,0,
5701,5701,2.8505000,291281,2851,18563.834,22438.2012,-13.5727902581,-193.730551748,0,0,
5702,5702,2.8510000,291281,2851,18564.1934,22446.1348,-13.999836379,-164.325776513,0,0,
5703,5703,2.8515000,291282,2852,18564.0742,22446.4941,-8.91875324173,-138.178359929,0,0,
5704,5704,2.8520000,291282,2852,18563.834,22441.4453,-2.83493166458,-117.59326012,0,0,
5705,5705,2.8525000,291283,2853,18560.709,22435.1953,-0.54023544973,-96.2902963513,0,0,
5706,5706,2.8530000,291283,2853,18558.666,22434.7168,3.67826667406,-61.5868152692,0,0,
5707,5707,2.8535000,291284,2854,18558.4238,22445.4141,7.22597858672,-19.4467043137,0,0,
5708,5708,2.8540000,291284,2854,18557.1035,22464.1641,9.30513556331,24.3314115819,0,0,
5709,5709,2.8545000,291285,2855,18553.4961,22487.9629,9.87680369012,68.3071040473,0,0,
5710,5710,2.8550000,291285,2855,18554.5781,22508.2793,15.6083127407,108.711050625,0,0,
5711,5711,2.8555000,291286,2856,18550.1309,22533.041,14.4572787348,161.513618053,0,0,
5712,5712,2.8560000,291286,2856,18552.0547,22558.1641,16.0604389185,218.249000411,0,0,
5713,5713,2.8565000,291287,2857,18555.4199,22581.8438,18.2469518431,273.663292061,0,0,
5714,5714,2.8570000,291287,2857,18558.666,22601.1953,23.7436772086,315.922862303,0,0,
5715,5715,2.8575000,291288,2858,18559.0254,22625.3574,22.1134018824,337.927004336,0,0,
5716,5716,2.8580000,291288,2858,18553.6172,22646.2715,18.6489106967,344.005961677,0,0,
5717,5717,2.8585000,291289,2859,18561.3105,22661.7793,26.9542920175,337.813582307,0,0,
5718,5718,2.8590000,291289,2859,18574.291,22671.3926,40.9975470081,325.599366981,0,0,
5719,5719,2.8595000,291290,2860,18577.5371,22685.8184,45.0790760964,322.63619396,0,0,
5720,5720,2.8600000,291290,2860,18576.8164,22709.7402,40.8548034609,330.127170174,0,0,
5721,5721,2.8605000,291291,2861,18580.0605,22731.7344,37.6234897673,328.598770679,0,0,
5722,5722,2.8610000,291291,2861,18587.6348,22752.5312,37.6160387614,321.860344292,0,0,
5723,5723,2.8615000,291292,2862,18593.4043,22765.3926,37.8215698893,315.830290075,0,0,
5724,5724,2.8620000,291292,2862,18601.9375,22770.6816,50.4810068037,314.026429376,0,0,
5725,5725,2.8625000,291293,2863,18611.4336,22769.1172,63.4810018712,312.625938456,0,0,
5726,5726,2.8630000,291293,2863,18616.6035,22777.7734,71.596622285,313.647607831,0,0,
5727,5727,2.8635000,291294,2864,18620.8105,22784.2637,77.0602219468,302.662266758,0,0,
5728,5728,2.8640000,291294,2864,18624.1758,22781.8594,79.9533798006,284.597025122,0,0,
5729,5729,2.8645000,291295,2865,18631.1465,22775.9688,82.505900601,268.934187015,0,0,
5730,5730,2.8650000,291295,2865,18638.9609,22770.5605,79.0743349595,255.645198833,0,0,
5731,5731,2.8655000,291296,2866,18641.6055,22765.752,73.4393464451,242.297681623,0,0,
5732,5732,2.8660000,291296,2866,18647.6152,22770.9219,71.4409921632,239.316490117,0,0,
5733,5733,2.8665000,291297,2867,18648.6973,22777.1719,69.0876489536,236.603068706,0,0,
5734,5734,2.8670000,291297,2867,18649.418,22789.1934,67.2044203628,238.57253591,0,0,
5735,5735,2.8675000,291298,2868,18650.9805,22790.5156,69.1602976011,230.167190322,0,0,
5736,5736,2.8680000,291298,2868,18647.7363,22776.4512,68.3262573192,212.31938444,0,0,
5737,5737,2.8685000,291299,2869,18657.832,22749.1641,79.8671779107,188.206712294,0,0,
5738,5738,2.8690000,291299,2869,18665.8848,22720.1953,86.4676462587,170.130096206,0,0,
5739,5739,2.8695000,291300,2870,18673.2188,22705.8926,84.1634481019,160.945679819,0,0,
5740,5740,2.8700000,291300,2870,18683.3145,22689.3047,78.6214763131,142.435194898,0,0,
5741,5741,2.8705000,291301,2871,18691.6094,22670.791,69.7971706766,125.217682529,0,0,
5742,5742,2.8710000,291301,2871,18702.668,22653.4844,62.4182450868,112.938831623,0,0,
5743,5743,2.8715000,291302,2872,18708.7988,22640.3828,55.5131013403,107.301107195,0,0,
5744,5744,2.8720000,291302,2872,18713.6074,22649.5176,48.9729507377,117.362962619,0,0,
5745,5745,2.8725000,291303,2873,18716.4902,22686.4199,40.9222328292,144.73705698,0,0,
5746,5746,2.8730000,291303,2873,18716.7324,22738.8281,31.9345506174,179.85721934,0,0,
5747,5747,2.8735000,291304,2874,18723.7031,22799.7715,27.5480520455,207.719901956,0,0,
5748,5748,2.8740000,291304,2874,18727.5488,22865.6406,20.5608165137,225.287371187,0,0,
5749,5749,2.8745000,291305,2875,18735.002,22934.998,17.7085361226,234.568142129,0,0,
5750,5750,2.8750000,291305,2875,18741.8535,22995.4609,14.2297539582,230.920195171,0,0,
5751,5751,2.8755000,291306,2876,18746.1816,23061.5703,8.2393190907,234.388571979,0,0,
5752,5752,2.8760000,291306,2876,18751.3496,23142.4668,-0.0151324759285,249.542082836,0,0,
5753,5753,2.8765000,291307,2877,18754.1152,23231.6582,-9.89144385133,266.710673462,0,0,
5754,5754,2.8770000,291307,2877,18748.2246,23317.123,-22.3932875904,268.438009021,0,0,
5755,5755,2.8775000,291308,2878,18742.6953,23395.373,-34.9799889229,239.931361595,0,0,
5756,5756,2.8780000,291308,2878,18742.5762,23465.3301,-37.925375183,193.412318314,0,0,
5757,5757,2.8785000,291309,2879,18737.8867,23524.8301,-45.8061667561,133.387866897,0,0,
5758,5758,2.8790000,291309,2879,18740.8926,23590.584,-44.1344889102,80.1112770892,0,0,
5759,5759,2.8795000,291310,2880,18737.0449,23666.791,-45.7718531984,38.7499363523,0,0,
5760,5760,2.8800000,291310,2880,18731.6367,23749.4902,-50.5451883327,2.88348258461,0,0,
5761,5761,2.8805000,291311,2881,18723.584,23831.5879,-58.9168970534,-38.3532421334,0,0,
5762,5762,2.8810000,291311,2881,18724.1836,23908.877,-59.2714501296,-85.645752681,0,0,
5763,5763,2.8815000,291312,2882,18723.8223,23984.7266,-57.8041124745,-125.057399514,0,0,
5764,5764,2.8820000,291312,2882,18724.666,24061.1738,-46.9938187001,-153.256135937,0,0,
5765,5765,2.8825000,291313,2883,18732.8379,24130.291,-29.9372448928,-181.277411568,0,0,
5766,5766,2.8830000,291313,2883,18743.7773,24204.3359,-11.4553906249,-210.802409363,0,0,
5767,5767,2.8835000,291314,2884,18743.416,24274.4141,-5.04695554686,-249.138126546,0,0,
5768,5768,2.8840000,291314,2884,18744.0176,24347.1387,1.08794103775,-281.035354145,0,0,
5769,5769,2.8845000,291315,2885,18737.5254,24405.5547,-1.72332056791,-318.789278489,0,0,
5770,5770,2.8850000,291315,2885,18727.791,24448.3457,-10.7900706398,-364.402491129,0,0,
5771,5771,2.8855000,291316,2886,18718.7754,24496.9082,-14.5829007286,-399.741557419,0,0,
5772,5772,2.8860000,291316,2886,18710.6016,24551.7207,-16.5492338207,-424.824199762,0,0,
5773,5773,2.8865000,291317,2887,18701.1055,24622.6406,-14.6399541419,-432.084236198,0,0,
5774,5774,2.8870000,291317,2887,18696.7773,24686.3496,-7.47130028021,-443.436965526,0,0,
5775,5775,2.8875000,291318,2888,18690.8887,24745.4863,0.178854619549,-453.158538625,0,0,
5776,5776,2.8880000,291318,2888,18673.9395,24814.002,0.372696273717,-446.819664608,0,0,
5777,5777,2.8885000,291319,2889,18660.8379,24876.2676,3.64147456576,-440.697514899,0,0,
5778,5778,2.8890000,291319,2889,18661.6777,24927.1152,18.23766961,-439.344299012,0,0,
5779,5779,2.8895000,291320,2890,18654.3457,24988.416,19.0143265279,-433.905511954,0,0,
5780,5780,2.8900000,291320,2890,18628.2637,25066.5488,0.493584968434,-419.175389766,0,0,
5781,5781,2.8905000,291321,2891,18604.2207,25133.623,-13.2938566493,-412.739882602,0,0,
5782,5782,2.8910000,291321,2891,18598.4512,25187.5938,-10.394650179,-413.851932774,0,0,
5783,5783,2.8915000,291322,2892,18612.6367,25234.5918,12.8226455552,-415.937646937,0,0,
5784,5784,2.8920000,291322,2892,18623.4551,25310.5605,30.1403080893,-395.535053125,0,0,
5785,5785,2.8925000,291323,2893,18614.4395,25410.5684,28.0674866854,-361.325676902,0,0,
5786,5786,2.8930000,291323,2893,18609.3906,25510.2168,30.2911076999,-330.259155543,0,0,
5787,5787,2.8935000,291324,2894,18633.3105,25604.5762,52.6207771347,-310.140716358,0,0,
5788,5788,2.8940000,291324,2894,18649.7793,25719.9688,64.1432700788,-277.465883104,0,0,
5789,5789,2.8945000,291325,2895,18648.2168,25885.9688,57.5819679529,-209.35066402,0,0,
5790,5790,2.8950000,291325,2895,18635.9551,26086.3457,42.6630689262,-121.361569356,0,0,
5791,5791,2.8955000,291326,2896,18629.2246,26311.3672,34.2482421573,-24.2537903327,0,0,
5792,5792,2.8960000,291326,2896,18634.2715,26558.0215,33.2208208181,73.721304617,0,0,
5793,5793,2.8965000,291327,2897,18638.1191,26792.8984,30.2869443686,143.502520119,0,0,
5794,5794,2.8970000,291327,2897,18632.8301,26955.7715,23.2512596773,137.446004294,0,0,
5795,5795,2.8975000,291328,2898,18633.5508,27060.5879,19.3362040396,70.8335078197,0,0,
5796,5796,2.8980000,291328,2898,18660.5957,27135.8359,37.7376584306,-14.2637132248,0,0,
5797,5797,2.8985000,291329,2899,18670.6934,27205.3125,36.6409748091,-90.9862300756,0,0,
5798,5798,2.8990000,291329,2899,18638.1191,27267.9375,-0.182201916245,-160.058366611,0,0,
5799,5799,2.8995000,291330,2900,18601.2168,27319.1426,-31.1715858054,-223.619815801,0,0,
5800,5800,2.9000000,291330,2900,18576.4551,27347.5098,-48.2755577653,-290.591247505,0,0,
5801,5801,2.9005000,291331,2901,18551.9336,27359.7734,-63.5244727108,-355.297605304,0,0,
5802,5802,2.9010000,291331,2901,18533.1816,27358.8105,-73.0694694946,-412.254745065,0,0,
5803,5803,2.9015000,291332,2902,18518.6387,27345.1074,-75.0230430146,-453.741199799,0,0,
5804,5804,2.9020000,291332,2902,18509.502,27303.2754,-65.3042888383,-491.652742101,0,0,
5805,5805,2.9025000,291333,2903,18504.4551,27248.3438,-53.2041522868,-513.779628925,0,0,
5806,5806,2.9030000,291333,2903,18501.3281,27187.7637,-40.0758625664,-527.215643171,0,0,
5807,5807,2.9035000,291334,2904,18502.7715,27122.0098,-23.1259968879,-531.163841974,0,0,
5808,5808,2.9040000,291334,2904,18504.5742,27050.7324,-9.09924738461,-521.656386936,0,0,
5809,5809,2.9045000,291335,2905,18503.7324,26977.8887,-0.492576366206,-492.781260431,0,0,
5810,5810,2.9050000,291335,2905,18506.377,26910.4551,6.09145848798,-444.215026092,0,0,
5811,5811,2.9055000,291336,2906,18508.7812,26840.377,12.7323621805,-390.990664004,0,0,
5812,5812,2.9060000,291336,2906,18513.3496,26770.5391,19.0787970266,-331.16969316,0,0,
5813,5813,2.9065000,291337,2907,18515.6328,26706.9531,25.0304466227,-262.249070242,0,0,
5814,5814,2.9070000,291337,2907,18522.0039,26637.3535,32.1051558927,-192.482035693,0,0,
5815,5815,2.9075000,291338,2908,18528.1348,26564.5137,38.9206548239,-118.89982814,0,0,
5816,5816,2.9080000,291338,2908,18539.0723,26486.7422,50.891362098,-44.1514163563,0,0,
5817,5817,2.9085000,291339,2909,18553.9785,26419.3066,61.1912276733,45.0621863845,0,0,
5818,5818,2.9090000,291339,2909,18575.7344,26351.9941,71.1040815026,136.863721722,0,0,
5819,5819,2.9095000,291340,2910,18603.8613,26270.498,79.7860868484,206.337290697,0,0,
5820,5820,2.9100000,291340,2910,18639.0801,26195.4902,89.7438394119,272.988904507,0,0,
5821,5821,2.9105000,291341,2911,18640.7637,26156.0645,66.6999821119,369.653717699,0,0,
5822,5822,2.9110000,291341,2911,18622.4922,26134.7891,25.3200844909,475.397530699,0,0,
5823,5823,2.9115000,291342,2912,18614.0781,26103.0547,-1.87137530836,562.075357269,0,0,
5824,5824,2.9120000,291342,2912,18601.3379,26085.9863,-27.1023531052,641.002665415,0,0,
5825,5825,2.9125000,291343,2913,18589.7988,26076.8516,-43.9012164172,707.016235266,0,0,
5826,5826,2.9130000,291343,2913,18579.5801,26076.7324,-56.8257200828,770.381368833,0,0,
5827,5827,2.9135000,291344,2914,18573.8105,26071.3203,-70.6361871179,815.812375533,0,0,
5828,5828,2.9140000,291344,2914,18565.877,26067.4746,-81.8690577532,846.69426706,0,0,
5829,5829,2.9145000,291345,2915,18557.584,26067.3535,-87.9787599929,862.964731039,0,0,
5830,5830,2.9150000,291345,2915,18554.459,26070.2402,-86.3422370184,872.987733809,0,0,
5831,5831,2.9155000,291346,2916,18546.7656,26068.916,-89.0042362312,874.902625986,0,0,
5832,5832,2.9160000,291346,2916,18540.9961,26071.8027,-93.1492719486,875.07705435,0,0,
5833,5833,2.9165000,291347,2917,18533.3027,26070.3594,-97.1598534691,871.705003507,0,0,
5834,5834,2.9170000,291347,2917,18530.5371,26068.4375,-91.0065010883,875.213267347,0,0,
5835,5835,2.9175000,291348,2918,18522.6035,26071.2012,-91.9868418774,876.509689277,0,0,
5836,5836,2.9180000,291348,2918,18514.4316,26068.3184,-95.2084642088,866.728995928,0,0,
5837,5837,2.9185000,291349,2919,18505.0547,26071.2012,-95.4047833384,854.27319793,0,0,
5838,5838,2.9190000,291349,2919,18502.1699,26074.3262,-82.0396914691,834.590902511,0,0,
5839,5839,2.9195000,291350,2920,18494.1152,26062.1855,-71.272072558,797.71027263,0,0,
5840,5840,2.9200000,291350,2920,18488.9473,26051.4863,-62.6766903507,761.684536672,0,0,
5841,5841,2.9205000,291351,2921,18482.9375,26035.8613,-57.039627367,717.883502073,0,0,
5842,5842,2.9210000,291351,2921,18481.4941,26011.8203,-50.8424665389,665.633501135,0,0,
5843,5843,2.9215000,291352,2922,18478.0098,25992.4688,-46.1178060364,622.54328389,0,0,
5844,5844,2.9220000,291352,2922,18478.9707,25971.5547,-33.9916529185,585.553470637,0,0,
5845,5845,2.9225000,291353,2923,18480.5332,25949.3145,-23.5934361756,550.123821798,0,0,
5846,5846,2.9230000,291353,2923,18481.6152,25931.6465,-14.4108288059,509.975704064,0,0,
5847,5847,2.9235000,291354,2924,18482.9375,25914.459,-5.32819441231,463.003743504,0,0,
5848,5848,2.9240000,291354,2924,18485.4629,25898.2285,3.18759406879,414.777667298,0,0,
5849,5849,2.9245000,291355,2925,18480.0527,25880.2012,3.95359148163,366.115777268,0,0,
5850,5850,2.9250000,291355,2925,18480.1738,25859.7656,6.42168375264,313.793763821,0,0,
5851,5851,2.9255000,291356,2926,18475.9668,25843.1777,6.76588659163,261.128978441,0,0,
5852,5852,2.9260000,291356,2926,18470.7969,25828.1504,6.06576394407,206.407370643,0,0,
5853,5853,2.9265000,291357,2927,18472.7207,25805.6738,14.6542418004,141.303165018,0,0,
5854,5854,2.9270000,291357,2927,18471.7598,25780.6719,18.6774507265,77.3577501487,0,0,
5855,5855,2.9275000,291358,2928,18469.2344,25752.0625,22.7567319986,14.6523130094,0,0,
5856,5856,2.9280000,291358,2928,18465.8691,25721.4121,27.7720529153,-44.8672757418,0,0,
5857,5857,2.9285000,291359,2929,18463.584,25687.3965,31.309946532,-103.256516551,0,0,
5858,5858,2.9290000,291359,2929,18463.3457,25657.4629,33.0702635917,-152.187238981,0,0,
5859,5859,2.9295000,291360,2930,18460.0996,25632.3418,29.2192572436,-199.312773605,0,0,
5860,5860,2.9300000,291360,2930,18458.6562,25605.6562,26.3013624039,-253.481455369,0,0,
5861,5861,2.9305000,291361,2931,18462.3828,25573.084,32.8401381819,-313.035133343,0,0,
5862,5862,2.9310000,291361,2931,18460.9395,25543.1504,33.8405276148,-365.708503071,0,0,
5863,5863,2.9315000,291362,2932,18456.252,25520.9141,30.3260983514,-404.234485194,0,0,
5864,5864,2.9320000,291362,2932,18455.4121,25500.8418,32.462673802,-447.983798961,0,0,
5865,5865,2.9325000,291363,2933,18454.0879,25485.2129,36.2118085961,-491.7806588,0,0,
5866,5866,2.9330000,291363,2933,18451.5645,25470.5488,37.9058680354,-530.960564332,0,0,
5867,5867,2.9335000,291364,2934,18446.3965,25452.8809,30.7994920638,-568.479883951,0,0,
5868,5868,2.9340000,291364,2934,18440.0254,25437.1328,25.5959242236,-604.302849987,0,0,
5869,5869,2.9345000,291365,2935,18431.0098,25419.584,21.6051797523,-643.923772383,0,0,
5870,5870,2.9350000,291365,2935,18439.3047,25406.6016,33.0121475835,-674.655658124,0,0,
5871,5871,2.9355000,291366,2936,18442.3086,25396.7441,37.7752797041,-694.350026583,0,0,
5872,5872,2.9360000,291366,2936,18441.1074,25380.2793,34.178537814,-714.549237927,0,0,
5873,5873,2.9365000,291367,2937,18443.6309,25361.6465,34.3040767629,-724.893900374,0,0,
5874,5874,2.9370000,291367,2937,18444.2324,25344.2168,35.1826772738,-718.616308517,0,0,
5875,5875,2.9375000,291368,2938,18447.3574,25334.3594,36.1650882867,-702.980728994,0,0,
5876,5876,2.9380000,291368,2938,18441.2285,25325.5859,26.4036325286,-683.111343091,0,0,
5877,5877,2.9385000,291369,2939,18441.709,25315.6094,25.4266159577,-665.119602259,0,0,
5878,5878,2.9390000,291369,2939,18447.5977,25304.6699,33.0975549501,-647.208416624,0,0,
5879,5879,2.9395000,291370,2940,18455.7715,25290.2441,43.788151855,-627.227579476,0,0,
5880,5880,2.9400000,291370,2940,18456.252,25270.291,42.1417863442,-608.562218781,0,0,
5881,5881,2.9405000,291371,2941,18457.8145,25252.623,39.7260164113,-585.785604888,0,0,
5882,5882,2.9410000,291371,2941,18452.2871,25229.5449,28.1148803002,-564.566117871,0,0,
5883,5883,2.9415000,291372,2942,18458.5371,25202.7402,28.3231439563,-540.942943117,0,0,
5884,5884,2.9420000,291372,2942,18466.2285,25180.5,31.2862309381,-504.432647811,0,0,
5885,5885,2.9425000,291373,2943,18460.459,25164.875,21.4876410055,-458.696500774,0,0,
5886,5886,2.9430000,291373,2943,18452.4062,25141.3145,11.7304252383,-426.888506414,0,0,
5887,5887,2.9435000,291374,2944,18443.752,25110.4219,3.77012532794,-404.847524212,0,0,
5888,5888,2.9440000,291374,2944,18435.8184,25085.0605,-2.57077470902,-377.186100953,0,0,
5889,5889,2.9445000,291375,2945,18436.9004,25053.0859,0.866230703335,-352.143027479,0,0,
5890,5890,2.9450000,291375,2945,18432.4531,25029.4062,-4.16278086782,-319.358350785,0,0,
5891,5891,2.9455000,291376,2946,18429.0879,25005.9668,-5.3918545246,-290.081941317,0,0,
5892,5892,2.9460000,291376,2946,18415.9844,25001.2793,-14.4455209989,-248.557744929,0,0,
5893,5893,2.9465000,291377,2947,18393.5059,25010.7754,-27.7519606908,-201.174530173,0,0,
5894,5894,2.9470000,291377,2947,18378.002,25011.6172,-32.4169937371,-164.866335248,0,0,
5895,5895,2.9475000,291378,2948,18379.2031,24991.3027,-20.2039036181,-147.23927368,0,0,
5896,5896,2.9480000,291378,2948,18390.623,24961.0098,0.31791580103,-135.631669298,0,0,
5897,5897,2.9485000,291379,2949,18392.9062,24953.0781,8.27708959027,-103.258217701,0,0,
5898,5898,2.9490000,291379,2949,18402.041,24942.0176,17.6490753739,-74.7530270136,0,0,
5899,5899,2.9495000,291380,2950,18410.9355,24909.5645,23.0056629868,-69.9411808514,0,0,
5900,5900,2.9500000,291380,2950,18404.8066,24878.0703,13.4892883664,-68.0049444738,0,0,
5901,5901,2.9505000,291381,2951,18398.7949,24866.291,8.55229050757,-49.8824701062,0,0,
5902,5902,2.9510000,291381,2951,18392.4258,24857.998,4.98437059202,-30.5561248235,0,0,
5903,5903,2.9515000,291382,2952,18362.375,24864.9688,-17.768858218,1.21889332198,0,0,
5904,5904,2.9520000,291382,2952,18304.0762,24872.4219,-57.49891184,21.4608466726,0,0,
5905,5905,2.9525000,291383,2953,18251.668,24863.2871,-81.2874094202,19.3503560183,0,0,
5906,5906,2.9530000,291383,2953,18239.5273,24828.4277,-65.9923392343,-1.96857977368,0,0,
5907,5907,2.9535000,291384,2954,18252.2695,24795.8516,-36.3605916987,-14.5507628984,0,0,
5908,5908,2.9540000,291384,2954,18279.916,24791.4062,2.08959019863,-3.09313822258,0,0,
5909,5909,2.9545000,291385,2955,18309.0059,24800.4199,36.8354533806,14.1204180273,0,0,
5910,5910,2.9550000,291385,2955,18350.3535,24789.123,71.8998381738,12.2531409026,0,0,
5911,5911,2.9555000,291386,2956,18403.2441,24720.9668,109.086296091,-30.5132264869,0,0,
5912,5912,2.9560000,291386,2956,18428.7266,24625.1641,112.523805803,-81.6072524319,0,0,
5913,5913,2.9565000,291387,2957,18426.082,24521.4297,89.9060693687,-118.072515182,0,0,
5914,5914,2.9570000,291387,2957,18404.8066,24463.252,57.1047599669,-94.759978748,0,0,
5915,5915,2.9575000,291388,2958,18357.3262,24494.8652,6.6620720786,3.64816214101,0,0,
5916,5916,2.9580000,291388,2958,18306.1191,24542.5859,-37.9438968991,103.926829066,0,0,
5917,5917,2.9585000,291389,2959,18284.4824,24568.6699,-49.1501433373,171.076349722,0,0,
5918,5918,2.9590000,291389,2959,18278.7129,24582.373,-42.0266667203,218.658095289,0,0,
5919,5919,2.9595000,291390,2960,18275.4688,24589.2246,-31.4735798518,257.685409491,0,0,
5920,5920,2.9600000,291390,2960,18302.3926,24567.709,0.401176378951,270.929460995,0,0,
5921,5921,2.9605000,291391,2961,18320.4238,24538.8594,17.525813301,277.825622542,0,0,
5922,5922,2.9610000,291391,2961,18326.7949,24507.4863,19.9276303773,285.618812866,0,0,
5923,5923,2.9615000,291392,2962,18315.9766,24480.3203,5.88842980389,300.83898006,0,0,
5924,5924,2.9620000,291392,2962,18290.0137,24474.6719,-16.4664552931,337.596450662,0,0,
5925,5925,2.9625000,291393,2963,18268.7363,24478.5176,-28.9102043004,378.742646945,0,0,
5926,5926,2.9630000,291393,2963,18253.2305,24474.9121,-33.1692874039,403.828670566,0,0,
5927,5927,2.9635000,291394,2964,18255.9941,24462.7715,-20.7638076578,415.170907882,0,0,
5928,5928,2.9640000,291394,2964,18248.0625,24456.041,-19.5689477736,426.534527638,0,0,
5929,5929,2.9645000,291395,2965,18231.7148,24439.6934,-25.5944750247,429.459113838,0,0,
5930,5930,2.9650000,291395,2965,18214.0449,24419.7402,-32.7841718622,425.930453262,0,0,
5931,5931,2.9655000,291396,2966,18211.0391,24402.791,-24.8226781644,421.192674151,0,0,
5932,5932,2.9660000,291396,2966,18215.127,24392.4531,-10.8848350446,415.357864733,0,0,
5933,5933,2.9665000,291397,2967,18230.752,24382.959,12.3177265695,404.626572887,0,0,
5934,5934,2.9670000,291397,2967,18232.4355,24372.1387,18.1386049964,394.385828115,0,0,
5935,5935,2.9675000,291398,2968,18224.3809,24369.2559,13.1754816334,394.452287968,0,0,
5936,5936,2.9680000,291398,2968,18222.3379,24357.4746,13.5120922501,387.04783209,0,0,
5937,5937,2.9685000,291399,2969,18210.1973,24343.6504,5.70978793497,373.17867444,0,0,
5938,5938,2.9690000,291399,2969,18196.1348,24334.3965,-5.48309674005,363.771779719,0,0,
5939,5939,2.9695000,291400,2970,18188.2012,24319.6094,-10.909375075,348.169978803,0,0,
5940,5940,2.9700000,291400,2970,18186.998,24310.7168,-8.35281325509,331.422678831,0,0,
5941,5941,2.9705000,291401,2971,18187.2402,24302.3027,-2.8579720331,308.747085054,0,0,
5942,5942,2.9710000,291401,2971,18207.3145,24288.3574,18.1510848678,280.278030713,0,0,
5943,5943,2.9715000,291402,2972,18224.0215,24273.6934,35.0635521761,250.993659337,0,0,
5944,5944,2.9720000,291402,2972,18218.7324,24257.7051,35.3166282594,215.908627595,0,0,
5945,5945,2.9725000,291403,2973,18213.3223,24242.6797,35.0581924045,181.89294901,0,0,
5946,5946,2.9730000,291403,2973,18203.4668,24234.5078,23.5877172331,160.036265371,0,0,
5947,5947,2.9735000,291404,2974,18194.8125,24228.0156,6.79712232718,140.088043851,0,0,
5948,5948,2.9740000,291404,2974,18184.1152,24223.209,-10.2504038911,114.118358723,0,0,
5949,5949,2.9745000,291405,2975,18171.1328,24217.1973,-24.4837993105,82.2507054772,0,0,
5950,5950,2.9750000,291405,2975,18162.4785,24204.3359,-36.3039394902,49.9322369734,0,0,
5951,5951,2.9755000,291406,2976,18147.6934,24187.2676,-51.6152685275,28.6925759143,0,0,
5952,5952,2.9760000,291406,2976,18130.8652,24175.8496,-62.1940640233,19.6043004335,0,0,
5953,5953,2.9765000,291407,2977,18117.5215,24173.3223,-62.6086818581,22.8306372005,0,0,
5954,5954,2.9770000,291407,2977,18103.2168,24168.7559,-57.6895082613,21.0737325101,0,0,
5955,5955,2.9775000,291408,2978,18097.5684,24159.9824,-42.6587881606,-0.658996364876,0,0,
5956,5956,2.9780000,291408,2978,18088.4336,24155.6543,-32.5046614402,-17.0797470774,0,0,
5957,5957,2.9785000,291409,2979,18077.1348,24153.25,-30.0918051807,-26.7609879097,0,0,
5958,5958,2.9790000,291409,2979,18064.5137,24143.875,-29.2024939281,-38.9438404385,0,0,
5959,5959,2.9795000,291410,2980,18053.5742,24136.0625,-25.2681986456,-44.1388167487,0,0,
5960,5960,2.9800000,291410,2980,18052.8535,24124.8828,-19.3859249365,-44.7738585186,0,0,
5961,5961,2.9805000,291411,2981,18058.9824,24120.3145,-8.13558293683,-39.0671148578,0,0,
5962,5962,2.9810000,291411,2981,18056.9395,24113.1016,-4.61880375573,-34.9101469398,0,0,
5963,5963,2.9815000,291412,2982,18060.7871,24104.3281,4.80117196252,-31.2535015734,0,0,
5964,5964,2.9820000,291412,2982,18065.2344,24096.6348,16.5521978764,-27.3175303601,0,0,
5965,5965,2.9825000,291413,2983,18067.6387,24085.5762,24.658324228,-26.8478001937,0,0,
5966,5966,2.9830000,291413,2983,18073.5273,24076.4395,33.1608723359,-26.1665431039,0,0,
5967,5967,2.9835000,291414,2984,18081.8223,24068.3887,38.7632433926,-25.325243662,0,0,
5968,5968,2.9840000,291414,2984,18091.4375,24057.4473,44.9172907631,-29.7267442421,0,0,
5969,5969,2.9845000,291415,2985,18092.1582,24049.998,42.6950073366,-27.4496825523,0,0,
5970,5970,2.9850000,291415,2985,18092.7598,24042.4238,38.6457758291,-27.1714092136,0,0,
5971,5971,2.9855000,291416,2986,18082.9043,24039.4199,24.6121387244,-26.80968759,0,0,
5972,5972,2.9860000,291416,2986,18060.3066,24031.7266,2.22850199208,-36.7869465056,0,0,
5973,5973,2.9865000,291417,2987,18030.6152,24021.8691,-21.6733073726,-51.3248381341,0,0,
5974,5974,2.9870000,291417,2987,17989.748,24023.0703,-48.4103971403,-53.3107913929,0,0,
5975,5975,2.9875000,291418,2988,17954.5273,24025.2344,-63.9937331253,-52.8437473848,0,0,
5976,5976,2.9880000,291418,2988,17938.2988,24020.0645,-61.0810027796,-55.8747753822,0,0,
5977,5977,2.9885000,291419,2989,17927.8418,24018.3828,-50.7849040849,-58.7351621411,0,0,
5978,5978,2.9890000,291419,2989,17925.4395,24005.4004,-37.0380851975,-70.950835839,0,0,
5979,5979,2.9895000,291420,2990,17926.1602,24001.4355,-24.6146620974,-73.6401483507,0,0,
5980,5980,2.9900000,291420,2990,17924.957,23991.3379,-15.440648172,-86.9715495572,0,0,
5981,5981,2.9905000,291421,2991,17917.7461,23984.125,-10.7920846942,-100.958524805,0,0,
5982,5982,2.9910000,291421,2991,17910.6543,23976.1934,-9.15323457885,-114.161728729,0,0,
5983,5983,2.9915000,291422,2992,17903.2012,23971.8652,-4.45686025634,-123.987595367,0,0,
5984,5984,2.9920000,291422,2992,17900.0762,23966.6953,11.0857953463,-138.283262584,0,0,
5985,5985,2.9925000,291423,2993,17886.8535,23961.6484,16.1102508342,-152.678512303,0,0,
5986,5986,2.9930000,291423,2993,17883.7285,23952.752,23.7639186341,-166.085986306,0,0,
5987,5987,2.9935000,291424,2994,17881.3242,23949.627,24.0534261807,-172.840652607,0,0,
5988,5988,2.9940000,291424,2994,17880.002,23945.9004,24.2483073507,-185.289199522,0,0,
5989,5989,2.9945000,291425,2995,17879.6426,23934.123,26.5706403447,-206.694835777,0,0,
5990,5990,2.9950000,291425,2995,17874.834,23924.9863,20.7252533167,-218.505024144,0,0,
5991,5991,2.9955000,291426,2996,17880.8438,23916.0918,24.5851664812,-217.533261945,0,0,
5992,5992,2.9960000,291426,2996,17881.084,23912.7246,25.199224736,-207.451810016,0,0,
5993,5993,2.9965000,291427,2997,17883.0059,23908.877,29.5405966414,-195.528378597,0,0,
5994,5994,2.9970000,291427,2997,17887.4551,23905.752,38.6852470396,-184.095092068,0,0,
5995,5995,2.9975000,291428,2998,17894.666,23899.3828,48.5531731748,-187.182153673,0,0,
5996,5996,2.9980000,291428,2998,17904.2832,23886.4004,58.072540277,-194.616223945,0,0,
5997,5997,2.9985000,291429,2999,17914.7402,23872.9375,61.7940141758,-196.42990421,0,0,
5998,5998,2.9990000,291429,2999,17928.6836,23864.7637,65.8796635249,-188.039528595,0,0,
5999,5999,2.9995000,291430,3000,17949.7188,23851.3027,73.9286161106,-179.748664884,0,0,
6000,6000,3.0000000,291430,3000,17966.7871,23841.3262,68.7354366914,-161.314841571,0,0,
6001,6001,3.0005000,291431,3001,17976.0449,23835.1953,55.6003168345,-140.45354219,0,0,
6002,6002,3.0010000,291431,3001,17980.0098,23836.6387,40.94907704,-112.548252554,0,0,
6003,6003,3.0015000,291432,3002,17968.5918,23833.6328,15.5422734223,-89.2036628137,0,0,
6004,6004,3.0020000,291432,3002,17961.0176,23834.2324,-0.0687922651958,-64.8210400324,0,0,
6005,6005,3.0025000,291433,3003,17964.9863,23831.1074,-3.37775290024,-45.0977474855,0,0,
6006,6006,3.0030000,291433,3003,17970.1543,23826.5391,-6.7327970546,-29.3682352228,0,0,
6007,6007,3.0035000,291434,3004,17971.5957,23818.4863,-15.5650464015,-17.9693439369,0,0,
6008,6008,3.0040000,291434,3004,17971.7168,23821.6113,-23.3897723904,0.618523902304,0,0,
6009,6009,3.0045000,291435,3005,17976.5254,23825.2188,-24.0507742504,19.5843176245,0,0,
6010,6010,3.0050000,291435,3005,17977.125,23821.373,-29.2466919199,29.2775437896,0,0,
6011,6011,3.0055000,291436,3006,17982.2949,23813.1973,-29.3768877319,31.5081322717,0,0,
6012,6012,3.0060000,291436,3006,17992.3906,23807.5469,-23.75268095,32.499277035,0,0,
6013,6013,3.0065000,291437,3007,18010.6621,23798.8926,-11.7743615038,28.9064642252,0,0,
6014,6014,3.0070000,291437,3007,18030.2559,23787.3535,1.12099324495,23.9101925653,0,0,
6015,6015,3.0075000,291438,3008,18033.8613,23780.9844,-2.82368698948,26.4867560787,0,0,
6016,6016,3.0080000,291438,3008,18024.2441,23781.4629,-21.5088511011,38.8753909509,0,0,
6017,6017,3.0085000,291439,3009,18021.3613,23778.9395,-30.9263569534,44.6520661094,0,0,
6018,6018,3.0090000,291439,3009,18015.7109,23766.4375,-44.0423201863,43.7472959124,0,0,
6019,6019,3.0095000,291440,3010,18002.3691,23761.5098,-62.9013328683,48.6794946773,0,0,
6020,6020,3.0100000,291440,3010,17990.709,23767.7598,-75.8852416412,58.7324127142,0,0,
6021,6021,3.0105000,291441,3011,17989.9863,23770.5254,-74.4524454657,59.7065944846,0,0,
6022,6022,3.0110000,291441,3011,17996.8379,23759.4668,-68.4586715939,48.7436708789,0,0,
6023,6023,3.0115000,291442,3012,18004.291,23748.0469,-59.700210808,37.727064115,0,0,
6024,6024,3.0120000,291442,3012,18005.7344,23739.3926,-51.1843969104,27.1000469253,0,0,
6025,6025,3.0125000,291443,3013,18001.4062,23743.4785,-46.217268888,26.785945771,0,0,
6026,6026,3.0130000,291443,3013,18005.6133,23750.6934,-39.9713946555,30.8039957622,0,0,
6027,6027,3.0135000,291444,3014,18013.7871,23748.7676,-36.2964060691,24.9782267661,0,0,
6028,6028,3.0140000,291444,3014,17994.5547,23762.834,-55.594434256,27.7565550608,0,0,
6029,6029,3.0145000,291445,3015,17973.8809,23773.8906,-70.0966271723,24.3087335471,0,0,
6030,6030,3.0150000,291445,3015,17956.4512,23789.5176,-80.0012250347,26.3145010354,0,0,
6031,6031,3.0155000,291446,3016,17947.4355,23796.127,-81.1321703118,27.3486376928,0,0,
6032,6032,3.0160000,291446,3016,17959.0957,23795.166,-60.5277485627,23.4252464709,0,0,
6033,6033,3.0165000,291447,3017,17994.7949,23799.4941,-20.9771234396,26.4427812005,0,0,
6034,6034,3.0170000,291447,3017,18036.3848,23799.7344,19.2980475208,24.9397185126,0,0,
6035,6035,3.0175000,291448,3018,18050.8105,23797.4512,30.2309189044,13.091797825,0,0,
6036,6036,3.0180000,291448,3018,18034.3418,23797.0918,14.1089036559,5.10569549547,0,0,
6037,6037,3.0185000,291449,3019,18006.2148,23801.0566,-10.8274423309,4.37125682897,0,0,
6038,6038,3.0190000,291449,3019,17991.6699,23799.0137,-19.9560051368,0.861828181001,0,0,
6039,6039,3.0195000,291450,3020,17993.7129,23794.0859,-13.5314442246,-0.392325199216,0,0,
6040,6040,3.0200000,291450,3020,17994.4355,23801.1777,-13.0325272133,13.2556588035,0,0,
6041,6041,3.0205000,291451,3021,17994.0742,23818.7266,-11.7983986851,32.6463403697,0,0,
6042,6042,3.0210000,291451,3021,17995.3965,23826.5391,-5.99190879488,41.2272535243,0,0,
6043,6043,3.0215000,291452,3022,17992.9922,23821.4922,-0.565041263766,40.2789011492,0,0,
6044,6044,3.0220000,291452,3022,17978.207,23824.2559,-3.64682759618,45.8400466826,0,0,
6045,6045,3.0225000,291453,3023,17956.9316,23832.3105,-11.6062628682,56.2997631073,0,0,
6046,6046,3.0230000,291453,3023,17939.7422,23849.2578,-14.3448975231,71.5499969088,0,0,
6047,6047,3.0235000,291454,3024,17947.7949,23848.8984,3.87830058097,70.125781267,0,0,
6048,6048,3.0240000,291454,3024,17959.9355,23846.6152,23.8301909502,64.4661345576,0,0,
6049,6049,3.0245000,291455,3025,17966.9082,23848.6562,37.4262982813,65.0692582503,0,0,
6050,6050,3.0250000,291455,3025,17966.9082,23860.0762,43.1456755801,73.7598834443,0,0,
6051,6051,3.0255000,291456,3026,17955.3691,23862.6016,38.5086901013,71.6113330357,0,0,
6052,6052,3.0260000,291456,3026,17945.3926,23862.9609,37.2350193568,64.4299963789,0,0,
6053,6053,3.0265000,291457,3027,17942.5078,23861.2793,41.9944496106,54.9856438838,0,0,
6054,6054,3.0270000,291457,3027,17949.8398,23864.5234,56.4050811254,51.1117431266,0,0,
6055,6055,3.0275000,291458,3028,17957.7734,23869.2109,70.6916332808,49.2718421731,0,0,
6056,6056,3.0280000,291458,3028,17963.4219,23871.4941,78.9781799048,47.5883606821,0,0,
6057,6057,3.0285000,291459,3029,17952.9648,23874.9824,71.5087634517,45.5038360013,0,0,
6058,6058,3.0290000,291459,3029,17939.2617,23875.3418,60.4324940634,44.218577181,0,0,
6059,6059,3.0295000,291460,3030,17924.5977,23871.6152,49.991928368,37.5484398826,0,0,
6060,6060,3.0300000,291460,3030,17916.7832,23864.4043,46.9692343728,24.6506831839,0,0,
6061,6061,3.0305000,291461,3031,17902.8398,23857.5527,39.4688428769,11.5616701691,0,0,
6062,6062,3.0310000,291461,3031,17889.8574,23856.9512,31.2728105061,7.98238251744,0,0,
6063,6063,3.0315000,291462,3032,17868.4629,23856.2285,20.0509624922,3.56334020871,0,0,
6064,6064,3.0320000,291462,3032,17853.3164,23856.5918,21.8705039273,-2.83077006878,0,0,
6065,6065,3.0325000,291463,3033,17857.1641,23857.5527,41.6121120842,-11.3319522536,0,0,
6066,6066,3.0330000,291463,3033,17855.9609,23854.3066,47.7584200033,-20.6354348256,0,0,
6067,6067,3.0335000,291464,3034,17834.084,23853.1035,31.095883155,-26.0032584592,0,0,
6068,6068,3.0340000,291464,3034,17813.1699,23851.541,22.46798288,-37.1940522962,0,0,
6069,6069,3.0345000,291465,3035,17793.4551,23848.7754,17.8701554125,-48.5864591784,0,0,
6070,6070,3.0350000,291465,3035,17775.1855,23844.3301,13.2833952238,-58.068459896,0,0,
6071,6071,3.0355000,291466,3036,17755.1113,23845.8926,5.78845900998,-52.8449948053,0,0,
6072,6072,3.0360000,291466,3036,17738.7637,23842.8887,2.25106364664,-48.8203058502,0,0,
6073,6073,3.0365000,291467,3037,17725.4219,23838.4395,0.11035879893,-44.9852818255,0,0,
6074,6074,3.0370000,291467,3037,17720.6133,23834.2324,7.26565011176,-40.3946273305,0,0,
6075,6075,3.0375000,291468,3038,17718.8105,23830.2656,20.7480059797,-41.8555565019,0,0,
6076,6076,3.0380000,291468,3038,17712.5605,23827.3809,33.4442227835,-41.5044666649,0,0,
6077,6077,3.0385000,291469,3039,17712.4395,23823.4141,48.246773377,-40.1629260011,0,0,
6078,6078,3.0390000,291469,3039,17709.916,23820.7715,54.9516037726,-34.611942,0,0,
6079,6079,3.0395000,291470,3040,17705.5879,23824.375,55.05569994,-20.7977561991,0,0,
6080,6080,3.0400000,291470,3040,17700.4199,23819.8066,50.3574467246,-13.8205985551,0,0,
6081,6081,3.0405000,291471,3041,17692.4863,23812.1152,44.4104459745,-11.8756149132,0,0,
6082,6082,3.0410000,291471,3041,17698.9766,23801.416,52.2556440805,-9.58072758574,0,0,
6083,6083,3.0415000,291472,3042,17699.3379,23791.8027,55.5686940129,-1.72006263559,0,0,
6084,6084,3.0420000,291472,3042,17694.0488,23785.4297,55.9439264501,6.84656083383,0,0,
6085,6085,3.0425000,291473,3043,17694.2891,23785.5527,59.5673885066,20.3149390729,0,0,
6086,6086,3.0430000,291473,3043,17694.0488,23777.377,59.3476153673,23.5177578673,0,0,
6087,6087,3.0435000,291474,3044,17694.8906,23774.8516,53.3869479686,34.6844903102,0,0,
6088,6088,3.0440000,291474,3044,17696.9336,23770.1641,48.1709446056,40.6486104379,0,0,
6089,6089,3.0445000,291475,3045,17695.6113,23764.5156,41.4682738215,45.8586788319,0,0,
6090,6090,3.0450000,291475,3045,17700.6602,23760.4297,40.9078973547,50.7650879149,0,0,
6091,6091,3.0455000,291476,3046,17703.3047,23758.0234,38.6897647593,56.4854180922,0,0,
6092,6092,3.0460000,291476,3046,17710.0352,23752.375,38.9724068942,56.2554287758,0,0,
6093,6093,3.0465000,291477,3047,17707.5117,23751.5332,28.5792881005,58.9172585584,0,0,
6094,6094,3.0470000,291477,3047,17700.4199,23751.5332,14.8742349826,60.7490650685,0,0,
6095,6095,3.0475000,291478,3048,17690.9238,23753.4551,2.17036801611,63.5077778355,0,0,
6096,6096,3.0480000,291478,3048,17685.1543,23748.8887,-6.70118737256,62.0343597924,0,0,
6097,6097,3.0485000,291479,3049,17687.1973,23745.1641,-6.47036052386,59.6955105736,0,0,
6098,6098,3.0490000,291479,3049,17691.043,23755.5,-7.05212241623,71.652933374,0,0,
6099,6099,3.0495000,291480,3050,17704.0254,23758.2656,-1.61012636299,73.3292034137,0,0,
6100,6100,3.0500000,291480,3050,17711.3574,23755.1406,-4.35405106432,65.875541456,0,0,
6101,6101,3.0505000,291481,3051,17713.7617,23761.9922,-10.9972573672,64.4485588655,0,0,
6102,6102,3.0510000,291481,3051,17713.7617,23768.3613,-22.1736257639,62.1049236616,0,0,
6103,6103,3.0515000,291482,3052,17724.7012,23771.248,-20.6149615943,54.8686673198,0,0,
6104,6104,3.0520000,291482,3052,17728.7871,23781.2246,-22.9041689148,50.1729587189,0,0,
6105,6105,3.0525000,291483,3053,17736.5996,23791.0801,-24.0818267426,41.5727459654,0,0,
6106,6106,3.0530000,291483,3053,17741.7695,23798.1719,-32.0945927274,32.2065622839,0,0,
6107,6107,3.0535000,291484,3054,17758.7168,23804.7832,-30.6112385231,22.5999796779,0,0,
6108,6108,3.0540000,291484,3054,17767.252,23811.2734,-34.5124378569,7.86883123827,0,0,
6109,6109,3.0545000,291485,3055,17772.7812,23818.2441,-40.6005053285,-6.24334912352,0,0,
6110,6110,3.0550000,291485,3055,17774.4629,23828.3438,-51.863139381,-15.695766756,0,0,
6111,6111,3.0555000,291486,3056,17784.0801,23833.0312,-57.357601247,-24.0544560393,0,0,
6112,6112,3.0560000,291486,3056,17795.8613,23849.0176,-62.3235654041,-19.7641188989,0,0,
6113,6113,3.0565000,291487,3057,17811.4863,23855.8691,-66.3111064218,-23.7726191988,0,0,
6114,6114,3.0570000,291487,3057,17825.3105,23861.8809,-71.9512589011,-28.3544081872,0,0,
6115,6115,3.0575000,291488,3058,17838.291,23866.2051,-74.353999681,-39.2874691744,0,0,
6116,6116,3.0580000,291488,3058,17852.3555,23871.9766,-70.9589523067,-48.0341811436,0,0,
6117,6117,3.0585000,291489,3059,17864.0156,23877.2656,-71.8478545481,-55.0764737563,0,0,
6118,6118,3.0590000,291489,3059,17876.1543,23882.9141,-74.4370015314,-59.170677782,0,0,
6119,6119,3.0595000,291490,3060,17891.1816,23888.6855,-76.741403638,-61.0224776602,0,0,
6120,6120,3.0600000,291490,3060,17910.6543,23899.9844,-77.7785777544,-55.590932317,0,0,
6121,6121,3.0605000,291491,3061,17931.3281,23910.3203,-76.7206350551,-53.2372757901,0,0,
6122,6122,3.0610000,291491,3061,17948.7578,23920.8984,-79.6244918439,-49.0141006802,0,0,
6123,6123,3.0615000,291492,3062,17958.4941,23925.5859,-84.8517857351,-47.3811093336,0,0,
6124,6124,3.0620000,291492,3062,17964.5039,23928.5918,-88.2588607389,-49.0866929123,0,0,
6125,6125,3.0625000,291493,3063,17971.2363,23931.1172,-90.9094815221,-51.4984290837,0,0,
6126,6126,3.0630000,291493,3063,17973.2793,23926.6699,-97.3034676831,-58.7993681686,0,0,
6127,6127,3.0635000,291494,3064,17980.1309,23918.0137,-102.091755268,-65.8822068692,0,0,
6128,6128,3.0640000,291494,3064,17977.7266,23912.002,-112.522019825,-69.8147933388,0,0,
6129,6129,3.0645000,291495,3065,17970.6348,23907.0762,-121.422967086,-70.4395774344,0,0,
6130,6130,3.0650000,291495,3065,17968.7109,23904.3105,-122.828946271,-69.1295546994,0,0,
6131,6131,3.0655000,291496,3066,17966.9082,23908.2793,-120.165773866,-61.6674805316,0,0,
6132,6132,3.0660000,291496,3066,17962.8223,23909.9609,-118.154887878,-57.7603086676,0,0,
6133,6133,3.0665000,291497,3067,17957.5332,23916.4512,-114.903701754,-51.3382437049,0,0,
6134,6134,3.0670000,291497,3067,17952.8457,23918.4941,-108.735636056,-49.6353176448,0,0,
6135,6135,3.0675000,291498,3068,17949.3594,23919.5762,-98.6482052708,-48.4009375723,0,0,
6136,6136,3.0680000,291498,3068,17942.5078,23922.8223,-91.7751102886,-42.066270482,0,0,
6137,6137,3.0685000,291499,3069,17933.373,23922.4609,-85.1539536845,-40.187454128,0,0,
6138,6138,3.0690000,291499,3069,17928.4434,23922.7031,-75.030010737,-37.1584694458,0,0,
6139,6139,3.0695000,291500,3070,17933.8535,23927.1484,-57.7214088743,-29.9398927754,0,0,
6140,6140,3.0700000,291500,3070,17930.2461,23935.4434,-48.7211609888,-21.6573894901,0,0,
6141,6141,3.0705000,291501,3071,17915.7012,23952.0312,-46.4009696087,-11.243575331,0,0,
6142,6142,3.0710000,291501,3071,17904.6426,23970.7832,-40.9207020256,-0.333625098824,0,0,
6143,6143,3.0715000,291502,3072,17900.3164,23977.1543,-28.0857642581,-1.78189918324,0,0,
6144,6144,3.0720000,291502,3072,17901.7598,23978.4766,-7.0418751966,-10.602956479,0,0,
6145,6145,3.0725000,291503,3073,17894.7871,23990.9766,3.70673528175,-10.9914810881,0,0,
6146,6146,3.0730000,291503,3073,17887.0938,24009.3672,11.2678347498,-4.86276154622,0,0,
6147,6147,3.0735000,291504,3074,17880.2422,24017.0605,17.6982586218,-8.56909841584,0,0,
6148,6148,3.0740000,291504,3074,17876.6367,24029.0801,31.0766741866,-12.283658604,0,0,
6149,6149,3.0745000,291505,3075,17870.7461,24041.8223,42.7126952073,-15.6950158623,0,0,
6150,6150,3.0750000,291505,3075,17861.8516,24056.8496,50.0797785735,-16.5039406578,0,0,
6151,6151,3.0755000,291506,3076,17857.8848,24072.1152,58.5459900312,-12.1668180299,0,0,
6152,6152,3.0760000,291506,3076,17845.9844,24079.8066,58.7037983615,-14.2328725649,0,0,
6153,6153,3.0765000,291507,3077,17837.5703,24081.25,60.4216117009,-18.4372836409,0,0,
6154,6154,3.0770000,291507,3077,17832.041,24084.4941,65.4428426765,-19.6094779316,0,0,
6155,6155,3.0775000,291508,3078,17818.2168,24091.2266,66.801722822,-20.9670568231,0,0,
6156,6156,3.0780000,291508,3078,17813.4102,24086.5391,80.0839746015,-31.2802873781,0,0,
6157,6157,3.0785000,291509,3079,17809.082,24068.748,91.5356970922,-48.4915715006,0,0,
6158,6158,3.0790000,291509,3079,17815.6934,24055.2871,108.716670225,-56.3016581324,0,0,
6159,6159,3.0795000,291510,3080,17829.0371,24068.2676,126.022560844,-38.4707906266,0,0,
6160,6160,3.0800000,291510,3080,17841.416,24087.7402,136.305408059,-16.4000464226,0,0,
6161,6161,3.0805000,291511,3081,17835.166,24098.9199,129.833279456,-5.01923751624,0,0,
6162,6162,3.0810000,291511,3081,17830.3574,24096.3926,125.158259984,-4.2577738632,0,0,
6163,6163,3.0815000,291512,3082,17829.3965,24090.9844,128.043862251,-1.53807358297,0,0,
6164,6164,3.0820000,291512,3082,17826.1504,24106.6113,131.508525051,17.6322912289,0,0,
6165,6165,3.0825000,291513,3083,17817.2559,24144.9551,128.283410751,51.5723471382,0,0,
6166,6166,3.0830000,291513,3083,17800.9082,24155.6543,118.959286357,57.8482680475,0,0,
6167,6167,3.0835000,291514,3084,17807.1582,24161.9043,124.844049842,61.3239875589,0,0,
6168,6168,3.0840000,291514,3084,17820.2617,24165.1504,135.66382929,60.2933868586,0,0,
6169,6169,3.0845000,291515,3085,17792.0137,24161.5449,112.139034203,54.2825934086,0,0,
6170,6170,3.0850000,291515,3085,17752.1074,24149.8848,82.0546224912,41.8867158382,0,0,
6171,6171,3.0855000,291516,3086,17746.6973,24106.8516,86.7335158266,5.77010734425,0,0,
6172,6172,3.0860000,291516,3086,17757.877,24046.75,103.459702797,-36.5435411145,0,0,
6173,6173,3.0865000,291517,3087,17757.7559,24007.4453,107.364323298,-53.8059410235,0,0,
6174,6174,3.0870000,291517,3087,17732.2734,23983.8848,89.402106877,-52.3686821002,0,0,
6175,6175,3.0875000,291518,3088,17704.7461,23998.4297,73.6043661219,-17.980292604,0,0,
6176,6176,3.0880000,291518,3088,17690.6836,24020.5469,70.8827365282,19.5029502559,0,0,
6177,6177,3.0885000,291519,3089,17697.0527,24021.0293,85.1789152851,33.1201245049,0,0,
6178,6178,3.0890000,291519,3089,17707.5117,23978.1152,97.2577401408,10.1334671325,0,0,
6179,6179,3.0895000,291520,3090,17738.043,23890.8496,118.575900327,-42.8096566192,0,0,
6180,6180,3.0900000,291520,3090,17753.4277,23831.8281,122.865179692,-61.6370152495,0,0,
6181,6181,3.0905000,291521,3091,17752.2266,23846.373,113.576746894,-18.4682996654,0,0,
6182,6182,3.0910000,291521,3091,17758.1172,23880.75,107.5073927,34.5997487009,0,0,
6183,6183,3.0915000,291522,3092,17790.5723,23909.7188,120.799726294,75.9635416601,0,0,
6184,6184,3.0920000,291522,3092,17816.416,23944.459,125.134869967,112.129114222,0,0,
6185,6185,3.0925000,291523,3093,17819.0586,23982.6816,106.799590141,139.630920431,0,0,
6186,6186,3.0930000,291523,3093,17824.5879,23985.0859,89.3278317314,131.846100516,0,0,
6187,6187,3.0935000,291524,3094,17845.623,23972.3457,82.7709985165,113.810040321,0,0,
6188,6188,3.0940000,291524,3094,17857.6445,23966.2168,69.5092664928,99.4110553234,0,0,
6189,6189,3.0945000,291525,3095,17845.1426,23981,37.2166592542,102.700542441,0,0,
6190,6190,3.0950000,291525,3095,17816.416,23998.6699,-4.7582568023,106.04552335,0,0,
6191,6191,3.0955000,291526,3096,17797.4238,23994.1016,-35.5684623323,93.0461405712,0,0,
6192,6192,3.0960000,291526,3096,17783.8398,23970.1816,-57.1804108565,67.3323361757,0,0,
6193,6193,3.0965000,291527,3097,17767.6113,23973.1875,-80.1464259249,70.357976656,0,0,
6194,6194,3.0970000,291527,3097,17753.1895,23984.4863,-98.040113692,78.5204882781,0,0,
6195,6195,3.0975000,291528,3098,17731.1914,24027.1582,-114.991628967,105.603201252,0,0,
6196,6196,3.0980000,291528,3098,17713.5215,24053.4824,-123.312359193,113.686502994,0,0,
6197,6197,3.0985000,291529,3099,17707.9922,24030.4043,-120.169349873,80.9124708161,0,0,
6198,6198,3.0990000,291529,3099,17710.2754,23974.8691,-113.79222635,26.9759440131,0,0,
6199,6199,3.0995000,291530,3100,17704.8672,23956.7188,-117.233166334,9.67104372366,0,0,
6200,6200,3.1000000,291530,3100,17683.1113,23956.5996,-134.525715777,9.79391171241,0,0,
6201,6201,3.1005000,291531,3101,17664.2383,23929.5547,-141.396087754,-11.3195230429,0,0,
6202,6202,3.1010000,291531,3101,17656.1855,23885.1973,-137.290076595,-38.4524795773,0,0,
6203,6203,3.1015000,291532,3102,17663.5176,23864.6426,-117.734422089,-37.138311852,0,0,
6204,6204,3.1020000,291532,3102,17681.4277,23828.4629,-89.2540147725,-52.1122316645,0,0,
6205,6205,3.1025000,291533,3103,17689.9629,23805.5059,-73.0353805478,-56.4265391443,0,0,
6206,6206,3.1030000,291533,3103,17693.6875,23786.2715,-62.3809315959,-50.0199925011,0,0,
6207,6207,3.1035000,291534,3104,17701.3809,23751.2949,-57.5819373096,-53.8249006624,0,0,
6208,6208,3.1040000,291534,3104,17705.2285,23760.9082,-56.7903753319,-20.0055035791,0,0,
6209,6209,3.1045000,291535,3105,17690.5625,23796.9707,-62.4103159227,30.7930412501,0,0,
6210,6210,3.1050000,291535,3105,17665.4395,23815.6016,-73.9977262685,57.8017717259,0,0,
6211,6211,3.1055000,291536,3106,17642.6016,23803.3418,-85.5554599063,57.9788373194,0,0,
6212,6212,3.1060000,291536,3106,17612.1895,23769.3223,-102.792914327,41.9281453191,0,0,
6213,6213,3.1065000,291537,3107,17602.9355,23720.8828,-96.0883752553,11.626063545,0,0,
6214,6214,3.1070000,291537,3107,17603.1758,23690.7109,-77.2771362728,-0.703148674769,0,0,
6215,6215,3.1075000,291538,3108,17574.8066,23703.5723,-82.9798177944,17.7484528766,0,0,
6216,6216,3.1080000,291538,3108,17542.3535,23776.0547,-92.0752709532,80.3098281187,0,0,
6217,6217,3.1085000,291539,3109,17530.8145,23842.2871,-83.8672978143,126.976125275,0,0,
6218,6218,3.1090000,291539,3109,17508.6973,23871.7363,-86.3212164607,138.955220239,0,0,
6219,6219,3.1095000,291540,3110,17479.8477,23890.127,-97.8551679795,143.176158613,0,0,
6220,6220,3.1100000,291540,3110,17442.3457,23952.1504,-108.459951729,171.714656596,0,0,
6221,6221,3.1105000,291541,3111,17408.5684,24053.9629,-106.491403922,206.372947597,0,0,
6222,6222,3.1110000,291541,3111,17392.9414,24091.9473,-90.4824725664,173.536536296,0,0,
6223,6223,3.1115000,291542,3112,17410.9707,24024.9941,-53.1492112985,59.1993629075,0,0,
6224,6224,3.1120000,291542,3112,17489.8242,23936.5254,30.1228378482,-56.2793547644,0,0,
6225,6225,3.1125000,291543,3113,17611.709,23914.166,135.570369284,-100.861502887,0,0,
6226,6226,3.1130000,291543,3113,17669.7676,23957.6797,164.545203475,-78.0564150395,0,0,
6227,6227,3.1135000,291544,3114,17663.2773,23954.6738,128.518444022,-94.3009457325,0,0,
6228,6228,3.1140000,291544,3114,17690.4434,23865.0059,127.353961341,-182.162230647,0,0,
6229,6229,3.1145000,291545,3115,17731.5527,23821.25,139.756953463,-218.823467674,0,0,
6230,6230,3.1150000,291545,3115,17756.6738,23840.2422,135.89252414,-196.432275624,0,0,
6231,6231,3.1155000,291546,3116,17757.1543,23871.8574,105.434854572,-159.869129566,0,0,
6232,6232,3.1160000,291546,3116,17691.7637,23876.7832,24.0787371462,-146.287771743,0,0,
6233,6233,3.1165000,291547,3117,17623.7305,23879.6699,-46.47222229,-138.094445464,0,0,
6234,6234,3.1170000,291547,3117,17599.0879,23887.002,-68.8405569031,-128.227965321,0,0,
6235,6235,3.1175000,291548,3118,17607.3828,23877.9863,-55.6152676383,-140.426439083,0,0,
6236,6236,3.1180000,291548,3118,17597.2852,23880.6309,-58.951753419,-135.655220095,0,0,
6237,6237,3.1185000,291549,3119,17583.2207,23912.3652,-66.726730587,-96.6512121259,0,0,
6238,6238,3.1190000,291549,3119,17558.0996,23969.7012,-84.8074834253,-38.4364607564,0,0,
6239,6239,3.1195000,291550,3120,17531.5352,24014.5371,-100.290014379,-11.015732469,0,0,
6240,6240,3.1200000,291550,3120,17504.7285,24016.3379,-110.143021845,-27.7498471827,0,0,
6241,6241,3.1205000,291551,3121,17483.8145,23993.2598,-108.857909091,-56.8311486801,0,0,
6242,6242,3.1210000,291551,3121,17472.5156,23962.4902,-100.007940135,-80.63806138,0,0,
6243,6243,3.1215000,291552,3122,17464.4629,23942.7754,-88.6494690173,-91.6167887991,0,0,
6244,6244,3.1220000,291552,3122,17455.6875,23947.7031,-77.2129386666,-80.4319876911,0,0,
6245,6245,3.1225000,291553,3123,17469.3906,23948.4238,-46.1110722077,-79.4004107308,0,0,
6246,6246,3.1230000,291553,3123,17506.8926,23915.8516,1.29718271213,-100.620480917,0,0,
6247,6247,3.1235000,291554,3124,17533.459,23886.7598,24.8975970311,-108.797928701,0,0,
6248,6248,3.1240000,291554,3124,17571.082,23857.1934,53.4920738854,-121.554991619,0,0,
6249,6249,3.1245000,291555,3125,17610.627,23836.0371,87.3823363939,-125.795729459,0,0,
6250,6250,3.1250000,291555,3125,17614.7148,23867.8906,87.3987151042,-80.5869160625,0,0,
6251,6251,3.1255000,291556,3126,17585.0254,23913.5684,54.7992891431,-22.7456148673,0,0,
6252,6252,3.1260000,291556,3126,17554.4941,23927.75,26.2711922961,4.62182553318,0,0,
6253,6253,3.1265000,291557,3127,17526.3652,23925.1074,3.39676117994,11.7046835628,0,0,
6254,6254,3.1270000,291557,3127,17481.0488,23912.8457,-26.4642621382,4.80040667409,0,0,
6255,6255,3.1275000,291558,3128,17425.998,23910.2012,-51.5855431622,-4.80176343951,0,0,
6256,6256,3.1280000,291558,3128,17403.7598,23905.752,-44.9511933897,-23.1074568504,0,0,
6257,6257,3.1285000,291559,3129,17376.834,23886.2812,-47.434184933,-45.2749791874,0,0,
6258,6258,3.1290000,291559,3129,17370.7051,23836.877,-30.7171694144,-73.885373146,0,0,
6259,6259,3.1295000,291560,3130,17373.1074,23780.502,-12.3295498038,-92.7309718512,0,0,
6260,6260,3.1300000,291560,3130,17374.5508,23747.8066,7.24214051113,-97.8930096884,0,0,
6261,6261,3.1305000,291561,3131,17395.1055,23699.125,42.7037838747,-130.523006766,0,0,
6262,6262,3.1310000,291561,3131,17417.9434,23649.2422,68.0673819674,-145.71381261,0,0,
6263,6263,3.1315000,291562,3132,17437.8965,23647.4375,76.2344083359,-95.4517403722,0,0,
6264,6264,3.1320000,291562,3132,17448.9551,23673.2812,67.093731474,-27.4783278782,0,0,
6265,6265,3.1325000,291563,3133,17464.4629,23674.002,58.8928994075,-4.25587688876,0,0,
6266,6266,3.1330000,291563,3133,17488.2617,23635.6582,67.5190088164,-20.858212813,0,0,
6267,6267,3.1335000,291564,3134,17506.4121,23606.5703,76.6308249585,-13.395225105,0,0,
6268,6268,3.1340000,291564,3134,17500.5215,23648.5215,60.8775541991,63.149874612,0,0,
6269,6269,3.1345000,291565,3135,17481.6504,23705.1348,38.8099359931,126.553379873,0,0,
6270,6270,3.1350000,291565,3135,17485.8574,23724.0078,43.9675753888,135.765157921,0,0,
6271,6271,3.1355000,291566,3136,17499.8008,23700.4473,56.4393210216,111.452736036,0,0,
6272,6272,3.1360000,291566,3136,17490.666,23691.3125,57.3958491215,111.19986007,0,0,
6273,6273,3.1365000,291567,3137,17474.0781,23699.0059,50.5617334119,122.856020733,0,0,
6274,6274,3.1370000,291567,3137,17459.8945,23712.1074,38.6741887313,134.165247023,0,0,
6275,6275,3.1375000,291568,3138,17438.377,23745.4043,20.589876648,154.941410124,0,0,
6276,6276,3.1380000,291568,3138,17391.7402,23794.2051,-10.8839531033,183.737504532,0,0,
6277,6277,3.1385000,291569,3139,17363.7324,23838.6797,-21.8810502032,204.553632677,0,0,
6278,6278,3.1390000,291569,3139,17354.8379,23880.6309,-15.6031754827,216.514177359,0,0,
6279,6279,3.1395000,291570,3140,17351.832,23884.4766,-5.64271255094,187.034251165,0,0,
6280,6280,3.1400000,291570,3140,17338.9707,23876.7832,-4.09117810225,155.620601244,0,0,
6281,6281,3.1405000,291571,3141,17338.248,23886.0391,8.43190002015,149.561431672,0,0,
6282,6282,3.1410000,291571,3141,17372.748,23891.8105,43.8885549012,145.103896066,0,0,
6283,6283,3.1415000,291572,3142,17381.041,23876.9043,49.8500585813,119.27183897,0,0,
6284,6284,3.1420000,291572,3142,17372.748,23856.3496,41.3859619163,86.9511194471,0,0,
6285,6285,3.1425000,291573,3143,17383.4453,23825.3379,47.0877340749,47.157563678,0,0,
6286,6286,3.1430000,291573,3143,17376.2324,23796.127,34.0589023307,24.1053151159,0,0,
6287,6287,3.1435000,291574,3144,17381.5215,23778.3379,30.0169084732,17.2304807774,0,0,
6288,6288,3.1440000,291574,3144,17399.3125,23764.7559,35.122936805,8.58884111097,0,0,
6289,6289,3.1445000,291575,3145,17421.0684,23762.834,49.4268388229,6.87173807885,0,0,
6290,6290,3.1450000,291575,3145,17448.8359,23783.3887,72.7754216984,17.2060231277,0,0,
6291,6291,3.1455000,291576,3146,17451.8418,23784.1094,72.4592668245,13.5081451398,0,0,
6292,6292,3.1460000,291576,3146,17447.1523,23780.2637,63.8408309133,15.9087369888,0,0,
6293,6293,3.1465000,291577,3147,17451.1191,23790.1191,60.6018646784,29.7841798884,0,0,
6294,6294,3.1470000,291577,3147,17443.7871,23813.6777,51.7782374047,48.6705185261,0,0,
6295,6295,3.1475000,291578,3148,17404.8418,23827.3809,23.8886187446,43.3049821472,0,0,
6296,6296,3.1480000,291578,3148,17362.7715,23825.8184,-8.39118773284,17.9049386762,0,0,
6297,6297,3.1485000,291579,3149,17340.0527,23801.7793,-22.8117146402,-16.1697241271,0,0,
6298,6298,3.1490000,291579,3149,17317.9355,23762.2324,-37.2064540346,-42.0260017365,0,0,
6299,6299,3.1495000,291580,3150,17294.4961,23707.2988,-53.6834860783,-67.8141352975,0,0,
6300,6300,3.1500000,291580,3150,17287.1621,23645.2734,-49.6552308878,-106.769062913,0,0,
6301,6301,3.1505000,291581,3151,17258.5547,23600.1973,-63.2523871114,-134.959000479,0,0,
6302,6302,3.1510000,291581,3151,17216.7246,23569.666,-88.2463500429,-136.886826619,0,0,
6303,6303,3.1515000,291582,3152,17192.084,23549.9531,-99.9043291565,-119.713443948,0,0,
6304,6304,3.1520000,291582,3152,17177.5391,23545.2656,-103.934084909,-94.6788907113,0,0,
6305,6305,3.1525000,291583,3153,17165.6387,23536.6113,-106.636073427,-82.4570465088,0,0,
6306,6306,3.1530000,291583,3153,17159.0273,23514.6152,-96.3353489284,-79.7714353005,0,0,
6307,6307,3.1535000,291584,3154,17147.9688,23494.0605,-82.4534624212,-67.4496130185,0,0,
6308,6308,3.1540000,291584,3154,17149.291,23457.0371,-57.3836308524,-72.0854308322,0,0,
6309,6309,3.1545000,291585,3155,17162.873,23409.4375,-22.0763189899,-93.4132603542,0,0,
6310,6310,3.1550000,291585,3155,17160.2285,23366.2832,-5.8120686829,-106.909119121,0,0,
6311,6311,3.1555000,291586,3156,17148.6895,23354.0234,0.00599111417586,-80.3806132748,0,0,
6312,6312,3.1560000,291586,3156,17149.7715,23350.8984,27.4747962272,-45.1380938859,0,0,
6313,6313,3.1565000,291587,3157,17170.2051,23334.0703,65.8304110858,-29.7020267691,0,0,
6314,6314,3.1570000,291587,3157,17189.4395,23329.2637,88.4833652638,-8.15543587117,0,0,
6315,6315,3.1575000,291588,3158,17210.2324,23332.2676,106.13117055,10.644206509,0,0,
6316,6316,3.1580000,291588,3158,17217.3262,23336.5938,114.304884344,26.2125438957,0,0,
6317,6317,3.1585000,291589,3159,17225.0176,23292.4785,115.141181245,3.92233218372,0,0,
6318,6318,3.1590000,291589,3159,17255.4297,23216.9922,127.740997586,-37.4186194491,0,0,
6319,6319,3.1595000,291590,3160,17299.7832,23176.3652,144.867858947,-38.0656252235,0,0,
6320,6320,3.1600000,291590,3160,17334.2832,23195.959,149.661162863,17.8079811478,0,0,
6321,6321,3.1605000,291591,3161,17336.6855,23241.9941,122.69642869,88.9100463133,0,0,
6322,6322,3.1610000,291591,3161,17337.6484,23271.2031,88.0732150368,137.44006204,0,0,
6323,6323,3.1615000,291592,3162,17343.2988,23267.8379,64.6921769538,149.888266387,0,0,
6324,6324,3.1620000,291592,3162,17340.4121,23255.2168,39.8151080159,147.790797164,0,0,
6325,6325,3.1625000,291593,3163,17339.9316,23219.2754,14.6962018331,124.186745841,0,0,
6326,6326,3.1630000,291593,3163,17339.8125,23162.0605,-5.95517038418,92.9162987357,0,0,
6327,6327,3.1635000,291594,3164,17353.2754,23106.7676,-17.5400509,68.762166927,0,0,
6328,6328,3.1640000,291594,3164,17367.6992,23056.1621,-30.3088208248,46.9364770972,0,0,
6329,6329,3.1645000,291595,3165,17359.0449,23042.9395,-54.6811094656,54.2098595129,0,0,
6330,6330,3.1650000,291595,3165,17349.3066,23058.9277,-70.2036618076,74.5127137521,0,0,
6331,6331,3.1655000,291596,3166,17344.2598,23065.1777,-72.984374878,88.7929187859,0,0,
6332,6332,3.1660000,291596,3166,17330.4355,23058.8066,-81.3925980594,96.987145716,0,0,
6333,6333,3.1665000,291597,3167,17311.084,23060.9707,-95.1070150891,107.595281236,0,0,
6334,6334,3.1670000,291597,3167,17291.0098,23072.0293,-100.645180751,116.962876248,0,0,
6335,6335,3.1675000,291598,3168,17291.3691,23069.3848,-77.690080202,103.597383251,0,0,
6336,6336,3.1680000,291598,3168,17292.9316,23054.1191,-62.3666632892,76.8271747299,0,0,
6337,6337,3.1685000,291599,3169,17276.3457,23035.127,-70.6168775357,58.1819022303,0,0,
6338,6338,3.1690000,291599,3169,17260.3574,23001.9512,-79.0415789683,43.8230817487,0,0,
6339,6339,3.1695000,291600,3170,17245.6934,22977.5488,-87.1525968491,45.8162386361,0,0,
6340,6340,3.1700000,291600,3170,17229.1055,22959.0391,-94.0562948161,40.7846811746,0,0,
6341,6341,3.1705000,291601,3171,17220.5723,22936.9219,-88.7291128813,19.327767727,0,0,
6342,6342,3.1710000,291601,3171,17213.1191,22938.2422,-83.7465744144,22.1257067878,0,0,
6343,6343,3.1715000,291602,3172,17200.9785,22947.5,-90.760555585,32.9957505613,0,0,
6344,6344,3.1720000,291602,3172,17178.6191,22967.8125,-108.649229301,43.3075730752,0,0,
6345,6345,3.1725000,291603,3173,17153.6191,22990.8926,-126.660422775,46.5006518787,0,0,
6346,6346,3.1730000,291603,3173,17131.8613,23005.916,-132.273645625,43.2832131623,0,0,
6347,6347,3.1735000,291604,3174,17119.2402,22984.041,-120.433245686,13.4094595071,0,0,
6348,6348,3.1740000,291604,3174,17115.2734,22954.3516,-101.812236862,-19.1139431385,0,0,
6349,6349,3.1745000,291605,3175,17119.8418,22976.8281,-76.6237861959,-12.2529447288,0,0,
6350,6350,3.1750000,291605,3175,17129.457,23018.1777,-47.569173709,3.56085494767,0,0,
6351,6351,3.1755000,291606,3176,17134.9863,23056.4043,-25.0398735528,13.5933299612,0,0,
6352,6352,3.1760000,291606,3176,17123.4473,23103.7637,-11.9196127102,27.6605260493,0,0,
6353,6353,3.1765000,291607,3177,17117.918,23126.4824,1.87622210989,14.8692830492,0,0,
6354,6354,3.1770000,291607,3177,17119.3613,23124.0762,14.5303528352,-22.7816211325,0,0,
6355,6355,3.1775000,291608,3178,17125.6113,23201.248,28.5972497249,2.1463798322,0,0,
6356,6356,3.1780000,291608,3178,17127.6543,23334.1895,44.6154846732,62.2372593051,0,0,
6357,6357,3.1785000,291609,3179,17124.0488,23475.4277,49.6767141542,123.141695775,0,0,
6358,6358,3.1790000,291609,3179,17108.541,23540.8184,37.1706196647,110.284323021,0,0,
6359,6359,3.1795000,291610,3180,17101.9316,23520.0234,31.0578283779,20.2512667013,0,0,
6360,6360,3.1800000,291610,3180,17095.9199,23499.9512,30.4465717864,-61.7560152517,0,0,
6361,6361,3.1805000,291611,3181,17112.6289,23487.209,52.8849474499,-126.329824409,0,0,
6362,6362,3.1810000,291611,3181,17163.1152,23474.8281,91.5286135505,-172.801607066,0,0,
6363,6363,3.1815000,291612,3182,17199.5352,23463.5293,112.284896935,-203.78328339,0,0,
6364,6364,3.1820000,291612,3182,17185.832,23479.1543,91.0922383952,-207.661554825,0,0,
6365,6365,3.1825000,291613,3183,17160.8301,23510.0469,59.422238858,-195.287589678,0,0,
6366,6366,3.1830000,291613,3183,17121.1641,23528.0781,22.2377181745,-186.863869028,0,0,
6367,6367,3.1835000,291614,3184,17076.5684,23518.9434,-17.3505994965,-201.687741291,0,0,
6368,6368,3.1840000,291614,3184,17037.9824,23515.4551,-45.9246059271,-213.554217082,0,0,
6369,6369,3.1845000,291615,3185,17015.5059,23528.6777,-46.1385832782,-218.650440344,0,0,
6370,6370,3.1850000,291615,3185,17014.1836,23554.1621,-23.0375317662,-223.0413686,0,0,
6371,6371,3.1855000,291616,3186,17061.9043,23566.1816,40.3965171455,-228.5904817,0,0,
6372,6372,3.1860000,291616,3186,17109.9844,23597.4355,93.8665564765,-206.694389249,0,0,
6373,6373,3.1865000,291617,3187,17105.8984,23659.8184,92.4225012282,-164.327282462,0,0,
6374,6374,3.1870000,291617,3187,17087.0254,23747.9277,82.6039469555,-113.035314298,0,0,
6375,6375,3.1875000,291618,3188,17075.6074,23863.0801,84.319945395,-53.2282231305,0,0,
6376,6376,3.1880000,291618,3188,17071.2793,23986.6484,86.3883659309,0.179913435411,0,0,
6377,6377,3.1885000,291619,3189,17059.7402,24102.7656,78.993505602,42.1140072511,0,0,
6378,6378,3.1890000,291619,3189,17056.9746,24187.2676,76.5739770045,60.8636156469,0,0,
6379,6379,3.1895000,291620,3190,17079.334,24238.2344,90.8373642913,50.5905724686,0,0,
6380,6380,3.1900000,291620,3190,17132.8223,24296.291,126.082193906,36.2169809578,0,0,
6381,6381,3.1905000,291621,3191,17218.8887,24403.3906,179.165247172,51.626082767,0,0,
6382,6382,3.1910000,291621,3191,17325.1465,24551.9609,232.75828752,92.2189787591,0,0,
6383,6383,3.1915000,291622,3192,17437.2949,24786.959,269.085387768,191.755759172,0,0,
6384,6384,3.1920000,291622,3192,17548.8438,25069.3125,288.377392444,297.002624335,0,0,
6385,6385,3.1925000,291623,3193,17642.2402,25374.8672,279.30009243,386.381851664,0,0,
6386,6386,3.1930000,291623,3193,17718.4492,25699.6562,252.650246775,465.669029879,0,0,
6387,6387,3.1935000,291624,3194,17784.8027,25997.877,218.808192038,503.729490979,0,0,
6388,6388,3.1940000,291624,3194,17850.793,26264.0059,181.734111468,493.680986956,0,0,
6389,6389,3.1945000,291625,3195,17920.1504,26503.9297,146.566030848,433.296872995,0,0,
6390,6390,3.1950000,291625,3195,18018.2344,26721.377,135.669287724,344.78369536,0,0,
6391,6391,3.1955000,291626,3196,18138.7988,26921.7559,139.171983492,246.832753095,0,0,
6392,6392,3.1960000,291626,3196,18267.8965,27097.25,149.988254429,133.715725588,0,0,
6393,6393,3.1965000,291627,3197,18388.9395,27238.4863,140.815281081,6.31067532139,0,0,
6394,6394,3.1970000,291627,3197,18509.502,27332.8457,119.501021674,-142.721502254,0,0,
6395,6395,3.1975000,291628,3198,18619.4883,27423,84.1049646146,-290.930936447,0,0,
6396,6396,3.1980000,291628,3198,18722.8613,27544.8828,49.0590351357,-398.723874852,0,0,
6397,6397,3.1985000,291629,3199,18828.0391,27698.9844,12.9199905605,-453.570056569,0,0,
6398,6398,3.1990000,291629,3199,18926.6055,27837.8184,-32.2611857882,-492.775415871,0,0,
6399,6399,3.1995000,291630,3200,19017.1172,27941.0703,-85.800563594,-540.343317779,0,0,
6400,6400,3.2000000,291630,3200,19078.9004,28024.8516,-154.890357102,-595.634782394,0,0,
6401,6401,3.2005000,291631,3201,19102.3418,28096.9746,-245.849833009,-646.867453423,0,0,
6402,6402,3.2010000,291631,3201,19135.3965,28095.8926,-324.182448895,-734.71687521,0,0,
6403,6403,3.2015000,291632,3202,19184.6797,28042.7637,-370.600949628,-832.825337347,0,0,
6404,6404,3.2020000,291632,3202,19228.6738,28002.7344,-399.922676616,-893.289123336,0,0,
6405,6405,3.2025000,291633,3203,19287.2129,27968.8379,-411.615222906,-921.729737488,0,0,
6406,6406,3.2030000,291633,3203,19353.3242,27880.0078,-409.578032245,-962.370873098,0,0,
6407,6407,3.2035000,291634,3204,19408.7363,27758.9629,-417.67863999,-996.557832038,0,0,
6408,6408,3.2040000,291634,3204,19464.9922,27633.834,-423.222043039,-1010.09135844,0,0,
6409,6409,3.2045000,291635,3205,19517.2793,27524.6895,-423.145812896,-994.572396028,0,0,
6410,6410,3.2050000,291635,3205,19574.4961,27424.8027,-414.617098889,-960.043800164,0,0,
6411,6411,3.2055000,291636,3206,19641.0879,27278.875,-400.314627232,-934.518517903,0,0,
6412,6412,3.2060000,291636,3206,19681.957,27053.375,-402.867923102,-945.871608065,0,0,
6413,6413,3.2065000,291637,3207,19662.6055,26737.9629,-440.209953705,-1003.60610483,0,0,
6414,6414,3.2070000,291637,3207,19605.5098,26140.7988,-487.575689001,-1250.75335942,0,0,
6415,6415,3.2075000,291638,3208,19539.3965,25528.3672,-521.602815682,-1427.1160795,0,0,
6416,6416,3.2080000,291638,3208,19462.5879,25145.8828,-551.414771805,-1337.13384264,0,0,
6417,6417,3.2085000,291639,3209,19389.625,24722.0488,-560.721391729,-1241.68352241,0,0,
6418,6418,3.2090000,291639,3209,19333.25,24207.1016,-545.016229028,-1171.77752155,0,0,
6419,6419,3.2095000,291640,3210,19266.8984,23673.5215,-532.942932345,-1068.81584524,0,0,
6420,6420,3.2100000,291640,3210,19210.4043,23141.2656,-505.513751739,-939.866648382,0,0,
6421,6421,3.2105000,291641,3211,19180.3535,22666.2246,-451.58715814,-752.429220982,0,0,
6422,6422,3.2110000,291641,3211,19156.793,22228.4473,-392.481745418,-527.766198537,0,0,
6423,6423,3.2115000,291642,3212,19139.2441,21876.7344,-331.248038331,-240.644043618,0,0,
6424,6424,3.2120000,291642,3212,19124.459,21661.8125,-267.625166764,133.912137304,0,0,
6425,6425,3.2125000,291643,3213,19117.4863,21551.4668,-195.336604945,552.007055252,0,0,
6426,6426,3.2130000,291643,3213,19118.4473,21491.9668,-113.084184573,961.568553604,0,0,
6427,6427,3.2135000,291644,3214,19114.9629,21489.5625,-34.2597611003,1373.76291965,0,0,
6428,6428,3.2140000,291644,3214,19017.959,21525.9844,-36.7524283548,1758.55016216,0,0,
6429,6429,3.2145000,291645,3215,18956.2949,21571.9004,0.0788244322274,2075.50205367,0,0,
6430,6430,3.2150000,291645,3215,18948.4824,21641.9785,80.6248933762,2348.36310551,0,0,
6431,6431,3.2155000,291646,3216,18944.7559,21742.3496,156.127607905,2588.53064707,0,0,
6432,6432,3.2160000,291646,3216,18884.4141,21812.7871,185.727660976,2745.83242421,0,0,
6433,6433,3.2165000,291647,3217,18812.7734,21856.0605,207.912717262,2837.24039478,0,0,
6434,6434,3.2170000,291647,3217,18795.584,21885.75,274.117811555,2882.00272879,0,0,
6435,6435,3.2175000,291648,3218,18801.2344,21914.5996,353.751362828,2873.16911118,0,0,
6436,6436,3.2180000,291648,3218,18818.4238,21924.4551,439.323604767,2803.63293742,0,0,
6437,6437,3.2185000,291649,3219,18828.0391,21881.4219,504.277857011,2669.89293313,0,0,
6438,6438,3.2190000,291649,3219,18834.6504,21825.7695,554.745257422,2531.8821798,0,0,
6439,6439,3.2195000,291650,3220,18856.5273,21786.9434,606.704811031,2412.24325187,0,0,
6440,6440,3.2200000,291650,3220,18917.4707,21762.6621,686.440534309,2289.57561453,0,0,
6441,6441,3.2205000,291651,3221,18993.7988,21747.3965,766.465392005,2159.56117861,0,0,
6442,6442,3.2210000,291651,3221,19072.5312,21725.0391,817.823681313,2026.28946142,0,0,
6443,6443,3.2215000,291652,3222,19170.9766,21693.1855,868.76833569,1883.84744392,0,0,
6444,6444,3.2220000,291652,3222,19274.2305,21647.1484,914.939643336,1711.41064518,0,0,
6445,6445,3.2225000,291653,3223,19372.4355,21596.4238,933.71943095,1527.81534952,0,0,
6446,6446,3.2230000,291653,3223,19449.125,21534.7598,920.483703738,1348.26918076,0,0,
6447,6447,3.2235000,291654,3224,19507.7832,21476.8223,881.002865445,1177.25357635,0,0,
6448,6448,3.2240000,291654,3224,19554.0625,21401.2129,823.371196312,984.302760263,0,0,
6449,6449,3.2245000,291655,3225,19616.4473,21304.3301,780.370777786,764.22559802,0,0,
6450,6450,3.2250000,291655,3225,19682.7988,21221.1504,734.681855259,553.313014828,0,0,
6451,6451,3.2255000,291656,3226,19746.9863,21135.0859,677.054442207,362.763803721,0,0,
6452,6452,3.2260000,291656,3226,19790.3809,21033.0332,605.895625216,182.182505283,0,0,
6453,6453,3.2265000,291657,3227,19802.7617,20941.1992,526.442045031,25.7501178074,0,0,
6454,6454,3.2270000,291657,3227,19803.002,20859.0996,451.234665691,-79.5003868017,0,0,
6455,6455,3.2275000,291658,3228,19802.8809,20776.7617,382.094454039,-194.323862919,0,0,
6456,6456,3.2280000,291658,3228,19804.2031,20683.8457,314.813366806,-360.330045456,0,0,
6457,6457,3.2285000,291659,3229,19799.0352,20584.4375,243.938322409,-510.596516298,0,0,
6458,6458,3.2290000,291659,3229,19786.8945,20481.666,166.136998611,-628.296213327,0,0,
6459,6459,3.2295000,291660,3230,19780.6426,20382.2578,96.0589664673,-729.90061565,0,0,
6460,6460,3.2300000,291660,3230,19767.7832,20277.9219,20.9836793448,-841.185442026,0,0,
6461,6461,3.2305000,291661,3231,19756.7246,20186.3262,-52.7069683604,-959.665263396,0,0,
6462,6462,3.2310000,291661,3231,19744.2227,20118.0527,-123.413369463,-1064.27893255,0,0,
6463,6463,3.2315000,291662,3232,19737.4902,20064.4414,-185.749543697,-1174.57215623,0,0,
6464,6464,3.2320000,291662,3232,19748.9102,20011.9141,-226.849713624,-1306.42588483,0,0,
6465,6465,3.2325000,291663,3233,19775.2344,19958.543,-251.102386047,-1444.86501874,0,0,
6466,6466,3.2330000,291663,3233,19826.2012,19896.7598,-250.706764928,-1576.87988912,0,0,
6467,6467,3.2335000,291664,3234,19892.1914,19842.668,-236.670331919,-1678.60592859,0,0,
6468,6468,3.2340000,291664,3234,19941.7148,19812.1367,-227.408203908,-1742.23132117,0,0,
6469,6469,3.2345000,291665,3235,19962.3906,19804.4434,-253.219151105,-1779.4697577,0,0,
6470,6470,3.2350000,291665,3235,19956.7402,19809.373,-309.855446324,-1799.1381337,0,0,
6471,6471,3.2355000,291666,3236,19937.6289,19823.916,-370.697988651,-1802.34126177,0,0,
6472,6472,3.2360000,291666,3236,19919.8379,19848.3184,-405.156861346,-1781.54986912,0,0,
6473,6473,3.2365000,291667,3237,19906.9766,19887.1426,-427.42836514,-1733.85259418,0,0,
6474,6474,3.2370000,291667,3237,19911.3027,19940.7539,-442.396995209,-1665.91078698,0,0,
6475,6475,3.2375000,291668,3238,19928.7324,19994.9648,-445.321043812,-1612.96426655,0,0,
6476,6476,3.2380000,291668,3238,19952.1738,20038.3574,-437.46336647,-1577.86927357,0,0,
6477,6477,3.2385000,291669,3239,19976.334,20063.1191,-428.454047309,-1546.11443162,0,0,
6478,6478,3.2390000,291669,3239,20002.418,20090.6465,-418.27111873,-1493.24361108,0,0,
6479,6479,3.2395000,291670,3240,20028.8613,20135.4824,-411.541220101,-1417.22614893,0,0,
6480,6480,3.2400000,291670,3240,20049.0566,20225.2734,-409.610896895,-1312.04915881,0,0,
6481,6481,3.2405000,291671,3241,20070.2129,20354.8516,-402.21106004,-1187.15142335,0,0,
6482,6482,3.2410000,291671,3241,20094.9746,20467.6016,-398.813754547,-1077.64371066,0,0,
6483,6483,3.2415000,291672,3242,20114.0859,20555.1074,-400.269226823,-991.137404234,0,0,
6484,6484,3.2420000,291672,3242,20136.5645,20621.2207,-387.944727215,-934.591143915,0,0,
6485,6485,3.2425000,291673,3243,20155.0742,20653.4336,-379.56402269,-909.837925224,0,0,
6486,6486,3.2430000,291673,3243,20168.1777,20639.3711,-368.808990548,-905.100772234,0,0,
6487,6487,3.2435000,291674,3244,20186.8086,20583.7168,-349.69092023,-919.733985549,0,0,
6488,6488,3.2440000,291674,3244,20213.4941,20525.9004,-323.76598307,-922.788464179,0,0,
6489,6489,3.2445000,291675,3245,20239.0957,20459.7871,-299.619623297,-925.687085713,0,0,
6490,6490,3.2450000,291675,3245,20265.0605,20392.7148,-277.420337022,-926.155635599,0,0,
6491,6491,3.2455000,291676,3246,20288.8613,20322.998,-261.647422176,-902.406464735,0,0,
6492,6492,3.2460000,291676,3246,20312.6602,20266.0215,-237.508792252,-841.697994915,0,0,
6493,6493,3.2465000,291677,3247,20329.248,20224.1914,-202.69576829,-758.703679424,0,0,
6494,6494,3.2470000,291677,3247,20343.5527,20193.1777,-162.817164728,-636.947022542,0,0,
6495,6495,3.2475000,291678,3248,20349.4434,20164.5703,-132.274046013,-524.606307114,0,0,
6496,6496,3.2480000,291678,3248,20356.2949,20136.4434,-106.430071451,-449.294438341,0,0,
6497,6497,3.2485000,291679,3249,20358.2168,20125.625,-87.6036088926,-350.137944287,0,0,
6498,6498,3.2490000,291679,3249,20349.082,20152.3105,-82.9975553016,-204.611491998,0,0,
6499,6499,3.2495000,291680,3250,20349.3223,20205.6797,-73.8597214127,-47.0447798931,0,0,
6500,6500,3.2500000,291680,3250,20350.4043,20262.0547,-67.5469493368,86.4554086834,0,0,
6501,6501,3.2505000,291681,3251,20351.0059,20309.1738,-67.8761074058,173.679496496,0,0,
6502,6502,3.2510000,291681,3251,20346.6777,20346.5566,-73.7649898908,227.733200575,0,0,
6503,6503,3.2515000,291682,3252,20325.5215,20385.623,-95.386265147,255.921561897,0,0,
6504,6504,3.2520000,291682,3252,20305.0879,20427.334,-114.141458019,259.793898747,0,0,
6505,6505,3.2525000,291683,3253,20278.8828,20479.9824,-133.292569976,259.175542416,0,0,
6506,6506,3.2530000,291683,3253,20249.0723,20540.8047,-149.630949521,266.225161568,0,0,
6507,6507,3.2535000,291684,3254,20216.1387,20598.8613,-159.713930122,275.508186911,0,0,
6508,6508,3.2540000,291684,3254,20175.6289,20658.9629,-154.615347843,286.764503662,0,0,
6509,6509,3.2545000,291685,3255,20129.9512,20712.9355,-149.726534846,288.826847969,0,0,
6510,6510,3.2550000,291685,3255,20074.6582,20759.2129,-152.76838757,286.686309541,0,0,
6511,6511,3.2555000,291686,3256,20009.1484,20796.3555,-157.102313581,283.721772266,0,0,
6512,6512,3.2560000,291686,3256,19938.8301,20823.1602,-146.875681065,287.150602698,0,0,
6513,6513,3.2565000,291687,3257,19871.7578,20851.168,-128.998611261,307.283733723,0,0,
6514,6514,3.2570000,291687,3257,19800.3574,20883.502,-123.3781462,341.912711899,0,0,
6515,6515,3.2575000,291688,3258,19723.7871,20928.2168,-120.191201947,381.166122283,0,0,
6516,6516,3.2580000,291688,3258,19646.9785,20980.2637,-108.268803213,424.197516526,0,0,
6517,6517,3.2585000,291689,3259,19565.3613,21044.9336,-94.5959845413,488.662116411,0,0,
6518,6518,3.2590000,291689,3259,19487.3496,21119.3379,-73.4147011029,568.208608206,0,0,
6519,6519,3.2595000,291690,3260,19417.0312,21205.8848,-45.2007266653,653.393598953,0,0,
6520,6520,3.2600000,291690,3260,19348.0352,21301.2051,-13.0454684354,725.063522918,0,0,
6521,6521,3.2605000,291691,3261,19273.3887,21397.127,17.7852026557,779.709136663,0,0,
6522,6522,3.2610000,291691,3261,19204.0332,21501.4629,47.1236367751,847.542176691,0,0,
6523,6523,3.2615000,291692,3262,19132.9922,21605.6777,75.2909270195,916.700508294,0,0,
6524,6524,3.2620000,291692,3262,19068.5645,21704.9668,115.394074223,969.612987595,0,0,
6525,6525,3.2625000,291693,3263,19007.9824,21804.252,156.125805789,1015.88543794,0,0,
6526,6526,3.2630000,291693,3263,18962.9062,21890.4375,211.483609912,1058.64971718,0,0,
6527,6527,3.2635000,291694,3264,18923.2402,21969.0488,265.621044214,1094.24580327,0,0,
6528,6528,3.2640000,291694,3264,18882.1309,22057.3984,310.193649636,1125.11753767,0,0,
6529,6529,3.2645000,291695,3265,18829.9629,22148.752,340.074988248,1141.79051236,0,0,
6530,6530,3.2650000,291695,3265,18769.3809,22257.2969,358.079954351,1151.90885751,0,0,
6531,6531,3.2655000,291696,3266,18716.8516,22365.3594,377.523157118,1159.15008606,0,0,
6532,6532,3.2660000,291696,3266,18674.2988,22441.6875,408.083392945,1138.34945314,0,0,
6533,6533,3.2665000,291697,3267,18641.7246,22502.1484,455.770956109,1098.9895422,0,0,
6534,6534,3.2670000,291697,3267,18617.2051,22565.375,507.914354136,1079.6099212,0,0,
6535,6535,3.2675000,291698,3268,18590.2793,22637.8574,548.410505441,1056.08715752,0,0,
6536,6536,3.2680000,291698,3268,18559.748,22707.2129,572.214351197,997.433621124,0,0,
6537,6537,3.2685000,291699,3269,18528.1348,22772.7246,585.966908416,939.310494559,0,0,
6538,6538,3.2690000,291699,3269,18493.2754,22827.8984,587.224365479,882.479317866,0,0,
6539,6539,3.2695000,291700,3270,18449.5215,22880.1855,569.35156781,822.90180053,0,0,
6540,6540,3.2700000,291700,3270,18405.6465,22930.5488,544.554337986,756.110603848,0,0,
6541,6541,3.2705000,291701,3271,18363.9375,22944.7344,513.380160728,646.315458037,0,0,
6542,6542,3.2710000,291701,3271,18333.7676,22942.4512,487.815503092,523.650190274,0,0,
6543,6543,3.2715000,291702,3272,18307.6816,22993.416,460.936520838,440.333299253,0,0,
6544,6544,3.2720000,291702,3272,18276.9102,23085.6113,423.45956952,376.376024826,0,0,
6545,6545,3.2725000,291703,3273,18234.8398,23164.3438,374.778861818,289.487507084,0,0,
6546,6546,3.2730000,291703,3273,18179.0645,23218.4355,315.693264031,187.078520427,0,0,
6547,6547,3.2735000,291704,3274,18145.5293,23207.6172,280.045118997,46.7289422647,0,0,
6548,6548,3.2740000,291704,3274,18127.498,23189.2266,269.169240449,-79.4205702851,0,0,
6549,6549,3.2745000,291705,3275,18109.5879,23178.166,253.418315445,-181.982874119,0,0,
6550,6550,3.2750000,291705,3275,18094.9238,23160.1387,233.166504839,-271.629251564,0,0,
6551,6551,3.2755000,291706,3276,18080.1387,23130.0859,210.56269663,-350.326507218,0,0,
6552,6552,3.2760000,291706,3276,18058.8633,23097.6328,188.465203994,-404.579550956,0,0,
6553,6553,3.2765000,291707,3277,18042.2754,23034.2871,165.762844381,-461.212813311,0,0,
6554,6554,3.2770000,291707,3277,18016.1914,22960.6016,122.462006545,-503.449009653,0,0,
6555,6555,3.2775000,291708,3278,17987.7031,22890.1621,75.007079363,-533.773065185,0,0,
6556,6556,3.2780000,291708,3278,17969.3125,22784.0234,39.0135216805,-580.345773126,0,0,
6557,6557,3.2785000,291709,3279,17982.2949,22591.8203,28.9835653669,-668.18840675,0,0,
6558,6558,3.2790000,291709,3279,18019.0762,22332.1816,31.4416778198,-770.197100681,0,0,
6559,6559,3.2795000,291710,3280,18056.3379,22105,22.1642638498,-806.069507712,0,0,
6560,6560,3.2800000,291710,3280,18071.6035,22023.0215,-10.9980140123,-706.545156243,0,0,
6561,6561,3.2805000,291711,3281,18093.7207,22103.7969,-37.6047444693,-482.293346436,0,0,
6562,6562,3.2810000,291711,3281,18128.2207,22247.1973,-63.248187394,-226.268953635,0,0,
6563,6563,3.2815000,291712,3282,18153.3418,22362.9531,-99.597013223,-21.5397754481,0,0,
6564,6564,3.2820000,291712,3282,18163.6797,22435.6777,-144.659869129,116.905990512,0,0,
6565,6565,3.2825000,291713,3283,18145.8887,22513.0859,-211.221465039,239.854607892,0,0,
6566,6566,3.2830000,291713,3283,18129.3027,22599.6328,-267.849616174,364.257275717,0,0,
6567,6567,3.2835000,291714,3284,18114.877,22647.2344,-315.989566487,441.335738045,0,0,
6568,6568,3.2840000,291714,3284,18096.7266,22667.4277,-361.476018425,475.474658957,0,0,
6569,6569,3.2845000,291715,3285,18090.8379,22705.8926,-387.990199558,508.738775195,0,0,
6570,6570,3.2850000,291715,3285,18096.127,22728.25,-401.0455418,505.556039731,0,0,
6571,6571,3.2855000,291716,3286,18113.7949,22730.5332,-405.972546318,486.170459382,0,0,
6572,6572,3.2860000,291716,3286,18130.0234,22715.2676,-408.337543856,460.963724491,0,0,
6573,6573,3.2865000,291717,3287,18141.2012,22709.9785,-404.057085195,443.796144272,0,0,
6574,6574,3.2870000,291717,3287,18155.5059,22704.5703,-392.507481171,437.419669384,0,0,
6575,6575,3.2875000,291718,3288,18170.0508,22696.5156,-379.925982985,416.171266905,0,0,
6576,6576,3.2880000,291718,3288,18167.6465,22691.5879,-384.151497365,372.322731679,0,0,
6577,6577,3.2885000,291719,3289,18155.0254,22700.7246,-394.598730286,342.521333122,0,0,
6578,6578,3.2890000,291719,3289,18139.2793,22748.6855,-404.846739292,349.501910126,0,0,
6579,6579,3.2895000,291720,3290,18123.1719,22825.9746,-414.273295576,368.231113611,0,0,
6580,6580,3.2900000,291720,3290,18109.2285,22908.3125,-420.508260449,370.562652999,0,0,
6581,6581,3.2905000,291721,3291,18091.1973,22991.252,-431.006591339,352.706378599,0,0,
6582,6582,3.2910000,291721,3291,18075.5723,23069.1426,-437.997900967,313.687099262,0,0,
6583,6583,3.2915000,291722,3292,18067.998,23149.9199,-435.494336868,245.820548201,0,0,
6584,6584,3.2920000,291722,3292,18063.3105,23224.0859,-429.481263566,146.627716506,0,0,
6585,6585,3.2925000,291723,3293,18068.3594,23275.7715,-411.622161061,23.5025687411,0,0,
6586,6586,3.2930000,291723,3293,18066.7969,23309.4297,-396.70971692,-103.142887937,0,0,
6587,6587,3.2935000,291724,3294,18050.4492,23331.4238,-394.652892612,-214.64408106,0,0,
6588,6588,3.2940000,291724,3294,18027.4902,23358.1113,-385.823278955,-311.628622691,0,0,
6589,6589,3.2945000,291725,3295,18001.5254,23384.916,-375.315303408,-403.236737118,0,0,
6590,6590,3.2950000,291725,3295,17976.0449,23413.7656,-363.053164176,-482.273832154,0,0,
6591,6591,3.2955000,291726,3296,17966.3066,23443.5762,-332.908672882,-547.588486579,0,0,
6592,6592,3.2960000,291726,3296,17977.2461,23463.4082,-277.341600651,-606.103967587,0,0,
6593,6593,3.2965000,291727,3297,18005.6133,23478.4316,-214.29513269,-649.419331308,0,0,
6594,6594,3.2970000,291727,3297,18043.5977,23484.6855,-156.886605087,-687.452029503,0,0,
6595,6595,3.2975000,291728,3298,18097.209,23504.0371,-96.1056269953,-714.338061944,0,0,
6596,6596,3.2980000,291728,3298,18136.2734,23531.6816,-56.531681871,-725.388944696,0,0,
6597,6597,3.2985000,291729,3299,18140.7207,23566.0605,-54.7401128653,-707.554642517,0,0,
6598,6598,3.2990000,291729,3299,18151.5391,23599.3574,-50.4598647388,-674.748026236,0,0,
6599,6599,3.2995000,291730,3300,18157.5488,23619.0703,-51.1264760137,-661.476658934,0,0,
6600,6600,3.3000000,291730,3300,18166.8047,23636.9824,-42.1628558695,-681.087113947,0,0,
6601,6601,3.3005000,291731,3301,18180.1465,23658.0156,-27.6013804332,-722.936102504,0,0,
6602,6602,3.3010000,291731,3301,18194.332,23686.625,-19.1567325558,-748.422500204,0,0,
6603,6603,3.3015000,291732,3302,18211.1602,23722.2031,-5.80569404102,-744.644408449,0,0,
6604,6604,3.3020000,291732,3302,18233.998,23762.4707,18.1323019171,-722.837038678,0,0,
6605,6605,3.3025000,291733,3303,18260.9238,23818.3672,47.4754337406,-683.472642737,0,0,
6606,6606,3.3030000,291733,3303,18282.0801,23873.8984,69.9293239913,-633.259377041,0,0,
6607,6607,3.3035000,291734,3304,18291.5762,23918.8535,80.6093990585,-580.368423791,0,0,
6608,6608,3.3040000,291734,3304,18302.0332,23939.6504,92.590244126,-548.145252103,0,0,
6609,6609,3.3045000,291735,3305,18321.627,23954.0762,111.857264682,-527.136682297,0,0,
6610,6610,3.3050000,291735,3305,18327.7559,23974.0293,117.45965756,-504.95740449,0,0,
6611,6611,3.3055000,291736,3306,18332.2031,23999.9922,118.153569049,-467.053809479,0,0,
6612,6612,3.3060000,291736,3306,18341.2188,24040.6191,127.809838228,-405.6632591,0,0,
6613,6613,3.3065000,291737,3307,18349.5137,24094.1094,146.709312721,-339.329860256,0,0,
6614,6614,3.3070000,291737,3307,18358.168,24146.2793,168.481636183,-269.339523372,0,0,
6615,6615,3.3075000,291738,3308,18367.543,24196.8828,190.999032543,-213.727567782,0,0,
6616,6616,3.3080000,291738,3308,18373.6738,24245.8066,210.342045794,-183.297161777,0,0,
6617,6617,3.3085000,291739,3309,18382.0879,24272.3691,231.314505083,-173.232160105,0,0,
6618,6618,3.3090000,291739,3309,18394.2285,24286.6738,252.339936578,-170.699242386,0,0,
6619,6619,3.3095000,291740,3310,18407.5703,24279.584,268.764530553,-186.940520892,0,0,
6620,6620,3.3100000,291740,3310,18427.2832,24282.709,284.768864038,-192.000058426,0,0,
6621,6621,3.3105000,291741,3311,18462.8633,24281.1465,306.813234574,-200.655495527,0,0,
6622,6622,3.3110000,291741,3311,18450.8438,24284.9922,281.778031796,-202.253930058,0,0,
6623,6623,3.3115000,291742,3312,18443.0293,24301.3379,261.262915615,-207.558168491,0,0,
6624,6624,3.3120000,291742,3312,18456.8535,24309.6328,259.241224339,-230.906840429,0,0,
6625,6625,3.3125000,291743,3313,18486.7832,24297.373,268.898339702,-264.918091725,0,0,
6626,6626,3.3130000,291743,3313,18545.4434,24261.4316,300.867941772,-301.170350788,0,0,
6627,6627,3.3135000,291744,3314,18608.1895,24231.8613,328.116223722,-305.984353788,0,0,
6628,6628,3.3140000,291744,3314,18625.2578,24215.3965,317.303383668,-292.021990513,0,0,
6629,6629,3.3145000,291745,3315,18623.4551,24205.6582,291.222835448,-270.27974542,0,0,
6630,6630,3.3150000,291745,3315,18633.5508,24247.3691,275.147716972,-202.303081872,0,0,
6631,6631,3.3155000,291746,3316,18638.8398,24376.5859,254.308468365,-66.3363952616,0,0,
6632,6632,3.3160000,291746,3316,18634.9941,24485.7285,231.211060691,39.7349457347,0,0,
6633,6633,3.3165000,291747,3317,18629.7051,24549.6777,205.559826493,102.274858441,0,0,
6634,6634,3.3170000,291747,3317,18627.9023,24612.1816,179.856181851,160.848408661,0,0,
6635,6635,3.3175000,291748,3318,18620.8105,24690.5547,149.496882212,216.223171603,0,0,
6636,6636,3.3180000,291748,3318,18619.4883,24772.2949,130.793601696,266.584681976,0,0,
6637,6637,3.3185000,291749,3319,18622.4922,24829.1484,120.651929661,302.822232051,0,0,
6638,6638,3.3190000,291749,3319,18620.8105,24861.2422,103.189196096,326.785496783,0,0,
6639,6639,3.3195000,291750,3320,18617.6855,24893.2168,86.0289854141,345.376007691,0,0,
6640,6640,3.3200000,291750,3320,18619.127,24940.6973,78.3179043093,348.529165596,0,0,
6641,6641,3.3205000,291751,3321,18627.9023,24977.4785,78.0414026035,316.729073529,0,0,
6642,6642,3.3210000,291751,3321,18637.3984,25000.3184,72.5115745375,277.378047566,0,0,
6643,6643,3.3215000,291752,3322,18641.123,25036.8594,63.8448578665,267.429668224,0,0,
6644,6644,3.3220000,291752,3322,18649.5371,25084.0996,63.755392879,275.924220521,0,0,
6645,6645,3.3225000,291753,3323,18653.5059,25134.9453,62.3961814357,286.817722169,0,0,
6646,6646,3.3230000,291753,3323,18656.5098,25176.7734,62.0645781763,299.638062283,0,0,
6647,6647,3.3235000,291754,3324,18653.8652,25201.7754,58.6984766936,311.15237614,0,0,
6648,6648,3.3240000,291754,3324,18654.1055,25223.7734,58.1745106113,325.612360852,0,0,
6649,6649,3.3245000,291755,3325,18650.7402,25242.8848,53.0691793467,332.181369816,0,0,
6650,6650,3.3250000,291755,3325,18646.293,25257.3105,49.1813772382,329.110815686,0,0,
6651,6651,3.3255000,291756,3326,18643.5293,25264.7637,43.8091663638,327.659991686,0,0,
6652,6652,3.3260000,291756,3326,18640.7637,25270.8926,41.0402487586,333.788427049,0,0,
6653,6653,3.3265000,291757,3327,18632.4707,25274.0176,41.8112274114,335.334757494,0,0,
6654,6654,3.3270000,291757,3327,18628.2637,25281.1094,48.7779927236,350.505360552,0,0,
6655,6655,3.3275000,291758,3328,18617.4434,25289.2832,50.6124803065,361.053344459,0,0,
6656,6656,3.3280000,291758,3328,18605.9043,25297.2188,53.4283629849,356.277606525,0,0,
6657,6657,3.3285000,291759,3329,18599.2949,25314.0469,60.5714737846,363.199617446,0,0,
6658,6658,3.3290000,291759,3329,18591.8418,25350.4668,64.4454973383,386.541752707,0,0,
6659,6659,3.3295000,291760,3330,18579.2207,25393.2598,60.6962259746,408.650986297,0,0,
6660,6660,3.3300000,291760,3330,18569.2441,25441.4609,55.807474666,423.059916749,0,0,
6661,6661,3.3305000,291761,3331,18559.1465,25483.0488,45.5026780251,422.468381281,0,0,
6662,6662,3.3310000,291761,3331,18543.2793,25510.5781,36.6073078707,402.69805993,0,0,
6663,6663,3.3315000,291762,3332,18536.5488,25527.4062,32.5804838889,356.62305708,0,0,
6664,6664,3.3320000,291762,3332,18527.7734,25544.9551,20.9465980839,303.232755802,0,0,
6665,6665,3.3325000,291763,3333,18515.3926,25568.9941,4.02984026314,261.669206348,0,0,
6666,6666,3.3330000,291763,3333,18510.7051,25596.8828,-7.40596166433,234.539092166,0,0,
6667,6667,3.3335000,291764,3334,18509.623,25623.3281,-15.0947940631,216.128843211,0,0,
6668,6668,3.3340000,291764,3334,18504.0938,25651.4531,-12.7471565471,196.091344118,0,0,
6669,6669,3.3345000,291765,3335,18500.248,25681.8652,-6.90646019415,174.334320956,0,0,
6670,6670,3.3350000,291765,3335,18491.9531,25714.3203,-10.7129879011,146.776720423,0,0,
6671,6671,3.3355000,291766,3336,18482.5762,25734.3926,-16.4231468181,99.3794397752,0,0,
6672,6672,3.3360000,291766,3336,18467.3105,25760.4785,-22.9626715968,72.817678445,0,0,
6673,6673,3.3365000,291767,3337,18454.4492,25784.3984,-30.4665965696,62.9798993312,0,0,
6674,6674,3.3370000,291767,3337,18447.1172,25812.1641,-38.8347222806,61.7617064668,0,0,
6675,6675,3.3375000,291768,3338,18441.9492,25835.123,-47.4359794581,47.2422414036,0,0,
6676,6676,3.3380000,291768,3338,18439.9043,25862.6504,-52.412349639,38.6775621283,0,0,
6677,6677,3.3385000,291769,3339,18436.4199,25884.166,-57.8310185204,41.9291232539,0,0,
6678,6678,3.3390000,291769,3339,18439.9043,25912.7734,-60.9363881673,64.7810547832,0,0,
6679,6679,3.3395000,291770,3340,18440.5059,25945.3496,-68.0306727643,84.388213151,0,0,
6680,6680,3.3400000,291770,3340,18439.7852,25977.9238,-74.7354297005,76.5100456411,0,0,
6681,6681,3.3405000,291771,3341,18442.5488,26003.166,-79.608911799,43.8645572378,0,0,
6682,6682,3.3410000,291771,3341,18451.4434,26024.9238,-84.391974559,13.3817485194,0,0,
6683,6683,3.3415000,291772,3342,18452.4062,26048.7246,-94.3148698843,-5.09466743388,0,0,
6684,6684,3.3420000,291772,3342,18453.3691,26078.5332,-101.49071949,-12.3491311676,0,0,
6685,6685,3.3425000,291773,3343,18450.123,26094.7598,-108.806413766,-30.3450091327,0,0,
6686,6686,3.3430000,291773,3343,18454.6895,26097.7656,-107.548346971,-46.0372373756,0,0,
6687,6687,3.3435000,291774,3344,18469.1152,26099.209,-97.0277375103,-45.969340419,0,0,
6688,6688,3.3440000,291774,3344,18489.3086,26095.7246,-85.250385154,-43.709881016,0,0,
6689,6689,3.3445000,291775,3345,18506.9785,26080.2168,-79.5935531131,-53.4551819728,0,0,
6690,6690,3.3450000,291775,3345,18506.9785,26066.6328,-89.3545904253,-62.4480164184,0,0,
6691,6691,3.3455000,291776,3346,18506.498,26053.5312,-101.675718865,-62.5082072756,0,0,
6692,6692,3.3460000,291776,3346,18506.6172,26036.4629,-110.579109392,-58.4797414619,0,0,
6693,6693,3.3465000,291777,3347,18507.459,26021.5566,-110.819085824,-53.280469966,0,0,
6694,6694,3.3470000,291777,3347,18520.3203,26005.3301,-99.9680514896,-41.7855156465,0,0,
6695,6695,3.3475000,291778,3348,18523.5664,25982.4922,-97.0720875767,-39.4576784938,0,0,
6696,6696,3.3480000,291778,3348,18531.6191,25962.6582,-89.5755969082,-44.6977044196,0,0,
6697,6697,3.3485000,291779,3349,18534.0234,25945.5879,-88.5394420721,-44.3019795555,0,0,
6698,6698,3.3490000,291779,3349,18530.1777,25927.0781,-93.6916334055,-45.5391106272,0,0,
6699,6699,3.3495000,291780,3350,18540.0332,25924.1934,-87.9470426935,-34.6002135162,0,0,
6700,6700,3.3500000,291780,3350,18548.3281,25929.8438,-88.0974165536,-23.7976432316,0,0,
6701,6701,3.3505000,291781,3351,18563.5938,25933.0879,-87.4136036396,-19.0072731408,0,0,
6702,6702,3.3510000,291781,3351,18597.6113,25947.0312,-67.49386364,-8.04878319864,0,0,
6703,6703,3.3515000,291782,3352,18630.3066,25965.4238,-57.7535184879,-8.8729552547,0,0,
6704,6704,3.3520000,291782,3352,18647.4941,25987.4199,-67.9542545434,-18.6069822337,0,0,
6705,6705,3.3525000,291783,3353,18667.0879,26007.0137,-77.7229340244,-31.4290417846,0,0,
6706,6706,3.3530000,291783,3353,18692.4512,26020.4766,-85.7637519955,-43.9845866739,0,0,
6707,6707,3.3535000,291784,3354,18721.0586,26030.2129,-91.5928251122,-52.4897739748,0,0,
6708,6708,3.3540000,291784,3354,18750.9902,26033.8184,-85.005000329,-69.0665857814,0,0,
6709,6709,3.3545000,291785,3355,18765.5332,26027.0859,-90.4425600326,-96.1874981192,0,0,
6710,6710,3.3550000,291785,3355,18773.9473,26012.9043,-102.713803632,-132.415170128,0,0,
6711,6711,3.3555000,291786,3356,18777.5527,26001.8438,-117.112697683,-167.430659332,0,0,
6712,6712,3.3560000,291786,3356,18788.6113,25982.1309,-118.530592069,-196.341978276,0,0,
6713,6713,3.3565000,291787,3357,18802.5566,25961.5762,-119.986215833,-207.104032869,0,0,
6714,6714,3.3570000,291787,3357,18817.8223,25944.627,-125.212784307,-208.066724392,0,0,
6715,6715,3.3575000,291788,3358,18827.0762,25931.4062,-136.116695741,-209.923160342,0,0,
6716,6716,3.3580000,291788,3358,18845.5879,25915.0566,-136.720698318,-212.253239713,0,0,
6717,6717,3.3585000,291789,3359,18856.166,25900.9941,-141.71913533,-196.31050336,0,0,
6718,6718,3.3590000,291789,3359,18861.4551,25884.4062,-152.505439402,-172.066823936,0,0,
6719,6719,3.3595000,291790,3360,18861.2148,25869.2598,-164.418543461,-150.407428624,0,0,
6720,6720,3.3600000,291790,3360,18862.7773,25849.5469,-169.308613823,-152.098926832,0,0,
6721,6721,3.3605000,291791,3361,18855.084,25828.752,-179.820779239,-165.780669561,0,0,
6722,6722,3.3610000,291791,3361,18846.791,25820.459,-190.646883158,-163.660038261,0,0,
6723,6723,3.3615000,291792,3362,18837.0547,25804.9531,-194.733380562,-161.259895606,0,0,
6724,6724,3.3620000,291792,3362,18832.9668,25791.0098,-188.32092079,-153.603574128,0,0,
6725,6725,3.3625000,291793,3363,18826.8379,25775.3828,-178.02931814,-144.313151116,0,0,
6726,6726,3.3630000,291793,3363,18820.707,25758.9141,-165.723798713,-124.87368156,0,0,
6727,6727,3.3635000,291794,3364,18818.1816,25753.3848,-148.539528129,-86.5715029698,0,0,
6728,6728,3.3640000,291794,3364,18818.7832,25744.8516,-129.280378284,-50.5976213745,0,0,
6729,6729,3.3645000,291795,3365,18818.4238,25746.1738,-110.498727179,-11.9832363261,0,0,
6730,6730,3.3650000,291795,3365,18815.1777,25747.0156,-89.766512055,16.5713490331,0,0,
6731,6731,3.3655000,291796,3366,18810.3691,25745.2109,-72.6912824434,42.3431028366,0,0,
6732,6732,3.3660000,291796,3366,18819.0234,25756.0312,-43.2460924554,78.7184044876,0,0,
6733,6733,3.3665000,291797,3367,18829.7207,25765.2871,-8.96043465898,104.800089036,0,0,
6734,6734,3.3670000,291797,3367,18837.416,25772.498,18.8262450079,128.704656322,0,0,
6735,6735,3.3675000,291798,3368,18851.4785,25777.3066,52.6954238668,143.04941958,0,0,
6736,6736,3.3680000,291798,3368,18859.1719,25786.4434,77.8128583803,146.790920657,0,0,
6737,6737,3.3685000,291799,3369,18870.4707,25797.6191,103.959175376,149.322568235,0,0,
6738,6738,3.3690000,291799,3369,18873.957,25804.3516,120.96803563,143.88589616,0,0,
6739,6739,3.3695000,291800,3370,18879.3652,25808.7988,134.62595374,130.657663449,0,0,
6740,6740,3.3700000,291800,3370,18886.9395,25818.8965,146.230854819,115.629379788,0,0,
6741,6741,3.3705000,291801,3371,18897.3965,25831.998,154.070785716,101.459543065,0,0,
6742,6742,3.3710000,291801,3371,18901.9629,25853.875,156.928547386,91.0581352778,0,0,
6743,6743,3.3715000,291802,3372,18914.4648,25874.3105,162.914822842,67.4465023449,0,0,
6744,6744,3.3720000,291802,3372,18924.8027,25903.2793,165.357236011,42.7570214341,0,0,
6745,6745,3.3725000,291803,3373,18938.9863,25932.127,168.199047524,18.592121891,0,0,
6746,6746,3.3730000,291803,3373,18947.8809,25951.1191,162.107987628,-7.55970188213,0,0,
6747,6747,3.3735000,291804,3374,18961.2246,25972.5156,159.2753385,-24.015424079,0,0,
6748,6748,3.3740000,291804,3374,18979.2539,25986.2188,169.131264012,-47.6966853937,0,0,
6749,6749,3.3745000,291805,3375,18997.5254,26002.0859,181.343559351,-68.8717083768,0,0,
6750,6750,3.3750000,291805,3375,19012.791,26013.9844,187.144766517,-95.8015335404,0,0,
6751,6751,3.3755000,291806,3376,19028.2969,26029.0098,191.515579181,-123.400889683,0,0,
6752,6752,3.3760000,291806,3376,19040.918,26049.8047,193.493367032,-135.853710308,0,0,
6753,6753,3.3765000,291807,3377,19059.7891,26069.5176,195.9391492,-137.625830317,0,0,
6754,6754,3.3770000,291807,3377,19068.3242,26088.3906,183.357075306,-138.168602559,0,0,
6755,6755,3.3775000,291808,3378,19086.3535,26104.0156,178.361475991,-146.763880449,0,0,
6756,6756,3.3780000,291808,3378,19102.8223,26119.7637,169.733996501,-153.26498178,0,0,
6757,6757,3.3785000,291809,3379,19122.5352,26138.5156,165.680926661,-145.185838291,0,0,
6758,6758,3.3790000,291809,3379,19140.9258,26156.9062,157.391489066,-129.203189522,0,0,
6759,6759,3.3795000,291810,3380,19155.4707,26171.8105,146.32430521,-119.861776106,0,0,
6760,6760,3.3800000,291810,3380,19166.0488,26182.3887,133.01635073,-128.438205847,0,0,
6761,6761,3.3805000,291811,3381,19177.2285,26191.8848,121.358893202,-146.028336681,0,0,
6762,6762,3.3810000,291811,3381,19189.7285,26196.334,107.680761824,-164.556384083,0,0,
6763,6763,3.3815000,291812,3382,19200.5469,26195.4902,95.9254232213,-177.549061389,0,0,
6764,6764,3.3820000,291812,3382,19204.7539,26193.9277,79.8667164778,-185.052191739,0,0,
6765,6765,3.3825000,291813,3383,19208.1191,26185.7559,67.6119129436,-191.915887576,0,0,
6766,6766,3.3830000,291813,3383,19211.4844,26182.75,56.6248120686,-181.974767758,0,0,
6767,6767,3.3835000,291814,3384,19215.8125,26180.5859,47.1937701461,-162.67789699,0,0,
6768,6768,3.3840000,291814,3384,19213.5293,26184.3125,31.9689210895,-134.053995045,0,0,
6769,6769,3.3845000,291815,3385,19209.9219,26174.6953,18.2460750767,-119.962689069,0,0,
6770,6770,3.3850000,291815,3385,19207.6387,26158.3496,11.5777045205,-113.007113805,0,0,
6771,6771,3.3855000,291816,3386,19205.1152,26141.1582,4.31124981311,-100.478649423,0,0,
6772,6772,3.3860000,291816,3386,19199.584,26121.4453,-5.38997361005,-86.4223642663,0,0,
6773,6773,3.3865000,291817,3387,19191.7715,26108.7051,-10.8517355705,-66.3955360465,0,0,
6774,6774,3.3870000,291817,3387,19182.3965,26100.6504,-16.023845832,-37.7996311529,0,0,
6775,6775,3.3875000,291818,3388,19171.457,26097.1641,-19.0788157879,-8.17661305353,0,0,
6776,6776,3.3880000,291818,3388,19160.0371,26090.4355,-19.6349881481,8.21425804538,0,0,
6777,6777,3.3885000,291819,3389,19152.1055,26086.2266,-16.2426732368,26.3331927268,0,0,
6778,6778,3.3890000,291819,3389,19142.127,26081.8984,-12.5525026747,43.3654472786,0,0,
6779,6779,3.3895000,291820,3390,19133.7129,26075.6484,-10.1982951049,55.1014841846,0,0,
6780,6780,3.3900000,291820,3390,19124.3379,26080.0957,-10.4760176567,69.7305884473,0,0,
6781,6781,3.3905000,291821,3391,19119.5293,26087.5488,-10.4820205507,84.1681876571,0,0,
6782,6782,3.3910000,291821,3391,19111.8379,26090.4355,-10.6189118903,89.8586966108,0,0,
6783,6783,3.3915000,291822,3392,19105.2266,26094.2812,-13.0561125319,88.1955848144,0,0,
6784,6784,3.3920000,291822,3392,19095.9707,26099.3281,-16.8501806512,80.2211144777,0,0,
6785,6785,3.3925000,291823,3393,19091.1621,26102.8145,-18.1163105574,72.9661774117,0,0,
6786,6786,3.3930000,291823,3393,19080.1035,26099.4473,-25.8452247031,67.8697826695,0,0,
6787,6787,3.3935000,291824,3394,19071.0879,26089.3516,-31.5031501381,63.5507892477,0,0,
6788,6788,3.3940000,291824,3394,19064.8379,26077.0918,-26.9484005482,59.6642034061,0,0,
6789,6789,3.3945000,291825,3395,19059.6699,26056.5371,-18.0522193351,49.6781693208,0,0,
6790,6790,3.3950000,291825,3395,19061.9531,26027.6875,-4.42598551311,33.5088507596,0,0,
6791,6791,3.3955000,291826,3396,19057.2656,26000.8828,1.63986086439,18.1183473343,0,0,
6792,6792,3.3960000,291826,3396,19054.6211,25971.5547,10.4438392544,9.98171932451,0,0,
6793,6793,3.3965000,291827,3397,19052.3379,25927.3184,14.5770857145,2.07962194725,0,0,
6794,6794,3.3970000,291827,3397,19048.8516,25883.8047,14.8295486146,1.12532524363,0,0,
6795,6795,3.3975000,291828,3398,19049.0918,25829.9551,15.4800314503,-8.30173561123,0,0,
6796,6796,3.3980000,291828,3398,19036.9512,25761.0781,4.6196872099,-24.0668257547,0,0,
6797,6797,3.3985000,291829,3399,19027.0938,25703.1406,-1.42463164105,-15.7555724852,0,0,
6798,6798,3.3990000,291829,3399,19018.6797,25654.9395,-6.74120821685,10.6729316127,0,0,
6799,6799,3.3995000,291830,3400,19016.2754,25599.6465,-5.19332693182,30.0880643729,0,0,
6800,6800,3.4000000,291830,3400,19011.709,25556.6152,-4.73844235949,49.9208800922,0,0,
6801,6801,3.4005000,291831,3401,19012.3105,25515.625,-0.340131877055,63.001167699,0,0,
6802,6802,3.4010000,291831,3401,19009.4238,25475.8379,-3.19914754405,77.5986043571,0,0,
6803,6803,3.4015000,291832,3402,19014.9551,25436.6543,2.82467901063,97.4458932055,0,0,
6804,6804,3.4020000,291832,3402,19014.4727,25387.9707,3.40739864314,109.763805014,0,0,
6805,6805,3.4025000,291833,3403,19016.7559,25336.4043,7.5666935789,122.540530378,0,0,
6806,6806,3.4030000,291833,3403,19017.3574,25284.3574,8.63756812009,140.508289389,0,0,
6807,6807,3.4035000,291834,3404,19017.1172,25221.6094,7.34526807477,154.140786374,0,0,
6808,6808,3.4040000,291834,3404,19014.2324,25155.8594,3.05095296497,167.631426588,0,0,
6809,6809,3.4045000,291835,3405,19009.5449,25102.9707,-2.5205026546,191.652968483,0,0,
6810,6810,3.4050000,291835,3405,18999.6895,25053.9277,-9.44922049181,214.600701154,0,0,
6811,6811,3.4055000,291836,3406,18988.6309,24999.3574,-18.0019754033,232.691328276,0,0,
6812,6812,3.4060000,291836,3406,18976.8496,24944.0625,-26.7686964319,249.191462784,0,0,
6813,6813,3.4065000,291837,3407,18962.0645,24895.8613,-33.1996929657,266.312770836,0,0,
6814,6814,3.4070000,291837,3407,18949.084,24849.2246,-36.9189610468,283.858538453,0,0,
6815,6815,3.4075000,291838,3408,18932.8555,24805.3496,-41.0528314224,297.790849231,0,0,
6816,6816,3.4080000,291838,3408,18919.3926,24755.9453,-40.8985402837,296.977582328,0,0,
6817,6817,3.4085000,291839,3409,18904.127,24712.4316,-42.6544560729,298.520244165,0,0,
6818,6818,3.4090000,291839,3409,18897.0352,24683.7031,-35.664303845,309.059147936,0,0,
6819,6819,3.4095000,291840,3410,18895.4727,24674.3281,-28.0313843931,328.002450424,0,0,
6820,6820,3.4100000,291840,3410,18908.9355,24676.8516,-11.585269417,342.49620114,0,0,
6821,6821,3.4105000,291841,3411,18931.5332,24679.2559,4.26293187349,347.303380635,0,0,
6822,6822,3.4110000,291841,3411,18974.5664,24673.0059,34.0485013369,336.267193086,0,0,
6823,6823,3.4115000,291842,3412,19004.6152,24663.9902,42.4646169672,312.267252012,0,0,
6824,6824,3.4120000,291842,3412,19010.8672,24656.0566,28.0444533347,280.319961309,0,0,
6825,6825,3.4125000,291843,3413,19003.7754,24643.7969,0.971073788845,244.425477982,0,0,
6826,6826,3.4130000,291843,3413,18994.0391,24627.8105,-25.3543622251,211.434195905,0,0,
6827,6827,3.4135000,291844,3414,18982.2598,24622.0391,-51.1284751464,191.205799999,0,0,
6828,6828,3.4140000,291844,3414,18962.3047,24618.5547,-74.7616655401,170.848201359,0,0,
6829,6829,3.4145000,291845,3415,18949.2031,24615.9082,-85.7189318229,148.861118303,0,0,
6830,6830,3.4150000,291845,3415,18930.3301,24617.3516,-100.37232079,126.93240034,0,0,
6831,6831,3.4155000,291846,3416,18922.2773,24610.9824,-101.45888671,91.3815780945,0,0,
6832,6832,3.4160000,291846,3416,18910.6191,24609.4199,-103.27092393,63.961927763,0,0,
6833,6833,3.4165000,291847,3417,18895.5918,24612.1816,-109.285950695,48.1395540057,0,0,
6834,6834,3.4170000,291847,3417,18880.207,24626.127,-114.760722437,39.6509528772,0,0,
6835,6835,3.4175000,291848,3418,18863.8594,24640.4316,-121.180602662,25.7115698127,0,0,
6836,6836,3.4180000,291848,3418,18847.6309,24657.8594,-123.614773879,13.3857388422,0,0,
6837,6837,3.4185000,291849,3419,18839.5781,24668.9199,-116.918425099,-3.50822475482,0,0,
6838,6838,3.4190000,291849,3419,18829.9629,24678.0547,-112.612777437,-20.5382722014,0,0,
6839,6839,3.4195000,291850,3420,18819.5059,24692.1172,-108.334283484,-35.4677011435,0,0,
6840,6840,3.4200000,291850,3420,18806.7637,24697.2871,-103.810508388,-70.4055050327,0,0,
6841,6841,3.4205000,291851,3421,18791.6172,24699.4512,-101.158081725,-113.425061506,0,0,
6842,6842,3.4210000,291851,3421,18766.2559,24707.9844,-107.421330658,-148.391472234,0,0,
6843,6843,3.4215000,291852,3422,18750.8691,24722.6484,-102.18790811,-172.661844887,0,0,
6844,6844,3.4220000,291852,3422,18735.123,24736.834,-94.2246595444,-194.222485782,0,0,
6845,6845,3.4225000,291853,3423,18728.3906,24756.5469,-77.2085583457,-208.398052066,0,0,
6846,6846,3.4230000,291853,3423,18725.3867,24768.5684,-58.4201244537,-224.960085777,0,0,
6847,6847,3.4235000,291854,3424,18716.4902,24771.6934,-46.7221575975,-242.349933126,0,0,
6848,6848,3.4240000,291854,3424,18707.1152,24772.6543,-35.8833819819,-257.923205774,0,0,
6849,6849,3.4245000,291855,3425,18693.8926,24766.8828,-28.3586930767,-279.400180321,0,0,
6850,6850,3.4250000,291855,3425,18679.2285,24767.6035,-19.2164035156,-294.326761358,0,0,
6851,6851,3.4255000,291856,3426,18671.5352,24773.0156,-5.79163400963,-300.174907637,0,0,
6852,6852,3.4260000,291856,3426,18663.8418,24780.3457,5.63201621144,-302.303938415,0,0,
6853,6853,3.4265000,291857,3427,18656.1504,24783.5918,18.981287632,-310.433464377,0,0,
6854,6854,3.4270000,291857,3427,18648.0957,24787.6797,30.0517747643,-314.213606855,0,0,
6855,6855,3.4275000,291858,3428,18640.5234,24791.4062,41.7207570282,-318.790064748,0,0,
6856,6856,3.4280000,291858,3428,18629.584,24790.4434,49.3137859428,-329.441868764,0,0,
6857,6857,3.4285000,291859,3429,18621.291,24786.3574,57.7341731077,-340.875032366,0,0,
6858,6858,3.4290000,291859,3429,18619.127,24779.7441,69.5565051056,-353.12855205,0,0,
6859,6859,3.4295000,291860,3430,18615.7617,24763.3984,75.1043382114,-373.51635847,0,0,
6860,6860,3.4300000,291860,3430,18610.1113,24745.8496,73.6782571803,-395.025020685,0,0,
6861,6861,3.4305000,291861,3431,18598.6934,24717.2402,62.7646568615,-419.05067537,0,0,
6862,6862,3.4310000,291861,3431,18590.6387,24685.3887,54.4627482673,-436.860522079,0,0,
6863,6863,3.4315000,291862,3432,18578.1387,24657.8594,43.6898658452,-447.348443958,0,0,
6864,6864,3.4320000,291862,3432,18568.8828,24624.5645,41.7780582211,-460.36779408,0,0,
6865,6865,3.4325000,291863,3433,18553.4961,24593.3125,35.4515693757,-462.051215464,0,0,
6866,6866,3.4330000,291863,3433,18540.9961,24552.8027,32.6612226649,-458.864783154,0,0,
6867,6867,3.4335000,291864,3434,18526.8105,24503.4004,28.1720653243,-453.93334618,0,0,
6868,6868,3.4340000,291864,3434,18510.8242,24441.8574,28.1959277067,-451.442877572,0,0,
6869,6869,3.4345000,291865,3435,18500.248,24370.0957,33.8671064094,-448.686798416,0,0,
6870,6870,3.4350000,291865,3435,18488.707,24296.4121,37.7233195452,-439.849868687,0,0,
6871,6871,3.4355000,291866,3436,18471.8789,24236.791,36.0588642731,-413.949282382,0,0,
6872,6872,3.4360000,291866,3436,18459.7383,24185.5859,40.2909269064,-373.854649213,0,0,
6873,6873,3.4365000,291867,3437,18444.2324,24146.6387,39.5078705911,-315.045143246,0,0,
6874,6874,3.4370000,291867,3437,18434.8574,24122.1172,42.8526936699,-247.009692923,0,0,
6875,6875,3.4375000,291868,3438,18422.7168,24098.5566,41.4702157457,-183.308951723,0,0,
6876,6876,3.4380000,291868,3438,18412.3789,24082.8125,42.6665652573,-115.697299304,0,0,
6877,6877,3.4385000,291869,3439,18400.3574,24075.3594,41.1561960232,-42.392455552,0,0,
6878,6878,3.4390000,291869,3439,18385.4531,24077.7637,36.6057527564,34.8905772629,0,0,
6879,6879,3.4395000,291870,3440,18376.4395,24080.166,37.632180382,102.384699765,0,0,
6880,6880,3.4400000,291870,3440,18363.4551,24090.1426,36.4878973087,160.814842154,0,0,
6881,6881,3.4405000,291871,3441,18352.7578,24113.1016,37.0446239902,216.528735628,0,0,
6882,6882,3.4410000,291871,3441,18344.2246,24137.625,39.1454630313,263.284273034,0,0,
6883,6883,3.4415000,291872,3442,18334.6074,24161.5449,38.1613908679,303.240380325,0,0,
6884,6884,3.4420000,291872,3442,18329.7988,24189.3105,42.5204325491,340.765555781,0,0,
6885,6885,3.4425000,291873,3443,18326.4336,24217.9199,46.24814506,372.050668591,0,0,
6886,6886,3.4430000,291873,3443,18320.0645,24243.5234,45.8013964491,398.234429943,0,0,
6887,6887,3.4435000,291874,3444,18324.0293,24265.7598,53.8724040658,420.849343022,0,0,
6888,6888,3.4440000,291874,3444,18322.5879,24291.9629,55.4811673606,442.024361382,0,0,
6889,6889,3.4445000,291875,3445,18320.4238,24320.5723,56.2817280796,457.557885715,0,0,
6890,6890,3.4450000,291875,3445,18322.9473,24349.9004,62.2110133547,464.439353799,0,0,
6891,6891,3.4455000,291876,3446,18321.1445,24375.625,60.477534229,464.497193847,0,0,
6892,6892,3.4460000,291876,3446,18319.9434,24395.0996,57.940655387,455.701022957,0,0,
6893,6893,3.4465000,291877,3447,18324.6309,24418.0566,61.9274915843,444.894667604,0,0,
6894,6894,3.4470000,291877,3447,18328.7168,24437.1699,63.185764839,429.416027201,0,0,
6895,6895,3.4475000,291878,3448,18333.6465,24459.5254,64.6951323437,413.095377849,0,0,
6896,6896,3.4480000,291878,3448,18344.1035,24485.4902,69.6873410671,395.193759988,0,0,
6897,6897,3.4485000,291879,3449,18349.3926,24511.8145,67.1899208752,374.958125709,0,0,
6898,6898,3.4490000,291879,3449,18352.6387,24535.252,60.6363802566,349.164012282,0,0,
6899,6899,3.4495000,291880,3450,18359.7305,24562.2988,54.5268190895,323.631757199,0,0,
6900,6900,3.4500000,291880,3450,18370.1875,24587.4219,47.855002332,290.784396819,0,0,
6901,6901,3.4505000,291881,3451,18380.6465,24612.4238,37.7715561599,259.757181494,0,0,
6902,6902,3.4510000,291881,3451,18390.0215,24638.3887,24.8160355362,230.825762256,0,0,
6903,6903,3.4515000,291882,3452,18399.2773,24668.6797,13.0350162246,201.585959948,0,0,
6904,6904,3.4520000,291882,3452,18409.373,24704.6191,5.40683047144,174.240416814,0,0,
6905,6905,3.4525000,291883,3453,18415.623,24742.3613,-4.22676865311,149.233931384,0,0,
6906,6906,3.4530000,291883,3453,18421.7559,24777.4609,-14.0557276022,127.941565608,0,0,
6907,6907,3.4535000,291884,3454,18427.043,24812.5605,-24.4520357059,109.430330459,0,0,
6908,6908,3.4540000,291884,3454,18431.1309,24850.1855,-30.7160114084,94.3965143371,0,0,
6909,6909,3.4545000,291885,3455,18438.8223,24885.5234,-33.8891789079,78.0360644264,0,0,
6910,6910,3.4550000,291885,3455,18442.5488,24917.6172,-40.4533437117,57.3762596736,0,0,
6911,6911,3.4555000,291886,3456,18447.2363,24951.6348,-45.3338899651,33.9816413783,0,0,
6912,6912,3.4560000,291886,3456,18450.7246,24987.0938,-50.3277075432,13.0300685109,0,0,
6913,6913,3.4565000,291887,3457,18457.334,25024.5996,-53.0223137649,-2.42077191633,0,0,
6914,6914,3.4570000,291887,3457,18458.416,25061.6191,-61.9138342716,-21.2814231076,0,0,
6915,6915,3.4575000,291888,3458,18460.7012,25098.1621,-69.3238939771,-40.5043814591,0,0,
6916,6916,3.4580000,291888,3458,18463.3457,25136.9863,-74.6344685597,-56.5367744439,0,0,
6917,6917,3.4585000,291889,3459,18468.1523,25177.2559,-77.6006107567,-68.0543742365,0,0,
6918,6918,3.4590000,291889,3459,18471.6387,25226.0566,-81.0907746301,-70.9127412753,0,0,
6919,6919,3.4595000,291890,3460,18475.4863,25271.1328,-84.2446398593,-78.0419791188,0,0,
6920,6920,3.4600000,291890,3460,18480.5332,25316.9297,-83.6295009325,-91.0343822704,0,0,
6921,6921,3.4605000,291891,3461,18489.3086,25358.5215,-80.1738174914,-112.323859454,0,0,
6922,6922,3.4610000,291891,3461,18494.3574,25410.9297,-80.1542434134,-123.068319485,0,0,
6923,6923,3.4615000,291892,3462,18509.0215,25462.1348,-72.8374077365,-131.916035352,0,0,
6924,6924,3.4620000,291892,3462,18517.6758,25515.3848,-70.8111386638,-136.841371408,0,0,
6925,6925,3.4625000,291893,3463,18525.1289,25565.6309,-70.2306860016,-142.779666003,0,0,
6926,6926,3.4630000,291893,3463,18536.7871,25612.8691,-65.6226699258,-145.633143882,0,0,
6927,6927,3.4635000,291894,3464,18544.6016,25651.9355,-65.5212248029,-148.673645952,0,0,
6928,6928,3.4640000,291894,3464,18551.2129,25694.8457,-64.5623628134,-146.185983063,0,0,
6929,6929,3.4645000,291895,3465,18554.0977,25731.8691,-65.0682294178,-148.721063809,0,0,
6930,6930,3.4650000,291895,3465,18559.748,25776.9453,-61.0980637187,-145.254816472,0,0,
6931,6931,3.4655000,291896,3466,18564.0742,25819.6172,-58.7594685328,-141.301359814,0,0,
6932,6932,3.4660000,291896,3466,18570.5645,25860.2441,-54.5335895154,-136.820928161,0,0,
6933,6933,3.4665000,291897,3467,18572.127,25898.9512,-53.0073520784,-135.335978005,0,0,
6934,6934,3.4670000,291897,3467,18574.5332,25939.7012,-49.9074980913,-129.31049791,0,0,
6935,6935,3.4675000,291898,3468,18577.5371,25972.9941,-44.814708148,-130.544976429,0,0,
6936,6936,3.4680000,291898,3468,18582.3457,26010.2578,-38.1970632567,-129.16054558,0,0,
6937,6937,3.4685000,291899,3469,18585.2305,26044.0371,-32.7921066095,-129.707566139,0,0,
6938,6938,3.4690000,291899,3469,18579.7012,26082.1406,-34.4984485699,-125.637995323,0,0,
6939,6939,3.4695000,291900,3470,18580.0605,26124.6934,-32.0756099212,-119.218188582,0,0,
6940,6940,3.4700000,291900,3470,18583.668,26160.1504,-28.7604895985,-121.789379567,0,0,
6941,6941,3.4705000,291901,3471,18585.9512,26192.9668,-28.0452227719,-123.320947324,0,0,
6942,6942,3.4710000,291901,3471,18587.3926,26231.791,-28.2568215483,-117.421413963,0,0,
6943,6943,3.4715000,291902,3472,18588.5957,26271.2188,-26.7648039639,-114.327900127,0,0,
6944,6944,3.4720000,291902,3472,18591.3613,26310.4043,-20.7298490518,-113.628809671,0,0,
6945,6945,3.4725000,291903,3473,18587.2734,26354.3984,-18.3930386116,-107.072896339,0,0,
6946,6946,3.4730000,291903,3473,18587.0332,26397.1895,-12.3494200984,-95.7422714693,0,0,
6947,6947,3.4735000,291904,3474,18586.4316,26440.7031,-6.61105445798,-81.5048970875,0,0,
6948,6948,3.4740000,291904,3474,18586.4316,26486.3809,3.41657811,-65.0463329197,0,0,
6949,6949,3.4745000,291905,3475,18583.4277,26527.7324,9.72397049725,-51.678162816,0,0,
6950,6950,3.4750000,291905,3475,18583.1855,26571.2441,19.0000946835,-37.6027476341,0,0,
6951,6951,3.4755000,291906,3476,18581.8652,26612.834,26.8781637409,-30.1763056719,0,0,
6952,6952,3.4760000,291906,3476,18583.4277,26648.7734,37.1957852629,-27.2930974212,0,0,
6953,6953,3.4765000,291907,3477,18582.1035,26687.5996,42.9832931496,-19.0263703761,0,0,
6954,6954,3.4770000,291907,3477,18581.1426,26719.9355,48.1530551402,-18.3798541307,0,0,
6955,6955,3.4775000,291908,3478,18581.0234,26751.0684,52.6735383657,-17.8382128406,0,0,
6956,6956,3.4780000,291908,3478,18578.9785,26782.9199,55.603596716,-15.424637292,0,0,
6957,6957,3.4785000,291909,3479,18583.9082,26816.2168,63.3010797257,-8.84127652272,0,0,
6958,6958,3.4790000,291909,3479,18583.4277,26843.3828,65.4778033242,-6.88079146986,0,0,
6959,6959,3.4795000,291910,3480,18584.9902,26869.7051,68.2884623151,-3.39069802982,0,0,
6960,6960,3.4800000,291910,3480,18581.7441,26893.3848,68.0040397093,-5.68335721707,0,0,
6961,6961,3.4805000,291911,3481,18582.3457,26922.5957,69.9352123933,-4.96970578954,0,0,
6962,6962,3.4810000,291911,3481,18581.8652,26944.5938,71.045447784,-10.7528215015,0,0,
6963,6963,3.4815000,291912,3482,18583.1855,26959.377,70.9495002092,-17.2745518296,0,0,
6964,6964,3.4820000,291912,3482,18582.1035,26973.4395,70.2157303537,-19.7783251677,0,0,
6965,6965,3.4825000,291913,3483,18581.8652,26987.625,69.8814269162,-17.5539714902,0,0,
6966,6966,3.4830000,291913,3483,18583.1855,27003.4922,70.119869284,-7.22357896426,0,0,
6967,6967,3.4835000,291914,3484,18580.3027,27024.0469,66.4480298936,13.8860147999,0,0,
6968,6968,3.4840000,291914,3484,18581.8652,27039.9141,67.9888307378,30.5066956878,0,0,
6969,6969,3.4845000,291915,3485,18578.498,27057.9434,66.3424133905,49.0397894794,0,0,
6970,6970,3.4850000,291915,3485,18577.0566,27076.6953,66.8135400394,64.2681090783,0,0,
6971,6971,3.4855000,291916,3486,18576.6953,27096.1699,67.350853019,81.4995701736,0,0,
6972,6972,3.4860000,291916,3486,18578.3789,27106.3848,68.3348899841,91.7551408763,0,0,
6973,6973,3.4865000,291917,3487,18574.0508,27119.4863,65.4425960223,103.125874958,0,0,
6974,6974,3.4870000,291917,3487,18575.4941,27123.4531,67.1826985252,107.724418039,0,0,
6975,6975,3.4875000,291918,3488,18574.5332,27132.4688,66.6951467248,117.13727025,0,0,
6976,6976,3.4880000,291918,3488,18572.8496,27136.4355,64.6679251242,119.448846702,0,0,
6977,6977,3.4885000,291919,3489,18568.8828,27139.4395,61.1973118388,121.936793143,0,0,
6978,6978,3.4890000,291919,3489,18561.4297,27147.9766,55.94159718,128.172687824,0,0,
6979,6979,3.4895000,291920,3490,18549.5293,27150.3809,44.7187249488,126.582444815,0,0,
6980,6980,3.4900000,291920,3490,18535.4668,27151.9434,30.8575115682,123.528840832,0,0,
6981,6981,3.4905000,291921,3491,18529.0957,27149.6582,24.0582236343,119.67352785,0,0,
6982,6982,3.4910000,291921,3491,18523.5664,27156.8691,17.9836573905,124.02817271,0,0,
6983,6983,3.4915000,291922,3492,18518.998,27158.5527,14.0484616149,120.018296212,0,0,
6984,6984,3.4920000,291922,3492,18512.627,27158.0723,10.6682776681,112.450489587,0,0,
6985,6985,3.4925000,291923,3493,18507.3379,27163.2422,11.0367768221,110.358953762,0,0,
6986,6986,3.4930000,291923,3493,18500.6074,27171.0547,9.00111302586,115.039368343,0,0,
6987,6987,3.4935000,291924,3494,18489.4277,27168.8906,3.41582724192,112.543588696,0,0,
6988,6988,3.4940000,291924,3494,18478.9707,27165.8848,2.08244050958,110.413635648,0,0,
6989,6989,3.4945000,291925,3495,18467.5527,27170.4531,0.110685615987,116.766547522,0,0,
6990,6990,3.4950000,291925,3495,18456.252,27172.0156,-1.34569975926,118.575573238,0,0,
6991,6991,3.4955000,291926,3496,18446.0352,27169.373,-1.42152141643,113.252921953,0,0,
6992,6992,3.4960000,291926,3496,18433.6543,27170.6934,-3.2912138082,112.396348859,0,0,
6993,6993,3.4965000,291927,3497,18422.4746,27171.7754,-4.26034510237,111.874819062,0,0,
6994,6994,3.4970000,291927,3497,18412.2598,27161.5566,-4.83807454634,100.648278438,0,0,
6995,6995,3.4975000,291928,3498,18400.8398,27163,-7.29846576642,99.8263486712,0,0,
6996,6996,3.4980000,291928,3498,18387.7363,27167.3281,-10.1866725725,100.07408786,0,0,
6997,6997,3.4985000,291929,3499,18370.3066,27168.4082,-17.8157564188,97.5430149909,0,0,
6998,6998,3.4990000,291929,3499,18355.041,27164.084,-21.2228686165,90.6831870029,0,0,
6999,6999,3.4995000,291930,3500,18350.5957,27164.5625,-16.1211732195,88.3793781693,0,0,
7000,7000,3.5000000,291930,3500,18343.502,27166.9668,-12.4317866115,83.1171674166,0,0,
7001,7001,3.5005000,291931,3501,18339.8965,27166.3672,-8.24481296313,70.8072322982,0,0,
7002,7002,3.5010000,291931,3501,18337.0117,27172.377,-4.04559875812,63.7265218352,0,0,
7003,7003,3.5015000,291932,3502,18336.8926,27187.8828,-1.02067117217,66.5077911682,0,0,
7004,7004,3.5020000,291932,3502,18333.7676,27194.7344,-0.0116522201715,60.5748012953,0,0,
7005,7005,3.5025000,291933,3503,18334.0059,27209.3984,2.57349851267,61.1741965197,0,0,
7006,7006,3.5030000,291933,3503,18332.6855,27222.0215,2.01617490742,60.9641895934,0,0,
7007,7007,3.5035000,291934,3504,18335.3301,27226.2266,4.54375332376,55.7950265139,0,0,
7008,7008,3.5040000,291934,3504,18342.4199,27228.6309,9.49425226181,49.1986291943,0,0,
7009,7009,3.5045000,291935,3505,18349.5137,27228.1504,14.3941324812,39.5877330311,0,0,
7010,7010,3.5050000,291935,3505,18358.7676,27225.2656,19.0351327271,25.4932562135,0,0,
7011,7011,3.5055000,291936,3506,18371.2695,27222.3809,23.5983019645,13.7541955449,0,0,
7012,7012,3.5060000,291936,3506,18376.5586,27235.3613,19.0872336507,18.2137140262,0,0,
7013,7013,3.5065000,291937,3507,18387.9785,27239.9297,21.2142623691,11.6045268234,0,0,
7014,7014,3.5070000,291937,3507,18403.4844,27245.9395,23.5788011234,7.7544920427,0,0,
7015,7015,3.5075000,291938,3508,18414.6621,27253.2734,21.1452010694,2.76141863546,0,0,
7016,7016,3.5080000,291938,3508,18431.1309,27262.0469,21.4479372495,-3.55182256471,0,0,
7017,7017,3.5085000,291939,3509,18449.7617,27275.9922,22.4429589076,-6.50030993833,0,0,
7018,7018,3.5090000,291939,3509,18467.9121,27291.7363,22.2143118232,-11.8509702972,0,0,
7019,7019,3.5095000,291940,3510,18484.5,27311.6895,17.1641184031,-16.3321454884,0,0,
7020,7020,3.5100000,291940,3510,18497.3613,27333.209,6.23597001466,-22.7074063323,0,0,
7021,7021,3.5105000,291941,3511,18514.1895,27353.2812,-3.90891130927,-30.3391881205,0,0,
7022,7022,3.5110000,291941,3511,18537.1484,27373.9551,-10.0624700022,-41.0319493111,0,0,
7023,7023,3.5115000,291942,3512,18551.6934,27385.8574,-23.5956779816,-61.3272623697,0,0,
7024,7024,3.5120000,291942,3512,18563.7129,27397.2754,-36.8410608042,-82.55329033,0,0,
7025,7025,3.5125000,291943,3513,18577.0566,27415.0645,-46.249889134,-98.3734437374,0,0,
7026,7026,3.5130000,291943,3513,18592.2012,27435.0176,-54.2721163929,-108.630328878,0,0,
7027,7027,3.5135000,291944,3514,18609.0293,27453.7715,-59.9976917595,-116.685728788,0,0,
7028,7028,3.5140000,291944,3514,18624.416,27485.3828,-64.8610127465,-113.954804888,0,0,
7029,7029,3.5145000,291945,3515,18643.0469,27515.3145,-67.0295179759,-114.554984682,0,0,
7030,7030,3.5150000,291945,3515,18659.3945,27529.1387,-71.4903880053,-129.785033186,0,0,
7031,7031,3.5155000,291946,3516,18683.5566,27556.9043,-69.5698556043,-133.94147859,0,0,
7032,7032,3.5160000,291946,3516,18701.2246,27579.502,-73.7372726216,-142.927544873,0,0,
7033,7033,3.5165000,291947,3517,18722.6211,27603.4219,-75.3125613354,-149.469234785,0,0,
7034,7034,3.5170000,291947,3517,18742.2148,27630.8281,-79.2630178954,-151.846271431,0,0,
7035,7035,3.5175000,291948,3518,18759.6426,27655.4707,-85.2830708024,-159.237495106,0,0,
7036,7036,3.5180000,291948,3518,18779.2363,27673.3809,-88.0742161819,-172.264879295,0,0,
7037,7037,3.5185000,291949,3519,18796.3066,27695.2578,-93.3280948959,-178.674076964,0,0,
7038,7038,3.5190000,291949,3519,18811.3301,27715.3301,-98.944194569,-184.00755064,0,0,
7039,7039,3.5195000,291950,3520,18827.3184,27742.377,-105.170948884,-182.974759179,0,0,
7040,7040,3.5200000,291950,3520,18842.7031,27775.4316,-108.547511214,-180.342491316,0,0,
7041,7041,3.5205000,291951,3521,18854.6035,27805.8438,-115.331108029,-182.997007986,0,0,
7042,7042,3.5210000,291951,3521,18871.0723,27843.2266,-116.088585612,-181.092810073,0,0,
7043,7043,3.5215000,291952,3522,18882.6113,27876.2812,-121.98318284,-182.302481725,0,0,
7044,7044,3.5220000,291952,3522,18895.9531,27916.791,-122.432897335,-174.77444276,0,0,
7045,7045,3.5225000,291953,3523,18906.6504,27951.7676,-124.441818495,-173.099165255,0,0,
7046,7046,3.5230000,291953,3523,18915.1855,27983.623,-126.559895902,-170.768432561,0,0,
7047,7047,3.5235000,291954,3524,18921.916,28011.9922,-128.193045512,-166.204376265,0,0,
7048,7048,3.5240000,291954,3524,18936.1016,28040.4785,-122.090556811,-160.061156721,0,0,
7049,7049,3.5245000,291955,3525,18951.8477,28063.6777,-112.317948094,-157.49245846,0,0,
7050,7050,3.5250000,291955,3525,18955.5742,28088.2012,-112.297029116,-154.353892349,0,0,
7051,7051,3.5255000,291956,3526,18961.1035,28116.9277,-109.405399432,-145.574469469,0,0,
7052,7052,3.5260000,291956,3526,18968.5566,28144.2129,-102.552612489,-138.219929804,0,0,
7053,7053,3.5265000,291957,3527,18972.041,28162.9668,-96.8416053462,-137.063598741,0,0,
7054,7054,3.5270000,291957,3527,18977.9316,28179.1934,-89.1144700053,-134.479548681,0,0,
7055,7055,3.5275000,291958,3528,18983.5801,28200.4688,-78.9173035532,-126.971427824,0,0,
7056,7056,3.5280000,291958,3528,18991.0332,28221.625,-67.5411372097,-119.94048214,0,0,
7057,7057,3.5285000,291959,3529,18997.6445,28234.6074,-55.9691811209,-119.134609123,0,0,
7058,7058,3.5290000,291959,3529,19001.9727,28250.9531,-44.6276826441,-115.072973648,0,0,
7059,7059,3.5295000,291960,3530,19015.3145,28262.8535,-26.5210453342,-114.174226128,0,0,
7060,7060,3.5300000,291960,3530,19021.8066,28282.5684,-15.7998153306,-105.578080647,0,0,
7061,7061,3.5305000,291961,3531,19026.0137,28304.3223,-9.31581547281,-92.6943168853,0,0,
7062,7062,3.5310000,291961,3531,19028.2969,28330.7676,-5.09185716164,-77.5200731474,0,0,
7063,7063,3.5315000,291962,3532,19035.2676,28352.1641,5.94755886086,-66.6114758101,0,0,
7064,7064,3.5320000,291962,3532,19041.6387,28369.9531,18.1561449038,-59.4649222576,0,0,
7065,7065,3.5325000,291963,3533,19046.5684,28388.1035,30.0874468675,-52.9540076591,0,0,
7066,7066,3.5330000,291963,3533,19050.0527,28410.9434,39.7929342052,-39.2152732211,0,0,
7067,7067,3.5335000,291964,3534,19054.8613,28432.9395,50.7551129726,-23.4029934467,0,0,
7068,7068,3.5340000,291964,3534,19067.9629,28447.4844,69.8403826504,-15.5969577444,0,0,
7069,7069,3.5345000,291965,3535,19077.0996,28475.4922,82.9913793052,4.88797517808,0,0,
7070,7070,3.5350000,291965,3535,19084.0703,28504.3418,93.4483210442,27.289766943,0,0,
7071,7071,3.5355000,291966,3536,19092.9648,28541.9629,103.168062118,51.0521077678,0,0,
7072,7072,3.5360000,291966,3536,19101.1387,28575.3809,112.582262785,69.492961952,0,0,
7073,7073,3.5365000,291967,3537,19110.9961,28611.2012,121.119568007,88.3482016701,0,0,
7074,7074,3.5370000,291967,3537,19121.4531,28647.8613,128.729871318,105.846057623,0,0,
7075,7075,3.5375000,291968,3538,19132.5117,28686.6875,135.463941409,121.320221976,0,0,
7076,7076,3.5380000,291968,3538,19139.4844,28729.7207,137.787890281,138.27161082,0,0,
7077,7077,3.5385000,291969,3539,19143.3301,28782.0078,136.878888766,160.104326809,0,0,
7078,7078,3.5390000,291969,3539,19144.4121,28841.8691,134.368117798,185.1082791,0,0,
7079,7079,3.5395000,291970,3540,19142.9707,28905.6953,127.899342664,206.294424365,0,0,
7080,7080,3.5400000,291970,3540,19142.0078,28976.375,124.464263081,224.08350809,0,0,
7081,7081,3.5405000,291971,3541,19140.9258,29054.0254,120.622271102,240.393204442,0,0,
7082,7082,3.5410000,291971,3541,19133.2324,29140.6934,111.508774743,255.753315341,0,0,
7083,7083,3.5415000,291972,3542,19121.2129,29236.4941,99.6991429391,273.519533512,0,0,
7084,7084,3.5420000,291972,3542,19096.8105,29337.1035,81.4036286524,288.42261319,0,0,
7085,7085,3.5425000,291973,3543,19043.2012,29461.3926,43.4151885951,315.813932079,0,0,
7086,7086,3.5430000,291973,3543,18962.0645,29605.3965,-7.89632602306,351.344531854,0,0,
7087,7087,3.5435000,291974,3544,18906.7715,29666.5781,-25.8184729471,311.267294632,0,0,
7088,7088,3.5440000,291974,3544,18882.4902,29670.3047,-14.0495911573,228.140832499,0,0,
7089,7089,3.5445000,291975,3545,18869.0293,29670.5449,7.84857485069,155.741691701,0,0,
7090,7090,3.5450000,291975,3545,18852.6816,29660.209,27.303855302,84.869125805,0,0,
7091,7091,3.5455000,291976,3546,18843.3047,29654.1973,49.6049749631,30.2852721137,0,0,
7092,7092,3.5460000,291976,3546,18832.2461,29646.3848,67.8771520858,-15.2427055056,0,0,
7093,7093,3.5465000,291977,3547,18828.2793,29626.3105,90.8238805771,-59.2803176474,0,0,
7094,7094,3.5470000,291977,3547,18818.7832,29590.3691,103.966405837,-103.882841249,0,0,
7095,7095,3.5475000,291978,3548,18811.2109,29552.1465,117.644352875,-140.125476565,0,0,
7096,7096,3.5480000,291978,3548,18815.418,29511.5176,137.011878526,-168.179264002,0,0,
7097,7097,3.5485000,291979,3549,18821.668,29471.0078,154.134013143,-184.971046016,0,0,
7098,7098,3.5490000,291979,3549,18834.1699,29443.9629,173.200332792,-184.17791312,0,0,
7099,7099,3.5495000,291980,3550,18837.2949,29419.0801,177.11975979,-176.460159643,0,0,
7100,7100,3.5500000,291980,3550,18817.0996,29406.4609,160.063535565,-156.764394799,0,0,
7101,7101,3.5505000,291981,3551,18800.2715,29397.3262,145.497334208,-131.505021543,0,0,
7102,7102,3.5510000,291981,3551,18794.9824,29381.5781,140.21137016,-113.154298984,0,0,
7103,7103,3.5515000,291982,3552,18787.1699,29366.9141,132.460088364,-91.2029903171,0,0,
7104,7104,3.5520000,291982,3552,18778.2754,29344.5547,124.736159872,-75.0367427585,0,0,
7105,7105,3.5525000,291983,3553,18766.0137,29315.9473,114.955227541,-63.7922380299,0,0,
7106,7106,3.5530000,291983,3553,18752.1914,29293.5918,103.488822271,-43.8273264127,0,0,
7107,7107,3.5535000,291984,3554,18738.7285,29266.0625,92.5257629058,-24.7041572115,0,0,
7108,7108,3.5540000,291984,3554,18721.4199,29244.7891,78.7794833411,0.470858114397,0,0,
7109,7109,3.5545000,291985,3555,18707.2363,29227.8379,68.7270486886,26.9486820793,0,0,
7110,7110,3.5550000,291985,3555,18686.3203,29207.2832,54.1300445622,51.454355572,0,0,
7111,7111,3.5555000,291986,3556,18674.1797,29185.6484,46.501853351,69.7241196607,0,0,
7112,7112,3.5560000,291986,3556,18666.4863,29170.8652,43.5023526255,94.6984926297,0,0,
7113,7113,3.5565000,291987,3557,18658.3125,29157.2812,37.8832378231,118.675012258,0,0,
7114,7114,3.5570000,291987,3557,18652.9043,29152.1113,33.5858896529,147.326575571,0,0,
7115,7115,3.5575000,291988,3558,18646.0527,29134.3223,26.9448500471,160.605887429,0,0,
7116,7116,3.5580000,291988,3558,18636.3164,29128.9121,18.2213849407,182.366830181,0,0,
7117,7117,3.5585000,291989,3559,18631.3887,29121.4609,13.6145897611,197.93174237,0,0,
7118,7118,3.5590000,291989,3559,18640.043,29107.998,19.867128224,205.995590188,0,0,
7119,7119,3.5595000,291990,3560,18641.123,29082.2734,15.2233370412,200.977765563,0,0,
7120,7120,3.5600000,291990,3560,18646.4121,29065.5645,13.7185447917,200.358523515,0,0,
7121,7121,3.5605000,291991,3561,18650.6191,29044.4121,8.55953429507,193.583220563,0,0,
7122,7122,3.5610000,291991,3561,18657.832,29023.0137,4.98129397493,184.150824606,0,0,
7123,7123,3.5615000,291992,3562,18659.5156,28992.9629,-5.00012333745,168.682765957,0,0,
7124,7124,3.5620000,291992,3562,18661.5586,28973.4902,-12.4412550572,164.150492224,0,0,
7125,7125,3.5625000,291993,3563,18662.7598,28959.7871,-17.0602884492,161.509755456,0,0,
7126,7126,3.5630000,291993,3563,18646.8926,28959.4277,-32.5265138738,168.766100425,0,0,
7127,7127,3.5635000,291994,3564,18633.9121,28957.9844,-49.2482923691,190.091167444,0,0,
7128,7128,3.5640000,291994,3564,18627.541,28941.877,-66.0249879805,204.422271535,0,0,
7129,7129,3.5645000,291995,3565,18610.834,28917.5957,-90.7917647567,209.251241665,0,0,
7130,7130,3.5650000,291995,3565,18596.6504,28893.0762,-108.256095314,211.436324154,0,0,
7131,7131,3.5655000,291996,3566,18590.2793,28873.4824,-119.082166636,214.173110146,0,0,
7132,7132,3.5660000,291996,3566,18591,28860.8613,-122.640438976,219.423509882,0,0,
7133,7133,3.5665000,291997,3567,18593.4043,28845.3535,-125.087332958,221.294973676,0,0,
7134,7134,3.5670000,291997,3567,18597.25,28833.6953,-126.987732393,226.114590168,0,0,
7135,7135,3.5675000,291998,3568,18590.7598,28803.6465,-136.89801872,210.06798792,0,0,
7136,7136,3.5680000,291998,3568,18577.7773,28786.6953,-153.35106925,202.980373389,0,0,
7137,7137,3.5685000,291999,3569,18567.1992,28774.916,-164.653283491,197.416466194,0,0,
7138,7138,3.5690000,291999,3569,18568.6426,28756.4062,-163.735634166,178.668325902,0,0,
7139,7139,3.5695000,292000,3570,18560.709,28734.5293,-170.377501604,155.076904839,0,0,
7140,7140,3.5700000,292000,3570,18546.2832,28711.5703,-176.054475566,126.31552505,0,0,
7141,7141,3.5705000,292001,3571,18538.9512,28704.2363,-175.964838255,110.933021938,0,0,
7142,7142,3.5710000,292001,3571,18540.0332,28710.248,-170.899375151,103.633242751,0,0,
7143,7143,3.5715000,292002,3572,18543.4004,28703.2754,-163.226777034,82.5417353343,0,0,
7144,7144,3.5720000,292002,3572,18547.6074,28694.3809,-154.1614934,59.6272928558,0,0,
7145,7145,3.5725000,292003,3573,18545.5645,28684.1641,-149.508838929,34.5183736384,0,0,
7146,7146,3.5730000,292003,3573,18542.4375,28679.3535,-145.677411198,13.251285414,0,0,
7147,7147,3.5735000,292004,3574,18546.4043,28668.6562,-135.956009495,-10.802804407,0,0,
7148,7148,3.5740000,292004,3574,18544.6016,28655.916,-131.096289771,-37.4974976855,0,0,
7149,7149,3.5745000,292005,3575,18537.6309,28644.1348,-130.593037351,-64.6137051806,0,0,
7150,7150,3.5750000,292005,3575,18539.793,28630.9141,-120.011398315,-89.3691297362,0,0,
7151,7151,3.5755000,292006,3576,18545.2031,28610.3594,-110.285856515,-122.074031552,0,0,
7152,7152,3.5760000,292006,3576,18547.3652,28588.4824,-103.831694728,-152.632109295,0,0,
7153,7153,3.5765000,292007,3577,18554.3379,28569.8516,-94.5182746465,-177.421602387,0,0,
7154,7154,3.5770000,292007,3577,18559.3867,28551.4609,-88.2424753714,-200.613253615,0,0,
7155,7155,3.5775000,292008,3578,18565.7578,28536.1953,-81.0632473067,-217.541655925,0,0,
7156,7156,3.5780000,292008,3578,18568.4004,28524.2949,-76.230357647,-232.167510755,0,0,
7157,7157,3.5785000,292009,3579,18574.1719,28511.5527,-69.348420704,-246.308287153,0,0,
7158,7158,3.5790000,292009,3579,18584.5098,28507.2266,-60.6947276517,-250.706263267,0,0,
7159,7159,3.5795000,292010,3580,18595.0879,28502.6582,-52.5163167755,-254.405262658,0,0,
7160,7160,3.5800000,292010,3580,18605.1836,28503.1387,-45.3265395606,-258.335705786,0,0,
7161,7161,3.5805000,292011,3581,18613.5977,28506.5059,-40.4894662429,-260.760089955,0,0,
7162,7162,3.5810000,292011,3581,18622.1309,28510.8301,-35.7402198661,-264.888740696,0,0,
7163,7163,3.5815000,292012,3582,18629.3438,28513.5957,-31.3807043836,-268.546673122,0,0,
7164,7164,3.5820000,292012,3582,18639.9219,28516.7207,-22.2168894255,-273.09720768,0,0,
7165,7165,3.5825000,292013,3583,18653.1445,28518.7656,-8.2857649202,-280.817340353,0,0,
7166,7166,3.5830000,292013,3583,18663.2402,28525.375,7.28399093731,-285.519548949,0,0,
7167,7167,3.5835000,292014,3584,18673.0977,28532.2266,15.9522961438,-274.203307532,0,0,
7168,7168,3.5840000,292014,3584,18678.8672,28536.9141,13.4133975288,-255.054339915,0,0,
7169,7169,3.5845000,292015,3585,18674.0605,28532.4688,3.85561248948,-243.266613387,0,0,
7170,7170,3.5850000,292015,3585,18669.0117,28519.7266,-2.55960544223,-238.859674404,0,0,
7171,7171,3.5855000,292016,3586,18668.4102,28506.8652,-6.37792687433,-235.418942054,0,0,
7172,7172,3.5860000,292016,3586,18665.4043,28486.0703,-11.5145211048,-238.579543315,0,0,
7173,7173,3.5865000,292017,3587,18663.4824,28475.252,-14.1699546604,-228.305434146,0,0,
7174,7174,3.5870000,292017,3587,18665.2852,28456.7402,-12.6742591504,-222.004874519,0,0,
7175,7175,3.5875000,292018,3588,18662.8809,28438.3496,-11.4379133101,-212.669833284,0,0,
7176,7176,3.5880000,292018,3588,18655.6699,28426.9297,-14.1774161175,-200.136753015,0,0,
7177,7177,3.5885000,292019,3589,18654.1055,28422.7246,-10.7238932374,-182.771056259,0,0,
7178,7178,3.5890000,292019,3589,18649.8984,28411.3047,-10.4869973295,-174.894985455,0,0,
7179,7179,3.5895000,292020,3590,18646.6543,28400.125,-6.48264646558,-166.672234983,0,0,
7180,7180,3.5900000,292020,3590,18644.6094,28398.3223,3.85883078666,-153.66809092,0,0,
7181,7181,3.5905000,292021,3591,18636.4355,28400.9668,6.12918297929,-140.489876569,0,0,
7182,7182,3.5910000,292021,3591,18635.1152,28404.3301,11.5251155989,-130.462623598,0,0,
7183,7183,3.5915000,292022,3592,18632.1094,28399.6426,16.3500137114,-124.77624584,0,0,
7184,7184,3.5920000,292022,3592,18630.7871,28386.9043,24.048905141,-124.058901252,0,0,
7185,7185,3.5925000,292023,3593,18626.0996,28374.4004,31.273285669,-121.60608285,0,0,
7186,7186,3.5930000,292023,3593,18624.1758,28364.3047,40.9617096755,-116.923278081,0,0,
7187,7187,3.5935000,292024,3594,18612.6367,28370.916,41.1176917034,-94.4751779574,0,0,
7188,7188,3.5940000,292024,3594,18602.4199,28381.1328,45.2564026299,-72.1142339863,0,0,
7189,7189,3.5945000,292025,3595,18593.5234,28378.248,51.705405454,-64.8286930309,0,0,
7190,7190,3.5950000,292025,3595,18590.5195,28377.4062,62.8041477528,-53.6059787301,0,0,
7191,7191,3.5955000,292026,3596,18586.9121,28372.5996,69.8976843674,-47.4358974087,0,0,
7192,7192,3.5960000,292026,3596,18575.6133,28354.0879,71.1793145435,-51.5655703457,0,0,
7193,7193,3.5965000,292027,3597,18571.2871,28329.9277,77.4780612098,-58.0710402023,0,0,
7194,7194,3.5970000,292027,3597,18568.1621,28325.2402,84.2793137269,-46.252724507,0,0,
7195,7195,3.5975000,292028,3598,18558.4238,28315.3828,85.1129757665,-38.2826492174,0,0,
7196,7196,3.5980000,292028,3598,18547.3652,28288.3359,87.0391167774,-45.6694954956,0,0,
7197,7197,3.5985000,292029,3599,18535.9473,28257.6855,88.1688897739,-52.0313251115,0,0,
7198,7198,3.5990000,292029,3599,18526.5723,28251.9141,89.5237821868,-34.5366928501,0,0,
7199,7199,3.5995000,292030,3600,18516.1133,28273.3125,90.5270439371,5.02471856933,0,0,
7200,7200,3.6000000,292030,3600,18510.7051,28296.6309,96.2975779072,36.354666916,0,0,
7201,7201,3.6005000,292031,3601,18501.8105,28300.5957,98.6426943804,46.3946879117,0,0,
7202,7202,3.6010000,292031,3601,18492.1934,28301.3184,100.360107815,51.3334006388,0,0,
7203,7203,3.6015000,292032,3602,18480.293,28301.9199,101.143025739,58.0413847956,0,0,
7204,7204,3.6020000,292032,3602,18472.8418,28324.5176,106.824311037,81.2377844086,0,0,
7205,7205,3.6025000,292033,3603,18461.9023,28350.1191,111.255123239,101.021747952,0,0,
7206,7206,3.6030000,292033,3603,18454.4492,28363.7031,123.20180176,105.243771838,0,0,
7207,7207,3.6035000,292034,3604,18449.4004,28361.4199,131.322201035,107.891346147,0,0,
7208,7208,3.6040000,292034,3604,18439.3047,28343.1484,128.78779152,107.130518728,0,0,
7209,7209,3.6045000,292035,3605,18428.7266,28309.8516,128.020109656,99.3878305245,0,0,
7210,7210,3.6050000,292035,3605,18421.9941,28279.8027,130.506503107,99.1814030088,0,0,
7211,7211,3.6055000,292036,3606,18419.3496,28262.8535,131.726627563,110.324243811,0,0,
7212,7212,3.6060000,292036,3606,18409.6152,28254.9199,125.429770998,128.67493391,0,0,
7213,7213,3.6065000,292037,3607,18401.4395,28252.6348,119.880712106,150.021282767,0,0,
7214,7214,3.6070000,292037,3607,18397.9551,28243.0215,116.881777275,165.341369335,0,0,
7215,7215,3.6075000,292038,3608,18390.8613,28235.6875,112.620115333,181.787574957,0,0,
7216,7216,3.6080000,292038,3608,18392.666,28228.7168,114.759862156,192.253325953,0,0,
7217,7217,3.6085000,292039,3609,18393.9883,28210.9277,113.196951614,190.238962492,0,0,
7218,7218,3.6090000,292039,3609,18388.8184,28162.9668,103.791612534,163.654132692,0,0,
7219,7219,3.6095000,292040,3610,18378.002,28122.6973,90.8467845333,148.591063185,0,0,
7220,7220,3.6100000,292040,3610,18368.1445,28077.623,82.8939030167,129.187331365,0,0,
7221,7221,3.6105000,292041,3611,18366.3418,28028.3379,80.1778286118,108.247249162,0,0,
7222,7222,3.6110000,292041,3611,18371.3887,28014.0332,77.7439485718,118.493666524,0,0,
7223,7223,3.6115000,292042,3612,18378.6016,28033.1465,76.0761657572,157.944770892,0,0,
7224,7224,3.6120000,292042,3612,18386.6543,28051.8984,73.7583930767,191.535507458,0,0,
7225,7225,3.6125000,292043,3613,18390.0215,28069.6875,68.2434341664,216.831479038,0,0,
7226,7226,3.6130000,292043,3613,18388.9395,28082.3105,57.6694316554,230.14800266,0,0,
7227,7227,3.6135000,292044,3614,18388.9395,28092.5254,48.4372173678,236.661444068,0,0,
7228,7228,3.6140000,292044,3614,18388.5781,28103.3438,39.5563882731,239.077539661,0,0,
7229,7229,3.6145000,292045,3615,18381.7266,28105.5078,25.3590453451,232.17044486,0,0,
7230,7230,3.6150000,292045,3615,18366.8223,28100.5801,4.38442411999,219.466857665,0,0,
7231,7231,3.6155000,292046,3616,18358.4082,28096.8535,-10.7963507158,207.126469517,0,0,
7232,7232,3.6160000,292046,3616,18350.9551,28095.1719,-21.8218296069,198.595131124,0,0,
7233,7233,3.6165000,292047,3617,18339.416,28105.0293,-37.523358248,198.679239077,0,0,
7234,7234,3.6170000,292047,3617,18328.2363,28115.0059,-51.2182837954,191.828470383,0,0,
7235,7235,3.6175000,292048,3618,18325.9531,28120.2949,-54.8639093967,180.490468827,0,0,
7236,7236,3.6180000,292048,3618,18322.8281,28123.8984,-57.8002450524,167.812961599,0,0,
7237,7237,3.6185000,292049,3619,18314.7754,28128.709,-65.5036579838,155.786751176,0,0,
7238,7238,3.6190000,292049,3619,18307.5625,28138.084,-73.4828554086,142.07875725,0,0,
7239,7239,3.6195000,292050,3620,18297.1035,28143.4922,-82.6952818983,120.748233043,0,0,
7240,7240,3.6200000,292050,3620,18290.373,28156.4746,-87.9818397747,102.960904223,0,0,
7241,7241,3.6205000,292051,3621,18281.1172,28160.2012,-93.8107708303,80.4762923152,0,0,
7242,7242,3.6210000,292051,3621,18280.0371,28152.627,-91.7840561262,49.4912703056,0,0,
7243,7243,3.6215000,292052,3622,18279.3145,28129.0684,-88.7794294519,10.5268591557,0,0,
7244,7244,3.6220000,292052,3622,18279.6758,28104.5469,-85.3164931646,-27.8589561899,0,0,
7245,7245,3.6225000,292053,3623,18278.7129,28079.5449,-81.0714507298,-62.3135720194,0,0,
7246,7246,3.6230000,292053,3623,18278.7129,28076.1797,-73.1303420425,-72.9309407389,0,0,
7247,7247,3.6235000,292054,3624,18276.1895,28082.1895,-71.8882870651,-62.2064545631,0,0,
7248,7248,3.6240000,292054,3624,18281.5996,28081.1074,-67.4382230418,-49.4161313988,0,0,
7249,7249,3.6245000,292055,3625,18279.6758,28078.1016,-68.1878373709,-35.2987494592,0,0,
7250,7250,3.6250000,292055,3625,18273.4238,28073.8965,-72.6103929089,-24.2930916931,0,0,
7251,7251,3.6255000,292056,3626,18266.4531,28070.7715,-80.1045190328,-18.0162264207,0,0,
7252,7252,3.6260000,292056,3626,18264.0488,28067.6465,-81.6638502661,-14.7020242735,0,0,
7253,7253,3.6265000,292057,3627,18255.6348,28067.1641,-88.443299809,-11.0196190445,0,0,
7254,7254,3.6270000,292057,3627,18257.1973,28061.7559,-87.3041819579,-9.20088076838,0,0,
7255,7255,3.6275000,292058,3628,18252.75,28058.75,-88.5224146113,-5.81121286671,0,0,
7256,7256,3.6280000,292058,3628,18248.1816,28049.0137,-90.9251681669,-12.2924821814,0,0,
7257,7257,3.6285000,292059,3629,18247.3418,28046.248,-90.3864541986,-12.4996947337,0,0,
7258,7258,3.6290000,292059,3629,18243.9746,28042.7637,-91.3826600014,-9.89584918481,0,0,
7259,7259,3.6295000,292060,3630,18241.6914,28042.8828,-89.1102598074,-7.6938089729,0,0,
7260,7260,3.6300000,292060,3630,18236.5215,28044.8066,-86.5433773316,-8.39290311367,0,0,
7261,7261,3.6305000,292061,3631,18233.1562,28039.877,-84.6811255419,-17.7157989524,0,0,
7262,7262,3.6310000,292061,3631,18230.752,28037.2344,-86.0931401254,-32.6154634135,0,0,
7263,7263,3.6315000,292062,3632,18227.748,28031.2246,-86.9845929568,-51.5892034981,0,0,
7264,7264,3.6320000,292062,3632,18221.2559,28023.7715,-89.5003741244,-67.3906104035,0,0,
7265,7265,3.6325000,292063,3633,18216.209,28024.252,-86.772892146,-74.5078245748,0,0,
7266,7266,3.6330000,292063,3633,18214.4043,28018.123,-80.4570222296,-86.5087635911,0,0,
7267,7267,3.6335000,292064,3634,18211.5215,28021.4863,-74.9516635832,-88.8105340625,0,0,
7268,7268,3.6340000,292064,3634,18207.3145,28020.4062,-69.7487171762,-95.5217942694,0,0,
7269,7269,3.6345000,292065,3635,18203.8262,28019.2031,-62.697431672,-99.2492297937,0,0,
7270,7270,3.6350000,292065,3635,18199.7402,28017.0391,-56.1289457205,-100.967207372,0,0,
7271,7271,3.6355000,292066,3636,18200.2207,28004.6582,-48.8531634884,-111.140681446,0,0,
7272,7272,3.6360000,292066,3636,18197.6973,27996.2441,-43.2903780702,-114.317502508,0,0,
7273,7273,3.6365000,292067,3637,18194.9316,27988.6719,-39.3472767116,-117.425002533,0,0,
7274,7274,3.6370000,292067,3637,18189.6426,27983.3828,-37.7446173521,-120.807328618,0,0,
7275,7275,3.6375000,292068,3638,18192.7676,27981.0996,-29.5206809146,-118.844907662,0,0,
7276,7276,3.6380000,292068,3638,18191.3262,27979.0547,-24.574364646,-115.360434202,0,0,
7277,7277,3.6385000,292069,3639,18186.998,27972.8047,-21.9226011812,-115.17278574,0,0,
7278,7278,3.6390000,292069,3639,18183.7539,27967.6348,-19.827029384,-117.746910955,0,0,
7279,7279,3.6395000,292070,3640,18182.0703,27956.459,-15.4086725384,-126.242836788,0,0,
7280,7280,3.6400000,292070,3640,18177.1426,27949.3652,-14.8738192696,-132.848068397,0,0,
7281,7281,3.6405000,292071,3641,18178.3457,27941.4316,-7.8641906239,-134.202693597,0,0,
7282,7282,3.6410000,292071,3641,18177.8633,27931.9355,-4.15955632974,-134.077956041,0,0,
7283,7283,3.6415000,292072,3642,18175.2188,27923.5215,-1.45368543561,-128.015462234,0,0,
7284,7284,3.6420000,292072,3642,18172.0938,27913.3047,0.987461800465,-126.562466556,0,0,
7285,7285,3.6425000,292073,3643,18171.373,27899.8418,7.84891820775,-128.068337618,0,0,
7286,7286,3.6430000,292073,3643,18172.2148,27891.3066,18.1446769935,-127.086027341,0,0,
7287,7287,3.6435000,292074,3644,18169.5703,27880.7285,22.1910014694,-118.135887016,0,0,
7288,7288,3.6440000,292074,3644,18168.8496,27868.1094,23.9456526932,-101.365175028,0,0,
7289,7289,3.6445000,292075,3645,18168.7285,27860.416,28.9508302835,-77.0898101675,0,0,
7290,7290,3.6450000,292075,3645,18166.8047,27845.873,32.5135694462,-60.2777247527,0,0,
7291,7291,3.6455000,292076,3646,18164.041,27835.4141,32.5444618223,-44.2799253745,0,0,
7292,7292,3.6460000,292076,3646,18163.9199,27821.8301,34.8369933096,-33.2828505625,0,0,
7293,7293,3.6465000,292077,3647,18160.7949,27817.502,34.8730000319,-16.3091665599,0,0,
7294,7294,3.6470000,292077,3647,18162.3574,27807.0469,35.9148660225,-2.70393634823,0,0,
7295,7295,3.6475000,292078,3648,18158.9922,27795.627,35.9156807706,8.75551573482,0,0,
7296,7296,3.6480000,292078,3648,18158.752,27785.6484,37.3265144193,18.8439579904,0,0,
7297,7297,3.6485000,292079,3649,18158.9922,27770.2637,37.6233572977,22.3673092882,0,0,
7298,7298,3.6490000,292079,3649,18160.4355,27755.1172,39.4886499868,29.5802771884,0,0,
7299,7299,3.6495000,292080,3650,18158.3906,27743.6973,39.3966120355,36.9433517788,0,0,
7300,7300,3.6500000,292080,3650,18155.7461,27733.8418,41.3714901224,42.0409473332,0,0,
7301,7301,3.6505000,292081,3651,18152.8613,27722.3027,40.70319911,44.6162405112,0,0,
7302,7302,3.6510000,292081,3651,18153.4629,27713.8887,39.4072009004,42.6024229532,0,0,
7303,7303,3.6515000,292082,3652,18151.7793,27704.6328,36.651963727,38.420184325,0,0,
7304,7304,3.6520000,292082,3652,18150.2168,27697.6621,35.3232659081,38.3921360319,0,0,
7305,7305,3.6525000,292083,3653,18147.2129,27692.6113,35.0230211485,38.4880386447,0,0,
7306,7306,3.6530000,292083,3653,18148.0527,27683.8379,37.8219133269,36.2834595231,0,0,
7307,7307,3.6535000,292084,3654,18150.5781,27673.9824,41.8669052937,32.0660820137,0,0,
7308,7308,3.6540000,292084,3654,18149.4961,27659.1973,43.0388489324,24.6712763766,0,0,
7309,7309,3.6545000,292085,3655,18147.8125,27642.248,44.3038743905,18.6912052593,0,0,
7310,7310,3.6550000,292085,3655,18147.4531,27625.6582,46.6788243177,16.2915084641,0,0,
7311,7311,3.6555000,292086,3656,18145.7695,27620.4922,44.4876552746,25.117129768,0,0,
7312,7312,3.6560000,292086,3656,18145.1699,27608.3516,44.9140631018,27.3183626293,0,0,
7313,7313,3.6565000,292087,3657,18141.4434,27602.7012,41.6268490733,32.9761959716,0,0,
7314,7314,3.6570000,292087,3657,18142.7637,27597.8926,42.9867534918,35.2013801807,0,0,
7315,7315,3.6575000,292088,3658,18137.5957,27589.7188,36.6604401384,34.9414898324,0,0,
7316,7316,3.6580000,292088,3658,18139.6387,27589.5996,38.9735276629,41.8466266682,0,0,
7317,7317,3.6585000,292089,3659,18140.3613,27583.8301,40.2300416132,43.2720955546,0,0,
7318,7318,3.6590000,292089,3659,18143.125,27583.9512,41.1010412568,45.1043466881,0,0,
7319,7319,3.6595000,292090,3660,18143.4863,27577.8203,39.8303636311,40.045072875,0,0,
7320,7320,3.6600000,292090,3660,18139.7598,27559.5488,34.7823206905,21.7116345328,0,0,
7321,7321,3.6605000,292091,3661,18136.875,27538.5137,30.7826901453,7.33889744881,0,0,
7322,7322,3.6610000,292091,3661,18133.2676,27522.8887,26.0083506138,1.2972953454,0,0,
7323,7323,3.6615000,292092,3662,18132.4277,27510.2656,25.2134496383,1.6852468721,0,0,
7324,7324,3.6620000,292092,3662,18130.623,27508.584,23.6789674263,8.47512780346,0,0,
7325,7325,3.6625000,292093,3663,18132.5469,27503.5332,26.6972824673,10.4105006772,0,0,
7326,7326,3.6630000,292093,3663,18132.5469,27497.6426,29.391806273,7.5774755582,0,0,
7327,7327,3.6635000,292094,3664,18134.2305,27486.9453,31.6761175168,8.02136113794,0,0,
7328,7328,3.6640000,292094,3664,18134.2305,27473.8438,28.6943197846,14.1668562809,0,0,
7329,7329,3.6645000,292095,3665,18138.4375,27454.9707,31.3703069251,17.5695834956,0,0,
7330,7330,3.6650000,292095,3665,18140.4805,27440.3066,32.1382430558,25.7618396809,0,0,
7331,7331,3.6655000,292096,3666,18135.6738,27433.2168,24.9202361561,35.8365607645,0,0,
7332,7332,3.6660000,292096,3666,18134.3496,27417.7109,20.9533859697,36.8432779963,0,0,
7333,7333,3.6665000,292097,3667,18130.623,27398.3574,16.2395341672,32.2847383048,0,0,
7334,7334,3.6670000,292097,3667,18131.5859,27369.5078,12.7436791368,24.8787207287,0,0,
7335,7335,3.6675000,292098,3668,18135.793,27354.002,15.3850838261,30.179424679,0,0,
7336,7336,3.6680000,292098,3668,18137.7168,27344.8672,13.720157769,38.4477189487,0,0,
7337,7337,3.6685000,292099,3669,18133.0293,27338.1348,5.47040308088,47.0072142529,0,0,
7338,7338,3.6690000,292099,3669,18133.9902,27333.4473,3.32462145276,57.914799072,0,0,
7339,7339,3.6695000,292100,3670,18133.1484,27325.1543,1.35580092172,60.9249748423,0,0,
7340,7340,3.6700000,292100,3670,18133.9902,27323.1094,2.92668433871,65.33925672,0,0,
7341,7341,3.6705000,292101,3671,18131.9473,27320.8262,-0.0688338600052,67.6247523652,0,0,
7342,7342,3.6710000,292101,3671,18133.2676,27308.2051,-3.47885183747,54.066442146,0,0,
7343,7343,3.6715000,292102,3672,18138.918,27288.4922,-2.52104300344,34.9620129526,0,0,
7344,7344,3.6720000,292102,3672,18139.3984,27279.959,-5.65028981442,28.5546830764,0,0,
7345,7345,3.6725000,292103,3673,18141.3223,27283.6855,-5.54807600413,31.0417999999,0,0,
7346,7346,3.6730000,292103,3673,18141.3223,27290.1738,-8.02598483526,35.5612397515,0,0,
7347,7347,3.6735000,292104,3674,18137.5957,27291.2578,-13.1911850853,32.6908682782,0,0,
7348,7348,3.6740000,292104,3674,18140,27291.8574,-11.224235447,29.6201383226,0,0,
7349,7349,3.6745000,292105,3675,18143.8457,27280.4375,-7.82319414297,17.9027902494,0,0,
7350,7350,3.6750000,292105,3675,18144.3262,27276.3516,-7.91080653982,14.8053537642,0,0,
7351,7351,3.6755000,292106,3676,18146.1309,27265.1719,-9.19015017997,4.71654606119,0,0,
7352,7352,3.6760000,292106,3676,18145.1699,27243.7754,-11.6556243331,-10.8353918507,0,0,
7353,7353,3.6765000,292107,3677,18149.2559,27228.752,-9.95314173627,-20.9362985812,0,0,
7354,7354,3.6770000,292107,3677,18152.0195,27205.3125,-10.6140102518,-38.651017679,0,0,
7355,7355,3.6775000,292108,3678,18150.5781,27193.5312,-15.2484336958,-42.2859887273,0,0,
7356,7356,3.6780000,292108,3678,18148.8945,27191.0078,-19.1167694235,-38.3271901042,0,0,
7357,7357,3.6785000,292109,3679,18154.6641,27197.1387,-15.53110719,-26.5845805912,0,0,
7358,7358,3.6790000,292109,3679,18159.1113,27203.1484,-15.3854599017,-21.2978733269,0,0,
7359,7359,3.6795000,292110,3680,18155.0254,27204.3516,-21.6526739496,-20.9906943086,0,0,
7360,7360,3.6800000,292110,3680,18152.9824,27199.9043,-24.6953162891,-26.8439480769,0,0,
7361,7361,3.6805000,292111,3681,18154.5449,27186.3203,-24.5896465161,-36.5270632438,0,0,
7362,7362,3.6810000,292111,3681,18161.6367,27180.6699,-20.4658707599,-38.0527918456,0,0,
7363,7363,3.6815000,292112,3682,18177.1426,27169.6113,-10.0762201422,-42.0921555544,0,0,
7364,7364,3.6820000,292112,3682,18189.6426,27165.6465,-4.18885219916,-43.3880436582,0,0,
7365,7365,3.6825000,292113,3683,18190.9668,27169.7324,-8.32304861311,-37.9775668268,0,0,
7366,7366,3.6830000,292113,3683,18186.5176,27167.5684,-14.634267674,-41.4670973168,0,0,
7367,7367,3.6835000,292114,3684,18190.7246,27161.1973,-13.9011106598,-41.558142041,0,0,
7368,7368,3.6840000,292114,3684,18194.2109,27163.2422,-16.2187582038,-28.2060772188,0,0,
7369,7369,3.6845000,292115,3685,18196.8555,27168.1699,-17.9254614493,-11.7733705016,0,0,
7370,7370,3.6850000,292115,3685,18197.3359,27173.3379,-20.0934415035,2.2613618495,0,0,
7371,7371,3.6855000,292116,3686,18200.8223,27165.1641,-19.7282223649,-0.997906378496,0,0,
7372,7372,3.6860000,292116,3686,18201.3027,27151.4609,-22.8730159592,-7.17011206524,0,0,
7373,7373,3.6865000,292117,3687,18202.0254,27130.7871,-24.1169955405,-18.9810966182,0,0,
7374,7374,3.6870000,292117,3687,18206.9531,27109.6309,-24.9134007208,-24.0531356407,0,0,
7375,7375,3.6875000,292118,3688,18210.1973,27103.9824,-24.8199736612,-17.2670107582,0,0,
7376,7376,3.6880000,292118,3688,18212.8418,27107.2266,-25.9512411845,-6.44206690533,0,0,
7377,7377,3.6885000,292119,3689,18218.0117,27104.7031,-24.5060693992,-2.6959925945,0,0,
7378,7378,3.6890000,292119,3689,18223.541,27097.4902,-23.6571936653,-1.69598765819,0,0,
7379,7379,3.6895000,292120,3690,18225.4629,27091.2402,-24.2579397981,-1.37606289023,0,0,
7380,7380,3.6900000,292120,3690,18232.7969,27090.0391,-18.8446458296,0.0280829396006,0,0,
7381,7381,3.6905000,292121,3691,18238.4453,27087.1543,-16.5797083067,-0.373884037565,0,0,
7382,7382,3.6910000,292121,3691,18243.7344,27082.1035,-18.279624888,-5.61051719464,0,0,
7383,7383,3.6915000,292122,3692,18249.1426,27078.377,-19.8060868645,-8.86000454483,0,0,
7384,7384,3.6920000,292122,3692,18256.1152,27083.4277,-18.3427072313,-5.75962788976,0,0,
7385,7385,3.6925000,292123,3693,18255.9941,27090.5176,-21.6310046945,-5.01306015208,0,0,
7386,7386,3.6930000,292123,3693,18259.6016,27099.0527,-21.3252969579,-2.98370401256,0,0,
7387,7387,3.6935000,292124,3694,18263.3281,27110.3516,-20.0807691942,0.621019856153,0,0,
7388,7388,3.6940000,292124,3694,18269.9395,27108.5488,-16.4729951518,-6.74225530654,0,0,
7389,7389,3.6945000,292125,3695,18271.9824,27115.0391,-16.6203532128,-3.00295531744,0,0,
7390,7390,3.6950000,292125,3695,18270.7793,27111.4355,-18.4482016828,-8.55509568703,0,0,
7391,7391,3.6955000,292126,3696,18276.5488,27109.0293,-15.8140197758,-11.8331325997,0,0,
7392,7392,3.6960000,292126,3696,18279.3145,27107.4668,-14.550311903,-10.9812451807,0,0,
7393,7393,3.6965000,292127,3697,18284.3633,27103.6191,-12.3763492909,-15.0951190724,0,0,
7394,7394,3.6970000,292127,3697,18289.4121,27098.5723,-10.7087533702,-20.0226252223,0,0,
7395,7395,3.6975000,292128,3698,18290.6133,27095.8066,-11.8861186473,-23.0650962018,0,0,
7396,7396,3.6980000,292128,3698,18299.8691,27094.6074,-5.82811889025,-26.1816560909,0,0,
7397,7397,3.6985000,292129,3699,18307.5625,27090.1582,-2.61832953701,-31.2591693818,0,0,
7398,7398,3.6990000,292129,3699,18309.125,27092.4434,-5.80335356761,-32.5842859101,0,0,
7399,7399,3.6995000,292130,3700,18315.4961,27090.2793,-2.32726680139,-35.7884476205,0,0,
7400,7400,3.7000000,292130,3700,18318.5,27090.2793,-2.08622064751,-36.0843796865,0,0,
7401,7401,3.7005000,292131,3701,18321.1445,27086.791,-2.88412911128,-34.9263852031,0,0,
7402,7402,3.7010000,292131,3701,18320.4238,27086.6719,-7.27189305711,-32.0163093012,0,0,
7403,7403,3.7015000,292132,3702,18320.7832,27084.75,-10.6911040126,-28.3816644811,0,0,
7404,7404,3.7020000,292132,3702,18320.0645,27084.627,-13.184401643,-27.6460406789,0,0,
7405,7405,3.7025000,292133,3703,18321.3848,27082.2246,-10.7422629326,-29.7155995621,0,0,
7406,7406,3.7030000,292133,3703,18325.4727,27084.75,-3.49156067438,-27.9237723769,0,0,
7407,7407,3.7035000,292134,3704,18323.3086,27087.9941,-4.47845757006,-19.7220692358,0,0,
7408,7408,3.7040000,292134,3704,18329.6797,27087.0332,0.496514075514,-12.1144563426,0,0,
7409,7409,3.7045000,292135,3705,18331.3613,27086.1895,2.03453206338,-3.10407525768,0,0,
7410,7410,3.7050000,292135,3705,18333.4062,27088.5957,5.14295569638,7.92578950732,0,0,
7411,7411,3.7055000,292136,3706,18334.8477,27084.0293,6.79646803556,11.0961734174,0,0,
7412,7412,3.7060000,292136,3706,18337.252,27086.791,8.94885762214,21.8265262584,0,0,
7413,7413,3.7065000,292137,3707,18338.4551,27086.3125,10.8092090925,28.3465463332,0,0,
7414,7414,3.7070000,292137,3707,18343.0215,27090.2793,11.9980460341,41.0697351931,0,0,
7415,7415,3.7075000,292138,3708,18342.3008,27093.1641,10.8021155978,46.194846535,0,0,
7416,7416,3.7080000,292138,3708,18340.7383,27092.8027,8.87248252407,44.3869312873,0,0,
7417,7417,3.7085000,292139,3709,18343.0215,27089.4375,10.4607250083,40.9694920025,0,0,
7418,7418,3.7090000,292139,3709,18343.1426,27095.9277,9.64591966222,48.1906458275,0,0,
7419,7419,3.7095000,292140,3710,18349.3926,27097.8516,16.0197135378,48.8483883406,0,0,
7420,7420,3.7100000,292140,3710,18349.9941,27102.1777,16.984894012,47.80056874,0,0,
7421,7421,3.7105000,292141,3711,18349.2715,27104.9434,16.5012674681,45.4856021678,0,0,
7422,7422,3.7110000,292141,3711,18350.834,27101.3359,15.5854021511,35.9763923986,0,0,
7423,7423,3.7115000,292142,3712,18351.1953,27108.3066,13.7819099231,36.2699850152,0,0,
7424,7424,3.7120000,292142,3712,18355.041,27109.6309,16.1396377674,29.0644981218,0,0,
7425,7425,3.7125000,292143,3713,18354.9219,27110.5918,17.0797067361,19.7455712822,0,0,
7426,7426,3.7130000,292143,3713,18356.0039,27117.5645,18.1286085332,17.0524079339,0,0,
7427,7427,3.7135000,292144,3714,18354.8027,27121.1699,17.7703095347,11.5846434605,0,0,
7428,7428,3.7140000,292144,3714,18350.2344,27123.9355,14.4632432679,9.1288723012,0,0,
7429,7429,3.7145000,292145,3715,18349.7539,27125.377,16.3948539149,7.25567907957,0,0,
7430,7430,3.7150000,292145,3715,18350.9551,27127.9004,20.5328942836,8.19430097845,0,0,
7431,7431,3.7155000,292146,3716,18350.4746,27134.6328,19.9864437859,12.4541171067,0,0,
7432,7432,3.7160000,292146,3716,18351.7969,27135.4746,22.5877197624,13.2086760973,0,0,
7433,7433,3.7165000,292147,3717,18350.834,27133.0703,21.7027216765,9.17806036353,0,0,
7434,7434,3.7170000,292147,3717,18347.2285,27137.998,18.5989385779,11.4649944082,0,0,
7435,7435,3.7175000,292148,3718,18350.2344,27132.4688,22.3779000948,3.56847085499,0,0,
7436,7436,3.7180000,292148,3718,18349.9941,27139.2012,21.6119643698,5.17301425309,0,0,
7437,7437,3.7185000,292149,3719,18352.6387,27141.8457,23.0565981275,3.49877538852,0,0,
7438,7438,3.7190000,292149,3719,18354.6816,27141.4844,23.8695460799,-3.82460471548,0,0,
7439,7439,3.7195000,292150,3720,18354.4414,27137.5176,23.2944673865,-10.9662185893,0,0,
7440,7440,3.7200000,292150,3720,18353.2402,27135.2344,22.4444301749,-15.4438755182,0,0,
7441,7441,3.7205000,292151,3721,18354.6816,27134.1504,23.0765237046,-14.2583125697,0,0,
7442,7442,3.7210000,292151,3721,18356.9648,27137.0371,23.6072229813,-11.3755476564,0,0,
7443,7443,3.7215000,292152,3722,18358.4082,27140.5234,22.0554546667,-6.26148699555,0,0,
7444,7444,3.7220000,292152,3722,18360.5723,27144.6094,21.8596636012,-5.10082314465,0,0,
7445,7445,3.7225000,292153,3723,18358.2871,27148.2168,19.3189105703,-5.12668253986,0,0,
7446,7446,3.7230000,292153,3723,18358.7676,27148.9375,20.8187402512,-9.05075622142,0,0,
7447,7447,3.7235000,292154,3724,18357.5664,27141.6035,19.6493268921,-14.1699852513,0,0,
7448,7448,3.7240000,292154,3724,18356.2441,27143.0469,15.6514040316,-7.08508755591,0,0,
7449,7449,3.7245000,292155,3725,18361.4121,27149.1777,18.9159726352,4.49313158679,0,0,
7450,7450,3.7250000,292155,3725,18360.9316,27149.6582,17.5319093223,9.43188145146,0,0,
7451,7451,3.7255000,292156,3726,18363.6973,27148.3359,18.2177543771,12.8721320014,0,0,
7452,7452,3.7260000,292156,3726,18362.7363,27149.7793,14.9836148028,18.2731762635,0,0,
7453,7453,3.7265000,292157,3727,18357.0859,27152.4219,9.07143365573,24.3551419895,0,0,
7454,7454,3.7270000,292157,3727,18360.4512,27151.9434,8.13384874832,28.9078731346,0,0,
7455,7455,3.7275000,292158,3728,18357.6855,27155.7891,4.50152053657,32.7601487144,0,0,
7456,7456,3.7280000,292158,3728,18362.4941,27154.8281,7.12194796612,29.772810737,0,0,
7457,7457,3.7285000,292159,3729,18360.9316,27157.5918,2.91295557029,31.1317821267,0,0,
7458,7458,3.7290000,292159,3729,18360.9316,27163.9629,0.356150202717,34.9284323805,0,0,
7459,7459,3.7295000,292160,3730,18355.8848,27164.3223,-5.60034117023,32.5452216905,0,0,
7460,7460,3.7300000,292160,3730,18354.9219,27169.7324,-6.14712908376,31.3761076777,0,0,
7461,7461,3.7305000,292161,3731,18355.041,27168.6504,-5.92273121508,25.1557539093,0,0,
7462,7462,3.7310000,292161,3731,18355.6426,27169.373,-7.91022206648,20.5953491476,0,0,
7463,7463,3.7315000,292162,3732,18358.2871,27167.209,-8.02863896444,12.2740245933,0,0,
7464,7464,3.7320000,292162,3732,18357.0859,27169.0098,-11.318414654,7.44426819988,0,0,
7465,7465,3.7325000,292163,3733,18356.0039,27175.1406,-11.657726512,4.55541511578,0,0,
7466,7466,3.7330000,292163,3733,18355.041,27176.4629,-12.772118999,-2.73936296923,0,0,
7467,7467,3.7335000,292164,3734,18360.6914,27177.1855,-7.62672540028,-8.97754429498,0,0,
7468,7468,3.7340000,292164,3734,18362.6152,27168.5312,-6.46734204748,-19.2537465899,0,0,
7469,7469,3.7345000,292165,3735,18366.0996,27144.9707,-4.29344388999,-38.1117874912,0,0,
7470,7470,3.7350000,292165,3735,18365.7402,27121.7715,-5.33890082167,-51.248349921,0,0,
7471,7471,3.7355000,292166,3736,18364.418,27093.2832,-9.00167993942,-65.6552217952,0,0,
7472,7472,3.7360000,292166,3736,18365.6191,27075.252,-9.20067954972,-64.7293714557,0,0,
7473,7473,3.7365000,292167,3737,18363.8164,27073.209,-12.5125733089,-50.6310851627,0,0,
7474,7474,3.7370000,292167,3737,18361.8926,27081.623,-15.1930156833,-31.1061353124,0,0,
7475,7475,3.7375000,292168,3738,18351.3164,27096.7676,-24.7730876397,-8.35542408587,0,0,
7476,7476,3.7380000,292168,3738,18349.3926,27102.6582,-25.7639510926,-0.678856607524,0,0,
7477,7477,3.7385000,292169,3739,18348.791,27108.7891,-25.9820937924,6.87331568349,0,0,
7478,7478,3.7390000,292169,3739,18345.4258,27109.9922,-27.9145137397,6.70548401895,0,0,
7479,7479,3.7395000,292170,3740,18346.748,27114.5605,-24.4787582208,11.1158595319,0,0,
7480,7480,3.7400000,292170,3740,18343.623,27112.3965,-24.5189339582,8.58376362123,0,0,
7481,7481,3.7405000,292171,3741,18338.4551,27107.4668,-26.9357516869,6.80214168083,0,0,
7482,7482,3.7410000,292171,3741,18341.9395,27102.5391,-22.1251191021,3.37390658152,0,0,
7483,7483,3.7415000,292172,3742,18346.627,27106.1465,-17.7880202917,8.98852141457,0,0,
7484,7484,3.7420000,292172,3742,18350.2344,27106.8672,-14.5922069757,8.04415385942,0,0,
7485,7485,3.7425000,292173,3743,18357.5664,27107.709,-7.05214561952,6.71383203636,0,0,
7486,7486,3.7430000,292173,3743,18361.5332,27108.5488,-2.99484681791,4.57127604918,0,0,
7487,7487,3.7435000,292174,3744,18356.8457,27108.1875,-7.16129981465,6.46444140352,0,0,
7488,7488,3.7440000,292174,3744,18355.5234,27102.5391,-9.96838114802,5.07788430466,0,0,
7489,7489,3.7445000,292175,3745,18357.2051,27097.8516,-9.68735874699,5.26375581783,0,0,
7490,7490,3.7450000,292175,3745,18361.5332,27100.1348,-5.70414155043,11.8855538244,0,0,
7491,7491,3.7455000,292176,3746,18367.0625,27104.2207,-2.52617723045,19.3999524847,0,0,
7492,7492,3.7460000,292176,3746,18363.2168,27098.4531,-7.36855737751,16.9628725143,0,0,
7493,7493,3.7465000,292177,3747,18357.4473,27096.8906,-11.4312163058,18.5123898538,0,0,
7494,7494,3.7470000,292177,3747,18350.3535,27087.9941,-19.7276563128,15.8555418862,0,0,
7495,7495,3.7475000,292178,3748,18349.7539,27083.3066,-18.0673791149,13.6605125739,0,0,
7496,7496,3.7480000,292178,3748,18346.8691,27079.7012,-19.8594603366,11.785080551,0,0,
7497,7497,3.7485000,292179,3749,18350.4746,27076.3359,-15.4436547604,10.4453228918,0,0,
7498,7498,3.7490000,292179,3749,18363.8164,27070.5645,-4.2522438727,6.7155514331,0,0,
7499,7499,3.7495000,292180,3750,18374.9961,27073.5703,4.11160659366,11.4888332641,0,0,
7500,7500,3.7500000,292180,3750,18371.3887,27075.6152,-1.09993368145,11.1400848736,0,0,
7501,7501,3.7505000,292181,3751,18365.8613,27071.2871,-7.18681666258,6.80860859896,0,0,
7502,7502,3.7510000,292181,3751,18369.5879,27069.9629,-6.60542573369,4.69092030911,0,0,
7503,7503,3.7515000,292182,3752,18379.6836,27065.1562,-1.36962441566,-1.1728371357,0,0,
7504,7504,3.7520000,292182,3752,18388.6992,27068.8828,2.53048368139,-0.717904521739,0,0,
7505,7505,3.7525000,292183,3753,18396.9941,27080.6621,6.69574872205,3.35596184511,0,0,
7506,7506,3.7530000,292183,3753,18398.7949,27100.2559,3.82436803023,12.6131232063,0,0,
7507,7507,3.7535000,292184,3754,18397.4746,27115.5215,-1.70104293671,16.1880747628,0,0,
7508,7508,3.7540000,292184,3754,18399.877,27124.8965,-2.49423365491,16.8913364404,0,0,
7509,7509,3.7545000,292185,3755,18407.4512,27133.791,0.831255547364,19.6002867249,0,0,
7510,7510,3.7550000,292185,3755,18401.0801,27136.0762,-6.80405224506,16.2825881567,0,0,
7511,7511,3.7555000,292186,3756,18394.5879,27139.2012,-14.3015687762,13.7432316498,0,0,
7512,7512,3.7560000,292186,3756,18387.2559,27144.25,-20.5191864952,12.7336769485,0,0,
7513,7513,3.7565000,292187,3757,18385.6934,27137.998,-20.4665780127,-1.55641913295,0,0,
7514,7514,3.7570000,292187,3757,18384.3711,27110.5918,-19.6713384082,-33.6694285987,0,0,
7515,7515,3.7575000,292188,3758,18377.8809,27084.627,-21.6862477785,-58.8610218757,0,0,
7516,7516,3.7580000,292188,3758,18376.7988,27045.4434,-20.2173541883,-90.5467353235,0,0,
7517,7517,3.7585000,292189,3759,18381.127,27017.6777,-14.9470898541,-104.840830811,0,0,
7518,7518,3.7590000,292189,3759,18384.252,27012.5078,-10.6096560421,-97.5095338394,0,0,
7519,7519,3.7595000,292190,3760,18389.1797,27020.8027,-5.34456200139,-78.2674136049,0,0,
7520,7520,3.7600000,292190,3760,18388.9395,27028.6152,-3.83809532546,-61.2162592773,0,0,
7521,7521,3.7605000,292191,3761,18390.7422,27034.7441,-1.18039733309,-45.3526685753,0,0,
7522,7522,3.7610000,292191,3761,18395.0684,27046.4043,1.35257862488,-28.9419500871,0,0,
7523,7523,3.7615000,292192,3762,18397.1133,27072.3672,0.939025310842,-4.00188830175,0,0,
7524,7524,3.7620000,292192,3762,18400.1191,27081.9844,2.08215289051,0.90770765494,0,0,
7525,7525,3.7625000,292193,3763,18399.6367,27091.1191,1.24768693177,3.84696128819,0,0,
7526,7526,3.7630000,292193,3763,18398.4355,27110.7129,1.36600958036,13.6312956878,0,0,
7527,7527,3.7635000,292194,3764,18399.2773,27130.1855,4.49733782001,24.8471783547,0,0,
7528,7528,3.7640000,292194,3764,18396.5117,27147.6152,2.04473398625,33.5370881009,0,0,
7529,7529,3.7645000,292195,3765,18390.1426,27149.6582,-2.99886348398,27.5305888345,0,0,
7530,7530,3.7650000,292195,3765,18380.5254,27152.0625,-8.45278105244,21.7597541197,0,0,
7531,7531,3.7655000,292196,3766,18381.9668,27148.2168,-4.35574363566,11.8196608301,0,0,
7532,7532,3.7660000,292196,3766,18383.1699,27152.6641,0.967622956298,11.4607853963,0,0,
7533,7533,3.7665000,292197,3767,18380.7656,27159.2734,4.14398397237,12.0567044044,0,0,
7534,7534,3.7670000,292197,3767,18375.1152,27154.9473,1.41055460339,6.28470478795,0,0,
7535,7535,3.7675000,292198,3768,18369.707,27139.0801,0.994624954705,-11.2417954648,0,0,
7536,7536,3.7680000,292198,3768,18370.668,27105.6641,5.36496444945,-40.2157796965,0,0,
7537,7537,3.7685000,292199,3769,18375.2363,27063.4746,11.3183148615,-69.7825438452,0,0,
7538,7538,3.7690000,292199,3769,18380.8848,27003.1309,15.2582388424,-106.779275287,0,0,
7539,7539,3.7695000,292200,3770,18379.2031,26961.7812,13.9042291595,-119.670011177,0,0,
7540,7540,3.7700000,292200,3770,18363.8164,26969.9551,4.50601096419,-89.7308788477,0,0,
7541,7541,3.7705000,292201,3771,18350.7148,26999.1641,-0.733543997026,-44.2869535982,0,0,
7542,7542,3.7710000,292201,3771,18342.7812,27031.9785,-3.41381779767,-4.55122490895,0,0,
7543,7543,3.7715000,292202,3772,18345.666,27053.8574,2.35848992786,18.9140048158,0,0,
7544,7544,3.7720000,292202,3772,18349.5137,27065.5156,8.93368098566,27.062915701,0,0,
7545,7545,3.7725000,292203,3773,18350.3535,27066.4785,13.6764094672,21.5880791001,0,0,
7546,7546,3.7730000,292203,3773,18345.5449,27063.2324,13.6817916821,12.583640601,0,0,
7547,7547,3.7735000,292204,3774,18349.873,27060.4688,21.4154801825,6.83594467607,0,0,
7548,7548,3.7740000,292204,3774,18353.9609,27059.5059,27.506131555,7.60623937033,0,0,
7549,7549,3.7745000,292205,3775,18351.3164,27062.6328,25.9750833042,14.5874300582,0,0,
7550,7550,3.7750000,292205,3775,18351.0762,27066.7188,29.7754269316,22.8464056934,0,0,
7551,7551,3.7755000,292206,3776,18354.3223,27067.4395,34.4869359481,26.9400570689,0,0,
7552,7552,3.7760000,292206,3776,18355.4023,27062.1504,36.6186864158,25.3061173853,0,0,
7553,7553,3.7765000,292207,3777,18360.5723,27055.6582,40.3533454342,22.083825241,0,0,
7554,7554,3.7770000,292207,3777,18358.4082,27052.4141,37.0632991231,23.2600622586,0,0,
7555,7555,3.7775000,292208,3778,18354.2012,27042.3184,34.03908791,17.9852301537,0,0,
7556,7556,3.7780000,292208,3778,18350.1133,27027.5312,28.9822298617,11.11968422,0,0,
7557,7557,3.7785000,292209,3779,18350.834,27025.6094,26.9237704888,14.813886516,0,0,
7558,7558,3.7790000,292209,3779,18349.3926,27023.6855,23.8823594164,13.3115273997,0,0,
7559,7559,3.7795000,292210,3780,18350.5957,27030.5371,22.9151327505,17.7499314084,0,0,
7560,7560,3.7800000,292210,3780,18346.627,27033.6641,19.4071219386,18.9055650645,0,0,
7561,7561,3.7805000,292211,3781,18343.0215,27033.7832,15.8804172892,19.6070548728,0,0,
7562,7562,3.7810000,292211,3781,18344.7051,27032.0996,15.1592414674,16.4885402414,0,0,
7563,7563,3.7815000,292212,3782,18348.4316,27030.6582,15.7024320596,11.6190429362,0,0,
7564,7564,3.7820000,292212,3782,18352.2773,27029.0957,16.1688102684,8.83328806718,0,0,
7565,7565,3.7825000,292213,3783,18355.5234,27019.9609,16.9752528209,0.341551218062,0,0,
7566,7566,3.7830000,292213,3783,18351.4355,27015.9922,12.352459561,-4.33764943476,0,0,
7567,7567,3.7835000,292214,3784,18354.0801,27016.3535,14.3117036243,-1.05007868662,0,0,
7568,7568,3.7840000,292214,3784,18346.5078,27015.5137,6.06583827913,2.97560969688,0,0,
7569,7569,3.7845000,292215,3785,18349.5137,27023.0859,7.96007570679,16.1096414947,0,0,
7570,7570,3.7850000,292215,3785,18356.0039,27028.6152,13.1726967792,24.7187014169,0,0,
7571,7571,3.7855000,292216,3786,18359.7305,27034.625,12.1125925256,33.3143157095,0,0,
7572,7572,3.7860000,292216,3786,18357.8066,27038.1094,7.68245877639,37.7097879434,0,0,
7573,7573,3.7865000,292217,3787,18350.4746,27047.4863,1.09271692562,44.9549681408,0,0,
7574,7574,3.7870000,292217,3787,18346.8691,27067.7988,-3.34422832842,63.2420300631,0,0,
7575,7575,3.7875000,292218,3788,18340.377,27086.3125,-8.5420027337,74.8171098107,0,0,
7576,7576,3.7880000,292218,3788,18340.0176,27106.9863,-9.61975828931,86.7899681678,0,0,
7577,7577,3.7885000,292219,3789,18348.5508,27115.0391,-4.66676977288,86.0771122192,0,0,
7578,7578,3.7890000,292219,3789,18356.3652,27110.2324,-3.20660829638,76.3120767439,0,0,
7579,7579,3.7895000,292220,3790,18357.3262,27096.4082,-5.62866890393,55.7391088925,0,0,
7580,7580,3.7900000,292220,3790,18359.248,27054.9375,-2.75126227366,5.54262162623,0,0,
7581,7581,3.7905000,292221,3791,18362.8555,27017.1953,0.30713067438,-33.9452518677,0,0,
7582,7582,3.7910000,292221,3791,18368.5059,27002.1699,0.664184786067,-48.4466925641,0,0,
7583,7583,3.7915000,292222,3792,18379.5645,27005.5371,2.00236835503,-42.9595890977,0,0,
7584,7584,3.7920000,292222,3792,18384.3711,27015.1504,-2.06590568607,-33.2235391593,0,0,
7585,7585,3.7925000,292223,3793,18381.7266,27022.002,-10.0578153403,-28.0105094103,0,0,
7586,7586,3.7930000,292223,3793,18374.9961,27028.9746,-18.7363458234,-23.5950489083,0,0,
7587,7587,3.7935000,292224,3794,18369.707,27035.9473,-26.0595955165,-19.0685368121,0,0,
7588,7588,3.7940000,292224,3794,18366.582,27037.2676,-30.1143989656,-17.1439831649,0,0,
7589,7589,3.7945000,292225,3795,18362.375,27040.3926,-33.7235784072,-12.4011584024,0,0,
7590,7590,3.7950000,292225,3795,18363.4551,27039.4316,-29.9941228758,-10.5485843165,0,0,
7591,7591,3.7955000,292226,3796,18370.0684,27036.0684,-23.6950846209,-10.2047447728,0,0,
7592,7592,3.7960000,292226,3796,18379.084,27032.2207,-15.9469156032,-9.21683973573,0,0,
7593,7593,3.7965000,292227,3797,18384.9727,27027.1719,-13.6838571945,-9.79016327031,0,0,
7594,7594,3.7970000,292227,3797,18385.9336,27022.4844,-14.643627525,-9.45516455433,0,0,
7595,7595,3.7975000,292228,3798,18388.8184,27019.1172,-12.2275151799,-7.40723764985,0,0,
7596,7596,3.7980000,292228,3798,18384.4922,27021.7637,-18.0433375761,0.794404629626,0,0,
7597,7597,3.7985000,292229,3799,18385.8145,27017.916,-20.1353811873,-1.13321050596,0,0,
7598,7598,3.7990000,292229,3799,18385.9336,27015.752,-21.785449193,-5.05497653846,0,0,
7599,7599,3.7995000,292230,3800,18385.9336,27016.3535,-23.7684351405,-8.66757244554,0,0,
7600,7600,3.8000000,292230,3800,18389.0605,27013.5879,-20.3879702754,-13.1603982701,0,0,
7601,7601,3.8005000,292231,3801,18389.2988,27008.9004,-20.4689835267,-15.9053754254,0,0,
7602,7602,3.8010000,292231,3801,18389.6602,27006.498,-22.6429444579,-17.4852393604,0,0,
7603,7603,3.8015000,292232,3802,18387.8574,27002.6504,-26.4356361564,-21.7213641172,0,0,
7604,7604,3.8020000,292232,3802,18392.1855,27000.127,-24.0307922928,-22.7579600501,0,0,
7605,7605,3.8025000,292233,3803,18392.1855,26998.6855,-24.1524221319,-21.2908277864,0,0,
7606,7606,3.8030000,292233,3803,18391.4629,27001.4473,-22.4443929856,-19.0234341276,0,0,
7607,7607,3.8035000,292234,3804,18392.0645,26994.959,-20.2882209281,-22.4830685544,0,0,
7608,7608,3.8040000,292234,3804,18396.1504,26990.6309,-14.6764718485,-21.2723362176,0,0,
7609,7609,3.8045000,292235,3805,18400.1191,26992.1934,-11.5407765896,-14.2036925688,0,0,
7610,7610,3.8050000,292235,3805,18402.5215,26994.7168,-9.6894139335,-7.30651130764,0,0,
7611,7611,3.8055000,292236,3806,18405.7676,26995.7988,-8.92148977577,-1.59944639777,0,0,
7612,7612,3.8060000,292236,3806,18406.6094,26987.7441,-7.97310340454,-3.9001015123,0,0,
7613,7613,3.8065000,292237,3807,18410.0957,26983.4199,-2.62557550299,-3.93722983546,0,0,
7614,7614,3.8070000,292237,3807,18410.9355,26978.9707,-2.4523684965,-2.17870004504,0,0,
7615,7615,3.8075000,292238,3808,18412.6191,26980.0527,-0.341378440836,3.76505845206,0,0,
7616,7616,3.8080000,292238,3808,18411.8984,26981.2559,-2.89767847888,10.2929570917,0,0,
7617,7617,3.8085000,292239,3809,18408.5332,26983.5391,-9.40353460777,19.767078115,0,0,
7618,7618,3.8090000,292239,3809,18405.7676,26982.3359,-15.1225658204,28.910390479,0,0,
7619,7619,3.8095000,292240,3810,18403.002,26985.7031,-16.4219199474,38.0811753722,0,0,
7620,7620,3.8100000,292240,3810,18398.5566,26982.6973,-15.0787402098,36.2976844437,0,0,
7621,7621,3.8105000,292241,3811,18400.1191,26980.291,-9.18372244408,32.7159029308,0,0,
7622,7622,3.8110000,292241,3811,18394.9492,26977.8887,-12.4644598221,24.3109898218,0,0,
7623,7623,3.8115000,292242,3812,18396.5117,26979.0918,-12.3552694917,18.1903870675,0,0,
7624,7624,3.8120000,292242,3812,18400.7188,26975.7246,-8.2800424207,7.84799270887,0,0,
7625,7625,3.8125000,292243,3813,18407.209,26967.0703,-0.111306198004,-5.20073433864,0,0,
7626,7626,3.8130000,292243,3813,18413.9414,26959.7363,8.68546423775,-14.8340109245,0,0,
7627,7627,3.8135000,292244,3814,18415.8652,26958.416,10.6696789728,-16.979410933,0,0,
7628,7628,3.8140000,292244,3814,18417.1875,26960.8203,11.5486435908,-12.4168050475,0,0,
7629,7629,3.8145000,292245,3815,18410.6953,26955.8906,6.51141177245,-13.5219436265,0,0,
7630,7630,3.8150000,292245,3815,18405.166,26953.127,4.24505453013,-10.7867600645,0,0,
7631,7631,3.8155000,292246,3816,18401.8008,26948.4395,2.42841733965,-8.98379751092,0,0,
7632,7632,3.8160000,292246,3816,18401.0801,26945.0723,3.53477755524,-5.41198628833,0,0,
7633,7633,3.8165000,292247,3817,18405.6465,26938.1016,8.39193376672,-5.51599206028,0,0,
7634,7634,3.8170000,292247,3817,18408.7715,26942.4297,13.1830639037,3.87787769967,0,0,
7635,7635,3.8175000,292248,3818,18409.2539,26945.3145,16.0688550928,10.4566054051,0,0,
7636,7636,3.8180000,292248,3818,18404.3262,26943.873,13.8139322024,12.3520992478,0,0,
7637,7637,3.8185000,292249,3819,18399.877,26944.9531,9.98568103739,14.1482485907,0,0,
7638,7638,3.8190000,292249,3819,18387.7363,26944.7129,1.83928330308,10.9908951516,0,0,
7639,7639,3.8195000,292250,3820,18381.4863,26944.5938,-0.121855025217,5.64186687714,0,0,
7640,7640,3.8200000,292250,3820,18378.3613,26937.2598,2.53954462664,-3.30328489965,0,0,
7641,7641,3.8205000,292251,3821,18380.0449,26935.5781,8.93057999932,-3.89192448278,0,0,
7642,7642,3.8210000,292251,3821,18374.3945,26938.7031,6.52642587213,-2.07033410548,0,0,
7643,7643,3.8215000,292252,3822,18371.1504,26941.9473,6.79004875875,-2.02485282541,0,0,
7644,7644,3.8220000,292252,3822,18370.5488,26951.6855,8.59493177548,3.64324306785,0,0,
7645,7645,3.8225000,292253,3823,18375.7168,26969.1152,16.5862223991,14.76362036,0,0,
7646,7646,3.8230000,292253,3823,18376.9199,26988.709,21.6862818118,22.0806721407,0,0,
7647,7647,3.8235000,292254,3824,18377.2793,27004.2129,24.3989509207,26.8887892417,0,0,
7648,7648,3.8240000,292254,3824,18375.3574,27012.5078,24.6982545867,25.1299138629,0,0,
7649,7649,3.8245000,292255,3825,18370.668,27021.8828,21.4338571762,23.4160616779,0,0,
7650,7650,3.8250000,292255,3825,18362.9746,27029.9375,16.9310530239,19.9736476422,0,0,
7651,7651,3.8255000,292256,3826,18361.7734,27039.6719,17.1952128539,18.7786588487,0,0,
7652,7652,3.8260000,292256,3826,18359.0098,27044.3613,18.2396783599,14.6258024307,0,0,
7653,7653,3.8265000,292257,3827,18368.9863,27049.1699,30.7116847832,8.81392034379,0,0,
7654,7654,3.8270000,292257,3827,18384.3711,27044.3613,43.5825626608,-3.00923302378,0,0,
7655,7655,3.8275000,292258,3828,18384.7324,27042.4375,42.0431210087,-11.7246207737,0,0,
7656,7656,3.8280000,292258,3828,18370.1875,27036.5469,26.6828480956,-21.043775773,0,0,
7657,7657,3.8285000,292259,3829,18358.0469,27035.5859,14.4152554655,-22.1735849087,0,0,
7658,7658,3.8290000,292259,3829,18343.7441,27036.4277,1.60846865112,-17.5027272043,0,0,
7659,7659,3.8295000,292260,3830,18332.4434,27034.1426,-3.83387099058,-18.3016907823,0,0,
7660,7660,3.8300000,292260,3830,18329.4395,27026.5703,1.60310252837,-24.9453904822,0,0,
7661,7661,3.8305000,292261,3831,18333.7676,27017.0762,10.6321180391,-33.4485087069,0,0,
7662,7662,3.8310000,292261,3831,18338.0938,27018.7578,16.5605943488,-34.9240767265,0,0,
7663,7663,3.8315000,292262,3832,18336.5312,27014.5488,12.7582410626,-42.5270388077,0,0,
7664,7664,3.8320000,292262,3832,18338.8145,27006.6172,13.2819302289,-51.4181775522,0,0,
7665,7665,3.8325000,292263,3833,18354.2012,26998.4434,25.7565155012,-57.3269151445,0,0,
7666,7666,3.8330000,292263,3833,18366.582,26992.7949,34.2129627999,-59.4971223692,0,0,
7667,7667,3.8335000,292264,3834,18375.2363,26983.5391,37.0108177781,-63.6446828275,0,0,
7668,7668,3.8340000,292264,3834,18375.1152,26977.4082,31.1963218644,-61.4409272764,0,0,
7669,7669,3.8345000,292265,3835,18363.8164,26977.4082,18.4065939706,-51.4970608565,0,0,
7670,7670,3.8350000,292265,3835,18359.1289,26972.8418,13.3861007103,-45.0602703061,0,0,
7671,7671,3.8355000,292266,3836,18349.873,26966.4688,3.25002975024,-39.1445146888,0,0,
7672,7672,3.8360000,292266,3836,18349.3926,26958.5371,1.53985620245,-34.0815030965,0,0,
7673,7673,3.8365000,292267,3837,18371.8711,26952.0449,17.027857025,-27.3631152687,0,0,
7674,7674,3.8370000,292267,3837,18400.8398,26942.3105,35.754992803,-25.2511019131,0,0,
7675,7675,3.8375000,292268,3838,18417.7871,26935.9375,41.2939138773,-19.4029895866,0,0,
7676,7676,3.8380000,292268,3838,18409.9746,26932.8125,25.1856641671,-10.1902245588,0,0,
7677,7677,3.8385000,292269,3839,18388.2168,26929.4473,-2.08811119445,-3.77339600379,0,0,
7678,7678,3.8390000,292269,3839,18388.9395,26931.25,-4.39818999375,3.91873471646,0,0,
7679,7679,3.8395000,292270,3840,18395.791,26931.9707,-3.18032764706,7.70264129418,0,0,
7680,7680,3.8400000,292270,3840,18391.584,26930.5293,-11.1137298152,11.7895111551,0,0,
7681,7681,3.8405000,292271,3841,18386.416,26933.6543,-19.4389199215,19.9154024898,0,0,
7682,7682,3.8410000,292271,3841,18371.8711,26929.4473,-34.195657175,18.7929550054,0,0,
7683,7683,3.8415000,292272,3842,18365.7402,26928.3652,-39.6177490396,19.5365536105,0,0,
7684,7684,3.8420000,292272,3842,18363.3359,26930.1699,-41.8447418816,22.0608466969,0,0,
7685,7685,3.8425000,292273,3843,18367.6641,26934.8574,-37.5617574395,25.8446841649,0,0,
7686,7686,3.8430000,292273,3843,18370.9082,26939.1855,-32.6852381525,26.0903509136,0,0,
7687,7687,3.8435000,292274,3844,18369.5879,26943.3906,-32.6802099523,29.295151899,0,0,
7688,7688,3.8440000,292274,3844,18356.7246,26948.3203,-41.3610325641,34.4915912367,0,0,
7689,7689,3.8445000,292275,3845,18346.1465,26948.0781,-46.5536714771,33.9887009285,0,0,
7690,7690,3.8450000,292275,3845,18339.8965,26950.002,-45.6990463214,35.3399850497,0,0,
7691,7691,3.8455000,292276,3846,18345.0645,26944.834,-37.368877265,31.1359295838,0,0,
7692,7692,3.8460000,292276,3846,18345.1855,26946.2754,-32.3459459888,35.2014479504,0,0,
7693,7693,3.8465000,292277,3847,18342.0605,26946.6348,-31.4897554522,35.9898726024,0,0,
7694,7694,3.8470000,292277,3847,18340.1367,26948.7988,-31.2407999201,40.4676709743,0,0,
7695,7695,3.8475000,292278,3848,18335.9297,26952.8887,-29.2719070672,43.9500425376,0,0,
7696,7696,3.8480000,292278,3848,18334.6074,26951.9238,-23.6217834067,43.8026631597,0,0,
7697,7697,3.8485000,292279,3849,18330.8809,26957.8145,-22.2152650116,49.8602726794,0,0,
7698,7698,3.8490000,292279,3849,18324.2715,26964.9062,-23.5213888793,58.0351588726,0,0,
7699,7699,3.8495000,292280,3850,18318.3809,26970.7969,-22.2092936216,61.7109607297,0,0,
7700,7700,3.8500000,292280,3850,18318.3809,26972.8418,-15.0329871162,60.0476254966,0,0,
7701,7701,3.8505000,292281,3851,18320.4238,26972.5996,-9.596672996,54.7206638647,0,0,
7702,7702,3.8510000,292281,3851,18316.6973,26977.166,-10.6423860488,48.2604362646,0,0,
7703,7703,3.8515000,292282,3852,18313.332,26983.1777,-12.8252495553,42.5517916794,0,0,
7704,7704,3.8520000,292282,3852,18314.293,26988.3457,-10.8769376891,36.6333328643,0,0,
7705,7705,3.8525000,292283,3853,18316.0957,26995.1973,-9.11287817626,32.8320211486,0,0,
7706,7706,3.8530000,292283,3853,18317.9004,26998.3223,-5.82262437158,25.071229389,0,0,
7707,7707,3.8535000,292284,3854,18312.7305,27007.8203,-8.1406317651,23.2303106166,0,0,
7708,7708,3.8540000,292284,3854,18309.2441,27011.666,-7.0006761725,17.2042673569,0,0,
7709,7709,3.8545000,292285,3855,18305.1582,27014.1895,-3.08051356813,11.0117863933,0,0,
7710,7710,3.8550000,292285,3855,18295.9023,27022.123,-4.52319204648,11.1546633539,0,0,
7711,7711,3.8555000,292286,3856,18289.4121,27031.3809,-3.93423871968,12.7009860472,0,0,
7712,7712,3.8560000,292286,3856,18285.9258,27037.8691,-2.42753791498,11.4911583578,0,0,
7713,7713,3.8565000,292287,3857,18280.7559,27036.0684,-7.10219299131,3.07502760529,0,0,
7714,7714,3.8570000,292287,3857,18280.998,27040.1543,-5.78609317258,-0.483056686831,0,0,
7715,7715,3.8575000,292288,3858,18271.7422,27047.3672,-8.95801605052,-1.73186131118,0,0,
7716,7716,3.8580000,292288,3858,18268.2559,27050.0098,-1.73053644576,-6.89928245885,0,0,
7717,7717,3.8585000,292289,3859,18272.584,27048.5684,11.412556926,-16.1991971251,0,0,
7718,7718,3.8590000,292289,3859,18277.0312,27049.1699,20.1027249328,-25.1857529963,0,0,
7719,7719,3.8595000,292290,3860,18273.3047,27050.4922,18.3326740624,-33.5904725146,0,0,
7720,7720,3.8600000,292290,3860,18262.8457,27052.2949,13.6809331005,-37.8814173111,0,0,
7721,7721,3.8605000,292291,3861,18254.5527,27055.2988,11.2635472972,-40.5203583297,0,0,
7722,7722,3.8610000,292291,3861,18245.8984,27053.9766,10.4301764583,-46.4371033448,0,0,
7723,7723,3.8615000,292292,3862,18252.5098,27051.4531,20.4293066755,-53.3567363725,0,0,
7724,7724,3.8620000,292292,3862,18272.2227,27052.4141,37.4052680445,-56.696566667,0,0,
7725,7725,3.8625000,292293,3863,18288.3301,27050.3691,46.8026008658,-62.3517608083,0,0,
7726,7726,3.8630000,292293,3863,18292.2969,27050.8516,45.6355599713,-66.1747952718,0,0,
7727,7727,3.8635000,292294,3864,18299.748,27045.9238,47.1284529276,-70.322672457,0,0,
7728,7728,3.8640000,292294,3864,18309.2441,27043.6406,51.3077281146,-69.0032922064,0,0,
7729,7729,3.8645000,292295,3865,18309.7246,27040.875,45.6095079419,-66.7055192848,0,0,
7730,7730,3.8650000,292295,3865,18307.6816,27039.6719,38.0608758982,-62.7097918574,0,0,
7731,7731,3.8655000,292296,3866,18291.8145,27039.5527,16.3731667517,-55.840518898,0,0,
7732,7732,3.8660000,292296,3866,18281.1172,27041.8359,4.9747264001,-46.6075672702,0,0,
7733,7733,3.8665000,292297,3867,18279.6758,27043.2793,2.76010927133,-39.8182121873,0,0,
7734,7734,3.8670000,292297,3867,18283.4004,27042.3184,3.2551108338,-33.5796837428,0,0,
7735,7735,3.8675000,292298,3868,18290.1328,27046.8848,8.70253797434,-24.6111608897,0,0,
7736,7736,3.8680000,292298,3868,18293.498,27050.8516,10.5363351782,-15.0533526864,0,0,
7737,7737,3.8685000,292299,3869,18297.7051,27050.0098,11.3851162406,-10.8599114262,0,0,
7738,7738,3.8690000,292299,3869,18292.8965,27053.8574,4.4017959332,-0.968633871964,0,0,
7739,7739,3.8695000,292300,3870,18288.3301,27054.3379,-0.42745385109,4.02834137598,0,0,
7740,7740,3.8700000,292300,3870,18286.7676,27056.5,-2.39081464515,9.9531775755,0,0,
7741,7741,3.8705000,292301,3871,18287.6074,27057.7031,-4.44328568748,13.6688366216,0,0,
7742,7742,3.8710000,292301,3871,18286.166,27054.5781,-7.98291793305,8.52961855393,0,0,
7743,7743,3.8715000,292302,3872,18282.1992,27054.0957,-14.5702313768,5.98539896088,0,0,
7744,7744,3.8720000,292302,3872,18277.3926,27054.9375,-21.3377119611,5.68989667457,0,0,
7745,7745,3.8725000,292303,3873,18270.541,27052.1738,-29.0308334455,2.9939772673,0,0,
7746,7746,3.8730000,292303,3873,18271.1406,27050.4922,-27.6126903983,2.05478792162,0,0,
7747,7747,3.8735000,292304,3874,18266.8145,27047.9668,-28.6153033209,0.0469564569266,0,0,
7748,7748,3.8740000,292304,3874,18267.1738,27041.3574,-24.457994356,-2.78540547872,0,0,
7749,7749,3.8745000,292305,3875,18268.4961,27037.8691,-17.3652715331,-1.3950921011,0,0,
7750,7750,3.8750000,292305,3875,18268.2559,27034.7441,-12.3866554574,0.827754576012,0,0,
7751,7751,3.8755000,292306,3876,18265.3711,27028.1328,-11.4461744871,0.991160607164,0,0,
7752,7752,3.8760000,292306,3876,18259.6016,27029.2168,-14.715664524,8.78998236532,0,0,
7753,7753,3.8765000,292307,3877,18256.4766,27024.6484,-18.5517844158,12.3238082138,0,0,
7754,7754,3.8770000,292307,3877,18249.8652,27019.8379,-24.7601355062,13.6758902035,0,0,
7755,7755,3.8775000,292308,3878,18244.8164,27016.3535,-24.0435219017,15.4362380638,0,0,
7756,7756,3.8780000,292308,3878,18242.8926,27022.3652,-17.7000276366,25.6750571922,0,0,
7757,7757,3.8785000,292309,3879,18239.4082,27025.3691,-14.1931566298,31.2017959287,0,0,
7758,7758,3.8790000,292309,3879,18233.877,27020.0801,-14.3204525689,26.3697317018,0,0,
7759,7759,3.8795000,292310,3880,18232.7969,27016.7129,-10.755251396,22.6982853976,0,0,
7760,7760,3.8800000,292310,3880,18229.1895,27017.4355,-6.67418566145,24.7156013148,0,0,
7761,7761,3.8805000,292311,3881,18227.5078,27015.873,-2.27482546442,24.1329954314,0,0,
7762,7762,3.8810000,292311,3881,18225.7051,27017.0762,2.48149731536,26.2430194635,0,0,
7763,7763,3.8815000,292312,3882,18224.8633,27006.0156,3.31809400913,17.0119790642,0,0,
7764,7764,3.8820000,292312,3882,18223.541,27002.6504,0.374794201052,14.4805590909,0,0,
7765,7765,3.8825000,292313,3883,18220.416,27000.127,-3.33204675387,12.8565376163,0,0,
7766,7766,3.8830000,292313,3883,18217.291,27004.5723,-2.59800574598,15.261228178,0,0,
7767,7767,3.8835000,292314,3884,18218.8535,27008.9004,1.80151834988,19.9769361315,0,0,
7768,7768,3.8840000,292314,3884,18217.1699,27014.3105,4.34946491117,25.3388645421,0,0,
7769,7769,3.8845000,292315,3885,18217.1699,27014.3105,8.78216175183,25.6076472402,0,0,
7770,7770,3.8850000,292315,3885,18218.8535,27017.0762,14.2160328642,27.3764329733,0,0,
7771,7771,3.8855000,292316,3886,18221.377,27013.2285,18.6057577316,24.3139437561,0,0,
7772,7772,3.8860000,292316,3886,18222.2188,27014.4297,21.6275737327,25.8192263415,0,0,
7773,7773,3.8865000,292317,3887,18227.748,27012.3887,25.8551316479,23.5050846736,0,0,
7774,7774,3.8870000,292317,3887,18226.9062,27003.252,21.5814272372,17.4784463912,0,0,
7775,7775,3.8875000,292318,3888,18226.7871,26994.5957,20.2132318452,10.8617530365,0,0,
7776,7776,3.8880000,292318,3888,18226.7871,26993.9941,19.8948010804,13.7516041018,0,0,
7777,7777,3.8885000,292319,3889,18226.7871,26993.5156,18.4960185701,16.6861844059,0,0,
7778,7778,3.8890000,292319,3889,18233.1562,26996.6406,23.7292788524,22.7329498237,0,0,
7779,7779,3.8895000,292320,3890,18222.9395,26983.4199,14.8450475516,14.1543446192,0,0,
7780,7780,3.8900000,292320,3890,18204.1875,26963.7051,-0.13238465518,1.77885990558,0,0,
7781,7781,3.8905000,292321,3891,18186.2773,26952.5254,-13.5933361416,-1.43550319194,0,0,
7782,7782,3.8910000,292321,3891,18185.916,26934.375,-9.47362309857,-12.5663174148,0,0,
7783,7783,3.8915000,292322,3892,18189.6426,26916.3457,-3.46477886852,-22.0821917032,0,0,
7784,7784,3.8920000,292322,3892,18192.4082,26909.6152,0.214140024765,-19.9389751013,0,0,
7785,7785,3.8925000,292323,3893,18194.9316,26906.248,2.74600546168,-14.2272353833,0,0,
7786,7786,3.8930000,292323,3893,18187.5996,26910.3359,-3.3906303035,-3.35217818828,0,0,
7787,7787,3.8935000,292324,3894,18174.9785,26912.498,-10.4773894807,3.44472575504,0,0,
7788,7788,3.8940000,292324,3894,18161.7559,26913.7012,-16.5171576197,10.1785205806,0,0,
7789,7789,3.8945000,292325,3895,18156.3477,26910.5762,-12.7124065581,12.011645594,0,0,
7790,7790,3.8950000,292325,3895,18153.4629,26909.7344,-6.73787352783,15.3519995175,0,0,
7791,7791,3.8955000,292326,3896,18153.8223,26911.2969,0.531155513251,20.8495164022,0,0,
7792,7792,3.8960000,292326,3896,18156.3477,26916.1035,7.2563348828,26.9816287086,0,0,
7793,7793,3.8965000,292327,3897,18154.5449,26915.7441,5.89306624806,29.2639408102,0,0,
7794,7794,3.8970000,292327,3897,18148.4141,26916.8262,1.37833719133,30.3581486114,0,0,
7795,7795,3.8975000,292328,3898,18142.8848,26925.9609,1.2263026285,36.213942838,0,0,
7796,7796,3.8980000,292328,3898,18140,26929.3281,5.00320049309,34.5175254938,0,0,
7797,7797,3.8985000,292329,3899,18144.4473,26934.8574,13.625563019,34.1710784811,0,0,
7798,7798,3.8990000,292329,3899,18141.9238,26938.8223,13.7849465431,30.9779619617,0,0,
7799,7799,3.8995000,292330,3900,18137.2363,26949.7598,10.998561561,31.6236190942,0,0,
7800,7800,3.9000000,292330,3900,18130.3848,26954.5703,9.59406603206,26.7105840718,0,0,
7801,7801,3.9005000,292331,3901,18120.8887,26958.8965,5.32067495066,21.3735270385,0,0,
7802,7802,3.9010000,292331,3901,18115.5996,26963.9453,6.12797408179,16.4556569772,0,0,
7803,7803,3.9015000,292332,3902,18112.9551,26960.7012,5.59008873159,6.06107959939,0,0,
7804,7804,3.9020000,292332,3902,18114.2754,26953.9688,5.70509469162,-8.32666543259,0,0,
7805,7805,3.9025000,292333,3903,18113.7949,26940.9863,4.51005764823,-25.9598336204,0,0,
7806,7806,3.9030000,292333,3903,18115.3574,26929.3281,7.87042771123,-42.0716291942,0,0,
7807,7807,3.9035000,292334,3904,18110.9121,26922.4766,4.63220133543,-48.7893693165,0,0,
7808,7808,3.9040000,292334,3904,18099.0098,26914.4219,-2.3844267435,-54.4601133872,0,0,
7809,7809,3.9045000,292335,3905,18089.875,26905.7676,-5.30818316026,-57.773422958,0,0,
7810,7810,3.9050000,292335,3905,18080.0176,26879.6816,-8.02121275086,-74.723846772,0,0,
7811,7811,3.9055000,292336,3906,18071.7246,26849.6328,-9.35348680651,-88.5614971398,0,0,
7812,7812,3.9060000,292336,3906,18066.7969,26819.2207,-6.39286951857,-99.2980706913,0,0,
7813,7813,3.9065000,292337,3907,18058.502,26815.9766,-8.67988619064,-84.2679762784,0,0,
7814,7814,3.9070000,292337,3907,18053.9355,26827.3965,-7.95529696178,-56.2170271303,0,0,
7815,7815,3.9075000,292338,3908,18054.7754,26843.7422,-1.47555103966,-30.3193495361,0,0,
7816,7816,3.9080000,292338,3908,18054.1758,26846.8672,3.44646935787,-19.5060802485,0,0,
7817,7817,3.9085000,292339,3909,18057.9004,26844.9453,10.2279803137,-14.0298309541,0,0,
7818,7818,3.9090000,292339,3909,18064.2715,26838.9355,17.8349985915,-12.4490607621,0,0,
7819,7819,3.9095000,292340,3910,18063.3105,26835.4473,21.002494054,-6.13498916149,0,0,
7820,7820,3.9100000,292340,3910,18059.4648,26832.4434,21.6527141191,0.504454746414,0,0,
7821,7821,3.9105000,292341,3911,18056.3379,26824.9922,20.4397428971,0.722798768682,0,0,
7822,7822,3.9110000,292341,3911,18058.502,26805.5176,20.7329121702,-10.0482869864,0,0,
7823,7823,3.9115000,292342,3912,18055.9785,26800.2285,15.3112474672,-7.86829233915,0,0,
7824,7824,3.9120000,292342,3912,18058.623,26808.6426,14.4056845483,3.37131669435,0,0,
7825,7825,3.9125000,292343,3913,18072.4473,26814.0527,22.0141356829,9.99659084677,0,0,
7826,7826,3.9130000,292343,3913,18093.3613,26819.7031,34.5887776964,13.9896857368,0,0,
7827,7827,3.9135000,292344,3914,18116.0801,26812.9707,47.5811990884,6.78782626067,0,0,
7828,7828,3.9140000,292344,3914,18111.873,26809.3652,34.9642319224,5.11297886468,0,0,
7829,7829,3.9145000,292345,3915,18100.5723,26807.6816,18.1864253744,5.91819042068,0,0,
7830,7830,3.9150000,292345,3915,18090.8379,26808.2832,5.06684191949,8.04582570922,0,0,
7831,7831,3.9155000,292346,3916,18083.9863,26805.2793,-4.66497272326,7.17367789659,0,0,
7832,7832,3.9160000,292346,3916,18080.3789,26799.8691,-11.4775895336,3.43524300228,0,0,
7833,7833,3.9165000,292347,3917,18079.0566,26794.4609,-17.3305157359,2.84567705144,0,0,
7834,7834,3.9170000,292347,3917,18074.4902,26783.4004,-24.0967680959,-3.47596584899,0,0,
7835,7835,3.9175000,292348,3918,18065.1133,26782.6797,-31.2655289905,-2.10242877474,0,0,
7836,7836,3.9180000,292348,3918,18061.1465,26779.7949,-31.6738689758,-2.41086182206,0,0,
7837,7837,3.9185000,292349,3919,18059.3438,26775.9473,-31.5954810783,-3.54255999093,0,0,
7838,7838,3.9190000,292349,3919,18054.416,26768.1348,-33.5257489322,-7.79753375547,0,0,
7839,7839,3.9195000,292350,3920,18052.4922,26764.6484,-32.852077274,-9.77852670413,0,0,
7840,7840,3.9200000,292350,3920,18052.0117,26758.3984,-28.3767338149,-11.8428324612,0,0,
7841,7841,3.9205000,292351,3921,18049.9688,26752.2676,-26.1258248943,-12.9371228012,0,0,
7842,7842,3.9210000,292351,3921,18047.3242,26749.1426,-24.6143616765,-11.282612823,0,0,
7843,7843,3.9215000,292352,3922,18050.0879,26744.9375,-21.9100123302,-8.11960630655,0,0,
7844,7844,3.9220000,292352,3922,18049.248,26739.4062,-25.2217116764,-7.66290882206,0,0,
7845,7845,3.9225000,292353,3923,18049.6074,26738.4453,-26.2175896001,-2.64408073792,0,0,
7846,7846,3.9230000,292353,3923,18052.0117,26734.4785,-23.2661205396,-3.24578182312,0,0,
7847,7847,3.9235000,292354,3924,18052.1309,26730.2715,-22.2799418894,-2.69420344427,0,0,
7848,7848,3.9240000,292354,3924,18049.9688,26724.9824,-20.5298868178,-2.36410065523,0,0,
7849,7849,3.9245000,292355,3925,18049.248,26721.7363,-17.8530248719,0.903903563268,0,0,
7850,7850,3.9250000,292355,3925,18053.6934,26715.3672,-11.1582334831,3.41169978164,0,0,
7851,7851,3.9255000,292356,3926,18049.248,26707.4316,-13.6022997231,6.53135193687,0,0,
7852,7852,3.9260000,292356,3926,18052.252,26699.7402,-9.11698552275,8.80673652082,0,0,
7853,7853,3.9265000,292357,3927,18053.4551,26695.4141,-8.04733534021,8.95065845213,0,0,
7854,7854,3.9270000,292357,3927,18052.373,26692.0469,-10.1283163437,9.54797241124,0,0,
7855,7855,3.9275000,292358,3928,18051.4102,26683.9941,-11.4404557194,4.15280593834,0,0,
7856,7856,3.9280000,292358,3928,18048.5254,26678.2246,-13.0358537251,4.04416065514,0,0,
7857,7857,3.9285000,292359,3929,18051.7715,26671.373,-10.3994639298,4.46247105926,0,0,
7858,7858,3.9290000,292359,3929,18054.5371,26663.5605,-8.77608200102,5.01545564703,0,0,
7859,7859,3.9295000,292360,3930,18053.0938,26658.9922,-6.86443846837,10.004694995,0,0,
7860,7860,3.9300000,292360,3930,18049.3672,26654.6641,-5.85857924722,15.0037900854,0,0,
7861,7861,3.9305000,292361,3931,18050.0879,26649.375,-2.90175627552,17.6916098709,0,0,
7862,7862,3.9310000,292361,3931,18047.6855,26639.6387,-5.80103799807,17.1089085422,0,0,
7863,7863,3.9315000,292362,3932,18046.8418,26629.6621,-7.00475341995,13.3285221917,0,0,
7864,7864,3.9320000,292362,3932,18046.6035,26620.166,-8.31672409029,6.96611153685,0,0,
7865,7865,3.9325000,292363,3933,18043.8379,26614.6387,-13.129552814,5.63595235738,0,0,
7866,7866,3.9330000,292363,3933,18040.1113,26612.4746,-17.4052442551,6.25474202436,0,0,
7867,7867,3.9335000,292364,3934,18040.7129,26609.9473,-15.1954044045,8.44305915776,0,0,
7868,7868,3.9340000,292364,3934,18040.4727,26604.0605,-9.17962063304,8.39323075046,0,0,
7869,7869,3.9345000,292365,3935,18033.2598,26595.7656,-8.18150506717,6.69300999683,0,0,
7870,7870,3.9350000,292365,3935,18032.5391,26584.4668,-2.00424414502,2.41292531316,0,0,
7871,7871,3.9355000,292366,3936,18033.3809,26577.375,3.36737843095,3.50879072751,0,0,
7872,7872,3.9360000,292366,3936,18036.2656,26568.7188,8.101746089,2.925176212,0,0,
7873,7873,3.9365000,292367,3937,18037.4668,26564.3926,8.79789169622,8.09427407989,0,0,
7874,7874,3.9370000,292367,3937,18035.9043,26555.2578,8.38577688549,8.38881875802,0,0,
7875,7875,3.9375000,292368,3938,18037.4668,26545.4004,13.244289026,4.85126619291,0,0,
7876,7876,3.9380000,292368,3938,18040.5918,26539.8691,18.2555466682,6.19516503185,0,0,
7877,7877,3.9385000,292369,3939,18045.5215,26529.5332,22.1243809885,3.52692088852,0,0,
7878,7878,3.9390000,292369,3939,18046.9629,26516.791,23.0495556269,0.0545107685727,0,0,
7879,7879,3.9395000,292370,3940,18047.6855,26503.6895,22.1707605308,-5.28627449194,0,0,
7880,7880,3.9400000,292370,3940,18044.5586,26494.7949,19.9269850942,-4.18836486942,0,0,
7881,7881,3.9405000,292371,3941,18041.7949,26491.6699,18.2814128393,1.78612115998,0,0,
7882,7882,3.9410000,292371,3941,18039.6309,26481.8125,17.407450473,0.703753361193,0,0,
7883,7883,3.9415000,292372,3942,18032.7793,26477.3652,9.49522634336,6.49296496378,0,0,
7884,7884,3.9420000,292372,3942,18033.2598,26468.9512,7.49612479929,7.25155574544,0,0,
7885,7885,3.9425000,292373,3943,18031.3379,26460.0566,4.20553617803,7.36081227495,0,0,
7886,7886,3.9430000,292373,3943,18027.6113,26450.9219,1.37174500522,5.9156720886,0,0,
7887,7887,3.9435000,292374,3944,18026.6484,26436.7363,2.07575285816,1.64133882724,0,0,
7888,7888,3.9440000,292374,3944,18024.3652,26421.1113,4.18719262471,-2.14625916185,0,0,
7889,7889,3.9445000,292375,3945,18022.0801,26407.0469,5.71463216581,-3.08214230326,0,0,
7890,7890,3.9450000,292375,3945,18018.9551,26398.0312,5.70300391884,2.83227681389,0,0,
7891,7891,3.9455000,292376,3946,18018.5957,26389.377,8.93262304391,10.1151066019,0,0,
7892,7892,3.9460000,292376,3946,18016.1914,26382.2871,8.97825068379,16.8359018437,0,0,
7893,7893,3.9465000,292377,3947,18018.4746,26371.709,12.2412479289,15.249453784,0,0,
7894,7894,3.9470000,292377,3947,18019.3164,26363.5332,13.1576111874,15.4073885276,0,0,
7895,7895,3.9475000,292378,3948,18017.3926,26356.3223,11.7389027509,15.2846739186,0,0,
7896,7896,3.9480000,292378,3948,18009.9414,26346.8262,7.13178707122,14.63962328,0,0,
7897,7897,3.9485000,292379,3949,18001.2871,26339.6152,0.559910543049,16.9877903901,0,0,
7898,7898,3.9490000,292379,3949,17996.959,26332.7637,-1.15867341051,19.7937420404,0,0,
7899,7899,3.9495000,292380,3950,17994.916,26325.7891,3.3180061277,22.5559441594,0,0,
7900,7900,3.9500000,292380,3950,17992.752,26319.2988,8.31237331079,25.3522396914,0,0,
7901,7901,3.9505000,292381,3951,17990.9492,26311.6074,10.7233979819,25.9319565154,0,0,
7902,7902,3.9510000,292381,3951,17993.834,26301.0293,14.7090566012,25.0554615542,0,0,
7903,7903,3.9515000,292382,3952,17996.3574,26286.3652,17.0654894196,18.1795750032,0,0,
7904,7904,3.9520000,292382,3952,17999.002,26276.748,17.9958987827,13.295090973,0,0,
7905,7905,3.9525000,292383,3953,18002.4883,26264.248,18.0868978968,6.44234691129,0,0,
7906,7906,3.9530000,292383,3953,18009.2207,26250.3027,20.7174180754,-1.9179676631,0,0,
7907,7907,3.9535000,292384,3954,18005.4941,26233.5938,14.7354622159,-9.37596384354,0,0,
7908,7908,3.9540000,292384,3954,18000.8066,26218.3281,12.6313859869,-12.9018507011,0,0,
7909,7909,3.9545000,292385,3955,17999.9629,26204.9863,16.1220011567,-13.4473162349,0,0,
7910,7910,3.9550000,292385,3955,17995.1562,26193.0859,14.215194793,-12.512067518,0,0,
7911,7911,3.9555000,292386,3956,17994.916,26183.1094,14.9538109538,-9.962303365,0,0,
7912,7912,3.9560000,292386,3956,17990.8281,26165.7988,10.7056722969,-13.7301448223,0,0,
7913,7913,3.9565000,292387,3957,17985.0586,26157.9863,4.52859717286,-8.04556241903,0,0,
7914,7914,3.9570000,292387,3957,17977.8457,26145.4863,-0.312832638748,-6.41316771793,0,0,
7915,7915,3.9575000,292388,3958,17977.7266,26134.1875,3.03814435623,-6.54497981476,0,0,
7916,7916,3.9580000,292388,3958,17977.125,26121.6875,4.88542324149,-7.81406694061,0,0,
7917,7917,3.9585000,292389,3959,17975.4434,26113.2734,3.87992251428,-4.65534157461,0,0,
7918,7918,3.9590000,292389,3959,17973.6387,26104.498,4.0854964608,-1.63667618802,0,0,
7919,7919,3.9595000,292390,3960,17973.8809,26092.4766,5.24107774046,-3.80594252968,0,0,
7920,7920,3.9600000,292390,3960,17973.2793,26080.0957,7.38144423819,-5.23833784213,0,0,
7921,7921,3.9605000,292391,3961,17972.0762,26062.9062,8.37790183661,-11.1211626428,0,0,
7922,7922,3.9610000,292391,3961,17969.3125,26046.9199,7.66608962294,-14.1910293797,0,0,
7923,7923,3.9615000,292392,3962,17969.9121,26031.5332,7.69602551313,-15.2278229622,0,0,
7924,7924,3.9620000,292392,3962,17970.875,26017.1094,5.28767824042,-15.0571663887,0,0,
7925,7925,3.9625000,292393,3963,17968.2305,26001.8438,0.746813022432,-15.4496634803,0,0,
7926,7926,3.9630000,292393,3963,17968.7109,25985.8574,0.641857896048,-17.1847933921,0,0,
7927,7927,3.9635000,292394,3964,17968.5918,25967.5859,-0.115997900652,-18.6115916201,0,0,
7928,7928,3.9640000,292394,3964,17968.832,25956.0469,1.5253883931,-13.2651165902,0,0,
7929,7929,3.9645000,292395,3965,17966.3066,25950.1562,0.133885957589,-3.97077480517,0,0,
7930,7930,3.9650000,292395,3965,17958.1348,25940.6621,-6.1540881498,1.65318036445,0,0,
7931,7931,3.9655000,292396,3966,17954.4082,25924.9141,-7.47105665916,2.64670111874,0,0,
7932,7932,3.9660000,292396,3966,17956.0898,25907.8457,-4.6741615249,1.69641007738,0,0,
7933,7933,3.9665000,292397,3967,17948.7578,25891.377,-11.0657951091,-1.3167896202,0,0,
7934,7934,3.9670000,292397,3967,17946.9551,25878.5156,-11.9343854804,-1.560577039,0,0,
7935,7935,3.9675000,292398,3968,17943.1074,25860.6074,-13.7088931983,-6.70696789411,0,0,
7936,7936,3.9680000,292398,3968,17949.2383,25842.6953,-5.328508844,-9.22956595242,0,0,
7937,7937,3.9685000,292399,3969,17958.9746,25830.5547,2.82439492474,-5.89135582344,0,0,
7938,7938,3.9690000,292399,3969,17957.1719,25816.8535,-1.02949964365,-3.75119935431,0,0,
7939,7939,3.9695000,292400,3970,17960.2969,25802.3066,2.22052319849,-1.91063888226,0,0,
7940,7940,3.9700000,292400,3970,17958.1348,25794.4941,1.32940697798,5.39136524144,0,0,
7941,7941,3.9705000,292401,3971,17957.0527,25783.7969,-0.453814516462,8.82700036818,0,0,
7942,7942,3.9710000,292401,3971,17959.8164,25767.5703,-1.23773428262,8.59834325451,0,0,
7943,7943,3.9715000,292402,3972,17966.7871,25758.7949,0.911282979874,13.0041567091,0,0,
7944,7944,3.9720000,292402,3972,17974.1211,25747.1348,1.83325737369,10.6849816155,0,0,
7945,7945,3.9725000,292403,3973,17973.1582,25739.2031,-5.54508529143,11.7972051799,0,0,
7946,7946,3.9730000,292403,3973,17973.1582,25721.4121,-11.3562347073,3.48876842811,0,0,
7947,7947,3.9735000,292404,3974,17973.1582,25704.3438,-13.9443298434,-1.10048492619,0,0,
7948,7948,3.9740000,292404,3974,17968.1113,25687.9941,-17.0819506336,-3.57322095009,0,0,
7949,7949,3.9745000,292405,3975,17966.0664,25682.4668,-16.0251891343,3.24325630825,0,0,
7950,7950,3.9750000,292405,3975,17961.2598,25669.9668,-17.7637407846,2.6931752373,0,0,
7951,7951,3.9755000,292406,3976,17958.8535,25657.8262,-18.8690335524,2.08292725865,0,0,
7952,7952,3.9760000,292406,3976,17957.8926,25644.6016,-19.0533922389,1.69481513145,0,0,
7953,7953,3.9765000,292407,3977,17956.5703,25634.8672,-20.076992431,3.1076096598,0,0,
7954,7954,3.9770000,292407,3977,17954.5273,25621.0449,-20.0140154236,2.06588859651,0,0,
7955,7955,3.9775000,292408,3978,17954.7676,25614.3125,-17.9257880077,4.53282371663,0,0,
7956,7956,3.9780000,292408,3978,17952.4844,25602.6504,-18.3803205084,2.23207170671,0,0,
7957,7957,3.9785000,292409,3979,17950.8008,25592.916,-19.1235328141,1.62591597524,0,0,
7958,7958,3.9790000,292409,3979,17951.6426,25581.498,-16.5018221711,0.164925215017,0,0,
7959,7959,3.9795000,292410,3980,17952.2441,25569.3574,-15.1898279345,-2.85188823826,0,0,
7960,7960,3.9800000,292410,3980,17952.3633,25555.8926,-12.6015359904,-5.99973106983,0,0,
7961,7961,3.9805000,292411,3981,17954.166,25543.2715,-8.96790585139,-7.89832745249,0,0,
7962,7962,3.9810000,292411,3981,17957.291,25531.9746,-4.6728750306,-8.22290048967,0,0,
7963,7963,3.9815000,292412,3982,17955.3691,25523.9199,-7.33336417763,-5.48574853109,0,0,
7964,7964,3.9820000,292412,3982,17956.8105,25510.9375,-8.73255969284,-7.58314333458,0,0,
7965,7965,3.9825000,292413,3983,17955.9707,25503.8457,-10.5870310823,-4.58990062677,0,0,
7966,7966,3.9830000,292413,3983,17958.4941,25495.6719,-8.80045992047,-4.00770603214,0,0,
7967,7967,3.9835000,292414,3984,17956.3301,25488.2188,-10.9413226662,-1.60863677128,0,0,
7968,7968,3.9840000,292414,3984,17960.2969,25478.6035,-5.91665910889,-2.23404146544,0,0,
7969,7969,3.9845000,292415,3985,17952.9648,25472.2324,-10.6493167684,-1.17403401647,0,0,
7970,7970,3.9850000,292415,3985,17944.6699,25463.8184,-14.4374730405,-0.892377012919,0,0,
7971,7971,3.9855000,292416,3986,17946.4746,25455.7656,-9.59420861168,1.57799652447,0,0,
7972,7972,3.9860000,292416,3986,17941.9062,25450.2344,-11.8545139497,4.94842848015,0,0,
7973,7973,3.9865000,292417,3987,17946.4746,25454.0801,-5.55170572011,12.5186909518,0,0,
7974,7974,3.9870000,292417,3987,17947.1953,25447.9512,-4.4755594123,8.75547734194,0,0,
7975,7975,3.9875000,292418,3988,17946.1133,25432.5645,-4.13583066707,-2.19523051646,0,0,
7976,7976,3.9880000,292418,3988,17956.4512,25418.3828,5.21009234014,-9.20859634955,0,0,
7977,7977,3.9885000,292419,3989,17968.832,25405.3984,12.6505192031,-14.6302292158,0,0,
7978,7978,3.9890000,292419,3989,17982.1738,25386.6484,20.4540672208,-23.0047643145,0,0,
7979,7979,3.9895000,292420,3990,17985.6602,25370.4219,19.6824844893,-26.8987450426,0,0,
7980,7980,3.9900000,292420,3990,17974.4805,25356.8379,8.59181148405,-28.5189967476,0,0,
7981,7981,3.9905000,292421,3991,17959.4551,25345.6582,-5.04785611109,-27.1339482416,0,0,
7982,7982,3.9910000,292421,3991,17946.4746,25339.4082,-16.5772592683,-19.5404478919,0,0,
7983,7983,3.9915000,292422,3992,17939.9824,25346.5,-21.1624504485,-4.7263500257,0,0,
7984,7984,3.9920000,292422,3992,17933.6113,25357.9199,-24.866733028,8.42871267151,0,0,
7985,7985,3.9925000,292423,3993,17927.8418,25370.2988,-26.1720692878,18.9379207354,0,0,
7986,7986,3.9930000,292423,3993,17910.1738,25377.5137,-36.5462598656,23.4268935318,0,0,
7987,7987,3.9935000,292424,3994,17902.2402,25378.5938,-34.2712139617,22.5036496306,0,0,
7988,7988,3.9940000,292424,3994,17908.6113,25363.6895,-16.6124426882,8.52006108884,0,0,
7989,7989,3.9945000,292425,3995,17915.1016,25360.2031,-1.17806924764,4.23329282404,0,0,
7990,7990,3.9950000,292425,3995,17920.5098,25349.5059,10.9487250733,-4.53755629978,0,0,
7991,7991,3.9955000,292426,3996,17924.3574,25334,17.8855362604,-16.0364917277,0,0,
7992,7992,3.9960000,292426,3996,17922.4336,25321.498,18.1807319886,-21.8094421955,0,0,
7993,7993,3.9965000,292427,3997,17918.4668,25301.5449,16.3098725814,-33.6396172031,0,0,
7994,7994,3.9970000,292427,3997,17915.9434,25283.0332,17.1993886933,-39.8615022869,0,0,
7995,7995,3.9975000,292428,3998,17909.2109,25271.0137,14.2187083091,-41.9683361091,0,0,
7996,7996,3.9980000,292428,3998,17903.5605,25269.4512,13.0180960108,-33.7797510538,0,0,
7997,7997,3.9985000,292429,3999,17909.3301,25284.2344,20.4545607137,-13.8423556444,0,0,
7998,7998,3.9990000,292429,3999,17916.4238,25298.5391,27.8240143677,2.75181600065,0,0,
7999,7999,3.9995000,292430,4000,17910.8945,25306.5938,22.797562515,10.1926660951,0,0,
8000,8000,4.0000000,292430,4000,17903.8027,25309.1172,18.8542124012,12.024311623,0,0,
8001,8001,4.0005000,292431,4001,17904.8848,25310.2012,21.9905859221,11.875338576,0,0,
8002,8002,4.0010000,292431,4001,17905.7246,25302.627,24.1598501762,4.35071838576,0,0,
8003,8003,4.0015000,292432,4002,17906.9277,25297.459,25.2078756671,-0.160957626626,0,0,
8004,8004,4.0020000,292432,4002,17915.8223,25292.8906,29.8378411543,-2.78782028505,0,0,
8005,8005,4.0025000,292433,4003,17919.5488,25288.2031,30.208310145,-6.01433856189,0,0,
8006,8006,4.0030000,292433,4003,17916.6641,25285.4375,24.5522774338,-7.50735809227,0,0,
8007,8007,4.0035000,292434,4004,17920.3887,25285.4375,25.8274327857,-5.32910285372,0,0,
8008,8008,4.0040000,292434,4004,17921.1113,25281.8301,24.3337635562,-6.56180900573,0,0,
8009,8009,4.0045000,292435,4005,17919.6699,25281.8301,23.0445394796,-5.76541265328,0,0,
8010,8010,4.0050000,292435,4005,17915.582,25276.541,20.1050572534,-7.91489764389,0,0,
8011,8011,4.0055000,292436,4006,17917.7461,25276.3027,20.3106268827,-3.72639405907,0,0,
8012,8012,4.0060000,292436,4006,17911.8555,25276.1816,13.6434601454,-0.856525207208,0,0,
8013,8013,4.0065000,292437,4007,17905.0039,25266.3262,6.09453026865,-9.70434199465,0,0,
8014,8014,4.0070000,292437,4007,17900.7969,25254.9062,1.79018016685,-17.1624883191,0,0,
8015,8015,4.0075000,292438,4008,17890.8203,25244.9297,-5.48042507313,-19.978964973,0,0,
8016,8016,4.0080000,292438,4008,17889.498,25233.2715,-6.38267712622,-22.3415674697,0,0,
8017,8017,4.0085000,292439,4009,17890.459,25226.4199,-6.84695852109,-20.3783227032,0,0,
8018,8018,4.0090000,292439,4009,17893.2246,25214.877,-4.82027089504,-20.4340284608,0,0,
8019,8019,4.0095000,292440,4010,17897.6719,25203.2188,0.866892255324,-19.7495856214,0,0,
8020,8020,4.0100000,292440,4010,17901.2773,25202.1387,8.49119729366,-11.0634880314,0,0,
8021,8021,4.0105000,292441,4011,17901.1582,25198.1719,10.8608635141,-5.84659360174,0,0,
8022,8022,4.0110000,292441,4011,17897.3105,25199.9746,7.26615226537,4.45980363666,0,0,
8023,8023,4.0115000,292442,4012,17892.9844,25201.6562,1.93607292149,9.03372064697,0,0,
8024,8024,4.0120000,292442,4012,17895.5078,25194.6855,2.48848723123,3.61313603696,0,0,
8025,8025,4.0125000,292443,4013,17900.0762,25188.0723,4.73919314935,-0.554648262801,0,0,
8026,8026,4.0130000,292443,4013,17902.8398,25180.1406,6.44360708289,-2.91860996973,0,0,
8027,8027,4.0135000,292444,4014,17906.4473,25172.2051,8.01448702332,-2.26018143472,0,0,
8028,8028,4.0140000,292444,4014,17904.1621,25162.9512,4.4582309164,0.804567655479,0,0,
8029,8029,4.0145000,292445,4015,17898.5137,25158.7441,-1.06094872747,4.69319110943,0,0,
8030,8030,4.0150000,292445,4015,17889.498,25159.3457,-8.06309022776,14.1653207112,0,0,
8031,8031,4.0155000,292446,4016,17885.4121,25154.416,-10.867663064,18.23990476,0,0,
8032,8032,4.0160000,292446,4016,17883.6074,25153.9355,-10.8262021495,25.7444011553,0,0,
8033,8033,4.0165000,292447,4017,17890.0996,25147.084,-4.11906240539,26.955273129,0,0,
8034,8034,4.0170000,292447,4017,17896.4707,25136.0254,1.77330425236,25.766987266,0,0,
8035,8035,4.0175000,292448,4018,17906.4473,25129.2949,9.5985845633,25.0149564586,0,0,
8036,8036,4.0180000,292448,4018,17921.2324,25124.7266,19.3430111418,25.1654331978,0,0,
8037,8037,4.0185000,292449,4019,17940.4629,25120.7598,27.4881094843,22.892735515,0,0,
8038,8038,4.0190000,292449,4019,17956.0898,25120.5215,30.3264859702,24.9081741187,0,0,
8039,8039,4.0195000,292450,4020,17948.0371,25114.8691,14.1650669327,22.7320780139,0,0,
8040,8040,4.0200000,292450,4020,17923.3945,25114.6309,-11.4475288984,26.8830737839,0,0,
8041,8041,4.0205000,292451,4021,17897.4316,25113.1875,-34.7893741223,29.4485840323,0,0,
8042,8042,4.0210000,292451,4021,17882.8867,25110.5449,-43.9949356222,31.8877803905,0,0,
8043,8043,4.0215000,292452,4022,17885.0508,25109.7012,-38.0500886296,34.6495489728,0,0,
8044,8044,4.0220000,292452,4022,17891.4199,25106.0957,-32.3699012443,34.8609028165,0,0,
8045,8045,4.0225000,292453,4023,17893.4648,25104.291,-29.0772614801,35.503214003,0,0,
8046,8046,4.0230000,292453,4023,17893.1035,25094.7969,-27.0710687461,28.8589729221,0,0,
8047,8047,4.0235000,292454,4024,17888.0566,25091.0703,-29.2864779031,28.3949570613,0,0,
8048,8048,4.0240000,292454,4024,17888.6562,25085.4219,-25.3492268435,26.7801329827,0,0,
8049,8049,4.0245000,292455,4025,17886.9746,25087.8262,-21.6382572865,30.2280299515,0,0,
8050,8050,4.0250000,292455,4025,17886.7324,25092.752,-16.2146901061,36.7037466321,0,0,
8051,8051,4.0255000,292456,4026,17878.0781,25090.5879,-21.0655160217,36.2467203923,0,0,
8052,8052,4.0260000,292456,4026,17876.2754,25089.3887,-17.6939780269,35.5857871578,0,0,
8053,8053,4.0265000,292457,4027,17874.2324,25095.7578,-15.5744624173,39.5248242202,0,0,
8054,8054,4.0270000,292457,4027,17879.041,25099.3652,-8.64321115701,40.5611066192,0,0,
8055,8055,4.0275000,292458,4028,17870.0254,25099.6035,-12.344110332,38.9196415295,0,0,
8056,8056,4.0280000,292458,4028,17865.0957,25091.5527,-14.8439314839,30.960660578,0,0,
8057,8057,4.0285000,292459,4029,17866.1777,25073.0391,-13.365496712,14.1331057663,0,0,
8058,8058,4.0290000,292459,4029,17860.168,25055.4902,-17.1680517729,2.95566023845,0,0,
8059,8059,4.0295000,292460,4030,17861.0098,25045.875,-12.4313039648,0.29524461437,0,0,
8060,8060,4.0300000,292460,4030,17864.375,25040.4668,-3.05786260543,-1.22528102314,0,0,
8061,8061,4.0305000,292461,4031,17868.7031,25038.3027,5.64441752137,0.481811651488,0,0,
8062,8062,4.0310000,292461,4031,17870.0254,25037.7012,9.10687800009,2.73419041813,0,0,
8063,8063,4.0315000,292462,4032,17867.1406,25032.291,7.08690873216,-2.69501777544,0,0,
8064,8064,4.0320000,292462,4032,17870.8652,25027.8438,9.21948281332,-6.9118869527,0,0,
8065,8065,4.0325000,292463,4033,17869.4238,25022.916,6.63641484939,-11.2102230423,0,0,
8066,8066,4.0330000,292463,4033,17866.4199,25014.2598,4.84261969005,-16.2130437024,0,0,
8067,8067,4.0335000,292464,4034,17864.375,25010.5332,3.90453666873,-14.57875848,0,0,
8068,8068,4.0340000,292464,4034,17867.6211,25007.8906,8.63336953996,-9.71505531578,0,0,
8069,8069,4.0345000,292465,4035,17866.1777,25002.8418,9.41618991176,-11.1529148395,0,0,
8070,8070,4.0350000,292465,4035,17865.8184,25001.6406,11.6472217985,-8.44402364797,0,0,
8071,8071,4.0355000,292466,4036,17869.0645,24996.4707,14.5097243967,-8.15497456559,0,0,
8072,8072,4.0360000,292466,4036,17865.3379,24990.5801,10.9525382482,-9.00097711365,0,0,
8073,8073,4.0365000,292467,4037,17865.3379,24992.2637,9.54941943897,-2.43645470346,0,0,
8074,8074,4.0370000,292467,4037,17863.6543,24986.7344,7.52113359898,-1.57170955407,0,0,
8075,8075,4.0375000,292468,4038,17862.332,24981.6855,5.83887206819,-4.13481259071,0,0,
8076,8076,4.0380000,292468,4038,17865.9395,24976.998,7.61379372102,-7.33571701874,0,0,
8077,8077,4.0385000,292469,4039,17862.6934,24968.8262,0.623603848863,-15.3303426838,0,0,
8078,8078,4.0390000,292469,4039,17862.0918,24964.6172,-2.16212092049,-18.6052471398,0,0,
8079,8079,4.0395000,292470,4040,17862.4512,24963.5371,1.67079654287,-17.3627587732,0,0,
8080,8080,4.0400000,292470,4040,17861.6113,24957.4062,7.69522023743,-20.1257432946,0,0,
8081,8081,4.0405000,292471,4041,17864.4961,24953.3184,14.4529604884,-20.2319535323,0,0,
8082,8082,4.0410000,292471,4041,17860.8887,24951.1543,12.5515662805,-17.3201170826,0,0,
8083,8083,4.0415000,292472,4042,17858.125,24951.7559,8.18591809104,-13.374894254,0,0,
8084,8084,4.0420000,292472,4042,17860.4082,24946.3457,5.53312611748,-14.2398797918,0,0,
8085,8085,4.0425000,292473,4043,17861.25,24942.0176,4.28298530695,-14.9088848402,0,0,
8086,8086,4.0430000,292473,4043,17857.8848,24935.0469,0.94266250205,-16.7959356327,0,0,
8087,8087,4.0435000,292474,4044,17858.125,24932.8828,1.5861538455,-14.9600704731,0,0,
8088,8088,4.0440000,292474,4044,17859.207,24928.4375,2.40611957459,-14.5327607619,0,0,
8089,8089,4.0445000,292475,4045,17858.3652,24920.2637,3.42771628683,-19.6736538531,0,0,
8090,8090,4.0450000,292475,4045,17855.2402,24917.8594,2.84773791979,-17.8149690613,0,0,
8091,8091,4.0455000,292476,4046,17855.3613,24913.4121,4.17043774777,-16.2178634854,0,0,
8092,8092,4.0460000,292476,4046,17856.6816,24911.248,6.06517418091,-13.5513554192,0,0,
8093,8093,4.0465000,292477,4047,17856.9238,24910.7656,6.02631925757,-12.0521929498,0,0,
8094,8094,4.0470000,292477,4047,17854.7598,24907.5215,2.29224944277,-11.9173744336,0,0,
8095,8095,4.0475000,292478,4048,17853.6777,24906.1973,3.6758816401,-8.82446085049,0,0,
8096,8096,4.0480000,292478,4048,17853.918,24902.2324,2.59139618147,-6.4165840317,0,0,
8097,8097,4.0485000,292479,4049,17853.918,24906.7988,-0.932128928743,3.02934818276,0,0,
8098,8098,4.0490000,292479,4049,17845.3848,24911.9688,-9.21364561979,12.2593965047,0,0,
8099,8099,4.0495000,292480,4050,17842.8594,24912.3281,-10.5704197891,14.1236181635,0,0,
8100,8100,4.0500000,292480,4050,17840.334,24907.6406,-9.38599960833,8.23508260422,0,0,
8101,8101,4.0505000,292481,4051,17842.3789,24906.3184,-4.59139717464,5.58462544926,0,0,
8102,8102,4.0510000,292481,4051,17844.4219,24904.2754,-1.07154846478,2.04608406855,0,0,
8103,8103,4.0515000,292482,4052,17841.0566,24898.625,-2.9834258761,-5.75255417176,0,0,
8104,8104,4.0520000,292482,4052,17841.416,24894.5391,-3.79326489142,-11.5028128544,0,0,
8105,8105,4.0525000,292483,4053,17840.6953,24894.0566,-4.45286933043,-13.5847000253,0,0,
8106,8106,4.0530000,292483,4053,17846.5859,24898.5059,1.92213897117,-9.56265739274,0,0,
8107,8107,4.0535000,292484,4054,17849.7109,24900.6699,4.38518922933,-7.84985014909,0,0,
8108,8108,4.0540000,292484,4054,17863.8945,24897.9043,15.232943464,-8.71296730097,0,0,
8109,8109,4.0545000,292485,4055,17871.2266,24891.0527,19.507197899,-15.1358616072,0,0,
8110,8110,4.0550000,292485,4055,17873.2715,24889.9707,18.6861829067,-15.6769040135,0,0,
8111,8111,4.0555000,292486,4056,17874.2324,24886.3652,14.7319121334,-16.3792536865,0,0,
8112,8112,4.0560000,292486,4056,17879.2812,24879.1543,15.5404560239,-20.0137701156,0,0,
8113,8113,4.0565000,292487,4057,17884.6895,24880.4766,14.2885013372,-16.2019862742,0,0,
8114,8114,4.0570000,292487,4057,17887.334,24884.4434,11.329267832,-8.46041455846,0,0,
8115,8115,4.0575000,292488,4058,17880.9629,24886.4844,1.00371229413,-6.64121808756,0,0,
8116,8116,4.0580000,292488,4058,17882.7676,24872.7812,-2.37163915555,-18.9895380378,0,0,
8117,8117,4.0585000,292489,4059,17881.9258,24847.0605,-8.47337149976,-39.8030659362,0,0,
8118,8118,4.0590000,292489,4059,17881.2051,24829.1484,-13.2193382128,-50.2823333783,0,0,
8119,8119,4.0595000,292490,4060,17880.002,24815.8066,-13.3699983749,-53.5850073002,0,0,
8120,8120,4.0600000,292490,4060,17880.002,24805.3496,-9.14328351077,-51.8035114765,0,0,
8121,8121,4.0605000,292491,4061,17876.3965,24804.3887,-10.0258618026,-41.6566102075,0,0,
8122,8122,4.0610000,292491,4061,17879.7617,24809.1953,-5.48459202027,-27.1387678177,0,0,
8123,8123,4.0615000,292492,4062,17883.3672,24811.4785,-4.43983025416,-17.7728947581,0,0,
8124,8124,4.0620000,292492,4062,17885.0508,24812.2012,-8.47393208661,-9.28529226704,0,0,
8125,8125,4.0625000,292493,4063,17889.2578,24813.041,-7.7156052678,-2.79325611835,0,0,
8126,8126,4.0630000,292493,4063,17892.7441,24812.5605,-6.07630668923,2.71394341241,0,0,
8127,8127,4.0635000,292494,4064,17890.2188,24809.7969,-9.85324230034,4.26288450552,0,0,
8128,8128,4.0640000,292494,4064,17891.3008,24807.752,-10.3223194037,7.25655620089,0,0,
8129,8129,4.0645000,292495,4065,17891.1816,24801.8613,-9.69207023794,5.32116315299,0,0,
8130,8130,4.0650000,292495,4065,17887.9355,24801.9844,-10.8232591876,8.80202212673,0,0,
8131,8131,4.0655000,292496,4066,17890.0996,24798.498,-8.37946881465,10.449500839,0,0,
8132,8132,4.0660000,292496,4066,17888.8965,24790.5645,-9.25436021864,7.47313318072,0,0,
8133,8133,4.0665000,292497,4067,17890.8203,24790.5645,-7.57059391763,9.72618726878,0,0,
8134,8134,4.0670000,292497,4067,17892.8633,24790.4434,-6.90278965145,12.9151393441,0,0,
8135,8135,4.0675000,292498,4068,17894.5469,24791.0449,-3.86965937762,16.9256123308,0,0,
8136,8136,4.0680000,292498,4068,17900.1953,24795.9746,-0.912761371555,25.6934368827,0,0,
8137,8137,4.0685000,292499,4069,17899.8359,24796.334,-5.22095542544,28.0081350017,0,0,
8138,8138,4.0690000,292499,4069,17897.5527,24796.0938,-7.59067243317,30.1370634973,0,0,
8139,8139,4.0695000,292500,4070,17898.5137,24787.6797,-7.47713025374,24.7576668282,0,0,
8140,8140,4.0700000,292500,4070,17897.0703,24786.5957,-7.50726370769,24.7019374074,0,0,
8141,8141,4.0705000,292501,4071,17894.9082,24779.8672,-8.7031838236,19.1463665546,0,0,
8142,8142,4.0710000,292501,4071,17894.1855,24782.2715,-8.62632164682,21.6500798765,0,0,
8143,8143,4.0715000,292502,4072,17892.502,24784.3125,-8.5414321443,22.3724647457,0,0,
8144,8144,4.0720000,292502,4072,17892.1426,24776.2598,-9.62998807757,13.8613964213,0,0,
8145,8145,4.0725000,292503,4073,17889.498,24773.1348,-11.2597514185,10.0571259164,0,0,
8146,8146,4.0730000,292503,4073,17886.9746,24766.1641,-12.0360277006,4.44938593801,0,0,
8147,8147,4.0735000,292504,4074,17887.5742,24764.9609,-9.62533146293,5.38178388996,0,0,
8148,8148,4.0740000,292504,4074,17883.7285,24762.4375,-12.6802538841,7.43146738401,0,0,
8149,8149,4.0745000,292505,4075,17879.6426,24767.125,-12.6311888453,13.7308414545,0,0,
8150,8150,4.0750000,292505,4075,17879.5215,24773.7344,-7.68936982736,19.2348974744,0,0,
8151,8151,4.0755000,292506,4076,17877.5977,24773.375,-6.14386235316,19.5751401175,0,0,
8152,8152,4.0760000,292506,4076,17878.5605,24784.0723,-1.9768960225,28.863017431,0,0,
8153,8153,4.0765000,292507,4077,17881.4434,24791.7656,1.80049500586,31.7479424517,0,0,
8154,8154,4.0770000,292507,4077,17882.166,24796.9355,4.38841897832,32.9249197362,0,0,
8155,8155,4.0775000,292508,4078,17878.7988,24801.1406,4.65482312078,30.4875792119,0,0,
8156,8156,4.0780000,292508,4078,17875.5547,24801.0215,2.69039690467,26.1093592821,0,0,
8157,8157,4.0785000,292509,4079,17875.3145,24796.9355,3.34886539832,19.6113106569,0,0,
8158,8158,4.0790000,292509,4079,17880.9629,24798.7363,8.92520485387,16.7334366856,0,0,
8159,8159,4.0795000,292510,4080,17881.2051,24806.6719,12.437301351,18.4702112331,0,0,
8160,8160,4.0800000,292510,4080,17881.2051,24802.9453,17.5465684231,10.2122978534,0,0,
8161,8161,4.0805000,292511,4081,17875.4336,24802.1035,16.4413439446,3.82397131568,0,0,
8162,8162,4.0810000,292511,4081,17879.041,24791.0449,21.5982536125,-10.2525090451,0,0,
8163,8163,4.0815000,292512,4082,17883.9688,24773.2559,24.4151541867,-27.4312241958,0,0,
8164,8164,4.0820000,292512,4082,17886.4941,24752.2188,22.2237324123,-41.972981742,0,0,
8165,8165,4.0825000,292513,4083,17886.8535,24716.1582,19.6316291256,-65.7819037732,0,0,
8166,8166,4.0830000,292513,4083,17883.248,24701.6152,15.557993087,-65.3035562704,0,0,
8167,8167,4.0835000,292514,4084,17882.0449,24715.7969,14.8971161338,-41.086334601,0,0,
8168,8168,4.0840000,292514,4084,17883.248,24735.2715,15.263712063,-15.8104095566,0,0,
8169,8169,4.0845000,292515,4085,17882.5254,24743.8047,15.5578276532,-4.37699326621,0,0,
8170,8170,4.0850000,292515,4085,17877.3574,24754.1426,13.1883166324,5.45077263107,0,0,
8171,8171,4.0855000,292516,4086,17871.4668,24763.7578,8.7780718292,14.6226410905,0,0,
8172,8172,4.0860000,292516,4086,17867.0195,24767.125,6.72239189644,16.8045369571,0,0,
8173,8173,4.0865000,292517,4087,17865.2168,24771.4512,6.46775551763,16.2005811043,0,0,
8174,8174,4.0870000,292517,4087,17866.5391,24780.2266,8.04055469892,20.0752357208,0,0,
8175,8175,4.0875000,292518,4088,17871.4668,24793.9297,14.3458153532,27.2545804676,0,0,
8176,8176,4.0880000,292518,4088,17868.582,24804.9863,10.1036817949,31.2332650055,0,0,
8177,8177,4.0885000,292519,4089,17865.0957,24816.4062,5.60347428156,34.0770225549,0,0,
8178,8178,4.0890000,292519,4089,17863.5332,24838.7656,5.83610122705,45.2489974209,0,0,
8179,8179,4.0895000,292520,4090,17864.2559,24870.8594,6.67562358813,62.138406638,0,0,
8180,8180,4.0900000,292520,4090,17863.7754,24893.8184,8.00125915223,64.470535371,0,0,
8181,8181,4.0905000,292521,4091,17864.8574,24902.4707,9.69768491491,53.4619665671,0,0,
8182,8182,4.0910000,292521,4091,17863.6543,24902.4707,8.53057770577,34.3695227324,0,0,
8183,8183,4.0915000,292522,4092,17863.8945,24894.4199,9.18286219664,10.7151815037,0,0,
8184,8184,4.0920000,292522,4092,17866.9004,24891.7734,9.53864305489,-3.67302377974,0,0,
8185,8185,4.0925000,292523,4093,17867.1406,24896.9434,8.36764988435,-10.9684220347,0,0,
8186,8186,4.0930000,292523,4093,17870.0254,24904.5156,9.37243731534,-14.2227546277,0,0,
8187,8187,4.0935000,292524,4094,17872.4297,24909.2031,9.10879852549,-19.8985121789,0,0,
8188,8188,4.0940000,292524,4094,17873.5098,24897.1816,6.85585350888,-36.1017300075,0,0,
8189,8189,4.0945000,292525,4095,17872.5488,24867.0137,4.96166355162,-65.7248235172,0,0,
8190,8190,4.0950000,292525,4095,17872.6699,24828.3066,4.39176157983,-96.69402916,0,0,
8191,8191,4.0955000,292526,4096,17876.2754,24808.1152,5.68758146916,-102.540517522,0,0,
8192,8192,4.0960000,292526,4096,17872.6699,24818.8125,0.317956192974,-82.0407332625,0,0,
8193,8193,4.0965000,292527,4097,17872.1895,24841.5293,-3.14385982356,-55.1820015212,0,0,
8194,8194,4.0970000,292527,4097,17875.1934,24854.3906,-2.08004659232,-38.865416001,0,0,
8195,8195,4.0975000,292528,4098,17873.8711,24864.7285,-3.19539958338,-28.379151282,0,0,
8196,8196,4.0980000,292528,4098,17871.709,24876.2676,-6.92505286147,-16.2831230646,0,0,
8197,8197,4.0985000,292529,4099,17872.1895,24886.3652,-8.7250061852,-6.01181416967,0,0,
8198,8198,4.0990000,292529,4099,17871.1074,24896.8223,-12.4057322024,0.272299464079,0,0,
8199,8199,4.0995000,292530,4100,17872.4297,24904.0332,-9.92976144029,1.46315304995,0,0,
8200,8200,4.1000000,292530,4100,17870.0254,24904.998,-8.99527049456,-0.393933017394,0,0,
8201,8201,4.1005000,292531,4101,17871.3477,24909.8047,-4.74172536005,-0.477626899389,0,0,
8202,8202,4.1010000,292531,4101,17870.3848,24915.4531,-6.00059558143,1.60192105192,0,0,
8203,8203,4.1015000,292532,4102,17870.627,24918.9395,-8.13811426315,2.37425247899,0,0,
8204,8204,4.1020000,292532,4102,17873.5098,24921.7051,-9.20886345975,4.22007073535,0,0,
8205,8205,4.1025000,292533,4103,17874.3535,24922.9062,-10.4896449969,6.35207117616,0,0,
8206,8206,4.1030000,292533,4103,17875.4336,24930.7188,-9.57897523955,10.628168965,0,0,
8207,8207,4.1035000,292534,4104,17875.1934,24934.4453,-9.69318796352,5.41237457091,0,0,
8208,8208,4.1040000,292534,4104,17877.5977,24939.0137,-8.8010221182,1.51528247961,0,0,
8209,8209,4.1045000,292535,4105,17876.877,24941.8984,-8.9688312033,-1.49642475719,0,0,
8210,8210,4.1050000,292535,4105,17879.7617,24938.4141,-4.59051592989,-9.99896476651,0,0,
8211,8211,4.1055000,292536,4106,17883.4883,24938.7734,-1.8205169274,-11.7891052617,0,0,
8212,8212,4.1060000,292536,4106,17881.3242,24941.4199,-4.45645024599,-9.90238191513,0,0,
8213,8213,4.1065000,292537,4107,17883.248,24945.5059,-4.42141828977,-9.24984693016,0,0,
8214,8214,4.1070000,292537,4107,17879.7617,24950.1934,-9.97184420066,-7.70700108952,0,0,
8215,8215,4.1075000,292538,4108,17881.2051,24949.7109,-9.32402716116,-10.6339480076,0,0,
8216,8216,4.1080000,292538,4108,17884.9297,24953.7988,-7.94436952595,-7.63463268347,0,0,
8217,8217,4.1085000,292539,4109,17882.166,24956.4434,-12.3832627619,-5.92230041972,0,0,
8218,8218,4.1090000,292539,4109,17883.9688,24959.0879,-10.6668786992,-5.16157738865,0,0,
8219,8219,4.1095000,292540,4110,17882.6465,24960.6504,-13.0451203997,-5.5902916913,0,0,
8220,8220,4.1100000,292540,4110,17886.8535,24964.377,-8.85690580278,-4.01811531288,0,0,
8221,8221,4.1105000,292541,4111,17889.2578,24965.5781,-7.58177272983,-1.63555606692,0,0,
8222,8222,4.1110000,292541,4111,17887.5742,24965.3379,-9.88506111673,-0.309849524572,0,0,
8223,8223,4.1115000,292542,4112,17891.0605,24972.1895,-7.2834433847,7.83055921616,0,0,
8224,8224,4.1120000,292542,4112,17891.0605,24976.0371,-10.1937703952,12.2685905295,0,0,
8225,8225,4.1125000,292543,4113,17892.2637,24982.4062,-10.2395809884,15.6484737318,0,0,
8226,8226,4.1130000,292543,4113,17893.9453,24986.8535,-10.2050866467,17.4575477304,0,0,
8227,8227,4.1135000,292544,4114,17893.7051,24988.416,-11.8785526672,16.8844503872,0,0,
8228,8228,4.1140000,292544,4114,17893.584,24992.3828,-13.3111990059,22.8668506045,0,0,
8229,8229,4.1145000,292545,4115,17897.4316,24991.3027,-9.2903121191,24.9065509376,0,0,
8230,8230,4.1150000,292545,4115,17898.0332,24994.9082,-8.4704010675,30.7849440614,0,0,
8231,8231,4.1155000,292546,4116,17896.3496,24995.2676,-10.7451406477,31.6829341872,0,0,
8232,8232,4.1160000,292546,4116,17895.2676,24999.1152,-10.9700834736,28.6833477039,0,0,
8233,8233,4.1165000,292547,4117,17896.4707,25002.7207,-10.7864406728,23.2296691167,0,0,
8234,8234,4.1170000,292547,4117,17891.6621,25005.6074,-14.8963903245,21.0438209043,0,0,
8235,8235,4.1175000,292548,4118,17890.3398,25008.3691,-13.0165937252,18.4113871761,0,0,
8236,8236,4.1180000,292548,4118,17889.8574,25008.3691,-11.9719831136,15.4834791894,0,0,
8237,8237,4.1185000,292549,4119,17889.9785,25014.5,-11.4408420687,19.3442751337,0,0,
8238,8238,4.1190000,292549,4119,17892.623,25014.2598,-9.13868230099,15.1988312137,0,0,
8239,8239,4.1195000,292550,4120,17892.2637,25020.752,-7.04359254914,16.733630234,0,0,
8240,8240,4.1200000,292550,4120,17896.3496,25022.1953,0.667976852165,16.5617401418,0,0,
8241,8241,4.1205000,292551,4121,17892.7441,25024.4785,0.616340009444,14.9448535315,0,0,
8242,8242,4.1210000,292551,4121,17891.1816,25028.6855,0.575964692062,16.047490254,0,0,
8243,8243,4.1215000,292552,4122,17890.7012,25035.6562,-0.219015759591,19.9911243661,0,0,
8244,8244,4.1220000,292552,4122,17897.9121,25041.1855,3.94808159212,23.2615822911,0,0,
8245,8245,4.1225000,292553,4123,17897.9121,25053.4473,2.92595747414,32.7164108115,0,0,
8246,8246,4.1230000,292553,4123,17893.9453,25061.2598,0.395801926025,32.8721362326,0,0,
8247,8247,4.1235000,292554,4124,17892.623,25066.1875,1.08790875461,26.5188113991,0,0,
8248,8248,4.1240000,292554,4124,17890.459,25067.75,-0.1797413676,17.6992495269,0,0,
8249,8249,4.1245000,292555,4125,17889.6191,25068.7129,1.9301565216,11.0952970683,0,0,
8250,8250,4.1250000,292555,4125,17889.377,25070.7559,5.00912561189,6.51083108903,0,0,
8251,8251,4.1255000,292556,4126,17889.498,25074.8438,6.73252176319,4.87198702378,0,0,
8252,8252,4.1260000,292556,4126,17895.5078,25076.5254,13.9792902118,1.86536706403,0,0,
8253,8253,4.1265000,292557,4127,17898.1523,25075.084,15.5690054486,-5.41329727251,0,0,
8254,8254,4.1270000,292557,4127,17899.2344,25074.3613,15.5158888354,-10.7270769028,0,0,
8255,8255,4.1275000,292558,4128,17893.9453,25077.3672,10.3481403886,-11.4031608888,0,0,
8256,8256,4.1280000,292558,4128,17883.7285,25079.2891,1.09190256859,-12.54785824,0,0,
8257,8257,4.1285000,292559,4129,17881.084,25083.377,0.793810988842,-11.3711863414,0,0,
8258,8258,4.1290000,292559,4129,17875.916,25082.5371,-0.77472374984,-15.1487660894,0,0,
8259,8259,4.1295000,292560,4130,17872.9102,25081.6953,-0.52936734066,-18.3310516725,0,0,
8260,8260,4.1300000,292560,4130,17863.6543,25075.6855,-4.76081700633,-25.4020833155,0,0,
8261,8261,4.1305000,292561,4131,17853.4375,25064.3848,-8.77805591636,-32.380610535,0,0,
8262,8262,4.1310000,292561,4131,17845.7441,25049.4785,-8.83753950752,-39.9575647438,0,0,
8263,8263,4.1315000,292562,4132,17841.8965,25044.791,-5.9291390844,-37.446456878,0,0,
8264,8264,4.1320000,292562,4132,17839.4941,25049.9609,-3.12128273901,-26.1738120452,0,0,
8265,8265,4.1325000,292563,4133,17835.8887,25061.9824,-0.590501875993,-13.3297552646,0,0,
8266,8266,4.1330000,292563,4133,17836.248,25074.4824,4.64757343889,-1.5414094743,0,0,
8267,8267,4.1335000,292564,4134,17833.002,25090.1094,6.38189075163,11.2040285663,0,0,
8268,8268,4.1340000,292564,4134,17834.3262,25094.7969,11.4539884568,15.5902707468,0,0,
8269,8269,4.1345000,292565,4135,17840.334,25095.6387,20.2433994885,17.6288024423,0,0,
8270,8270,4.1350000,292565,4135,17845.1426,25090.9512,26.917685973,14.1428859223,0,0,
8271,8271,4.1355000,292566,4136,17844.4219,25099.125,27.0582147863,21.1514190643,0,0,
8272,8272,4.1360000,292566,4136,17855.5996,25100.4453,37.1823143368,15.2443763411,0,0,
8273,8273,4.1365000,292567,4137,17879.5215,25108.9785,53.3993175819,13.8868011617,0,0,
8274,8274,4.1370000,292567,4137,17907.2871,25111.3848,69.9324801265,9.92683096095,0,0,
8275,8275,4.1375000,292568,4138,17906.3262,25120.2793,59.8415404148,11.1428770291,0,0,
8276,8276,4.1380000,292568,4138,17884.8105,25129.7754,32.6987850027,13.8701836072,0,0,
8277,8277,4.1385000,292569,4139,17870.1465,25131.9395,14.7364689658,9.73204300581,0,0,
8278,8278,4.1390000,292569,4139,17862.0918,25126.5293,4.48409494954,-0.631163657085,0,0,
8279,8279,4.1395000,292570,4140,17858.125,25124.9668,1.76994517094,-7.56631866083,0,0,
8280,8280,4.1400000,292570,4140,17854.5195,25127.7324,0.785438570736,-6.68779331844,0,0,
8281,8281,4.1405000,292571,4141,17843.3398,25134.8223,-5.06543441964,-4.34183213247,0,0,
8282,8282,4.1410000,292571,4141,17834.5645,25149.0078,-9.54479467803,3.56050575351,0,0,
8283,8283,4.1415000,292572,4142,17834.084,25159.4668,-7.92410394064,6.9132111255,0,0,
8284,8284,4.1420000,292572,4142,17837.8105,25169.8027,-5.63193995219,10.5336571306,0,0,
8285,8285,4.1425000,292573,4143,17833.123,25173.8906,-8.2490671962,8.18492805211,0,0,
8286,8286,4.1430000,292573,4143,17825.0684,25177.6172,-11.2056070121,3.63674034538,0,0,
8287,8287,4.1435000,292574,4144,17824.5879,25186.0312,-7.40084450553,1.00733100755,0,0,
8288,8288,4.1440000,292574,4144,17823.627,25189.998,-5.53099762028,-4.88093590869,0,0,
8289,8289,4.1445000,292575,4145,17820.0215,25191.5605,-4.82867443821,-10.6385202428,0,0,
8290,8290,4.1450000,292575,4145,17815.4531,25198.7715,-4.50217356263,-10.9442830778,0,0,
8291,8291,4.1455000,292576,4146,17818.6992,25204.9004,1.117477712,-12.0667581559,0,0,
8292,8292,4.1460000,292576,4146,17821.8242,25209.3496,5.31972299953,-13.7063994727,0,0,
8293,8293,4.1465000,292577,4147,17822.5449,25219.6875,5.98364833225,-11.6196217237,0,0,
8294,8294,4.1470000,292577,4147,17819.9004,25224.8574,3.89456888592,-14.395010882,0,0,
8295,8295,4.1475000,292578,4148,17816.416,25232.7891,2.51452100415,-14.713210456,0,0,
8296,8296,4.1480000,292578,4148,17815.6934,25236.6348,3.39371639379,-18.0371751372,0,0,
8297,8297,4.1485000,292579,4149,17811.9668,25236.5156,0.937159427941,-24.0935618318,0,0,
8298,8298,4.1490000,292579,4149,17813.0488,25236.9941,3.5017555543,-28.2296385661,0,0,
8299,8299,4.1495000,292580,4150,17812.209,25240.3613,3.06461959685,-29.258847614,0,0,
8300,8300,4.1500000,292580,4150,17810.8848,25239.5215,3.40898259636,-32.8329102777,0,0,
8301,8301,4.1505000,292581,4151,17808.4824,25244.4473,2.57157181404,-27.7918612332,0,0,
8302,8302,4.1510000,292581,4151,17806.4375,25246.4922,2.06279919601,-24.8970318221,0,0,
8303,8303,4.1515000,292582,4152,17808.2402,25250.2188,3.36677060984,-22.9685036447,0,0,
8304,8304,4.1520000,292582,4152,17804.1543,25250.9395,-1.7708818899,-24.7892470211,0,0,
8305,8305,4.1525000,292583,4153,17806.0762,25254.0645,-0.408120895873,-26.9747379551,0,0,
8306,8306,4.1530000,292583,4153,17805.1152,25256.8301,-2.81873818626,-28.1136915428,0,0,
8307,8307,4.1535000,292584,4154,17800.1875,25260.6777,-7.44172496325,-27.6890366924,0,0,
8308,8308,4.1540000,292584,4154,17797.1816,25263.9219,-10.6714689644,-23.0485606296,0,0,
8309,8309,4.1545000,292585,4155,17794.418,25269.5703,-13.2487854643,-14.7974737266,0,0,
8310,8310,4.1550000,292585,4155,17792.373,25271.9746,-14.0282155884,-9.81766074087,0,0,
8311,8311,4.1555000,292586,4156,17791.1719,25273.5371,-13.4696701292,-8.57191009919,0,0,
8312,8312,4.1560000,292586,4156,17787.6855,25277.1426,-16.2403086184,-8.98599070049,0,0,
8313,8313,4.1565000,292587,4157,17786.3652,25274.6191,-20.0503791226,-16.7974868496,0,0,
8314,8314,4.1570000,292587,4157,17781.916,25276.9043,-25.0188005982,-15.7960496682,0,0,
8315,8315,4.1575000,292588,4158,17783.2383,25281.1094,-18.4450668272,-14.4401430303,0,0,
8316,8316,4.1580000,292588,4158,17781.5566,25283.875,-12.9918955395,-12.8249298203,0,0,
8317,8317,4.1585000,292589,4159,17777.9512,25285.1973,-11.9268311491,-10.9775305414,0,0,
8318,8318,4.1590000,292589,4159,17774.1035,25288.8027,-12.8613608554,-6.36418600265,0,0,
8319,8319,4.1595000,292590,4160,17773.502,25291.5684,-9.62366948058,-4.75566473364,0,0,
8320,8320,4.1600000,292590,4160,17773.0215,25292.2891,-6.08800651274,-3.01320215619,0,0,
8321,8321,4.1605000,292591,4161,17769.6562,25295.0547,-3.40129128202,-1.69169971519,0,0,
8322,8322,4.1610000,292591,4161,17766.7715,25299.623,-2.66727825138,0.388863132433,0,0,
8323,8323,4.1615000,292592,4162,17762.2031,25303.3496,-6.1031756491,2.61133029966,0,0,
8324,8324,4.1620000,292592,4162,17759.1973,25306.4746,-10.2542001339,5.41053601489,0,0,
8325,8325,4.1625000,292593,4163,17757.5156,25306.2324,-9.21383969861,6.49718358456,0,0,
8326,8326,4.1630000,292593,4163,17760.5215,25310.4395,-2.54433462782,9.80311436228,0,0,
8327,8327,4.1635000,292594,4164,17759.6797,25310.5605,-1.62348811163,6.77559721109,0,0,
8328,8328,4.1640000,292594,4164,17754.0293,25316.209,-5.4360932175,9.97696590193,0,0,
8329,8329,4.1645000,292595,4165,17752.5879,25319.8145,-3.62948605693,12.4893591825,0,0,
8330,8330,4.1650000,292595,4165,17750.0625,25318.8535,-2.49577773488,10.0503557834,0,0,
8331,8331,4.1655000,292596,4166,17749.7012,25320.1777,-1.91714052399,10.4840596559,0,0,
8332,8332,4.1660000,292596,4166,17747.2988,25323.0605,-3.20617097533,13.2145049692,0,0,
8333,8333,4.1665000,292597,4167,17745.2559,25326.1875,-4.02395349629,13.8552642163,0,0,
8334,8334,4.1670000,292597,4167,17744.8945,25328.2285,-2.5067837991,14.4175525037,0,0,
8335,8335,4.1675000,292598,4168,17745.2559,25332.4375,0.355808288381,16.158735238,0,0,
8336,8336,4.1680000,292598,4168,17745.9766,25337.3652,2.37988093443,19.1825500937,0,0,
8337,8337,4.1685000,292599,4169,17743.6934,25339.4082,1.54480274718,19.8546764179,0,0,
8338,8338,4.1690000,292599,4169,17742.4902,25346.1406,1.52281492862,24.1981837772,0,0,
8339,8339,4.1695000,292600,4170,17736.3594,25349.7441,-2.81137198983,24.4030784505,0,0,
8340,8340,4.1700000,292600,4170,17736.1191,25354.0723,-0.41993672265,26.0199597097,0,0,
8341,8341,4.1705000,292601,4171,17737.8027,25355.5156,3.19151709223,26.1782991618,0,0,
8342,8342,4.1710000,292601,4171,17734.4355,25357.1973,1.95057491237,27.4516452354,0,0,
8343,8343,4.1715000,292602,4172,17732.0332,25364.1699,0.101691368366,30.5906846249,0,0,
8344,8344,4.1720000,292602,4172,17735.2793,25367.6562,3.16007679372,29.4830355833,0,0,
8345,8345,4.1725000,292603,4173,17734.918,25369.9395,2.28471289517,24.4868000229,0,0,
8346,8346,4.1730000,292603,4173,17730.1094,25377.3926,-2.38407618107,24.7958413248,0,0,
8347,8347,4.1735000,292604,4174,17730.3496,25379.6777,-0.864151765929,20.3744942641,0,0,
8348,8348,4.1740000,292604,4174,17727.584,25385.0859,-3.17377790101,22.5764649624,0,0,
8349,8349,4.1745000,292605,4175,17727.3457,25386.166,-3.12870684829,21.8310123893,0,0,
8350,8350,4.1750000,292605,4175,17726.8633,25387.3691,-2.83485486563,22.0336112685,0,0,
8351,8351,4.1755000,292606,4176,17726.623,25390.7344,-2.15497424651,21.8554955789,0,0,
8352,8352,4.1760000,292606,4176,17723.2578,25393.7402,-4.86765161824,18.061612421,0,0,
8353,8353,4.1765000,292607,4177,17718.6895,25396.7441,-11.0310156012,13.4271608961,0,0,
8354,8354,4.1770000,292607,4177,17714.3633,25400.9531,-14.7306268196,11.9442931761,0,0,
8355,8355,4.1775000,292608,4178,17716.4062,25403.7168,-8.75893402165,7.82851584174,0,0,
8356,8356,4.1780000,292608,4178,17718.9316,25407.084,-0.975650107302,5.99183405618,0,0,
8357,8357,4.1785000,292609,4179,17719.291,25410.9297,2.41302033825,5.93022069775,0,0,
8358,8358,4.1790000,292609,4179,17720.1328,25411.0488,4.20358838632,2.95258570939,0,0,
8359,8359,4.1795000,292610,4180,17716.5254,25416.8184,2.46740165004,3.63634281715,0,0,
8360,8360,4.1800000,292610,4180,17709.5547,25421.748,-1.06117444997,5.01429919735,0,0,
8361,8361,4.1805000,292611,4181,17710.7559,25425.9531,4.94298385552,3.29409919924,0,0,
8362,8362,4.1810000,292611,4181,17708.2324,25427.3965,5.23061779798,-1.46391610915,0,0,
8363,8363,4.1815000,292612,4182,17706.3105,25432.6855,4.08276856989,-1.48132771835,0,0,
8364,8364,4.1820000,292612,4182,17703.9043,25438.4551,0.354399447848,-0.209347144129,0,0,
8365,8365,4.1825000,292613,4183,17704.5059,25440.2578,2.14756439375,-0.989490770724,0,0,
8366,8366,4.1830000,292613,4183,17700.5391,25444.9453,0.705756321737,-1.32147635223,0,0,
8367,8367,4.1835000,292614,4184,17696.332,25445.7891,-1.01347110038,-6.25427884974,0,0,
8368,8368,4.1840000,292614,4184,17698.0156,25449.3926,2.72034860181,-8.26207404527,0,0,
8369,8369,4.1845000,292615,4185,17695.252,25454.9219,2.61244397537,-6.94177989576,0,0,
8370,8370,4.1850000,292615,4185,17691.1641,25454.8027,2.09308265756,-10.5040004704,0,0,
8371,8371,4.1855000,292616,4186,17691.7637,25461.2949,3.48657434162,-8.15461335159,0,0,
8372,8372,4.1860000,292616,4186,17690.4434,25461.4141,3.33253001387,-10.9783559451,0,0,
8373,8373,4.1865000,292617,4187,17687.918,25463.5781,2.12723694679,-13.1528342484,0,0,
8374,8374,4.1870000,292617,4187,17685.6348,25467.4238,1.74422095197,-12.6919295563,0,0,
8375,8375,4.1875000,292618,4188,17678.9043,25471.9922,-1.3699667533,-12.5095278707,0,0,
8376,8376,4.1880000,292618,4188,17679.7441,25471.9922,1.87896204872,-15.3426183155,0,0,
8377,8377,4.1885000,292619,4189,17679.1426,25477.1621,3.92868053893,-12.4252295025,0,0,
8378,8378,4.1890000,292619,4189,17676.2598,25476.1973,3.47287362834,-15.6906585307,0,0,
8379,8379,4.1895000,292620,4190,17675.8984,25478.6035,5.76571091276,-15.4555208215,0,0,
8380,8380,4.1900000,292620,4190,17675.416,25484.6113,7.41758885368,-11.5257897196,0,0,
8381,8381,4.1905000,292621,4191,17679.3848,25483.1719,12.0966571925,-12.7069291811,0,0,
8382,8382,4.1910000,292621,4191,17680.8262,25488.2188,14.5177128601,-7.41660259,0,0,
8383,8383,4.1915000,292622,4192,17681.3066,25490.8652,14.0770869226,-7.43697130024,0,0,
8384,8384,4.1920000,292622,4192,17679.3848,25494.7109,10.6617526125,-6.25225848805,0,0,
8385,8385,4.1925000,292623,4193,17674.2148,25496.2734,5.46848740477,-9.13141556999,0,0,
8386,8386,4.1930000,292623,4193,17682.75,25500.2402,12.7557796189,-9.91769847314,0,0,
8387,8387,4.1935000,292624,4194,17689.9629,25503.0059,17.4371175448,-10.7053850652,0,0,
8388,8388,4.1940000,292624,4194,17692.4863,25506.4902,16.6940980765,-8.35228720422,0,0,
8389,8389,4.1945000,292625,4195,17688.0391,25514.6641,9.57276066655,-0.842937646965,0,0,
8390,8390,4.1950000,292625,4195,17681.5488,25520.9141,2.34310676291,4.397544753,0,0,
8391,8391,4.1955000,292626,4196,17677.9414,25519.7129,-1.10706851415,0.724874655302,0,0,
8392,8392,4.1960000,292626,4196,17676.1387,25523.3184,-2.54509667088,-0.75408237576,0,0,
8393,8393,4.1965000,292627,4197,17676.7402,25529.6895,-4.02679675063,-0.768468919409,0,0,
8394,8394,4.1970000,292627,4197,17669.5273,25534.8574,-10.8466785744,-0.786489871684,0,0,
8395,8395,4.1975000,292628,4198,17665.0801,25542.5527,-12.1774099062,0.209270726872,0,0,
8396,8396,4.1980000,292628,4198,17662.0742,25548.6816,-10.0384702057,0.494243291749,0,0,
8397,8397,4.1985000,292629,4199,17663.2773,25556.8535,-5.31363577247,3.14046836306,0,0,
8398,8398,4.1990000,292629,4199,17658.4688,25556.8535,-7.36567778435,-0.660234218224,0,0,
8399,8399,4.1995000,292630,4200,17658.709,25556.9746,-3.69161828948,-5.70005522194,0,0,
8400,8400,4.2000000,292630,4200,17664.1191,25558.2969,4.53784579826,-7.30029417773,0,0,
8401,8401,4.2005000,292631,4201,17665.4395,25558.7793,8.18256404476,-10.7050163181,0,0,
8402,8402,4.2010000,292631,4201,17668.6855,25561.0625,11.9289824356,-12.1641630995,0,0,
8403,8403,4.2015000,292632,4202,17670.0078,25563.8262,11.6017185171,-12.7519365977,0,0,
8404,8404,4.2020000,292632,4202,17674.0957,25570.4375,11.4848763665,-9.19010824061,0,0,
8405,8405,4.2025000,292633,4203,17673.2539,25578.6113,8.49513049712,-3.0418849213,0,0,
8406,8406,4.2030000,292633,4203,17672.5332,25588.3496,7.32998037538,1.21273757805,0,0,
8407,8407,4.2035000,292634,4204,17666.1621,25594.959,1.33321611464,1.54853467478,0,0,
8408,8408,4.2040000,292634,4204,17666.041,25599.7676,0.699049908932,-0.329740266212,0,0,
8409,8409,4.2045000,292635,4205,17667.2441,25601.4512,2.25543174646,-3.59818287847,0,0,
8410,8410,4.2050000,292635,4205,17665.3203,25601.8105,1.56257798598,-6.35508628756,0,0,
8411,8411,4.2055000,292636,4206,17671.8105,25605.1777,5.29542406108,-7.25009889369,0,0,
8412,8412,4.2060000,292636,4206,17675.8984,25610.7051,6.67550816086,-4.70807258901,0,0,
8413,8413,4.2065000,292637,4207,17683.7109,25614.3125,10.6278819464,-5.73322121275,0,0,
8414,8414,4.2070000,292637,4207,17682.2676,25620.9219,6.23594954265,-3.70005444452,0,0,
8415,8415,4.2075000,292638,4208,17672.6523,25620.6816,-2.84770428403,-8.30711157427,0,0,
8416,8416,4.2080000,292638,4208,17669.5273,25625.3691,-6.63542461985,-6.62663466423,0,0,
8417,8417,4.2085000,292639,4209,17664.1191,25633.1816,-10.8665153514,-2.75682369272,0,0,
8418,8418,4.2090000,292639,4209,17659.4297,25646.8848,-13.457758603,5.56912896615,0,0,
8419,8419,4.2095000,292640,4210,17660.2715,25657.584,-10.8742484826,9.16311994429,0,0,
8420,8420,4.2100000,292640,4210,17661.7129,25671.0469,-8.24511685186,14.0200144517,0,0,
8421,8421,4.2105000,292641,4211,17664.3574,25683.9082,-5.97064197633,19.5856786136,0,0,
8422,8422,4.2110000,292641,4211,17663.6387,25693.7656,-5.72788802231,20.8187910721,0,0,
8423,8423,4.2115000,292642,4212,17675.5371,25686.0723,3.70412352389,5.67680731264,0,0,
8424,8424,4.2120000,292642,4212,17683.3496,25672.25,7.5017298832,-11.6738708229,0,0,
8425,8425,4.2125000,292643,4213,17681.9082,25663.2344,3.63964318134,-22.8063309174,0,0,
8426,8426,4.2130000,292643,4213,17664.3574,25647.0078,-14.4856277987,-37.9130063422,0,0,
8427,8427,4.2135000,292644,4214,17654.502,25637.873,-22.3471508843,-42.7885264761,0,0,
8428,8428,4.2140000,292644,4214,17652.6992,25641.959,-21.3227847766,-33.4064890688,0,0,
8429,8429,4.2145000,292645,4215,17650.5352,25653.0156,-19.684469831,-18.8035931392,0,0,
8430,8430,4.2150000,292645,4215,17652.0977,25660.2285,-14.3466693336,-8.62858287863,0,0,
8431,8431,4.2155000,292646,4216,17654.1426,25665.6387,-9.7389527563,-1.6538663846,0,0,
8432,8432,4.2160000,292646,4216,17647.291,25664.1953,-13.3518227721,-3.92366738003,0,0,
8433,8433,4.2165000,292647,4217,17639.4766,25671.0469,-18.9182622746,0.0192997025295,0,0,
8434,8434,4.2170000,292647,4217,17642.9629,25684.1484,-12.0589940655,9.49853636046,0,0,
8435,8435,4.2175000,292648,4218,17642.4824,25683.3066,-8.48038499419,4.78478160178,0,0,
8436,8436,4.2180000,292648,4218,17638.0332,25686.0723,-7.31521980268,4.99684078041,0,0,
8437,8437,4.2185000,292649,4219,17635.8711,25687.875,-5.4266634406,4.92785909446,0,0,
8438,8438,4.2190000,292649,4219,17649.8145,25691.3613,9.39389720587,8.40410719105,0,0,
8439,8439,4.2195000,292650,4220,17659.6699,25692.9238,17.9847245168,8.15747694026,0,0,
8440,8440,4.2200000,292650,4220,17659.5508,25690.6406,16.5532809974,5.95262801059,0,0,
8441,8441,4.2205000,292651,4221,17656.666,25681.7441,13.9123393411,-2.02768252423,0,0,
8442,8442,4.2210000,292651,4221,17647.7715,25663.3535,5.96662519591,-16.2758045246,0,0,
8443,8443,4.2215000,292652,4222,17637.9141,25658.666,-2.15297731256,-16.0797213632,0,0,
8444,8444,4.2220000,292652,4222,17625.7734,25668.041,-12.2934474573,-3.938539799,0,0,
8445,8445,4.2225000,292653,4223,17621.3262,25678.2598,-12.0091972643,8.2270092136,0,0,
8446,8446,4.2230000,292653,4223,17620.4844,25692.8047,-7.43402962213,19.9049554628,0,0,
8447,8447,4.2235000,292654,4224,17625.293,25714.5605,1.78374681645,35.2020866719,0,0,
8448,8448,4.2240000,292654,4224,17642.8418,25743.0488,17.9365483833,52.3539691195,0,0,
8449,8449,4.2245000,292655,4225,17658.5879,25759.5156,29.8741752269,56.8277265385,0,0,
8450,8450,4.2250000,292655,4225,17659.0703,25777.0645,27.7263613429,61.2832029582,0,0,
8451,8451,4.2255000,292656,4226,17661.2324,25782.7168,23.5674626549,52.716483752,0,0,
8452,8452,4.2260000,292656,4226,17665.3203,25780.791,22.1183515722,39.4657749837,0,0,
8453,8453,4.2265000,292657,4227,17665.8008,25785.2402,17.0448007315,32.1810146405,0,0,
8454,8454,4.2270000,292657,4227,17664.7188,25800.0234,13.0281064184,33.706801524,0,0,
8455,8455,4.2275000,292658,4228,17667.4844,25822.7422,14.9475470608,41.0141378511,0,0,
8456,8456,4.2280000,292658,4228,17667.123,25829.1152,11.2234475163,32.8859488547,0,0,
8457,8457,4.2285000,292659,4229,17665.0801,25836.5645,7.44028024503,25.674072401,0,0,
8458,8458,4.2290000,292659,4229,17653.7812,25839.3301,-3.33070006838,14.637444554,0,0,
8459,8459,4.2295000,292660,4230,17643.084,25837.4062,-12.420063593,1.39803502942,0,0,
8460,8460,4.2300000,292660,4230,17632.3848,25830.4355,-19.7129806637,-14.1888841998,0,0,
8461,8461,4.2305000,292661,4231,17618.8027,25831.1562,-28.4662848789,-18.5239678178,0,0,
8462,8462,4.2310000,292661,4231,17618.6816,25828.873,-22.6989695553,-24.179515432,0,0,
8463,8463,4.2315000,292662,4232,17626.2539,25823.9453,-14.2434447342,-28.9771026895,0,0,
8464,8464,4.2320000,292662,4232,17633.2266,25824.4238,-7.21059550884,-27.1994518869,0,0,
8465,8465,4.2325000,292663,4233,17633.5879,25829.7129,-4.55247485329,-23.3682086172,0,0,
8466,8466,4.2330000,292663,4233,17633.3457,25833.4395,-1.61090334684,-20.7501251622,0,0,
8467,8467,4.2335000,292664,4234,17633.1055,25838.0078,-0.195690380025,-18.3314445279,0,0,
8468,8468,4.2340000,292664,4234,17630.4609,25839.6895,-1.90583120378,-19.3732790763,0,0,
8469,8469,4.2345000,292665,4235,17629.5,25845.3418,-1.22600761338,-17.4597087667,0,0,
8470,8470,4.2350000,292665,4235,17630.9434,25850.2676,1.20894076182,-14.9213196204,0,0,
8471,8471,4.2355000,292666,4236,17630.3418,25848.8262,1.15731409489,-17.6687417378,0,0,
8472,8472,4.2360000,292666,4236,17629.1387,25852.5527,1.80778898255,-16.4441470696,0,0,
8473,8473,4.2365000,292667,4237,17630.4609,25855.7988,2.764458568,-17.9706204326,0,0,
8474,8474,4.2370000,292667,4237,17630.7012,25854.8359,2.18973846292,-22.5238089776,0,0,
8475,8475,4.2375000,292668,4238,17632.3848,25862.8906,4.25380480979,-17.1633130993,0,0,
8476,8476,4.2380000,292668,4238,17628.5371,25869.9824,3.00000822061,-13.1702806951,0,0,
8477,8477,4.2385000,292669,4239,17629.8613,25869.623,4.80610936692,-15.2601266342,0,0,
8478,8478,4.2390000,292669,4239,17630.7012,25874.1895,3.19845217691,-11.3463989452,0,0,
8479,8479,4.2395000,292670,4240,17629.2598,25874.5488,0.704966166021,-12.292474596,0,0,
8480,8480,4.2400000,292670,4240,17632.8652,25872.3848,4.35303810431,-13.385599524,0,0,
8481,8481,4.2405000,292671,4241,17627.3359,25871.6641,1.07494006395,-12.5148195309,0,0,
8482,8482,4.2410000,292671,4241,17629.3809,25875.0312,4.87801100126,-7.05265558901,0,0,
8483,8483,4.2415000,292672,4242,17625.7734,25877.0762,2.70345149686,-5.78846859828,0,0,
8484,8484,4.2420000,292672,4242,17619.041,25875.9922,-2.77477366067,-9.41488110177,0,0,
8485,8485,4.2425000,292673,4243,17615.916,25879.8379,-4.00044101117,-7.18858145824,0,0,
8486,8486,4.2430000,292673,4243,17613.3926,25883.3262,-4.1735682718,-7.55405099923,0,0,
8487,8487,4.2435000,292674,4244,17607.1426,25882.2422,-7.61019076763,-12.2978218759,0,0,
8488,8488,4.2440000,292674,4244,17607.623,25881.4004,-8.17981264981,-16.7341350794,0,0,
8489,8489,4.2445000,292675,4245,17601.8535,25880.5605,-12.671612641,-16.8375072761,0,0,
8490,8490,4.2450000,292675,4245,17599.3301,25887.0527,-10.0100095156,-9.84286026292,0,0,
8491,8491,4.2455000,292676,4246,17594.7617,25886.5703,-12.1334375869,-8.54205416173,0,0,
8492,8492,4.2460000,292676,4246,17594.8809,25890.6562,-9.41753550071,-1.48415482706,0,0,
8493,8493,4.2465000,292677,4247,17601.4922,25898.9512,-1.5605078113,6.12131130355,0,0,
8494,8494,4.2470000,292677,4247,17605.6992,25915.2988,4.56080225081,17.0376356439,0,0,
8495,8495,4.2475000,292678,4248,17609.0645,25931.7656,10.0589757512,24.9574812155,0,0,
8496,8496,4.2480000,292678,4248,17612.0703,25946.4316,12.6981172874,32.4757502776,0,0,
8497,8497,4.2485000,292679,4249,17614.834,25949.916,15.4175125441,28.4195490237,0,0,
8498,8498,4.2490000,292679,4249,17614.3535,25950.2793,16.2326527374,22.5302555027,0,0,
8499,8499,4.2495000,292680,4250,17617.9609,25947.2734,19.075254977,15.6111220015,0,0,
8500,8500,4.2500000,292680,4250,17617.4785,25941.2637,17.5577494833,7.91141312277,0,0,
8501,8501,4.2505000,292681,4251,17644.1641,25930.3223,37.569380897,-1.87115052159,0,0,
8502,8502,4.2510000,292681,4251,17671.4512,25923.5938,52.1854686595,-5.47274284795,0,0,
8503,8503,4.2515000,292682,4252,17676.3789,25922.9922,41.1626281011,-1.34746838689,0,0,
8504,8504,4.2520000,292682,4252,17667.2441,25913.4941,20.317198509,-5.07940024989,0,0,
8505,8505,4.2525000,292683,4253,17657.9883,25911.8125,5.56333483691,-3.66469019936,0,0,
8506,8506,4.2530000,292683,4253,17648.6113,25924.3145,-5.78629460992,9.89198731153,0,0,
8507,8507,4.2535000,292684,4254,17651.0156,25936.5762,-6.42808743929,20.0190210809,0,0,
8508,8508,4.2540000,292684,4254,17652.5801,25941.8652,-8.16703126205,22.1398897582,0,0,
8509,8509,4.2545000,292685,4255,17653.0605,25936.9355,-10.3722968916,14.1551036805,0,0,
8510,8510,4.2550000,292685,4255,17649.6934,25939.9395,-15.8339270366,15.2144715741,0,0,
8511,8511,4.2555000,292686,4256,17646.3281,25942.3438,-20.1713017796,16.5977654069,0,0,
8512,8512,4.2560000,292686,4256,17645.7285,25945.4688,-20.2879406181,16.4487940358,0,0,
8513,8513,4.2565000,292687,4257,17641.5195,25943.1855,-24.8346141542,9.93744263895,0,0,
8514,8514,4.2570000,292687,4257,17643.2031,25945.7109,-23.666465902,8.96629658002,0,0,
8515,8515,4.2575000,292688,4258,17639.7168,25947.3926,-25.7704860087,6.98342299904,0,0,
8516,8516,4.2580000,292688,4258,17637.5527,25953.4043,-23.8808846664,9.05638021714,0,0,
8517,8517,4.2585000,292689,4259,17633.1055,25965.9043,-25.7707962519,17.3757530601,0,0,
8518,8518,4.2590000,292689,4259,17630.2207,25979.8457,-27.6164712611,25.1047754474,0,0,
8519,8519,4.2595000,292690,4260,17631.7832,25983.334,-24.1273554235,22.2784982272,0,0,
8520,8520,4.2600000,292690,4260,17628.1777,25982.8516,-24.6140381255,17.810587701,0,0,
8521,8521,4.2605000,292691,4261,17629.8613,25982.252,-17.7911501419,13.6111642913,0,0,
8522,8522,4.2610000,292691,4261,17627.3359,25985.9766,-16.2899911503,13.5254217575,0,0,
8523,8523,4.2615000,292692,4262,17628.8984,25989.7031,-10.9615732479,11.3935101028,0,0,
8524,8524,4.2620000,292692,4262,17627.0957,25994.0312,-9.51866919224,8.37202805789,0,0,
8525,8525,4.2625000,292693,4263,17628.7793,25999.4395,-5.70920881432,6.28048812927,0,0,
8526,8526,4.2630000,292693,4263,17627.8184,26006.7734,-4.48397914459,4.10996020771,0,0,
8527,8527,4.2635000,292694,4264,17632.9863,26021.0781,1.92080915189,7.50585974573,0,0,
8528,8528,4.2640000,292694,4264,17641.5195,26026.3652,6.02153978114,1.47879927229,0,0,
8529,8529,4.2645000,292695,4265,17639.2363,26034.1797,2.24327658804,0.62153170976,0,0,
8530,8530,4.2650000,292695,4265,17636.9512,26042.9531,1.38708949935,-0.397190899051,0,0,
8531,8531,4.2655000,292696,4266,17637.6738,26044.5156,1.23206703101,-5.57893113115,0,0,
8532,8532,4.2660000,292696,4266,17638.1543,26040.6699,0.474100579577,-13.6264057338,0,0,
8533,8533,4.2665000,292697,4267,17635.3887,26038.627,-3.58939201947,-20.8583966691,0,0,
8534,8534,4.2670000,292697,4267,17630.8223,26042.1113,-6.43250700319,-24.9633551716,0,0,
8535,8535,4.2675000,292698,4268,17628.1777,26041.6328,-5.7621505393,-32.0171620027,0,0,
8536,8536,4.2680000,292698,4268,17627.6973,26040.7891,-4.23489811851,-35.0765797857,0,0,
8537,8537,4.2685000,292699,4269,17628.418,26042.7129,-0.955791672469,-33.5532614234,0,0,
8538,8538,4.2690000,292699,4269,17627.0957,26043.7949,1.97456083267,-31.832402768,0,0,
8539,8539,4.2695000,292700,4270,17629.7402,26047.6406,6.37000658706,-26.5742496855,0,0,
8540,8540,4.2700000,292700,4270,17630.7012,26045.959,9.19059464917,-25.5827325504,0,0,
8541,8541,4.2705000,292701,4271,17636.1113,26047.7637,10.3768706139,-20.4833538324,0,0,
8542,8542,4.2710000,292701,4271,17639.3574,26052.6895,8.5946099984,-13.7351618761,0,0,
8543,8543,4.2715000,292702,4272,17641.6406,26054.4922,7.26462156157,-10.2269727791,0,0,
8544,8544,4.2720000,292702,4272,17638.2754,26056.0547,4.32947685793,-6.10276398943,0,0,
8545,8545,4.2725000,292703,4273,17641.5195,26054.4922,9.63230927504,-8.28948736596,0,0,
8546,8546,4.2730000,292703,4273,17642.002,26049.084,12.4856886809,-14.8144005312,0,0,
8547,8547,4.2735000,292704,4274,17643.3223,26041.3906,12.7799339164,-22.0693472669,0,0,
8548,8548,4.2740000,292704,4274,17639.957,26041.9922,8.98604355669,-19.7855197529,0,0,
8549,8549,4.2745000,292705,4275,17637.0723,26047.041,6.63808824619,-13.2009931783,0,0,
8550,8550,4.2750000,292705,4275,17635.3887,26058.9395,5.97277246379,-2.41010426182,0,0,
8551,8551,4.2755000,292706,4276,17634.1875,26065.1895,5.87412806815,2.86031594391,0,0,
8552,8552,4.2760000,292706,4276,17635.5098,26070.3594,8.2042150267,4.81327339126,0,0,
8553,8553,4.2765000,292707,4277,17636.832,26077.8125,9.2919286221,7.63034399299,0,0,
8554,8554,4.2770000,292707,4277,17640.5586,26079.375,10.9231283209,4.65507504237,0,0,
8555,8555,4.2775000,292708,4278,17645.3672,26082.3809,14.5272932679,3.18298920307,0,0,
8556,8556,4.2780000,292708,4278,17645.7285,26077.6934,15.1614168885,-4.71956667506,0,0,
8557,8557,4.2785000,292709,4279,17645.0059,26081.4199,13.4328809034,-3.96470291447,0,0,
8558,8558,4.2790000,292709,4279,17642.1211,26083.9434,8.25583815559,-4.24119345624,0,0,
8559,8559,4.2795000,292710,4280,17645.0059,26092.5957,8.62327149948,2.28467195738,0,0,
8560,8560,4.2800000,292710,4280,17647.1699,26098.7266,9.39803319551,7.39203864059,0,0,
8561,8561,4.2805000,292711,4281,17647.291,26101.6113,9.31158490367,8.77988506465,0,0,
8562,8562,4.2810000,292711,4281,17648.7324,26107.3828,10.054083795,11.558994451,0,0,
8563,8563,4.2815000,292712,4282,17649.8145,26113.2734,9.8534554781,12.4013389444,0,0,
8564,8564,4.2820000,292712,4282,17646.9297,26123.0078,6.51029661741,14.7591014335,0,0,
8565,8565,4.2825000,292713,4283,17648.1309,26133.7051,6.04218992619,16.84261593,0,0,
8566,8566,4.2830000,292713,4283,17644.6465,26137.1934,2.23837875295,10.7078397952,0,0,
8567,8567,4.2835000,292714,4284,17649.8145,26135.3906,5.28372759955,0.0243415931365,0,0,
8568,8568,4.2840000,292714,4284,17650.6543,26126.7344,0.491248005046,-13.4623621045,0,0,
8569,8569,4.2845000,292715,4285,17648.7324,26130.5801,-2.55739339874,-12.5590886165,0,0,
8570,8570,4.2850000,292715,4285,17644.4043,26141.1582,-5.26200877333,-6.9050220264,0,0,
8571,8571,4.2855000,292716,4286,17640.5586,26153.4199,-9.0573924903,1.76293311864,0,0,
8572,8572,4.2860000,292716,4286,17638.9961,26166.7637,-10.511363266,11.0437556548,0,0,
8573,8573,4.2865000,292717,4287,17643.8027,26167.2422,-6.59749359361,5.9285646868,0,0,
8574,8574,4.2870000,292717,4287,17644.8848,26157.0254,-4.72446423641,-10.0710275369,0,0,
8575,8575,4.2875000,292718,4288,17647.1699,26149.4531,-1.60205101679,-20.5229696678,0,0,
8576,8576,4.2880000,292718,4288,17641.6406,26152.9395,-6.56217424803,-17.4662379245,0,0,
8577,8577,4.2885000,292719,4289,17639.8379,26166.1621,-6.98525090147,-6.15974764194,0,0,
8578,8578,4.2890000,292719,4289,17641.1602,26169.2871,-2.97128215276,-4.28021339743,0,0,
8579,8579,4.2895000,292720,4290,17647.291,26172.4121,2.47671920481,-2.0899847093,0,0,
8580,8580,4.2900000,292720,4290,17648.3711,26176.1387,3.45198802612,1.87713985293,0,0,
8581,8581,4.2905000,292721,4291,17651.2559,26183.4707,1.14216336737,8.34630258961,0,0,
8582,8582,4.2910000,292721,4291,17645.6074,26193.4473,-8.0558771079,14.9567179734,0,0,
8583,8583,4.2915000,292722,4292,17645.9668,26199.8184,-9.62129912844,17.9891882573,0,0,
8584,8584,4.2920000,292722,4292,17645.2461,26201.623,-8.52924511201,17.5791558658,0,0,
8585,8585,4.2925000,292723,4293,17647.6504,26199.5781,-4.26376808406,11.9355600236,0,0,
8586,8586,4.2930000,292723,4293,17651.2559,26205.709,1.3372083929,12.9884149045,0,0,
8587,8587,4.2935000,292724,4294,17653.2988,26200.9004,2.35533737752,4.81227816264,0,0,
8588,8588,4.2940000,292724,4294,17649.334,26197.0547,-1.07073272322,-1.64030978634,0,0,
8589,8589,4.2945000,292725,4295,17652.2188,26198.1348,1.90091837439,-2.94746219622,0,0,
8590,8590,4.2950000,292725,4295,17658.5879,26208.9531,7.037535126,2.54197611649,0,0,
8591,8591,4.2955000,292726,4296,17675.2969,26213.5215,19.2580872711,3.65839431272,0,0,
8592,8592,4.2960000,292726,4296,17689,26222.2969,26.0733092508,6.95177752775,0,0,
8593,8593,4.2965000,292727,4297,17695.1309,26235.6387,24.217633763,12.344458671,0,0,
8594,8594,4.2970000,292727,4297,17689.3613,26256.3125,11.2222084688,22.9921979214,0,0,
8595,8595,4.2975000,292728,4298,17683.2305,26281.0762,1.12931723136,33.9509581448,0,0,
8596,8596,4.2980000,292728,4298,17682.6289,26294.2969,-0.791896774361,33.5512448748,0,0,
8597,8597,4.2985000,292729,4299,17677.5801,26285.6426,-6.80621899875,13.5592742453,0,0,
8598,8598,4.2990000,292729,4299,17677.9414,26259.1973,-8.42987476026,-17.1149677038,0,0,
8599,8599,4.2995000,292730,4300,17680.1055,26224.3379,-9.23499933067,-48.0150950597,0,0,
8600,8600,4.3000000,292730,4300,17681.7871,26208.5938,-9.18193723224,-54.64166586,0,0,
8601,8601,4.3005000,292731,4301,17685.1543,26224.0996,-6.54753007769,-33.1561180086,0,0,
8602,8602,4.3010000,292731,4301,17681.9082,26246.9375,-10.0580387632,-10.1445024838,0,0,
8603,8603,4.3015000,292732,4302,17685.6348,26261.8438,-7.39485784624,1.2026219126,0,0,
8604,8604,4.3020000,292732,4302,17688.5195,26264.248,-5.09505987332,-1.26381122477,0,0,
8605,8605,4.3025000,292733,4303,17694.8906,26262.9238,-1.87971862684,-6.52705378655,0,0,
8606,8606,4.3030000,292733,4303,17697.8945,26271.9395,-0.946014934168,-2.32415833734,0,0,
8607,8607,4.3035000,292734,4304,17702.4629,26276.0254,-1.11040951195,-2.87907269434,0,0,
8608,8608,4.3040000,292734,4304,17709.7949,26258.3574,-1.30265277107,-19.018752766,0,0,
8609,8609,4.3045000,292735,4305,17706.1895,26229.748,-7.48180988512,-41.1867424426,0,0,
8610,8610,4.3050000,292735,4305,17704.8672,26201.8613,-8.87544137683,-59.0626072927,0,0,
8611,8611,4.3055000,292736,4306,17695.0098,26191.4043,-18.5554349446,-56.0651035198,0,0,
8612,8612,4.3060000,292736,4306,17692.125,26202.2207,-21.1484530249,-33.9743037798,0,0,
8613,8613,4.3065000,292737,4307,17684.9121,26218.8105,-27.6095904485,-9.8593550762,0,0,
8614,8614,4.3070000,292737,4307,17692.8457,26224.7012,-18.2046787708,0.880675403412,0,0,
8615,8615,4.3075000,292738,4308,17700.1777,26240.9277,-10.5326351064,17.9641895537,0,0,
8616,8616,4.3080000,292738,4308,17708.3535,26258.5957,-3.15324184816,32.8605109097,0,0,
8617,8617,4.3085000,292739,4309,17716.2871,26265.4473,2.37219029574,34.8146767393,0,0,
8618,8618,4.3090000,292739,4309,17716.5254,26268.2129,1.39172919806,35.0767603763,0,0,
8619,8619,4.3095000,292740,4310,17718.5703,26274.8262,-0.137082933197,38.4967823958,0,0,
8620,8620,4.3100000,292740,4310,17716.2871,26280.9551,-3.45753276822,41.6173659134,0,0,
8621,8621,4.3105000,292741,4311,17723.377,26291.4121,-2.3640465122,46.7591792413,0,0,
8622,8622,4.3110000,292741,4311,17724.5801,26302.3516,-5.11736557638,49.6638887818,0,0,
8623,8623,4.3115000,292742,4312,17719.1699,26307.5176,-12.8652449733,47.8261279323,0,0,
8624,8624,4.3120000,292742,4312,17717.8496,26310.4043,-12.926783085,45.3524298073,0,0,
8625,8625,4.3125000,292743,4313,17721.6953,26312.5684,-8.47059046288,41.0785733932,0,0,
8626,8626,4.3130000,292743,4313,17722.0566,26313.8906,-6.77388519268,34.2044088385,0,0,
8627,8627,4.3135000,292744,4314,17725.1816,26322.0645,-4.46730230062,35.3125233249,0,0,
8628,8628,4.3140000,292744,4314,17727.8262,26329.998,-1.3240659725,34.609749517,0,0,
8629,8629,4.3145000,292745,4315,17730.9512,26329.877,0.735484774259,25.8094614975,0,0,
8630,8630,4.3150000,292745,4315,17733.2344,26326.873,1.21484353562,13.0148798337,0,0,
8631,8631,4.3155000,292746,4316,17734.6777,26324.4688,-0.750798695956,5.18074914533,0,0,
8632,8632,4.3160000,292746,4316,17735.7598,26331.4395,-2.11114125983,4.67021323785,0,0,
8633,8633,4.3165000,292747,4317,17734.0762,26340.9355,-4.50314380352,4.57069928549,0,0,
8634,8634,4.3170000,292747,4317,17742.3691,26342.9785,2.76347833314,-2.53599314556,0,0,
8635,8635,4.3175000,292748,4318,17746.5762,26348.9902,6.27776007556,-6.24787189737,0,0,
8636,8636,4.3180000,292748,4318,17742.7305,26358.3652,3.25579197024,-4.08228933904,0,0,
8637,8637,4.3185000,292749,4319,17739.8457,26362.5723,1.82344149167,-4.09007884152,0,0,
8638,8638,4.3190000,292749,4319,17735.3984,26367.7422,-2.25062735664,-0.48732923504,0,0,
8639,8639,4.3195000,292750,4320,17735.2793,26358.9668,-2.89314473841,-7.49059719533,0,0,
8640,8640,4.3200000,292750,4320,17739.9668,26343.5801,1.61491225994,-20.2372188581,0,0,
8641,8641,4.3205000,292751,4321,17748.0195,26328.916,8.77205750027,-34.5141184935,0,0,
8642,8642,4.3210000,292751,4321,17746.9375,26323.748,8.02549731845,-39.8278238729,0,0,
8643,8643,4.3215000,292752,4322,17747.5391,26335.8887,7.49005738555,-29.1030834566,0,0,
8644,8644,4.3220000,292752,4322,17743.8125,26348.0293,4.38683251751,-19.2811759223,0,0,
8645,8645,4.3225000,292753,4323,17742.3691,26358.0059,2.12156088805,-12.6121153024,0,0,
8646,8646,4.3230000,292753,4323,17745.4941,26355.6016,5.59225924562,-18.9319114531,0,0,
8647,8647,4.3235000,292754,4324,17740.4473,26350.0703,-0.0191634653519,-25.5799541712,0,0,
8648,8648,4.3240000,292754,4324,17739.3652,26348.1484,-3.3205443182,-22.7361818694,0,0,
8649,8649,4.3245000,292755,4325,17740.207,26350.0703,-0.0440072559695,-15.9341474887,0,0,
8650,8650,4.3250000,292755,4325,17745.7363,26345.8652,7.57432920465,-16.6377847149,0,0,
8651,8651,4.3255000,292756,4326,17747.418,26342.8594,10.6769014438,-17.3983983067,0,0,
8652,8652,4.3260000,292756,4326,17748.3809,26343.8203,10.876393518,-17.2184199111,0,0,
8653,8653,4.3265000,292757,4327,17753.5488,26353.6777,14.115580528,-10.1109314402,0,0,
8654,8654,4.3270000,292757,4327,17754.5098,26358.125,12.2326908557,-7.39598091124,0,0,
8655,8655,4.3275000,292758,4328,17757.6348,26359.9277,12.6735434254,-9.20268958308,0,0,
8656,8656,4.3280000,292758,4328,17760.1602,26353.1953,12.5612065715,-17.6891083209,0,0,
8657,8657,4.3285000,292759,4329,17764.0059,26353.916,13.2416172845,-17.2401288317,0,0,
8658,8658,4.3290000,292759,4329,17762.6855,26355.7207,11.4094844401,-13.1500641552,0,0,
8659,8659,4.3295000,292760,4330,17763.5254,26352.1152,9.54019330362,-14.184855363,0,0,
8660,8660,4.3300000,292760,4330,17759.4395,26349.5918,5.80143978608,-12.7501730418,0,0,
8661,8661,4.3305000,292761,4331,17761.9629,26346.9453,3.48603078628,-12.2928393073,0,0,
8662,8662,4.3310000,292761,4331,17765.3281,26340.9355,4.12963160989,-15.0626752285,0,0,
8663,8663,4.3315000,292762,4332,17768.4551,26343.9395,5.28176343893,-7.58625640727,0,0,
8664,8664,4.3320000,292762,4332,17771.6992,26342.9785,7.64880168318,-2.72232119509,0,0,
8665,8665,4.3325000,292763,4333,17765.209,26338.5312,0.796748907441,-1.92972803969,0,0,
8666,8666,4.3330000,292763,4333,17760.5215,26342.2578,-2.0993968383,4.12773898816,0,0,
8667,8667,4.3335000,292764,4334,17755.9531,26348.5078,-5.87155810319,11.4977374974,0,0,
8668,8668,4.3340000,292764,4334,17759.4395,26347.5469,-0.958042857591,11.1533297024,0,0,
8669,8669,4.3345000,292765,4335,17757.5156,26347.7871,-2.12778783874,12.4198887063,0,0,
8670,8670,4.3350000,292765,4335,17756.9141,26352.7168,-2.21013926746,15.4840413007,0,0,
8671,8671,4.3355000,292766,4336,17756.1934,26355,-3.50591441029,17.5228491267,0,0,
8672,8672,4.3360000,292766,4336,17759.0781,26355.1191,-1.1247662759,14.5447012451,0,0,
8673,8673,4.3365000,292767,4337,17757.3965,26359.6875,-1.7165178124,14.0696791907,0,0,
8674,8674,4.3370000,292767,4337,17757.6348,26359.5684,-1.42265920347,10.4557367547,0,0,
8675,8675,4.3375000,292768,4338,17759.6797,26361.8516,1.76163478054,7.9717656031,0,0,
8676,8676,4.3380000,292768,4338,17763.2852,26361.4902,7.45373415097,5.31518626073,0,0,
8677,8677,4.3385000,292769,4339,17758.959,26360.5293,5.53002834228,5.63969725548,0,0,
8678,8678,4.3390000,292769,4339,17757.6348,26359.3262,5.20283146883,7.97284110487,0,0,
8679,8679,4.3395000,292770,4340,17757.3965,26358.0059,4.21763349885,13.2878481145,0,0,
8680,8680,4.3400000,292770,4340,17763.6465,26361.4902,8.56361819741,21.0334208263,0,0,
8681,8681,4.3405000,292771,4341,17768.2129,26367.7422,10.5559623571,25.2352488778,0,0,
8682,8682,4.3410000,292771,4341,17776.627,26372.9082,17.2495440626,24.1496446251,0,0,
8683,8683,4.3415000,292772,4342,17784.0801,26377.2363,20.1890124776,19.6184551244,0,0,
8684,8684,4.3420000,292772,4342,17785.4023,26374.5938,18.5091162525,10.5521224083,0,0,
8685,8685,4.3425000,292773,4343,17782.2773,26379.4004,11.4084818777,9.57383601363,0,0,
8686,8686,4.3430000,292773,4343,17783.1191,26383.0078,8.99489341628,8.14246528081,0,0,
8687,8687,4.3435000,292774,4344,17783.3594,26382.6465,6.11651226084,4.60691689711,0,0,
8688,8688,4.3440000,292774,4344,17781.5566,26383.9688,-0.47561017984,6.19701613289,0,0,
8689,8689,4.3445000,292775,4345,17783.7207,26384.6895,0.247574664703,6.93363662663,0,0,
8690,8690,4.3450000,292775,4345,17778.6699,26386.373,-5.10522045246,7.82910848396,0,0,
8691,8691,4.3455000,292776,4346,17777.3496,26391.1797,-5.79542998173,9.38203059161,0,0,
8692,8692,4.3460000,292776,4346,17771.3379,26392.8613,-11.3885781987,4.90504905901,0,0,
8693,8693,4.3465000,292777,4347,17773.3828,26396.9512,-10.2165016547,1.03778885789,0,0,
8694,8694,4.3470000,292777,4347,17774.584,26408.1309,-9.97490532885,5.19240824704,0,0,
8695,8695,4.3475000,292778,4348,17774.1035,26413.5391,-11.1804189045,2.35750349361,0,0,
8696,8696,4.3480000,292778,4348,17776.748,26419.3066,-9.33155525526,1.16018634249,0,0,
8697,8697,4.3485000,292779,4349,17776.0273,26428.5625,-10.8369230781,2.15915831283,0,0,
8698,8698,4.3490000,292779,4349,17774.9453,26439.7422,-9.842814354,5.92174746338,0,0,
8699,8699,4.3495000,292780,4350,17774.3438,26443.5879,-10.5150910238,3.2227868372,0,0,
8700,8700,4.3500000,292780,4350,17773.1426,26446.9531,-9.15541398857,0.863353127461,0,0,
8701,8701,4.3505000,292781,4351,17768.334,26455.7285,-15.6181538937,2.16786163699,0,0,
8702,8702,4.3510000,292781,4351,17764.7285,26465.7051,-18.2931953962,3.63620838408,0,0,
8703,8703,4.3515000,292782,4352,17757.7559,26468.4707,-22.12954527,-1.40189669532,0,0,
8704,8704,4.3520000,292782,4352,17758.5977,26476.0449,-17.4107260864,0.017381900111,0,0,
8705,8705,4.3525000,292783,4353,17755.834,26474.9609,-15.2185813174,-6.14512418164,0,0,
8706,8706,4.3530000,292783,4353,17754.8711,26467.0293,-11.0844256132,-19.4144976732,0,0,
8707,8707,4.3535000,292784,4354,17755.7129,26460.1777,-7.3779377913,-29.4067929512,0,0,
8708,8708,4.3540000,292784,4354,17754.8711,26460.8984,-5.8733337495,-30.3218134702,0,0,
8709,8709,4.3545000,292785,4355,17754.1504,26463.0625,-4.18501121728,-29.3821775906,0,0,
8710,8710,4.3550000,292785,4355,17754.3906,26470.0332,-2.38586380961,-26.613802756,0,0,
8711,8711,4.3555000,292786,4356,17754.1504,26470.6348,-2.19501488108,-27.3999594876,0,0,
8712,8712,4.3560000,292786,4356,17760.2793,26468.7109,2.89593642207,-31.5790552981,0,0,
8713,8713,4.3565000,292787,4357,17766.0488,26465.4668,8.29945926932,-37.5504363893,0,0,
8714,8714,4.3570000,292787,4357,17773.2617,26467.0293,12.6556850149,-36.5977499648,0,0,
8715,8715,4.3575000,292788,4358,17773.1426,26473.6406,10.826448512,-32.7061322002,0,0,
8716,8716,4.3580000,292788,4358,17777.2285,26483.2559,13.7340735964,-24.9646824673,0,0,
8717,8717,4.3585000,292789,4359,17782.7578,26481.2109,18.2236499601,-25.259271069,0,0,
8718,8718,4.3590000,292789,4359,17799.2246,26483.9766,28.820862728,-19.2950062771,0,0,
8719,8719,4.3595000,292790,4360,17827.9551,26487.3418,45.128559681,-10.7474105819,0,0,
8720,8720,4.3600000,292790,4360,17847.5469,26493.5938,48.6932310407,-2.27106320519,0,0,
8721,8721,4.3605000,292791,4361,17840.4551,26500.9238,29.1181170164,1.94367257211,0,0,
8722,8722,4.3610000,292791,4361,17818.8184,26514.627,1.90799129322,8.17250491588,0,0,
8723,8723,4.3615000,292792,4362,17808.1211,26526.4082,-12.3685619914,9.66183724856,0,0,
8724,8724,4.3620000,292792,4362,17802.7129,26537.2266,-17.5365609851,11.5588441759,0,0,
8725,8725,4.3625000,292793,4363,17797.543,26540.5918,-22.0457548008,6.10632528408,0,0,
8726,8726,4.3630000,292793,4363,17798.1445,26539.9922,-21.1321596461,-0.906609550868,0,0,
8727,8727,4.3635000,292794,4364,17799.5859,26533.3809,-19.5416216098,-9.83215073047,0,0,
8728,8728,4.3640000,292794,4364,17797.6621,26531.5781,-22.3365810262,-10.5510692106,0,0,
8729,8729,4.3645000,292795,4365,17797.3027,26533.3809,-21.3486434554,-7.68221979928,0,0,
8730,8730,4.3650000,292795,4365,17797.9043,26536.0234,-18.2952151281,-4.75484013725,0,0,
8731,8731,4.3655000,292796,4366,17794.7793,26543.8379,-18.6973518368,0.377225451437,0,0,
8732,8732,4.3660000,292796,4366,17794.8984,26548.4062,-16.3490608873,0.264397142228,0,0,
8733,8733,4.3665000,292797,4367,17801.2695,26553.334,-11.2370659751,-1.3200213916,0,0,
8734,8734,4.3670000,292797,4367,17811.0059,26552.0098,-4.20717725825,-7.19079655369,0,0,
8735,8735,4.3675000,292798,4368,17821.7031,26552.9746,2.40524878364,-9.74280273647,0,0,
8736,8736,4.3680000,292798,4368,17822.9062,26556.7012,-0.414612999507,-8.36230612465,0,0,
8737,8737,4.3685000,292799,4369,17826.2715,26556.5781,-0.747543850043,-10.9710653907,0,0,
8738,8738,4.3690000,292799,4369,17830.8379,26558.623,1.83608832702,-9.77308004407,0,0,
8739,8739,4.3695000,292800,4370,17832.7617,26561.3887,0.0205576450352,-6.05143720905,0,0,
8740,8740,4.3700000,292800,4370,17829.7578,26559.8262,-3.59996958669,-5.55874861554,0,0,
8741,8741,4.3705000,292801,4371,17833.3633,26563.6719,-4.39218628596,-1.87599342334,0,0,
8742,8742,4.3710000,292801,4371,17833.123,26566.1953,-7.28087031728,0.11100149268,0,0,
8743,8743,4.3715000,292802,4372,17825.4297,26562.5879,-14.4179455703,-1.62590599236,0,0,
8744,8744,4.3720000,292802,4372,17823.9863,26562.709,-15.306803147,1.19344596116,0,0,
8745,8745,4.3725000,292803,4373,17830.3574,26571.6035,-8.10339266305,12.411369262,0,0,
8746,8746,4.3730000,292803,4373,17838.1719,26575.8125,-0.831042964624,16.9588663351,0,0,
8747,8747,4.3735000,292804,4374,17840.2148,26576.0527,-0.98782358234,17.1692724839,0,0,
8748,8748,4.3740000,292804,4374,17837.3301,26577.9746,-5.04763324681,18.1495135103,0,0,
8749,8749,4.3745000,292805,4375,17834.2051,26580.3809,-8.25791050904,19.3235589841,0,0,
8750,8750,4.3750000,292805,4375,17822.7852,26581.2207,-17.8704339665,16.5231491763,0,0,
8751,8751,4.3755000,292806,4376,17815.5723,26585.4277,-22.5004933532,19.5737758532,0,0,
8752,8752,4.3760000,292806,4376,17810.7656,26590.3574,-25.0275581772,21.5668085741,0,0,
8753,8753,4.3765000,292807,4377,17813.8906,26589.5156,-18.7035472187,17.1012255468,0,0,
8754,8754,4.3770000,292807,4377,17822.4238,26588.0723,-9.77812541306,13.2766375189,0,0,
8755,8755,4.3775000,292808,4378,17824.8301,26588.3125,-5.30947951003,9.5729179552,0,0,
8756,8756,4.3780000,292808,4378,17827.834,26595.7656,-0.661811378256,13.351296134,0,0,
8757,8757,4.3785000,292809,4379,17828.3145,26598.8906,2.05152800314,16.8141903639,0,0,
8758,8758,4.3790000,292809,4379,17823.0254,26605.623,-3.1462106718,23.1537644072,0,0,
8759,8759,4.3795000,292810,4380,17824.5879,26608.3848,-4.63619840585,27.0671586512,0,0,
8760,8760,4.3800000,292810,4380,17820.0215,26609.8281,-9.78228572302,27.6295403997,0,0,
8761,8761,4.3805000,292811,4381,17816.416,26613.5547,-8.04277782145,26.5965831166,0,0,
8762,8762,4.3810000,292811,4381,17806.7988,26624.9746,-7.71658286294,28.7582291342,0,0,
8763,8763,4.3815000,292812,4382,17798.7441,26632.666,-8.18152640801,25.9358867023,0,0,
8764,8764,4.3820000,292812,4382,17806.3184,26644.3281,5.36626288131,27.9432610303,0,0,
8765,8765,4.3825000,292813,4383,17812.9277,26652.6191,15.2193098409,26.9964995455,0,0,
8766,8766,4.3830000,292813,4383,17825.791,26658.75,27.0560511273,25.1932117647,0,0,
8767,8767,4.3835000,292814,4384,17841.7773,26668.248,38.7400277035,28.1510131358,0,0,
8768,8768,4.3840000,292814,4384,17845.7441,26673.416,37.303901729,27.5128348123,0,0,
8769,8769,4.3845000,292815,4385,17843.8203,26671.4922,32.0278665853,20.2725966705,0,0,
8770,8770,4.3850000,292815,4385,17845.7441,26669.8105,31.2865237996,13.7508819237,0,0,
8771,8771,4.3855000,292816,4386,17850.1914,26665.3613,32.8401730199,3.7536207931,0,0,
8772,8772,4.3860000,292816,4386,17854.6387,26664.2812,32.8986516785,-2.63795631926,0,0,
8773,8773,4.3865000,292817,4387,17851.2734,26665.8438,23.4657418806,-7.32106659163,0,0,
8774,8774,4.3870000,292817,4387,17848.5098,26673.0547,15.4985140797,-5.30040074979,0,0,
8775,8775,4.3875000,292818,4388,17842.9785,26681.3496,6.63189546203,-3.21933391582,0,0,
8776,8776,4.3880000,292818,4388,17841.416,26689.041,3.93121757356,-1.93581952652,0,0,
8777,8777,4.3885000,292819,4389,17846.5859,26701.7832,7.04628366068,2.85613570578,0,0,
8778,8778,4.3890000,292819,4389,17851.3926,26710.3184,10.549716307,3.56869119336,0,0,
8779,8779,4.3895000,292820,4390,17856.8027,26716.6895,12.8308618614,3.34760678706,0,0,
8780,8780,4.3900000,292820,4390,17860.0488,26718.373,15.0243773905,0.251392343874,0,0,
8781,8781,4.3905000,292821,4391,17861.6113,26711.4004,11.5220067847,-11.5478946216,0,0,
8782,8782,4.3910000,292821,4391,17861.1309,26692.166,8.12805537644,-30.9268544454,0,0,
8783,8783,4.3915000,292822,4392,17864.0156,26684.5938,10.0389526281,-34.6995285172,0,0,
8784,8784,4.3920000,292822,4392,17859.0879,26691.4453,3.68313745825,-25.5660229038,0,0,
8785,8785,4.3925000,292823,4393,17859.8066,26701.0625,2.79015619322,-15.8672500265,0,0,
8786,8786,4.3930000,292823,4393,17859.207,26718.8516,0.806930548736,-1.21325203287,0,0,
8787,8787,4.3935000,292824,4394,17859.5684,26726.4238,-0.214120070587,2.62623367775,0,0,
8788,8788,4.3940000,292824,4394,17861.25,26728.9512,0.804291438774,0.689367129366,0,0,
8789,8789,4.3945000,292825,4395,17859.3262,26725.9453,-1.20670349319,-5.60700609456,0,0,
8790,8790,4.3950000,292825,4395,17862.9336,26718.1309,2.52033904432,-16.3049533677,0,0,
8791,8791,4.3955000,292826,4396,17861.3711,26701.7832,-0.0279894547299,-30.1182828227,0,0,
8792,8792,4.3960000,292826,4396,17862.6934,26694.5703,-1.26034725848,-34.2886658007,0,0,
8793,8793,4.3965000,292827,4397,17863.0527,26695.6543,-3.33743549847,-30.4450440942,0,0,
8794,8794,4.3970000,292827,4397,17866.7793,26701.1816,-4.05120238117,-22.8894289696,0,0,
8795,8795,4.3975000,292828,4398,17869.6641,26703.4668,-2.84124354778,-20.8757118921,0,0,
8796,8796,4.3980000,292828,4398,17870.9863,26700.7031,-3.05490911587,-23.4188188587,0,0,
8797,8797,4.3985000,292829,4399,17871.3477,26702.8652,-3.0018635534,-17.1885430139,0,0,
8798,8798,4.3990000,292829,4399,17868.1016,26700.7031,-7.27650822064,-15.2862861671,0,0,
8799,8799,4.3995000,292830,4400,17870.2656,26699.0176,-9.92732729232,-10.5617819976,0,0,
8800,8800,4.4000000,292830,4400,17865.9395,26703.9473,-15.6622260136,-1.86941496743,0,0,
8801,8801,4.4005000,292831,4401,17859.9277,26702.625,-17.8697816915,-2.509972977,0,0,
8802,8802,4.4010000,292831,4401,17856.6816,26702.8652,-13.5014967424,-5.12459852751,0,0,
8803,8803,4.4015000,292832,4402,17856.3223,26702.2656,-9.66473972284,-7.94396900563,0,0,
8804,8804,4.4020000,292832,4402,17853.5566,26709.5957,-10.2815910417,-2.97983884171,0,0,
8805,8805,4.4025000,292833,4403,17846.3457,26721.377,-14.4242997014,5.88139997746,0,0,
8806,8806,4.4030000,292833,4403,17850.6719,26729.1895,-10.1348796929,11.1599332861,0,0,
8807,8807,4.4035000,292834,4404,17853.5566,26734.4785,-8.2483180368,14.4908332665,0,0,
8808,8808,4.4040000,292834,4404,17847.7871,26739.8887,-12.0554588676,18.6739036178,0,0,
8809,8809,4.4045000,292835,4405,17843.8203,26745.416,-11.5142685772,22.7244012425,0,0,
8810,8810,4.4050000,292835,4405,17852.9551,26752.75,-0.210433432106,26.715389452,0,0,
8811,8811,4.4055000,292836,4406,17855.8418,26762.6074,3.94410678484,30.2288331396,0,0,
8812,8812,4.4060000,292836,4406,17858.125,26760.5625,6.23697229056,21.6295763571,0,0,
8813,8813,4.4065000,292837,4407,17864.2559,26755.9941,10.2876304694,10.527613705,0,0,
8814,8814,4.4070000,292837,4407,17860.7695,26748.4219,5.14676349889,-1.0161341356,0,0,
8815,8815,4.4075000,292838,4408,17860.2891,26744.5762,3.82195688177,-7.79025726877,0,0,
8816,8816,4.4080000,292838,4408,17855.1191,26744.2168,-0.68895441553,-10.05229944,0,0,
8817,8817,4.4085000,292839,4409,17857.1641,26744.8145,0.334479958966,-11.8874134938,0,0,
8818,8818,4.4090000,292839,4409,17862.4512,26751.7891,4.94591112114,-6.91058135576,0,0,
8819,8819,4.4095000,292840,4410,17866.6582,26752.8691,6.92896981714,-6.18463201761,0,0,
8820,8820,4.4100000,292840,4410,17866.5391,26748.9043,7.12701221307,-7.84796978165,0,0,
8821,8821,4.4105000,292841,4411,17863.0527,26749.5059,1.83781809004,-5.58243525134,0,0,
8822,8822,4.4110000,292841,4411,17860.2891,26751.0684,-0.488557374675,-0.861166437035,0,0,
8823,8823,4.4115000,292842,4412,17852.2363,26750.7051,-5.47111466285,1.07724174583,0,0,
8824,8824,4.4120000,292842,4412,17850.0723,26756.4766,-4.40904356565,5.19759530776,0,0,
8825,8825,4.4125000,292843,4413,17850.3125,26756.3574,-2.60714158011,3.00631692729,0,0,
8826,8826,4.4130000,292843,4413,17856.082,26754.1934,3.5074815663,-1.74442625291,0,0,
8827,8827,4.4135000,292844,4414,17854.7598,26762.2441,2.39672750408,4.68906795958,0,0,
8828,8828,4.4140000,292844,4414,17857.1641,26760.4434,4.91060727303,2.04732707347,0,0,
8829,8829,4.4145000,292845,4415,17856.4434,26755.0332,5.0337695227,-2.21964551601,0,0,
8830,8830,4.4150000,292845,4415,17854.3984,26757.7969,3.79212924979,0.380828615786,0,0,
8831,8831,4.4155000,292846,4416,17855.3613,26764.6484,4.97791066948,8.30124465641,0,0,
8832,8832,4.4160000,292846,4416,17853.4375,26766.9316,1.87534925398,8.53887458289,0,0,
8833,8833,4.4165000,292847,4417,17856.5625,26755.0332,3.33899561524,-4.37610928019,0,0,
8834,8834,4.4170000,292847,4417,17857.8848,26741.2109,1.02570783132,-16.7634233692,0,0,
8835,8835,4.4175000,292848,4418,17854.5195,26722.5781,-2.56675099754,-31.2703237365,0,0,
8836,8836,4.4180000,292848,4418,17849.4707,26706.3516,-6.45608361714,-39.9453031579,0,0,
8837,8837,4.4185000,292849,4419,17845.2637,26703.2266,-7.82814834857,-33.2883217761,0,0,
8838,8838,4.4190000,292849,4419,17838.5332,26705.6309,-11.3306291954,-22.0184390905,0,0,
8839,8839,4.4195000,292850,4420,17835.8887,26713.8047,-14.4111115951,-5.88310936672,0,0,
8840,8840,4.4200000,292850,4420,17829.7578,26723.6621,-17.1285127012,7.02827964585,0,0,
8841,8841,4.4205000,292851,4421,17822.0645,26731.5938,-17.1215134255,14.7028260999,0,0,
8842,8842,4.4210000,292851,4421,17809.8027,26736.1621,-17.9787896995,14.9278282135,0,0,
8843,8843,4.4215000,292852,4422,17803.4316,26738.0859,-15.7330694015,12.7033146147,0,0,
8844,8844,4.4220000,292852,4422,17801.75,26738.4453,-10.8702104203,8.61711362944,0,0,
8845,8845,4.4225000,292853,4423,17807.6406,26734.4785,-0.000681392639125,1.88413504815,0,0,
8846,8846,4.4230000,292853,4423,17810.2832,26730.873,2.78241327485,-1.48073455439,0,0,
8847,8847,4.4235000,292854,4424,17810.6445,26733.7578,2.98915369588,2.54346448532,0,0,
8848,8848,4.4240000,292854,4424,17807.1582,26740.0078,2.69384267879,9.77009325,0,0,
8849,8849,4.4245000,292855,4425,17810.2832,26742.7734,9.02772590708,13.3364407151,0,0,
8850,8850,4.4250000,292855,4425,17815.9336,26743.6152,13.9435711801,13.8949202076,0,0,
8851,8851,4.4255000,292856,4426,17821.8242,26748.1816,18.9493597859,15.7294668543,0,0,
8852,8852,4.4260000,292856,4426,17828.4355,26751.666,22.9045266858,17.0326253016,0,0,
8853,8853,4.4265000,292857,4427,17841.7773,26752.2676,29.7891173145,14.4983026395,0,0,
8854,8854,4.4270000,292857,4427,17850.9121,26750.7051,32.5156115385,10.9565390539,0,0,
8855,8855,4.4275000,292858,4428,17857.043,26747.5801,31.4374434565,5.61690936235,0,0,
8856,8856,4.4280000,292858,4428,17867.7402,26748.6621,34.5676416142,4.19212665704,0,0,
8857,8857,4.4285000,292859,4429,17880.7227,26743.4941,35.9057064616,-3.03944871011,0,0,
8858,8858,4.4290000,292859,4429,17883.127,26744.5762,27.8900363728,-3.98224029904,0,0,
8859,8859,4.4295000,292860,4430,17876.998,26745.0566,13.2904415409,-3.14923599792,0,0,
8860,8860,4.4300000,292860,4430,17876.877,26750.9453,8.28717278317,4.07263084825,0,0,
8861,8861,4.4305000,292861,4431,17876.877,26752.0293,2.34967684413,4.93259854137,0,0,
8862,8862,4.4310000,292861,4431,17877.1172,26748.6621,-1.64848167232,3.31095455123,0,0,
8863,8863,4.4315000,292862,4432,17871.3477,26749.8652,-8.25758509742,5.59758225244,0,0,
8864,8864,4.4320000,292862,4432,17858.125,26748.0625,-20.5709694568,1.92889023002,0,0,
8865,8865,4.4325000,292863,4433,17845.2637,26750.9453,-31.3694728624,3.07008675648,0,0,
8866,8866,4.4330000,292863,4433,17846.1035,26749.5059,-29.4880227609,-0.333898039406,0,0,
8867,8867,4.4335000,292864,4434,17852.5957,26753.7109,-22.1469934779,1.28693360183,0,0,
8868,8868,4.4340000,292864,4434,17860.4082,26760.0801,-15.2542865129,5.99444626141,0,0,
8869,8869,4.4345000,292865,4435,17858.2441,26769.459,-16.6038359578,13.1982035004,0,0,
8870,8870,4.4350000,292865,4435,17852.9551,26772.2207,-20.017893363,11.432448563,0,0,
8871,8871,4.4355000,292866,4436,17841.7773,26769.6973,-27.9219391127,6.71761535646,0,0,
8872,8872,4.4360000,292866,4436,17839.9746,26770.5391,-27.1444777667,4.26893515105,0,0,
8873,8873,4.4365000,292867,4437,17842.9785,26762.3652,-23.1075414206,-4.08713088659,0,0,
8874,8874,4.4370000,292867,4437,17843.3398,26768.375,-22.8815414841,0.402314723168,0,0,
8875,8875,4.4375000,292868,4438,17844.6621,26768.9766,-19.1063908425,-0.579119085367,0,0,
8876,8876,4.4380000,292868,4438,17842.0176,26772.7031,-18.3923876996,0.835837610059,0,0,
8877,8877,4.4385000,292869,4439,17841.5371,26772.4629,-15.1003035954,-1.9005364161,0,0,
8878,8878,4.4390000,292869,4439,17841.0566,26765.0098,-12.1486846766,-10.5082935239,0,0,
8879,8879,4.4395000,292870,4440,17846.8262,26749.8652,-8.17158614345,-23.1528059517,0,0,
8880,8880,4.4400000,292870,4440,17852.5957,26745.2969,-2.42023487151,-26.1857332575,0,0,
8881,8881,4.4405000,292871,4441,17848.3887,26746.9785,-3.06209682724,-23.8677430551,0,0,
8882,8882,4.4410000,292871,4441,17842.3789,26752.3887,-2.27153757428,-20.5816909456,0,0,
8883,8883,4.4415000,292872,4442,17834.3262,26750.5859,-5.96481435319,-23.1145822988,0,0,
8884,8884,4.4420000,292872,4442,17836.3691,26754.3125,-2.31928934502,-20.7948402997,0,0,
8885,8885,4.4425000,292873,4443,17846.1035,26759.3613,6.07251806029,-16.7343034081,0,0,
8886,8886,4.4430000,292873,4443,17859.4473,26760.9238,13.4251488293,-14.717716832,0,0,
8887,8887,4.4435000,292874,4444,17880.4824,26759.9609,25.4507165119,-14.8580858914,0,0,
8888,8888,4.4440000,292874,4444,17901.8789,26753.3516,37.5623126631,-18.8140241832,0,0,
8889,8889,4.4445000,292875,4445,17915.8223,26743.8535,40.322001247,-22.8244101248,0,0,
8890,8890,4.4450000,292875,4445,17924.1152,26732.1953,34.9329749512,-27.408470699,0,0,
8891,8891,4.4455000,292876,4446,17940.4629,26725.4629,36.9967895946,-28.1927546797,0,0,
8892,8892,4.4460000,292876,4446,17967.5098,26717.4082,45.8995118624,-28.2091663723,0,0,
8893,8893,4.4465000,292877,4447,17979.2891,26705.0293,37.3940327542,-31.1959476098,0,0,
8894,8894,4.4470000,292877,4447,17962.0996,26704.7891,7.74947024419,-22.1481882623,0,0,
8895,8895,4.4475000,292878,4448,17930.8477,26712.9629,-27.5487047322,-7.88064794888,0,0,
8896,8896,4.4480000,292878,4448,17907.8887,26715.0059,-48.9269787721,-1.85106500538,0,0,
8897,8897,4.4485000,292879,4449,17893.2246,26717.4082,-60.7969649637,3.95431481328,0,0,
8898,8898,4.4490000,292879,4449,17880.123,26723.4199,-65.9886677843,10.6242630076,0,0,
8899,8899,4.4495000,292880,4450,17881.9258,26725.4629,-55.8660094364,14.6426897835,0,0,
8900,8900,4.4500000,292880,4450,17883.0059,26725.1035,-46.2122833339,16.8278759685,0,0,
8901,8901,4.4505000,292881,4451,17887.0938,26722.6973,-36.2630458988,16.9722559509,0,0,
8902,8902,4.4510000,292881,4451,17889.498,26717.6504,-28.0350308677,16.819982703,0,0,
8903,8903,4.4515000,292882,4452,17891.1816,26711.4004,-18.8756566526,14.9970517658,0,0,
8904,8904,4.4520000,292882,4452,17891.6621,26711.1582,-11.3179760581,16.574950532,0,0,
8905,8905,4.4525000,292883,4453,17892.623,26710.4375,-5.46821444575,17.0139575646,0,0,
8906,8906,4.4530000,292883,4453,17887.8145,26711.8809,-7.93845317168,19.2294337688,0,0,
8907,8907,4.4535000,292884,4454,17889.0176,26712,-4.81185787147,18.8349305785,0,0,
8908,8908,4.4540000,292884,4454,17885.0508,26712.2422,-6.48458035598,19.5778191636,0,0,
8909,8909,4.4545000,292885,4455,17887.334,26711.8809,0.16601445163,20.0384295035,0,0,
8910,8910,4.4550000,292885,4455,17889.377,26711.7598,6.24298515322,20.0775667107,0,0,
8911,8911,4.4555000,292886,4456,17891.0605,26712.3613,11.5474978895,22.4533969689,0,0,
8912,8912,4.4560000,292886,4456,17892.0215,26708.875,13.1687537163,19.4245390457,0,0,
8913,8913,4.4565000,292887,4457,17893.3438,26704.9082,13.373681664,18.7846083042,0,0,
8914,8914,4.4570000,292887,4457,17896.5898,26703.2266,14.6154160926,17.4734312459,0,0,
8915,8915,4.4575000,292888,4458,17894.0645,26703.8281,12.8079960964,18.9109233889,0,0,
8916,8916,4.4580000,292888,4458,17893.584,26707.1934,14.1804111091,21.4183832691,0,0,
8917,8917,4.4585000,292889,4459,17894.0645,26706.7109,16.2692324294,20.2876766286,0,0,
8918,8918,4.4590000,292889,4459,17895.0273,26708.3965,18.3567524921,21.6262193431,0,0,
8919,8919,4.4595000,292890,4460,17895.9883,26710.9199,16.0353293689,24.6005828917,0,0,
8920,8920,4.4600000,292890,4460,17896.1094,26712.9629,15.3766607987,23.0265256521,0,0,
8921,8921,4.4605000,292891,4461,17895.748,26712.8418,18.2455595819,17.955504794,0,0,
8922,8922,4.4610000,292891,4461,17895.627,26710.4375,23.0911845904,9.44416268689,0,0,
8923,8923,4.4615000,292892,4462,17892.502,26708.1543,22.5093540776,3.85004532925,0,0,
8924,8924,4.4620000,292892,4462,17896.2285,26706.7109,24.3544300125,-1.45833969921,0,0,
8925,8925,4.4625000,292893,4463,17896.2285,26702.9863,20.6436849923,-7.26205856116,0,0,
8926,8926,4.4630000,292893,4463,17899.1152,26701.5449,17.4110153495,-8.48879309354,0,0,
8927,8927,4.4635000,292894,4464,17896.3496,26696.7344,8.96841126624,-11.724340658,0,0,
8928,8928,4.4640000,292894,4464,17895.627,26694.2109,5.90603528747,-11.1106668829,0,0,
8929,8929,4.4645000,292895,4465,17900.3164,26695.1719,8.97574854173,-6.35587526747,0,0,
8930,8930,4.4650000,292895,4465,17901.5176,26689.7637,7.8770956804,-7.4047964176,0,0,
8931,8931,4.4655000,292896,4466,17901.7598,26686.877,5.54547568993,-8.36170116181,0,0,
8932,8932,4.4660000,292896,4466,17900.3164,26685.6777,0.31155342984,-6.73275769769,0,0,
8933,8933,4.4665000,292897,4467,17905.8457,26687.8418,2.70906561816,-2.18679378271,0,0,
8934,8934,4.4670000,292897,4467,17902.4785,26682.4316,3.67049131227,-6.06889210248,0,0,
8935,8935,4.4675000,292898,4468,17901.0371,26681.8301,8.72174734812,-7.10808109313,0,0,
8936,8936,4.4680000,292898,4468,17900.6777,26687.1191,12.3627956422,-2.93909833021,0,0,
8937,8937,4.4685000,292899,4469,17902.7207,26681.7109,14.105696871,-8.07563029214,0,0,
8938,8938,4.4690000,292899,4469,17908.0098,26679.0645,19.3408948853,-11.4441383555,0,0,
8939,8939,4.4695000,292900,4470,17907.4082,26680.627,16.9101355683,-8.60110019041,0,0,
8940,8940,4.4700000,292900,4470,17908.0098,26677.8652,16.5669730137,-8.64087401697,0,0,
8941,8941,4.4705000,292901,4471,17909.0918,26687.2402,14.936069842,1.56532470268,0,0,
8942,8942,4.4710000,292901,4471,17904.7637,26692.6484,9.87184214461,8.38167434431,0,0,
8943,8943,4.4715000,292902,4472,17901.7598,26698.2969,8.71797424268,13.4092139811,0,0,
8944,8944,4.4720000,292902,4472,17899.9551,26702.625,9.25067204308,13.5589708134,0,0,
8945,8945,4.4725000,292903,4473,17897.791,26699.5,8.26528098172,6.99549142004,0,0,
8946,8946,4.4730000,292903,4473,17901.998,26695.7734,11.0606195451,0.70022409691,0,0,
8947,8947,4.4735000,292904,4474,17902.8398,26691.2051,9.20559768376,-5.80874639815,0,0,
8948,8948,4.4740000,292904,4474,17903.2012,26689.6426,7.58689007432,-7.84262675261,0,0,
8949,8949,4.4745000,292905,4475,17904.7637,26686.877,7.97654659079,-9.96372170951,0,0,
8950,8950,4.4750000,292905,4475,17901.0371,26684.5938,4.26634620874,-11.5588444394,0,0,
8951,8951,4.4755000,292906,4476,17898.3926,26689.2832,2.38985739442,-5.7070478932,0,0,
8952,8952,4.4760000,292906,4476,17898.1523,26687.9609,1.01686431472,-6.3055143552,0,0,
8953,8953,4.4765000,292907,4477,17897.5527,26685.7969,-1.77768400362,-5.49042710295,0,0,
8954,8954,4.4770000,292907,4477,17901.0371,26689.2832,-1.61236399236,-2.60982612449,0,0,
8955,8955,4.4775000,292908,4478,17904.7637,26691.8066,0.953841943007,-0.841054509793,0,0,
8956,8956,4.4780000,292908,4478,17910.0527,26682.791,4.60492512204,-9.77067806112,0,0,
8957,8957,4.4785000,292909,4479,17911.2559,26674.9785,3.9199759767,-15.0417226962,0,0,
8958,8958,4.4790000,292909,4479,17911.375,26672.0938,2.12691113001,-14.7944007864,0,0,
8959,8959,4.4795000,292910,4480,17912.9375,26669.4512,-1.57783168875,-13.0302609099,0,0,
8960,8960,4.4800000,292910,4480,17916.7832,26671.4922,-1.29366646082,-10.0175853403,0,0,
8961,8961,4.4805000,292911,4481,17917.3848,26675.5801,-0.821049130159,-6.68844975816,0,0,
8962,8962,4.4810000,292911,4481,17920.5098,26682.9121,3.21365320782,-2.66551337649,0,0,
8963,8963,4.4815000,292912,4482,17921.3516,26682.3105,3.2620647897,-4.7004979699,0,0,
8964,8964,4.4820000,292912,4482,17917.7461,26682.791,-4.1816785734,-6.59771913464,0,0,
8965,8965,4.4825000,292913,4483,17915.8223,26682.791,-9.97897605239,-7.74097690257,0,0,
8966,8966,4.4830000,292913,4483,17914.2598,26679.3047,-16.8329959435,-10.4757101064,0,0,
8967,8967,4.4835000,292914,4484,17917.1445,26677.7422,-18.7157637603,-10.0619070608,0,0,
8968,8968,4.4840000,292914,4484,17917.9863,26675.9395,-20.4930092102,-9.11823961089,0,0,
8969,8969,4.4845000,292915,4485,17916.9043,26679.7871,-23.3607983276,-3.13867119867,0,0,
8970,8970,4.4850000,292915,4485,17910.8945,26682.1895,-29.4627756135,1.80107909433,0,0,
8971,8971,4.4855000,292916,4486,17910.8945,26681.8301,-29.5688530505,1.35125422953,0,0,
8972,8972,4.4860000,292916,4486,17910.8945,26673.2969,-30.6322128328,-5.12684588365,0,0,
8973,8973,4.4865000,292917,4487,17913.2988,26656.709,-29.6032618882,-16.8671393309,0,0,
8974,8974,4.4870000,292917,4487,17909.0918,26647.2109,-27.3470706374,-20.0660116839,0,0,
8975,8975,4.4875000,292918,4488,17904.2832,26632.7871,-23.8022872205,-28.3527741808,0,0,
8976,8976,4.4880000,292918,4488,17902.3594,26617.7637,-19.4277659031,-35.5922532335,0,0,
8977,8977,4.4885000,292919,4489,17914.2598,26598.4082,-7.24621236018,-42.0972589495,0,0,
8978,8978,4.4890000,292919,4489,17927.002,26579.416,3.87256215477,-47.5895338051,0,0,
8979,8979,4.4895000,292920,4490,17936.6172,26567.0371,9.83290914168,-44.456090752,0,0,
8980,8980,4.4900000,292920,4490,17936.377,26562.9512,6.92440181502,-32.3764384853,0,0,
8981,8981,4.4905000,292921,4491,17934.4531,26567.7578,1.74909005511,-16.0650739296,0,0,
8982,8982,4.4910000,292921,4491,17930.7285,26583.0234,-2.41588099127,8.50398534518,0,0,
8983,8983,4.4915000,292922,4492,17929.7656,26605.0215,-2.1926713959,33.6987264306,0,0,
8984,8984,4.4920000,292922,4492,17924.5977,26623.0527,-5.11898734025,48.8601267989,0,0,
8985,8985,4.4925000,292923,4493,17912.2168,26638.1953,-13.9413293792,59.2012384395,0,0,
8986,8986,4.4930000,292923,4493,17907.7676,26653.7031,-16.5516108574,66.9051733871,0,0,
8987,8987,4.4935000,292924,4494,17910.7734,26667.6465,-12.6931503174,70.4512348726,0,0,
8988,8988,4.4940000,292924,4494,17921.5918,26683.9941,-2.58332636003,74.1795963067,0,0,
8989,8989,4.4945000,292925,4495,17931.5684,26684.5938,5.46182993928,63.6855997715,0,0,
8990,8990,4.4950000,292925,4495,17928.9238,26677.3828,2.8925206358,47.3548160643,0,0,
8991,8991,4.4955000,292926,4496,17934.8145,26672.5762,7.77602077665,35.1546937263,0,0,
8992,8992,4.4960000,292926,4496,17943.9492,26663.4395,12.4221828591,21.7022949514,0,0,
8993,8993,4.4965000,292927,4497,17954.8887,26646.8516,16.3631989315,6.04836433322,0,0,
8994,8994,4.4970000,292927,4497,17956.8105,26642.2832,10.5685637312,0.131308837666,0,0,
8995,8995,4.4975000,292928,4498,17951.8828,26637.5957,1.91717265465,-4.4500419702,0,0,
8996,8996,4.4980000,292928,4498,17941.4258,26644.0859,-9.47549761596,1.97251856666,0,0,
8997,8997,4.4985000,292929,4499,17937.5801,26657.5488,-12.5734238714,13.052901805,0,0,
8998,8998,4.4990000,292929,4499,17929.4043,26667.5254,-18.2521719968,18.1535951702,0,0,
8999,8999,4.4995000,292930,4500,17909.9316,26667.4062,-34.331999533,14.4253852196,0,0,
9000,9000,4.5000000,292930,4500,17896.8301,26657.5488,-40.4957784021,0.398275004938,0,0,
9001,9001,4.5005000,292931,4501,17880.6035,26657.3105,-44.0800314102,-4.43185808463,0,0,
9002,9002,4.5010000,292931,4501,17877.959,26655.5059,-33.9069163975,-11.3461797358,0,0,
9003,9003,4.5015000,292932,4502,17893.1035,26660.4355,-10.9399102648,-9.30981785092,0,0,
9004,9004,4.5020000,292932,4502,17901.5176,26657.5488,0.472810472869,-15.1446400668,0,0,
9005,9005,4.5025000,292933,4503,17903.8027,26653.8223,3.91417261843,-19.8279253897,0,0,
9006,9006,4.5030000,292933,4503,17899.5957,26650.3359,-0.331505841224,-21.9585809498,0,0,
9007,9007,4.5035000,292934,4504,17905.123,26646.25,3.63195015057,-23.5370409494,0,0,
9008,9008,4.5040000,292934,4504,17903.8027,26642.8848,2.86128705548,-23.4068885389,0,0,
9009,9009,4.5045000,292935,4505,17906.2051,26631.2246,5.74826510327,-30.2066120622,0,0,
9010,9010,4.5050000,292935,4505,17902.3594,26622.8105,3.97420237571,-31.3510968017,0,0,
9011,9011,4.5055000,292936,4506,17897.3105,26618.2422,0.471558606655,-29.8854500271,0,0,
9012,9012,4.5060000,292936,4506,17897.1914,26613.6738,0.816790268144,-26.4083017186,0,0,
9013,9013,4.5065000,292937,4507,17894.3066,26608.2656,-1.63648718985,-22.5672523992,0,0,
9014,9014,4.5070000,292937,4507,17891.4199,26612.3535,2.83864889539,-12.403258072,0,0,
9015,9015,4.5075000,292938,4508,17892.3828,26608.3848,11.3148802624,-11.3954986446,0,0,
9016,9016,4.5080000,292938,4508,17892.0215,26603.3379,15.7303247863,-11.699821275,0,0,
9017,9017,4.5085000,292939,4509,17893.8262,26597.9297,16.5207665272,-9.70264358527,0,0,
9018,9018,4.5090000,292939,4509,17889.6191,26597.3281,12.5948277628,-5.32656223428,0,0,
9019,9019,4.5095000,292940,4510,17891.6621,26597.6875,14.7839531768,-1.183513524,0,0,
9020,9020,4.5100000,292940,4510,17885.5312,26594.8047,11.9933137936,-0.453390499811,0,0,
9021,9021,4.5105000,292941,4511,17885.4121,26596.9668,13.9250243454,1.50347627422,0,0,
9022,9022,4.5110000,292941,4511,17883.6074,26591.7988,15.6758369161,-2.71655620352,0,0,
9023,9023,4.5115000,292942,4512,17881.9258,26586.5098,17.7941439132,-7.38950914803,0,0,
9024,9024,4.5120000,292942,4512,17878.5605,26585.3066,18.993521584,-8.26306489122,0,0,
9025,9025,4.5125000,292943,4513,17881.084,26585.0684,25.1988096141,-6.55589222211,0,0,
9026,9026,4.5130000,292943,4513,17878.3184,26585.0684,22.6374124653,-4.78833628539,0,0,
9027,9027,4.5135000,292944,4514,17877.959,26580.0176,20.7487553977,-7.12707856897,0,0,
9028,9028,4.5140000,292944,4514,17880.7227,26583.1426,20.5912404329,-2.31047464103,0,0,
9029,9029,4.5145000,292945,4515,17883.248,26576.0527,20.5855339205,-3.31302214033,0,0,
9030,9030,4.5150000,292945,4515,17881.3242,26573.5293,19.779645301,0.903178028792,0,0,
9031,9031,4.5155000,292946,4516,17881.2051,26569.2012,19.0045953074,2.69271858204,0,0,
9032,9032,4.5160000,292946,4516,17882.2852,26567.0371,17.1488038094,7.32304358557,0,0,
9033,9033,4.5165000,292947,4517,17881.8047,26568.7188,13.0561699492,16.8654340548,0,0,
9034,9034,4.5170000,292947,4517,17880.7227,26571.002,9.50142998015,20.7722381569,0,0,
9035,9035,4.5175000,292948,4518,17881.3242,26568.8379,10.4018288155,20.500835013,0,0,
9036,9036,4.5180000,292948,4518,17881.6855,26563.4297,11.7414139969,16.5597405555,0,0,
9037,9037,4.5185000,292949,4519,17881.6855,26561.9863,11.6714964937,15.7064706192,0,0,
9038,9038,4.5190000,292949,4519,17882.5254,26556.9395,12.7987141204,12.1315851735,0,0,
9039,9039,4.5195000,292950,4520,17882.7676,26558.7422,12.5497654294,17.0786772088,0,0,
9040,9040,4.5200000,292950,4520,17881.3242,26552.4922,10.3134694098,13.8861815521,0,0,
9041,9041,4.5205000,292951,4521,17880.9629,26552.1328,11.9330910863,13.5293625865,0,0,
9042,9042,4.5210000,292951,4521,17881.3242,26552.6113,12.0353540192,12.7652057199,0,0,
9043,9043,4.5215000,292952,4522,17878.7988,26559.2246,6.09807584114,17.5948817022,0,0,
9044,9044,4.5220000,292952,4522,17876.0352,26561.0254,0.256594884167,17.7425437832,0,0,
9045,9045,4.5225000,292953,4523,17872.9102,26559.584,-4.75898098653,15.5940710553,0,0,
9046,9046,4.5230000,292953,4523,17867.6211,26559.3438,-11.1401520978,15.5327830488,0,0,
9047,9047,4.5235000,292954,4524,17861.9707,26559.8262,-18.7264958031,16.1717192351,0,0,
9048,9048,4.5240000,292954,4524,17864.4961,26555.7363,-15.8491984152,12.9696948584,0,0,
9049,9049,4.5245000,292955,4525,17868.8223,26547.6855,-12.3328720886,7.84751026895,0,0,
9050,9050,4.5250000,292955,4525,17870.627,26544.5605,-9.82775950889,7.92555634395,0,0,
9051,9051,4.5255000,292956,4526,17874.834,26545.8809,-6.71181148601,9.70352909951,0,0,
9052,9052,4.5260000,292956,4526,17873.2715,26541.3125,-10.5859935848,7.4905689479,0,0,
9053,9053,4.5265000,292957,4527,17870.3848,26541.7949,-14.9135297847,10.6096382651,0,0,
9054,9054,4.5270000,292957,4527,17867.9824,26545.6406,-13.0242624692,13.08276203,0,0,
9055,9055,4.5275000,292958,4528,17869.3027,26552.0098,-7.84427495986,17.2313760786,0,0,
9056,9056,4.5280000,292958,4528,17867.7402,26554.5371,-6.92655842044,16.6766073246,0,0,
9057,9057,4.5285000,292959,4529,17870.9863,26563.0703,-6.27892809686,22.3152171892,0,0,
9058,9058,4.5290000,292959,4529,17872.3086,26569.8027,-6.11171751181,22.7633129168,0,0,
9059,9059,4.5295000,292960,4530,17875.7949,26569.0801,-5.0915491846,15.8801469699,0,0,
9060,9060,4.5300000,292960,4530,17878.7988,26552.252,-1.75846433005,-2.87818576906,0,0,
9061,9061,4.5305000,292961,4531,17879.041,26514.748,-2.9937401266,-37.9911494118,0,0,
9062,9062,4.5310000,292961,4531,17877.3574,26480.8516,-4.13587405202,-61.6478549098,0,0,
9063,9063,4.5315000,292962,4532,17877.2363,26459.2168,-3.38345589599,-70.8578321279,0,0,
9064,9064,4.5320000,292962,4532,17879.6426,26455.6094,0.184689448952,-63.6983263346,0,0,
9065,9065,4.5325000,292963,4533,17879.8809,26462.9395,0.664284763575,-47.0464879264,0,0,
9066,9066,4.5330000,292963,4533,17879.6426,26477.6074,-1.05146969065,-26.946849306,0,0,
9067,9067,4.5335000,292964,4534,17882.6465,26484.2168,-1.5832969347,-15.879958257,0,0,
9068,9068,4.5340000,292964,4534,17883.3672,26489.748,-5.24754513822,-9.0405653021,0,0,
9069,9069,4.5345000,292965,4535,17889.1367,26484.6973,-3.71522494944,-7.71102347609,0,0,
9070,9070,4.5350000,292965,4535,17890.7012,26478.5684,-2.81268938624,-7.22661035291,0,0,
9071,9071,4.5355000,292966,4536,17892.8633,26477.9668,-3.06252857018,-2.18013063367,0,0,
9072,9072,4.5360000,292966,4536,17892.7441,26489.625,-6.93769362537,12.495205532,0,0,
9073,9073,4.5365000,292967,4537,17889.0176,26504.7715,-13.5888763971,28.3436174457,0,0,
9074,9074,4.5370000,292967,4537,17890.5801,26522.6816,-14.1238446273,39.3371932984,0,0,
9075,9075,4.5375000,292968,4538,17887.2129,26526.7676,-16.6269594477,37.2151566214,0,0,
9076,9076,4.5380000,292968,4538,17883.248,26530.9766,-18.0756852055,34.5611696306,0,0,
9077,9077,4.5385000,292969,4539,17878.7988,26530.375,-19.7995144558,26.4566790888,0,0,
9078,9078,4.5390000,292969,4539,17879.7617,26517.5137,-16.0326546455,10.0469339912,0,0,
9079,9079,4.5395000,292970,4540,17883.127,26491.0684,-10.9969338906,-13.7299598382,0,0,
9080,9080,4.5400000,292970,4540,17884.5684,26477.8457,-8.32174896732,-21.1823133342,0,0,
9081,9081,4.5405000,292971,4541,17883.7285,26476.0449,-5.78095612492,-20.5891449556,0,0,
9082,9082,4.5410000,292971,4541,17882.4062,26481.2109,-5.27963086973,-15.1691882539,0,0,
9083,9083,4.5415000,292972,4542,17886.4941,26477.125,-2.58162888884,-18.573376349,0,0,
9084,9084,4.5420000,292972,4542,17898.3926,26464.9844,5.48929368809,-26.406460998,0,0,
9085,9085,4.5425000,292973,4543,17901.3984,26461.2578,4.86916311725,-24.4202802874,0,0,
9086,9086,4.5430000,292973,4543,17896.9512,26452.8438,-1.81174177652,-25.5601932692,0,0,
9087,9087,4.5435000,292974,4544,17890.9395,26450.2012,-10.1258423114,-21.1074870048,0,0,
9088,9088,4.5440000,292974,4544,17889.0176,26445.9922,-12.9239398262,-17.3373832018,0,0,
9089,9089,4.5445000,292975,4545,17885.4121,26444.9121,-16.8703200604,-9.98466462587,0,0,
9090,9090,4.5450000,292975,4545,17883.4883,26438.1797,-16.6024297079,-8.81336760634,0,0,
9091,9091,4.5455000,292976,4546,17881.3242,26446.3535,-17.2629652159,2.36021227501,0,0,
9092,9092,4.5460000,292976,4546,17884.4492,26450.2012,-13.4969254875,9.9630403179,0,0,
9093,9093,4.5465000,292977,4547,17886.373,26458.8535,-10.9843729262,19.8466819794,0,0,
9094,9094,4.5470000,292977,4547,17885.291,26463.9043,-7.25867492592,22.0719927029,0,0,
9095,9095,4.5475000,292978,4548,17898.0332,26469.4316,6.99186141195,23.8353221568,0,0,
9096,9096,4.5480000,292978,4548,17906.2051,26471.4766,14.5037130783,22.3769904727,0,0,
9097,9097,4.5485000,292979,4549,17901.7598,26479.1699,6.28937418196,25.7062444375,0,0,
9098,9098,4.5490000,292979,4549,17898.5137,26490.4688,1.94717697783,29.4531712799,0,0,
9099,9099,4.5495000,292980,4550,17905.0039,26490.1074,5.38299859343,23.2073392022,0,0,
9100,9100,4.5500000,292980,4550,17912.457,26491.7891,11.3809839805,22.171728184,0,0,
9101,9101,4.5505000,292981,4551,17916.3027,26494.1934,12.4072724835,22.2048285338,0,0,
9102,9102,4.5510000,292981,4551,17913.5371,26495.2754,9.29472140245,20.8303399596,0,0,
9103,9103,4.5515000,292982,4552,17910.293,26496.5996,6.47437409334,16.325580669,0,0,
9104,9104,4.5520000,292982,4552,17911.7363,26491.9082,8.37121256517,3.24614369063,0,0,
9105,9105,4.5525000,292983,4553,17906.3262,26494.5547,4.31197526086,-2.88200913675,0,0,
9106,9106,4.5530000,292983,4553,17902.3594,26490.5879,1.1115855027,-14.7430187877,0,0,
9107,9107,4.5535000,292984,4554,17896.1094,26491.7891,-4.99610217253,-18.1737827226,0,0,
9108,9108,4.5540000,292984,4554,17892.623,26495.998,-8.04243771804,-19.5257503555,0,0,
9109,9109,4.5545000,292985,4555,17891.4199,26497.7988,-8.75487521861,-17.4515983888,0,0,
9110,9110,4.5550000,292985,4555,17888.7773,26490.2266,-6.89942539278,-23.0459531006,0,0,
9111,9111,4.5555000,292986,4556,17891.6621,26484.3379,-1.75244710044,-26.9126720256,0,0,
9112,9112,4.5560000,292986,4556,17898.5137,26477.8457,4.85897610098,-31.7174223167,0,0,
9113,9113,4.5565000,292987,4557,17909.6914,26469.6719,13.9153476199,-35.9148768313,0,0,
9114,9114,4.5570000,292987,4557,17912.5762,26466.4277,13.9440351056,-37.9052105819,0,0,
9115,9115,4.5575000,292988,4558,17917.1445,26464.1426,17.4648125759,-34.9757168264,0,0,
9116,9116,4.5580000,292988,4558,17916.6641,26464.2637,16.8388640969,-30.1873855936,0,0,
9117,9117,4.5585000,292989,4559,17913.418,26464.7441,13.6893634723,-25.6296052073,0,0,
9118,9118,4.5590000,292989,4559,17917.1445,26461.9785,16.1534777557,-21.4343721036,0,0,
9119,9119,4.5595000,292990,4560,17916.0625,26457.7734,13.5443167729,-15.8606495065,0,0,
9120,9120,4.5600000,292990,4560,17917.9863,26445.873,14.0516524946,-18.5736959916,0,0,
9121,9121,4.5605000,292991,4561,17915.4629,26443.8281,12.7637097838,-16.4547066068,0,0,
9122,9122,4.5610000,292991,4561,17918.5879,26440.3438,15.2217784782,-17.2783108551,0,0,
9123,9123,4.5615000,292992,4562,17918.707,26435.4141,11.9654477887,-17.3924840238,0,0,
9124,9124,4.5620000,292992,4562,17916.3027,26431.4473,5.53627290505,-13.8727746872,0,0,
9125,9125,4.5625000,292993,4563,17918.1055,26431.0879,5.33287439677,-8.10606710414,0,0,
9126,9126,4.5630000,292993,4563,17921.9531,26426.4004,7.9622189048,-5.22548625103,0,0,
9127,9127,4.5635000,292994,4564,17921.7129,26423.0332,5.59034757203,-2.16754523444,0,0,
9128,9128,4.5640000,292994,4564,17923.6348,26421.834,5.00405562246,3.51016669648,0,0,
9129,9129,4.5645000,292995,4565,17923.2754,26422.4316,2.42407273307,10.4410437516,0,0,
9130,9130,4.5650000,292995,4565,17918.8262,26428.5625,-1.8726017944,21.2140891383,0,0,
9131,9131,4.5655000,292996,4566,17917.1445,26423.7559,-3.84346036232,16.9538172413,0,0,
9132,9132,4.5660000,292996,4566,17915.3418,26428.084,-6.59438734132,23.277307526,0,0,
9133,9133,4.5665000,292997,4567,17912.0957,26439.7422,-9.5337608421,33.3907479812,0,0,
9134,9134,4.5670000,292997,4567,17916.4238,26437.5781,-2.04922317141,28.6802437886,0,0,
9135,9135,4.5675000,292998,4568,17919.4277,26439.3828,0.59669194413,27.7562066759,0,0,
9136,9136,4.5680000,292998,4568,17924.1152,26430.0059,4.66813820659,18.6480398255,0,0,
9137,9137,4.5685000,292999,4569,17924.957,26427.2422,3.74989143955,15.9835866721,0,0,
9138,9138,4.5690000,292999,4569,17922.3145,26425.5566,1.0083307676,13.0882200911,0,0,
9139,9139,4.5695000,293000,4570,17923.1543,26426.1582,-0.770890771986,15.2012946523,0,0,
9140,9140,4.5700000,293000,4570,17925.9199,26423.2734,1.19029100973,16.0731260979,0,0,
9141,9141,4.5705000,293001,4571,17925.9199,26419.7891,0.527750976413,16.8356770982,0,0,
9142,9142,4.5710000,293001,4571,17927.2402,26419.5488,3.38684765519,20.4497688756,0,0,
9143,9143,4.5715000,293002,4572,17928.3223,26411.7344,5.6532974644,14.7116862439,0,0,
9144,9144,4.5720000,293002,4572,17932.5293,26404.8828,9.45816335019,8.60442590893,0,0,
9145,9145,4.5725000,293003,4573,17939.502,26398.6328,15.6847446631,2.09599838861,0,0,
9146,9146,4.5730000,293003,4573,17940.7051,26397.791,14.5798711348,1.40146970678,0,0,
9147,9147,4.5735000,293004,4574,17947.6758,26402.2402,16.9472743599,5.99414561999,0,0,
9148,9148,4.5740000,293004,4574,17954.166,26398.6328,17.118262829,1.92885201801,0,0,
9149,9149,4.5745000,293005,4575,17960.0566,26397.9121,15.6136037334,5.52242566729,0,0,
9150,9150,4.5750000,293005,4575,17946.834,26399.5938,1.37902196816,12.140715392,0,0,
9151,9151,4.5755000,293006,4576,17936.9785,26401.7578,-9.32306360838,16.7635539164,0,0,
9152,9152,4.5760000,293006,4576,17927.7227,26400.7969,-18.7962977625,16.6647814387,0,0,
9153,9153,4.5765000,293007,4577,17918.5879,26405.002,-26.6256822338,21.266552126,0,0,
9154,9154,4.5770000,293007,4577,17912.2168,26401.7578,-29.2452637142,15.3064890059,0,0,
9155,9155,4.5775000,293008,4578,17911.7363,26401.2793,-24.5379898892,14.8064490152,0,0,
9156,9156,4.5780000,293008,4578,17904.1621,26397.791,-24.5014686495,11.2092074622,0,0,
9157,9157,4.5785000,293009,4579,17896.4707,26399.7129,-23.7609529443,12.2738519027,0,0,
9158,9158,4.5790000,293009,4579,17896.709,26392.3828,-17.7576376165,8.0432985556,0,0,
9159,9159,4.5795000,293010,4580,17898.2715,26397.0703,-11.0283674546,16.6635180181,0,0,
9160,9160,4.5800000,293010,4580,17903.0801,26400.4355,-2.88668015147,22.2935287395,0,0,
9161,9161,4.5805000,293011,4581,17907.8887,26393.2246,6.21449916362,12.8598620372,0,0,
9162,9162,4.5810000,293011,4581,17912.5762,26390.0996,11.7881121667,6.95713463292,0,0,
9163,9163,4.5815000,293012,4582,17914.3809,26388.7754,12.252594862,4.56346072033,0,0,
9164,9164,4.5820000,293012,4582,17918.3457,26386.373,13.3445933113,3.1719487067,0,0,
9165,9165,4.5825000,293013,4583,17919.6699,26383.127,12.5005951244,0.152940424309,0,0,
9166,9166,4.5830000,293013,4583,17937.459,26373.6309,25.4935827696,-5.74856449228,0,0,
9167,9167,4.5835000,293014,4584,17971.8379,26366.2988,48.5979911669,-9.60735506989,0,0,
9168,9168,4.5840000,293014,4584,17996.7188,26364.7363,57.8329443769,-7.51779437945,0,0,
9169,9169,4.5845000,293015,4585,17997.4395,26361.3691,44.6806903993,-7.08509952314,0,0,
9170,9170,4.5850000,293015,4585,17983.0156,26357.4043,22.3144544508,-7.66292760168,0,0,
9171,9171,4.5855000,293016,4586,17975.2012,26356.8027,7.82656889539,-6.82758087824,0,0,
9172,9172,4.5860000,293016,4586,17967.1484,26360.2891,-5.38781585828,-2.47686393433,0,0,
9173,9173,4.5865000,293017,4587,17973.2793,26360.2891,-4.34405837249,-3.67797702682,0,0,
9174,9174,4.5870000,293017,4587,17978.4473,26359.4473,-2.9673843968,-4.19433489533,0,0,
9175,9175,4.5875000,293018,4588,17969.1934,26358.6074,-15.4311893053,-5.35830726627,0,0,
9176,9176,4.5880000,293018,4588,17962.0996,26368.1016,-23.5553784925,4.56241253877,0,0,
9177,9177,4.5885000,293019,4589,17959.9355,26376.2754,-26.1348794701,9.68776123902,0,0,
9178,9178,4.5890000,293019,4589,17965.3457,26380.4824,-20.613665219,8.81319271398,0,0,
9179,9179,4.5895000,293020,4590,17972.1973,26389.6172,-17.3355751494,13.3876619639,0,0,
9180,9180,4.5900000,293020,4590,17975.2012,26396.2285,-16.588378656,16.7167739951,0,0,
9181,9181,4.5905000,293021,4591,17982.6543,26397.6719,-11.8690310247,15.2168245864,0,0,
9182,9182,4.5910000,293021,4591,17989.748,26400.6777,-6.73730853674,14.5160831408,0,0,
9183,9183,4.5915000,293022,4592,17989.627,26398.3926,-8.31662429493,8.4361324699,0,0,
9184,9184,4.5920000,293022,4592,17987.3418,26398.1504,-12.2483558051,2.76354757589,0,0,
9185,9185,4.5925000,293023,4593,17990.3477,26394.666,-10.6725622842,-6.63015425694,0,0,
9186,9186,4.5930000,293023,4593,17991.6699,26389.9785,-10.7000705724,-16.2849796187,0,0,
9187,9187,4.5935000,293024,4594,17998.041,26391.2988,-8.42217163958,-19.5729973554,0,0,
9188,9188,4.5940000,293024,4594,17992.2715,26391.1797,-17.0470901829,-23.1104027017,0,0,
9189,9189,4.5945000,293025,4595,17991.0684,26389.9785,-20.5952361601,-23.718377696,0,0,
9190,9190,4.5950000,293025,4595,17993.1113,26384.8105,-15.1847197099,-26.3044074607,0,0,
9191,9191,4.5955000,293026,4596,17989.5059,26384.9297,-17.1973553709,-24.8133849522,0,0,
9192,9192,4.5960000,293026,4596,17987.3418,26390.5801,-18.6398154333,-19.3434815625,0,0,
9193,9193,4.5965000,293027,4597,17982.8965,26391.0605,-21.8300061481,-19.2864025532,0,0,
9194,9194,4.5970000,293027,4597,17979.4082,26390.9395,-22.908557776,-21.0451042924,0,0,
9195,9195,4.5975000,293028,4598,17977.125,26387.4531,-22.1255811078,-23.63549949,0,0,
9196,9196,4.5980000,293028,4598,17981.5723,26384.0879,-13.2797440113,-25.3082078065,0,0,
9197,9197,4.5985000,293029,4599,17986.6211,26385.8906,-5.14191297456,-23.2498759973,0,0,
9198,9198,4.5990000,293029,4599,17986.3809,26394.7871,-5.22585755876,-12.0175833095,0,0,
9199,9199,4.5995000,293030,4600,17986.0215,26396.4688,-5.13542310111,-8.71618915973,0,0,
9200,9200,4.6000000,293030,4600,17989.627,26398.3926,-2.39715131315,-5.54253481845,0,0,
9201,9201,4.6005000,293031,4601,17991.791,26402.4785,0.672249766938,-3.49058204666,0,0,
9202,9202,4.6010000,293031,4601,17998.2812,26395.1465,5.42412169437,-12.8058233389,0,0,
9203,9203,4.6015000,293032,4602,18011.5039,26390.8203,13.8826855188,-17.1475911802,0,0,
9204,9204,4.6020000,293032,4602,18015.7109,26390.7012,12.1833974093,-15.5691930411,0,0,
9205,9205,4.6025000,293033,4603,18019.1973,26385.6504,10.9756875554,-18.7362801111,0,0,
9206,9206,4.6030000,293033,4603,18022.3223,26383.0078,7.33748242053,-16.6589653631,0,0,
9207,9207,4.6035000,293034,4604,18017.9941,26382.6465,-4.55231816318,-13.885709298,0,0,
9208,9208,4.6040000,293034,4604,18012.4648,26384.9297,-13.8480423095,-9.83701095487,0,0,
9209,9209,4.6045000,293035,4605,18008.2578,26389.7363,-15.7265769413,-3.91875041777,0,0,
9210,9210,4.6050000,293035,4605,18003.5703,26396.8301,-13.4535043428,2.4901635191,0,0,
9211,9211,4.6055000,293036,4606,17994.7949,26400.3145,-16.4467517115,2.98737836392,0,0,
9212,9212,4.6060000,293036,4606,17997.6797,26398.752,-9.63123042647,-1.10983041319,0,0,
9213,9213,4.6065000,293037,4607,17999.4824,26398.1504,-6.59359803167,-4.46515693747,0,0,
9214,9214,4.6070000,293037,4607,18005.8535,26392.2637,1.27783238491,-10.2200739351,0,0,
9215,9215,4.6075000,293038,4608,18013.7871,26386.8535,10.1019005915,-14.7635998746,0,0,
9216,9216,4.6080000,293038,4608,18017.0332,26380.3613,13.2230759568,-18.5647609378,0,0,
9217,9217,4.6085000,293039,4609,18018.9551,26379.2812,13.6550902895,-17.7748929562,0,0,
9218,9218,4.6090000,293039,4609,18025.6875,26375.7949,17.5566867838,-19.0417639344,0,0,
9219,9219,4.6095000,293040,4610,18031.0957,26380.8438,17.2614976188,-12.0696708562,0,0,
9220,9220,4.6100000,293040,4610,18037.5879,26381.5645,19.2443322759,-7.32039238177,0,0,
9221,9221,4.6105000,293041,4611,18034.9434,26382.8848,12.8739574237,-1.29606372942,0,0,
9222,9222,4.6110000,293041,4611,18031.0957,26379.2812,8.02820864575,-0.488082877933,0,0,
9223,9223,4.6115000,293042,4612,18024.9668,26376.2754,3.63522489941,1.31611781231,0,0,
9224,9224,4.6120000,293042,4612,18024.0039,26373.5098,4.02049553177,1.39605806366,0,0,
9225,9225,4.6125000,293043,4613,18023.5234,26370.7441,4.28428270569,0.868160384689,0,0,
9226,9226,4.6130000,293043,4613,18020.2793,26371.3457,2.66967000283,2.97356075518,0,0,
9227,9227,4.6135000,293044,4614,18020.0371,26378.1973,1.65752695893,8.75280318585,0,0,
9228,9228,4.6140000,293044,4614,18022.3223,26377.4766,4.49340417749,7.90711048399,0,0,
9229,9229,4.6145000,293045,4615,18022.3223,26372.7891,3.89846051464,6.79561677456,0,0,
9230,9230,4.6150000,293045,4615,18013.3066,26369.6641,0.0094398814721,8.80319214813,0,0,
9231,9231,4.6155000,293046,4616,18013.3066,26363.7734,3.67305173645,6.79756862617,0,0,
9232,9232,4.6160000,293046,4616,18011.8652,26359.0859,4.35954670682,5.18046046836,0,0,
9233,9233,4.6165000,293047,4617,18017.2734,26360.7676,10.5113102275,9.91826528203,0,0,
9234,9234,4.6170000,293047,4617,18023.6445,26362.2109,16.2956395046,12.6786517936,0,0,
9235,9235,4.6175000,293048,4618,18037.3457,26362.5723,26.6588337944,15.7925935051,0,0,
9236,9236,4.6180000,293048,4618,18047.8047,26361.0098,32.7067943285,16.8368401358,0,0,
9237,9237,4.6185000,293049,4619,18048.4062,26360.7676,29.1325645367,17.069191651,0,0,
9238,9238,4.6190000,293049,4619,18050.0879,26356.5625,25.4376685586,15.7591280435,0,0,
9239,9239,4.6195000,293050,4620,18055.7383,26345.2637,25.2331945655,10.223848796,0,0,
9240,9240,4.6200000,293050,4620,18055.7383,26338.5312,18.7546716262,9.80937469499,0,0,
9241,9241,4.6205000,293051,4621,18054.6562,26335.8887,13.9720929638,10.8288594124,0,0,
9242,9242,4.6210000,293051,4621,18050.6895,26329.2754,5.70455914985,9.12604706181,0,0,
9243,9243,4.6215000,293052,4622,18044.0781,26324.1074,-4.99881491919,9.08246417957,0,0,
9244,9244,4.6220000,293052,4622,18045.041,26320.9824,-6.84011688557,11.3287025114,0,0,
9245,9245,4.6225000,293053,4623,18046.7227,26320.8613,-6.84419692348,15.9416476461,0,0,
9246,9246,4.6230000,293053,4623,18049.4863,26317.0156,-7.62537577464,18.1607713825,0,0,
9247,9247,4.6235000,293054,4624,18049.4863,26314.4922,-11.464809965,19.7735341791,0,0,
9248,9248,4.6240000,293054,4624,18049.0059,26312.6875,-13.7305313996,20.6666067425,0,0,
9249,9249,4.6245000,293055,4625,18046.9629,26317.375,-13.5030341942,26.411291142,0,0,
9250,9250,4.6250000,293055,4625,18046.4824,26320.8613,-8.78996759095,29.187640708,0,0,
9251,9251,4.6255000,293056,4626,18045.2793,26330.1172,-6.32718072272,34.9285798613,0,0,
9252,9252,4.6260000,293056,4626,18042.7559,26335.5254,-7.77864701283,36.4350424106,0,0,
9253,9253,4.6265000,293057,4627,18044.7988,26339.252,-6.53009449101,34.8191942837,0,0,
9254,9254,4.6270000,293057,4627,18048.7656,26349.2285,-3.51087115829,39.6393198112,0,0,
9255,9255,4.6275000,293058,4628,18050.8105,26357.1641,-2.01714306242,40.5464154392,0,0,
9256,9256,4.6280000,293058,4628,18049.6074,26357.4043,-2.81723259357,34.6456286775,0,0,
9257,9257,4.6285000,293059,4629,18052.0117,26358.4844,-1.06764404757,28.0658348011,0,0,
9258,9258,4.6290000,293059,4629,18058.9824,26360.5293,3.02189480901,22.8287906476,0,0,
9259,9259,4.6295000,293060,4630,18058.9824,26355.6016,-0.931178904113,11.3543084575,0,0,
9260,9260,4.6300000,293060,4630,18057.541,26360.8906,-4.25191435804,12.3142765944,0,0,
9261,9261,4.6305000,293061,4631,18056.6992,26365.0957,-5.17894292535,12.6436605445,0,0,
9262,9262,4.6310000,293061,4631,18057.9004,26366.8984,-2.92367307313,10.9256885384,0,0,
9263,9263,4.6315000,293062,4632,18056.5801,26369.7832,-1.65368301319,10.0502378602,0,0,
9264,9264,4.6320000,293062,4632,18055.9785,26369.5449,-1.14992527675,4.74496609271,0,0,
9265,9265,4.6325000,293063,4633,18058.3828,26371.5879,1.19008305381,1.11086593718,0,0,
9266,9266,4.6330000,293063,4633,18061.748,26370.3848,4.5062606998,-5.82791786645,0,0,
9267,9267,4.6335000,293064,4634,18060.3066,26367.3809,0.896650710431,-15.1895585076,0,0,
9268,9268,4.6340000,293064,4634,18061.8691,26361.0098,1.11608797408,-23.9729918284,0,0,
9269,9269,4.6345000,293065,4635,18066.0762,26348.5078,2.84282080952,-33.2202070211,0,0,
9270,9270,4.6350000,293065,4635,18072.5664,26323.748,10.4260374751,-49.379402612,0,0,
9271,9271,4.6355000,293066,4636,18075.6914,26299.5859,11.5259017806,-62.0366067864,0,0,
9272,9272,4.6360000,293066,4636,18079.0566,26289.0078,11.5493781922,-61.4505204216,0,0,
9273,9273,4.6365000,293067,4637,18082.3027,26292.7344,9.98497566785,-48.9630532482,0,0,
9274,9274,4.6370000,293067,4637,18079.0566,26298.2637,3.08414345968,-37.4164414172,0,0,
9275,9275,4.6375000,293068,4638,18076.4121,26300.9082,-3.40216982005,-28.3212773389,0,0,
9276,9276,4.6380000,293068,4638,18070.5234,26312.5684,-10.1740554034,-12.9106057642,0,0,
9277,9277,4.6385000,293069,4639,18071.123,26332.5215,-8.63115878375,4.77834538185,0,0,
9278,9278,4.6390000,293069,4639,18069.2012,26351.875,-10.4566083354,20.3176289581,0,0,
9279,9279,4.6395000,293070,4640,18069.9219,26363.4141,-10.2873027937,28.0934684416,0,0,
9280,9280,4.6400000,293070,4640,18064.0332,26358.7266,-15.4107082165,19.9493658807,0,0,
9281,9281,4.6405000,293071,4641,18071.2441,26359.0859,-7.19687263009,14.5070091169,0,0,
9282,9282,4.6410000,293071,4641,18069.5605,26350.5527,-8.59680750046,3.51929651931,0,0,
9283,9283,4.6415000,293072,4642,18067.6387,26332.7637,-10.7455315375,-13.3337844603,0,0,
9284,9284,4.6420000,293072,4642,18068.2402,26319.2988,-11.008797323,-23.334323165,0,0,
9285,9285,4.6425000,293073,4643,18073.168,26317.1348,-7.0074459151,-22.2966060099,0,0,
9286,9286,4.6430000,293073,4643,18073.7676,26322.0645,-8.70834667468,-13.6903633632,0,0,
9287,9287,4.6435000,293074,4644,18072.0859,26333.123,-12.1562547618,-2.91027492154,0,0,
9288,9288,4.6440000,293074,4644,18075.5723,26335.166,-9.62564930946,-2.4584960559,0,0,
9289,9289,4.6445000,293075,4645,18072.0859,26337.0879,-10.301901005,-3.45694825235,0,0,
9290,9290,4.6450000,293075,4645,18073.2871,26338.7734,-4.68935154692,-4.84923155016,0,0,
9291,9291,4.6455000,293076,4646,18073.7676,26326.752,-1.23362518215,-18.6519706156,0,0,
9292,9292,4.6460000,293076,4646,18071.123,26300.0684,-2.67369975997,-40.2846407694,0,0,
9293,9293,4.6465000,293077,4647,18073.5273,26262.6855,-1.55096490317,-65.973503156,0,0,
9294,9294,4.6470000,293077,4647,18074.6094,26226.1426,-1.69162692869,-84.2599604735,0,0,
9295,9295,4.6475000,293078,4648,18075.3301,26223.7402,-1.27006771576,-69.7154901343,0,0,
9296,9296,4.6480000,293078,4648,18080.3789,26250.0625,3.61525948517,-31.6313968686,0,0,
9297,9297,4.6485000,293079,4649,18086.75,26269.6562,7.52738933377,-7.00177469923,0,0,
9298,9298,4.6490000,293079,4649,18085.4277,26283.1172,2.79906797874,8.14491610307,0,0,
9299,9299,4.6495000,293080,4650,18079.7793,26294.2969,-4.60480417282,18.9789749575,0,0,
9300,9300,4.6500000,293080,4650,18071.4844,26303.3125,-11.5134166991,26.0887303849,0,0,
9301,9301,4.6505000,293081,4651,18065.7148,26309.084,-13.899025694,29.8510113417,0,0,
9302,9302,4.6510000,293081,4651,18053.4551,26315.9355,-20.0135171585,34.1654470109,0,0,
9303,9303,4.6515000,293082,4652,18052.1309,26325.9121,-14.0477371258,39.6172934441,0,0,
9304,9304,4.6520000,293082,4652,18056.5801,26321.7031,-5.19258555627,31.2231802722,0,0,
9305,9305,4.6525000,293083,4653,18058.2617,26293.4551,-0.940452482959,3.65374806366,0,0,
9306,9306,4.6530000,293083,4653,18065.834,26245.0137,7.7921245448,-34.9491898398,0,0,
9307,9307,4.6535000,293084,4654,18072.0859,26220.7344,12.7051478121,-46.9389302217,0,0,
9308,9308,4.6540000,293084,4654,18076.1719,26226.2637,14.8871935356,-29.5498941515,0,0,
9309,9309,4.6545000,293085,4655,18079.5371,26251.0234,15.0239225768,3.96450354874,0,0,
9310,9310,4.6550000,293085,4655,18085.1875,26268.4531,19.9381684426,27.9296217436,0,0,
9311,9311,4.6555000,293086,4656,18087.832,26270.9785,20.0884489318,34.152716787,0,0,
9312,9312,4.6560000,293086,4656,18090.1152,26271.5781,18.9318507813,33.9761487124,0,0,
9313,9313,4.6565000,293087,4657,18098.4102,26275.3047,21.5850328913,33.0579288187,0,0,
9314,9314,4.6570000,293087,4657,18099.8535,26272.7812,18.7497321887,25.83529045,0,0,
9315,9315,4.6575000,293088,4658,18102.1367,26280.1152,15.6529137335,29.2067170541,0,0,
9316,9316,4.6580000,293088,4658,18099.3711,26278.3105,10.143050871,22.8300361894,0,0,
9317,9317,4.6585000,293089,4659,18103.5781,26270.1348,11.3137201728,9.54611605056,0,0,
9318,9318,4.6590000,293089,4659,18104.2988,26254.75,8.66475484652,-5.41024275981,0,0,
9319,9319,4.6595000,293090,4660,18104.0605,26245.1348,4.56500011399,-9.65669968056,0,0,
9320,9320,4.6600000,293090,4660,18106.9434,26241.4082,4.61124705007,-5.86158828377,0,0,
9321,9321,4.6605000,293091,4661,18109.9492,26245.6152,3.59775764467,1.07864888988,0,0,
9322,9322,4.6610000,293091,4661,18112.7129,26249.4609,3.10207830123,8.74236581719,0,0,
9323,9323,4.6615000,293092,4662,18108.2676,26252.709,-4.03170689989,15.6320279763,0,0,
9324,9324,4.6620000,293092,4662,18097.5684,26254.0293,-15.8744934796,18.6541654647,0,0,
9325,9325,4.6625000,293093,4663,18096.4863,26250.1816,-17.7435703898,14.47259828,0,0,
9326,9326,4.6630000,293093,4663,18095.5254,26247.6582,-19.4212696387,12.1402123521,0,0,
9327,9327,4.6635000,293094,4664,18093.9629,26245.4941,-20.8964362706,8.3447882105,0,0,
9328,9328,4.6640000,293094,4664,18094.082,26248.0176,-20.5052161198,9.68312999035,0,0,
9329,9329,4.6645000,293095,4665,18098.2891,26246.0957,-13.2298016579,6.0537189418,0,0,
9330,9330,4.6650000,293095,4665,18096.6074,26240.2051,-10.9384735761,-0.429725567468,0,0,
9331,9331,4.6655000,293096,4666,18098.6504,26243.6934,-6.24535417576,2.86454031171,0,0,
9332,9332,4.6660000,293096,4666,18096.0059,26246.6973,-7.00755422148,8.23277977549,0,0,
9333,9333,4.6665000,293097,4667,18096.6074,26246.3359,-7.17835130645,11.0120219385,0,0,
9334,9334,4.6670000,293097,4667,18099.1309,26246.9375,-5.42511511408,13.8131884246,0,0,
9335,9335,4.6675000,293098,4668,18108.5059,26247.6582,2.29214647398,10.0523298317,0,0,
9336,9336,4.6680000,293098,4668,18114.5176,26246.6973,5.84092961681,1.86949512909,0,0,
9337,9337,4.6685000,293099,4669,18123.7715,26246.3359,10.1497571283,-4.51585764288,0,0,
9338,9338,4.6690000,293099,4669,18132.4277,26246.5781,12.9515978244,-8.35835680686,0,0,
9339,9339,4.6695000,293100,4670,18140.3613,26245.9766,14.9762068225,-11.4595493859,0,0,
9340,9340,4.6700000,293100,4670,18164.7617,26248.6191,30.7733938555,-10.7130477646,0,0,
9341,9341,4.6705000,293101,4671,18197.3359,26248.0176,49.5813708203,-11.380628066,0,0,
9342,9342,4.6710000,293101,4671,18209.959,26242.9707,49.0435723646,-14.9422613112,0,0,
9343,9343,4.6715000,293102,4672,18202.0254,26240.6875,30.2456462011,-15.9300372062,0,0,
9344,9344,4.6720000,293102,4672,18188.9219,26240.4453,8.29761918853,-13.0753914604,0,0,
9345,9345,4.6725000,293103,4673,18180.748,26232.9941,-6.12400581589,-13.202409332,0,0,
9346,9346,4.6730000,293103,4673,18176.541,26227.4629,-15.374154434,-8.425753702,0,0,
9347,9347,4.6735000,293104,4674,18174.1387,26225.3027,-21.9604607626,-6.78082986932,0,0,
9348,9348,4.6740000,293104,4674,18173.7773,26224.459,-25.0183924086,-7.78037590072,0,0,
9349,9349,4.6745000,293105,4675,18173.8965,26235.877,-27.4033851724,0.734513614777,0,0,
9350,9350,4.6750000,293105,4675,18177.623,26250.9043,-23.9443836275,13.7657335488,0,0,
9351,9351,4.6755000,293106,4676,18174.0176,26252.5859,-27.1249115322,14.9889424258,0,0,
9352,9352,4.6760000,293106,4676,18172.0938,26249.4609,-28.3850292704,9.48499909035,0,0,
9353,9353,4.6765000,293107,4677,18168.3672,26248.5,-32.10387954,3.74543232232,0,0,
9354,9354,4.6770000,293107,4677,18164.5215,26251.2656,-32.7032099723,2.20511000645,0,0,
9355,9355,4.6775000,293108,4678,18169.209,26255.2324,-26.6836522127,1.43328480718,0,0,
9356,9356,4.6780000,293108,4678,18163.6797,26257.875,-27.5643665961,0.0989867420977,0,0,
9357,9357,4.6785000,293109,4679,18157.5488,26251.9863,-29.0820396768,-9.03719875164,0,0,
9358,9358,4.6790000,293109,4679,18154.5449,26242.4902,-26.8875190193,-16.731418356,0,0,
9359,9359,4.6795000,293110,4680,18153.4629,26238.7637,-23.4526680219,-16.6485358799,0,0,
9360,9360,4.6800000,293110,4680,18154.0645,26239.7266,-18.3538797748,-11.7946192173,0,0,
9361,9361,4.6805000,293111,4681,18157.1895,26239.8457,-12.3785750909,-11.8786096037,0,0,
9362,9362,4.6810000,293111,4681,18158.9922,26237.4434,-7.5093951954,-11.9099836085,0,0,
9363,9363,4.6815000,293112,4682,18158.3906,26231.0703,-4.47929837647,-13.8027453216,0,0,
9364,9364,4.6820000,293112,4682,18156.4668,26230.3496,-2.48330085012,-10.7681485648,0,0,
9365,9365,4.6825000,293113,4683,18158.3906,26225.1797,0.787221985455,-12.5307996124,0,0,
9366,9366,4.6830000,293113,4683,18162.5977,26217.7285,5.14227914839,-15.5465480812,0,0,
9367,9367,4.6835000,293114,4684,18169.5703,26221.4551,11.2517206486,-10.2414233754,0,0,
9368,9368,4.6840000,293114,4684,18175.459,26231.1895,15.019642721,-1.01555183912,0,0,
9369,9369,4.6845000,293115,4685,18176.7812,26242.8516,16.3522411359,8.04261142759,0,0,
9370,9370,4.6850000,293115,4685,18183.9941,26244.4141,23.8775029923,7.56225917286,0,0,
9371,9371,4.6855000,293116,4686,18192.7676,26240.3262,30.1058829248,1.75766113418,0,0,
9372,9372,4.6860000,293116,4686,18195.8945,26233.8359,30.2965922976,-2.19292983702,0,0,
9373,9373,4.6865000,293117,4687,18192.5293,26233.2344,22.4711856272,1.14316159398,0,0,
9374,9374,4.6870000,293117,4687,18182.3105,26238.1621,10.2596783155,8.23188203879,0,0,
9375,9375,4.6875000,293118,4688,18179.3066,26234.916,5.66408604321,2.66231743348,0,0,
9376,9376,4.6880000,293118,4688,18182.6719,26229.8691,7.82500367314,-5.75260459844,0,0,
9377,9377,4.6885000,293119,4689,18186.998,26225.541,9.03427737907,-11.9437975516,0,0,
9378,9378,4.6890000,293119,4689,18187.3594,26219.5312,6.97246916574,-17.3627849716,0,0,
9379,9379,4.6895000,293120,4690,18189.2832,26217.9688,7.27929733844,-17.0224168945,0,0,
9380,9380,4.6900000,293120,4690,18191.2051,26213.0391,5.89363842919,-19.0795342457,0,0,
9381,9381,4.6905000,293121,4691,18195.293,26214.7246,5.48191513477,-13.3070395468,0,0,
9382,9382,4.6910000,293121,4691,18192.6484,26211.1172,4.38913164815,-11.3679493762,0,0,
9383,9383,4.6915000,293122,4692,18192.4082,26211.7188,8.51177969049,-6.84870121419,0,0,
9384,9384,4.6920000,293122,4692,18191.9277,26210.2754,11.1280204797,-3.3987080563,0,0,
9385,9385,4.6925000,293123,4693,18192.2871,26215.2031,12.8725771497,8.56358380764,0,0,
9386,9386,4.6930000,293123,4693,18193.0098,26214.6035,13.3276740103,15.9888668605,0,0,
9387,9387,4.6935000,293124,4694,18192.8887,26214.2422,12.1449516989,17.5192398707,0,0,
9388,9388,4.6940000,293124,4694,18195.5332,26210.3965,13.3528168537,12.8435797847,0,0,
9389,9389,4.6945000,293125,4695,18194.5723,26207.1504,10.7779819661,6.98477045839,0,0,
9390,9390,4.6950000,293125,4695,18194.0918,26205.4688,10.1324888507,5.68951046098,0,0,
9391,9391,4.6955000,293126,4696,18194.5723,26204.625,11.2459745792,9.1017045268,0,0,
9392,9392,4.6960000,293126,4696,18195.0527,26205.5879,11.4024757369,12.3687229922,0,0,
9393,9393,4.6965000,293127,4697,18191.2051,26204.5059,6.85729429064,10.7703881698,0,0,
9394,9394,4.6970000,293127,4697,18190.9668,26202.9434,7.61038794824,8.69575231051,0,0,
9395,9395,4.6975000,293128,4698,18191.3262,26197.5332,6.43049238055,3.50688801022,0,0,
9396,9396,4.6980000,293128,4698,18195.1738,26193.6875,11.4736733111,1.36924058683,0,0,
9397,9397,4.6985000,293129,4699,18195.7734,26190.5625,12.0905629839,0.990598109727,0,0,
9398,9398,4.6990000,293129,4699,18198.418,26185.1543,13.6745514794,1.63976359399,0,0,
9399,9399,4.6995000,293130,4700,18207.1934,26180.9453,18.8501042169,3.4871276214,0,0,
9400,9400,4.7000000,293130,4700,18204.6699,26177.4609,13.4870614954,5.55795182006,0,0,
9401,9401,4.7005000,293131,4701,18201.7832,26173.8535,7.55241463954,4.62540166708,0,0,
9402,9402,4.7010000,293131,4701,18200.7012,26173.0137,4.73639577568,8.16355868275,0,0,
9403,9403,4.7015000,293132,4702,18205.8711,26175.6562,8.22500404693,15.4315476095,0,0,
9404,9404,4.7020000,293132,4702,18205.5098,26179.625,6.71781634132,21.1146214403,0,0,
9405,9405,4.7025000,293133,4703,18201.543,26179.625,0.288749794757,22.3193313029,0,0,
9406,9406,4.7030000,293133,4703,18192.2871,26177.0996,-9.9800786805,21.3152972471,0,0,
9407,9407,4.7035000,293134,4704,18190.0039,26177.8203,-12.869911265,19.6945175069,0,0,
9408,9408,4.7040000,293134,4704,18192.4082,26182.0293,-11.3864163628,19.8126001545,0,0,
9409,9409,4.7045000,293135,4705,18201.7832,26181.5469,-2.14480695579,15.5043358963,0,0,
9410,9410,4.7050000,293135,4705,18207.6738,26178.9043,2.815012595,12.0957520823,0,0,
9411,9411,4.7055000,293136,4706,18212.6035,26165.3203,4.88091787133,0.673300074893,0,0,
9412,9412,4.7060000,293136,4706,18212.4824,26159.4297,3.22153584685,0.212745421106,0,0,
9413,9413,4.7065000,293137,4707,18209.3574,26163.2754,-1.57348831716,8.08190864779,0,0,
9414,9414,4.7070000,293137,4707,18202.7461,26165.9219,-7.37063412612,12.3341808387,0,0,
9415,9415,4.7075000,293138,4708,18199.9805,26162.5547,-10.6075922482,8.37525040246,0,0,
9416,9416,4.7080000,293138,4708,18208.1543,26158.9473,-4.89556878151,3.13939192706,0,0,
9417,9417,4.7085000,293139,4709,18212.2422,26150.2949,-4.89542820115,-5.47867337548,0,0,
9418,9418,4.7090000,293139,4709,18217.291,26137.0723,-3.43321642003,-15.2469212719,0,0,
9419,9419,4.7095000,293140,4710,18227.1465,26125.6543,1.75855793417,-21.5467503064,0,0,
9420,9420,4.7100000,293140,4710,18235.9219,26116.3984,3.49284093712,-23.9341640116,0,0,
9421,9421,4.7105000,293141,4711,18233.998,26116.998,-5.25701099043,-17.237054058,0,0,
9422,9422,4.7110000,293141,4711,18230.6328,26125.7734,-8.8127815751,-3.10619347605,0,0,
9423,9423,4.7115000,293142,4712,18223.4199,26135.9902,-12.8439189324,8.15608096104,0,0,
9424,9424,4.7120000,293142,4712,18229.4316,26145.248,-5.75770614029,17.5248235445,0,0,
9425,9425,4.7125000,293143,4713,18229.5508,26145.0059,-5.82293455674,19.0013660686,0,0,
9426,9426,4.7130000,293143,4713,18226.7871,26147.1699,-9.26034016899,24.3772150812,0,0,
9427,9427,4.7135000,293144,4714,18226.1855,26145.125,-10.7614230706,21.111166008,0,0,
9428,9428,4.7140000,293144,4714,18221.7363,26146.6875,-15.4718163943,19.0859467113,0,0,
9429,9429,4.7145000,293145,4715,18220.0547,26144.2832,-16.7044289477,11.6364130787,0,0,
9430,9430,4.7150000,293145,4715,18221.6172,26142.7207,-14.0838881522,7.3402691417,0,0,
9431,9431,4.7155000,293146,4716,18217.0488,26139.2363,-16.1760284976,4.81069590665,0,0,
9432,9432,4.7160000,293146,4716,18207.7949,26140.0781,-21.9152370294,4.91684946311,0,0,
9433,9433,4.7165000,293147,4717,18203.3457,26140.4375,-22.4318021511,2.63112955256,0,0,
9434,9434,4.7170000,293147,4717,18202.0254,26137.7949,-19.2938969548,-2.12219174808,0,0,
9435,9435,4.7175000,293148,4718,18204.6699,26134.7891,-15.066550145,-6.14072518643,0,0,
9436,9436,4.7180000,293148,4718,18203.707,26128.0566,-12.2757569174,-12.2221309351,0,0,
9437,9437,4.7185000,293149,4719,18205.2695,26130.8223,-7.72561964533,-9.0988919809,0,0,
9438,9438,4.7190000,293149,4719,18201.6641,26129.7402,-8.67086521038,-7.28570448706,0,0,
9439,9439,4.7195000,293150,4720,18200.3418,26134.7891,-9.00665139432,-1.03427439527,0,0,
9440,9440,4.7200000,293150,4720,18198.1777,26135.2676,-7.88867274527,-0.149214242511,0,0,
9441,9441,4.7205000,293151,4721,18190.8457,26134.4277,-11.6791692518,-2.80752313737,0,0,
9442,9442,4.7210000,293151,4721,18191.0859,26130.8223,-8.04209236446,-6.29800130412,0,0,
9443,9443,4.7215000,293152,4722,18186.2773,26137.0723,-9.24630169325,-0.635487599034,0,0,
9444,9444,4.7220000,293152,4722,18194.4512,26137.5527,1.7668777341,-2.10310221645,0,0,
9445,9445,4.7225000,293153,4723,18212.7227,26135.75,17.770682454,-4.65035508688,0,0,
9446,9446,4.7230000,293153,4723,18224.502,26131.5449,25.4293140417,-8.12937325814,0,0,
9447,9447,4.7235000,293154,4724,18216.209,26129.1387,13.5428275853,-12.6242899096,0,0,
9448,9448,4.7240000,293154,4724,18208.9961,26122.0469,3.74856599302,-21.4799021858,0,0,
9449,9449,4.7245000,293155,4725,18204.6699,26116.3984,-1.15335931936,-26.7310469518,0,0,
9450,9450,4.7250000,293155,4725,18201.1836,26110.3887,-3.46206290655,-28.9452331684,0,0,
9451,9451,4.7255000,293156,4726,18201.7832,26106.541,-2.52188523171,-26.5342840445,0,0,
9452,9452,4.7260000,293156,4726,18208.9961,26100.6504,5.27657637712,-25.1477853702,0,0,
9453,9453,4.7265000,293157,4727,18219.334,26092.4766,13.8371565408,-26.8089060716,0,0,
9454,9454,4.7270000,293157,4727,18224.2617,26086.3457,17.4688952434,-26.6303379855,0,0,
9455,9455,4.7275000,293158,4728,18222.459,26087.9082,12.6581548818,-20.6513792848,0,0,
9456,9456,4.7280000,293158,4728,18214.6465,26093.3184,1.4403421109,-13.6652226635,0,0,
9457,9457,4.7285000,293159,4729,18208.9961,26097.7656,-6.19633135542,-7.95246643871,0,0,
9458,9458,4.7290000,293159,4729,18195.4121,26103.0547,-18.1575812176,-1.1947549053,0,0,
9459,9459,4.7295000,293160,4730,18193.25,26108.1035,-18.7741310633,3.58425030608,0,0,
9460,9460,4.7300000,293160,4730,18189.7637,26108.8262,-20.7926176134,3.86285930709,0,0,
9461,9461,4.7305000,293161,4731,18189.7637,26104.2578,-18.3372726894,-1.79333575953,0,0,
9462,9462,4.7310000,293161,4731,18191.3262,26095.9629,-10.6087909215,-9.2904225472,0,0,
9463,9463,4.7315000,293162,4732,18191.2051,26093.5605,-3.21651132497,-11.7404012475,0,0,
9464,9464,4.7320000,293162,4732,18198.418,26088.6309,6.35869433206,-14.3857318867,0,0,
9465,9465,4.7325000,293163,4733,18206.2324,26095.123,14.7746269791,-3.89883422732,0,0,
9466,9466,4.7330000,293163,4733,18206.9531,26098.3672,15.3436346764,3.74223486803,0,0,
9467,9467,4.7335000,293164,4734,18208.1543,26103.416,15.252028486,9.07902337183,0,0,
9468,9468,4.7340000,293164,4734,18213.5645,26094.5215,18.6313869092,-0.0333443531858,0,0,
9469,9469,4.7345000,293165,4735,18222.8184,26084.0625,23.8202279337,-9.61930951737,0,0,
9470,9470,4.7350000,293165,4735,18228.4688,26064.9512,24.7547158877,-23.0679638117,0,0,
9471,9471,4.7355000,293166,4736,18224.8633,26048.4844,19.0306736717,-28.6500977325,0,0,
9472,9472,4.7360000,293166,4736,18221.8574,26032.6172,14.8791735497,-33.4795174911,0,0,
9473,9473,4.7365000,293167,4737,18220.7754,26015.9082,11.8539559258,-38.4064968749,0,0,
9474,9474,4.7370000,293167,4737,18217.8906,26012.9043,7.66270993525,-29.9617332787,0,0,
9475,9475,4.7375000,293168,4738,18216.3281,26023.8418,3.01042007921,-10.726409229,0,0,
9476,9476,4.7380000,293168,4738,18222.0977,26033.0957,7.22198675233,4.7726646538,0,0,
9477,9477,4.7385000,293169,4739,18224.1426,26027.6875,6.97001583101,4.40807363932,0,0,
9478,9478,4.7390000,293169,4739,18229.9121,26021.9199,9.87753510851,6.69128324846,0,0,
9479,9479,4.7395000,293170,4740,18232.916,26015.1875,7.99553722328,6.94650730501,0,0,
9480,9480,4.7400000,293170,4740,18227.627,26013.7441,1.1013708067,12.2269150265,0,0,
9481,9481,4.7405000,293171,4741,18223.4199,26018.5527,-3.48629511317,20.233065124,0,0,
9482,9482,4.7410000,293171,4741,18223.3008,26022.8809,-4.99134417701,27.5669554198,0,0,
9483,9483,4.7415000,293172,4742,18229.4316,26013.2637,-0.642872470056,20.9504591746,0,0,
9484,9484,4.7420000,293172,4742,18231.1133,26002.8066,-2.02808079016,14.9472270412,0,0,
9485,9485,4.7425000,293173,4743,18233.5176,25997.1562,-5.17450352977,14.979412754,0,0,
9486,9486,4.7430000,293173,4743,18232.916,25997.2754,-8.86992771346,20.6388974786,0,0,
9487,9487,4.7435000,293174,4744,18230.3926,26008.8145,-11.1830508373,31.5867891997,0,0,
9488,9488,4.7440000,293174,4744,18233.6387,26017.3516,-9.17929872537,37.2381882392,0,0,
9489,9489,4.7445000,293175,4745,18237.6035,26032.7363,-6.86278625967,46.9642802794,0,0,
9490,9490,4.7450000,293175,4745,18237.3652,26041.873,-7.80082045149,50.6186633407,0,0,
9491,9491,4.7455000,293176,4746,18230.752,26040.7891,-14.806282049,45.6964035229,0,0,
9492,9492,4.7460000,293176,4746,18228.5879,26031.7754,-16.4565968277,35.3899453459,0,0,
9493,9493,4.7465000,293177,4747,18231.7148,26013.5059,-13.9093429404,18.2722793472,0,0,
9494,9494,4.7470000,293177,4747,18229.9121,26015.9082,-13.6336094659,19.9717926469,0,0,
9495,9495,4.7475000,293178,4748,18231.1133,26027.209,-11.2080200052,26.1149227785,0,0,
9496,9496,4.7480000,293178,4748,18233.998,26036.2207,-8.4950321428,26.9162693836,0,0,
9497,9497,4.7485000,293179,4749,18231.7148,26039.1074,-10.9225043955,22.5872065246,0,0,
9498,9498,4.7490000,293179,4749,18235.9219,26034.7812,-5.76744996469,13.5835832184,0,0,
9499,9499,4.7495000,293180,4750,18230.752,26024.6816,-11.3917154266,0.873890625459,0,0,
9500,9500,4.7500000,293180,4750,18234.3594,26018.9141,-9.07491365418,-5.37561554024,0,0,
9501,9501,4.7505000,293181,4751,18237.7246,26010.9785,-7.1425497367,-12.6003301668,0,0,
9502,9502,4.7510000,293181,4751,18247.4609,25999.6797,2.67783085805,-20.4404564018,0,0,
9503,9503,4.7515000,293182,4752,18252.2695,25994.2715,8.62380929199,-23.8310396054,0,0,
9504,9504,4.7520000,293182,4752,18250.2246,25990.3047,4.58095653931,-23.7945015745,0,0,
9505,9505,4.7525000,293183,4753,18247.4609,25987.4199,0.78977895114,-21.9849181532,0,0,
9506,9506,4.7530000,293183,4753,18242.0527,25985.9766,-3.42551490558,-17.1648523301,0,0,
9507,9507,4.7535000,293184,4754,18238.3262,25985.0156,-5.98391647183,-14.7333470915,0,0,
9508,9508,4.7540000,293184,4754,18232.0762,25982.252,-10.333189284,-13.3491922345,0,0,
9509,9509,4.7545000,293185,4755,18231.1133,25979.125,-10.1356977784,-12.9166341408,0,0,
9510,9510,4.7550000,293185,4755,18235.9219,25976.3613,-4.31374177863,-9.89731730118,0,0,
9511,9511,4.7555000,293186,4756,18239.166,25974.1973,2.03221192917,-5.27720803978,0,0,
9512,9512,4.7560000,293186,4756,18237.4844,25970.4707,3.4719503196,-4.12007943261,0,0,
9513,9513,4.7565000,293187,4757,18237.0039,25962.4199,4.64814826378,-7.51603035835,0,0,
9514,9514,4.7570000,293187,4757,18236.5215,25958.8125,5.93827661758,-8.57848618764,0,0,
9515,9515,4.7575000,293188,4758,18238.4453,25957.25,7.03673128505,-9.7282677793,0,0,
9516,9516,4.7580000,293188,4758,18240.6094,25951.4785,8.65283093359,-12.9534736481,0,0,
9517,9517,4.7585000,293189,4759,18242.1719,25946.3105,9.72888723135,-13.4301466452,0,0,
9518,9518,4.7590000,293189,4759,18239.5273,25946.4316,6.8194938279,-7.17399071535,0,0,
9519,9519,4.7595000,293190,4760,18235.6816,25937.0547,2.63932274727,-10.3183181694,0,0,
9520,9520,4.7600000,293190,4760,18227.5078,25934.4121,-1.48310984004,-7.61253794228,0,0,
9521,9521,4.7605000,293191,4761,18227.748,25933.3281,2.17913965919,-6.14914642445,0,0,
9522,9522,4.7610000,293191,4761,18228.4688,25934.8906,4.12366538629,-1.5469344623,0,0,
9523,9523,4.7615000,293192,4762,18228.1074,25933.209,4.31109842152,1.0512418535,0,0,
9524,9524,4.7620000,293192,4762,18226.4258,25928.0391,3.27308870974,0.55190206719,0,0,
9525,9525,4.7625000,293193,4763,18229.0703,25928.5215,3.90095888635,4.70361081401,0,0,
9526,9526,4.7630000,293193,4763,18232.5566,25920.709,6.68880495367,1.12458005742,0,0,
9527,9527,4.7635000,293194,4764,18235.4395,25920.709,10.5003129682,0.538903064373,0,0,
9528,9528,4.7640000,293194,4764,18233.5176,25921.4297,7.97786931198,0.88212265868,0,0,
9529,9529,4.7645000,293195,4765,18230.2715,25913.9766,4.7922710145,-6.36534534461,0,0,
9530,9530,4.7650000,293195,4765,18225.3438,25905.9219,2.05575156157,-10.1453067749,0,0,
9531,9531,4.7655000,293196,4766,18219.8145,25898.1094,-0.411643645512,-9.99297362895,0,0,
9532,9532,4.7660000,293196,4766,18217.6504,25884.4062,-0.114056274355,-12.2752476135,0,0,
9533,9533,4.7665000,293197,4767,18218.252,25872.627,1.11553714223,-11.1919429001,0,0,
9534,9534,4.7670000,293197,4767,18214.7656,25862.2891,1.3174054603,-12.8117624811,0,0,
9535,9535,4.7675000,293198,4768,18209.959,25865.8965,-0.313486603269,-5.44789429045,0,0,
9536,9536,4.7680000,293198,4768,18207.7949,25876.1113,-0.245009271485,5.14097637271,0,0,
9537,9537,4.7685000,293199,4769,18201.543,25889.8145,-2.94954899172,18.0639340446,0,0,
9538,9538,4.7690000,293199,4769,18199.5,25900.0332,-1.25558514303,27.3630701336,0,0,
9539,9539,4.7695000,293200,4770,18189.7637,25911.0918,-6.21355101152,35.7621215119,0,0,
9540,9540,4.7700000,293200,4770,18186.5176,25918.4238,-6.49172791386,38.7179406448,0,0,
9541,9541,4.7705000,293201,4771,18187.1191,25917.7031,-3.21423007133,33.9258014256,0,0,
9542,9542,4.7710000,293201,4771,18195.1738,25907.2441,6.98608300397,22.5708719616,0,0,
9543,9543,4.7715000,293202,4772,18202.5059,25892.5801,17.0827055937,6.93623046736,0,0,
9544,9544,4.7720000,293202,4772,18205.752,25888.0137,20.3445075926,3.07169315609,0,0,
9545,9545,4.7725000,293203,4773,18206.9531,25888.6152,21.2494640909,4.25809091151,0,0,
9546,9546,4.7730000,293203,4773,18212.3613,25893.1816,26.233210867,9.48244361557,0,0,
9547,9547,4.7735000,293204,4774,18226.7871,25895.4668,36.2582377717,9.80731030296,0,0,
9548,9548,4.7740000,293204,4774,18263.6895,25899.791,61.7551577452,12.2055292113,0,0,
9549,9549,4.7745000,293205,4775,18293.0176,25900.7559,73.2648092932,10.6148776165,0,0,
9550,9550,4.7750000,293205,4775,18293.3789,25900.875,57.1240428756,9.92823913315,0,0,
9551,9551,4.7755000,293206,4776,18277.0312,25896.9082,31.6750586505,6.8204640946,0,0,
9552,9552,4.7760000,293206,4776,18253.2305,25898.1094,5.22651459979,7.29297586178,0,0,
9553,9553,4.7765000,293207,4777,18231.834,25893.9043,-15.5518810598,2.93091835709,0,0,
9554,9554,4.7770000,293207,4777,18209.3574,25892.0996,-32.8980448363,-1.30993724883,0,0,
9555,9555,4.7775000,293208,4778,18204.3086,25890.6562,-34.3410828937,-6.67442349587,0,0,
9556,9556,4.7780000,293208,4778,18207.5527,25890.6562,-27.9939792708,-8.55334708321,0,0,
9557,9557,4.7785000,293209,4779,18209.5977,25897.3887,-23.1842971965,-3.7612720228,0,0,
9558,9558,4.7790000,293209,4779,18195.7734,25902.3184,-31.3982264194,-0.779118083708,0,0,
9559,9559,4.7795000,293210,4780,18190.2441,25905.3223,-31.3519714545,0.786860396275,0,0,
9560,9560,4.7800000,293210,4780,18186.8789,25905.5625,-26.2626429853,-1.96975871011,0,0,
9561,9561,4.7805000,293211,4781,18190.4844,25904.9609,-17.5004788377,-7.13626416044,0,0,
9562,9562,4.7810000,293211,4781,18194.0918,25902.916,-11.4608871495,-12.1880137693,0,0,
9563,9563,4.7815000,293212,4782,18201.0625,25905.2012,-4.02885700991,-11.1795426774,0,0,
9564,9564,4.7820000,293212,4782,18201.1836,25903.5176,-3.50914694917,-12.9424455412,0,0,
9565,9565,4.7825000,293213,4783,18195.6543,25894.8652,-10.0452639261,-20.9895620656,0,0,
9566,9566,4.7830000,293213,4783,18198.418,25894.502,-7.4163466181,-19.4475815526,0,0,
9567,9567,4.7835000,293214,4784,18196.9746,25895.4668,-6.88663572861,-21.5146300923,0,0,
9568,9568,4.7840000,293214,4784,18201.3027,25891.9785,-2.26050528998,-26.5483485309,0,0,
9569,9569,4.7845000,293215,4785,18203.5879,25888.252,-0.0441457188467,-29.9083805841,0,0,
9570,9570,4.7850000,293215,4785,18198.2988,25887.6504,-3.24887694941,-27.7188440531,0,0,
9571,9571,4.7855000,293216,4786,18197.2168,25884.7676,-2.24977914117,-25.2738585632,0,0,
9572,9572,4.7860000,293216,4786,18195.0527,25885.127,-3.36116367045,-17.7212685974,0,0,
9573,9573,4.7865000,293217,4787,18198.2988,25882.123,-1.46259126315,-13.6223206885,0,0,
9574,9574,4.7870000,293217,4787,18208.5156,25881.041,8.19014724948,-12.0239846726,0,0,
9575,9575,4.7875000,293218,4788,18210.5586,25886.3301,8.64016705084,-10.1021372971,0,0,
9576,9576,4.7880000,293218,4788,18218.1309,25881.2812,12.0002600543,-18.5561265177,0,0,
9577,9577,4.7885000,293219,4789,18219.4551,25885.127,10.2469550809,-17.1828136651,0,0,
9578,9578,4.7890000,293219,4789,18219.8145,25880.2012,7.19393502107,-20.665454785,0,0,
9579,9579,4.7895000,293220,4790,18214.8867,25877.5547,1.158493415,-20.7460160376,0,0,
9580,9580,4.7900000,293220,4790,18210.6777,25877.5547,-5.85694663471,-17.6600169536,0,0,
9581,9581,4.7905000,293221,4791,18208.9961,25879.5996,-10.1124327879,-11.6509994019,0,0,
9582,9582,4.7910000,293221,4791,18211.1602,25880.9219,-10.6163607711,-4.5657065779,0,0,
9583,9583,4.7915000,293222,4792,18215.127,25879.959,-7.48961870554,-1.82143374864,0,0,
9584,9584,4.7920000,293222,4792,18213.2031,25876.3535,-10.1826257993,-2.55060632577,0,0,
9585,9585,4.7925000,293223,4793,18210.1973,25878.2754,-12.6923530455,0.941015005745,0,0,
9586,9586,4.7930000,293223,4793,18207.5527,25876.1113,-14.0714336955,1.00737124229,0,0,
9587,9587,4.7935000,293224,4794,18203.4668,25878.0371,-18.3075069957,3.56188937898,0,0,
9588,9588,4.7940000,293224,4794,18200.4629,25876.2324,-24.2373724566,3.1059839067,0,0,
9589,9589,4.7945000,293225,4795,18202.2637,25871.9062,-24.7189728202,1.12894225832,0,0,
9590,9590,4.7950000,293225,4795,18197.9375,25867.0957,-25.1330307816,0.864077498889,0,0,
9591,9591,4.7955000,293226,4796,18198.1777,25864.0938,-16.6190870912,3.95253304426,0,0,
9592,9592,4.7960000,293226,4796,18200.1016,25865.6562,-6.06221392276,8.81473077798,0,0,
9593,9593,4.7965000,293227,4797,18196.0137,25866.377,-3.46253875927,13.0537377379,0,0,
9594,9594,4.7970000,293227,4797,18192.2871,25862.8906,-0.608982604395,10.8381383778,0,0,
9595,9595,4.7975000,293228,4798,18193.0098,25854.2363,0.937490731455,3.31560771393,0,0,
9596,9596,4.7980000,293228,4798,18195.8945,25855.3184,2.89375718278,6.2268110765,0,0,
9597,9597,4.7985000,293229,4799,18199.0195,25857.9609,5.11069982196,9.68010721691,0,0,
9598,9598,4.7990000,293229,4799,18202.5059,25860.7266,10.0764900308,13.5902330078,0,0,
9599,9599,4.7995000,293230,4800,18207.0723,25862.4082,13.0058235675,16.9984715465,0,0,
9600,9600,4.8000000,293230,4800,18206.9531,25857.7207,13.2187936185,13.8460053946,0,0,
9601,9601,4.8005000,293231,4801,18208.2754,25852.6738,12.0476609734,9.58003208074,0,0,
9602,9602,4.8010000,293231,4801,18204.7891,25839.3301,5.9653643456,0.15185004786,0,0,
9603,9603,4.8015000,293232,4802,18207.5527,25836.6875,5.19063828557,2.09034114915,0,0,
9604,9604,4.8020000,293232,4802,18204.1875,25828.6328,0.678897539655,0.777236902283,0,0,
9605,9605,4.8025000,293233,4803,18203.707,25829.8359,-1.63780879428,7.85141631992,0,0,
9606,9606,4.8030000,293233,4803,18205.1504,25832.7188,-2.44557610407,14.6427325925,0,0,
9607,9607,4.8035000,293234,4804,18206.7129,25836.9277,-0.903376487294,17.3833755001,0,0,
9608,9608,4.8040000,293234,4804,18209.4766,25839.8125,-0.0562626374007,19.2150051821,0,0,
9609,9609,4.8045000,293235,4805,18208.1543,25847.625,-2.20980074542,25.0232621285,0,0,
9610,9610,4.8050000,293235,4805,18208.1543,25853.7559,-0.65267817953,29.1143499178,0,0,
9611,9611,4.8055000,293236,4806,18212.1211,25857.7207,3.26191310614,32.3301431576,0,0,
9612,9612,4.8060000,293236,4806,18206.1113,25862.4082,-2.32960675496,36.5286475698,0,0,
9613,9613,4.8065000,293237,4807,18204.9082,25868.1797,-5.0403355798,41.0789857954,0,0,
9614,9614,4.8070000,293237,4807,18203.4668,25869.1406,-6.40885119251,37.0313586128,0,0,
9615,9615,4.8075000,293238,4808,18203.8262,25873.2285,-4.93668445972,30.7783842892,0,0,
9616,9616,4.8080000,293238,4808,18201.4238,25870.584,-7.68151551582,19.9024144738,0,0,
9617,9617,4.8085000,293239,4809,18201.9043,25855.7988,-5.57636950137,-0.0400926605729,0,0,
9618,9618,4.8090000,293239,4809,18198.418,25855.6777,-7.14611476086,-1.21698606363,0,0,
9619,9619,4.8095000,293240,4810,18195.7734,25851.4707,-5.84964283115,-5.55389894458,0,0,
9620,9620,4.8100000,293240,4810,18191.3262,25855.1973,-8.1894004828,-2.64783622442,0,0,
9621,9621,4.8105000,293241,4811,18188.5605,25852.6738,-9.32891641727,-4.59298693568,0,0,
9622,9622,4.8110000,293241,4811,18191.9277,25853.7559,-5.79319063562,-1.17257609192,0,0,
9623,9623,4.8115000,293242,4812,18190.8457,25851.3516,-4.95525742533,-2.00764055241,0,0,
9624,9624,4.8120000,293242,4812,18189.4043,25852.9141,-3.70718659939,0.082374636625,0,0,
9625,9625,4.8125000,293243,4813,18189.1621,25854.7168,-0.940140469611,0.450993786617,0,0,
9626,9626,4.8130000,293243,4813,18183.9941,25858.3223,-2.35973807423,3.03837455764,0,0,
9627,9627,4.8135000,293244,4814,18189.043,25857.4824,3.50691263033,-0.106090329468,0,0,
9628,9628,4.8140000,293244,4814,18185.6777,25856.2793,-1.52326575797,-2.17226588363,0,0,
9629,9629,4.8145000,293245,4815,18187.7207,25853.0332,-1.76993630258,-4.96089779934,0,0,
9630,9630,4.8150000,293245,4815,18184.5957,25852.1934,-1.33399339812,-4.04069163051,0,0,
9631,9631,4.8155000,293246,4816,18186.5176,25848.1074,6.29417431981,-4.99979018423,0,0,
9632,9632,4.8160000,293246,4816,18190.125,25848.3457,15.1967598514,-4.26626236742,0,0,
9633,9633,4.8165000,293247,4817,18193.4902,25850.0293,22.0964493699,-1.70878360924,0,0,
9634,9634,4.8170000,293247,4817,18195.7734,25850.9902,26.7422651971,-1.44657980975,0,0,
9635,9635,4.8175000,293248,4818,18205.3906,25850.5098,31.7745461508,-2.97801804003,0,0,
9636,9636,4.8180000,293248,4818,18208.2754,25852.0723,28.6773590206,-3.55248720516,0,0,
9637,9637,4.8185000,293249,4819,18214.2852,25850.2676,28.5328304276,-7.32288584405,0,0,
9638,9638,4.8190000,293249,4819,18204.3086,25852.5527,17.3045815257,-6.35049783502,0,0,
9639,9639,4.8195000,293250,4820,18196.2559,25859.7656,7.9268084903,-0.56394456513,0,0,
9640,9640,4.8200000,293250,4820,18190.7246,25863.7324,4.54291082997,1.80279337762,0,0,
9641,9641,4.8205000,293251,4821,18185.6777,25864.6934,0.120736418256,-0.021531118335,0,0,
9642,9642,4.8210000,293251,4821,18190.4844,25860.125,4.49801449675,-4.29400196839,0,0,
9643,9643,4.8215000,293252,4822,18198.2988,25853.5156,8.70803051946,-10.7532818229,0,0,
9644,9644,4.8220000,293252,4822,18201.543,25838.127,10.1714653666,-21.1179352292,0,0,
9645,9645,4.8225000,293253,4823,18207.7949,25826.8301,12.2876469574,-27.1113292969,0,0,
9646,9646,4.8230000,293253,4823,18206.4707,25825.0254,6.8743404413,-24.4636158702,0,0,
9647,9647,4.8235000,293254,4824,18201.4238,25825.1465,0.950683144406,-23.6268996208,0,0,
9648,9648,4.8240000,293254,4824,18199.9805,25827.3105,-2.27227479928,-20.0834075218,0,0,
9649,9649,4.8245000,293255,4825,18197.3359,25828.752,-4.80075541488,-17.8819167762,0,0,
9650,9650,4.8250000,293255,4825,18195.5332,25834.041,-4.59193167366,-11.575250584,0,0,
9651,9651,4.8255000,293256,4826,18184.8359,25835.002,-12.6240552562,-7.77964273013,0,0,
9652,9652,4.8260000,293256,4826,18174.1387,25836.3262,-17.7203624226,-3.19229947732,0,0,
9653,9653,4.8265000,293257,4827,18174.1387,25827.791,-15.3415100075,-6.81944921106,0,0,
9654,9654,4.8270000,293257,4827,18177.3828,25828.6328,-9.74818495213,-3.68060511633,0,0,
9655,9655,4.8275000,293258,4828,18179.3066,25830.0762,-5.61902885151,-4.89523829488,0,0,
9656,9656,4.8280000,293258,4828,18182.6719,25831.877,-2.00488356299,-4.16911750497,0,0,
9657,9657,4.8285000,293259,4829,18179.9082,25833.4395,-3.01430603623,-2.42722524866,0,0,
9658,9658,4.8290000,293259,4829,18178.9453,25830.1953,-1.81899127805,-4.74577935131,0,0,
9659,9659,4.8295000,293260,4830,18180.9902,25832.5996,2.82058085341,-1.29434609516,0,0,
9660,9660,4.8300000,293260,4830,18177.9844,25829.5938,1.05412555546,-4.13755317519,0,0,
9661,9661,4.8305000,293261,4831,18183.3926,25835.9668,5.43574529556,2.90623462207,0,0,
9662,9662,4.8310000,293261,4831,18189.4043,25846.3027,7.70759400371,12.7962837536,0,0,
9663,9663,4.8315000,293262,4832,18192.168,25860.125,8.55127256286,23.3201000114,0,0,
9664,9664,4.8320000,293262,4832,18197.3359,25863.373,11.5269898395,21.8239759939,0,0,
9665,9665,4.8325000,293263,4833,18205.0293,25864.5723,15.9345135139,17.3279494176,0,0,
9666,9666,4.8330000,293263,4833,18220.416,25860.0059,26.1997481586,9.1164709153,0,0,
9667,9667,4.8335000,293264,4834,18230.2715,25849.0684,26.5256737325,-3.31294512229,0,0,
9668,9668,4.8340000,293264,4834,18222.6992,25835.8438,10.9941148169,-14.3932030794,0,0,
9669,9669,4.8345000,293265,4835,18220.8965,25820.5781,1.24452671305,-23.8855371899,0,0,
9670,9670,4.8350000,293265,4835,18220.6562,25811.5645,-1.07056345005,-25.4092366085,0,0,
9671,9671,4.8355000,293266,4836,18217.4102,25812.4062,-3.9860633185,-16.859363895,0,0,
9672,9672,4.8360000,293266,4836,18215.6074,25810.123,-4.50160854783,-14.3720114001,0,0,
9673,9673,4.8365000,293267,4837,18211.4004,25809.5215,-6.87876489175,-10.215390774,0,0,
9674,9674,4.8370000,293267,4837,18210.9199,25812.8848,-5.47200657163,-4.14731882468,0,0,
9675,9675,4.8375000,293268,4838,18208.6348,25811.4434,-10.4310210725,-3.08795054336,0,0,
9676,9676,4.8380000,293268,4838,18212.8418,25804.2324,-8.99762754263,-7.76064573506,0,0,
9677,9677,4.8385000,293269,4839,18212.3613,25804.4707,-11.8577780514,-5.0929134521,0,0,
9678,9678,4.8390000,293269,4839,18207.5527,25817.9355,-13.1069424672,7.83540293095,0,0,
9679,9679,4.8395000,293270,4840,18199.9805,25824.666,-17.7856066069,12.8091525209,0,0,
9680,9680,4.8400000,293270,4840,18196.375,25838.4902,-16.7268658821,23.2859775265,0,0,
9681,9681,4.8405000,293271,4841,18198.0566,25841.9746,-13.0670815628,22.6139784945,0,0,
9682,9682,4.8410000,293271,4841,18199.5,25839.0918,-11.7732273996,18.904972336,0,0,
9683,9683,4.8415000,293272,4842,18205.752,25831.998,-8.50416558066,11.4923566191,0,0,
9684,9684,4.8420000,293272,4842,18209.7168,25825.5078,-5.31575347198,8.71996093399,0,0,
9685,9685,4.8425000,293273,4843,18206.4707,25823.2246,-10.0028434427,8.05024025062,0,0,
9686,9686,4.8430000,293273,4843,18200.582,25822.1406,-15.0709590859,6.2608055849,0,0,
9687,9687,4.8435000,293274,4844,18200.7012,25814.8105,-12.1274791088,-3.25119566936,0,0,
9688,9688,4.8440000,293274,4844,18201.6641,25808.0781,-10.4602937996,-10.0523645925,0,0,
9689,9689,4.8445000,293275,4845,18204.9082,25797.8613,-6.04002862252,-18.3408361444,0,0,
9690,9690,4.8450000,293275,4845,18206.3516,25793.6543,-2.72878381564,-19.5204432863,0,0,
9691,9691,4.8455000,293276,4846,18203.4668,25796.6582,-2.87617398848,-11.9165123455,0,0,
9692,9692,4.8460000,293276,4846,18197.457,25790.2891,-4.52278967027,-12.2260577012,0,0,
9693,9693,4.8465000,293277,4847,18189.6426,25782.3535,-10.9109706281,-11.3263749368,0,0,
9694,9694,4.8470000,293277,4847,18178.7051,25789.5684,-18.2210351634,-0.910676215606,0,0,
9695,9695,4.8475000,293278,4848,18174.1387,25805.4355,-17.9134154906,11.0326174252,0,0,
9696,9696,4.8480000,293278,4848,18171.6133,25813.8496,-16.5786242791,15.4801691085,0,0,
9697,9697,4.8485000,293279,4849,18169.5703,25813.248,-12.8686680224,12.5880697203,0,0,
9698,9698,4.8490000,293279,4849,18171.6133,25815.8906,-6.09106600267,13.5316062549,0,0,
9699,9699,4.8495000,293280,4850,18174.9785,25818.7754,1.18134829599,13.8323063872,0,0,
9700,9700,4.8500000,293280,4850,18174.2578,25838.7285,3.62106791763,27.3918549585,0,0,
9701,9701,4.8505000,293281,4851,18173.2949,25854.8359,3.34737676677,34.3883440419,0,0,
9702,9702,4.8510000,293281,4851,18177.9844,25863.25,6.40276644367,33.2350716129,0,0,
9703,9703,4.8515000,293282,4852,18181.2285,25867.6973,9.71744878512,27.7465742131,0,0,
9704,9704,4.8520000,293282,4852,18188.3223,25866.6172,15.5140366991,19.1318948648,0,0,
9705,9705,4.8525000,293283,4853,18192.4082,25864.5723,17.3939081988,10.2583002028,0,0,
9706,9706,4.8530000,293283,4853,18202.3848,25862.4082,22.9112745208,3.91795099468,0,0,
9707,9707,4.8535000,293284,4854,18216.8105,25857.8418,29.2435223624,-2.72426986192,0,0,
9708,9708,4.8540000,293284,4854,18219.9355,25866.2559,26.7395815292,3.18171267998,0,0,
9709,9709,4.8545000,293285,4855,18219.6934,25871.6641,19.3697136653,6.17247112807,0,0,
9710,9710,4.8550000,293285,4855,18230.2715,25867.6973,25.0876851278,0.0783322219891,0,0,
9711,9711,4.8555000,293286,4856,18238.9277,25863.6113,29.3257069521,-5.78857819425,0,0,
9712,9712,4.8560000,293286,4856,18237.8457,25865.6562,24.6176201057,-7.02268952868,0,0,
9713,9713,4.8565000,293287,4857,18231.7148,25863.0098,16.6268295167,-11.8625162348,0,0,
9714,9714,4.8570000,293287,4857,18228.9492,25864.4531,12.1334122165,-13.7571079275,0,0,
9715,9715,4.8575000,293288,4858,18223.4199,25860.125,2.57721553793,-19.2320830113,0,0,
9716,9716,4.8580000,293288,4858,18221.8574,25856.3984,-3.05070813476,-22.8952618753,0,0,
9717,9717,4.8585000,293289,4859,18218.252,25862.1699,-8.73142078374,-19.0648603951,0,0,
9718,9718,4.8590000,293289,4859,18210.5586,25868.1797,-12.2935200432,-17.8719414525,0,0,
9719,9719,4.8595000,293290,4860,18202.2637,25866.8574,-16.3103286617,-21.5056454026,0,0,
9720,9720,4.8600000,293290,4860,18199.3809,25870.7031,-14.5023846847,-20.4283019891,0,0,
9721,9721,4.8605000,293291,4861,18201.0625,25871.1855,-11.3767951731,-20.5912460027,0,0,
9722,9722,4.8610000,293291,4861,18200.2207,25871.3047,-11.9998995842,-17.7777627154,0,0,
9723,9723,4.8615000,293292,4862,18204.0684,25869.9824,-10.7701193364,-16.2554104008,0,0,
9724,9724,4.8620000,293292,4862,18207.1934,25865.1738,-7.98971972379,-15.3491038876,0,0,
9725,9725,4.8625000,293293,4863,18204.7891,25865.8965,-10.0839815122,-11.9060672653,0,0,
9726,9726,4.8630000,293293,4863,18211.1602,25866.2559,-3.55620193663,-11.0375458957,0,0,
9727,9727,4.8635000,293294,4864,18210.1973,25865.8965,-3.64130071568,-11.981450033,0,0,
9728,9728,4.8640000,293294,4864,18211.4004,25862.7715,-3.33624607188,-14.5616740314,0,0,
9729,9729,4.8645000,293295,4865,18212.9629,25861.4473,-2.30933655867,-14.4569347611,0,0,
9730,9730,4.8650000,293295,4865,18210.3184,25855.6777,-3.68906985618,-18.3897015123,0,0,
9731,9731,4.8655000,293296,4866,18209.1152,25853.3926,-2.38135423878,-17.6365324722,0,0,
9732,9732,4.8660000,293296,4866,18207.0723,25851.4707,-0.730580019064,-14.0673018428,0,0,
9733,9733,4.8665000,293297,4867,18208.7559,25848.5859,0.927204848144,-9.62863669338,0,0,
9734,9734,4.8670000,293297,4867,18209.3574,25840.0527,1.9241875496,-14.9886235793,0,0,
9735,9735,4.8675000,293298,4868,18205.1504,25838.4902,-1.76867681568,-17.3946260555,0,0,
9736,9736,4.8680000,293298,4868,18207.6738,25837.2871,-0.452623972537,-16.4316786451,0,0,
9737,9737,4.8685000,293299,4869,18205.2695,25841.6152,-2.03655961603,-8.27993470428,0,0,
9738,9738,4.8690000,293299,4869,18199.7402,25857,-6.4030531224,7.79911018414,0,0,
9739,9739,4.8695000,293300,4870,18191.9277,25872.3848,-11.4743551065,20.5033755008,0,0,
9740,9740,4.8700000,293300,4870,18183.3926,25887.7734,-15.4284825808,27.6598588123,0,0,
9741,9741,4.8705000,293301,4871,18179.666,25899.3125,-16.0519102891,30.470172496,0,0,
9742,9742,4.8710000,293301,4871,18176.9023,25901.9551,-17.4232961637,26.6024679733,0,0,
9743,9743,4.8715000,293302,4872,18174.7383,25900.9941,-15.7897120588,20.467597652,0,0,
9744,9744,4.8720000,293302,4872,18171.9746,25903.8809,-15.1061600219,20.1047281241,0,0,
9745,9745,4.8725000,293303,4873,18170.6504,25906.4043,-12.6079684964,18.987315683,0,0,
9746,9746,4.8730000,293303,4873,18170.5312,25907.9668,-10.5838778335,18.1610092447,0,0,
9747,9747,4.8735000,293304,4874,18170.6504,25910.1309,-10.142202101,18.7109826117,0,0,
9748,9748,4.8740000,293304,4874,18163.3184,25909.7676,-11.8870136547,15.508918225,0,0,
9749,9749,4.8745000,293305,4875,18166.5645,25905.3223,-5.43216740332,10.7224557595,0,0,
9750,9750,4.8750000,293305,4875,18169.0879,25911.2109,0.408599270592,16.1829233127,0,0,
9751,9751,4.8755000,293306,4876,18171.6133,25905.8027,7.06171324474,10.7852135483,0,0,
9752,9752,4.8760000,293306,4876,18177.1426,25885.0078,16.872991276,-8.11487876666,0,0,
9753,9753,4.8765000,293307,4877,18175.8203,25842.4551,20.3620942519,-39.7282928117,0,0,
9754,9754,4.8770000,293307,4877,18183.873,25802.6699,29.7420606082,-63.6033715596,0,0,
9755,9755,4.8775000,293308,4878,18212.6035,25803.8691,51.3398459228,-46.734553418,0,0,
9756,9756,4.8780000,293308,4878,18245.0566,25821.4219,69.3921602025,-18.7171156708,0,0,
9757,9757,4.8785000,293309,4879,18253.4707,25840.291,63.9699068205,3.18283020135,0,0,
9758,9758,4.8790000,293309,4879,18241.2109,25848.3457,45.6755771741,10.5696467351,0,0,
9759,9759,4.8795000,293310,4880,18232.4355,25857.7207,32.1983151159,19.8522316469,0,0,
9760,9760,4.8800000,293310,4880,18227.627,25858.5625,23.2098350985,19.2154583182,0,0,
9761,9761,4.8805000,293311,4881,18223.1797,25857.9609,13.0914579231,19.1783026894,0,0,
9762,9762,4.8810000,293311,4881,18214.6465,25858.5625,0.58500913714,22.462884133,0,0,
9763,9763,4.8815000,293312,4882,18207.9141,25858.4434,-10.8124322986,24.7447020168,0,0,
9764,9764,4.8820000,293312,4882,18205.1504,25862.4082,-14.9193445149,32.0045597312,0,0,
9765,9765,4.8825000,293313,4883,18204.4277,25857.8418,-15.5875780496,28.0743551313,0,0,
9766,9766,4.8830000,293313,4883,18207.9141,25866.1348,-13.3030212662,33.5325713041,0,0,
9767,9767,4.8835000,293314,4884,18215.127,25860.2441,-6.77762912589,25.1023446249,0,0,
9768,9768,4.8840000,293314,4884,18219.4551,25828.6328,-5.41362779247,-2.16242524344,0,0,
9769,9769,4.8845000,293315,4885,18215.8477,25783.7969,-10.5135505566,-34.4910569946,0,0,
9770,9770,4.8850000,293315,4885,18212.002,25749.4199,-13.1886492317,-51.0240502012,0,0,
9771,9771,4.8855000,293316,4886,18210.9199,25753.8672,-12.3295538849,-31.7699683063,0,0,
9772,9772,4.8860000,293316,4886,18210.4395,25778.2676,-9.97016058521,2.45517894215,0,0,
9773,9773,4.8865000,293317,4887,18212.1211,25787.5234,-9.05513198538,19.7531177758,0,0,
9774,9774,4.8870000,293317,4887,18212.7227,25791.4902,-8.55618679086,26.4749044024,0,0,
9775,9775,4.8875000,293318,4888,18218.6113,25796.5391,-3.56329685586,28.0008186125,0,0,
9776,9776,4.8880000,293318,4888,18228.8301,25804.9531,1.79923141827,33.1664767425,0,0,
9777,9777,4.8885000,293319,4889,18237.3652,25813.6074,6.39087067705,37.9797612055,0,0,
9778,9778,4.8890000,293319,4889,18242.291,25827.9121,6.86093545433,44.0872773409,0,0,
9779,9779,4.8895000,293320,4890,18244.4551,25832.1191,5.13354210672,39.7731167454,0,0,
9780,9780,4.8900000,293320,4890,18240.3691,25831.3984,-1.16320050104,29.2332454869,0,0,
9781,9781,4.8905000,293321,4891,18237.3652,25831.1562,-7.7094745613,21.5404696636,0,0,
9782,9782,4.8910000,293321,4891,18236.1621,25839.0918,-13.4021328382,24.0519018532,0,0,
9783,9783,4.8915000,293322,4892,18242.8926,25837.166,-10.2286623498,18.3109398882,0,0,
9784,9784,4.8920000,293322,4892,18245.2969,25833.2012,-11.5659856326,12.2736311906,0,0,
9785,9785,4.8925000,293323,4893,18250.2246,25825.8672,-10.5804791053,4.12846306066,0,0,
9786,9786,4.8930000,293323,4893,18254.4316,25820.459,-11.6813088886,-0.108617531109,0,0,
9787,9787,4.8935000,293324,4894,18254.1934,25820.7012,-17.5884254097,1.51864212058,0,0,
9788,9788,4.8940000,293324,4894,18259.7207,25811.4434,-13.5485154756,-5.70954691317,0,0,
9789,9789,4.8945000,293325,4895,18262.0059,25793.7734,-15.4748862179,-16.6864506186,0,0,
9790,9790,4.8950000,293325,4895,18265.4902,25777.4277,-15.109275604,-25.1105761209,0,0,
9791,9791,4.8955000,293326,4896,18265.9727,25768.7715,-15.72986036,-23.8404040707,0,0,
9792,9792,4.8960000,293326,4896,18263.3281,25774.6621,-17.5256240096,-9.85176391475,0,0,
9793,9793,4.8965000,293327,4897,18252.8691,25781.752,-22.9239699432,6.65015660633,0,0,
9794,9794,4.8970000,293327,4897,18251.5488,25788.6035,-21.6847592417,17.6267612109,0,0,
9795,9795,4.8975000,293328,4898,18254.1934,25798.2207,-22.2301834818,22.5502836947,0,0,
9796,9796,4.8980000,293328,4898,18256.3555,25816.1328,-24.3209381482,29.7627124494,0,0,
9797,9797,4.8985000,293329,4899,18263.0879,25832.8379,-17.1938765355,31.4887278809,0,0,
9798,9798,4.8990000,293329,4899,18270.2988,25838.3691,-4.02110058017,23.1595621852,0,0,
9799,9799,4.8995000,293330,4900,18278.3535,25835.2441,6.42049303189,10.0340569348,0,0,
9800,9800,4.9000000,293330,4900,18276.9102,25838.25,6.04938047651,4.17703482842,0,0,
9801,9801,4.9005000,293331,4901,18275.3477,25835.4844,3.56337306508,-4.21657705086,0,0,
9802,9802,4.9010000,293331,4901,18279.6758,25838.0078,6.52912571592,-5.45349855305,0,0,
9803,9803,4.9015000,293332,4902,18279.916,25841.2559,3.2572868995,-5.91114104952,0,0,
9804,9804,4.9020000,293332,4902,18284.3633,25842.6953,4.8768717049,-6.99981768535,0,0,
9805,9805,4.9025000,293333,4903,18288.8105,25845.9434,6.55866921744,-7.46503201237,0,0,
9806,9806,4.9030000,293333,4903,18292.1758,25838.7285,5.76836852448,-19.9449836804,0,0,
9807,9807,4.9035000,293334,4904,18296.3828,25824.666,6.46073610108,-34.0769635417,0,0,
9808,9808,4.9040000,293334,4904,18298.666,25801.4668,4.71257508548,-47.996710148,0,0,
9809,9809,4.9045000,293335,4905,18299.9902,25786.2012,4.06353291089,-50.1699883343,0,0,
9810,9810,4.9050000,293335,4905,18296.5039,25783.916,0.991927811405,-42.5771652182,0,0,
9811,9811,4.9055000,293336,4906,18288.8105,25788.0059,-4.67798001869,-37.3619764888,0,0,
9812,9812,4.9060000,293336,4906,18276.3105,25791.0098,-12.1059678468,-35.6470089277,0,0,
9813,9813,4.9065000,293337,4907,18272.1035,25790.4082,-13.5536250067,-33.0084933609,0,0,
9814,9814,4.9070000,293337,4907,18276.6699,25792.6934,-6.53542054717,-29.6467738869,0,0,
9815,9815,4.9075000,293338,4908,18276.791,25794.0156,-4.75726943245,-31.2064322095,0,0,
9816,9816,4.9080000,293338,4908,18269.459,25804.2324,-11.3557894631,-24.2866036167,0,0,
9817,9817,4.9085000,293339,4909,18262.0059,25818.2949,-14.5322690243,-14.7061238026,0,0,
9818,9818,4.9090000,293339,4909,18265.7324,25820.3379,-6.90883510364,-18.9210739811,0,0,
9819,9819,4.9095000,293340,4910,18265.0098,25820.2188,-3.09141043138,-22.47350677,0,0,
9820,9820,4.9100000,293340,4910,18265.8516,25818.7754,3.01066372883,-27.1910067573,0,0,
9821,9821,4.9105000,293341,4911,18272.9434,25815.1699,11.330185969,-31.6253257046,0,0,
9822,9822,4.9110000,293341,4911,18280.3965,25816.0098,16.6701961953,-30.3709020265,0,0,
9823,9823,4.9115000,293342,4912,18282.6797,25819.377,16.5145377793,-24.5647404608,0,0,
9824,9824,4.9120000,293342,4912,18273.9043,25818.6562,7.85163996598,-21.8252326588,0,0,
9825,9825,4.9125000,293343,4913,18267.4141,25824.5469,2.46509803172,-13.4501369545,0,0,
9826,9826,4.9130000,293343,4913,18258.2793,25824.7871,-4.65882073938,-10.4851436177,0,0,
9827,9827,4.9135000,293344,4914,18258.8809,25827.4297,-2.56288696006,-6.31364686327,0,0,
9828,9828,4.9140000,293344,4914,18259.4824,25822.2637,1.73846011399,-8.02123700108,0,0,
9829,9829,4.9145000,293345,4915,18252.75,25815.0488,-1.97080610604,-8.0691047656,0,0,
9830,9830,4.9150000,293345,4915,18254.1934,25812.0449,2.47987607886,-5.31673159382,0,0,
9831,9831,4.9155000,293346,4916,18250.4668,25814.3281,3.78888069488,1.316941989,0,0,
9832,9832,4.9160000,293346,4916,18247.4609,25820.7012,7.06775745523,8.38466176917,0,0,
9833,9833,4.9165000,293347,4917,18245.2969,25831.7578,13.5744743755,20.9725976093,0,0,
9834,9834,4.9170000,293347,4917,18240.7285,25831.3984,13.7479810543,20.2020723187,0,0,
9835,9835,4.9175000,293348,4918,18238.2051,25827.791,10.8979253677,11.7796144196,0,0,
9836,9836,4.9180000,293348,4918,18229.791,25818.5371,2.74213589514,-3.19343709295,0,0,
9837,9837,4.9185000,293349,4919,18224.0215,25818.2949,1.5613710295,-9.32005117995,0,0,
9838,9838,4.9190000,293349,4919,18218.0117,25816.373,6.00264860996,-13.178879008,0,0,
9839,9839,4.9195000,293350,4920,18213.4434,25811.8047,10.1023080827,-15.3853497821,0,0,
9840,9840,4.9200000,293350,4920,18208.6348,25817.9355,14.1287291471,-8.67452914143,0,0,
9841,9841,4.9205000,293351,4921,18213.6836,25823.584,23.8117195429,-1.06461030864,0,0,
9842,9842,4.9210000,293351,4921,18218.373,25813.127,30.4050087739,-7.15404517512,0,0,
9843,9843,4.9215000,293352,4922,18216.4492,25795.2168,28.9436915297,-17.4222310552,0,0,
9844,9844,4.9220000,293352,4922,18225.9453,25792.8125,36.6704105896,-11.2645927265,0,0,
9845,9845,4.9225000,293353,4923,18240.9707,25803.1504,47.1677257519,3.76443754539,0,0,
9846,9846,4.9230000,293353,4923,18254.0723,25818.5371,52.5042296376,19.3609621533,0,0,
9847,9847,4.9235000,293354,4924,18259.7207,25827.6719,50.2563833375,29.2414203367,0,0,
9848,9848,4.9240000,293354,4924,18272.9434,25821.6621,53.3287846758,29.9614329881,0,0,
9849,9849,4.9245000,293355,4925,18288.0898,25813.6074,57.6109775198,29.0310488613,0,0,
9850,9850,4.9250000,293355,4925,18297.3457,25801.709,56.8501753426,21.4422607062,0,0,
9851,9851,4.9255000,293356,4926,18283.7617,25791.3691,37.2519890501,10.2644334636,0,0,
9852,9852,4.9260000,293356,4926,18266.0918,25792.2109,18.5830620961,8.9785898142,0,0,
9853,9853,4.9265000,293357,4927,18259.2402,25800.2656,8.19164756844,17.4790386256,0,0,
9854,9854,4.9270000,293357,4927,18255.875,25802.3066,1.20901626527,17.7875761904,0,0,
9855,9855,4.9275000,293358,4928,18259.7207,25802.1875,1.23823572733,13.3471267185,0,0,
9856,9856,4.9280000,293358,4928,18261.5254,25801.8281,-1.45080458928,8.62841967549,0,0,
9857,9857,4.9285000,293359,4929,18264.4102,25808.0781,-1.73378526992,10.1490013249,0,0,
9858,9858,4.9290000,293359,4929,18262.6074,25812.1641,-7.51508001459,9.82670105221,0,0,
9859,9859,4.9295000,293360,4930,18263.9277,25814.8105,-8.57479373607,9.9406091987,0,0,
9860,9860,4.9300000,293360,4930,18263.0879,25815.8906,-10.6274666332,8.19245533728,0,0,
9861,9861,4.9305000,293361,4931,18263.5684,25811.4434,-14.0237093689,3.33388812801,0,0,
9862,9862,4.9310000,293361,4931,18262.2461,25817.4531,-19.8627608972,7.86780285845,0,0,
9863,9863,4.9315000,293362,4932,18261.0449,25822.7422,-23.9150534773,12.3717045215,0,0,
9864,9864,4.9320000,293362,4932,18267.6543,25828.1504,-18.7604226218,17.4656513065,0,0,
9865,9865,4.9325000,293363,4933,18268.4961,25835.7246,-20.0797130226,22.4103670527,0,0,
9866,9866,4.9330000,293363,4933,18271.502,25839.3301,-19.7941715328,24.2490826736,0,0,
9867,9867,4.9335000,293364,4934,18271.2598,25842.2168,-24.2302345728,24.1106382155,0,0,
9868,9868,4.9340000,293364,4934,18274.748,25848.4668,-23.0263686603,28.4667094277,0,0,
9869,9869,4.9345000,293365,4935,18273.7852,25849.9082,-25.7116689951,30.1294094193,0,0,
9870,9870,4.9350000,293365,4935,18263.3281,25859.8848,-36.4558902637,36.4021245457,0,0,
9871,9871,4.9355000,293366,4936,18258.1582,25868.1797,-38.4379246806,38.4348042848,0,0,
9872,9872,4.9360000,293366,4936,18256.7168,25868.6621,-35.7067295813,30.9522443178,0,0,
9873,9873,4.9365000,293367,4937,18255.9941,25866.498,-30.3717415183,23.8388206541,0,0,
9874,9874,4.9370000,293367,4937,18256.1152,25863.8516,-27.3062118944,17.8902477821,0,0,
9875,9875,4.9375000,293368,4938,18259.4824,25856.8809,-26.0990431502,5.75504254027,0,0,
9876,9876,4.9380000,293368,4938,18265.3711,25853.3926,-22.9149910169,-3.3575599143,0,0,
9877,9877,4.9385000,293369,4939,18270.1797,25851.5918,-19.1541941757,-12.1316474692,0,0,
9878,9878,4.9390000,293369,4939,18266.6934,25853.875,-18.4915574032,-13.8839493215,0,0,
9879,9879,4.9395000,293370,4940,18266.6934,25855.6777,-15.9838397785,-13.0667398233,0,0,
9880,9880,4.9400000,293370,4940,18265.8516,25854.3574,-13.9318394958,-17.0877089716,0,0,
9881,9881,4.9405000,293371,4941,18263.207,25855.5566,-16.5568329066,-16.2548470636,0,0,
9882,9882,4.9410000,293371,4941,18262.7266,25855.6777,-17.3505321876,-13.2081203603,0,0,
9883,9883,4.9415000,293372,4942,18263.4473,25856.2793,-16.674968823,-8.82955908937,0,0,
9884,9884,4.9420000,293372,4942,18260.3223,25855.0781,-20.9251307169,-8.24453122353,0,0,
9885,9885,4.9425000,293373,4943,18259.8418,25855.5566,-22.559454793,-9.06074153195,0,0,
9886,9886,4.9430000,293373,4943,18261.6445,25856.7598,-21.9714878059,-10.542439179,0,0,
9887,9887,4.9435000,293374,4944,18258.0391,25854.4766,-23.9036825475,-11.4609276783,0,0,
9888,9888,4.9440000,293374,4944,18253.2305,25852.3125,-27.3875535717,-5.28940836987,0,0,
9889,9889,4.9445000,293375,4945,18254.4316,25848.1074,-23.9698705092,-1.25100499702,0,0,
9890,9890,4.9450000,293375,4945,18257.4375,25844.9785,-16.7699875831,0.705003045759,0,0,
9891,9891,4.9455000,293376,4946,18261.2832,25839.8125,-5.47915599038,-4.62436673771,0,0,
9892,9892,4.9460000,293376,4946,18259.2402,25839.4512,0.894161160176,-7.95346753699,0,0,
9893,9893,4.9465000,293377,4947,18260.082,25839.2109,3.98136808243,-8.73661599443,0,0,
9894,9894,4.9470000,293377,4947,18257.4375,25844.1387,2.41781637071,-5.36914740161,0,0,
9895,9895,4.9475000,293378,4948,18257.7988,25851.1094,2.68968316936,-2.8745416484,0,0,
9896,9896,4.9480000,293378,4948,18260.5625,25863.0098,4.7747824774,2.39275515302,0,0,
9897,9897,4.9485000,293379,4949,18261.4043,25872.0254,5.91375265202,3.0329855948,0,0,
9898,9898,4.9490000,293379,4949,18265.0098,25877.6738,8.78686033679,1.17604714316,0,0,
9899,9899,4.9495000,293380,4950,18267.0527,25874.4297,10.4155554614,-6.16474952708,0,0,
9900,9900,4.9500000,293380,4950,18268.7363,25872.1465,12.4129765863,-11.4799011663,0,0,
9901,9901,4.9505000,293381,4951,18262.0059,25872.8672,4.91568154646,-11.5246211581,0,0,
9902,9902,4.9510000,293381,4951,18264.7695,25872.0254,5.74114914198,-14.4836009285,0,0,
9903,9903,4.9515000,293382,4952,18262.3652,25866.1348,2.77778378252,-19.4703298722,0,0,
9904,9904,4.9520000,293382,4952,18262.8457,25862.2891,3.24122955038,-20.3545533528,0,0,
9905,9905,4.9525000,293383,4953,18259.4824,25860.3672,1.01393939673,-20.0394341751,0,0,
9906,9906,4.9530000,293383,4953,18260.6836,25854.1152,2.45718116879,-21.1088785965,0,0,
9907,9907,4.9535000,293384,4954,18263.4473,25851.7109,3.9874339941,-18.8041502001,0,0,
9908,9908,4.9540000,293384,4954,18263.6895,25854.1152,4.08380113048,-11.4548540139,0,0,
9909,9909,4.9545000,293385,4955,18262.2461,25858.4434,3.60096045123,-0.842599444607,0,0,
9910,9910,4.9550000,293385,4955,18259,25864.8125,2.65324025326,6.98372673173,0,0,
9911,9911,4.9555000,293386,4956,18254.4316,25868.7812,1.77324963893,10.8760498318,0,0,
9912,9912,4.9560000,293386,4956,18251.668,25870.3438,2.83263390835,11.6653045997,0,0,
9913,9913,4.9565000,293387,4957,18252.75,25874.0703,8.57826034989,15.7478899574,0,0,
9914,9914,4.9570000,293387,4957,18252.6309,25871.9062,10.4025977085,14.7549400719,0,0,
9915,9915,4.9575000,293388,4958,18250.5859,25866.498,6.520715022,9.16895730828,0,0,
9916,9916,4.9580000,293388,4958,18248.6621,25863.8516,3.12803834904,4.7228307678,0,0,
9917,9917,4.9585000,293389,4959,18245.418,25869.3809,1.17471432278,5.27288922268,0,0,
9918,9918,4.9590000,293389,4959,18248.6621,25869.9824,9.73580427877,2.56470521888,0,0,
9919,9919,4.9595000,293390,4960,18250.707,25865.7754,14.3433946649,-1.42203684104,0,0,
9920,9920,4.9600000,293390,4960,18251.668,25863.1309,17.7322296625,-4.58298605876,0,0,
9921,9921,4.9605000,293391,4961,18252.2695,25868.0605,18.0064057555,0.167593703751,0,0,
9922,9922,4.9610000,293391,4961,18247.9414,25873.9473,13.2745143409,7.40736292546,0,0,
9923,9923,4.9615000,293392,4962,18244.8164,25874.0703,10.2874988994,9.50821669147,0,0,
9924,9924,4.9620000,293392,4962,18248.7832,25870.2246,12.6963757168,6.90136701125,0,0,
9925,9925,4.9625000,293393,4963,18252.0293,25873.709,13.008377484,8.16264197669,0,0,
9926,9926,4.9630000,293393,4963,18255.6348,25874.0703,12.8205033491,5.19609257649,0,0,
9927,9927,4.9635000,293394,4964,18253.9512,25874.5488,10.4242438206,5.72357242131,0,0,
9928,9928,4.9640000,293394,4964,18257.6777,25874.791,11.8364846527,11.1088133534,0,0,
9929,9929,4.9645000,293395,4965,18256.957,25877.3145,8.91959929632,17.9009957257,0,0,
9930,9930,4.9650000,293395,4965,18251.1875,25880.3203,4.0953210315,21.4726950536,0,0,
9931,9931,4.9655000,293396,4966,18248.3027,25884.0469,5.92810175336,20.6151307429,0,0,
9932,9932,4.9660000,293396,4966,18246.7402,25887.1719,10.8696509628,15.7692168107,0,0,
9933,9933,4.9665000,293397,4967,18246.6191,25885.127,11.8570273601,8.56632321685,0,0,
9934,9934,4.9670000,293397,4967,18242.291,25881.8828,8.66122435055,0.38536974126,0,0,
9935,9935,4.9675000,293398,4968,18245.0566,25876.834,10.4332049345,-9.69124067637,0,0,
9936,9936,4.9680000,293398,4968,18241.5723,25874.791,6.16025642789,-16.7245154923,0,0,
9937,9937,4.9685000,293399,4969,18234.2383,25875.752,0.640750394776,-20.225129391,0,0,
9938,9938,4.9690000,293399,4969,18224.0215,25877.916,-6.75837267269,-20.864524879,0,0,
9939,9939,4.9695000,293400,4970,18217.8906,25878.3965,-8.46340608362,-19.8361661974,0,0,
9940,9940,4.9700000,293400,4970,18218.0117,25872.8672,-3.64880447002,-23.8848427118,0,0,
9941,9941,4.9705000,293401,4971,18227.9883,25861.3281,7.94460053045,-30.7434780039,0,0,
9942,9942,4.9710000,293401,4971,18241.2109,25846.9043,17.5699123229,-39.1864525316,0,0,
9943,9943,4.9715000,293402,4972,18252.1484,25845.3418,24.4131986444,-33.0036149209,0,0,
9944,9944,4.9720000,293402,4972,18255.6348,25854.3574,23.2982322195,-18.2337315017,0,0,
9945,9945,4.9725000,293403,4973,18272.7031,25860.3672,33.79038824,-9.38171420766,0,0,
9946,9946,4.9730000,293403,4973,18314.6543,25871.1855,60.2659944748,3.98617097753,0,0,
9947,9947,4.9735000,293404,4974,18346.2676,25881.8828,70.7490708837,13.6822676082,0,0,
9948,9948,4.9740000,293404,4974,18348.6719,25891.7402,54.9675365795,20.7291845073,0,0,
9949,9949,4.9745000,293405,4975,18325.834,25899.4316,21.2796130152,26.2036918112,0,0,
9950,9950,4.9750000,293405,4975,18304.0762,25902.916,-4.88462310061,24.3941061016,0,0,
9951,9951,4.9755000,293406,4976,18277.9922,25899.5527,-28.884807262,16.9665962357,0,0,
9952,9952,4.9760000,293406,4976,18268.6172,25895.2246,-34.7358963576,10.0119888695,0,0,
9953,9953,4.9765000,293407,4977,18268.9766,25901.4766,-30.6066613968,13.8078041496,0,0,
9954,9954,4.9770000,293407,4977,18279.6758,25908.2051,-19.9888754811,18.4311920284,0,0,
9955,9955,4.9775000,293408,4978,18287.4883,25913.7363,-16.4282874507,19.7059610878,0,0,
9956,9956,4.9780000,293408,4978,18291.2148,25917.9434,-17.246347661,17.0546795258,0,0,
9957,9957,4.9785000,293409,4979,18290.8535,25919.625,-19.6282825722,9.12489599341,0,0,
9958,9958,4.9790000,293409,4979,18284.123,25926.5996,-23.9205133916,8.16352219545,0,0,
9959,9959,4.9795000,293410,4980,18273.3047,25935.373,-31.3423268275,10.918295756,0,0,
9960,9960,4.9800000,293410,4980,18272.7031,25936.8145,-28.029547714,5.5066975548,0,0,
9961,9961,4.9805000,293411,4981,18272.8242,25930.2031,-25.9851930972,-6.08380728436,0,0,
9962,9962,4.9810000,293411,4981,18270.4199,25922.0312,-25.8842697018,-14.8507363735,0,0,
9963,9963,4.9815000,293412,4982,18273.7852,25916.0215,-21.0572097743,-18.3026876843,0,0,
9964,9964,4.9820000,293412,4982,18277.752,25912.7734,-18.2738842508,-18.7699780623,0,0,
9965,9965,4.9825000,293413,4983,18277.0312,25907.3652,-20.2098749276,-23.8117550497,0,0,
9966,9966,4.9830000,293413,4983,18278.3535,25903.3984,-20.3676717767,-26.8915332637,0,0,
9967,9967,4.9835000,293414,4984,18279.4355,25906.5234,-17.788659199,-20.9138756467,0,0,
9968,9968,4.9840000,293414,4984,18280.2754,25915.6582,-17.2421478541,-6.69199835778,0,0,
9969,9969,4.9845000,293415,4985,18279.1934,25925.998,-17.5810758786,6.09115167412,0,0,
9970,9970,4.9850000,293415,4985,18277.2715,25928.7598,-16.0335810575,8.4931639646,0,0,
9971,9971,4.9855000,293416,4986,18275.9492,25932.4863,-11.7649023294,7.79450498164,0,0,
9972,9972,4.9860000,293416,4986,18273.7852,25934.8906,-7.02964072265,3.50096949845,0,0,
9973,9973,4.9865000,293417,4987,18271.6211,25937.8965,-6.4650423833,2.24409693916,0,0,
9974,9974,4.9870000,293417,4987,18272.3418,25931.2871,-3.15345086905,-7.34586549263,0,0,
9975,9975,4.9875000,293418,4988,18281.5996,25917.9434,4.34464344034,-21.6310636149,0,0,
9976,9976,4.9880000,293418,4988,18284.123,25895.8262,5.55231741746,-41.4145283687,0,0,
9977,9977,4.9885000,293419,4989,18284.7246,25891.8594,6.42830255461,-42.7376360783,0,0,
9978,9978,4.9890000,293419,4989,18286.2871,25893.0625,7.76849202423,-38.1885908012,0,0,
9979,9979,4.9895000,293420,4990,18290.8535,25892.5801,11.0854851036,-32.6802815337,0,0,
9980,9980,4.9900000,293420,4990,18296.0215,25897.1484,13.7411114701,-22.663339226,0,0,
9981,9981,4.9905000,293421,4991,18299.2676,25898.4707,12.1605538697,-14.9456831894,0,0,
9982,9982,4.9910000,293421,4991,18298.5469,25899.3125,5.1649981925,-9.10182024916,0,0,
9983,9983,4.9915000,293422,4992,18292.416,25905.4434,-3.52903674609,-0.421827921255,0,0,
9984,9984,4.9920000,293422,4992,18288.5703,25901.4766,-7.45983390357,-2.63430186778,0,0,
9985,9985,4.9925000,293423,4993,18293.3789,25903.3984,-4.93423356913,0.283003284574,0,0,
9986,9986,4.9930000,293423,4993,18290.9746,25904.8418,-13.6186507258,3.3706901873,0,0,
9987,9987,4.9935000,293424,4994,18292.5371,25904.3594,-16.1952326515,3.75506107283,0,0,
9988,9988,4.9940000,293424,4994,18296.8652,25905.9219,-9.96479291846,6.15490042033,0,0,
9989,9989,4.9945000,293425,4995,18296.7441,25906.4043,-3.39860119882,9.26308110226,0,0,
9990,9990,4.9950000,293425,4995,18295.9023,25904,2.05228202356,8.39429737153,0,0,
9991,9991,4.9955000,293426,4996,18294.2207,25906.1641,7.24560006438,12.6621436154,0,0,
9992,9992,4.9960000,293426,4996,18293.9785,25912.0527,9.67070942983,19.4186800337,0,0,
9993,9993,4.9965000,293427,4997,18296.623,25913.7363,12.8072355745,20.4957980307,0,0,
9994,9994,4.9970000,293427,4997,18295.1816,25915.1797,9.16650815625,22.1569748478,0,0,
9995,9995,4.9975000,293428,4998,18293.2578,25919.5059,4.09436440007,25.0004136164,0,0,
9996,9996,4.9980000,293428,4998,18291.0957,25907.4844,0.220466211609,12.3974000946,0,0,
9997,9997,4.9985000,293429,4999,18286.6465,25873.2285,-2.71712437022,-17.8475344879,0,0,
9998,9998,4.9990000,293429,4999,18285.4453,25872.0254,0.890562720778,-14.5931023588,0,0,
9999,9999,4.9995000,293430,5000,18280.0371,25877.4355,0.496112541497,-4.41899798518,0,0,
10000,10000,5.0000000,293430,5000,18275.3477,25879.3594,-0.255325984239,1.53488948467,0,0,
10001,10001,5.0005000,293431,5001,18280.998,25882.123,6.27172109934,8.27757366627,0,0,
10002,10002,5.0010000,293431,5001,18283.5215,25879.8379,9.56120725754,11.5580737633,0,0,
10003,10003,5.0015000,293432,5002,18281.959,25873.709,7.70575073928,12.2268137951,0,0,
10004,10004,5.0020000,293432,5002,18281.7188,25870.584,5.67284753059,14.7108073938,0,0,
10005,10005,5.0025000,293433,5003,18283.4004,25869.8613,5.85718316081,16.4974609582,0,0,
10006,10006,5.0030000,293433,5003,18284.123,25867.9395,4.46097316281,16.2563776541,0,0,
10007,10007,5.0035000,293434,5004,18284.7246,25864.2129,5.35068708313,15.215519797,0,0,
10008,10008,5.0040000,293434,5004,18280.0371,25860.6074,0.553131605352,16.8055669422,0,0,
10009,10009,5.0045000,293435,5005,18286.2871,25860.6074,6.28577367604,20.943533137,0,0,
10010,10010,5.0050000,293435,5005,18296.3828,25853.875,15.8194395408,18.6469922621,0,0,
10011,10011,5.0055000,293436,5006,18303.7168,25851.9531,22.6782764036,17.8429409453,0,0,
10012,10012,5.0060000,293436,5006,18303.5957,25854.8359,23.2823486337,19.1919626918,0,0,
10013,10013,5.0065000,293437,5007,18297.8262,25859.7656,16.0401318181,23.1017492615,0,0,
10014,10014,5.0070000,293437,5007,18290.7344,25861.5684,8.62958496628,24.4276452175,0,0,
10015,10015,5.0075000,293438,5008,18289.5312,25866.0156,4.09914724542,27.3701130061,0,0,
10016,10016,5.0080000,293438,5008,18282.4395,25871.4238,-2.77687278936,30.1646308472,0,0,
10017,10017,5.0085000,293439,5009,18281.3574,25881.8828,-1.90879429814,32.1873175685,0,0,
10018,10018,5.0090000,293439,5009,18279.0742,25889.8145,-2.35949250562,30.6365043525,0,0,
10019,10019,5.0095000,293440,5010,18276.1895,25895.1035,-3.71771767455,28.6521601833,0,0,
10020,10020,5.0100000,293440,5010,18273.5449,25897.3887,-4.88886164342,23.6151418361,0,0,
10021,10021,5.0105000,293441,5011,18271.3809,25899.6719,-6.54661674622,20.6934756204,0,0,
10022,10022,5.0110000,293441,5011,18271.0215,25899.791,-7.45507393159,15.6000233773,0,0,
10023,10023,5.0115000,293442,5012,18277.752,25888.252,-0.316190066013,0.070624333249,0,0,
10024,10024,5.0120000,293442,5012,18282.8008,25882.4844,4.61488116166,-7.47823926643,0,0,
10025,10025,5.0125000,293443,5013,18288.9316,25883.3262,6.77529544194,-9.66129435168,0,0,
10026,10026,5.0130000,293443,5013,18295.6621,25886.8105,6.02041418413,-8.66817605333,0,0,
10027,10027,5.0135000,293444,5014,18301.5527,25881.4004,4.63733214324,-15.4886590355,0,0,
10028,10028,5.0140000,293444,5014,18300.7109,25863.8516,2.02910674694,-30.9206315821,0,0,
10029,10029,5.0145000,293445,5015,18301.4316,25838.0078,5.68967173391,-48.0089286305,0,0,
10030,10030,5.0150000,293445,5015,18305.3984,25815.4121,11.6516621965,-58.8432837102,0,0,
10031,10031,5.0155000,293446,5016,18308.4043,25810.2422,16.6232882649,-52.3288460918,0,0,
10032,10032,5.0160000,293446,5016,18310.3262,25808.4375,16.7832793324,-43.8097936647,0,0,
10033,10033,5.0165000,293447,5017,18311.2891,25811.5645,14.3599878295,-32.1435650941,0,0,
10034,10034,5.0170000,293447,5017,18308.2832,25820.7012,7.28559007071,-16.3424461712,0,0,
10035,10035,5.0175000,293448,5018,18304.4375,25827.4297,-0.640288398351,-6.20311764555,0,0,
10036,10036,5.0180000,293448,5018,18297.1035,25830.3145,-9.63714446675,0.526606276736,0,0,
10037,10037,5.0185000,293449,5019,18292.7773,25831.7578,-12.5145632102,6.68575651563,0,0,
10038,10038,5.0190000,293449,5019,18284.7246,25832.4785,-15.7273065488,5.73609850111,0,0,
10039,10039,5.0195000,293450,5020,18272.584,25838.7285,-20.7329890928,9.50628656177,0,0,
10040,10040,5.0200000,293450,5020,18264.6504,25839.8125,-22.0760781555,8.86454611731,0,0,
10041,10041,5.0205000,293451,5021,18263.6895,25842.3359,-19.9369419598,9.9248374414,0,0,
10042,10042,5.0210000,293451,5021,18271.502,25839.6895,-9.85063789702,8.58321933657,0,0,
10043,10043,5.0215000,293452,5022,18271.0215,25836.2051,-8.50345482918,8.0318748696,0,0,
10044,10044,5.0220000,293452,5022,18281.4785,25826.709,0.0510982877279,1.56359469355,0,0,
10045,10045,5.0225000,293453,5023,18300.7109,25817.4531,13.8423781558,-5.68497569915,0,0,
10046,10046,5.0230000,293453,5023,18307.4414,25816.0098,14.0559201688,-5.54176260487,0,0,
10047,10047,5.0235000,293454,5024,18307.4414,25820.8203,10.1076817902,0.441726558898,0,0,
10048,10048,5.0240000,293454,5024,18307.9238,25832.4785,6.87226895463,12.5149514652,0,0,
10049,10049,5.0245000,293455,5025,18311.8887,25840.8926,5.54933179471,18.6642440957,0,0,
10050,10050,5.0250000,293455,5025,18301.3105,25842.3359,-6.63589440329,18.5493932695,0,0,
10051,10051,5.0255000,293456,5026,18294.2207,25835.2441,-11.8499492703,8.09788258104,0,0,
10052,10052,5.0260000,293456,5026,18300.7109,25829.3535,-2.5700585329,-1.86222115808,0,0,
10053,10053,5.0265000,293457,5027,18309.2441,25823.584,5.2165814206,-9.17599369962,0,0,
10054,10054,5.0270000,293457,5027,18330.7617,25820.0996,21.7372660892,-11.9062159805,0,0,
10055,10055,5.0275000,293458,5028,18336.8926,25823.4629,18.5443668046,-8.8730406317,0,0,
10056,10056,5.0280000,293458,5028,18330.4004,25833.5605,7.46634741752,-1.07326347063,0,0,
10057,10057,5.0285000,293459,5029,18333.8867,25834.8828,6.42319880622,-5.82387147152,0,0,
10058,10058,5.0290000,293459,5029,18334.9688,25837.7676,3.29583371723,-8.41693263199,0,0,
10059,10059,5.0295000,293460,5030,18330.7617,25840.7734,-4.1493640752,-8.32933667187,0,0,
10060,10060,5.0300000,293460,5030,18332.084,25846.0625,-6.18094242474,-6.19704870511,0,0,
10061,10061,5.0305000,293461,5031,18335.209,25852.4316,-7.54488402813,-2.25915287685,0,0,
10062,10062,5.0310000,293461,5031,18329.1992,25863.6113,-17.3399468847,4.69364480939,0,0,
10063,10063,5.0315000,293462,5032,18332.2031,25872.627,-17.4373903839,8.97082175626,0,0,
10064,10064,5.0320000,293462,5032,18324.9922,25870.8223,-24.9255337886,2.77304357864,0,0,
10065,10065,5.0325000,293463,5033,18312.8516,25876.1113,-36.8460221672,1.06431889863,0,0,
10066,10066,5.0330000,293463,5033,18305.0371,25876.9531,-44.6990354579,-4.04585154515,0,0,
10067,10067,5.0335000,293464,5034,18303.5957,25880.4395,-44.8918280839,-5.02067439807,0,0,
10068,10068,5.0340000,293464,5034,18303.1152,25880.0781,-39.060978021,-7.23972200313,0,0,
10069,10069,5.0345000,293465,5035,18309.8457,25876.5938,-24.3626516941,-9.00920326911,0,0,
10070,10070,5.0350000,293465,5035,18309.7246,25862.4082,-17.5843876956,-20.0570692032,0,0,
10071,10071,5.0355000,293466,5036,18310.5684,25820.7012,-9.74653221188,-53.6952960945,0,0,
10072,10072,5.0360000,293466,5036,18311.8887,25767.5703,-4.58154506508,-89.8920238073,0,0,
10073,10073,5.0365000,293467,5037,18316.8184,25730.7891,1.81359689193,-104.854744314,0,0,
10074,10074,5.0370000,293467,5037,18317.2988,25735.9551,2.94139742828,-81.1121513017,0,0,
10075,10075,5.0375000,293468,5038,18318.3809,25756.752,3.56040789263,-47.937750121,0,0,
10076,10076,5.0380000,293468,5038,18318.0195,25781.875,3.81616786992,-14.6586339906,0,0,
10077,10077,5.0385000,293469,5039,18314.7754,25800.5059,2.79351706332,9.25376130632,0,0,
10078,10078,5.0390000,293469,5039,18310.3262,25812.8848,3.30600628559,19.5834571388,0,0,
10079,10079,5.0395000,293470,5040,18302.9941,25832.5996,2.7100571677,32.9744837302,0,0,
10080,10080,5.0400000,293470,5040,18297.7051,25849.5469,2.48995872722,42.5421447259,0,0,
10081,10081,5.0405000,293471,5041,18294.8203,25855.1973,1.03315280477,40.7900905914,0,0,
10082,10082,5.0410000,293471,5041,18289.1719,25862.5293,-2.87542379518,42.7317229992,0,0,
10083,10083,5.0415000,293472,5042,18287.248,25861.209,-1.57776371147,37.903690683,0,0,
10084,10084,5.0420000,293472,5042,18289.0508,25852.3125,-0.247948435939,27.5116407691,0,0,
10085,10085,5.0425000,293473,5043,18295.541,25855.1973,3.30684423224,26.4436736373,0,0,
10086,10086,5.0430000,293473,5043,18295.3027,25859.2832,2.61326807135,24.508291297,0,0,
10087,10087,5.0435000,293474,5044,18302.3926,25872.748,10.5919445685,29.6432418277,0,0,
10088,10088,5.0440000,293474,5044,18309.125,25877.6738,16.5592656822,26.6285045739,0,0,
10089,10089,5.0445000,293475,5045,18321.8652,25875.6328,24.5080111911,18.0879951687,0,0,
10090,10090,5.0450000,293475,5045,18341.9395,25867.5781,39.5593052995,7.95695547439,0,0,
10091,10091,5.0455000,293476,5046,18347.9512,25855.9199,40.5125519507,-4.24790788062,0,0,
10092,10092,5.0460000,293476,5046,18339.0547,25824.9062,28.2390061785,-31.5308138191,0,0,
10093,10093,5.0465000,293477,5047,18330.041,25780.3125,16.4411386043,-63.1688722316,0,0,
10094,10094,5.0470000,293477,5047,18323.5488,25746.8965,6.60920628456,-77.5379140499,0,0,
10095,10095,5.0475000,293478,5048,18316.2168,25752.4238,-2.28592269066,-57.3277855273,0,0,
10096,10096,5.0480000,293478,5048,18313.8125,25778.627,-1.51249750428,-24.1064586677,0,0,
10097,10097,5.0485000,293479,5049,18310.8066,25801.2266,-2.76238037633,-1.02338688364,0,0,
10098,10098,5.0490000,293479,5049,18307.2012,25806.5156,-3.7156052555,3.76474854934,0,0,
10099,10099,5.0495000,293480,5050,18307.8027,25807.4766,-0.354142882133,6.08187335478,0,0,
10100,10100,5.0500000,293480,5050,18306.7207,25810.7207,-0.0908080997123,9.86811745629,0,0,
10101,10101,5.0505000,293481,5051,18302.7539,25810.4824,-3.25054998146,11.2527508829,0,0,
10102,10102,5.0510000,293481,5051,18303.8359,25810.2422,-1.05741546537,11.793079517,0,0,
10103,10103,5.0515000,293482,5052,18304.5566,25812.8848,-0.630968309715,15.6508454351,0,0,
10104,10104,5.0520000,293482,5052,18300.9512,25819.377,-1.4409013134,23.3003309869,0,0,
10105,10105,5.0525000,293483,5053,18302.2734,25824.7871,1.02564678508,25.6132777369,0,0,
10106,10106,5.0530000,293483,5053,18303.4746,25825.627,0.398691469791,24.4537598559,0,0,
10107,10107,5.0535000,293484,5054,18308.5234,25820.8203,2.16369940224,19.317398758,0,0,
10108,10108,5.0540000,293484,5054,18322.2266,25817.2129,13.8792269026,18.1643836734,0,0,
10109,10109,5.0545000,293485,5055,18333.4062,25815.2891,22.5560986209,21.1461029544,0,0,
10110,10110,5.0550000,293485,5055,18346.5078,25813.4863,31.7136702237,24.5096385714,0,0,
10111,10111,5.0555000,293486,5056,18339.7754,25812.0449,23.211750911,29.5774017326,0,0,
10112,10112,5.0560000,293486,5056,18325.1113,25809.8809,7.9371002349,33.8461599207,0,0,
10113,10113,5.0565000,293487,5057,18316.457,25806.2754,-1.01862976276,32.2418586215,0,0,
10114,10114,5.0570000,293487,5057,18306.1191,25811.9238,-9.2973848622,30.7607226301,0,0,
10115,10115,5.0575000,293488,5058,18301.9121,25814.6895,-11.6483857907,23.8203005123,0,0,
10116,10116,5.0580000,293488,5058,18296.5039,25823.9453,-13.3859823663,23.7751786192,0,0,
10117,10117,5.0585000,293489,5059,18297.5859,25820.9395,-8.01227293695,15.8461091601,0,0,
10118,10118,5.0590000,293489,5059,18302.1543,25821.9004,1.22433347259,10.1590085611,0,0,
10119,10119,5.0595000,293490,5060,18305.8789,25817.5723,9.37606072825,-0.715418772711,0,0,
10120,10120,5.0600000,293490,5060,18306.2402,25813.8496,11.4712476872,-7.41654986351,0,0,
10121,10121,5.0605000,293491,5061,18304.918,25813.127,8.46324841234,-8.19482102325,0,0,
10122,10122,5.0610000,293491,5061,18301.6719,25817.2129,4.17499423764,-2.99493750122,0,0,
10123,10123,5.0615000,293492,5062,18299.3887,25812.1641,1.6712751326,-3.68082790261,0,0,
10124,10124,5.0620000,293492,5062,18294.7012,25803.75,-5.35939261274,-5.44554092444,0,0,
10125,10125,5.0625000,293493,5063,18292.2969,25796.6582,-11.1183577102,-9.01301712472,0,0,
10126,10126,5.0630000,293493,5063,18292.2969,25791.25,-11.1888128015,-11.7846298047,0,0,
10127,10127,5.0635000,293494,5064,18297.7051,25787.5234,-5.97081439231,-14.2560538496,0,0,
10128,10128,5.0640000,293494,5064,18292.1758,25786.8027,-10.5893015909,-11.818772833,0,0,
10129,10129,5.0645000,293495,5065,18290.4941,25791.1309,-13.2568957623,-4.29764939299,0,0,
10130,10130,5.0650000,293495,5065,18287.4883,25789.9277,-14.9797023112,0.0235360301635,0,0,
10131,10131,5.0655000,293496,5066,18290.4941,25789.3262,-8.23377214893,3.88858040354,0,0,
10132,10132,5.0660000,293496,5066,18290.4941,25794.375,-2.83927208399,13.1659821246,0,0,
10133,10133,5.0665000,293497,5067,18297.4648,25803.1504,6.15054158442,26.0739730753,0,0,
10134,10134,5.0670000,293497,5067,18295.3027,25804.5918,3.83064140152,28.6897065775,0,0,
10135,10135,5.0675000,293498,5068,18295.1816,25796.2988,3.49481555342,14.7891693065,0,0,
10136,10136,5.0680000,293498,5068,18294.3398,25785.9609,4.83267274059,-2.73817472621,0,0,
10137,10137,5.0685000,293499,5069,18296.3828,25782.5957,7.04822889156,-11.9024107769,0,0,
10138,10138,5.0690000,293499,5069,18296.1426,25775.9844,7.25417934324,-19.0479726096,0,0,
10139,10139,5.0695000,293500,5070,18298.4277,25776.4668,9.05098684367,-16.7272915034,0,0,
10140,10140,5.0700000,293500,5070,18296.8652,25771.5371,6.51263014074,-19.4371820742,0,0,
10141,10141,5.0705000,293501,5071,18300.4707,25768.5312,8.01286024732,-18.3570029519,0,0,
10142,10142,5.0710000,293501,5071,18310.9277,25762.2812,14.0716270642,-20.3070460371,0,0,
10143,10143,5.0715000,293502,5072,18316.5762,25757.4746,13.8152966121,-19.9868621215,0,0,
10144,10144,5.0720000,293502,5072,18312.0098,25754.709,7.45190149663,-17.1556838643,0,0,
10145,10145,5.0725000,293503,5073,18307.8027,25755.5488,0.736945077196,-13.6439843668,0,0,
10146,10146,5.0730000,293503,5073,18301.793,25759.6348,-8.32480530603,-6.41447122691,0,0,
10147,10147,5.0735000,293504,5074,18297.7051,25759.5156,-15.4080472332,-2.41395612546,0,0,
10148,10148,5.0740000,293504,5074,18295.0605,25753.1465,-18.5763599207,-2.60285175433,0,0,
10149,10149,5.0745000,293505,5075,18295.4219,25746.0547,-16.831907748,-1.35555571126,0,0,
10150,10150,5.0750000,293505,5075,18299.2676,25740.0449,-11.8554404917,1.4581355692,0,0,
10151,10151,5.0755000,293506,5076,18296.8652,25733.9141,-8.86574981535,5.49785164055,0,0,
10152,10152,5.0760000,293506,5076,18297.8262,25728.3828,-3.5766111228,10.2705902634,0,0,
10153,10153,5.0765000,293507,5077,18300.5898,25725.0176,0.0947100155422,13.3008640433,0,0,
10154,10154,5.0770000,293507,5077,18309.0059,25722.7344,8.02942224905,9.22864053232,0,0,
10155,10155,5.0775000,293508,5078,18311.0488,25724.5371,7.38090283472,7.29202069615,0,0,
10156,10156,5.0780000,293508,5078,18313.4512,25722.1328,7.80070861816,1.77125354776,0,0,
10157,10157,5.0785000,293509,5079,18310.9277,25722.252,3.83308419926,3.33608130341,0,0,
10158,10158,5.0790000,293509,5079,18305.6387,25719.0078,-0.826373709151,-0.528789341369,0,0,
10159,10159,5.0795000,293510,5080,18305.2793,25716.123,0.550810244549,-3.87237892489,0,0,
10160,10160,5.0800000,293510,5080,18306.7207,25707.9512,2.27504542326,-9.55198776244,0,0,
10161,10161,5.0805000,293511,5081,18306,25703.8613,-0.446220006699,-9.43646689957,0,0,
10162,10162,5.0810000,293511,5081,18309.9668,25701.9395,1.22532835358,-6.69951313203,0,0,
10163,10163,5.0815000,293512,5082,18311.168,25697.252,0.237968188927,-3.07247849705,0,0,
10164,10164,5.0820000,293512,5082,18310.3262,25687.5156,-4.36011749891,-2.38964578496,0,0,
10165,10165,5.0825000,293513,5083,18299.1484,25682.1074,-18.4249699436,-1.08607038615,0,0,
10166,10166,5.0830000,293513,5083,18287.0078,25679.8223,-28.7301724547,1.14996113626,0,0,
10167,10167,5.0835000,293514,5084,18281.959,25680.1816,-31.1386510502,3.37677522407,0,0,
10168,10168,5.0840000,293514,5084,18276.3105,25680.9043,-31.2698483811,6.30149318755,0,0,
10169,10169,5.0845000,293515,5085,18277.0312,25678.1387,-28.0577048125,5.90589981675,0,0,
10170,10170,5.0850000,293515,5085,18275.709,25674.5332,-25.3443678272,7.81056483833,0,0,
10171,10171,5.0855000,293516,5086,18272.2227,25675.2559,-22.9602213597,12.4905332329,0,0,
10172,10172,5.0860000,293516,5086,18265.4902,25671.4082,-20.8532695643,12.7247223389,0,0,
10173,10173,5.0865000,293517,5087,18261.7656,25659.627,-18.1609648193,7.7976999758,0,0,
10174,10174,5.0870000,293517,5087,18263.0879,25642.3184,-11.5589195779,-0.617416906801,0,0,
10175,10175,5.0875000,293518,5088,18270.6602,25633.4238,-1.1717064321,-4.99104209447,0,0,
10176,10176,5.0880000,293518,5088,18282.3203,25624.7676,12.5999160092,-11.3230504338,0,0,
10177,10177,5.0885000,293519,5089,18290.6133,25632.3418,19.5525452705,-4.78257209914,0,0,
10178,10178,5.0890000,293519,5089,18297.9473,25652.1738,24.8463371021,13.0983998218,0,0,
10179,10179,5.0895000,293520,5090,18309.3652,25664.7969,31.4235035672,21.8155528612,0,0,
10180,10180,5.0900000,293520,5090,18315.1348,25669.002,31.7287061641,22.0100654159,0,0,
10181,10181,5.0905000,293521,5091,18339.5371,25664.4355,45.188726025,15.2924967624,0,0,
10182,10182,5.0910000,293521,5091,18375.2363,25659.5078,62.7016223807,9.22208611414,0,0,
10183,10183,5.0915000,293522,5092,18387.6172,25657.7051,56.7195177325,6.49872087708,0,0,
10184,10184,5.0920000,293522,5092,18368.8652,25658.3047,29.1483537641,5.96872501313,0,0,
10185,10185,5.0925000,293523,5093,18345.5449,25656.502,1.1531079065,1.02862148501,0,0,
10186,10186,5.0930000,293523,5093,18331.7227,25652.8965,-15.2976943238,-4.03015629358,0,0,
10187,10187,5.0935000,293524,5094,18327.0352,25645.5645,-22.4845425639,-9.47309995277,0,0,
10188,10188,5.0940000,293524,5094,18331.002,25624.6484,-20.333021359,-22.6056380816,0,0,
10189,10189,5.0945000,293525,5095,18331.3613,25599.6465,-20.4889410779,-34.613954338,0,0,
10190,10190,5.0950000,293525,5095,18323.9102,25594.4785,-26.7971353467,-27.2825157257,0,0,
10191,10191,5.0955000,293526,5096,18320.9043,25593.2754,-23.7616291448,-16.3123392482,0,0,
10192,10192,5.0960000,293526,5096,18318.8613,25593.1562,-20.6447114504,-5.65566849411,0,0,
10193,10193,5.0965000,293527,5097,18321.627,25605.6562,-15.8185257563,10.7894541542,0,0,
10194,10194,5.0970000,293527,5097,18324.752,25615.7559,-11.8848526839,15.8350797164,0,0,
10195,10195,5.0975000,293528,5098,18336.7715,25621.2832,-1.59523721601,13.6040719771,0,0,
10196,10196,5.0980000,293528,5098,18345.0645,25620.0801,4.35611663378,6.24077670344,0,0,
10197,10197,5.0985000,293529,5099,18351.0762,25616.1152,7.95600721213,0.506928102575,0,0,
10198,10198,5.0990000,293529,5099,18344.2246,25617.5566,1.52356975437,-1.316793618,0,0,
10199,10199,5.0995000,293530,5100,18332.6855,25627.1738,-7.28002806643,3.08958291298,0,0,
10200,10200,5.1000000,293530,5100,18327.0352,25639.3125,-10.3198655667,10.1409734491,0,0,
10201,10201,5.1005000,293531,5101,18324.752,25653.498,-11.2106499492,17.2254521589,0,0,
10202,10202,5.1010000,293531,5101,18319.3418,25668.2832,-14.7791290858,22.9004804421,0,0,
10203,10203,5.1015000,293532,5102,18313.9336,25681.3848,-16.7736248556,28.4816219821,0,0,
10204,10204,5.1020000,293532,5102,18311.6504,25694.6074,-16.6835245804,34.2498627301,0,0,
10205,10205,5.1025000,293533,5103,18304.7988,25692.6855,-19.7059146727,22.5311426948,0,0,
10206,10206,5.1030000,293533,5103,18299.9902,25682.9473,-18.5556451183,4.1816715867,0,0,
10207,10207,5.1035000,293534,5104,18296.5039,25678.1387,-17.4227245469,-9.06532336645,0,0,
10208,10208,5.1040000,293534,5104,18306.2402,25672.4902,-3.8323115678,-20.1519595552,0,0,
10209,10209,5.1045000,293535,5105,18320.7832,25667.2012,8.28898427077,-28.2321252656,0,0,
10210,10210,5.1050000,293535,5105,18334.3672,25665.877,18.5933791025,-28.9827618022,0,0,
10211,10211,5.1055000,293536,5106,18336.7715,25662.3926,19.1492095562,-32.115164706,0,0,
10212,10212,5.1060000,293536,5106,18333.4062,25660.9512,17.0660192021,-31.7409086286,0,0,
10213,10213,5.1065000,293537,5107,18331.3613,25655.6621,14.2111751923,-31.8023611842,0,0,
10214,10214,5.1070000,293537,5107,18324.5098,25653.8594,6.96399128471,-27.7572332371,0,0,
10215,10215,5.1075000,293538,5108,18324.5098,25657.584,5.35008730232,-24.7347984701,0,0,
10216,10216,5.1080000,293538,5108,18324.9922,25660.1094,5.34498794738,-25.6218321115,0,0,
10217,10217,5.1085000,293539,5109,18334.0059,25659.1484,11.7555210981,-32.9359235945,0,0,
10218,10218,5.1090000,293539,5109,18336.5312,25657.7051,12.3224980484,-38.7102583716,0,0,
10219,10219,5.1095000,293540,5110,18335.209,25649.291,8.42806917838,-46.8604607839,0,0,
10220,10220,5.1100000,293540,5110,18334.0059,25641.3574,6.37754530525,-50.4616942441,0,0,
10221,10221,5.1105000,293541,5111,18330.7617,25638.834,-0.918413626979,-46.019439707,0,0,
10222,10222,5.1110000,293541,5111,18333.0449,25641.2363,-5.19059377645,-37.4419458305,0,0,
10223,10223,5.1115000,293542,5112,18327.5156,25642.0781,-10.7309560921,-31.5144546938,0,0,
10224,10224,5.1120000,293542,5112,18322.3477,25640.2754,-6.46564159368,-28.496748466,0,0,
10225,10225,5.1125000,293543,5113,18322.9473,25641.1172,1.63440026413,-24.6042232089,0,0,
10226,10226,5.1130000,293543,5113,18328.2363,25635.4668,9.46982993066,-25.218299118,0,0,
10227,10227,5.1135000,293544,5114,18329.4395,25625.8516,9.86099495162,-26.1108336543,0,0,
10228,10228,5.1140000,293544,5114,18332.2031,25621.0449,10.5549034039,-18.1165023457,0,0,
10229,10229,5.1145000,293545,5115,18329.9199,25618.0391,8.23016021029,-7.58223969372,0,0,
10230,10230,5.1150000,293545,5115,18326.3145,25617.7969,6.4620478692,0.773700134801,0,0,
10231,10231,5.1155000,293546,5116,18327.1543,25618.2793,11.1907271985,8.98655847774,0,0,
10232,10232,5.1160000,293546,5116,18335.3301,25617.916,20.276333663,15.5743217315,0,0,
10233,10233,5.1165000,293547,5117,18335.0879,25614.791,18.2110456787,14.8776691192,0,0,
10234,10234,5.1170000,293547,5117,18335.5684,25601.209,16.4005572445,1.75757359694,0,0,
10235,10235,5.1175000,293548,5118,18333.0449,25583.0605,10.6198490689,-12.9532864437,0,0,
10236,10236,5.1180000,293548,5118,18335.6895,25586.6641,11.1404633998,-5.11292728904,0,0,
10237,10237,5.1185000,293549,5119,18331.9629,25587.9863,7.25278517761,2.66000062638,0,0,
10238,10238,5.1190000,293549,5119,18333.5254,25594.1172,11.383938137,11.3610083018,0,0,
10239,10239,5.1195000,293550,5120,18334.3672,25595.3203,14.8629337256,13.0101579283,0,0,
10240,10240,5.1200000,293550,5120,18331.2422,25591.7129,12.5449914926,11.8212019099,0,0,
10241,10241,5.1205000,293551,5121,18330.2793,25589.6699,10.5185136011,12.3757775659,0,0,
10242,10242,5.1210000,293551,5121,18323.7891,25590.3906,4.25212204981,15.4683016151,0,0,
10243,10243,5.1215000,293552,5122,18322.5879,25589.791,3.7714092646,20.0544681478,0,0,
10244,10244,5.1220000,293552,5122,18324.2715,25584.502,4.08708215492,21.9307403487,0,0,
10245,10245,5.1225000,293553,5123,18322.709,25580.1738,2.4499447434,24.5402123407,0,0,
10246,10246,5.1230000,293553,5123,18323.7891,25584.502,3.91840409276,33.7323430796,0,0,
10247,10247,5.1235000,293554,5124,18321.7461,25586.5449,1.08729471796,36.9593513461,0,0,
10248,10248,5.1240000,293554,5124,18326.4336,25591.1113,3.11736112838,42.0593860904,0,0,
10249,10249,5.1245000,293555,5125,18325.4727,25585.7031,-3.11543660116,38.3209001684,0,0,
10250,10250,5.1250000,293555,5125,18325.9531,25588.5879,-5.82174471531,43.0870854848,0,0,
10251,10251,5.1255000,293556,5126,18324.5098,25596.041,-6.53190011776,49.8676818009,0,0,
10252,10252,5.1260000,293556,5126,18324.0293,25588.8281,-3.49454378594,43.4465776343,0,0,
10253,10253,5.1265000,293557,5127,18329.1992,25583.0605,1.60740255046,41.604047339,0,0,
10254,10254,5.1270000,293557,5127,18330.2793,25578.373,2.30550310372,40.7548518307,0,0,
10255,10255,5.1275000,293558,5128,18336.8926,25573.9238,4.97425865243,34.9567336261,0,0,
10256,10256,5.1280000,293558,5128,18338.6934,25567.1934,3.60573758701,26.2177675988,0,0,
10257,10257,5.1285000,293559,5129,18341.6992,25566.8301,1.44768189321,21.4155560411,0,0,
10258,10258,5.1290000,293559,5129,18349.873,25555.5332,5.3280239704,8.68877943569,0,0,
10259,10259,5.1295000,293560,5130,18359.0098,25544.5938,8.65819920046,1.14693530638,0,0,
10260,10260,5.1300000,293560,5130,18356.123,25543.2715,2.06878708835,4.33759791266,0,0,
10261,10261,5.1305000,293561,5131,18349.3926,25550.6035,-9.43261973084,14.713274149,0,0,
10262,10262,5.1310000,293561,5131,18346.748,25552.6484,-18.715838596,17.9592111527,0,0,
10263,10263,5.1315000,293562,5132,18346.627,25551.3262,-19.5522091179,17.4864493715,0,0,
10264,10264,5.1320000,293562,5132,18348.4316,25552.2871,-12.1198748818,18.8606575875,0,0,
10265,10265,5.1325000,293563,5133,18349.3926,25547.5996,-7.93143995449,13.5818485729,0,0,
10266,10266,5.1330000,293563,5133,18349.3926,25553.7285,-8.19470390917,19.5264384916,0,0,
10267,10267,5.1335000,293564,5134,18348.4316,25562.5059,-10.5840060369,28.3319080357,0,0,
10268,10268,5.1340000,293564,5134,18339.7754,25562.9844,-19.5772212381,30.5199834473,0,0,
10269,10269,5.1345000,293565,5135,18325.4727,25567.1934,-29.2803950857,35.8238542788,0,0,
10270,10270,5.1350000,293565,5135,18315.1348,25586.1855,-32.2383699694,48.3661541531,0,0,
10271,10271,5.1355000,293566,5136,18314.4141,25598.3262,-24.9762419983,52.0036328918,0,0,
10272,10272,5.1360000,293566,5136,18317.0586,25604.6953,-17.5768444141,49.3693755583,0,0,
10273,10273,5.1365000,293567,5137,18321.5059,25600.8496,-10.2622044867,34.966434751,0,0,
10274,10274,5.1370000,293567,5137,18321.7461,25593.3965,-8.02804752519,17.594184086,0,0,
10275,10275,5.1375000,293568,5138,18315.8574,25575.4863,-11.7925104034,-5.67268384742,0,0,
10276,10276,5.1380000,293568,5138,18317.2988,25561.3027,-8.55560774862,-24.3047926258,0,0,
10277,10277,5.1385000,293569,5139,18329.9199,25549.8828,5.1268441491,-34.6300276841,0,0,
10278,10278,5.1390000,293569,5139,18333.6465,25546.0371,10.5174920298,-38.9931444655,0,0,
10279,10279,5.1395000,293570,5140,18325.7129,25554.6895,6.16587949211,-32.720729699,0,0,
10280,10280,5.1400000,293570,5140,18313.5723,25554.5703,-1.43967930624,-32.957824039,0,0,
10281,10281,5.1405000,293571,5141,18306.3613,25556.4941,-5.15943342006,-31.6562282991,0,0,
10282,10282,5.1410000,293571,5141,18301.5527,25555.5332,-5.09221855765,-33.1540108556,0,0,
10283,10283,5.1415000,293572,5142,18316.6973,25553.4902,10.669455333,-32.4995160941,0,0,
10284,10284,5.1420000,293572,5142,18338.334,25550.2441,26.7402201565,-30.5279773989,0,0,
10285,10285,5.1425000,293573,5143,18347.1094,25548.4395,29.9975080271,-27.5871686929,0,0,
10286,10286,5.1430000,293573,5143,18349.3926,25543.873,26.9333117345,-28.6691913836,0,0,
10287,10287,5.1435000,293574,5144,18349.3926,25542.9121,21.466347187,-27.7960006111,0,0,
10288,10288,5.1440000,293574,5144,18344.8262,25542.3105,10.9556340975,-26.4503994782,0,0,
10289,10289,5.1445000,293575,5145,18343.623,25534.1348,3.29418655954,-29.1750497268,0,0,
10290,10290,5.1450000,293575,5145,18341.0996,25527.8848,-3.41522537905,-29.7595416282,0,0,
10291,10291,5.1455000,293576,5146,18340.8574,25530.1699,-4.32540720368,-23.9877658378,0,0,
10292,10292,5.1460000,293576,5146,18338.0938,25529.209,-5.05234847497,-18.8427934533,0,0,
10293,10293,5.1465000,293577,5147,18338.5742,25522.4766,-5.44888914222,-17.2735746447,0,0,
10294,10294,5.1470000,293577,5147,18341.8203,25516.2266,-2.84636536685,-15.3968585143,0,0,
10295,10295,5.1475000,293578,5148,18345.7871,25509.0137,-2.87484574689,-18.3317849541,0,0,
10296,10296,5.1480000,293578,5148,18344.8262,25501.6816,-5.65324218975,-21.5826973227,0,0,
10297,10297,5.1485000,293579,5149,18343.502,25491.8262,-9.8075518082,-28.9962637832,0,0,
10298,10298,5.1490000,293579,5149,18331.4824,25489.541,-21.194301989,-26.3942981911,0,0,
10299,10299,5.1495000,293580,5150,18318.5,25493.1484,-31.1330193558,-17.2076228175,0,0,
10300,10300,5.1500000,293580,5150,18305.2793,25487.0176,-36.089962064,-17.8307238023,0,0,
10301,10301,5.1505000,293581,5151,18296.7441,25485.6953,-37.1694147436,-14.9048736149,0,0,
10302,10302,5.1510000,293581,5151,18288.0898,25480.8887,-40.5875140419,-14.6990966179,0,0,
10303,10303,5.1515000,293582,5152,18284.7246,25482.0879,-35.000879919,-8.89106170612,0,0,
10304,10304,5.1520000,293582,5152,18285.8066,25491.2246,-21.2798856893,2.18415694602,0,0,
10305,10305,5.1525000,293583,5153,18289.291,25503.125,-8.43337953073,13.0556596133,0,0,
10306,10306,5.1530000,293583,5153,18283.7617,25510.6973,-7.0262854214,17.6797523353,0,0,
10307,10307,5.1535000,293584,5154,18283.8828,25507.2109,-1.86616325721,13.5452811319,0,0,
10308,10308,5.1540000,293584,5154,18296.1426,25495.0703,12.9237843325,6.27532023702,0,0,
10309,10309,5.1545000,293585,5155,18306.8418,25488.2188,25.9604514538,4.96000447758,0,0,
10310,10310,5.1550000,293585,5155,18315.1348,25491.5859,34.509556113,7.42948486059,0,0,
10311,10311,5.1555000,293586,5156,18324.752,25484.1328,41.4260493493,1.91964674678,0,0,
10312,10312,5.1560000,293586,5156,18344.4648,25484.6113,52.5954253005,5.1743086764,0,0,
10313,10313,5.1565000,293587,5157,18355.7637,25487.6172,53.1876132973,9.30477937923,0,0,
10314,10314,5.1570000,293587,5157,18377.2793,25495.791,61.1470066395,15.8370069339,0,0,
10315,10315,5.1575000,293588,5158,18400.7188,25503.4844,68.1478531272,22.0751725276,0,0,
10316,10316,5.1580000,293588,5158,18405.6465,25503.0059,56.1773869718,17.4003285075,0,0,
10317,10317,5.1585000,293589,5159,18391.584,25499.3984,29.5085996545,12.1947359529,0,0,
10318,10318,5.1590000,293589,5159,18365.5,25500.9609,0.242014772792,8.70350647055,0,0,
10319,10319,5.1595000,293590,5160,18344.9453,25505.6484,-16.517612253,5.59300740578,0,0,
10320,10320,5.1600000,293590,5160,18331.4824,25511.0566,-24.0345293072,6.13151166914,0,0,
10321,10321,5.1605000,293591,5161,18332.8047,25515.1465,-20.0623415809,4.59807311884,0,0,
10322,10322,5.1610000,293591,5161,18331.8438,25511.4199,-18.1662956065,-3.05174417173,0,0,
10323,10323,5.1615000,293592,5162,18329.1992,25509.1348,-21.546957096,-6.00030267445,0,0,
10324,10324,5.1620000,293592,5162,18334.6074,25513.5801,-19.9258375652,-1.08874828188,0,0,
10325,10325,5.1625000,293593,5163,18337.1309,25510.5781,-17.6228782465,-3.56353901744,0,0,
10326,10326,5.1630000,293593,5163,18337.373,25498.6777,-16.1891240227,-13.4974263827,0,0,
10327,10327,5.1635000,293594,5164,18338.6934,25481.3672,-14.0369148686,-27.4309437067,0,0,
10328,10328,5.1640000,293594,5164,18344.7051,25466.8223,-9.12944711857,-35.9391681792,0,0,
10329,10329,5.1645000,293595,5165,18354.6816,25462.8574,-3.73166583682,-30.7210287832,0,0,
10330,10330,5.1650000,293595,5165,18358.4082,25457.2051,-3.68520713162,-27.816360912,0,0,
10331,10331,5.1655000,293596,5166,18355.4023,25453.3594,-7.33060368406,-25.6402227819,0,0,
10332,10332,5.1660000,293596,5166,18349.0332,25448.0723,-10.8614382346,-21.6715787193,0,0,
10333,10333,5.1665000,293597,5167,18344.2246,25444.5859,-14.759825765,-14.0373997669,0,0,
10334,10334,5.1670000,293597,5167,18334.7285,25447.4707,-21.3314212046,-2.39732679395,0,0,
10335,10335,5.1675000,293598,5168,18324.5098,25445.9082,-29.0161672602,0.68313252122,0,0,
10336,10336,5.1680000,293598,5168,18320.6641,25445.3066,-27.6409187603,3.26493830383,0,0,
10337,10337,5.1685000,293599,5169,18318.2598,25447.9512,-25.9983408059,5.98801907304,0,0,
10338,10338,5.1690000,293599,5169,18321.9863,25446.0293,-16.9927696515,4.83563414674,0,0,
10339,10339,5.1695000,293600,5170,18320.9043,25442.9043,-13.2963130665,3.50139264522,0,0,
10340,10340,5.1700000,293600,5170,18324.6309,25441.0996,-3.9187540866,4.78116597782,0,0,
10341,10341,5.1705000,293601,5171,18321.9863,25432.4453,-3.34216285934,-1.08078003796,0,0,
10342,10342,5.1710000,293601,5171,18324.752,25427.2754,-0.890553090052,-1.96059361235,0,0,
10343,10343,5.1715000,293602,5172,18321.5059,25424.873,-1.96613917938,-0.839009287721,0,0,
10344,10344,5.1720000,293602,5172,18328.4785,25412.6113,8.65896057091,-9.14797255372,0,0,
10345,10345,5.1725000,293603,5173,18339.2949,25404.6797,19.2741896872,-12.6022808208,0,0,
10346,10346,5.1730000,293603,5173,18342.9023,25404.0781,21.5836214972,-8.57916367801,0,0,
10347,10347,5.1735000,293604,5174,18345.7871,25394.3418,20.8708355591,-9.31901018353,0,0,
10348,10348,5.1740000,293604,5174,18340.6191,25403.2363,11.9316512553,9.62342880436,0,0,
10349,10349,5.1745000,293605,5175,18338.8145,25415.6172,9.46407256295,27.2096599023,0,0,
10350,10350,5.1750000,293605,5175,18335.8105,25428.7188,7.03301193023,36.3090386159,0,0,
10351,10351,5.1755000,293606,5176,18342.3008,25436.7734,12.0232298185,41.9301600471,0,0,
10352,10352,5.1760000,293606,5176,18342.0605,25445.0684,7.32379680408,45.7389160358,0,0,
10353,10353,5.1765000,293607,5177,18339.7754,25454.6816,2.7008846223,48.3221949387,0,0,
10354,10354,5.1770000,293607,5177,18337.1309,25461.7734,-2.70938417078,46.0149025274,0,0,
10355,10355,5.1775000,293608,5178,18342.3008,25470.5488,-0.650217985449,46.0473496044,0,0,
10356,10356,5.1780000,293608,5178,18349.6328,25467.1855,4.9886935326,34.5898845559,0,0,
10357,10357,5.1785000,293609,5179,18349.9941,25463.8184,6.73049887875,26.2915411776,0,0,
10358,10358,5.1790000,293609,5179,18352.5176,25457.4473,13.9778841863,13.1994968204,0,0,
10359,10359,5.1795000,293610,5180,18349.5137,25456.4863,16.3091857621,4.08015020335,0,0,
10360,10360,5.1800000,293610,5180,18352.998,25453.1191,22.1057758309,-3.40930676815,0,0,
10361,10361,5.1805000,293611,5181,18352.3965,25448.3125,18.9219201755,-10.9805731044,0,0,
10362,10362,5.1810000,293611,5181,18348.6719,25453.2402,14.1241719137,-7.78628664902,0,0,
10363,10363,5.1815000,293612,5182,18348.5508,25458.4082,10.1859702501,-3.56925876889,0,0,
10364,10364,5.1820000,293612,5182,18346.5078,25465.9824,1.99996589726,2.06249128266,0,0,
10365,10365,5.1825000,293613,5183,18349.1523,25463.8184,2.04178643553,-0.480765843075,0,0,
10366,10366,5.1830000,293613,5183,18353.8398,25456.2441,4.97042132198,-6.14999891268,0,0,
10367,10367,5.1835000,293614,5184,18356.3652,25443.7441,5.19636289027,-15.2196912491,0,0,
10368,10368,5.1840000,293614,5184,18356.7246,25431.4844,2.0787746743,-22.6267943057,0,0,
10369,10369,5.1845000,293615,5185,18349.6328,25425.834,-8.6362675369,-22.4097201105,0,0,
10370,10370,5.1850000,293615,5185,18342.7812,25437.0137,-15.2978146328,-8.51115165187,0,0,
10371,10371,5.1855000,293616,5186,18335.4492,25448.4316,-18.2525179801,0.847991183015,0,0,
10372,10372,5.1860000,293616,5186,18331.7227,25442.3027,-15.1792436135,-3.44813811683,0,0,
10373,10373,5.1865000,293617,5187,18340.1367,25422.5879,-4.83140937709,-16.2462825388,0,0,
10374,10374,5.1870000,293617,5187,18343.3828,25391.3359,0.280302498598,-36.6769081503,0,0,
10375,10375,5.1875000,293618,5188,18345.4258,25378.4746,1.7685968679,-39.1619751526,0,0,
10376,10376,5.1880000,293618,5188,18349.1523,25377.9941,4.68333401203,-31.1856848322,0,0,
10377,10377,5.1885000,293619,5189,18348.1895,25392.8984,1.92309177153,-13.8710466862,0,0,
10378,10378,5.1890000,293619,5189,18347.4707,25404.6797,0.532840644554,-1.12522073336,0,0,
10379,10379,5.1895000,293620,5190,18345.9062,25410.4473,-0.611475049255,4.96929028637,0,0,
10380,10380,5.1900000,293620,5190,18347.2285,25411.4082,1.68368736917,6.70002372743,0,0,
10381,10381,5.1905000,293621,5191,18344.1035,25404.9199,-0.70632740374,1.9951363135,0,0,
10382,10382,5.1910000,293621,5191,18346.5078,25399.1484,-1.14655846726,-1.10268182675,0,0,
10383,10383,5.1915000,293622,5192,18348.5508,25393.6191,0.467564290693,-4.26313541391,0,0,
10384,10384,5.1920000,293622,5192,18360.0918,25393.2598,10.1073887625,-2.04318821435,0,0,
10385,10385,5.1925000,293623,5193,18363.4551,25396.0234,9.5707734594,1.1309558818,0,0,
10386,10386,5.1930000,293623,5193,18365.1387,25400.7109,8.56365428512,4.39301622528,0,0,
10387,10387,5.1935000,293624,5194,18372.1113,25400.4707,10.5349718113,6.86765603506,0,0,
10388,10388,5.1940000,293624,5194,18374.0332,25399.3906,7.81039019525,8.26700571471,0,0,
10389,10389,5.1945000,293625,5195,18371.2695,25396.2656,2.72902752802,6.62961223494,0,0,
10390,10390,5.1950000,293625,5195,18370.9082,25393.6191,1.08299210663,1.26033466801,0,0,
10391,10391,5.1955000,293626,5196,18365.7402,25393.8594,-6.33971941842,2.42705613044,0,0,
10392,10392,5.1960000,293626,5196,18363.9375,25387.3691,-10.9749375795,-2.2595803663,0,0,
10393,10393,5.1965000,293627,5197,18354.6816,25383.041,-19.5575536922,-4.96335130279,0,0,
10394,10394,5.1970000,293627,5197,18350.834,25388.9316,-22.8670553191,0.556105143893,0,0,
10395,10395,5.1975000,293628,5198,18350.1133,25395.1816,-23.903938126,6.25596927161,0,0,
10396,10396,5.1980000,293628,5198,18346.627,25398.7891,-25.1519769472,10.1028359084,0,0,
10397,10397,5.1985000,293629,5199,18344.2246,25400.5918,-21.3526685637,12.9931948945,0,0,
10398,10398,5.1990000,293629,5199,18343.2617,25401.1934,-13.7014118569,12.0034378659,0,0,
10399,10399,5.1995000,293630,5200,18342.9023,25397.8281,-4.87356917426,4.93446186648,0,0,
10400,10400,5.2000000,293630,5200,18346.9883,25397.9473,4.10521011954,4.02766601907,0,0,
10401,10401,5.2005000,293631,5201,18345.666,25397.5859,4.35498385102,2.89050955033,0,0,
10402,10402,5.2010000,293631,5201,18344.2246,25389.5332,5.49234031165,-4.72123474975,0,0,
10403,10403,5.2015000,293632,5202,18349.0332,25381.8418,8.68169244058,-9.26759718408,0,0,
10404,10404,5.2020000,293632,5202,18349.3926,25372.8262,5.29875574713,-13.7975931753,0,0,
10405,10405,5.2025000,293633,5203,18351.0762,25374.5078,5.15933721136,-6.05394247662,0,0,
10406,10406,5.2030000,293633,5203,18352.7578,25379.4355,5.72621854393,4.62965179185,0,0,
10407,10407,5.2035000,293634,5204,18355.2832,25380.6387,6.9680553003,10.6506417845,0,0,
10408,10408,5.2040000,293634,5204,18359.6094,25384.125,8.57235022113,16.802275177,0,0,
10409,10409,5.2045000,293635,5205,18359.4902,25383.8828,5.69705559455,17.8048209522,0,0,
10410,10410,5.2050000,293635,5205,18350.3535,25374.2676,-2.69673731471,7.84638279362,0,0,
10411,10411,5.2055000,293636,5206,18343.9824,25367.1738,-5.04987572162,0.0642280904155,0,0,
10412,10412,5.2060000,293636,5206,18339.1758,25370.0605,-4.38871497779,6.70812112631,0,0,
10413,10413,5.2065000,293637,5207,18337.6133,25369.8203,-4.86149944585,12.9564974797,0,0,
10414,10414,5.2070000,293637,5207,18338.2129,25370.6621,-1.81935999395,19.614356429,0,0,
10415,10415,5.2075000,293638,5208,18342.1816,25369.5781,2.31985067798,18.7063622657,0,0,
10416,10416,5.2080000,293638,5208,18347.4707,25377.2734,6.76040437708,21.9216687176,0,0,
10417,10417,5.2085000,293639,5209,18349.0332,25376.5527,7.03663209814,12.9221789984,0,0,
10418,10418,5.2090000,293639,5209,18356.3652,25379.0762,12.3011640566,9.20814454427,0,0,
10419,10419,5.2095000,293640,5210,18359.6094,25378.8359,13.6895629677,5.12305971639,0,0,
10420,10420,5.2100000,293640,5210,18365.9805,25377.1504,17.2782388511,1.78201153129,0,0,
10421,10421,5.2105000,293641,5211,18374.7559,25376.4297,21.9693469366,0.866330354564,0,0,
10422,10422,5.2110000,293641,5211,18379.5645,25369.5781,18.7649136964,-5.06017894475,0,0,
10423,10423,5.2115000,293642,5212,18380.7656,25359.2422,14.6610663864,-13.514288932,0,0,
10424,10424,5.2120000,293642,5212,18375.2363,25355.3965,4.54350799304,-15.4909255389,0,0,
10425,10425,5.2125000,293643,5213,18368.9863,25361.8848,-4.20390797289,-10.1163313159,0,0,
10426,10426,5.2130000,293643,5213,18362.4941,25369.8203,-10.3764924792,-5.6165301717,0,0,
10427,10427,5.2135000,293644,5214,18366.2207,25367.416,-8.86496391467,-6.51302977253,0,0,
10428,10428,5.2140000,293644,5214,18369.707,25368.377,-6.89132658981,-4.291657649,0,0,
10429,10429,5.2145000,293645,5215,18374.6348,25353.5938,-2.4268940916,-15.7228167661,0,0,
10430,10430,5.2150000,293645,5215,18372.1113,25344.8184,-4.75321317334,-23.4458608228,0,0,
10431,10431,5.2155000,293646,5216,18372.3516,25337.0059,-5.27721457975,-26.5018093893,0,0,
10432,10432,5.2160000,293646,5216,18370.668,25324.2637,-8.90242263183,-31.5297191748,0,0,
10433,10433,5.2165000,293647,5217,18367.1816,25320.0547,-11.1396063606,-29.0773253587,0,0,
10434,10434,5.2170000,293647,5217,18365.7402,25320.416,-12.8978890251,-25.0746134842,0,0,
10435,10435,5.2175000,293648,5218,18362.8555,25315.4863,-16.8332997007,-24.8995686342,0,0,
10436,10436,5.2180000,293648,5218,18361.4121,25311.5215,-17.0144188844,-21.8048303245,0,0,
10437,10437,5.2185000,293649,5219,18361.4121,25305.2715,-13.1461388851,-19.1850980121,0,0,
10438,10438,5.2190000,293649,5219,18360.5723,25296.2559,-8.3345812351,-20.2547897951,0,0,
10439,10439,5.2195000,293650,5220,18349.873,25300.1016,-10.858354568,-11.7849431309,0,0,
10440,10440,5.2200000,293650,5220,18334.9688,25299.9824,-18.244688299,-6.65889196924,0,0,
10441,10441,5.2205000,293651,5221,18342.541,25298.1797,-6.84162107835,-3.41386687077,0,0,
10442,10442,5.2210000,293651,5221,18365.9805,25296.8574,16.1574751303,0.793818672551,0,0,
10443,10443,5.2215000,293652,5222,18378.3613,25302.9863,22.2671867764,11.2761751518,0,0,
10444,10444,5.2220000,293652,5222,18379.6836,25299.9824,16.7762403427,12.553288283,0,0,
10445,10445,5.2225000,293653,5223,18377.1582,25293.25,9.94162910084,10.7361590211,0,0,
10446,10446,5.2230000,293653,5223,18379.3223,25289.2832,8.58287182133,12.2981725342,0,0,
10447,10447,5.2235000,293654,5224,18380.7656,25283.5156,6.70413986787,13.0597633404,0,0,
10448,10448,5.2240000,293654,5224,18371.3887,25288.5625,-4.58059669272,21.6668664547,0,0,
10449,10449,5.2245000,293655,5225,18353.8398,25299.8613,-19.7875718223,33.4834900919,0,0,
10450,10450,5.2250000,293655,5225,18342.6621,25308.0371,-23.9850825457,39.1981770502,0,0,
10451,10451,5.2255000,293656,5226,18335.8105,25309.5996,-22.1481353394,36.0415950072,0,0,
10452,10452,5.2260000,293656,5226,18334.8477,25304.7891,-14.7499860251,29.919895947,0,0,
10453,10453,5.2265000,293657,5227,18337.1309,25299.2598,-9.31457185629,27.1776146808,0,0,
10454,10454,5.2270000,293657,5227,18336.8926,25292.6504,-5.81479154398,24.1859484585,0,0,
10455,10455,5.2275000,293658,5228,18341.0996,25290.125,-0.621315552769,21.4469362012,0,0,
10456,10456,5.2280000,293658,5228,18340.6191,25290.0059,-0.26193840843,17.093494153,0,0,
10457,10457,5.2285000,293659,5229,18334.9688,25285.5566,-3.54136014501,7.64560540425,0,0,
10458,10458,5.2290000,293659,5229,18327.3965,25289.5234,-8.05065941236,7.04401233966,0,0,
10459,10459,5.2295000,293660,5230,18323.7891,25288.8027,-6.93744169344,4.11434870933,0,0,
10460,10460,5.2300000,293660,5230,18322.4668,25286.6406,-4.20138517997,1.68554500961,0,0,
10461,10461,5.2305000,293661,5231,18324.0293,25286.7598,0.411397947591,2.16222941754,0,0,
10462,10462,5.2310000,293661,5231,18334.9688,25286.2793,9.91629420267,2.79850137693,0,0,
10463,10463,5.2315000,293662,5232,18348.1895,25283.2734,21.4557644955,0.952218013246,0,0,
10464,10464,5.2320000,293662,5232,18345.4258,25284.5957,17.9229367798,1.24758084269,0,0,
10465,10465,5.2325000,293663,5233,18339.0547,25286.0391,12.2354976139,-1.57222595449,0,0,
10466,10466,5.2330000,293663,5233,18342.1816,25285.9199,16.1151227504,-6.36325401438,0,0,
10467,10467,5.2335000,293664,5234,18343.1426,25284.3574,14.1351100138,-6.71921252845,0,0,
10468,10468,5.2340000,293664,5234,18350.834,25278.7051,18.5229446868,-10.7516122105,0,0,
10469,10469,5.2345000,293665,5235,18353.2402,25273.416,18.6039312987,-11.5055005565,0,0,
10470,10470,5.2350000,293665,5235,18349.6328,25275.0996,14.8464938947,-10.3110606066,0,0,
10471,10471,5.2355000,293666,5236,18338.0938,25278.8262,4.03240239722,-6.28594783397,0,0,
10472,10472,5.2360000,293666,5236,18329.4395,25288.084,-3.38655405271,2.84887718629,0,0,
10473,10473,5.2365000,293667,5237,18317.2988,25294.5723,-10.1225753472,5.46424690736,0,0,
10474,10474,5.2370000,293667,5237,18308.043,25296.1348,-14.6770444581,0.677547321243,0,0,
10475,10475,5.2375000,293668,5238,18302.2734,25293.25,-16.1492050577,-5.65054014469,0,0,
10476,10476,5.2380000,293668,5238,18306.4805,25293.6113,-7.88819445841,-7.19024831818,0,0,
10477,10477,5.2385000,293669,5239,18304.5566,25288.9238,-4.12842173537,-11.1353276067,0,0,
10478,10478,5.2390000,293669,5239,18297.2246,25291.3281,-3.42537946935,-9.38433125084,0,0,
10479,10479,5.2395000,293670,5240,18292.6582,25292.1699,2.28387599106,-12.7308602547,0,0,
10480,10480,5.2400000,293670,5240,18290.4941,25287.1191,7.82230630493,-18.6819327722,0,0,
10481,10481,5.2405000,293671,5241,18288.3301,25282.1934,7.60738244024,-22.8680402006,0,0,
10482,10482,5.2410000,293671,5241,18300.4707,25278.3457,16.9880734268,-24.4893156817,0,0,
10483,10483,5.2415000,293672,5242,18332.5645,25256.709,39.6240686107,-40.3466962375,0,0,
10484,10484,5.2420000,293672,5242,18358.6484,25217.6426,53.1847007979,-64.786897035,0,0,
10485,10485,5.2425000,293673,5243,18400.1191,25166.1973,76.7880269139,-92.3594659578,0,0,
10486,10486,5.2430000,293673,5243,18428.125,25151.7734,82.8758994371,-82.5618092763,0,0,
10487,10487,5.2435000,293674,5244,18420.0723,25177.0156,56.8682106938,-39.7641277882,0,0,
10488,10488,5.2440000,293674,5244,18404.084,25199.252,29.0957982284,-8.98541775457,0,0,
10489,10489,5.2445000,293675,5245,18385.4531,25221.0078,5.24953835154,14.9282702482,0,0,
10490,10490,5.2450000,293675,5245,18378.002,25235.7949,-4.56216943265,28.4684874721,0,0,
10491,10491,5.2455000,293676,5246,18384.9727,25252.3828,-0.989335580932,40.2137818483,0,0,
10492,10492,5.2460000,293676,5246,18390.1426,25258.3926,-0.503575232001,43.374176447,0,0,
10493,10493,5.2465000,293677,5247,18390.623,25257.9121,-7.74818580374,42.7773686071,0,0,
10494,10494,5.2470000,293677,5247,18385.8145,25255.2656,-17.1202560331,40.520800809,0,0,
10495,10495,5.2475000,293678,5248,18381.2461,25258.6328,-26.5336414825,39.6953259884,0,0,
10496,10496,5.2480000,293678,5248,18381.127,25258.873,-29.8819979254,32.51512474,0,0,
10497,10497,5.2485000,293679,5249,18382.9297,25264.6426,-29.7158713331,29.6541254924,0,0,
10498,10498,5.2490000,293679,5249,18376.0781,25279.4277,-36.5498993899,32.9850676238,0,0,
10499,10499,5.2495000,293680,5250,18373.5527,25288.2031,-37.9542600158,32.1224161884,0,0,
10500,10500,5.2500000,293680,5250,18370.9082,25293.0098,-39.4554463653,28.7385335374,0,0,
10501,10501,5.2505000,293681,5251,18371.0293,25274.2578,-38.6337405241,6.54736712576,0,0,
10502,10502,5.2510000,293681,5251,18370.3066,25234.1113,-41.2888995918,-27.9681998732,0,0,
10503,10503,5.2515000,293682,5252,18367.0625,25189.1562,-43.6223778905,-58.7947413213,0,0,
10504,10504,5.2520000,293682,5252,18361.293,25165.5957,-43.9811711597,-67.0897883797,0,0,
10505,10505,5.2525000,293683,5253,18362.1348,25173.7676,-37.4136077053,-49.1317899719,0,0,
10506,10506,5.2530000,293683,5253,18366.8223,25196.248,-29.2325998368,-22.6549838255,0,0,
10507,10507,5.2535000,293684,5254,18363.8164,25217.1621,-30.4848316217,1.99931834934,0,0,
10508,10508,5.2540000,293684,5254,18357.2051,25236.7559,-34.3225309495,21.2460940424,0,0,
10509,10509,5.2545000,293685,5255,18340.2578,25247.6953,-43.2594420505,31.1279534877,0,0,
10510,10510,5.2550000,293685,5255,18333.5254,25258.5137,-39.1902941407,34.2250883646,0,0,
10511,10511,5.2555000,293686,5256,18331.2422,25263.8027,-30.9886810804,32.3973519385,0,0,
10512,10512,5.2560000,293686,5256,18337.373,25261.2754,-18.0519217693,24.2785968344,0,0,
10513,10513,5.2565000,293687,5257,18347.3496,25260.4355,-1.83929872115,17.2749205515,0,0,
10514,10514,5.2570000,293687,5257,18351.7969,25256.3496,5.19072902174,7.38811013906,0,0,
10515,10515,5.2575000,293688,5258,18346.3887,25256.2285,1.70210237397,4.23377968154,0,0,
10516,10516,5.2580000,293688,5258,18348.5508,25252.502,4.37775516861,-1.04462996138,0,0,
10517,10517,5.2585000,293689,5259,18350.4746,25251.541,8.96091673919,-1.11771939917,0,0,
10518,10518,5.2590000,293689,5259,18355.1621,25243.9688,17.3218854924,-8.32509670893,0,0,
10519,10519,5.2595000,293690,5260,18359.4902,25246.1309,25.3876082071,-8.65662204943,0,0,
10520,10520,5.2600000,293690,5260,18361.7734,25246.8516,28.7197338327,-7.82895865434,0,0,
10521,10521,5.2605000,293691,5261,18363.2168,25247.334,26.6835279271,-6.99403835872,0,0,
10522,10522,5.2610000,293691,5261,18361.5332,25254.7871,18.3119099352,-0.302348467266,0,0,
10523,10523,5.2615000,293692,5262,18354.3223,25260.3145,3.11171325948,5.96522945927,0,0,
10524,10524,5.2620000,293692,5262,18355.8848,25256.9512,-0.125849346036,7.82794253025,0,0,
10525,10525,5.2625000,293693,5263,18350.9551,25257.4297,-9.09817792145,14.8025174402,0,0,
10526,10526,5.2630000,293693,5263,18350.2344,25255.627,-10.5078861314,12.2008771161,0,0,
10527,10527,5.2635000,293694,5264,18350.1133,25248.7754,-4.6319133949,-0.0031006135695,0,0,
10528,10528,5.2640000,293694,5264,18358.5293,25241.084,9.52513292736,-11.9612549698,0,0,
10529,10529,5.2645000,293695,5265,18358.4082,25231.5859,15.8876550242,-23.5645211743,0,0,
10530,10530,5.2650000,293695,5265,18361.5332,25234.9531,22.4930604975,-21.0447974828,0,0,
10531,10531,5.2655000,293696,5266,18359.8496,25235.1934,21.5719541052,-21.6798815635,0,0,
10532,10532,5.2660000,293696,5266,18357.5664,25235.7949,20.1090851485,-17.4885500563,0,0,
10533,10533,5.2665000,293697,5267,18353.1191,25237.7168,15.1397439591,-9.40333524178,0,0,
10534,10534,5.2670000,293697,5267,18347.8301,25238.0781,12.133925474,-3.025188595,0,0,
10535,10535,5.2675000,293698,5268,18343.8633,25234.834,9.22588823445,-4.16934317532,0,0,
10536,10536,5.2680000,293698,5268,18344.3438,25228.5801,10.2668774629,-9.43210731642,0,0,
10537,10537,5.2685000,293699,5269,18343.9824,25229.5449,11.0781332569,-9.19397810985,0,0,
10538,10538,5.2690000,293699,5269,18346.8691,25234.5918,15.6536587793,-7.70069126096,0,0,
10539,10539,5.2695000,293700,5270,18349.1523,25245.7715,18.2551967457,1.33002563976,0,0,
10540,10540,5.2700000,293700,5270,18345.7871,25252.1406,15.1121593597,6.48611221905,0,0,
10541,10541,5.2705000,293701,5271,18354.8027,25256.1094,21.4445442194,12.75577182,0,0,
10542,10542,5.2710000,293701,5271,18359.1289,25254.7871,20.1272306133,17.5781274597,0,0,
10543,10543,5.2715000,293702,5272,18365.2598,25253.7031,21.6383673083,22.4391691478,0,0,
10544,10544,5.2720000,293702,5272,18363.0957,25262.2402,18.5193100193,28.6602223134,0,0,
10545,10545,5.2725000,293703,5273,18362.6152,25266.6855,16.5914887151,22.713323038,0,0,
10546,10546,5.2730000,293703,5273,18365.6191,25261.0371,16.2334881608,6.49605206458,0,0,
10547,10547,5.2735000,293704,5274,18361.5332,25260.4355,9.45896609721,0.822021186982,0,0,
10548,10548,5.2740000,293704,5274,18357.6855,25266.2051,4.17790238804,1.86963734193,0,0,
10549,10549,5.2745000,293705,5275,18349.2715,25255.9863,-0.763073326952,-7.45844750794,0,0,
10550,10550,5.2750000,293705,5275,18345.3066,25242.8848,-1.20804920653,-20.4575251234,0,0,
10551,10551,5.2755000,293706,5276,18344.1035,25243.3672,0.234418191513,-17.9922934386,0,0,
10552,10552,5.2760000,293706,5276,18336.6504,25256.4688,-6.07154647884,-3.90786378035,0,0,
10553,10553,5.2765000,293707,5277,18331.002,25276.0625,-8.55007374745,11.4546100096,0,0,
10554,10554,5.2770000,293707,5277,18328.1172,25296.7363,-8.72432391419,24.0249925582,0,0,
10555,10555,5.2775000,293708,5278,18329.3184,25304.3105,-4.8760056783,23.8879665612,0,0,
10556,10556,5.2780000,293708,5278,18327.9961,25301.7871,-5.65386600321,15.9748007748,0,0,
10557,10557,5.2785000,293709,5279,18332.2031,25299.9824,0.249955428674,10.943613923,0,0,
10558,10558,5.2790000,293709,5279,18338.2129,25296.6172,7.84060828721,5.02091849481,0,0,
10559,10559,5.2795000,293710,5280,18342.541,25292.1699,13.8174309269,-4.37070581214,0,0,
10560,10560,5.2800000,293710,5280,18348.4316,25285.5566,18.8887208548,-11.7187212581,0,0,
10561,10561,5.2805000,293711,5281,18354.5605,25277.7441,19.8901602684,-18.1783650753,0,0,
10562,10562,5.2810000,293711,5281,18362.9746,25260.916,19.4310985524,-31.1983665682,0,0,
10563,10563,5.2815000,293712,5282,18372.1113,25251.7812,16.9367430443,-32.538602283,0,0,
10564,10564,5.2820000,293712,5282,18369.5879,25252.8613,4.97492301078,-19.9024133447,0,0,
10565,10565,5.2825000,293713,5283,18354.5605,25258.0312,-15.0353868323,-4.51604047279,0,0,
10566,10566,5.2830000,293713,5283,18342.3008,25257.3105,-27.8937263868,-1.08780432325,0,0,
10567,10567,5.2835000,293714,5284,18337.252,25257.5488,-27.311166888,-1.13673358939,0,0,
10568,10568,5.2840000,293714,5284,18335.8105,25258.3926,-23.1873557831,-1.506682705,0,0,
10569,10569,5.2845000,293715,5285,18335.3301,25261.2754,-15.9294323723,-0.270510787634,0,0,
10570,10570,5.2850000,293715,5285,18335.0879,25258.2715,-11.0627018035,-5.15839714161,0,0,
10571,10571,5.2855000,293716,5286,18337.252,25254.4238,-6.00005419799,-9.44688708602,0,0,
10572,10572,5.2860000,293716,5286,18339.416,25251.4199,-1.82384897957,-8.77227748129,0,0,
10573,10573,5.2865000,293717,5287,18343.0215,25250.9395,1.5168390711,-3.46392987611,0,0,
10574,10574,5.2870000,293717,5287,18348.9121,25250.0996,7.45657752139,1.74084200865,0,0,
10575,10575,5.2875000,293718,5288,18352.3965,25250.9395,8.60621460256,5.25184034029,0,0,
10576,10576,5.2880000,293718,5288,18349.3926,25247.2129,3.09735159573,3.32841214124,0,0,
10577,10577,5.2885000,293719,5289,18350.9551,25251.2988,2.80887904713,5.72104552537,0,0,
10578,10578,5.2890000,293719,5289,18357.6855,25251.6621,7.06455567169,2.24171495298,0,0,
10579,10579,5.2895000,293720,5290,18367.6641,25254.9062,12.5301076762,2.98996838587,0,0,
10580,10580,5.2900000,293720,5290,18369.1055,25256.9512,10.1522782887,4.88939980502,0,0,
10581,10581,5.2905000,293721,5291,18363.2168,25263.9219,-0.870382502581,14.1165899544,0,0,
10582,10582,5.2910000,293721,5291,18359.6094,25269.2109,-9.16648775564,24.2860265212,0,0,
10583,10583,5.2915000,293722,5292,18353.7207,25278.5859,-16.8543792994,36.2165174304,0,0,
10584,10584,5.2920000,293722,5292,18347.2285,25281.3516,-19.8444271786,34.2652204704,0,0,
10585,10585,5.2925000,293723,5293,18336.4121,25276.9043,-26.1250143366,21.2826883837,0,0,
10586,10586,5.2930000,293723,5293,18329.9199,25270.4121,-28.9022486597,8.19985779472,0,0,
10587,10587,5.2935000,293724,5294,18331.6035,25267.166,-23.2535257375,2.06417354903,0,0,
10588,10588,5.2940000,293724,5294,18333.8867,25258.9922,-17.7231518233,-7.49767505517,0,0,
10589,10589,5.2945000,293725,5295,18334.0059,25257.4297,-11.500066305,-4.85539862842,0,0,
10590,10590,5.2950000,293725,5295,18332.4434,25251.6621,-8.42158058055,-8.15694453441,0,0,
10591,10591,5.2955000,293726,5296,18335.3301,25250.9395,-3.00840893933,-7.55039828823,0,0,
10592,10592,5.2960000,293726,5296,18342.1816,25252.623,3.69153251046,-5.77845753066,0,0,
10593,10593,5.2965000,293727,5297,18340.8574,25253.8262,2.91883119895,-6.67904813802,0,0,
10594,10594,5.2970000,293727,5297,18337.4922,25255.2656,-0.34405852371,-7.54074971027,0,0,
10595,10595,5.2975000,293728,5298,18336.5312,25251.6621,-1.3099251695,-9.27026952361,0,0,
10596,10596,5.2980000,293728,5298,18338.6934,25254.0645,-0.703191761862,-3.20518864905,0,0,
10597,10597,5.2985000,293729,5299,18346.0273,25255.1465,4.58133998262,1.55709419309,0,0,
10598,10598,5.2990000,293729,5299,18343.1426,25249.7363,1.28893345244,0.223744593152,0,0,
10599,10599,5.2995000,293730,5300,18345.5449,25243.127,4.22858652683,-4.384177853,0,0,
10600,10600,5.3000000,293730,5300,18345.7871,25236.5156,3.93253893596,-5.99675173361,0,0,
10601,10601,5.3005000,293731,5301,18342.3008,25232.5488,-1.71092048631,-4.53833885865,0,0,
10602,10602,5.3010000,293731,5301,18344.7051,25233.8691,-3.95294880195,1.87128090434,0,0,
10603,10603,5.3015000,293732,5302,18350.3535,25234.7109,-4.94628854475,7.27597155949,0,0,
10604,10604,5.3020000,293732,5302,18348.9121,25237.4766,-9.50517204219,15.247530701,0,0,
10605,10605,5.3025000,293733,5303,18351.916,25237.959,-7.38927614353,20.0721584978,0,0,
10606,10606,5.3030000,293733,5303,18348.791,25236.2754,-10.2449594217,19.3366134225,0,0,
10607,10607,5.3035000,293734,5304,18344.1035,25226.6582,-11.0363048094,8.89413600594,0,0,
10608,10608,5.3040000,293734,5304,18339.2949,25222.9316,-11.8663359697,4.22532255668,0,0,
10609,10609,5.3045000,293735,5305,18336.6504,25218.6035,-8.44429204659,-0.624242441101,0,0,
10610,10610,5.3050000,293735,5305,18326.3145,25221.7285,-12.8121302532,1.45740933998,0,0,
10611,10611,5.3055000,293736,5306,18327.0352,25221.8516,-8.22414935177,0.888389586874,0,0,
10612,10612,5.3060000,293736,5306,18322.2266,25227.7402,-8.67982365112,7.37406810593,0,0,
10613,10613,5.3065000,293737,5307,18327.877,25234.834,-1.47867348002,14.8657592488,0,0,
10614,10614,5.3070000,293737,5307,18335.209,25235.3125,6.65526387823,16.0410119577,0,0,
10615,10615,5.3075000,293738,5308,18346.627,25236.0332,15.7163951282,14.7638601314,0,0,
10616,10616,5.3080000,293738,5308,18355.6426,25240.2422,21.1807804347,15.9698903642,0,0,
10617,10617,5.3085000,293739,5309,18351.3164,25241.6855,14.2428907361,10.9920286674,0,0,
10618,10618,5.3090000,293739,5309,18342.0605,25237.4766,4.03322371736,0.689243356408,0,0,
10619,10619,5.3095000,293740,5310,18337.373,25239.1582,-1.26473905281,-2.65741927044,0,0,
10620,10620,5.3100000,293740,5310,18333.166,25241.6855,-3.20755747987,-2.90636025641,0,0,
10621,10621,5.3105000,293741,5311,18332.4434,25243.9688,-2.84096325626,-1.34965063156,0,0,
10622,10622,5.3110000,293741,5311,18337.4922,25240.123,1.01134284095,-1.57610677335,0,0,
10623,10623,5.3115000,293742,5312,18342.9023,25235.1934,5.50755824098,-2.832892181,0,0,
10624,10624,5.3120000,293742,5312,18349.0332,25231.5859,12.5746716379,-6.29144910968,0,0,
10625,10625,5.3125000,293743,5313,18347.5898,25227.2598,12.1775725462,-12.5021878627,0,0,
10626,10626,5.3130000,293743,5313,18343.3828,25223.6543,7.45074308566,-17.0052782993,0,0,
10627,10627,5.3135000,293744,5314,18337.252,25226.1777,1.2996144538,-14.5476546628,0,0,
10628,10628,5.3140000,293744,5314,18340.0176,25225.9375,3.52644977471,-14.3811884921,0,0,
10629,10629,5.3145000,293745,5315,18344.584,25224.6152,9.65077275307,-12.2453395887,0,0,
10630,10630,5.3150000,293745,5315,18346.2676,25220.2891,11.7559295789,-13.8985896012,0,0,
10631,10631,5.3155000,293746,5316,18348.3105,25215.1191,12.157375923,-17.4098907449,0,0,
10632,10632,5.3160000,293746,5316,18360.4512,25210.5527,19.0100446975,-20.6055350413,0,0,
10633,10633,5.3165000,293747,5317,18355.5234,25207.1855,12.1291840956,-23.5040799679,0,0,
10634,10634,5.3170000,293747,5317,18346.627,25202.6172,2.72928034449,-26.8665167275,0,0,
10635,10635,5.3175000,293748,5318,18341.6992,25200.5762,-2.32842568095,-23.9847361786,0,0,
10636,10636,5.3180000,293748,5318,18339.6562,25200.6953,-5.47570300512,-18.582839643,0,0,
10637,10637,5.3185000,293749,5319,18341.5801,25190.5996,-5.06807904162,-21.2314362152,0,0,
10638,10638,5.3190000,293749,5319,18344.2246,25189.2754,-1.75405742212,-14.7560074791,0,0,
10639,10639,5.3195000,293750,5320,18341.3379,25188.4355,-3.29266259314,-10.7191436761,0,0,
10640,10640,5.3200000,293750,5320,18339.0547,25188.1934,-4.26939026117,-5.18377186614,0,0,
10641,10641,5.3205000,293751,5321,18337.373,25188.6738,-5.69318638608,-0.083612796148,0,0,
10642,10642,5.3210000,293751,5321,18338.334,25186.0312,-7.50623459816,1.33592574412,0,0,
10643,10643,5.3215000,293752,5322,18342.4199,25181.584,-8.28748065842,1.61243762609,0,0,
10644,10644,5.3220000,293752,5322,18343.623,25174.25,-8.38575544377,0.943252370866,0,0,
10645,10645,5.3225000,293753,5323,18347.2285,25171.8457,-5.44476487129,5.21148767806,0,0,
10646,10646,5.3230000,293753,5323,18343.1426,25171.9668,-7.92465520311,9.01782101725,0,0,
10647,10647,5.3235000,293754,5324,18339.2949,25170.4043,-7.22656164045,9.46303471159,0,0,
10648,10648,5.3240000,293754,5324,18337.7324,25171.125,-4.86647650468,9.89590435309,0,0,
10649,10649,5.3245000,293755,5325,18336.0508,25168.4824,-1.60519266507,7.07374293894,0,0,
10650,10650,5.3250000,293755,5325,18335.209,25166.5566,2.14929350703,4.04048040744,0,0,
10651,10651,5.3255000,293756,5326,18334.127,25160.666,2.2807646753,-0.958853633581,0,0,
10652,10652,5.3260000,293756,5326,18333.4062,25161.8691,3.65350105521,1.7170673805,0,0,
10653,10653,5.3265000,293757,5327,18323.9102,25161.75,-4.93440786476,3.81054558493,0,0,
10654,10654,5.3270000,293757,5327,18314.293,25158.3828,-11.3508476279,4.60949885762,0,0,
10655,10655,5.3275000,293758,5328,18312.4902,25156.5801,-11.1387059114,4.83246256379,0,0,
10656,10656,5.3280000,293758,5328,18319.8223,25158.8652,-2.58950326706,7.54806728494,0,0,
10657,10657,5.3285000,293759,5329,18310.5684,25159.4668,-6.86383314811,6.12671820352,0,0,
10658,10658,5.3290000,293759,5329,18306.2402,25157.6621,-5.5683159836,2.80101786231,0,0,
10659,10659,5.3295000,293760,5330,18312.25,25151.0527,2.73725885304,-4.43034732636,0,0,
10660,10660,5.3300000,293760,5330,18318.7402,25146.2422,11.3007228321,-7.29975193521,0,0,
10661,10661,5.3305000,293761,5331,18315.8574,25142.3965,9.18809600606,-6.92815299482,0,0,
10662,10662,5.3310000,293761,5331,18311.8887,25142.877,4.65736772297,0.955322200432,0,0,
10663,10663,5.3315000,293762,5332,18312.4902,25144.5605,5.52801099666,8.46412186641,0,0,
10664,10664,5.3320000,293762,5332,18309.8457,25143.5996,5.84917579721,9.36524223226,0,0,
10665,10665,5.3325000,293763,5333,18311.4082,25138.6699,10.9390938148,4.66614345465,0,0,
10666,10666,5.3330000,293763,5333,18326.7949,25134.2246,24.9476539572,0.995907866889,0,0,
10667,10667,5.3335000,293764,5334,18368.9863,25131.2188,57.1385127026,-0.993824228441,0,0,
10668,10668,5.3340000,293764,5334,18397.5938,25130.0156,69.4500013217,-0.381119099504,0,0,
10669,10669,5.3345000,293765,5335,18384.6113,25124.125,46.3761914463,-1.23873839345,0,0,
10670,10670,5.3350000,293765,5335,18359.7305,25122.6816,17.355420538,1.39689973766,0,0,
10671,10671,5.3355000,293766,5336,18334.9688,25124.6074,-7.55367911981,5.08700811217,0,0,
10672,10672,5.3360000,293766,5336,18317.1777,25121.7207,-24.7224646965,3.15950336564,0,0,
10673,10673,5.3365000,293767,5337,18319.8223,25125.209,-17.5025625695,5.24300738763,0,0,
10674,10674,5.3370000,293767,5337,18335.6895,25122.084,-0.483911110608,1.34817432486,0,0,
10675,10675,5.3375000,293768,5338,18347.2285,25107.416,8.44984214341,-9.05910510562,0,0,
10676,10676,5.3380000,293768,5338,18353.4785,25079.4121,9.43759674922,-27.5849779572,0,0,
10677,10677,5.3385000,293769,5339,18348.5508,25063.4238,-0.0653997298974,-29.7919949199,0,0,
10678,10678,5.3390000,293769,5339,18359.9707,25058.8574,6.99719914136,-22.2104680292,0,0,
10679,10679,5.3395000,293770,5340,18381.9668,25058.1348,21.9265418599,-13.997168345,0,0,
10680,10680,5.3400000,293770,5340,18386.8965,25068.2324,19.1590305131,2.9103139141,0,0,
10681,10681,5.3405000,293771,5341,18377.2793,25076.8848,3.47834619186,15.2634535636,0,0,
10682,10682,5.3410000,293771,5341,18362.7363,25083.7363,-16.2280898036,23.9261206615,0,0,
10683,10683,5.3415000,293772,5342,18354.8027,25089.5078,-28.8252525142,30.4006168091,0,0,
10684,10684,5.3420000,293772,5342,18354.4414,25086.9844,-29.9482130709,29.9886672211,0,0,
10685,10685,5.3425000,293773,5343,18354.0801,25086.7422,-30.1748229228,30.7523509162,0,0,
10686,10686,5.3430000,293773,5343,18352.5176,25087.584,-28.7016508952,29.9211393606,0,0,
10687,10687,5.3435000,293774,5344,18351.916,25082.416,-24.558471129,23.1499665238,0,0,
10688,10688,5.3440000,293774,5344,18351.7969,25069.4355,-21.0684563813,9.22004582124,0,0,
10689,10689,5.3445000,293775,5345,18352.2773,25061.6191,-16.4363075349,2.2322487686,0,0,
10690,10690,5.3450000,293775,5345,18348.791,25055.6094,-15.5453360123,-3.15224887566,0,0,
10691,10691,5.3455000,293776,5346,18345.3066,25052.7266,-16.7336514507,-3.78182749727,0,0,
10692,10692,5.3460000,293776,5346,18347.709,25051.6426,-11.9873355768,-3.26641537267,0,0,
10693,10693,5.3465000,293777,5347,18359.9707,25048.3984,-0.697485079178,-3.58113506929,0,0,
10694,10694,5.3470000,293777,5347,18369.2266,25045.875,6.24385006551,-1.30680122537,0,0,
10695,10695,5.3475000,293778,5348,18370.1875,25049.3594,2.65492343502,3.76764928166,0,0,
10696,10696,5.3480000,293778,5348,18372.2324,25051.2832,-0.460213526363,5.21426358627,0,0,
10697,10697,5.3485000,293779,5349,18363.4551,25049.3594,-7.41427161425,1.67388377003,0,0,
10698,10698,5.3490000,293779,5349,18354.5605,25042.5078,-13.4489096195,-4.98321418164,0,0,
10699,10699,5.3495000,293780,5350,18347.4707,25032.8926,-19.3847245787,-12.2749113202,0,0,
10700,10700,5.3500000,293780,5350,18348.1895,25035.2969,-16.4659307627,-7.48441429336,0,0,
10701,10701,5.3505000,293781,5351,18347.1094,25032.4121,-14.7790617997,-6.60431326293,0,0,
10702,10702,5.3510000,293781,5351,18344.8262,25040.8262,-15.4094800102,5.66863926244,0,0,
10703,10703,5.3515000,293782,5352,18344.3438,25038.541,-14.2271245176,6.66561717314,0,0,
10704,10704,5.3520000,293782,5352,18348.4316,25034.2129,-6.94083285737,3.74380157049,0,0,
10705,10705,5.3525000,293783,5353,18351.1953,25025.9199,-1.47354166152,-2.96430674247,0,0,
10706,10706,5.3530000,293783,5353,18352.1582,25022.916,-1.55769407347,-4.38541246603,0,0,
10707,10707,5.3535000,293784,5354,18351.916,25018.5879,-7.04033080823,-6.99920809859,0,0,
10708,10708,5.3540000,293784,5354,18349.9941,25015.9434,-11.4540827221,-7.42170795922,0,0,
10709,10709,5.3545000,293785,5355,18349.7539,25013.7812,-4.8020688951,-4.63588881202,0,0,
10710,10710,5.3550000,293785,5355,18343.8633,25007.6484,-1.60196735713,-6.56014061227,0,0,
10711,10711,5.3555000,293786,5356,18342.7812,25000.9199,4.14019025799,-9.99053130431,0,0,
10712,10712,5.3560000,293786,5356,18339.1758,25002.4824,3.5127264128,-5.88872021042,0,0,
10713,10713,5.3565000,293787,5357,18336.0508,25007.5293,3.51698226879,-1.93079588094,0,0,
10714,10714,5.3570000,293787,5357,18330.041,25025.6797,-0.563649418159,12.7450615762,0,0,
10715,10715,5.3575000,293788,5358,18324.2715,25056.4531,-3.6027573849,37.8695147173,0,0,
10716,10716,5.3580000,293788,5358,18321.5059,25073.7598,-3.71608768732,48.7766529631,0,0,
10717,10717,5.3585000,293789,5359,18325.2324,25083.6172,2.85784903209,50.2298149887,0,0,
10718,10718,5.3590000,293789,5359,18324.3906,25082.6562,3.36157786645,39.0152730625,0,0,
10719,10719,5.3595000,293790,5360,18321.9863,25075.5645,1.84711033431,21.9908320526,0,0,
10720,10720,5.3600000,293790,5360,18321.627,25056.8125,5.07331863707,-2.83836439707,0,0,
10721,10721,5.3605000,293791,5361,18322.9473,25044.0703,10.7555930976,-18.2528752998,0,0,
10722,10722,5.3610000,293791,5361,18327.1543,25050.4434,16.3306403712,-14.7467427249,0,0,
10723,10723,5.3615000,293792,5362,18329.1992,25052.7266,16.2432745419,-14.5771302888,0,0,
10724,10724,5.3620000,293792,5362,18324.9922,25051.7637,11.8809824539,-14.5439833876,0,0,
10725,10725,5.3625000,293793,5363,18321.9863,25050.2012,9.59225000547,-15.6338778138,0,0,
10726,10726,5.3630000,293793,5363,18319.3418,25046.5957,10.0530826249,-19.7683081654,0,0,
10727,10727,5.3635000,293794,5364,18320.6641,25045.9941,14.9062684091,-20.1624381257,0,0,
10728,10728,5.3640000,293794,5364,18320.9043,25041.3066,17.3154326257,-23.7625408509,0,0,
10729,10729,5.3645000,293795,5365,18316.457,25033.7344,16.0607470673,-29.4340504235,0,0,
10730,10730,5.3650000,293795,5365,18318.5,25026.2812,20.8972933248,-34.7732879914,0,0,
10731,10731,5.3655000,293796,5366,18312.0098,25022.6738,15.9544880128,-35.0865311961,0,0,
10732,10732,5.3660000,293796,5366,18307.2012,25022.6738,12.7363215955,-32.5730657658,0,0,
10733,10733,5.3665000,293797,5367,18309.8457,25020.9922,13.8808528187,-30.251881861,0,0,
10734,10734,5.3670000,293797,5367,18312.9707,25019.0684,15.7743622658,-26.6663172566,0,0,
10735,10735,5.3675000,293798,5368,18318.6211,25024.959,18.6368345686,-19.2589852038,0,0,
10736,10736,5.3680000,293798,5368,18321.1445,25024.1172,17.1495764865,-19.1071427122,0,0,
10737,10737,5.3685000,293799,5369,18329.6797,25020.6328,25.702833481,-21.2401115024,0,0,
10738,10738,5.3690000,293799,5369,18333.8867,25017.2656,28.2335913944,-21.3815894472,0,0,
10739,10739,5.3695000,293800,5370,18335.9297,25016.9062,25.3972348015,-17.9199813424,0,0,
10740,10740,5.3700000,293800,5370,18335.8105,25024.4785,20.2935878026,-9.64631189932,0,0,
10741,10741,5.3705000,293801,5371,18337.1309,25037.9395,17.4522581558,3.86993139992,0,0,
10742,10742,5.3710000,293801,5371,18340.2578,25039.2637,15.2208444337,5.03953079635,0,0,
10743,10743,5.3715000,293802,5372,18343.0215,25035.7754,12.2205463981,3.82030599522,0,0,
10744,10744,5.3720000,293802,5372,18343.7441,25024.7188,8.75058147389,-4.35396636727,0,0,
10745,10745,5.3725000,293803,5373,18343.502,25014.8613,5.31495532516,-9.87386289645,0,0,
10746,10746,5.3730000,293803,5373,18342.1816,25008.0098,-0.923590421008,-12.595947772,0,0,
10747,10747,5.3735000,293804,5374,18346.8691,25003.5625,-4.83013804336,-12.4976951338,0,0,
10748,10748,5.3740000,293804,5374,18349.873,25002.8418,-8.40110257252,-9.00005704562,0,0,
10749,10749,5.3745000,293805,5375,18352.5176,25002.2402,-5.24285714205,-3.61161150127,0,0,
10750,10750,5.3750000,293805,5375,18351.916,25003.0801,-2.89939280017,2.09924193883,0,0,
10751,10751,5.3755000,293806,5376,18347.3496,25010.7754,-5.99536092412,11.3837534624,0,0,
10752,10752,5.3760000,293806,5376,18344.1035,25018.2266,-9.85377618622,17.3722691333,0,0,
10753,10753,5.3765000,293807,5377,18339.1758,25009.8125,-14.5196818941,7.00550951538,0,0,
10754,10754,5.3770000,293807,5377,18334.7285,25006.9297,-18.9424728082,1.88056378496,0,0,
10755,10755,5.3775000,293808,5378,18327.9961,25000.3184,-24.4428273706,-4.25982453313,0,0,
10756,10756,5.3780000,293808,5378,18321.1445,24987.5762,-29.5562180423,-9.53339998816,0,0,
10757,10757,5.3785000,293809,5379,18327.0352,24976.5176,-23.2431679494,-10.7110939788,0,0,
10758,10758,5.3790000,293809,5379,18332.5645,24972.1895,-18.5046092624,-5.70645264632,0,0,
10759,10759,5.3795000,293810,5380,18329.6797,24984.2109,-21.7357458381,11.5120552301,0,0,
10760,10760,5.3800000,293810,5380,18329.1992,25003.6816,-20.4479481978,32.7446776368,0,0,
10761,10761,5.3805000,293811,5381,18331.8438,25020.752,-15.6873666151,46.6701995895,0,0,
10762,10762,5.3810000,293811,5381,18340.0176,25037.9395,-8.81436164151,54.6364088279,0,0,
10763,10763,5.3815000,293812,5382,18344.4648,25058.1348,-8.10144248722,63.8880130739,0,0,
10764,10764,5.3820000,293812,5382,18345.0645,25062.1016,-8.92512071479,59.7608664912,0,0,
10765,10765,5.3825000,293813,5383,18346.627,25056.2109,-8.76818278206,47.0753335637,0,0,
10766,10766,5.3830000,293813,5383,18349.873,25037.9395,-5.73459378584,25.1117699898,0,0,
10767,10767,5.3835000,293814,5384,18357.6855,25016.1855,0.719225263666,4.05525969074,0,0,
10768,10768,5.3840000,293814,5384,18363.4551,24989.1387,3.86343955219,-16.5548444792,0,0,
10769,10769,5.3845000,293815,5385,18369.1055,24969.3047,7.42466471984,-26.9303220245,0,0,
10770,10770,5.3850000,293815,5385,18371.6309,24964.377,6.99777869429,-23.5794179496,0,0,
10771,10771,5.3855000,293816,5386,18366.3418,24962.8145,0.0991655437069,-17.8518499942,0,0,
10772,10772,5.3860000,293816,5386,18368.2637,24966.541,-0.431224942718,-9.56693158683,0,0,
10773,10773,5.3865000,293817,5387,18363.6973,24972.4297,-9.1826508406,0.408464601405,0,0,
10774,10774,5.3870000,293817,5387,18360.6914,24982.2871,-14.4221517688,12.97149168,0,0,
10775,10775,5.3875000,293818,5388,18350.834,24987.0938,-24.7914342788,15.8569781898,0,0,
10776,10776,5.3880000,293818,5388,18346.748,24989.8594,-28.3382617286,16.8998275775,0,0,
10777,10777,5.3885000,293819,5389,18349.1523,24991.541,-22.2987446814,16.6980831129,0,0,
10778,10778,5.3890000,293819,5389,18345.9062,24989.1387,-21.137810109,13.8252925072,0,0,
10779,10779,5.3895000,293820,5390,18351.3164,24984.6895,-14.4566168907,9.72145377072,0,0,
10780,10780,5.3900000,293820,5390,18351.5566,24982.5254,-12.9675727979,5.77853068011,0,0,
10781,10781,5.3905000,293821,5391,18353.5996,24977.959,-9.74930749533,1.12186929222,0,0,
10782,10782,5.3910000,293821,5391,18352.8789,24973.5137,-10.1398631115,-0.431473119936,0,0,
10783,10783,5.3915000,293822,5392,18350.1133,24962.6934,-12.0885248019,-4.56999047191,0,0,
10784,10784,5.3920000,293822,5392,18348.6719,24960.2891,-11.0689384896,-0.600136477162,0,0,
10785,10785,5.3925000,293823,5393,18348.5508,24965.0996,-8.2380497006,8.19323485396,0,0,
10786,10786,5.3930000,293823,5393,18350.7148,24960.7715,-5.41182005836,6.46862176734,0,0,
10787,10787,5.3935000,293824,5394,18351.3164,24953.6797,-7.87384626569,2.3173863704,0,0,
10788,10788,5.3940000,293824,5394,18358.2871,24945.8652,-3.21870962328,-2.24685137061,0,0,
10789,10789,5.3945000,293825,5395,18362.6152,24939.8535,3.84108555083,-2.7444253954,0,0,
10790,10790,5.3950000,293825,5395,18363.4551,24930.3594,9.44351893665,-6.16021160076,0,0,
10791,10791,5.3955000,293826,5396,18366.4609,24931.0801,15.1278193178,-2.45469753679,0,0,
10792,10792,5.3960000,293826,5396,18363.6973,24933.6035,12.9352474463,1.08797235471,0,0,
10793,10793,5.3965000,293827,5397,18363.6973,24934.6875,13.517940231,3.58694863861,0,0,
10794,10794,5.3970000,293827,5397,18366.2207,24939.8535,15.005211227,6.86604500119,0,0,
10795,10795,5.3975000,293828,5398,18371.1504,24942.1387,18.2131514851,8.28566353471,0,0,
10796,10796,5.3980000,293828,5398,18368.5059,24947.3066,13.832620229,15.9597748184,0,0,
10797,10797,5.3985000,293829,5399,18366.2207,24958.6074,8.20246195025,27.3938934171,0,0,
10798,10798,5.3990000,293829,5399,18365.9805,24963.6562,5.11020414339,29.7900701495,0,0,
10799,10799,5.3995000,293830,5400,18364.418,24958.8457,2.62324621001,20.0007402494,0,0,
10800,10800,5.4000000,293830,5400,18361.1738,24954.0391,0.302336435107,11.3492462885,0,0,
10801,10801,5.4005000,293831,5401,18357.4473,24953.9199,-1.56751026407,7.45253722472,0,0,
10802,10802,5.4010000,293831,5401,18358.8887,24949.9531,-0.88744150172,-1.26102814567,0,0,
10803,10803,5.4015000,293832,5402,18355.041,24948.2715,-5.274512602,-6.04951811278,0,0,
10804,10804,5.4020000,293832,5402,18358.5293,24947.7891,-0.643378789869,-4.22882138546,0,0,
10805,10805,5.4025000,293833,5403,18361.4121,24946.4668,2.62851218041,-2.168675001,0,0,
10806,10806,5.4030000,293833,5403,18356.0039,24951.1543,-0.362817266857,5.50949115183,0,0,
10807,10807,5.4035000,293834,5404,18355.2832,24952.5957,0.738922354393,9.2313951236,0,0,
10808,10808,5.4040000,293834,5404,18353.2402,24956.8047,0.888017716898,15.3999567935,0,0,
10809,10809,5.4045000,293835,5405,18353.9609,24960.0488,4.52540160719,17.7983276067,0,0,
10810,10810,5.4050000,293835,5405,18357.8066,24970.9863,10.2354697629,22.0244743989,0,0,
10811,10811,5.4055000,293836,5406,18360.4512,24977.2402,15.1862863147,20.0460760382,0,0,
10812,10812,5.4060000,293836,5406,18362.375,24975.7969,16.8009625823,9.68238247476,0,0,
10813,10813,5.4065000,293837,5407,18369.707,24973.752,21.025742912,0.816234018638,0,0,
10814,10814,5.4070000,293837,5407,18368.625,24967.623,17.5342813088,-9.80732281006,0,0,
10815,10815,5.4075000,293838,5408,18366.8223,24960.4082,14.4305632212,-21.0984501386,0,0,
10816,10816,5.4080000,293838,5408,18359.4902,24947.7891,6.16817132055,-33.7994086688,0,0,
10817,10817,5.4085000,293839,5409,18351.916,24940.5762,0.778466925257,-39.1909330548,0,0,
10818,10818,5.4090000,293839,5409,18342.4199,24947.6699,-3.70700402663,-30.2967255712,0,0,
10819,10819,5.4095000,293840,5410,18340.0176,24954.0391,-4.11615417544,-23.1231440275,0,0,
10820,10820,5.4100000,293840,5410,18342.0605,24956.3223,0.195943034901,-22.7993053272,0,0,
10821,10821,5.4105000,293841,5411,18348.6719,24957.5254,7.40694624723,-22.5072869926,0,0,
10822,10822,5.4110000,293841,5411,18354.6816,24958.8457,12.366423204,-20.4463567539,0,0,
10823,10823,5.4115000,293842,5412,18358.7676,24963.2949,14.8018009438,-13.4054109441,0,0,
10824,10824,5.4120000,293842,5412,18359.7305,24969.5449,14.7690609549,-7.44427187003,0,0,
10825,10825,5.4125000,293843,5413,18362.9746,24973.5137,16.6276260564,-6.07792880322,0,0,
10826,10826,5.4130000,293843,5413,18359.3691,24972.6719,10.6857028579,-8.60874469979,0,0,
10827,10827,5.4135000,293844,5414,18359.1289,24970.627,5.72849581594,-11.6712902649,0,0,
10828,10828,5.4140000,293844,5414,18361.0527,24969.7871,3.29212595057,-13.6384461327,0,0,
10829,10829,5.4145000,293845,5415,18356.123,24978.4395,0.346948445484,-6.61445636551,0,0,
10830,10830,5.4150000,293845,5415,18351.0762,24981.3262,0.568515045809,-5.47130530765,0,0,
10831,10831,5.4155000,293846,5416,18345.666,24978.9219,-0.330418335199,-12.2534449873,0,0,
10832,10832,5.4160000,293846,5416,18342.3008,24972.3105,-0.00490616172953,-22.2380638783,0,0,
10833,10833,5.4165000,293847,5417,18344.9453,24968.9453,4.83499693682,-26.6232219582,0,0,
10834,10834,5.4170000,293847,5417,18345.1855,24960.2891,5.57615814775,-36.3676251852,0,0,
10835,10835,5.4175000,293848,5418,18344.584,24961.9746,5.173870504,-33.8969696677,0,0,
10836,10836,5.4180000,293848,5418,18344.2246,24963.7754,5.68425743406,-28.2837752915,0,0,
10837,10837,5.4185000,293849,5419,18340.0176,24966.1797,1.02363929809,-23.3040545729,0,0,
10838,10838,5.4190000,293849,5419,18337.7324,24969.7871,-1.6852936911,-17.8222849491,0,0,
10839,10839,5.4195000,293850,5420,18335.8105,24975.3145,-2.50795695834,-12.377636007,0,0,
10840,10840,5.4200000,293850,5420,18337.4922,24971.8281,0.800422609557,-15.2256438614,0,0,
10841,10841,5.4205000,293851,5421,18335.209,24975.7969,0.506363115106,-12.2305051338,0,0,
10842,10842,5.4210000,293851,5421,18337.252,24981.6855,1.14507313107,-9.08198304219,0,0,
10843,10843,5.4215000,293852,5422,18337.8535,24982.8887,0.629173400417,-10.038998159,0,0,
10844,10844,5.4220000,293852,5422,18334.8477,24989.0176,-2.38420946194,-2.96854411862,0,0,
10845,10845,5.4225000,293853,5423,18334.127,24993.3457,-2.98954116335,2.64702070095,0,0,
10846,10846,5.4230000,293853,5423,18332.2031,24991.541,-2.33443538764,2.34193190035,0,0,
10847,10847,5.4235000,293854,5424,18330.8809,24990.3418,-2.47053795453,3.56845182258,0,0,
10848,10848,5.4240000,293854,5424,18323.3086,24994.5469,-7.28350754255,9.58872838544,0,0,
10849,10849,5.4245000,293855,5425,18317.0586,25000.1973,-9.56328070669,14.7185176442,0,0,
10850,10850,5.4250000,293855,5425,18317.9004,24998.875,-5.92190406394,9.20953020336,0,0,
10851,10851,5.4255000,293856,5426,18316.457,24996.8301,-3.49006513941,4.25835307132,0,0,
10852,10852,5.4260000,293856,5426,18323.1895,25002.1191,3.87651663841,6.07547689324,0,0,
10853,10853,5.4265000,293857,5427,18326.1934,25006.5684,4.78104119977,7.41774976143,0,0,
10854,10854,5.4270000,293857,5427,18331.9629,25004.8848,9.09368477632,4.40989205919,0,0,
10855,10855,5.4275000,293858,5428,18336.5312,25007.0488,11.8531826443,4.01755790854,0,0,
10856,10856,5.4280000,293858,5428,18328.7168,25008.0098,3.76234707753,4.26360365361,0,0,
10857,10857,5.4285000,293859,5429,18324.752,25015.9434,1.36898474873,9.38844459096,0,0,
10858,10858,5.4290000,293859,5429,18330.4004,25019.6699,8.37730044919,8.73683569529,0,0,
10859,10859,5.4295000,293860,5430,18328.959,25008.3691,4.65818924297,-3.53639398506,0,0,
10860,10860,5.4300000,293860,5430,18324.0293,24990.8203,-1.45555172451,-19.3533677729,0,0,
10861,10861,5.4305000,293861,5431,18316.3379,24989.1387,-9.53384282953,-17.9227066556,0,0,
10862,10862,5.4310000,293861,5431,18310.207,24992.8652,-14.9004428858,-10.5848421823,0,0,
10863,10863,5.4315000,293862,5432,18312.8516,25001.5176,-11.5674335041,1.4185605602,0,0,
10864,10864,5.4320000,293862,5432,18309.125,25008.1309,-12.8243465636,8.46542490769,0,0,
10865,10865,5.4325000,293863,5433,18300.9512,25006.3281,-17.4361164929,6.67214772923,0,0,
10866,10866,5.4330000,293863,5433,18300.1094,25001.2793,-15.1662627605,3.87656906714,0,0,
10867,10867,5.4335000,293864,5434,18303.3555,25011.8574,-12.5429932172,14.6579402903,0,0,
10868,10868,5.4340000,293864,5434,18310.0859,25011.9766,-7.89377377695,14.3425305401,0,0,
10869,10869,5.4345000,293865,5435,18312.3691,25016.7832,-2.88365934949,17.0447504859,0,0,
10870,10870,5.4350000,293865,5435,18322.5879,25016.1855,9.65647994749,15.9500275909,0,0,
10871,10871,5.4355000,293866,5436,18351.7969,25021.9531,34.1557745725,18.3830280684,0,0,
10872,10872,5.4360000,293866,5436,18395.1895,25021.5938,63.5737622922,15.060444644,0,0,
10873,10873,5.4365000,293867,5437,18405.166,25021.4746,57.5441309966,12.6168688357,0,0,
10874,10874,5.4370000,293867,5437,18388.0977,25025.4395,28.8922024316,12.945501678,0,0,
10875,10875,5.4375000,293868,5438,18369.707,25033.1328,3.77250273435,15.566131619,0,0,
10876,10876,5.4380000,293868,5438,18352.2773,25035.6562,-15.5877173832,15.7226062138,0,0,
10877,10877,5.4385000,293869,5439,18342.9023,25033.6152,-25.5928503009,11.5216157379,0,0,
10878,10878,5.4390000,293869,5439,18342.1816,25024.959,-27.2264909913,2.6216347051,0,0,
10879,10879,5.4395000,293870,5440,18332.8047,25010.1738,-34.5448390531,-10.3360213247,0,0,
10880,10880,5.4400000,293870,5440,18321.1445,24999.2344,-41.6555201908,-15.9372121581,0,0,
10881,10881,5.4405000,293871,5441,18315.2559,24990.7012,-41.2782189293,-20.0088651445,0,0,
10882,10882,5.4410000,293871,5441,18317.5391,24992.5059,-36.5366141035,-15.4728666077,0,0,
10883,10883,5.4415000,293872,5442,18320.4238,25000.9199,-31.2906669509,-5.0928975724,0,0,
10884,10884,5.4420000,293872,5442,18321.9863,25007.4082,-26.765461238,4.16123713431,0,0,
10885,10885,5.4425000,293873,5443,18319.2207,25014.3809,-26.575054438,13.4939443023,0,0,
10886,10886,5.4430000,293873,5443,18319.9434,25005.7266,-21.2820059548,9.51453202787,0,0,
10887,10887,5.4435000,293874,5444,18330.041,24996.2285,-10.1039224124,6.38711647224,0,0,
10888,10888,5.4440000,293874,5444,18340.8574,24991.1816,0.919659073549,7.26193757961,0,0,
10889,10889,5.4445000,293875,5445,18350.5957,24990.2207,8.97325392948,10.5563253773,0,0,
10890,10890,5.4450000,293875,5445,18356.3652,24999.2344,10.5379510566,19.4359865006,0,0,
10891,10891,5.4455000,293876,5446,18359.7305,25010.4141,10.9556990541,28.4464515767,0,0,
10892,10892,5.4460000,293876,5446,18365.0195,25016.0645,10.2311349332,29.6084330848,0,0,
10893,10893,5.4465000,293877,5447,18368.7441,25016.9062,7.19439463813,26.8847639346,0,0,
10894,10894,5.4470000,293877,5447,18370.1875,25020.5098,3.41620492719,28.2798987228,0,0,
10895,10895,5.4475000,293878,5448,18369.8262,25029.4062,-0.638197552613,31.733764993,0,0,
10896,10896,5.4480000,293878,5448,18366.7012,25040.8262,-4.17827516912,37.3877929016,0,0,
10897,10897,5.4485000,293879,5449,18357.4473,25053.6875,-11.6510919995,40.6606936321,0,0,
10898,10898,5.4490000,293879,5449,18358.168,25053.2051,-9.98404345169,31.3574732749,0,0,
10899,10899,5.4495000,293880,5450,18357.0859,25059.0957,-11.4427306299,31.105777218,0,0,
10900,10900,5.4500000,293880,5450,18353.1191,25057.6543,-14.2284639734,24.3796812149,0,0,
10901,10901,5.4505000,293881,5451,18349.9941,25052.9668,-15.7114260384,13.7295167935,0,0,
10902,10902,5.4510000,293881,5451,18350.7148,25053.9277,-13.8733526901,9.35408872392,0,0,
10903,10903,5.4515000,293882,5452,18348.3105,25052.8457,-15.7074288193,4.31347764215,0,0,
10904,10904,5.4520000,293882,5452,18349.2715,25053.0859,-12.1774279276,0.395447044166,0,0,
10905,10905,5.4525000,293883,5453,18348.5508,25051.2832,-9.75855635256,-3.88252843611,0,0,
10906,10906,5.4530000,293883,5453,18351.3164,25048.0371,-6.050575025,-7.22879639636,0,0,
10907,10907,5.4535000,293884,5454,18345.9062,25025.7988,-12.2361190042,-27.6895582751,0,0,
10908,10908,5.4540000,293884,5454,18346.1465,24994.666,-13.1827074284,-49.6629444201,0,0,
10909,10909,5.4545000,293885,5455,18346.0273,24954.8809,-9.25852884789,-74.8382906923,0,0,
10910,10910,5.4550000,293885,5455,18351.3164,24935.8887,-0.955467960949,-75.0408281672,0,0,
10911,10911,5.4555000,293886,5456,18351.5566,24957.8848,-1.6832791936,-43.057448811,0,0,
10912,10912,5.4560000,293886,5456,18345.3066,24986.252,-10.2149385612,-10.4014577853,0,0,
10913,10913,5.4565000,293887,5457,18344.4648,25009.6934,-7.70692039816,12.2496115476,0,0,
10914,10914,5.4570000,293887,5457,18341.0996,25020.0312,-3.21640617628,18.3058358703,0,0,
10915,10915,5.4575000,293888,5458,18335.8105,25022.6738,-0.572064031714,15.5741215939,0,0,
10916,10916,5.4580000,293888,5458,18332.4434,25018.2266,3.74006528063,10.0879791926,0,0,
10917,10917,5.4585000,293889,5459,18332.3242,25017.627,8.11293768752,8.9225740458,0,0,
10918,10918,5.4590000,293889,5459,18330.8809,25002.1191,8.78659984075,-3.22453527194,0,0,
10919,10919,5.4595000,293890,5460,18332.084,24970.3887,13.6867159886,-25.769002115,0,0,
10920,10920,5.4600000,293890,5460,18336.4121,24927.8359,20.788468652,-51.6343765376,0,0,
10921,10921,5.4605000,293891,5461,18340.377,24915.6953,25.8795942453,-48.8154471319,0,0,
10922,10922,5.4610000,293891,5461,18336.7715,24931.2012,20.1457930533,-25.7662282262,0,0,
10923,10923,5.4615000,293892,5462,18333.166,24954.0391,15.6565518851,-1.05102637536,0,0,
10924,10924,5.4620000,293892,5462,18331.6035,24961.0098,14.6042052458,8.21639351896,0,0,
10925,10925,5.4625000,293893,5463,18328.959,24971.2285,13.2909483708,19.2459673872,0,0,
10926,10926,5.4630000,293893,5463,18334.8477,24973.1504,20.0439557971,24.6315783295,0,0,
10927,10927,5.4635000,293894,5464,18335.8105,24968.8262,19.0338404886,24.2155873247,0,0,
10928,10928,5.4640000,293894,5464,18339.5371,24965.0996,21.2316239215,22.9447770191,0,0,
10929,10929,5.4645000,293895,5465,18337.0117,24965.9395,18.0480176988,23.8476878861,0,0,
10930,10930,5.4650000,293895,5465,18336.8926,24973.2715,16.7624382709,26.207184554,0,0,
10931,10931,5.4655000,293896,5466,18334.248,24981.9277,15.0585461427,28.4648448905,0,0,
10932,10932,5.4660000,293896,5466,18331.3613,24983.9688,11.2371412804,24.1954925232,0,0,
10933,10933,5.4665000,293897,5467,18331.4824,24980.8438,10.0980733734,17.2875011771,0,0,
10934,10934,5.4670000,293897,5467,18328.8379,24980.6035,7.90717019032,14.4987192607,0,0,
10935,10935,5.4675000,293898,5468,18334.127,24978.2012,13.3359091987,8.00355765586,0,0,
10936,10936,5.4680000,293898,5468,18341.2188,24973.9922,21.1179435307,1.68259427247,0,0,
10937,10937,5.4685000,293899,5469,18339.7754,24977.4785,21.4698818005,0.972282867416,0,0,
10938,10938,5.4690000,293899,5469,18332.2031,24990.7012,14.440434059,9.93502328584,0,0,
10939,10939,5.4695000,293900,5470,18326.3145,25002.9609,9.05553762351,17.109256301,0,0,
10940,10940,5.4700000,293900,5470,18325.2324,25003.0801,9.3803078413,13.7901497435,0,0,
10941,10941,5.4705000,293901,5471,18325.1113,25008.9707,9.99885602712,14.1434337801,0,0,
10942,10942,5.4710000,293901,5471,18331.2422,25011.0156,14.4297826902,9.85522591288,0,0,
10943,10943,5.4715000,293902,5472,18333.2852,25015.8223,14.0619693236,8.80943647607,0,0,
10944,10944,5.4720000,293902,5472,18327.3965,25012.3379,8.06649459046,0.00533948617641,0,0,
10945,10945,5.4725000,293903,5473,18326.5547,25004.7656,7.88870231455,-9.836724348,0,0,
10946,10946,5.4730000,293903,5473,18322.8281,24998.1543,3.58734613999,-15.8253236445,0,0,
10947,10947,5.4735000,293904,5474,18324.0293,25000.4375,3.07503293734,-12.3441890343,0,0,
10948,10948,5.4740000,293904,5474,18326.7949,24994.3066,2.14314989793,-14.0018686157,0,0,
10949,10949,5.4745000,293905,5475,18329.3184,24985.6543,4.75182909667,-17.1958854298,0,0,
10950,10950,5.4750000,293905,5475,18327.0352,24989.0176,2.23416750775,-12.1266980452,0,0,
10951,10951,5.4755000,293906,5476,18326.4336,24995.0293,-0.58474011014,-14.7640318874,0,0,
10952,10952,5.4760000,293906,5476,18319.8223,24985.291,-9.08532699665,-30.0535847083,0,0,
10953,10953,5.4765000,293907,5477,18315.0137,24970.9863,-11.6490882405,-44.9397538625,0,0,
10954,10954,5.4770000,293907,5477,18315.9766,24964.498,-5.26364669978,-49.0134550187,0,0,
10955,10955,5.4775000,293908,5478,18320.1836,24958.7266,2.98464663343,-50.580571125,0,0,
10956,10956,5.4780000,293908,5478,18322.2266,24957.5254,7.63483986295,-44.0191335911,0,0,
10957,10957,5.4785000,293909,5479,18324.752,24967.1406,9.38259197141,-29.6557826045,0,0,
10958,10958,5.4790000,293909,5479,18329.4395,24968.2246,10.8550634599,-21.2643089117,0,0,
10959,10959,5.4795000,293910,5480,18337.7324,24975.7969,15.7508100736,-6.12027521943,0,0,
10960,10960,5.4800000,293910,5480,18359.0098,24976.2754,29.5571582768,2.47409024818,0,0,
10961,10961,5.4805000,293911,5481,18373.7949,24982.0469,34.4320012922,6.8660507722,0,0,
10962,10962,5.4810000,293911,5481,18370.7891,24989.1387,21.4403126062,4.54857029559,0,0,
10963,10963,5.4815000,293912,5482,18354.6816,25004.4043,-0.180612437492,7.48090283366,0,0,
10964,10964,5.4820000,293912,5482,18342.6621,25018.5879,-14.2455936776,12.8261112428,0,0,
10965,10965,5.4825000,293913,5483,18337.252,25031.3301,-19.8183258417,15.7425341642,0,0,
10966,10966,5.4830000,293913,5483,18332.9238,25035.0547,-24.0614890656,14.3969937695,0,0,
10967,10967,5.4835000,293914,5484,18338.334,25034.8145,-20.5424185406,11.1526243203,0,0,
10968,10968,5.4840000,293914,5484,18340.0176,25029.5254,-20.3597646455,3.0965547358,0,0,
10969,10969,5.4845000,293915,5485,18349.1523,25024.3574,-12.8765914542,-5.42127737725,0,0,
10970,10970,5.4850000,293915,5485,18363.0957,25010.6543,-3.86176258987,-22.8370104509,0,0,
10971,10971,5.4855000,293916,5486,18361.4121,24993.3457,-7.8478300607,-39.8277877819,0,0,
10972,10972,5.4860000,293916,5486,18354.2012,24998.3926,-17.3471505778,-33.8366122206,0,0,
10973,10973,5.4865000,293917,5487,18343.623,25004.4043,-28.515010288,-25.7961740411,0,0,
10974,10974,5.4870000,293917,5487,18339.6562,25001.6406,-30.6506714141,-25.677372102,0,0,
10975,10975,5.4875000,293918,5488,18340.6191,24991.3027,-28.712293056,-32.4614599019,0,0,
10976,10976,5.4880000,293918,5488,18341.0996,24986.4941,-25.8299810587,-31.917402551,0,0,
10977,10977,5.4885000,293919,5489,18343.1426,24990.7012,-19.5210355716,-26.0208682786,0,0,
10978,10978,5.4890000,293919,5489,18342.7812,24993.3457,-16.791311538,-21.9443334849,0,0,
10979,10979,5.4895000,293920,5490,18340.6191,24989.1387,-16.8505495946,-22.4542757312,0,0,
10980,10980,5.4900000,293920,5490,18337.6133,24992.625,-17.4615828738,-12.9428012072,0,0,
10981,10981,5.4905000,293921,5491,18334.9688,24993.3457,-17.8184034767,-8.76716030959,0,0,
10982,10982,5.4910000,293921,5491,18337.9746,24993.4668,-15.0741279645,-5.4558025813,0,0,
10983,10983,5.4915000,293922,5492,18337.9746,24996.4707,-14.6849078125,0.109498267083,0,0,
10984,10984,5.4920000,293922,5492,18340.6191,24996.1094,-9.93056491399,3.02113497155,0,0,
10985,10985,5.4925000,293923,5493,18341.8203,24992.625,-7.34717621443,4.57627744236,0,0,
10986,10986,5.4930000,293923,5493,18340.7383,24993.4668,-7.83435011401,10.530364585,0,0,
10987,10987,5.4935000,293924,5494,18341.9395,24990.5801,-7.78961771177,12.0049547911,0,0,
10988,10988,5.4940000,293924,5494,18340.9785,24984.3301,-10.9334012508,13.9940217473,0,0,
10989,10989,5.4945000,293925,5495,18349.0332,24983.0078,-3.02658192995,20.3244120379,0,0,
10990,10990,5.4950000,293925,5495,18349.873,24976.6387,-2.07443581941,17.7757553756,0,0,
10991,10991,5.4955000,293926,5496,18340.498,24981.3262,-11.3564331908,17.30892219,0,0,
10992,10992,5.4960000,293926,5496,18338.6934,24984.0918,-12.5129698542,17.6980322714,0,0,
10993,10993,5.4965000,293927,5497,18342.4199,24985.8926,-6.8078527016,18.6695450313,0,0,
10994,10994,5.4970000,293927,5497,18350.5957,24979.6426,3.51916200389,12.4711684908,0,0,
10995,10995,5.4975000,293928,5498,18355.1621,24979.041,8.75999453733,12.3468788025,0,0,
10996,10996,5.4980000,293928,5498,18355.8848,24980.123,10.0535977559,15.6025322383,0,0,
10997,10997,5.4985000,293929,5499,18350.5957,24976.2754,4.34755863082,12.2235430612,0,0,
10998,10998,5.4990000,293929,5499,18344.584,24984.0918,-2.27717552657,22.9761970428,0,0,
10999,10999,5.4995000,293930,5500,18341.8203,24999.1152,-4.51459193187,38.4777360857,0,0,
11000,11000,5.5000000,293930,5500,18338.5742,25012.8184,-8.70977873153,52.2157133274,0,0,
11001,11001,5.5005000,293931,5501,18343.1426,25024.2363,-4.54975107584,54.4310373582,0,0,
11002,11002,5.5010000,293931,5501,18346.627,25028.3262,-0.186579988408,43.8377617906,0,0,
11003,11003,5.5015000,293932,5502,18353.9609,25031.6895,8.83971862606,31.3453921097,0,0,
11004,11004,5.5020000,293932,5502,18361.5332,25025.3203,15.8697231054,16.3650227768,0,0,
11005,11005,5.5025000,293933,5503,18361.0527,25018.5879,14.1239883079,4.13258367151,0,0,
11006,11006,5.5030000,293933,5503,18359.6094,25019.3105,11.0313022223,4.97891454426,0,0,
11007,11007,5.5035000,293934,5504,18358.5293,25017.3848,6.25352758491,5.32491333198,0,0,
11008,11008,5.5040000,293934,5504,18358.8887,25016.4238,4.35067474338,6.38372917526,0,0,
11009,11009,5.5045000,293935,5505,18358.168,25016.6641,1.70757289887,6.59752854377,0,0,
11010,11010,5.5050000,293935,5505,18351.1953,25011.9766,-6.83764013794,1.22398174254,0,0,
11011,11011,5.5055000,293936,5506,18349.873,24999.4766,-5.07189919727,-9.10327016022,0,0,
11012,11012,5.5060000,293936,5506,18355.2832,24988.7793,1.56500135088,-18.6514696623,0,0,
11013,11013,5.5065000,293937,5507,18364.6582,24985.7734,10.051629658,-18.3991335226,0,0,
11014,11014,5.5070000,293937,5507,18371.8711,24980.9629,14.9263964195,-17.565062565,0,0,
11015,11015,5.5075000,293938,5508,18374.875,24975.6777,13.8927338613,-16.6077042325,0,0,
11016,11016,5.5080000,293938,5508,18378.8418,24983.248,14.7895405521,-5.27025676135,0,0,
11017,11017,5.5085000,293939,5509,18383.4102,24985.0527,17.4135657995,-4.07164552668,0,0,
11018,11018,5.5090000,293939,5509,18382.5684,24991.6621,14.7517117757,1.17297671347,0,0,
11019,11019,5.5095000,293940,5510,18380.1641,24999.9551,10.589940493,8.85337905451,0,0,
11020,11020,5.5100000,293940,5510,18373.7949,25000.9199,3.91987903198,10.2224880646,0,0,
11021,11021,5.5105000,293941,5511,18369.3457,25001.5176,-0.336844764115,9.97362937607,0,0,
11022,11022,5.5110000,293941,5511,18362.4941,25008.8516,-8.0192150287,15.1601392782,0,0,
11023,11023,5.5115000,293942,5512,18361.1738,25007.1699,-8.75636669701,11.4831763395,0,0,
11024,11024,5.5120000,293942,5512,18358.8887,25008.4922,-8.68845446662,11.968775751,0,0,
11025,11025,5.5125000,293943,5513,18359.9707,25013.5391,-5.63399171526,16.8091446957,0,0,
11026,11026,5.5130000,293943,5513,18363.0957,25019.3105,-1.64187811502,20.9936898266,0,0,
11027,11027,5.5135000,293944,5514,18363.2168,25023.1562,-2.34154176121,22.5958672759,0,0,
11028,11028,5.5140000,293944,5514,18359.3691,25023.877,-6.8754887592,24.0874268916,0,0,
11029,11029,5.5145000,293945,5515,18354.5605,25016.6641,-10.1926611691,18.0303517705,0,0,
11030,11030,5.5150000,293945,5515,18349.0332,25004.4043,-11.6610030448,6.61866882488,0,0,
11031,11031,5.5155000,293946,5516,18344.584,24996.3516,-11.4142613233,-7.09572081697,0,0,
11032,11032,5.5160000,293946,5516,18337.373,24991.4219,-14.3356710626,-13.4561408,0,0,
11033,11033,5.5165000,293947,5517,18327.877,24988.2969,-17.4630562427,-15.6687473022,0,0,
11034,11034,5.5170000,293947,5517,18316.9375,24991.3027,-19.7370850051,-11.3574223792,0,0,
11035,11035,5.5175000,293948,5518,18320.4238,24992.0234,-8.81239041192,-10.3687028898,0,0,
11036,11036,5.5180000,293948,5518,18329.0781,25007.1699,5.45898202822,3.38189204208,0,0,
11037,11037,5.5185000,293949,5519,18334.8477,25008.8516,14.375214228,2.58128861927,0,0,
11038,11038,5.5190000,293949,5519,18344.4648,25009.334,23.6082906492,2.03963400604,0,0,
11039,11039,5.5195000,293950,5520,18349.3926,25007.7715,26.7763024978,-0.455898823819,0,0,
11040,11040,5.5200000,293950,5520,18346.627,25007.7715,21.1492532884,1.13668835949,0,0,
11041,11041,5.5205000,293951,5521,18340.498,25007.6484,13.1708675865,-2.37359450052,0,0,
11042,11042,5.5210000,293951,5521,18338.6934,25009.334,11.6821897963,-7.03532836427,0,0,
11043,11043,5.5215000,293952,5522,18338.8145,25005.6074,13.1740597051,-17.099419419,0,0,
11044,11044,5.5220000,293952,5522,18336.5312,25002.7207,12.0204895289,-19.9371369554,0,0,
11045,11045,5.5225000,293953,5523,18341.2188,24993.1035,17.3941172679,-26.9739684889,0,0,
11046,11046,5.5230000,293953,5523,18345.1855,24972.1895,20.5063179158,-38.7240068724,0,0,
11047,11047,5.5235000,293954,5524,18348.1895,24955.2422,19.9248865501,-42.2916080008,0,0,
11048,11048,5.5240000,293954,5524,18353.2402,24952.5957,21.2054580258,-32.8410564413,0,0,
11049,11049,5.5245000,293955,5525,18354.0801,24952.1172,18.4579249087,-24.134914921,0,0,
11050,11050,5.5250000,293955,5525,18350.3535,24961.373,12.1096238014,-9.03976279595,0,0,
11051,11051,5.5255000,293956,5526,18354.6816,24972.4297,15.3836381152,6.37591796444,0,0,
11052,11052,5.5260000,293956,5526,18354.3223,24981.0859,12.469813878,14.2116533115,0,0,
11053,11053,5.5265000,293957,5527,18350.7148,24982.7676,6.4690757421,14.4757685955,0,0,
11054,11054,5.5270000,293957,5527,18346.3887,24987.2168,1.15343915475,18.2933815204,0,0,
11055,11055,5.5275000,293958,5528,18343.2617,24993.1035,-2.61670258807,22.4393524029,0,0,
11056,11056,5.5280000,293958,5528,18340.7383,24994.4277,-4.40192145943,19.3464208242,0,0,
11057,11057,5.5285000,293959,5529,18338.4551,24992.7441,-4.38817305994,12.1813508656,0,0,
11058,11058,5.5290000,293959,5529,18338.8145,24992.1426,-1.40616161793,6.37063923569,0,0,
11059,11059,5.5295000,293960,5530,18334.4863,24985.1719,-2.9436405668,-2.29444378925,0,0,
11060,11060,5.5300000,293960,5530,18337.4922,24979.7637,2.43229484073,-5.88264115349,0,0,
11061,11061,5.5305000,293961,5531,18338.8145,24975.6777,4.66597367255,-8.32722287673,0,0,
11062,11062,5.5310000,293961,5531,18339.5371,24973.0312,4.32507630357,-10.0514933231,0,0,
11063,11063,5.5315000,293962,5532,18342.3008,24968.2246,5.2282119896,-11.7950667305,0,0,
11064,11064,5.5320000,293962,5532,18349.6328,24966.1797,10.5349922435,-10.2831210916,0,0,
11065,11065,5.5325000,293963,5533,18354.9219,24962.334,12.2886957958,-9.60001674873,0,0,
11066,11066,5.5330000,293963,5533,18356.2441,24964.6172,9.51719928165,-3.99305821283,0,0,
11067,11067,5.5335000,293964,5534,18358.5293,24967.9824,6.89954480211,1.99145529809,0,0,
11068,11068,5.5340000,293964,5534,18351.916,24971.9512,-2.79134593306,10.3520169981,0,0,
11069,11069,5.5345000,293965,5535,18350.834,24981.5645,-5.44663089361,22.483066434,0,0,
11070,11070,5.5350000,293965,5535,18350.7148,24980.7246,-5.64679405421,22.5717791743,0,0,
11071,11071,5.5355000,293966,5536,18347.4707,24979.041,-8.47101259101,14.6492505655,0,0,
11072,11072,5.5360000,293966,5536,18345.5449,24980.2422,-10.3110605773,11.3978751718,0,0,
11073,11073,5.5365000,293967,5537,18346.3887,24976.0371,-8.74360828185,4.81751240662,0,0,
11074,11074,5.5370000,293967,5537,18346.2676,24972.0703,-7.42110964916,-0.763524863496,0,0,
11075,11075,5.5375000,293968,5538,18344.2246,24967.0215,-9.97966194897,-6.47210448918,0,0,
11076,11076,5.5380000,293968,5538,18343.623,24968.7031,-11.0601779066,-7.03464468494,0,0,
11077,11077,5.5385000,293969,5539,18341.2188,24967.9824,-13.225135884,-7.85157129069,0,0,
11078,11078,5.5390000,293969,5539,18339.0547,24973.3926,-16.1521973918,-2.34680495864,0,0,
11079,11079,5.5395000,293970,5540,18338.4551,24983.4902,-16.5382795002,5.92087123109,0,0,
11080,11080,5.5400000,293970,5540,18338.4551,24996.5918,-16.262280707,16.4322642289,0,0,
11081,11081,5.5405000,293971,5541,18335.0879,25007.8906,-18.4439972645,19.345719201,0,0,
11082,11082,5.5410000,293971,5541,18334.4863,25002.9609,-17.2416778068,5.18318028604,0,0,
11083,11083,5.5415000,293972,5542,18334.7285,25002.7207,-14.7369158864,-3.4173355883,0,0,
11084,11084,5.5420000,293972,5542,18333.5254,25002.3613,-13.5542346478,-7.25063549577,0,0,
11085,11085,5.5425000,293973,5543,18337.0117,24997.4316,-9.17462846864,-12.6882254372,0,0,
11086,11086,5.5430000,293973,5543,18341.6992,24989.377,-4.79192820471,-15.6613298397,0,0,
11087,11087,5.5435000,293974,5544,18340.8574,24985.4121,-7.13656011443,-13.7660466502,0,0,
11088,11088,5.5440000,293974,5544,18346.8691,24985.6543,-3.43088038364,-11.1889238832,0,0,
11089,11089,5.5445000,293975,5545,18346.627,24977.3594,-4.80084494688,-17.4009030838,0,0,
11090,11090,5.5450000,293975,5545,18345.5449,24974.4746,-5.88475735889,-19.7192753126,0,0,
11091,11091,5.5455000,293976,5546,18346.5078,24970.748,-4.67542430784,-21.0790209034,0,0,
11092,11092,5.5460000,293976,5546,18343.0215,24970.5078,-7.6165883012,-20.7263960033,0,0,
11093,11093,5.5465000,293977,5547,18340.0176,24974.834,-9.54026439573,-15.46037628,0,0,
11094,11094,5.5470000,293977,5547,18339.8965,24987.6953,-8.26402625983,-3.29126090771,0,0,
11095,11095,5.5475000,293978,5548,18338.9355,24995.0293,-8.26005233301,2.00099279587,0,0,
11096,11096,5.5480000,293978,5548,18339.2949,25000.0781,-6.51631676015,3.21669899626,0,0,
11097,11097,5.5485000,293979,5549,18340.6191,24998.2734,-3.26035530579,-2.44119666454,0,0,
11098,11098,5.5490000,293979,5549,18337.8535,24994.1875,-3.64036555095,-9.53475646641,0,0,
11099,11099,5.5495000,293980,5550,18337.1309,24994.4277,-1.53231350999,-9.52840758112,0,0,
11100,11100,5.5500000,293980,5550,18335.209,24998.875,-1.38135853098,-4.55890918771,0,0,
11101,11101,5.5505000,293981,5551,18336.1699,25000.1973,0.917796077625,-3.80397787176,0,0,
11102,11102,5.5510000,293981,5551,18340.377,25003.8027,4.32643964832,-2.39140871231,0,0,
11103,11103,5.5515000,293982,5552,18340.6191,25011.8574,3.26526698469,3.6529454256,0,0,
11104,11104,5.5520000,293982,5552,18339.8965,25017.627,1.74860751517,6.47108380721,0,0,
11105,11105,5.5525000,293983,5553,18338.2129,25010.0547,-0.314149263646,-1.32453323101,0,0,
11106,11106,5.5530000,293983,5553,18337.252,24995.1484,-1.14305332627,-14.5834519931,0,0,
11107,11107,5.5535000,293984,5554,18339.1758,24977.7188,-0.195008332166,-26.7612181913,0,0,
11108,11108,5.5540000,293984,5554,18337.252,24962.4531,-1.06833548845,-31.8665494943,0,0,
11109,11109,5.5545000,293985,5555,18335.5684,24962.5723,-1.73708240855,-22.9145932942,0,0,
11110,11110,5.5550000,293985,5555,18334.4863,24966.4199,-0.838623496892,-11.0003996723,0,0,
11111,11111,5.5555000,293986,5556,18335.209,24968.9453,1.90744525335,-7.3700703406,0,0,
11112,11112,5.5560000,293986,5556,18340.1367,24970.0254,6.85402152578,-4.820747159,0,0,
11113,11113,5.5565000,293987,5557,18339.7754,24961.0098,6.70062471254,-9.13608008192,0,0,
11114,11114,5.5570000,293987,5557,18340.2578,24944.0625,8.03959347191,-18.8286123151,0,0,
11115,11115,5.5575000,293988,5558,18340.0176,24937.8125,7.14283674088,-17.3712120438,0,0,
11116,11116,5.5580000,293988,5558,18341.2188,24935.8887,7.10934424742,-14.2786988216,0,0,
11117,11117,5.5585000,293989,5559,18336.8926,24938.7734,2.93511489056,-5.66448282546,0,0,
11118,11118,5.5590000,293989,5559,18336.7715,24948.9902,1.75214535879,7.57365397121,0,0,
11119,11119,5.5595000,293990,5560,18338.0938,24958.3672,2.15946644237,17.0939001328,0,0,
11120,11120,5.5600000,293990,5560,18333.8867,24970.8672,-2.11630999221,28.1340563686,0,0,
11121,11121,5.5605000,293991,5561,18331.8438,24982.2871,-3.06263797304,33.3463649492,0,0,
11122,11122,5.5610000,293991,5561,18331.4824,24992.3828,-2.41764439821,36.497832172,0,0,
11123,11123,5.5615000,293992,5562,18329.4395,25001.0391,-2.78343958878,36.085370156,0,0,
11124,11124,5.5620000,293992,5562,18330.8809,25000.9199,0.197932026783,30.8407234297,0,0,
11125,11125,5.5625000,293993,5563,18331.3613,25001.0391,0.691738725053,28.2352180121,0,0,
11126,11126,5.5630000,293993,5563,18332.9238,24995.8691,1.65366793672,25.0495343925,0,0,
11127,11127,5.5635000,293994,5564,18334.248,24990.4609,2.04233984333,21.9292237007,0,0,
11128,11128,5.5640000,293994,5564,18333.8867,24985.4121,-0.0967414028564,16.7363942814,0,0,
11129,11129,5.5645000,293995,5565,18329.3184,24981.2051,-3.54719460526,13.216521202,0,0,
11130,11130,5.5650000,293995,5565,18331.4824,24974.1113,-0.075714827151,5.47156597483,0,0,
11131,11131,5.5655000,293996,5566,18328.7168,24968.8262,-1.19888653741,1.51303047323,0,0,
11132,11132,5.5660000,293996,5566,18328.8379,24964.1348,0.780375224249,-3.07672523893,0,0,
11133,11133,5.5665000,293997,5567,18329.6797,24960.2891,2.9103530173,-5.9405670705,0,0,
11134,11134,5.5670000,293997,5567,18332.5645,24955.123,6.10344886977,-9.86473538339,0,0,
11135,11135,5.5675000,293998,5568,18328.5977,24962.4531,2.87008248537,-1.79205957364,0,0,
11136,11136,5.5680000,293998,5568,18327.7559,24972.6719,3.01871807289,6.661905057,0,0,
11137,11137,5.5685000,293999,5569,18324.1504,24982.4062,1.5393034267,13.3643851223,0,0,
11138,11138,5.5690000,293999,5569,18327.1543,24977.7188,6.58557607746,6.76202376831,0,0,
11139,11139,5.5695000,294000,5570,18328.5977,24973.5137,9.54692450862,2.71357108831,0,0,
11140,11140,5.5700000,294000,5570,18336.0508,24971.9512,16.3469898093,2.03079011248,0,0,
11141,11141,5.5705000,294001,5571,18336.291,24974.9551,15.1012559157,5.06336741309,0,0,
11142,11142,5.5710000,294001,5571,18333.6465,24981.3262,10.1319827267,8.919527112,0,0,
11143,11143,5.5715000,294002,5572,18332.8047,24983.8496,7.62932560834,9.07814063831,0,0,
11144,11144,5.5720000,294002,5572,18331.6035,24984.0918,5.47544035124,7.5024174818,0,0,
11145,11145,5.5725000,294003,5573,18332.8047,24995.75,5.69003311099,18.1487367551,0,0,
11146,11146,5.5730000,294003,5573,18333.0449,25001.3984,5.02718795378,21.81574654,0,0,
11147,11147,5.5735000,294004,5574,18334.3672,24999.1152,4.17643052969,18.4603323482,0,0,
11148,11148,5.5740000,294004,5574,18340.8574,24993.8262,9.32025120693,14.3921330696,0,0,
11149,11149,5.5745000,294005,5575,18338.4551,24990.8203,5.86119628671,9.96060172542,0,0,
11150,11150,5.5750000,294005,5575,18337.1309,24983.127,4.38416142676,2.55972488915,0,0,
11151,11151,5.5755000,294006,5576,18337.373,24976.7578,4.42488139232,-6.49229570634,0,0,
11152,11152,5.5760000,294006,5576,18335.6895,24984.0918,1.54556346082,-2.13915477373,0,0,
11153,11153,5.5765000,294007,5577,18334.248,24988.5371,0.381339780046,1.75604843227,0,0,
11154,11154,5.5770000,294007,5577,18331.9629,24986.4941,-0.743581490231,0.571798638166,0,0,
11155,11155,5.5775000,294008,5578,18333.0449,24978.5605,0.129423003239,-7.07509845211,0,0,
11156,11156,5.5780000,294008,5578,18336.7715,24972.0703,2.37047373009,-14.5629462661,0,0,
11157,11157,5.5785000,294009,5579,18336.7715,24963.5371,2.29685651547,-21.5810534966,0,0,
11158,11158,5.5790000,294009,5579,18335.209,24968.3438,-0.773925684289,-17.4327954248,0,0,
11159,11159,5.5795000,294010,5580,18329.3184,24961.8516,-6.86326699762,-23.3359363731,0,0,
11160,11160,5.5800000,294010,5580,18331.4824,24961.0098,-4.40313986045,-22.9645062124,0,0,
11161,11161,5.5805000,294011,5581,18333.0449,24972.9121,-2.71109245547,-13.8444094031,0,0,
11162,11162,5.5810000,294011,5581,18332.2031,24977.959,-3.61839865534,-11.2456097981,0,0,
11163,11163,5.5815000,294012,5582,18334.127,24972.3105,-1.54243061053,-18.3607524494,0,0,
11164,11164,5.5820000,294012,5582,18335.8105,24962.2129,-0.393001537621,-23.7180356721,0,0,
11165,11165,5.5825000,294013,5583,18332.6855,24951.9941,-4.18783919365,-26.1567301381,0,0,
11166,11166,5.5830000,294013,5583,18336.0508,24952.1172,-2.45554877899,-15.4545087839,0,0,
11167,11167,5.5835000,294014,5584,18332.4434,24955.8418,-6.83170940596,-3.48331453611,0,0,
11168,11168,5.5840000,294014,5584,18331.4824,24960.8906,-8.75128158432,5.23386141489,0,0,
11169,11169,5.5845000,294015,5585,18327.3965,24964.6172,-10.7282249196,11.2208619174,0,0,
11170,11170,5.5850000,294015,5585,18329.3184,24960.5312,-7.86862028333,8.17715072671,0,0,
11171,11171,5.5855000,294016,5586,18330.1602,24960.4082,-5.51876437608,9.22100177846,0,0,
11172,11172,5.5860000,294016,5586,18328.1172,24957.8848,-5.98109059622,6.38466691702,0,0,
11173,11173,5.5865000,294017,5587,18323.7891,24952.7168,-8.29445737976,1.77850863425,0,0,
11174,11174,5.5870000,294017,5587,18327.1543,24955,-4.28390527237,3.71123659318,0,0,
11175,11175,5.5875000,294018,5588,18324.8711,24962.9355,-4.58506660984,8.43272974629,0,0,
11176,11176,5.5880000,294018,5588,18324.1504,24969.3047,-3.81663918855,9.96897077376,0,0,
11177,11177,5.5885000,294019,5589,18322.9473,24968.9453,-2.56022300411,5.96658180833,0,0,
11178,11178,5.5890000,294019,5589,18315.8574,24969.9062,-6.61980161849,5.9416787498,0,0,
11179,11179,5.5895000,294020,5590,18310.207,24978.2012,-8.12859580783,12.387834807,0,0,
11180,11180,5.5900000,294020,5590,18303.9551,24988.6582,-10.8340423274,18.9609723544,0,0,
11181,11181,5.5905000,294021,5591,18302.3926,24998.6348,-8.25344542877,22.5891292775,0,0,
11182,11182,5.5910000,294021,5591,18302.3926,25000.9199,-5.28540263291,17.2343249923,0,0,
11183,11183,5.5915000,294022,5592,18299.2676,24994.5469,-5.32900672618,6.37460962684,0,0,
11184,11184,5.5920000,294022,5592,18297.5859,24991.9043,-3.69523643588,1.00952821731,0,0,
11185,11185,5.5925000,294023,5593,18288.8105,24987.2168,-8.19941194733,-4.69221702744,0,0,
11186,11186,5.5930000,294023,5593,18283.1621,24988.7793,-8.79445485348,-3.01496358958,0,0,
11187,11187,5.5935000,294024,5594,18275.4688,24995.9902,-11.6169323852,4.58272494292,0,0,
11188,11188,5.5940000,294024,5594,18281.959,24998.0332,-1.49123257322,7.99061945434,0,0,
11189,11189,5.5945000,294025,5595,18284.8438,24997.5527,5.25714963632,5.93448780952,0,0,
11190,11190,5.5950000,294025,5595,18295.4219,24995.2676,17.2513147256,3.51641565075,0,0,
11191,11191,5.5955000,294026,5596,18310.9277,24988.8984,30.4991864651,-5.35717511796,0,0,
11192,11192,5.5960000,294026,5596,18325.1113,24988.416,38.9359515356,-9.60158705148,0,0,
11193,11193,5.5965000,294027,5597,18342.6621,24982.7676,48.4973586783,-14.4352632973,0,0,
11194,11194,5.5970000,294027,5597,18385.6934,24975.916,76.2874402559,-17.2180259602,0,0,
11195,11195,5.5975000,294028,5598,18417.9082,24973.1504,86.9802091234,-16.406298264,0,0,
11196,11196,5.5980000,294028,5598,18412.9785,24963.8965,62.7923790583,-22.986847772,0,0,
11197,11197,5.5985000,294029,5599,18394.1074,24957.5254,32.0971544089,-24.8555261833,0,0,
11198,11198,5.5990000,294029,5599,18373.1934,24958.6074,3.67798993247,-23.1183489395,0,0,
11199,11199,5.5995000,294030,5600,18354.8027,24970.0254,-16.9805629805,-11.4203834316,0,0,
11200,11200,5.6000000,294030,5600,18346.0273,24985.6543,-26.6001161548,0.785146189191,0,0,
11201,11201,5.6005000,294031,5601,18344.2246,24991.9043,-28.3291629432,-0.572659199554,0,0,
11202,11202,5.6010000,294031,5601,18339.2949,24986.375,-31.8858435557,-9.60606924622,0,0,
11203,11203,5.6015000,294032,5602,18329.3184,24981.3262,-38.494924552,-15.175547153,0,0,
11204,11204,5.6020000,294032,5602,18320.4238,24985.4121,-42.6362880402,-8.41015281744,0,0,
11205,11205,5.6025000,294033,5603,18312.6113,24989.8594,-44.3022788163,-1.32044091923,0,0,
11206,11206,5.6030000,294033,5603,18306.4805,24992.5059,-45.0061385381,4.24368456383,0,0,
11207,11207,5.6035000,294034,5604,18302.3926,24991.9043,-42.1032407367,5.48476595838,0,0,
11208,11208,5.6040000,294034,5604,18309.9668,24992.5059,-30.5205206279,5.42510562659,0,0,
11209,11209,5.6045000,294035,5605,18318.2598,25001.8809,-17.9781746891,12.5942716828,0,0,
11210,11210,5.6050000,294035,5605,18327.6348,25011.2559,-8.11479977851,18.2388071213,0,0,
11211,11211,5.6055000,294036,5606,18337.4922,25013.2988,1.16729895165,16.1199565378,0,0,
11212,11212,5.6060000,294036,5606,18343.7441,25009.0918,6.07345221889,8.09850091992,0,0,
11213,11213,5.6065000,294037,5607,18340.1367,25004.6465,2.14855407375,1.55378448913,0,0,
11214,11214,5.6070000,294037,5607,18335.0879,25017.1465,-3.88215024566,8.29262496181,0,0,
11215,11215,5.6075000,294038,5608,18327.2754,25030.7285,-9.21303155391,12.304801067,0,0,
11216,11216,5.6080000,294038,5608,18315.6152,25027.4824,-16.9348111669,1.18407800399,0,0,
11217,11217,5.6085000,294039,5609,18321.9863,25022.6738,-7.42178342687,-7.76478223258,0,0,
11218,11218,5.6090000,294039,5609,18325.5918,25018.1074,-1.15494881387,-13.1528572764,0,0,
11219,11219,5.6095000,294040,5610,18324.9922,25015.8223,0.677279962151,-16.1381885613,0,0,
11220,11220,5.6100000,294040,5610,18326.6738,25016.7832,3.15555865537,-16.0854266188,0,0,
11221,11221,5.6105000,294041,5611,18335.5684,25016.5449,10.7248915038,-17.3132124739,0,0,
11222,11222,5.6110000,294041,5611,18340.6191,25016.7832,12.7928429425,-17.541811939,0,0,
11223,11223,5.6115000,294042,5612,18342.1816,25020.0312,11.8361082216,-12.8178261176,0,0,
11224,11224,5.6120000,294042,5612,18339.0547,25021.4746,7.06021921823,-10.3108540965,0,0,
11225,11225,5.6125000,294043,5613,18333.6465,25026.6406,2.17785065931,-4.3847336059,0,0,
11226,11226,5.6130000,294043,5613,18331.123,25027.4824,0.189394523975,-2.98352480363,0,0,
11227,11227,5.6135000,294044,5614,18336.6504,25015.8223,4.59374547092,-11.315775787,0,0,
11228,11228,5.6140000,294044,5614,18341.6992,24991.0625,5.77419199387,-26.0354157702,0,0,
11229,11229,5.6145000,294045,5615,18342.6621,24972.9121,4.93839092088,-33.400349305,0,0,
11230,11230,5.6150000,294045,5615,18344.1035,24972.9121,3.51829468614,-22.7468092064,0,0,
11231,11231,5.6155000,294046,5616,18346.748,24981.9277,2.31803130738,-8.24034589341,0,0,
11232,11232,5.6160000,294046,5616,18344.584,25000.0781,-2.87256243293,8.82442270541,0,0,
11233,11233,5.6165000,294047,5617,18345.1855,25009.6934,-4.68237657707,18.7625429055,0,0,
11234,11234,5.6170000,294047,5617,18342.7812,25020.873,-12.175697121,29.6115068466,0,0,
11235,11235,5.6175000,294048,5618,18342.4199,25023.3965,-15.4956679617,29.9407398414,0,0,
11236,11236,5.6180000,294048,5618,18341.5801,25026.6406,-12.7419037385,29.6524578364,0,0,
11237,11237,5.6185000,294049,5619,18339.416,25026.5215,-7.68346773095,26.3546121125,0,0,
11238,11238,5.6190000,294049,5619,18327.2754,25032.8926,-11.8842866069,24.7262594294,0,0,
11239,11239,5.6195000,294050,5620,18320.7832,25040.3438,-10.2430271361,23.3906168591,0,0,
11240,11240,5.6200000,294050,5620,18319.2207,25046.4746,-6.72832551271,19.4989172524,0,0,
11241,11241,5.6205000,294051,5621,18317.7793,25052.4844,-4.46141787193,14.595992024,0,0,
11242,11242,5.6210000,294051,5621,18314.5332,25060.8984,-3.19738749814,15.4701284266,0,0,
11243,11243,5.6215000,294052,5622,18313.332,25060.5391,0.549895055016,9.58607972296,0,0,
11244,11244,5.6220000,294052,5622,18318.8613,25045.0332,8.83628153253,-6.22884787679,0,0,
11245,11245,5.6225000,294053,5623,18324.3906,25015.7031,15.461918212,-29.0941413545,0,0,
11246,11246,5.6230000,294053,5623,18329.9199,24964.2578,19.2308241645,-63.3518811728,0,0,
11247,11247,5.6235000,294054,5624,18331.002,24934.6875,18.9315724137,-71.7569571032,0,0,
11248,11248,5.6240000,294054,5624,18326.4336,24945.9863,11.2394740739,-45.6374016384,0,0,
11249,11249,5.6245000,294055,5625,18316.9375,24969.1855,2.51414205287,-15.0566707213,0,0,
11250,11250,5.6250000,294055,5625,18313.332,24987.3359,-1.00322694343,6.22673081718,0,0,
11251,11251,5.6255000,294056,5626,18312.9707,24992.9844,-0.499734470596,14.4168216339,0,0,
11252,11252,5.6260000,294056,5626,18313.2129,24999.5957,1.43902670123,22.1277941813,0,0,
11253,11253,5.6265000,294057,5627,18310.8066,25003.2031,2.76943410592,26.0722682482,0,0,
11254,11254,5.6270000,294057,5627,18306.1191,25008.4922,1.01389392545,26.3439264174,0,0,
11255,11255,5.6275000,294058,5628,18305.6387,25012.0957,4.90472152886,23.1467472713,0,0,
11256,11256,5.6280000,294058,5628,18311.4082,25006.209,13.3186741284,15.1227013076,0,0,
11257,11257,5.6285000,294059,5629,18315.2559,24977.8379,16.0852802758,-8.14801821553,0,0,
11258,11258,5.6290000,294059,5629,18316.8184,24933.4844,17.2242175226,-38.0987429651,0,0,
11259,11259,5.6295000,294060,5630,18314.8945,24893.3359,15.8473566275,-58.5914186164,0,0,
11260,11260,5.6300000,294060,5630,18313.4512,24895.5,13.8059116169,-40.2476480101,0,0,
11261,11261,5.6305000,294061,5631,18312.4902,24928.1953,10.9646532597,0.121013472596,0,0,
11262,11262,5.6310000,294061,5631,18308.6445,24956.9238,6.21348921129,29.8302096405,0,0,
11263,11263,5.6315000,294062,5632,18312.6113,24974.5938,9.49847760412,45.8617782464,0,0,
11264,11264,5.6320000,294062,5632,18320.4238,24976.2754,15.824352279,45.5550998498,0,0,
11265,11265,5.6325000,294063,5633,18338.5742,24974.5938,30.0113174632,41.9495988835,0,0,
11266,11266,5.6330000,294063,5633,18349.2715,24967.1406,33.9879071576,34.558082931,0,0,
11267,11267,5.6335000,294064,5634,18346.8691,24971.2285,24.1196176122,39.9176390893,0,0,
11268,11268,5.6340000,294064,5634,18342.6621,24979.8828,12.6650747259,51.217088415,0,0,
11269,11269,5.6345000,294065,5635,18339.6562,24983.7285,5.95026630265,53.2339435368,0,0,
11270,11270,5.6350000,294065,5635,18352.7578,24983.4902,12.3044737111,48.4315832414,0,0,
11271,11271,5.6355000,294066,5636,18355.7637,24973.5137,7.85446616205,32.6575897417,0,0,
11272,11272,5.6360000,294066,5636,18344.584,24965.6973,-6.99765971515,17.6100987884,0,0,
11273,11273,5.6365000,294067,5637,18333.6465,24958.8457,-19.2362387481,9.65780585922,0,0,
11274,11274,5.6370000,294067,5637,18323.1895,24956.6855,-30.9892935593,7.87587745604,0,0,
11275,11275,5.6375000,294068,5638,18321.2656,24955.9629,-32.8404904469,7.92491463443,0,0,
11276,11276,5.6380000,294068,5638,18324.2715,24954.7598,-25.4388757329,6.59726635015,0,0,
11277,11277,5.6385000,294069,5639,18334.127,24959.4473,-10.521767628,10.6063176761,0,0,
11278,11278,5.6390000,294069,5639,18334.248,24967.623,-5.02069645932,12.150446497,0,0,
11279,11279,5.6395000,294070,5640,18334.248,24973.752,-1.55636813229,10.7103797158,0,0,
11280,11280,5.6400000,294070,5640,18330.4004,24977.8379,-4.46154662,6.58533143067,0,0,
11281,11281,5.6405000,294071,5641,18323.6699,24981.9277,-9.92531500814,1.8288843925,0,0,
11282,11282,5.6410000,294071,5641,18322.9473,24985.8926,-8.59168494338,-0.315925035618,0,0,
11283,11283,5.6415000,294072,5642,18326.7949,24986.0137,-3.44378143849,-3.37307003874,0,0,
11284,11284,5.6420000,294072,5642,18340.1367,24983.9688,6.93365148942,-4.30082346466,0,0,
11285,11285,5.6425000,294073,5643,18358.5293,24989.2578,19.0397176684,3.54407465528,0,0,
11286,11286,5.6430000,294073,5643,18355.8848,24995.9902,10.160311765,15.2159330101,0,0,
11287,11287,5.6435000,294074,5644,18344.9453,25001.6406,-2.91920982085,19.4529930385,0,0,
11288,11288,5.6440000,294074,5644,18335.4492,24997.9141,-13.5695713299,6.31940815075,0,0,
11289,11289,5.6445000,294075,5645,18332.8047,25003.0801,-14.4758960953,-0.676809209714,0,0,
11290,11290,5.6450000,294075,5645,18331.2422,25013.1797,-16.2103489479,-1.94216628168,0,0,
11291,11291,5.6455000,294076,5646,18329.7988,25020.752,-17.3963227875,-2.73412498671,0,0,
11292,11292,5.6460000,294076,5646,18328.3574,25010.0547,-17.4916352528,-18.5316076085,0,0,
11293,11293,5.6465000,294077,5647,18333.4062,24995.3887,-10.2195919792,-33.9089891219,0,0,
11294,11294,5.6470000,294077,5647,18345.7871,24989.8594,1.17092148247,-42.2602937061,0,0,
11295,11295,5.6475000,294078,5648,18354.5605,24972.6719,8.03734520703,-59.1701967056,0,0,
11296,11296,5.6480000,294078,5648,18354.3223,24961.9746,5.16966664927,-63.3114552355,0,0,
11297,11297,5.6485000,294079,5649,18358.6484,24961.373,4.79607893878,-52.8379603721,0,0,
11298,11298,5.6490000,294079,5649,18362.6152,24952.1172,5.13011818752,-47.0653192792,0,0,
11299,11299,5.6495000,294080,5650,18363.0957,24946.2266,3.5391303324,-40.456891793,0,0,
11300,11300,5.6500000,294080,5650,18357.3262,24938.4141,-3.91952638334,-43.7561489873,0,0,
11301,11301,5.6505000,294081,5651,18351.6777,24942.0176,-11.0420004239,-41.7443163872,0,0,
11302,11302,5.6510000,294081,5651,18347.709,24953.5566,-14.8128902337,-32.4009619584,0,0,
11303,11303,5.6515000,294082,5652,18346.627,24961.9746,-15.8877538367,-24.063202268,0,0,
11304,11304,5.6520000,294082,5652,18347.709,24975.1953,-14.7956042604,-10.2751323039,0,0,
11305,11305,5.6525000,294083,5653,18346.748,24978.0801,-16.1420646449,-6.86364808038,0,0,
11306,11306,5.6530000,294083,5653,18342.541,24984.3301,-18.9265901554,0.193578886317,0,0,
11307,11307,5.6535000,294084,5654,18331.6035,24987.0938,-25.4182176275,3.06533286706,0,0,
11308,11308,5.6540000,294084,5654,18330.2793,24988.7793,-23.1876380118,6.76537419762,0,0,
11309,11309,5.6545000,294085,5655,18334.9688,24985.291,-14.6525674329,4.35366084914,0,0,
11310,11310,5.6550000,294085,5655,18345.1855,24986.1328,-6.31728779661,4.74761461281,0,0,
11311,11311,5.6555000,294086,5656,18348.6719,24980.6035,-3.90175226923,-1.06853522903,0,0,
11312,11312,5.6560000,294086,5656,18347.1094,24981.2051,-3.05714541451,-3.88757983811,0,0,
11313,11313,5.6565000,294087,5657,18348.1895,24980.123,-0.412649165994,-4.59843050226,0,0,
11314,11314,5.6570000,294087,5657,18354.8027,24981.0859,4.26853658495,-3.32829472106,0,0,
11315,11315,5.6575000,294088,5658,18356.8457,24979.4004,3.22564207839,-4.14321205483,0,0,
11316,11316,5.6580000,294088,5658,18358.0469,24967.7422,4.47874171404,-13.2055078562,0,0,
11317,11317,5.6585000,294089,5659,18356.2441,24957.5254,4.42885273311,-19.501971458,0,0,
11318,11318,5.6590000,294089,5659,18354.2012,24959.5684,6.84803849026,-18.0536566291,0,0,
11319,11319,5.6595000,294090,5660,18351.0762,24961.0098,7.27530750523,-17.0203115222,0,0,
11320,11320,5.6600000,294090,5660,18351.5566,24961.9746,9.15748839211,-16.4362673191,0,0,
11321,11321,5.6605000,294091,5661,18348.5508,24961.4922,7.66896025521,-17.4508474927,0,0,
11322,11322,5.6610000,294091,5661,18350.2344,24954.6406,9.87172677212,-21.1285878868,0,0,
11323,11323,5.6615000,294092,5662,18349.3926,24952.7168,9.0422730086,-17.1552470375,0,0,
11324,11324,5.6620000,294092,5662,18349.3926,24952.7168,6.34043970552,-8.60262636845,0,0,
11325,11325,5.6625000,294093,5663,18354.6816,24953.4375,7.55753683,0.483121489131,0,0,
11326,11326,5.6630000,294093,5663,18352.8789,24953.9199,5.34930665493,11.3816602197,0,0,
11327,11327,5.6635000,294094,5664,18354.3223,24955.2422,8.44699865994,18.2782810652,0,0,
11328,11328,5.6640000,294094,5664,18351.3164,24952.7168,6.11190796769,15.7551488502,0,0,
11329,11329,5.6645000,294095,5665,18356.6055,24951.7559,11.3753259749,11.1637142358,0,0,
11330,11330,5.6650000,294095,5665,18356.7246,24951.5156,9.51374507436,8.05435304677,0,0,
11331,11331,5.6655000,294096,5666,18361.1738,24951.3965,11.3001953236,8.43946686796,0,0,
11332,11332,5.6660000,294096,5666,18361.5332,24948.2715,9.76696462666,9.54748502067,0,0,
11333,11333,5.6665000,294097,5667,18358.6484,24946.4668,6.19056736299,12.8598183835,0,0,
11334,11334,5.6670000,294097,5667,18356.6055,24952.2363,2.32673470191,17.4099206855,0,0,
11335,11335,5.6675000,294098,5668,18360.8125,24955.7207,5.42669102931,20.1840653588,0,0,
11336,11336,5.6680000,294098,5668,18352.8789,24957.8848,-1.1275939174,22.9333586732,0,0,
11337,11337,5.6685000,294099,5669,18347.8301,24959.6895,-5.9637253839,26.7956911913,0,0,
11338,11338,5.6690000,294099,5669,18345.9062,24969.9062,-6.18083819717,40.6364749107,0,0,
11339,11339,5.6695000,294100,5670,18346.748,24982.6484,-2.41141910254,51.47145823,0,0,
11340,11340,5.6700000,294100,5670,18352.1582,24989.1387,4.70959894036,48.4419856025,0,0,
11341,11341,5.6705000,294101,5671,18351.7969,24983.9688,4.81819875605,29.641153503,0,0,
11342,11342,5.6710000,294101,5671,18354.4414,24973.9922,7.4203254986,9.25747262759,0,0,
11343,11343,5.6715000,294102,5672,18350.3535,24969.0645,3.07924283582,-0.526808596974,0,0,
11344,11344,5.6720000,294102,5672,18349.2715,24964.7363,1.63174202523,-6.4581808113,0,0,
11345,11345,5.6725000,294103,5673,18350.2344,24964.1348,1.82776420471,-5.98592134061,0,0,
11346,11346,5.6730000,294103,5673,18352.3965,24958.7266,4.00212820433,-8.68024083495,0,0,
11347,11347,5.6735000,294104,5674,18351.5566,24959.6895,5.04157313217,-4.88470783654,0,0,
11348,11348,5.6740000,294104,5674,18348.6719,24969.1855,1.92916761087,7.24401811805,0,0,
11349,11349,5.6745000,294105,5675,18347.2285,24970.2656,0.69136447344,10.1379861081,0,0,
11350,11350,5.6750000,294105,5675,18345.7871,24974.834,-3.85344797889,13.5738482273,0,0,
11351,11351,5.6755000,294106,5676,18347.2285,24977.2402,-3.22794603661,14.6948768225,0,0,
11352,11352,5.6760000,294106,5676,18352.3965,24978.5605,3.43677620202,10.9713295169,0,0,
11353,11353,5.6765000,294107,5677,18354.0801,24976.5176,5.25906347379,7.57894307821,0,0,
11354,11354,5.6770000,294107,5677,18353.2402,24973.1504,2.09782699712,3.35865086929,0,0,
11355,11355,5.6775000,294108,5678,18355.1621,24972.1895,1.59916271132,2.42178531763,0,0,
11356,11356,5.6780000,294108,5678,18352.2773,24966.6621,-0.376728312503,-0.830909954005,0,0,
11357,11357,5.6785000,294109,5679,18351.1953,24959.3281,1.07634308912,-5.53841439694,0,0,
11358,11358,5.6790000,294109,5679,18351.7969,24953.5566,5.7291753116,-13.0459617825,0,0,
11359,11359,5.6795000,294110,5680,18351.1953,24946.7051,8.08006701881,-19.6931036177,0,0,
11360,11360,5.6800000,294110,5680,18351.3164,24941.1777,8.73771438715,-23.7515302633,0,0,
11361,11361,5.6805000,294111,5681,18349.873,24941.8984,8.29729175123,-21.8690124796,0,0,
11362,11362,5.6810000,294111,5681,18345.7871,24946.7051,4.5923459013,-14.1396749933,0,0,
11363,11363,5.6815000,294112,5682,18342.3008,24945.5059,2.01716842946,-11.3694001408,0,0,
11364,11364,5.6820000,294112,5682,18341.5801,24945.625,-0.128292995808,-5.52488701306,0,0,
11365,11365,5.6825000,294113,5683,18344.2246,24940.8184,-0.709939091483,-3.76347214085,0,0,
11366,11366,5.6830000,294113,5683,18347.2285,24934.6875,2.31372890003,-0.401909642788,0,0,
11367,11367,5.6835000,294114,5684,18348.6719,24927.3535,4.67727706744,-0.754831899462,0,0,
11368,11368,5.6840000,294114,5684,18354.3223,24927.5938,9.62793201298,1.94256016461,0,0,
11369,11369,5.6845000,294115,5685,18352.5176,24932.6426,6.37737764625,4.7964194072,0,0,
11370,11370,5.6850000,294115,5685,18353.3594,24938.7734,5.12519363511,7.82006074301,0,0,
11371,11371,5.6855000,294116,5686,18352.7578,24936.9707,1.9900998155,5.913694158,0,0,
11372,11372,5.6860000,294116,5686,18351.916,24937.3301,0.209019364983,9.06640733236,0,0,
11373,11373,5.6865000,294117,5687,18351.5566,24936.7285,-0.0712393030369,11.5217272287,0,0,
11374,11374,5.6870000,294117,5687,18347.2285,24932.1621,-4.99303798186,5.53133712972,0,0,
11375,11375,5.6875000,294118,5688,18349.2715,24932.1621,-3.9099835412,5.55225487628,0,0,
11376,11376,5.6880000,294118,5688,18355.8848,24930.2402,3.2500401684,5.57156967225,0,0,
11377,11377,5.6885000,294119,5689,18350.5957,24930.5996,-2.78816670775,9.15454435975,0,0,
11378,11378,5.6890000,294119,5689,18350.4746,24934.6875,-3.27542420049,16.9325199533,0,0,
11379,11379,5.6895000,294120,5690,18346.5078,24933.6035,-6.05360779744,16.9634299778,0,0,
11380,11380,5.6900000,294120,5690,18345.3066,24931.6816,-6.56784620155,12.4167036316,0,0,
11381,11381,5.6905000,294121,5691,18345.7871,24927.5938,-5.40110871439,3.86814071248,0,0,
11382,11382,5.6910000,294121,5691,18347.4707,24927.5938,-3.88155989659,0.338809719854,0,0,
11383,11383,5.6915000,294122,5692,18347.8301,24925.5527,-3.37561512454,-2.83267620438,0,0,
11384,11384,5.6920000,294122,5692,18347.3496,24927.3535,-4.4706083505,-1.20849680103,0,0,
11385,11385,5.6925000,294123,5693,18345.1855,24928.5566,-7.30028024747,0.670108822697,0,0,
11386,11386,5.6930000,294123,5693,18347.3496,24929.0371,-5.4130719118,2.86272798488,0,0,
11387,11387,5.6935000,294124,5694,18350.9551,24924.9512,-0.841945092487,0.296830806738,0,0,
11388,11388,5.6940000,294124,5694,18350.7148,24923.1484,-1.79401726603,0.2641383268,0,0,
11389,11389,5.6945000,294125,5695,18348.9121,24922.9062,-4.03874422505,2.85344002835,0,0,
11390,11390,5.6950000,294125,5695,18347.4707,24924.3496,-8.4181734148,4.40171420954,0,0,
11391,11391,5.6955000,294126,5696,18349.3926,24924.1094,-8.16805404542,4.78943448244,0,0,
11392,11392,5.6960000,294126,5696,18344.8262,24926.3926,-11.2987399868,4.40531222609,0,0,
11393,11393,5.6965000,294127,5697,18338.9355,24933.6035,-14.7104390678,10.4791959302,0,0,
11394,11394,5.6970000,294127,5697,18340.498,24930.1191,-12.8000073999,6.4627936728,0,0,
11395,11395,5.6975000,294128,5698,18341.8203,24929.0371,-11.825815593,5.02180829136,0,0,
11396,11396,5.6980000,294128,5698,18345.0645,24928.6777,-6.66043365986,5.97260783114,0,0,
11397,11397,5.6985000,294129,5699,18349.873,24930.5996,-0.191703599562,8.11306982771,0,0,
11398,11398,5.6990000,294129,5699,18348.9121,24930.9609,1.7617257575,3.96045151493,0,0,
11399,11399,5.6995000,294130,5700,18357.0859,24932.4043,10.5691427706,1.41299913974,0,0,
11400,11400,5.7000000,294130,5700,18359.1289,24929.7578,11.0224407471,-4.524098208,0,0,
11401,11401,5.7005000,294131,5701,18359.9707,24918.3379,10.7752226777,-17.8226167207,0,0,
11402,11402,5.7010000,294131,5701,18357.5664,24910.166,7.28286068528,-24.4721938699,0,0,
11403,11403,5.7015000,294132,5702,18356.3652,24899.8281,5.14631945449,-29.4254883518,0,0,
11404,11404,5.7020000,294132,5702,18350.5957,24891.2949,-2.67434108716,-29.9298531301,0,0,
11405,11405,5.7025000,294133,5703,18351.7969,24892.375,-5.15851775837,-20.6277755854,0,0,
11406,11406,5.7030000,294133,5703,18353.2402,24882.8809,-4.43331378757,-18.8543751071,0,0,
11407,11407,5.7035000,294134,5704,18355.1621,24867.373,-2.18015600326,-23.4989166403,0,0,
11408,11408,5.7040000,294134,5704,18356.0039,24855.3535,-2.1138341991,-27.7976064626,0,0,
11409,11409,5.7045000,294135,5705,18357.0859,24856.4355,-1.44015830574,-23.508406719,0,0,
11410,11410,5.7050000,294135,5705,18355.7637,24870.8594,-3.75914593558,-9.0933013057,0,0,
11411,11411,5.7055000,294136,5706,18354.8027,24889.9707,-5.70029251534,9.49218832829,0,0,
11412,11412,5.7060000,294136,5706,18357.9277,24900.0684,-3.02425557572,19.0297545069,0,0,
11413,11413,5.7065000,294137,5707,18354.3223,24899.4668,-5.67381026632,18.4987067474,0,0,
11414,11414,5.7070000,294137,5707,18352.5176,24898.748,-6.74438011725,14.5731730757,0,0,
11415,11415,5.7075000,294138,5708,18340.6191,24900.0684,-16.7467766022,12.9386750838,0,0,
11416,11416,5.7080000,294138,5708,18332.4434,24900.0684,-20.1114773253,11.8374105681,0,0,
11417,11417,5.7085000,294139,5709,18330.2793,24898.3848,-17.2011036644,10.3349561158,0,0,
11418,11418,5.7090000,294139,5709,18325.2324,24899.5879,-17.4192336069,12.1650427218,0,0,
11419,11419,5.7095000,294140,5710,18318.8613,24903.4355,-16.9872406833,14.88363163,0,0,
11420,11420,5.7100000,294140,5710,18320.9043,24906.1973,-10.275252504,13.0753273683,0,0,
11421,11421,5.7105000,294141,5711,18315.7363,24911.9688,-10.4592289433,11.6917056706,0,0,
11422,11422,5.7110000,294141,5711,18313.332,24911.9688,-8.52116423217,4.97134669802,0,0,
11423,11423,5.7115000,294142,5712,18312.6113,24916.2969,-4.738714943,4.16880692358,0,0,
11424,11424,5.7120000,294142,5712,18304.918,24917.9785,-7.51025152283,1.30998273765,0,0,
11425,11425,5.7125000,294143,5713,18303.8359,24918.9395,-4.23254705399,-0.865516777282,0,0,
11426,11426,5.7130000,294143,5713,18303.8359,24917.498,-0.621581743478,-3.5854879561,0,0,
11427,11427,5.7135000,294144,5714,18307.5625,24915.5762,6.7950571501,-5.99421686255,0,0,
11428,11428,5.7140000,294144,5714,18310.8066,24904.998,11.9530396346,-15.1769506523,0,0,
11429,11429,5.7145000,294145,5715,18315.6152,24899.709,17.4826044065,-17.3235679458,0,0,
11430,11430,5.7150000,294145,5715,18325.3516,24903.7949,23.4305646491,-13.0201888878,0,0,
11431,11431,5.7155000,294146,5716,18357.0859,24902.1113,45.8624031459,-13.311026228,0,0,
11432,11432,5.7160000,294146,5716,18407.3301,24898.9863,80.4878993723,-17.0325919469,0,0,
11433,11433,5.7165000,294147,5717,18423.5566,24897.0625,79.5218965913,-17.5862899645,0,0,
11434,11434,5.7170000,294147,5717,18414.3027,24895.7422,54.0038759429,-15.5078755144,0,0,
11435,11435,5.7175000,294148,5718,18394.5879,24895.9824,23.3484117441,-12.6594259827,0,0,
11436,11436,5.7180000,294148,5718,18380.0449,24890.9316,3.93531320266,-13.1523371401,0,0,
11437,11437,5.7185000,294149,5719,18374.3945,24884.2012,-4.33993554705,-15.2029055271,0,0,
11438,11438,5.7190000,294149,5719,18372.1113,24856.5547,-6.3616160057,-36.548228006,0,0,
11439,11439,5.7195000,294150,5720,18367.1816,24835.7598,-11.7789808505,-47.4329066689,0,0,
11440,11440,5.7200000,294150,5720,18366.3418,24837.2031,-12.9704104209,-36.8178628308,0,0,
11441,11441,5.7205000,294151,5721,18369.1055,24843.0918,-10.2853129005,-23.4176476021,0,0,
11442,11442,5.7210000,294151,5721,18374.3945,24858.1172,-5.88133044369,-4.14400202222,0,0,
11443,11443,5.7215000,294152,5722,18377.6406,24870.0176,-4.33944648868,10.9248223821,0,0,
11444,11444,5.7220000,294152,5722,18370.1875,24875.7871,-12.8720975934,19.0293744265,0,0,
11445,11445,5.7225000,294153,5723,18367.0625,24879.5137,-18.7552969872,23.2785178329,0,0,
11446,11446,5.7230000,294153,5723,18367.9043,24879.2734,-18.1468274736,26.8898039825,0,0,
11447,11447,5.7235000,294154,5724,18363.4551,24883.7207,-20.7844699907,32.8973936205,0,0,
11448,11448,5.7240000,294154,5724,18359.4902,24885.8848,-22.7297753648,31.6848093685,0,0,
11449,11449,5.7245000,294155,5725,18355.7637,24881.0762,-23.4286336304,19.6513828732,0,0,
11450,11450,5.7250000,294155,5725,18357.0859,24879.875,-19.8382841794,10.076661218,0,0,
11451,11451,5.7255000,294156,5726,18354.6816,24875.7871,-19.9641941965,1.47117316783,0,0,
11452,11452,5.7260000,294156,5726,18349.7539,24873.8652,-21.6801426341,-0.632609414477,0,0,
11453,11453,5.7265000,294157,5727,18349.873,24876.8691,-16.9548673787,4.06692015779,0,0,
11454,11454,5.7270000,294157,5727,18349.1523,24883.9609,-14.1160802598,8.69213408898,0,0,
11455,11455,5.7275000,294158,5728,18346.627,24881.1973,-12.1726816927,4.13934112229,0,0,
11456,11456,5.7280000,294158,5728,18345.7871,24876.1484,-8.4687993353,0.0467740767064,0,0,
11457,11457,5.7285000,294159,5729,18343.623,24866.4121,-7.00571071532,-5.89317426015,0,0,
11458,11458,5.7290000,294159,5729,18346.748,24867.4941,-1.35149956497,-1.48318592095,0,0,
11459,11459,5.7295000,294160,5730,18356.0039,24867.1328,9.47691934516,0.106915496972,0,0,
11460,11460,5.7300000,294160,5730,18365.5,24871.3418,16.2169182136,3.1395310327,0,0,
11461,11461,5.7305000,294161,5731,18364.8984,24867.8535,14.3593915656,-2.68101474473,0,0,
11462,11462,5.7310000,294161,5731,18367.9043,24855.2324,14.6953377605,-14.0985001967,0,0,
11463,11463,5.7315000,294162,5732,18373.7949,24847.9004,17.183780353,-18.2510434623,0,0,
11464,11464,5.7320000,294162,5732,18374.3945,24839.125,15.3704442548,-21.6751228662,0,0,
11465,11465,5.7325000,294163,5733,18376.0781,24838.5234,13.2575626966,-16.3935490076,0,0,
11466,11466,5.7330000,294163,5733,18378.4824,24842.8516,11.5252582009,-6.35045174237,0,0,
11467,11467,5.7335000,294164,5734,18383.8906,24843.6934,12.6928691599,-0.437423025054,0,0,
11468,11468,5.7340000,294164,5734,18391.3438,24836.9609,14.6542550767,-0.29445288166,0,0,
11469,11469,5.7345000,294165,5735,18400.3574,24827.7051,16.9833490285,-2.17199578607,0,0,
11470,11470,5.7350000,294165,5735,18395.4297,24824.3418,4.5458617698,-1.55253136835,0,0,
11471,11471,5.7355000,294166,5736,18381.3672,24829.75,-16.4161051615,7.86178410908,0,0,
11472,11472,5.7360000,294166,5736,18375.957,24834.0781,-27.0710832152,12.9278079347,0,0,
11473,11473,5.7365000,294167,5737,18371.1504,24840.5684,-28.840637435,19.5062156537,0,0,
11474,11474,5.7370000,294167,5737,18359.1289,24848.623,-33.2521042937,27.1871306482,0,0,
11475,11475,5.7375000,294168,5738,18347.709,24862.4453,-34.1810200842,37.1245004393,0,0,
11476,11476,5.7380000,294168,5738,18333.8867,24862.4453,-35.4768614286,35.2505999025,0,0,
11477,11477,5.7385000,294169,5739,18328.8379,24850.3047,-29.6141416131,23.1967748201,0,0,
11478,11478,5.7390000,294169,5739,18336.4121,24845.375,-12.7990405294,19.8307685051,0,0,
11479,11479,5.7395000,294170,5740,18349.3926,24846.459,4.79943329644,20.4418843393,0,0,
11480,11480,5.7400000,294170,5740,18348.6719,24851.0254,7.30669720164,19.9632723032,0,0,
11481,11481,5.7405000,294171,5741,18346.8691,24848.502,8.54021702337,12.9914289174,0,0,
11482,11482,5.7410000,294171,5741,18347.709,24839.9668,11.5194124472,1.09186119939,0,0,
11483,11483,5.7415000,294172,5742,18351.7969,24826.625,16.6966908526,-10.4870806628,0,0,
11484,11484,5.7420000,294172,5742,18344.584,24811.8379,12.6192333689,-19.034093964,0,0,
11485,11485,5.7425000,294173,5743,18338.334,24801.3828,7.35949122669,-22.0511424646,0,0,
11486,11486,5.7430000,294173,5743,18337.9746,24795.252,8.87504229137,-16.9426897631,0,0,
11487,11487,5.7435000,294174,5744,18332.084,24794.8906,7.32004315099,-8.79077098377,0,0,
11488,11488,5.7440000,294174,5744,18330.5215,24802.8262,9.18053678484,2.14930277462,0,0,
11489,11489,5.7445000,294175,5745,18330.8809,24809.0762,12.4996888195,6.8592218321,0,0,
11490,11490,5.7450000,294175,5745,18331.123,24804.9863,13.9799742078,-0.330177057254,0,0,
11491,11491,5.7455000,294176,5746,18336.8926,24801.623,19.8844193419,-3.74900785043,0,0,
11492,11492,5.7460000,294176,5746,18335.6895,24808.9551,19.2575103097,4.30686914955,0,0,
11493,11493,5.7465000,294177,5747,18327.3965,24818.5703,13.2731338484,13.6365390167,0,0,
11494,11494,5.7470000,294177,5747,18329.9199,24826.3848,16.6805448736,16.8324348244,0,0,
11495,11495,5.7475000,294178,5748,18335.0879,24836.6016,22.2662033432,22.4407259158,0,0,
11496,11496,5.7480000,294178,5748,18331.4824,24837.5625,19.4453121965,20.5215062472,0,0,
11497,11497,5.7485000,294179,5749,18331.2422,24848.3809,19.23134517,28.0421621598,0,0,
11498,11498,5.7490000,294179,5749,18330.1602,24856.916,17.1589566411,30.0030053915,0,0,
11499,11499,5.7495000,294180,5750,18339.8965,24862.9277,23.8412784554,28.2837676112,0,0,
11500,11500,5.7500000,294180,5750,18361.1738,24863.0469,36.3291542308,19.012168568,0,0,
11501,11501,5.7505000,294181,5751,18376.0781,24864.3672,42.9668802116,11.489641295,0,0,
11502,11502,5.7510000,294181,5751,18381.6074,24863.4062,38.4730930101,4.95576114768,0,0,
11503,11503,5.7515000,294182,5752,18396.873,24863.0469,41.3535696458,-0.806877321897,0,0,
11504,11504,5.7520000,294182,5752,18398.0742,24861.6035,32.7084364487,-5.94382614561,0,0,
11505,11505,5.7525000,294183,5753,18383.1699,24862.9277,10.6391438457,-8.74618838819,0,0,
11506,11506,5.7530000,294183,5753,18369.4668,24869.2969,-7.0997598175,-6.89134893158,0,0,
11507,11507,5.7535000,294184,5754,18359.9707,24866.7734,-18.3703816732,-11.9644164568,0,0,
11508,11508,5.7540000,294184,5754,18351.5566,24866.6504,-27.1344561563,-11.9803405255,0,0,
11509,11509,5.7545000,294185,5755,18332.084,24886.6074,-43.2293404673,4.31126226814,0,0,
11510,11510,5.7550000,294185,5755,18294.459,24921.5859,-69.9947240078,25.7402493958,0,0,
11511,11511,5.7555000,294186,5756,18285.4453,24931.9219,-68.45756111,21.9557822817,0,0,
11512,11512,5.7560000,294186,5756,18287.6074,24932.6426,-59.175781164,9.02996366891,0,0,
11513,11513,5.7565000,294187,5757,18285.4453,24922.0645,-49.5056170016,-10.9007778647,0,0,
11514,11514,5.7570000,294187,5757,18291.2148,24920.8652,-31.3423680099,-18.8967682039,0,0,
11515,11515,5.7575000,294188,5758,18290.252,24922.5469,-20.4301853285,-24.5018997903,0,0,
11516,11516,5.7580000,294188,5758,18287.0078,24913.0488,-12.1159802286,-34.2446783062,0,0,
11517,11517,5.7585000,294189,5759,18285.5645,24904.6348,-5.88729032083,-39.103414986,0,0,
11518,11518,5.7590000,294189,5759,18283.7617,24904.998,-2.09605870399,-36.0308135323,0,0,
11519,11519,5.7595000,294190,5760,18282.9199,24903.5547,0.409725943142,-36.5907660069,0,0,
11520,11520,5.7600000,294190,5760,18279.5547,24896.7031,2.18697617931,-44.2567191429,0,0,
11521,11521,5.7605000,294191,5761,18280.877,24889.9707,7.66908769434,-48.9154821583,0,0,
11522,11522,5.7610000,294191,5761,18280.6367,24882.5176,10.2050652906,-52.4070772297,0,0,
11523,11523,5.7615000,294192,5762,18279.0742,24881.0762,10.7027238043,-47.1522542513,0,0,
11524,11524,5.7620000,294192,5762,18281.7188,24879.875,17.0280495449,-40.2525977785,0,0,
11525,11525,5.7625000,294193,5763,18279.916,24874.1035,15.9645742842,-38.3346541687,0,0,
11526,11526,5.7630000,294193,5763,18275.709,24873.9844,12.703605951,-29.3090152871,0,0,
11527,11527,5.7635000,294194,5764,18271.502,24871.9395,12.1075561679,-24.6804762549,0,0,
11528,11528,5.7640000,294194,5764,18270.1797,24861.9629,12.6918745547,-30.1084139963,0,0,
11529,11529,5.7645000,294195,5765,18272.9434,24855.5938,16.1086049371,-32.6853204569,0,0,
11530,11530,5.7650000,294195,5765,18275.4688,24853.5488,17.5334971828,-30.7108868494,0,0,
11531,11531,5.7655000,294196,5766,18270.541,24869.1777,11.6803435327,-12.727336512,0,0,
11532,11532,5.7660000,294196,5766,18271.9824,24873.625,13.3547005465,-6.80337602682,0,0,
11533,11533,5.7665000,294197,5767,18273.4238,24881.4375,15.9096454567,1.63014027379,0,0,
11534,11534,5.7670000,294197,5767,18278.7129,24882.2793,18.5876760544,1.3678153873,0,0,
11535,11535,5.7675000,294198,5768,18273.7852,24882.5176,12.3317496639,1.8008905871,0,0,
11536,11536,5.7680000,294198,5768,18275.9492,24880.9551,14.1557057879,3.81325598964,0,0,
11537,11537,5.7685000,294199,5769,18283.5215,24874.8262,18.7061466369,1.78249861614,0,0,
11538,11538,5.7690000,294199,5769,18282.8008,24872.6621,14.5468270066,2.90614272998,0,0,
11539,11539,5.7695000,294200,5770,18283.7617,24868.9355,10.2259931635,3.00835724127,0,0,
11540,11540,5.7700000,294200,5770,18283.6426,24864.6094,2.19312548474,2.15309738998,0,0,
11541,11541,5.7705000,294201,5771,18282.3203,24863.166,-2.46930002166,3.76408882096,0,0,
11542,11542,5.7710000,294201,5771,18279.6758,24860.8828,-6.96731634204,6.72120049373,0,0,
11543,11543,5.7715000,294202,5772,18283.6426,24858.5996,-7.27491528098,8.96424817939,0,0,
11544,11544,5.7720000,294202,5772,18283.7617,24857.7578,-7.25340642977,13.0404873107,0,0,
11545,11545,5.7725000,294203,5773,18283.6426,24864.127,-5.82482519084,21.4376976,0,0,
11546,11546,5.7730000,294203,5773,18284.002,24861.2422,-4.95856973705,20.2135975987,0,0,
11547,11547,5.7735000,294204,5774,18278.4727,24858.2363,-10.0201495309,21.3941236232,0,0,
11548,11548,5.7740000,294204,5774,18276.3105,24853.1895,-12.1074969776,22.2127542264,0,0,
11549,11549,5.7745000,294205,5775,18274.9863,24846.0957,-11.6173477887,18.2217826896,0,0,
11550,11550,5.7750000,294205,5775,18275.5879,24843.6934,-6.57983875637,13.8865708353,0,0,
11551,11551,5.7755000,294206,5776,18272.9434,24844.5332,-10.9643208713,17.1764563714,0,0,
11552,11552,5.7760000,294206,5776,18271.8613,24845.7363,-16.9055629712,20.9413184818,0,0,
11553,11553,5.7765000,294207,5777,18272.1035,24850.1855,-16.23208022,28.7646592824,0,0,
11554,11554,5.7770000,294207,5777,18272.4629,24851.1465,-14.4663604527,31.256122687,0,0,
11555,11555,5.7775000,294208,5778,18268.2559,24852.709,-14.7537197489,32.0412395458,0,0,
11556,11556,5.7780000,294208,5778,18266.2129,24848.502,-12.1137875093,32.674130095,0,0,
11557,11557,5.7785000,294209,5779,18264.5293,24839.2441,-11.7828856652,30.1954071333,0,0,
11558,11558,5.7790000,294209,5779,18259.4824,24831.5527,-15.0762813347,27.4477934787,0,0,
11559,11559,5.7795000,294210,5780,18258.8809,24827.5859,-15.3843570885,26.8283885554,0,0,
11560,11560,5.7800000,294210,5780,18259.2402,24824.7012,-12.9900677931,25.3035953553,0,0,
11561,11561,5.7805000,294211,5781,18263.5684,24813.4043,-8.40089012798,17.7323704415,0,0,
11562,11562,5.7810000,294211,5781,18262.7266,24811.7188,-9.07840679081,19.502519777,0,0,
11563,11563,5.7815000,294212,5782,18258.0391,24812.3203,-12.7803783074,23.5059814053,0,0,
11564,11564,5.7820000,294212,5782,18256.3555,24809.7969,-11.7995056701,25.2295396586,0,0,
11565,11565,5.7825000,294213,5783,18260.082,24815.8066,-7.64228288836,33.3572786563,0,0,
11566,11566,5.7830000,294213,5783,18262.2461,24815.0859,-5.28923770343,34.7267797676,0,0,
11567,11567,5.7835000,294214,5784,18253.9512,24814.002,-10.0382355182,33.8736400818,0,0,
11568,11568,5.7840000,294214,5784,18251.4277,24820.9746,-10.4009013481,37.6600969593,0,0,
11569,11569,5.7845000,294215,5785,18252.1484,24819.6543,-8.69232587435,31.153252906,0,0,
11570,11570,5.7850000,294215,5785,18254.5527,24815.2051,-6.43593904303,21.7397055156,0,0,
11571,11571,5.7855000,294216,5786,18257.7988,24811.5996,-3.11609274301,12.4051240359,0,0,
11572,11572,5.7860000,294216,5786,18259.8418,24801.1406,-1.21022438421,0.75760427788,0,0,
11573,11573,5.7865000,294217,5787,18258.6387,24796.6953,-1.05958021639,-4.0928904387,0,0,
11574,11574,5.7870000,294217,5787,18258.6387,24803.1855,-2.23350193473,0.490874983264,0,0,
11575,11575,5.7875000,294218,5788,18250.5859,24811.7188,-7.68649228078,6.35658324288,0,0,
11576,11576,5.7880000,294218,5788,18251.4277,24814.9668,-4.67973365741,8.97317712544,0,0,
11577,11577,5.7885000,294219,5789,18253.7109,24819.291,-2.51209913093,12.0315373639,0,0,
11578,11578,5.7890000,294219,5789,18252.2695,24818.4512,-2.75333681995,8.50008423706,0,0,
11579,11579,5.7895000,294220,5790,18248.9043,24815.6875,-6.09497421992,3.94190690632,0,0,
11580,11580,5.7900000,294220,5790,18251.1875,24818.0918,-6.4245227699,3.43519536741,0,0,
11581,11581,5.7905000,294221,5791,18255.2754,24815.3262,-2.36687271164,-2.41447443667,0,0,
11582,11582,5.7910000,294221,5791,18252.6309,24815.5645,-3.724290438,-3.37760687616,0,0,
11583,11583,5.7915000,294222,5792,18249.625,24804.8672,-7.49036751406,-13.7032495837,0,0,
11584,11584,5.7920000,294222,5792,18251.1875,24801.2637,-3.12697133954,-16.0509102558,0,0,
11585,11585,5.7925000,294223,5793,18250.2246,24798.0156,-0.00818193870258,-19.6803549037,0,0,
11586,11586,5.7930000,294223,5793,18251.9082,24793.9297,4.3233978777,-22.2451699704,0,0,
11587,11587,5.7935000,294224,5794,18253.2305,24792.4863,7.91130457492,-20.3925685459,0,0,
11588,11588,5.7940000,294224,5794,18254.3125,24784.7949,9.54793136851,-22.4335515558,0,0,
11589,11589,5.7945000,294225,5795,18251.7871,24780.1074,9.01626850969,-23.6746572066,0,0,
11590,11590,5.7950000,294225,5795,18250.2246,24777.4609,11.5287685924,-27.6939350484,0,0,
11591,11591,5.7955000,294226,5796,18249.3848,24778.4238,10.078753696,-25.1991071658,0,0,
11592,11592,5.7960000,294226,5796,18248.9043,24775.5391,6.01822206032,-25.6299214071,0,0,
11593,11593,5.7965000,294227,5797,18249.5039,24780.8281,6.86767872245,-18.0323295226,0,0,
11594,11594,5.7970000,294227,5797,18251.4277,24789.2422,9.45301552564,-9.46539823444,0,0,
11595,11595,5.7975000,294228,5798,18256.4766,24797.7754,16.2830426918,-3.8959916866,0,0,
11596,11596,5.7980000,294228,5798,18252.9902,24798.7363,15.1927318672,-0.917232568215,0,0,
11597,11597,5.7985000,294229,5799,18251.4277,24792.4863,13.9432932235,-2.72712367087,0,0,
11598,11598,5.7990000,294229,5799,18249.7441,24783.5918,12.5197778375,-8.251649088,0,0,
11599,11599,5.7995000,294230,5800,18245.1777,24777.7031,7.0928114773,-11.9977439083,0,0,
11600,11600,5.8000000,294230,5800,18244.3359,24778.9043,6.90246913303,-10.8895673014,0,0,
11601,11601,5.8005000,294231,5801,18243.0137,24783.2324,5.16102267449,-5.68509781696,0,0,
11602,11602,5.8010000,294231,5801,18244.6973,24787.9199,6.84373126071,-2.84795262831,0,0,
11603,11603,5.8015000,294232,5802,18246.7402,24789.6016,8.98535254142,-2.94638416178,0,0,
11604,11604,5.8020000,294232,5802,18247.7012,24792.0059,10.3564502187,-1.20825861903,0,0,
11605,11605,5.8025000,294233,5803,18247.4609,24791.8848,8.57291122648,-3.43264440358,0,0,
11606,11606,5.8030000,294233,5803,18248.6621,24796.4531,8.61518784994,-0.0139805068287,0,0,
11607,11607,5.8035000,294234,5804,18251.0664,24801.3828,12.6194377854,1.86225119929,0,0,
11608,11608,5.8040000,294234,5804,18256.4766,24798.6172,16.0383242723,-5.67932345707,0,0,
11609,11609,5.8045000,294235,5805,18255.5137,24795.8516,12.2033040351,-12.3336503926,0,0,
11610,11610,5.8050000,294235,5805,18262.6074,24805.2285,14.599692553,-8.31108280338,0,0,
11611,11611,5.8055000,294236,5806,18265.8516,24809.1953,13.550564462,-11.3192133614,0,0,
11612,11612,5.8060000,294236,5806,18260.8027,24813.6426,6.0457303675,-10.9962451309,0,0,
11613,11613,5.8065000,294237,5807,18250.707,24809.7969,-2.71084206058,-18.7118896417,0,0,
11614,11614,5.8070000,294237,5807,18245.6582,24801.623,-7.68021428557,-30.3975046835,0,0,
11615,11615,5.8075000,294238,5808,18243.1348,24789.3613,-6.65617195974,-42.5735420949,0,0,
11616,11616,5.8080000,294238,5808,18243.4941,24785.3965,-4.81612964861,-42.2602330771,0,0,
11617,11617,5.8085000,294239,5809,18245.0566,24778.3027,-3.74369315245,-43.6818936923,0,0,
11618,11618,5.8090000,294239,5809,18246.8594,24777.9434,-1.27485303735,-38.8937732683,0,0,
11619,11619,5.8095000,294240,5810,18248.4238,24775.8984,-0.507413756535,-35.1790033736,0,0,
11620,11620,5.8100000,294240,5810,18249.7441,24767.2441,-2.91135215448,-38.19580684,0,0,
11621,11621,5.8105000,294241,5811,18252.2695,24753.541,-2.00476051836,-43.7522325717,0,0,
11622,11622,5.8110000,294241,5811,18251.668,24751.0176,-2.126673136,-37.4552469802,0,0,
11623,11623,5.8115000,294242,5812,18250.9473,24763.5176,-4.26475561304,-17.9586263417,0,0,
11624,11624,5.8120000,294242,5812,18247.3418,24783.4707,-6.23645164517,3.34553595517,0,0,
11625,11625,5.8125000,294243,5813,18246.0176,24800.7812,-4.28593497788,16.8077731244,0,0,
11626,11626,5.8130000,294243,5813,18243.4941,24807.0312,-4.37799403831,19.4661842074,0,0,
11627,11627,5.8135000,294244,5814,18244.9355,24805.5879,-0.825061111758,16.0649759624,0,0,
11628,11628,5.8140000,294244,5814,18246.0176,24804.2676,0.989655333073,15.4027158606,0,0,
11629,11629,5.8145000,294245,5815,18247.2207,24804.9863,4.01787974238,14.1243671172,0,0,
11630,11630,5.8150000,294245,5815,18245.6582,24809.916,5.75309537395,12.1379424697,0,0,
11631,11631,5.8155000,294246,5816,18244.9355,24815.4453,4.44687705285,12.3253286103,0,0,
11632,11632,5.8160000,294246,5816,18243.0137,24826.7441,-0.195662570015,17.9450116079,0,0,
11633,11633,5.8165000,294247,5817,18240.6094,24842.373,-1.91789141894,25.1996275701,0,0,
11634,11634,5.8170000,294247,5817,18243.2539,24855.3535,1.25613923337,27.791089493,0,0,
11635,11635,5.8175000,294248,5818,18241.2109,24862.4453,1.32417880283,23.4969927808,0,0,
11636,11636,5.8180000,294248,5818,18243.373,24845.1348,6.54272220987,4.97368119753,0,0,
11637,11637,5.8185000,294249,5819,18248.3027,24807.9922,11.1383439035,-23.3092992267,0,0,
11638,11638,5.8190000,294249,5819,18250.2246,24768.4473,12.0706241208,-48.3699988384,0,0,
11639,11639,5.8195000,294250,5820,18251.4277,24774.0957,10.9963373744,-32.7764112778,0,0,
11640,11640,5.8200000,294250,5820,18254.9141,24805.4688,12.0514997228,-1.06814035488,0,0,
11641,11641,5.8205000,294251,5821,18254.0723,24832.9941,8.25449905879,22.5094132864,0,0,
11642,11642,5.8210000,294251,5821,18245.1777,24842.4922,-1.49542618422,25.4466282041,0,0,
11643,11643,5.8215000,294252,5822,18243.6152,24849.4629,-3.11048535924,26.1287214128,0,0,
11644,11644,5.8220000,294252,5822,18243.9746,24844.5332,-2.21461360049,17.7574404188,0,0,
11645,11645,5.8225000,294253,5823,18245.1777,24839.125,-2.07994790695,9.78764363602,0,0,
11646,11646,5.8230000,294253,5823,18245.5371,24812.9219,-2.59996775807,-12.8638529438,0,0,
11647,11647,5.8235000,294254,5824,18247.5801,24769.6484,0.581980243242,-45.1032415882,0,0,
11648,11648,5.8240000,294254,5824,18252.2695,24712.4316,3.06949822032,-81.7632060678,0,0,
11649,11649,5.8245000,294255,5825,18263.4473,24654.375,10.2543429486,-110.11694896,0,0,
11650,11650,5.8250000,294255,5825,18270.2988,24642.3535,10.2722900046,-95.2491145036,0,0,
11651,11651,5.8255000,294256,5826,18271.6211,24673.0059,6.45210988921,-46.7124754896,0,0,
11652,11652,5.8260000,294256,5826,18278.2324,24697.0469,8.95906374711,-9.33200629198,0,0,
11653,11653,5.8265000,294257,5827,18285.084,24725.0547,12.8177202705,25.4167118384,0,0,
11654,11654,5.8270000,294257,5827,18287.248,24738.1562,9.23122143635,40.7966689606,0,0,
11655,11655,5.8275000,294258,5828,18284.9629,24750.1777,4.19002968436,53.1395860472,0,0,
11656,11656,5.8280000,294258,5828,18286.166,24757.2676,0.994099789714,59.6884029264,0,0,
11657,11657,5.8285000,294259,5829,18287.0078,24758.2285,-3.52027396232,60.2212233758,0,0,
11658,11658,5.8290000,294259,5829,18286.7676,24757.2676,-7.19737753754,57.2806331157,0,0,
11659,11659,5.8295000,294260,5830,18287.0078,24762.5566,-10.6919902619,60.120378076,0,0,
11660,11660,5.8300000,294260,5830,18282.4395,24768.6875,-19.6400515909,62.4451926419,0,0,
11661,11661,5.8305000,294261,5831,18281.8379,24764.9609,-22.2517779342,56.5586527894,0,0,
11662,11662,5.8310000,294261,5831,18280.877,24758.9512,-22.6131271041,48.07382116,0,0,
11663,11663,5.8315000,294262,5832,18280.998,24757.5078,-23.3464425013,43.0167899979,0,0,
11664,11664,5.8320000,294262,5832,18273.7852,24758.3496,-27.5039495851,38.3139312144,0,0,
11665,11665,5.8325000,294263,5833,18274.1465,24752.0996,-23.4770785703,27.4737541436,0,0,
11666,11666,5.8330000,294263,5833,18271.7422,24747.6504,-22.5548068302,22.4758561637,0,0,
11667,11667,5.8335000,294264,5834,18277.2715,24755.8262,-15.4621600151,30.396530667,0,0,
11668,11668,5.8340000,294264,5834,18278.7129,24762.0762,-13.3900112661,36.4996569834,0,0,
11669,11669,5.8345000,294265,5835,18280.998,24772.8926,-9.68668961764,42.4039113516,0,0,
11670,11670,5.8350000,294265,5835,18285.2051,24785.6348,-3.29469276435,43.9069132497,0,0,
11671,11671,5.8355000,294266,5836,18285.4453,24790.5645,-4.06949798988,38.9973629371,0,0,
11672,11672,5.8360000,294266,5836,18284.6035,24792.9688,-7.34432906013,32.007812765,0,0,
11673,11673,5.8365000,294267,5837,18285.5645,24793.0879,-6.42266248845,22.7191652669,0,0,
11674,11674,5.8370000,294267,5837,18284.7246,24787.0781,-7.49109944939,9.63832383355,0,0,
11675,11675,5.8375000,294268,5838,18282.6797,24783.4707,-7.35604456664,0.799901550339,0,0,
11676,11676,5.8380000,294268,5838,18282.1992,24771.0918,-5.08368157989,-5.5214475284,0,0,
11677,11677,5.8385000,294269,5839,18286.6465,24761.7168,-0.960931553558,-2.86622897287,0,0,
11678,11678,5.8390000,294269,5839,18291.6953,24756.0645,3.30842009082,1.79387820544,0,0,
11679,11679,5.8395000,294270,5840,18298.3066,24745.9688,7.31459950772,-7.12077464734,0,0,
11680,11680,5.8400000,294270,5840,18305.8789,24738.1562,11.0942304561,-18.6492979364,0,0,
11681,11681,5.8405000,294271,5841,18308.4043,24738.2754,9.89813514573,-19.9446749281,0,0,
11682,11682,5.8410000,294271,5841,18302.5137,24746.4512,3.31939373326,-12.282110682,0,0,
11683,11683,5.8415000,294272,5842,18298.1855,24749.6953,-1.6808724656,-9.03350212002,0,0,
11684,11684,5.8420000,294272,5842,18302.6348,24745.6094,1.62785507234,-9.51677215675,0,0,
11685,11685,5.8425000,294273,5843,18300.8301,24739.959,-1.88020871239,-11.5591927196,0,0,
11686,11686,5.8430000,294273,5843,18299.9902,24738.2754,-3.64984379726,-6.07172263563,0,0,
11687,11687,5.8435000,294274,5844,18298.5469,24742.6035,-3.91678085977,5.3603662669,0,0,
11688,11688,5.8440000,294274,5844,18290.9746,24746.6895,-11.0466672454,15.7810345529,0,0,
11689,11689,5.8445000,294275,5845,18289.6523,24752.7012,-12.4215223663,25.0565401392,0,0,
11690,11690,5.8450000,294275,5845,18289.291,24756.0645,-13.2437180359,20.2195508722,0,0,
11691,11691,5.8455000,294276,5846,18288.8105,24754.2637,-11.9328875891,4.030812698,0,0,
11692,11692,5.8460000,294276,5846,18284.8438,24752.4609,-12.8883321979,-6.84180530273,0,0,
11693,11693,5.8465000,294277,5847,18287.3691,24762.916,-6.43437451427,-6.26241642415,0,0,
11694,11694,5.8470000,294277,5847,18284.7246,24771.6934,-6.26388797077,-5.69098391939,0,0,
11695,11695,5.8475000,294278,5848,18281.2383,24769.4082,-4.27150585214,-13.5970819519,0,0,
11696,11696,5.8480000,294278,5848,18279.0742,24763.3984,-3.1566070288,-21.5835064541,0,0,
11697,11697,5.8485000,294279,5849,18272.7031,24753.7812,-6.37721292673,-29.3353732648,0,0,
11698,11698,5.8490000,294279,5849,18269.8184,24744.4062,-4.78056230841,-35.8686988732,0,0,
11699,11699,5.8495000,294280,5850,18272.2227,24738.3965,0.418518653549,-38.5036037753,0,0,
11700,11700,5.8500000,294280,5850,18276.1895,24738.6348,5.15914378501,-35.2499177446,0,0,
11701,11701,5.8505000,294281,5851,18280.7559,24740.7988,9.96935396215,-28.2746840442,0,0,
11702,11702,5.8510000,294281,5851,18277.5117,24741.6406,9.12529619705,-23.9997092929,0,0,
11703,11703,5.8515000,294282,5852,18275.9492,24738.0371,8.47451964184,-25.6958150652,0,0,
11704,11704,5.8520000,294282,5852,18273.666,24731.3047,10.3139189646,-31.1879393263,0,0,
11705,11705,5.8525000,294283,5853,18279.3145,24729.0215,17.6858642231,-31.0852142459,0,0,
11706,11706,5.8530000,294283,5853,18277.6309,24729.0215,17.712620054,-26.9310799492,0,0,
11707,11707,5.8535000,294284,5854,18276.6699,24731.0625,16.5792292316,-21.9991085118,0,0,
11708,11708,5.8540000,294284,5854,18275.2285,24734.4297,15.3901149467,-14.9255345994,0,0,
11709,11709,5.8545000,294285,5855,18275.9492,24740.0781,16.8532840948,-9.57033125795,0,0,
11710,11710,5.8550000,294285,5855,18284.2441,24742.7246,25.0363419464,-11.0506727758,0,0,
11711,11711,5.8555000,294286,5856,18283.4004,24743.4453,22.3871936544,-11.483867773,0,0,
11712,11712,5.8560000,294286,5856,18277.5117,24738.877,14.6091776225,-15.5976838427,0,0,
11713,11713,5.8565000,294287,5857,18277.2715,24740.4395,14.0134512672,-14.1319411008,0,0,
11714,11714,5.8570000,294287,5857,18275.2285,24739.2363,11.8272085801,-13.9215663305,0,0,
11715,11715,5.8575000,294288,5858,18269.2168,24733.8281,8.37250005174,-17.1195072618,0,0,
11716,11716,5.8580000,294288,5858,18271.0215,24732.5059,12.1388956369,-8.13681729173,0,0,
11717,11717,5.8585000,294289,5859,18267.6543,24735.5098,8.58657134747,6.61623627688,0,0,
11718,11718,5.8590000,294289,5859,18258.5195,24740.9199,1.21321435366,19.4806099766,0,0,
11719,11719,5.8595000,294290,5860,18248.4238,24744.5254,-6.21708701804,21.7281506938,0,0,
11720,11720,5.8600000,294290,5860,18246.0176,24741.5215,-6.02371651911,12.546261307,0,0,
11721,11721,5.8605000,294291,5861,18245.6582,24733.709,-3.14635836103,0.872062031797,0,0,
11722,11722,5.8610000,294291,5861,18245.8984,24730.7031,2.2690818559,-4.37172897363,0,0,
11723,11723,5.8615000,294292,5862,18248.4238,24725.5332,7.52612122001,-8.60356292322,0,0,
11724,11724,5.8620000,294292,5862,18252.8691,24732.5059,11.9507031588,1.43594063101,0,0,
11725,11725,5.8625000,294293,5863,18253.9512,24734.1895,12.759043125,5.20541649482,0,0,
11726,11726,5.8630000,294293,5863,18257.4375,24733.9473,15.1368672754,9.06216138624,0,0,
11727,11727,5.8635000,294294,5864,18277.873,24736.1113,31.7205856826,14.7498762491,0,0,
11728,11728,5.8640000,294294,5864,18326.1934,24734.9121,66.1440197345,17.7621771477,0,0,
11729,11729,5.8645000,294295,5865,18351.6777,24737.9141,72.1325642125,22.8199119026,0,0,
11730,11730,5.8650000,294295,5865,18342.0605,24737.9141,46.1286450131,16.9664938506,0,0,
11731,11731,5.8655000,294296,5866,18327.6348,24741.6406,21.4297287604,9.83257545632,0,0,
11732,11732,5.8660000,294296,5866,18317.5391,24741.5215,5.14038697694,2.79624680888,0,0,
11733,11733,5.8665000,294297,5867,18308.2832,24746.0879,-7.61579268976,-1.47973652422,0,0,
11734,11734,5.8670000,294297,5867,18300.4707,24749.6953,-17.0540067138,-4.08522937247,0,0,
11735,11735,5.8675000,294298,5868,18294.2207,24750.7754,-21.5599579921,-5.71852365378,0,0,
11736,11736,5.8680000,294298,5868,18289.7715,24751.0176,-25.3933424845,-5.84664448618,0,0,
11737,11737,5.8685000,294299,5869,18282.1992,24747.6504,-30.9865728653,-6.98115359124,0,0,
11738,11738,5.8690000,294299,5869,18274.9863,24745.248,-34.7064442125,-7.63351129653,0,0,
11739,11739,5.8695000,294300,5870,18274.8672,24737.0723,-33.0451191597,-13.6224696877,0,0,
11740,11740,5.8700000,294300,5870,18278.2324,24730.1016,-29.5602643654,-18.3407006624,0,0,
11741,11741,5.8705000,294301,5871,18279.4355,24729.0215,-28.0015575628,-15.4403057964,0,0,
11742,11742,5.8710000,294301,5871,18281.7188,24728.7793,-23.0796292736,-12.3398044155,0,0,
11743,11743,5.8715000,294302,5872,18280.6367,24730.9434,-22.9970778296,-8.31645798938,0,0,
11744,11744,5.8720000,294302,5872,18278.5938,24732.748,-21.0664915335,-6.15432967123,0,0,
11745,11745,5.8725000,294303,5873,18279.0742,24735.2715,-18.986558178,-3.98969945157,0,0,
11746,11746,5.8730000,294303,5873,18283.7617,24738.0371,-12.419056134,-0.87863771725,0,0,
11747,11747,5.8735000,294304,5874,18290.7344,24739.8379,-6.61351252131,0.229461485464,0,0,
11748,11748,5.8740000,294304,5874,18289.6523,24740.3203,-8.20157996754,1.26782586698,0,0,
11749,11749,5.8745000,294305,5875,18289.1719,24737.9141,-8.71526945326,-2.43461302016,0,0,
11750,11750,5.8750000,294305,5875,18284.9629,24735.5098,-12.5013884009,-7.54213236379,0,0,
11751,11751,5.8755000,294306,5876,18283.1621,24736.4746,-13.1925090134,-6.64159862519,0,0,
11752,11752,5.8760000,294306,5876,18278.1113,24735.1504,-16.3921715225,-6.3787670411,0,0,
11753,11753,5.8765000,294307,5877,18274.2656,24731.9062,-17.6616013702,-8.80301564243,0,0,
11754,11754,5.8770000,294307,5877,18271.2598,24732.748,-17.4812545414,-5.87925590546,0,0,
11755,11755,5.8775000,294308,5878,18272.4629,24745.9688,-11.675747293,7.21147425196,0,0,
11756,11756,5.8780000,294308,5878,18274.0254,24755.7051,-7.52836566745,20.5572305615,0,0,
11757,11757,5.8785000,294309,5879,18266.6934,24765.8027,-12.1483082674,33.6507960379,0,0,
11758,11758,5.8790000,294309,5879,18263.8086,24768.4473,-10.8892376496,36.5391129177,0,0,
11759,11759,5.8795000,294310,5880,18265.8516,24772.0527,-6.11640286812,34.2720759156,0,0,
11760,11760,5.8800000,294310,5880,18269.459,24773.9766,-2.3027049112,27.3581743441,0,0,
11761,11761,5.8805000,294311,5881,18265.6113,24778.9043,-4.79351930041,24.3253423794,0,0,
11762,11762,5.8810000,294311,5881,18268.0156,24777.584,0.25657350262,15.7710925911,0,0,
11763,11763,5.8815000,294312,5882,18271.1406,24784.7949,3.80039103305,17.039824741,0,0,
11764,11764,5.8820000,294312,5882,18269.459,24791.2832,1.43861988039,17.8130743223,0,0,
11765,11765,5.8825000,294313,5883,18272.2227,24791.1641,3.82423795884,13.4856891358,0,0,
11766,11766,5.8830000,294313,5883,18281.2383,24787.6797,10.3781382551,9.17226428339,0,0,
11767,11767,5.8835000,294314,5884,18294.2207,24770.6094,16.948288653,-5.30023735919,0,0,
11768,11768,5.8840000,294314,5884,18309.125,24760.875,18.3503739375,-9.3417177747,0,0,
11769,11769,5.8845000,294315,5885,18316.6973,24761.9551,15.5378939096,-4.78866780351,0,0,
11770,11770,5.8850000,294315,5885,18310.9277,24767.9668,7.33114514908,-2.23841471715,0,0,
11771,11771,5.8855000,294316,5886,18299.5098,24772.8926,-2.10379299534,-5.72835207906,0,0,
11772,11772,5.8860000,294316,5886,18292.8965,24762.7969,-5.7767477551,-18.3265835814,0,0,
11773,11773,5.8865000,294317,5887,18293.7383,24757.3887,-2.6016353157,-26.9405943866,0,0,
11774,11774,5.8870000,294317,5887,18295.1816,24752.9395,0.19456490184,-31.1011855811,0,0,
11775,11775,5.8875000,294318,5888,18288.6895,24746.9297,-2.69196181922,-32.6576919856,0,0,
11776,11776,5.8880000,294318,5888,18286.4062,24752.5801,-3.19682250072,-22.213719215,0,0,
11777,11777,5.8885000,294319,5889,18284.4824,24754.3828,-2.81144544465,-14.3280512826,0,0,
11778,11778,5.8890000,294319,5889,18284.9629,24754.1426,-0.364662958999,-9.86354787343,0,0,
11779,11779,5.8895000,294320,5890,18282.9199,24759.6719,-2.69840315602,-1.08203020864,0,0,
11780,11780,5.8900000,294320,5890,18284.123,24760.875,-3.25750878701,1.56162117287,0,0,
11781,11781,5.8905000,294321,5891,18277.5117,24760.2734,-9.39241572156,2.63017982846,0,0,
11782,11782,5.8910000,294321,5891,18272.4629,24758.8301,-11.013745722,2.57081726136,0,0,
11783,11783,5.8915000,294322,5892,18266.4531,24755.8262,-13.3440351055,0.408789045412,0,0,
11784,11784,5.8920000,294322,5892,18268.2559,24756.666,-6.49498380214,1.16623504795,0,0,
11785,11785,5.8925000,294323,5893,18269.3379,24756.4277,-3.11558631779,0.647004110958,0,0,
11786,11786,5.8930000,294323,5893,18268.2559,24760.752,-1.6055046634,4.8208513174,0,0,
11787,11787,5.8935000,294324,5894,18268.9766,24764.9609,-0.255604188707,7.73300886645,0,0,
11788,11788,5.8940000,294324,5894,18271.9824,24766.6426,4.35460910348,9.1486488906,0,0,
11789,11789,5.8945000,294325,5895,18273.5449,24769.0469,7.0755829071,9.4911870237,0,0,
11790,11790,5.8950000,294325,5895,18287.127,24769.6484,19.2370055619,6.44170979025,0,0,
11791,11791,5.8955000,294326,5896,18289.6523,24766.1641,19.6820381584,1.75822287957,0,0,
11792,11792,5.8960000,294326,5896,18287.6074,24766.1641,16.4561734909,2.16052097503,0,0,
11793,11793,5.8965000,294327,5897,18297.5859,24757.8691,23.1706157731,-4.87478378013,0,0,
11794,11794,5.8970000,294327,5897,18302.7539,24748.373,24.3290393356,-10.9370569279,0,0,
11795,11795,5.8975000,294328,5898,18308.2832,24739.1172,25.9492335108,-16.8814220655,0,0,
11796,11796,5.8980000,294328,5898,18307.3223,24734.4297,20.6191675758,-12.4069089847,0,0,
11797,11797,5.8985000,294329,5899,18306,24724.5723,16.3081884133,-10.6871443642,0,0,
11798,11798,5.8990000,294329,5899,18300.2305,24727.9375,9.04572372356,2.19154150586,0,0,
11799,11799,5.8995000,294330,5900,18302.2734,24738.2754,8.06963184911,14.4844829969,0,0,
11800,11800,5.9000000,294330,5900,18295.4219,24742.7246,-1.53136558505,17.4138482785,0,0,
11801,11801,5.9005000,294331,5901,18292.0566,24743.6855,-4.98713012347,16.877612995,0,0,
11802,11802,5.9010000,294331,5901,18286.7676,24744.166,-8.83415108708,16.5210924469,0,0,
11803,11803,5.9015000,294332,5902,18287.8496,24743.9238,-7.71866912637,15.4339670865,0,0,
11804,11804,5.9020000,294332,5902,18284.6035,24749.5762,-10.4694607331,19.9068513845,0,0,
11805,11805,5.9025000,294333,5903,18276.1895,24758.8301,-16.8672859648,27.9170627662,0,0,
11806,11806,5.9030000,294333,5903,18276.5488,24757.9902,-15.9522030445,28.154747573,0,0,
11807,11807,5.9035000,294334,5904,18282.4395,24758.9512,-12.4625780051,31.7536808007,0,0,
11808,11808,5.9040000,294334,5904,18281.5996,24759.6719,-19.1791684974,34.0068975284,0,0,
11809,11809,5.9045000,294335,5905,18287.8496,24757.9902,-15.3628261857,30.6341947143,0,0,
11810,11810,5.9050000,294335,5905,18283.6426,24753.1797,-14.0482446672,19.8936392629,0,0,
11811,11811,5.9055000,294336,5906,18279.5547,24750.0547,-10.0814543181,8.65463586694,0,0,
11812,11812,5.9060000,294336,5906,18275.8281,24747.6504,-7.05261285003,4.22202268382,0,0,
11813,11813,5.9065000,294337,5907,18278.9551,24753.3027,-0.0356643437694,4.14669964607,0,0,
11814,11814,5.9070000,294337,5907,18278.2324,24751.8594,2.31572906313,-0.811720249995,0,0,
11815,11815,5.9075000,294338,5908,18280.2754,24754.2637,8.83362399029,0.355709769322,0,0,
11816,11816,5.9080000,294338,5908,18281.8379,24757.5078,11.6473719333,1.16752506222,0,0,
11817,11817,5.9085000,294339,5909,18277.873,24754.9844,9.62221506489,-0.738812898305,0,0,
11818,11818,5.9090000,294339,5909,18282.0801,24754.502,14.19406304,-0.944668308419,0,0,
11819,11819,5.9095000,294340,5910,18282.6797,24754.1426,13.3571065758,-1.94173434646,0,0,
11820,11820,5.9100000,294340,5910,18284.4824,24751.6172,11.8281191524,-4.7863272956,0,0,
11821,11821,5.9105000,294341,5911,18292.7773,24751.498,17.3330139146,-4.69931544304,0,0,
11822,11822,5.9110000,294341,5911,18310.5684,24752.9395,30.2663887898,-3.59417303629,0,0,
11823,11823,5.9115000,294342,5912,18309.0059,24755.5859,24.1734873187,-2.36362391611,0,0,
11824,11824,5.9120000,294342,5912,18299.748,24753.3027,12.899900821,-6.72784033631,0,0,
11825,11825,5.9125000,294343,5913,18291.6953,24758.7109,3.1755055992,-4.25488859581,0,0,
11826,11826,5.9130000,294343,5913,18286.4062,24761.4746,-1.91673398037,-4.66720678082,0,0,
11827,11827,5.9135000,294344,5914,18285.3242,24764.2402,-4.12815669233,-5.437079093,0,0,
11828,11828,5.9140000,294344,5914,18286.4062,24767.3652,-3.2968103407,-4.58647333645,0,0,
11829,11829,5.9145000,294345,5915,18279.1934,24773.4941,-8.96784654409,-2.81270118941,0,0,
11830,11830,5.9150000,294345,5915,18276.1895,24778.6641,-11.7428190429,-3.5006968001,0,0,
11831,11831,5.9155000,294346,5916,18273.9043,24783.7129,-11.4974224391,-2.82682125797,0,0,
11832,11832,5.9160000,294346,5916,18278.3535,24786.3574,-4.5969638861,-4.00035843478,0,0,
11833,11833,5.9165000,294347,5917,18278.5938,24789.3613,-4.43210935382,-4.10193602472,0,0,
11834,11834,5.9170000,294347,5917,18281.2383,24786.5957,-1.44991245628,-8.58579373624,0,0,
11835,11835,5.9175000,294348,5918,18283.7617,24782.1504,1.50565803449,-15.0138906982,0,0,
11836,11836,5.9180000,294348,5918,18287.3691,24779.7441,5.09006466492,-15.2609735113,0,0,
11837,11837,5.9185000,294349,5919,18289.1719,24773.2559,7.03043163254,-16.4165054986,0,0,
11838,11838,5.9190000,294349,5919,18295.0605,24755.9453,12.5764185969,-27.8463183251,0,0,
11839,11839,5.9195000,294350,5920,18304.1973,24746.0879,17.1245196871,-34.9213409047,0,0,
11840,11840,5.9200000,294350,5920,18313.9336,24740.4395,21.1762674196,-37.4312075558,0,0,
11841,11841,5.9205000,294351,5921,18311.168,24732.0254,14.4464390588,-40.4260079148,0,0,
11842,11842,5.9210000,294351,5921,18306.3613,24722.5293,7.63699401317,-42.3953646832,0,0,
11843,11843,5.9215000,294352,5922,18302.3926,24716.7598,0.654307723413,-40.0618407445,0,0,
11844,11844,5.9220000,294352,5922,18296.9844,24721.4473,-5.79181207993,-29.279877828,0,0,
11845,11845,5.9225000,294353,5923,18295.4219,24728.6582,-7.22798295428,-17.07228208,0,0,
11846,11846,5.9230000,294353,5923,18291.6953,24740.0781,-12.637128099,0.154897844551,0,0,
11847,11847,5.9235000,294354,5924,18286.2871,24753.3027,-20.7500208745,17.2383567247,0,0,
11848,11848,5.9240000,294354,5924,18287.8496,24752.4609,-23.7356365568,19.5786012557,0,0,
11849,11849,5.9245000,294355,5925,18292.7773,24737.1953,-21.7616114057,7.91452776846,0,0,
11850,11850,5.9250000,294355,5925,18293.7383,24731.3047,-16.276825518,2.69153292265,0,0,
11851,11851,5.9255000,294356,5926,18293.6191,24738.6348,-10.5400689656,6.1426811163,0,0,
11852,11852,5.9260000,294356,5926,18291.9355,24746.5703,-7.68397090732,12.6793152361,0,0,
11853,11853,5.9265000,294357,5927,18293.7383,24755.8262,-4.54211991697,15.2712867394,0,0,
11854,11854,5.9270000,294357,5927,18297.9473,24759.4316,0.363370700662,14.5463937131,0,0,
11855,11855,5.9275000,294358,5928,18297.4648,24758.8301,1.88106631876,11.4296604062,0,0,
11856,11856,5.9280000,294358,5928,18301.0723,24755.2246,4.82268919966,5.6585037172,0,0,
11857,11857,5.9285000,294359,5929,18296.8652,24750.1777,1.89366927679,2.53213708972,0,0,
11858,11858,5.9290000,294359,5929,18291.8145,24748.1328,-2.79509951507,1.95449219661,0,0,
11859,11859,5.9295000,294360,5930,18295.1816,24746.6895,-0.29653720422,1.3362382294,0,0,
11860,11860,5.9300000,294360,5930,18294.7012,24739.959,-2.91198071966,-3.17204934285,0,0,
11861,11861,5.9305000,294361,5931,18296.0215,24728.7793,-3.26496916922,-10.2404303332,0,0,
11862,11862,5.9310000,294361,5931,18297.3457,24728.7793,-4.13086557185,-6.9998460369,0,0,
11863,11863,5.9315000,294362,5932,18295.3027,24732.8672,-4.52023880402,-1.47669243855,0,0,
11864,11864,5.9320000,294362,5932,18295.6621,24731.9062,-1.27785598637,-1.14793743746,0,0,
11865,11865,5.9325000,294363,5933,18295.3027,24734.6699,-0.480954269499,0.85761216933,0,0,
11866,11866,5.9330000,294363,5933,18295.6621,24741.8828,0.778853920745,6.45319111766,0,0,
11867,11867,5.9335000,294364,5934,18294.5801,24747.291,-1.27024333914,9.2080338757,0,0,
11868,11868,5.9340000,294364,5934,18297.5859,24745.6094,0.701476262814,6.58116788899,0,0,
11869,11869,5.9345000,294365,5935,18292.5371,24738.7578,-2.59966979697,-1.18832640812,0,0,
11870,11870,5.9350000,294365,5935,18293.1387,24730.9434,-2.73744943016,-8.86130256163,0,0,
11871,11871,5.9355000,294366,5936,18292.1758,24728.0605,-2.82946418843,-9.55718117632,0,0,
11872,11872,5.9360000,294366,5936,18292.2969,24728.2988,-2.23193395434,-6.55435620319,0,0,
11873,11873,5.9365000,294367,5937,18293.9785,24735.5098,-1.40259157165,2.27123214586,0,0,
11874,11874,5.9370000,294367,5937,18293.6191,24753.3027,-2.07509108178,19.267066225,0,0,
11875,11875,5.9375000,294368,5938,18298.5469,24769.5293,2.22038733337,30.5667979303,0,0,
11876,11876,5.9380000,294368,5938,18295.3027,24773.2559,-0.817103240722,31.269188805,0,0,
11877,11877,5.9385000,294369,5939,18295.9023,24765.3203,0.669989026029,24.3103479138,0,0,
11878,11878,5.9390000,294369,5939,18294.7012,24749.9355,0.440236432169,12.4961983196,0,0,
11879,11879,5.9395000,294370,5940,18293.3789,24744.6465,-2.12936492562,6.24120781734,0,0,
11880,11880,5.9400000,294370,5940,18293.498,24745.3672,-2.79124183289,4.59268909369,0,0,
11881,11881,5.9405000,294371,5941,18296.7441,24737.3145,1.8357106046,-2.99896430025,0,0,
11882,11882,5.9410000,294371,5941,18296.3828,24731.5449,3.51855337116,-6.63022101193,0,0,
11883,11883,5.9415000,294372,5942,18294.3398,24728.2988,1.84551840255,-7.98559444885,0,0,
11884,11884,5.9420000,294372,5942,18293.7383,24730.584,2.28585539532,-6.50887162022,0,0,
11885,11885,5.9425000,294373,5943,18294.8203,24742.9629,3.89166048048,3.15172028215,0,0,
11886,11886,5.9430000,294373,5943,18295.7832,24754.9844,3.39180166206,12.6735608136,0,0,
11887,11887,5.9435000,294374,5944,18296.9844,24769.5293,1.39729298933,23.0744856598,0,0,
11888,11888,5.9440000,294374,5944,18298.5469,24778.9043,-2.96686970408,29.168555349,0,0,
11889,11889,5.9445000,294375,5945,18299.6289,24786.2363,-6.32003819245,32.774041454,0,0,
11890,11890,5.9450000,294375,5945,18300.2305,24788.1582,-3.24650251511,26.2778402597,0,0,
11891,11891,5.9455000,294376,5946,18297.5859,24777.584,-1.58575737721,5.64664341522,0,0,
11892,11892,5.9460000,294376,5946,18298.4277,24767.2441,2.3489762344,-8.56723545346,0,0,
11893,11893,5.9465000,294377,5947,18302.9941,24754.9844,6.26367776056,-24.6308531714,0,0,
11894,11894,5.9470000,294377,5947,18301.3105,24739.4785,4.18232293321,-37.3387587493,0,0,
11895,11895,5.9475000,294378,5948,18301.3105,24729.2598,5.67781204227,-41.1133310722,0,0,
11896,11896,5.9480000,294378,5948,18297.5859,24727.2168,1.91600597461,-36.8418917453,0,0,
11897,11897,5.9485000,294379,5949,18298.666,24737.0723,4.92550063134,-20.6910103093,0,0,
11898,11898,5.9490000,294379,5949,18293.7383,24749.2129,1.30329890647,-6.32617907189,0,0,
11899,11899,5.9495000,294380,5950,18296.2637,24760.5137,2.57037443427,4.06049654952,0,0,
11900,11900,5.9500000,294380,5950,18295.6621,24763.5176,0.469998122763,6.68688933413,0,0,
11901,11901,5.9505000,294381,5951,18295.3027,24757.0293,-1.10282347011,1.74639640283,0,0,
11902,11902,5.9510000,294381,5951,18300.4707,24755.4629,1.61966226344,-0.444061346684,0,0,
11903,11903,5.9515000,294382,5952,18305.1582,24754.0234,6.3023943521,-3.26417637996,0,0,
11904,11904,5.9520000,294382,5952,18304.0762,24754.9844,6.12708709855,-2.85021158118,0,0,
11905,11905,5.9525000,294383,5953,18301.6719,24751.9785,3.91737096289,-7.37175122625,0,0,
11906,11906,5.9530000,294383,5953,18302.0332,24754.7441,4.19050580211,-6.68503726671,0,0,
11907,11907,5.9535000,294384,5954,18300.2305,24753.541,1.30982498737,-9.08276727039,0,0,
11908,11908,5.9540000,294384,5954,18294.459,24750.0547,-4.67177083734,-10.6971196041,0,0,
11909,11909,5.9545000,294385,5955,18296.0215,24751.1387,-0.877979471171,-8.34844192083,0,0,
11910,11910,5.9550000,294385,5955,18296.3828,24750.2969,-1.37578780511,-8.23006104818,0,0,
11911,11911,5.9555000,294386,5956,18296.0215,24748.8535,-1.11091831101,-8.21945111688,0,0,
11912,11912,5.9560000,294386,5956,18293.498,24748.9746,-3.01393364543,-6.62381311117,0,0,
11913,11913,5.9565000,294387,5957,18289.8926,24749.9355,-6.38016480263,-5.15081643939,0,0,
11914,11914,5.9570000,294387,5957,18287.8496,24742.2422,-7.14802030298,-11.4205428706,0,0,
11915,11915,5.9575000,294388,5958,18287.248,24742.2422,-6.89785591551,-10.2827712994,0,0,
11916,11916,5.9580000,294388,5958,18287.4883,24748.1328,-4.41302259823,-0.414671711844,0,0,
11917,11917,5.9585000,294389,5959,18291.5762,24752.8203,0.809865022737,10.6169815386,0,0,
11918,11918,5.9590000,294389,5959,18291.0957,24753.3027,1.65884888756,17.4897935099,0,0,
11919,11919,5.9595000,294390,5960,18291.9355,24755.7051,1.59352419104,19.0168711102,0,0,
11920,11920,5.9600000,294390,5960,18293.0176,24753.9004,1.63664442664,14.5674242849,0,0,
11921,11921,5.9605000,294391,5961,18294.5801,24750.1777,3.57287010225,11.43749864,0,0,
11922,11922,5.9610000,294391,5961,18295.1816,24747.1719,5.59853063552,9.46729534987,0,0,
11923,11923,5.9615000,294392,5962,18291.6953,24749.5762,2.82247875589,11.2568570934,0,0,
11924,11924,5.9620000,294392,5962,18291.334,24755.7051,3.33445335622,13.0079376305,0,0,
11925,11925,5.9625000,294393,5963,18293.0176,24751.0176,4.99401942291,4.01699781677,0,0,
11926,11926,5.9630000,294393,5963,18295.4219,24752.4609,5.52837900547,3.44821630756,0,0,
11927,11927,5.9635000,294394,5964,18291.9355,24753.7812,-0.318427517362,3.2649164783,0,0,
11928,11928,5.9640000,294394,5964,18288.8105,24746.3281,-7.20130118531,-1.16750847415,0,0,
11929,11929,5.9645000,294395,5965,18291.9355,24745.0078,-7.10286760827,1.47353530862,0,0,
11930,11930,5.9650000,294395,5965,18297.1035,24743.084,-0.367796860533,0.688179320547,0,0,
11931,11931,5.9655000,294396,5966,18295.0605,24748.7344,1.15096000161,4.59526641499,0,0,
11932,11932,5.9660000,294396,5966,18292.7773,24752.9395,1.37333018888,8.50158169169,0,0,
11933,11933,5.9665000,294397,5967,18291.6953,24743.6855,0.111480101825,-1.4328834254,0,0,
11934,11934,5.9670000,294397,5967,18296.2637,24743.5645,4.60491860448,0.537788191295,0,0,
11935,11935,5.9675000,294398,5968,18297.3457,24745.4863,6.53397846303,4.17663026082,0,0,
11936,11936,5.9680000,294398,5968,18295.7832,24748.1328,4.94227108988,6.27298459205,0,0,
11937,11937,5.9685000,294399,5969,18291.6953,24746.6895,2.46620506681,4.54288652594,0,0,
11938,11938,5.9690000,294399,5969,18295.9023,24744.8887,7.18598519166,1.73322794979,0,0,
11939,11939,5.9695000,294400,5970,18303.9551,24749.8145,11.236172892,4.53477303276,0,0,
11940,11940,5.9700000,294400,5970,18299.3887,24763.8809,4.12591521725,16.2711488657,0,0,
11941,11941,5.9705000,294401,5971,18303.7168,24769.8887,5.32878239253,21.0311887744,0,0,
11942,11942,5.9710000,294401,5971,18297.1035,24772.8926,-3.99075387863,19.4675117415,0,0,
11943,11943,5.9715000,294402,5972,18290.6133,24760.6328,-8.97040470563,4.51654359498,0,0,
11944,11944,5.9720000,294402,5972,18287.3691,24755.2246,-8.61284426897,-1.99836639895,0,0,
11945,11945,5.9725000,294403,5973,18282.8008,24745.7285,-9.72924694642,-11.2734550875,0,0,
11946,11946,5.9730000,294403,5973,18289.8926,24742.3613,-1.58834841297,-14.9608328375,0,0,
11947,11947,5.9735000,294404,5974,18294.7012,24740.5605,2.48196217002,-15.6784281404,0,0,
11948,11948,5.9740000,294404,5974,18292.7773,24736.9531,0.56698824498,-15.5021128466,0,0,
11949,11949,5.9745000,294405,5975,18295.9023,24737.6738,3.92271854673,-12.557768857,0,0,
11950,11950,5.9750000,294405,5975,18299.9902,24740.1973,5.41411329028,-8.51960415861,0,0,
11951,11951,5.9755000,294406,5976,18294.9414,24745.127,0.193786515221,-2.92454884787,0,0,
11952,11952,5.9760000,294406,5976,18289.6523,24751.1387,-4.20490971293,2.31753998426,0,0,
11953,11953,5.9765000,294407,5977,18290.6133,24749.0938,-3.30594191604,-0.706067324205,0,0,
11954,11954,5.9770000,294407,5977,18287.248,24740.4395,-5.86630973122,-7.57176645887,0,0,
11955,11955,5.9775000,294408,5978,18289.0508,24733.9473,-4.2804815378,-12.7462869247,0,0,
11956,11956,5.9780000,294408,5978,18293.3789,24726.4941,0.0876760180347,-15.287814122,0,0,
11957,11957,5.9785000,294409,5979,18292.2969,24726.0156,-1.42270488566,-8.04134936944,0,0,
11958,11958,5.9790000,294409,5979,18288.0898,24733.8281,-4.15778106423,6.54562629497,0,0,
11959,11959,5.9795000,294410,5980,18290.9746,24738.0371,-2.24731545056,10.751827414,0,0,
11960,11960,5.9800000,294410,5980,18293.2578,24741.2812,-1.29467355433,12.2749593789,0,0,
11961,11961,5.9805000,294411,5981,18290.4941,24738.1562,-3.46195597538,10.2122091325,0,0,
11962,11962,5.9810000,294411,5981,18287.8496,24734.9121,-3.87348529448,8.24258791019,0,0,
11963,11963,5.9815000,294412,5982,18290.7344,24734.7891,0.172556856358,7.43197558843,0,0,
11964,11964,5.9820000,294412,5982,18291.0957,24731.1855,1.07326289786,1.20539777435,0,0,
11965,11965,5.9825000,294413,5983,18290.373,24722.6484,0.275800696112,-7.19479429144,0,0,
11966,11966,5.9830000,294413,5983,18291.8145,24716.1582,0.213233245701,-11.7546368687,0,0,
11967,11967,5.9835000,294414,5984,18292.7773,24710.1484,-0.406407982145,-14.4304635611,0,0,
11968,11968,5.9840000,294414,5984,18295.3027,24716.6406,-1.69012357063,-2.50422564498,0,0,
11969,11969,5.9845000,294415,5985,18296.0215,24715.3184,-4.83448257279,0.833764134789,0,0,
11970,11970,5.9850000,294415,5985,18296.623,24719.2832,-3.84658244682,5.9618094437,0,0,
11971,11971,5.9855000,294416,5986,18293.0176,24719.5234,-3.68078943654,4.48988663831,0,0,
11972,11972,5.9860000,294416,5986,18291.334,24723.4922,-2.52061122866,8.06424003641,0,0,
11973,11973,5.9865000,294417,5987,18290.8535,24731.7832,-2.66684073418,14.8168225501,0,0,
11974,11974,5.9870000,294417,5987,18289.6523,24735.5098,-3.47719766917,16.7827035618,0,0,
11975,11975,5.9875000,294418,5988,18289.6523,24735.2715,-1.53913446801,14.7700187363,0,0,
11976,11976,5.9880000,294418,5988,18290.0137,24725.1738,0.0954656216432,3.66324964197,0,0,
11977,11977,5.9885000,294419,5989,18293.6191,24720.3652,5.20608339393,-0.479641613241,0,0,
11978,11978,5.9890000,294419,5989,18293.6191,24713.5137,5.02948300853,-6.28454712014,0,0,
11979,11979,5.9895000,294420,5990,18292.7773,24709.9082,1.35889056651,-9.63320476823,0,0,
11980,11980,5.9900000,294420,5990,18288.3301,24714.3574,-2.38791165571,-5.4274781581,0,0,
11981,11981,5.9905000,294421,5991,18289.5312,24715.9199,-2.34007039188,-1.24793871157,0,0,
11982,11982,5.9910000,294421,5991,18293.1387,24722.0488,0.456388237001,4.28783107943,0,0,
11983,11983,5.9915000,294422,5992,18296.5039,24721.4473,4.39376391154,4.95605130109,0,0,
11984,11984,5.9920000,294422,5992,18293.6191,24712.5527,3.19270354739,-2.3338037056,0,0,
11985,11985,5.9925000,294423,5993,18292.1758,24707.7441,3.16420648928,-4.79622254745,0,0,
11986,11986,5.9930000,294423,5993,18293.498,24703.7793,2.96978992545,-8.10828326643,0,0,
11987,11987,5.9935000,294424,5994,18293.1387,24698.4902,1.25956839693,-11.3836801629,0,0,
11988,11988,5.9940000,294424,5994,18289.4121,24699.0879,-1.49894340007,-7.24370549405,0,0,
11989,11989,5.9945000,294425,5995,18285.8066,24702.4551,-3.72342112937,-3.05064367853,0,0,
11990,11990,5.9950000,294425,5995,18282.3203,24707.8652,-6.97266021718,1.68421307754,0,0,
11991,11991,5.9955000,294426,5996,18277.9922,24706.541,-7.7272449136,-0.202050091299,0,0,
11992,11992,5.9960000,294426,5996,18278.9551,24699.5703,-3.81089343211,-6.61804993678,0,0,
11993,11993,5.9965000,294427,5997,18280.2754,24693.0801,-1.79509608024,-10.5082215609,0,0,
11994,11994,5.9970000,294427,5997,18279.0742,24687.9121,-1.27623362012,-10.5823054677,0,0,
11995,11995,5.9975000,294428,5998,18282.0801,24682.9824,1.27095367307,-11.8246271999,0,0,
11996,11996,5.9980000,294428,5998,18286.8887,24679.8574,5.17257933306,-9.27454292995,0,0,
11997,11997,5.9985000,294429,5999,18286.2871,24681.1797,4.27424423764,-1.9309486099,0,0,
11998,11998,5.9990000,294429,5999,18283.6426,24683.9453,3.16305691223,5.32962524151,0,0,
11999,11999,5.9995000,294430,6000,18281.8379,24682.0215,0.428548006127,4.29570045791,0,0,
12000,12000,6.0000000,294430,6000,18282.6797,24677.8145,0.390377479646,1.00901224417,0,0,
12001,12001,6.0005000,294431,6001,18284.002,24674.9297,2.50065557062,2.13270289266,0,0,
12002,12002,6.0010000,294431,6001,18280.7559,24679.9766,1.42298115002,9.4100342725,0,0,
12003,12003,6.0015000,294432,6002,18280.0371,24685.9863,1.57504472976,14.0919162406,0,0,
12004,12004,6.0020000,294432,6002,18284.2441,24686.5879,5.83747608609,11.7008667367,0,0,
12005,12005,6.0025000,294433,6003,18283.7617,24688.9922,5.0862805852,12.2648449125,0,0,
12006,12006,6.0030000,294433,6003,18283.041,24682.9824,2.94153456811,5.63004657608,0,0,
12007,12007,6.0035000,294434,6004,18280.5176,24678.4141,-0.328301850388,1.48507561976,0,0,
12008,12008,6.0040000,294434,6004,18285.5645,24670.9629,1.28574580245,-3.3815814774,0,0,
12009,12009,6.0045000,294435,6005,18296.2637,24664.5918,6.87968888527,-5.16196301228,0,0,
12010,12010,6.0050000,294435,6005,18301.4316,24661.1074,9.60572533642,-6.5396620383,0,0,
12011,12011,6.0055000,294436,6006,18301.0723,24659.5449,9.96615458269,-7.38669237985,0,0,
12012,12012,6.0060000,294436,6006,18299.0273,24659.9043,7.8766798901,-5.56293098029,0,0,
12013,12013,6.0065000,294437,6007,18296.9844,24657.8594,4.12546726484,-6.21402934098,0,0,
12014,12014,6.0070000,294437,6007,18292.2969,24660.625,-1.17253847757,-1.58456855702,0,0,
12015,12015,6.0075000,294438,6008,18292.6582,24660.9844,-0.365331434686,0.851523262917,0,0,
12016,12016,6.0080000,294438,6008,18296.2637,24650.6484,2.58343078859,-5.1608578394,0,0,
12017,12017,6.0085000,294439,6009,18294.9414,24648.4844,1.27380972487,-3.65667715518,0,0,
12018,12018,6.0090000,294439,6009,18295.9023,24649.2051,1.54102965035,-0.333345857452,0,0,
12019,12019,6.0095000,294440,6010,18297.8262,24655.3359,0.380806923894,5.07675500314,0,0,
12020,12020,6.0100000,294440,6010,18296.7441,24656.2969,-0.761784588136,4.03442335886,0,0,
12021,12021,6.0105000,294441,6011,18296.3828,24657.2598,-3.31451976961,6.00489287827,0,0,
12022,12022,6.0110000,294441,6011,18296.8652,24655.2168,-4.47952513921,3.09164620469,0,0,
12023,12023,6.0115000,294442,6012,18295.0605,24657.8594,-5.69405434609,6.9502899953,0,0,
12024,12024,6.0120000,294442,6012,18300.9512,24658.5801,1.2041757891,8.89906260247,0,0,
12025,12025,6.0125000,294443,6013,18300.1094,24659.4219,0.873636220832,9.74884011279,0,0,
12026,12026,6.0130000,294443,6013,18298.666,24660.2656,-2.27392426884,8.38794649201,0,0,
12027,12027,6.0135000,294444,6014,18299.0273,24664.1113,-3.20325228156,9.9339672475,0,0,
12028,12028,6.0140000,294444,6014,18295.541,24666.6348,-5.41316296874,10.29290811,0,0,
12029,12029,6.0145000,294445,6015,18294.2207,24662.1875,-5.5202303827,2.99418950871,0,0,
12030,12030,6.0150000,294445,6015,18293.7383,24653.8926,-6.19482717476,-6.75498324324,0,0,
12031,12031,6.0155000,294446,6016,18290.6133,24649.0859,-6.75408450433,-10.8312300626,0,0,
12032,12032,6.0160000,294446,6016,18290.8535,24648.2441,-5.20214985073,-10.1450702819,0,0,
12033,12033,6.0165000,294447,6017,18288.0898,24651.9707,-7.57541616248,-5.28647990152,0,0,
12034,12034,6.0170000,294447,6017,18287.8496,24661.5859,-6.2233906604,4.55963932144,0,0,
12035,12035,6.0175000,294448,6018,18290.0137,24670.6016,-4.83154278006,10.4662438772,0,0,
12036,12036,6.0180000,294448,6018,18286.166,24692.959,-8.44598663854,26.75615894,0,0,
12037,12037,6.0185000,294449,6019,18287.6074,24707.1426,-5.71090428239,32.9825686742,0,0,
12038,12038,6.0190000,294449,6019,18291.4551,24690.5547,-0.0614323114285,12.1498567727,0,0,
12039,12039,6.0195000,294450,6020,18290.6133,24658.1016,-1.38859233866,-19.5142485374,0,0,
12040,12040,6.0200000,294450,6020,18298.7871,24638.9902,4.42387062443,-34.1377482424,0,0,
12041,12041,6.0205000,294451,6021,18303.9551,24630.9355,7.90012234628,-34.5669979356,0,0,
12042,12042,6.0210000,294451,6021,18307.5625,24632.9785,10.7696574515,-27.5313563646,0,0,
12043,12043,6.0215000,294452,6022,18308.6445,24631.0547,9.58919948533,-26.1884493424,0,0,
12044,12044,6.0220000,294452,6022,18309.7246,24619.998,7.7525638037,-32.3180358372,0,0,
12045,12045,6.0225000,294453,6023,18309.0059,24602.8066,5.16582199605,-40.8213530083,0,0,
12046,12046,6.0230000,294453,6023,18305.1582,24591.0293,-0.541844796025,-41.0685628228,0,0,
12047,12047,6.0235000,294454,6024,18304.1973,24587.4219,-2.57489788343,-33.841027291,0,0,
12048,12048,6.0240000,294454,6024,18304.3164,24607.8574,-6.05756926707,-6.67221249247,0,0,
12049,12049,6.0245000,294455,6025,18304.5566,24630.5762,-9.78201575275,18.110537049,0,0,
12050,12050,6.0250000,294455,6025,18303.8359,24639.7109,-10.2060798239,24.5326451125,0,0,
12051,12051,6.0255000,294456,6026,18304.918,24642.5938,-5.72409410057,22.8527082304,0,0,
12052,12052,6.0260000,294456,6026,18307.2012,24641.2734,-1.37748488579,18.0836928638,0,0,
12053,12053,6.0265000,294457,6027,18304.918,24640.4316,-3.00669345971,14.5082306146,0,0,
12054,12054,6.0270000,294457,6027,18303.4746,24642.4746,-3.14049673444,13.8469072767,0,0,
12055,12055,6.0275000,294458,6028,18297.7051,24643.0762,-6.65363654082,12.804607357,0,0,
12056,12056,6.0280000,294458,6028,18302.6348,24654.6152,-1.43664261965,22.820473912,0,0,
12057,12057,6.0285000,294459,6029,18299.6289,24670.8418,-2.43325362254,32.5477025762,0,0,
12058,12058,6.0290000,294459,6029,18294.9414,24682.9824,-5.20691827525,35.6496536001,0,0,
12059,12059,6.0295000,294460,6030,18298.9082,24698.127,-2.09399505823,37.5347102665,0,0,
12060,12060,6.0300000,294460,6030,18299.748,24697.7676,0.314163605839,25.5885720579,0,0,
12061,12061,6.0305000,294461,6031,18300.9512,24692.1172,0.768382785647,13.2994593024,0,0,
12062,12062,6.0310000,294461,6031,18297.9473,24693.0801,-2.16976546252,7.19202787309,0,0,
12063,12063,6.0315000,294462,6032,18300.5898,24700.5312,1.73612763631,8.33662089902,0,0,
12064,12064,6.0320000,294462,6032,18309.0059,24710.6309,9.59306283813,11.7138730604,0,0,
12065,12065,6.0325000,294463,6033,18314.5332,24713.875,14.2698701458,7.88424920971,0,0,
12066,12066,6.0330000,294463,6033,18313.8125,24720.0059,11.0164073617,5.22749828701,0,0,
12067,12067,6.0335000,294464,6034,18311.168,24723.4922,6.5012555013,0.398187975454,0,0,
12068,12068,6.0340000,294464,6034,18312.25,24710.5078,7.70119274611,-16.5028126235,0,0,
12069,12069,6.0345000,294465,6035,18304.1973,24677.2129,0.717888380949,-46.6016943871,0,0,
12070,12070,6.0350000,294465,6035,18307.3223,24625.4062,2.9185990896,-84.858841154,0,0,
12071,12071,6.0355000,294466,6036,18304.7988,24585.8594,2.14692938237,-103.982828535,0,0,
12072,12072,6.0360000,294466,6036,18304.918,24594.7559,2.42797377307,-78.3550816577,0,0,
12073,12073,6.0365000,294467,6037,18301.793,24622.4004,-0.518794403595,-41.2823196306,0,0,
12074,12074,6.0370000,294467,6037,18297.9473,24645.5996,-2.98820736884,-14.0629839781,0,0,
12075,12075,6.0375000,294468,6038,18299.3887,24654.8535,-2.42180067659,-3.87155588342,0,0,
12076,12076,6.0380000,294468,6038,18295.541,24670.6016,-5.15389984424,8.56842855699,0,0,
12077,12077,6.0385000,294469,6039,18291.0957,24682.7422,-7.60767308411,17.4026125526,0,0,
12078,12078,6.0390000,294469,6039,18296.8652,24687.0703,-0.454844161546,23.0001193563,0,0,
12079,12079,6.0395000,294470,6040,18298.3066,24671.6855,0.954780196069,12.6471873167,0,0,
12080,12080,6.0400000,294470,6040,18301.4316,24631.1738,1.64551690192,-18.2342855543,0,0,
12081,12081,6.0405000,294471,6041,18300.5898,24579.248,0.546252074685,-51.9358917352,0,0,
12082,12082,6.0410000,294471,6041,18304.3164,24560.9766,4.81559161166,-53.2463660528,0,0,
12083,12083,6.0415000,294472,6042,18299.5098,24578.7676,0.760917369369,-24.3575612473,0,0,
12084,12084,6.0420000,294472,6042,18292.8965,24593.3125,-4.4567228194,-1.53212131193,0,0,
12085,12085,6.0425000,294473,6043,18292.7773,24600.8848,-2.56314245817,13.3131662282,0,0,
12086,12086,6.0430000,294473,6043,18290.0137,24609.0566,-3.31299876615,26.1406058145,0,0,
12087,12087,6.0435000,294474,6044,18294.9414,24608.3359,2.13889212682,27.8199242537,0,0,
12088,12088,6.0440000,294474,6044,18293.7383,24611.7031,-0.74978831099,29.3200739744,0,0,
12089,12089,6.0445000,294475,6045,18298.1855,24606.1738,0.647298679836,23.4676542909,0,0,
12090,12090,6.0450000,294475,6045,18303.4746,24596.4375,5.16998898774,15.6970020808,0,0,
12091,12091,6.0455000,294476,6046,18303.9551,24593.4316,7.10693610655,14.8668172757,0,0,
12092,12092,6.0460000,294476,6046,18308.8848,24590.666,11.6741987842,15.4720810105,0,0,
12093,12093,6.0465000,294477,6047,18307.6816,24594.9941,9.76994720424,21.8252977492,0,0,
12094,12094,6.0470000,294477,6047,18305.5176,24595.7168,7.4816821428,23.6125185799,0,0,
12095,12095,6.0475000,294478,6048,18303.4746,24597.1582,6.29756935709,26.4727331241,0,0,
12096,12096,6.0480000,294478,6048,18306.5996,24605.3301,7.02428506572,34.0252582101,0,0,
12097,12097,6.0485000,294479,6049,18306,24614.8281,6.65653427615,38.7245586708,0,0,
12098,12098,6.0490000,294479,6049,18306.5996,24625.4062,6.87302561873,42.9618882735,0,0,
12099,12099,6.0495000,294480,6050,18306.4805,24630.4531,3.44516419437,39.0198510421,0,0,
12100,12100,6.0500000,294480,6050,18302.7539,24634.0605,0.030001713411,36.5756668254,0,0,
12101,12101,6.0505000,294481,6051,18305.2793,24631.8965,0.752460071326,32.0386518107,0,0,
12102,12102,6.0510000,294481,6051,18308.5234,24630.9355,2.56162223953,26.8571587498,0,0,
12103,12103,6.0515000,294482,6052,18309.4863,24629.6113,2.41502540692,21.796218884,0,0,
12104,12104,6.0520000,294482,6052,18312.0098,24630.334,2.51276498153,19.1075070505,0,0,
12105,12105,6.0525000,294483,6053,18311.0488,24624.2031,0.788916957911,11.7488037848,0,0,
12106,12106,6.0530000,294483,6053,18312.8516,24619.0332,1.17921088499,4.71157661218,0,0,
12107,12107,6.0535000,294484,6054,18309.9668,24613.5059,-2.19892740351,-1.05153213494,0,0,
12108,12108,6.0540000,294484,6054,18310.0859,24609.5391,-1.60781766393,-1.29002126178,0,0,
12109,12109,6.0545000,294485,6055,18308.1621,24606.2949,-1.69010836377,2.25751199242,0,0,
12110,12110,6.0550000,294485,6055,18308.5234,24608.9375,-2.75374664525,12.8791785915,0,0,
12111,12111,6.0555000,294486,6056,18306.3613,24617.834,-3.11116676243,24.184607788,0,0,
12112,12112,6.0560000,294486,6056,18310.9277,24616.6309,0.607789355479,16.4099167328,0,0,
12113,12113,6.0565000,294487,6057,18307.3223,24614.8281,-2.96974815775,5.78803547335,0,0,
12114,12114,6.0570000,294487,6057,18306.9609,24614.3457,-2.78508125158,-1.31582164085,0,0,
12115,12115,6.0575000,294488,6058,18309.2441,24613.2656,-2.83377167647,-6.18116379841,0,0,
12116,12116,6.0580000,294488,6058,18312.25,24614.9473,-0.663608195735,-10.069341991,0,0,
12117,12117,6.0585000,294489,6059,18316.0957,24616.75,1.8386680714,-11.1902637263,0,0,
12118,12118,6.0590000,294489,6059,18314.6543,24613.0254,-1.67045670299,-11.3391013551,0,0,
12119,12119,6.0595000,294490,6060,18313.2129,24612.0625,-4.57681432624,-4.9643040093,0,0,
12120,12120,6.0600000,294490,6060,18312.6113,24605.8125,-7.9758089882,-1.9064547221,0,0,
