record_index,sequence,time_s,tick_ms,tick_elapsed_ms,device_id,accel_x_raw,accel_y_raw,accel_z_raw,accel_x_g,accel_y_g,accel_z_g,gyro_x_raw,gyro_y_raw,gyro_z_raw,gyro_x_dps,gyro_y_dps,gyro_z_dps,mag_x_raw,mag_y_raw,mag_z_raw,angle_x_raw,angle_y_raw,angle_z_raw,angle_x_deg,angle_y_deg,angle_z_deg,battery_raw,battery_voltage,sequence_gap_before
0,104520,0.0,288428,0,1,47,1984,-485,0.02294921875,0.96875,-0.23681640625,10,-3,2,0.6103515625,-0.18310546875,0.1220703125,-161,2442,5200,18762,-102,24204,103.062744140625,-0.560302734375,132.95654296875,357,3.57,0
1,104521,0.0,288428,0,2,-150,1898,781,-0.0732421875,0.9267578125,0.38134765625,-8,5,14,-0.48828125,0.30517578125,0.8544921875,970,2647,-3520,12300,745,67,67.56591796875,4.0924072265625,0.3680419921875,356,3.56,0
2,104522,0.002,288430,2,2,-152,1898,785,-0.07421875,0.9267578125,0.38330078125,-5,3,18,-0.30517578125,0.18310546875,1.0986328125,934,2633,-3535,12298,745,75,67.554931640625,4.0924072265625,0.4119873046875,355,3.55,0
3,104523,0.004,288432,4,0,-29,2010,-370,-0.01416015625,0.9814453125,-0.1806640625,-4,-16,2,-0.244140625,-0.9765625,0.1220703125,-4257,2629,-1364,18372,283,-31111,100.92041015625,1.5545654296875,-170.8978271484375,349,3.49,0
4,104524,0.005,288433,5,1,30,1989,-458,0.0146484375,0.97119140625,-0.2236328125,-5,-9,-4,-0.30517578125,-0.54931640625,-0.244140625,-265,2439,5295,18763,-104,24205,103.0682373046875,-0.5712890625,132.9620361328125,357,3.57,0
5,104525,0.006,288434,6,2,-152,1897,785,-0.07421875,0.92626953125,0.38330078125,-4,1,18,-0.244140625,0.06103515625,1.0986328125,935,2631,-3545,12298,745,82,67.554931640625,4.0924072265625,0.450439453125,355,3.55,0
6,104526,0.011,288439,11,0,-28,2006,-366,-0.013671875,0.9794921875,-0.1787109375,-12,-20,2,-0.732421875,-1.220703125,0.1220703125,-4269,2595,-1348,18372,283,-31111,100.92041015625,1.5545654296875,-170.8978271484375,349,3.49,0
7,104527,0.012,288440,12,1,32,1983,-460,0.015625,0.96826171875,-0.224609375,-8,-10,-2,-0.48828125,-0.6103515625,-0.1220703125,-235,2456,5294,18763,-104,24205,103.0682373046875,-0.5712890625,132.9620361328125,357,3.57,0
8,104528,0.013,288441,13,2,-152,1891,783,-0.07421875,0.92333984375,0.38232421875,-2,0,15,-0.1220703125,0.0,0.91552734375,951,2644,-3528,12297,745,82,67.5494384765625,4.0924072265625,0.450439453125,355,3.55,0
9,104529,0.018,288446,18,0,-27,2005,-368,-0.01318359375,0.97900390625,-0.1796875,-15,-20,5,-0.91552734375,-1.220703125,0.30517578125,-4286,2615,-1383,18371,282,-31110,100.9149169921875,1.549072265625,-170.892333984375,349,3.49,0
10,104530,0.02,288448,20,2,-152,1888,784,-0.07421875,0.921875,0.3828125,-2,-1,15,-0.1220703125,-0.06103515625,0.91552734375,955,2638,-3529,12297,745,82,67.5494384765625,4.0924072265625,0.450439453125,355,3.55,0
11,104531,0.025,288453,25,0,-27,2005,-368,-0.01318359375,0.97900390625,-0.1796875,-15,-20,5,-0.91552734375,-1.220703125,0.30517578125,-4286,2615,-1383,18371,282,-31110,100.9149169921875,1.549072265625,-170.892333984375,349,3.49,0
12,104532,0.026,288454,26,1,45,1977,-462,0.02197265625,0.96533203125,-0.2255859375,-6,1,2,-0.3662109375,0.06103515625,0.1220703125,-213,2456,5189,18763,-104,24205,103.0682373046875,-0.5712890625,132.9620361328125,357,3.57,0
13,104533,0.027,288455,27,2,-151,1883,784,-0.07373046875,0.91943359375,0.3828125,1,-3,13,0.06103515625,-0.18310546875,0.79345703125,951,2666,-3521,12297,745,90,67.5494384765625,4.0924072265625,0.494384765625,355,3.55,0
14,104534,0.032,288460,32,0,-26,2005,-374,-0.0126953125,0.97900390625,-0.1826171875,-18,-15,7,-1.0986328125,-0.91552734375,0.42724609375,-4279,2596,-1325,18371,282,-31110,100.9149169921875,1.549072265625,-170.892333984375,349,3.49,0
15,104535,0.033,288461,33,1,45,1975,-468,0.02197265625,0.96435546875,-0.228515625,-4,-1,1,-0.244140625,-0.06103515625,0.06103515625,-195,2447,5202,18763,-104,24205,103.0682373046875,-0.5712890625,132.9620361328125,357,3.57,0
16,104536,0.034,288462,34,2,-150,1883,784,-0.0732421875,0.91943359375,0.3828125,1,-3,12,0.06103515625,-0.18310546875,0.732421875,972,2642,-3533,12296,745,90,67.5439453125,4.0924072265625,0.494384765625,355,3.55,0
17,104537,0.039,288467,39,0,-28,2006,-377,-0.013671875,0.9794921875,-0.18408203125,-15,-12,7,-0.91552734375,-0.732421875,0.42724609375,-4264,2589,-1288,18370,281,-31109,100.909423828125,1.5435791015625,-170.8868408203125,349,3.49,0
18,104538,0.04,288468,40,1,45,1973,-472,0.02197265625,0.96337890625,-0.23046875,1,-8,7,0.06103515625,-0.48828125,0.42724609375,-185,2419,5136,18763,-105,24206,103.0682373046875,-0.5767822265625,132.967529296875,357,3.57,0
19,104539,0.041,288469,41,2,-149,1883,783,-0.07275390625,0.91943359375,0.38232421875,-1,-2,11,-0.06103515625,-0.1220703125,0.67138671875,955,2653,-3533,12296,745,90,67.5439453125,4.0924072265625,0.494384765625,355,3.55,0
20,104540,0.046,288474,46,0,-30,2009,-378,-0.0146484375,0.98095703125,-0.1845703125,-16,-3,7,-0.9765625,-0.18310546875,0.42724609375,-4249,2587,-1289,18370,281,-31109,100.909423828125,1.5435791015625,-170.8868408203125,349,3.49,0
21,104541,0.047,288475,47,1,44,1969,-475,0.021484375,0.96142578125,-0.23193359375,1,-12,3,0.06103515625,-0.732421875,0.18310546875,-166,2429,5199,18763,-105,24206,103.0682373046875,-0.5767822265625,132.967529296875,357,3.57,0
22,104542,0.048,288476,48,2,-146,1884,780,-0.0712890625,0.919921875,0.380859375,-8,-1,9,-0.48828125,-0.06103515625,0.54931640625,968,2663,-3584,12296,745,97,67.5439453125,4.0924072265625,0.5328369140625,355,3.55,0
23,104543,0.053,288481,53,0,-30,2005,-383,-0.0146484375,0.97900390625,-0.18701171875,-18,1,10,-1.0986328125,0.06103515625,0.6103515625,-4238,2587,-1277,18370,281,-31109,100.909423828125,1.5435791015625,-170.8868408203125,349,3.49,0
24,104544,0.054,288482,54,1,42,1972,-475,0.0205078125,0.962890625,-0.23193359375,3,-17,0,0.18310546875,-1.03759765625,0.0,-131,2439,5188,18763,-106,24206,103.0682373046875,-0.582275390625,132.967529296875,357,3.57,0
25,104545,0.055,288483,55,2,-144,1883,779,-0.0703125,0.91943359375,0.38037109375,-10,1,8,-0.6103515625,0.06103515625,0.48828125,967,2660,-3561,12296,745,97,67.5439453125,4.0924072265625,0.5328369140625,355,3.55,0
26,104546,0.06,288488,60,0,-30,2005,-383,-0.0146484375,0.97900390625,-0.18701171875,-18,1,10,-1.0986328125,0.06103515625,0.6103515625,-4238,2587,-1277,18370,281,-31109,100.909423828125,1.5435791015625,-170.8868408203125,349,3.49,0
27,104547,0.061,288489,61,1,44,1976,-481,0.021484375,0.96484375,-0.23486328125,5,-18,-1,0.30517578125,-1.0986328125,-0.06103515625,-109,2426,5176,18763,-106,24206,103.0682373046875,-0.582275390625,132.967529296875,357,3.57,0
28,104548,0.062,288490,62,2,-141,1881,779,-0.06884765625,0.91845703125,0.38037109375,-10,3,7,-0.6103515625,0.18310546875,0.42724609375,933,2682,-3573,12296,745,104,67.5439453125,4.0924072265625,0.5712890625,355,3.55,0
29,104549,0.073,288501,73,0,-34,1998,-391,-0.0166015625,0.9755859375,-0.19091796875,-16,4,8,-0.9765625,0.244140625,0.48828125,-4228,2613,-1292,18369,280,-31108,100.9039306640625,1.5380859375,-170.88134765625,348,3.48,0
30,104550,0.073,288501,73,1,48,1982,-482,0.0234375,0.9677734375,-0.2353515625,5,-17,1,0.30517578125,-1.03759765625,0.06103515625,-113,2425,5194,18763,-106,24206,103.0682373046875,-0.582275390625,132.967529296875,357,3.57,0
31,104551,0.073,288501,73,2,-140,1881,779,-0.068359375,0.91845703125,0.38037109375,-8,5,6,-0.48828125,0.30517578125,0.3662109375,942,2701,-3539,12296,745,104,67.5439453125,4.0924072265625,0.5712890625,355,3.55,0
32,104552,0.074,288502,74,0,-36,1999,-392,-0.017578125,0.97607421875,-0.19140625,-14,-1,5,-0.8544921875,-0.06103515625,0.30517578125,-4251,2607,-1298,18369,280,-31108,100.9039306640625,1.5380859375,-170.88134765625,348,3.48,0
33,104553,0.075,288503,75,1,48,1988,-476,0.0234375,0.970703125,-0.232421875,-1,-17,-6,-0.06103515625,-1.03759765625,-0.3662109375,-126,2400,5123,18764,-106,24207,103.07373046875,-0.582275390625,132.9730224609375,357,3.57,0
34,104554,0.076,288504,76,2,-141,1882,780,-0.06884765625,0.9189453125,0.380859375,-8,5,6,-0.48828125,0.30517578125,0.3662109375,930,2713,-3533,12295,745,104,67.5384521484375,4.0924072265625,0.5712890625,355,3.55,0
35,104555,0.081,288509,81,0,-37,1997,-392,-0.01806640625,0.97509765625,-0.19140625,-6,-9,7,-0.3662109375,-0.54931640625,0.42724609375,-4219,2595,-1312,18369,280,-31107,100.9039306640625,1.5380859375,-170.8758544921875,349,3.49,0
36,104556,0.082,288510,82,1,49,1983,-475,0.02392578125,0.96826171875,-0.23193359375,-3,-16,-6,-0.18310546875,-0.9765625,-0.3662109375,-127,2424,5113,18764,-106,24207,103.07373046875,-0.582275390625,132.9730224609375,357,3.57,0
37,104557,0.083,288511,83,2,-144,1886,780,-0.0703125,0.9208984375,0.380859375,-8,5,6,-0.48828125,0.30517578125,0.3662109375,943,2702,-3466,12295,745,111,67.5384521484375,4.0924072265625,0.6097412109375,355,3.55,0
38,104558,0.088,288516,88,0,-39,2000,-395,-0.01904296875,0.9765625,-0.19287109375,-4,-12,7,-0.244140625,-0.732421875,0.42724609375,-4252,2610,-1311,18369,280,-31107,100.9039306640625,1.5380859375,-170.8758544921875,349,3.49,0
39,104559,0.089,288517,89,1,50,1982,-470,0.0244140625,0.9677734375,-0.2294921875,-1,-15,-4,-0.06103515625,-0.91552734375,-0.244140625,-153,2438,5108,18764,-106,24207,103.07373046875,-0.582275390625,132.9730224609375,357,3.57,0
40,104560,0.09,288518,90,2,-146,1887,780,-0.0712890625,0.92138671875,0.380859375,-9,4,7,-0.54931640625,0.244140625,0.42724609375,940,2698,-3449,12295,745,111,67.5384521484375,4.0924072265625,0.6097412109375,355,3.55,0
41,104561,0.095,288523,95,0,-36,2004,-389,-0.017578125,0.978515625,-0.18994140625,-1,-14,8,-0.06103515625,-0.8544921875,0.48828125,-4266,2619,-1322,18369,280,-31107,100.9039306640625,1.5380859375,-170.8758544921875,349,3.49,0
42,104562,0.096,288524,96,1,53,1980,-466,0.02587890625,0.966796875,-0.2275390625,1,-7,-7,0.06103515625,-0.42724609375,-0.42724609375,-166,2441,5107,18764,-107,24207,103.07373046875,-0.5877685546875,132.9730224609375,357,3.57,0
43,104563,0.097,288525,97,2,-148,1889,781,-0.072265625,0.92236328125,0.38134765625,-10,1,8,-0.6103515625,0.06103515625,0.48828125,921,2692,-3488,12294,745,111,67.532958984375,4.0924072265625,0.6097412109375,356,3.56,0
44,104564,0.102,288530,102,0,-37,2009,-382,-0.01806640625,0.98095703125,-0.1865234375,1,-21,7,0.06103515625,-1.28173828125,0.42724609375,-4265,2645,-1296,18368,279,-31106,100.8984375,1.5325927734375,-170.870361328125,349,3.49,0
45,104565,0.104,288532,104,2,-149,1892,782,-0.07275390625,0.923828125,0.3818359375,-8,-3,10,-0.48828125,-0.18310546875,0.6103515625,934,2683,-3494,12294,744,119,67.532958984375,4.0869140625,0.6536865234375,356,3.56,0
46,104566,0.109,288537,109,0,-36,2008,-378,-0.017578125,0.98046875,-0.1845703125,-1,-26,7,-0.06103515625,-1.5869140625,0.42724609375,-4275,2670,-1267,18368,279,-31106,100.8984375,1.5325927734375,-170.870361328125,349,3.49,0
47,104567,0.111,288539,111,2,-148,1893,782,-0.072265625,0.92431640625,0.3818359375,-7,-3,11,-0.42724609375,-0.18310546875,0.67138671875,958,2681,-3498,12294,744,119,67.532958984375,4.0869140625,0.6536865234375,356,3.56,0
48,104568,0.116,288544,116,0,-30,2011,-371,-0.0146484375,0.98193359375,-0.18115234375,-4,-28,2,-0.244140625,-1.708984375,0.1220703125,-4275,2684,-1199,18367,278,-31105,100.8929443359375,1.527099609375,-170.8648681640625,349,3.49,0
49,104569,0.118,288546,118,2,-146,1894,781,-0.0712890625,0.9248046875,0.38134765625,-8,-3,11,-0.48828125,-0.18310546875,0.67138671875,995,2685,-3523,12293,744,118,67.5274658203125,4.0869140625,0.648193359375,357,3.57,0
50,104570,0.123,288551,123,0,-30,2008,-368,-0.0146484375,0.98046875,-0.1796875,-5,-28,4,-0.30517578125,-1.708984375,0.244140625,-4275,2690,-1170,18367,278,-31105,100.8929443359375,1.527099609375,-170.8648681640625,349,3.49,0
51,104571,0.124,288552,124,1,52,1987,-476,0.025390625,0.97021484375,-0.232421875,5,-2,2,0.30517578125,-0.1220703125,0.1220703125,-157,2422,5083,18764,-108,24208,103.07373046875,-0.59326171875,132.978515625,356,3.56,0
52,104572,0.125,288553,125,2,-146,1894,781,-0.0712890625,0.9248046875,0.38134765625,-9,-4,11,-0.54931640625,-0.244140625,0.67138671875,989,2676,-3495,12293,744,126,67.5274658203125,4.0869140625,0.692138671875,357,3.57,0
53,104573,0.136,288564,136,0,-26,2007,-367,-0.0126953125,0.97998046875,-0.17919921875,-6,-26,-1,-0.3662109375,-1.5869140625,-0.06103515625,-4276,2688,-1207,18367,278,-31105,100.8929443359375,1.527099609375,-170.8648681640625,349,3.49,0
54,104574,0.136,288564,136,1,48,1985,-477,0.0234375,0.96923828125,-0.23291015625,6,-6,5,0.3662109375,-0.3662109375,0.30517578125,-133,2438,5113,18764,-108,24208,103.07373046875,-0.59326171875,132.978515625,356,3.56,0
55,104575,0.136,288564,136,2,-146,1892,781,-0.0712890625,0.923828125,0.38134765625,-10,-5,11,-0.6103515625,-0.30517578125,0.67138671875,963,2670,-3454,12293,744,126,67.5274658203125,4.0869140625,0.692138671875,357,3.57,0
56,104576,0.137,288565,137,0,-20,2003,-361,-0.009765625,0.97802734375,-0.17626953125,-6,-18,2,-0.3662109375,-1.0986328125,0.1220703125,-4299,2668,-1184,18366,278,-31104,100.887451171875,1.527099609375,-170.859375,349,3.49,0
57,104577,0.139,288567,139,2,-147,1889,782,-0.07177734375,0.92236328125,0.3818359375,-8,-7,12,-0.48828125,-0.42724609375,0.732421875,953,2680,-3434,12292,744,126,67.52197265625,4.0869140625,0.692138671875,357,3.57,0
58,104578,0.144,288572,144,0,-23,1999,-363,-0.01123046875,0.97607421875,-0.17724609375,-5,-12,1,-0.30517578125,-0.732421875,0.06103515625,-4299,2667,-1174,18366,278,-31104,100.887451171875,1.527099609375,-170.859375,349,3.49,0
59,104579,0.145,288573,145,1,41,1987,-474,0.02001953125,0.97021484375,-0.2314453125,4,-14,8,0.244140625,-0.8544921875,0.48828125,-137,2430,5129,18765,-109,24208,103.0792236328125,-0.5987548828125,132.978515625,356,3.56,0
60,104580,0.146,288574,146,2,-148,1889,782,-0.072265625,0.92236328125,0.3818359375,-5,-8,13,-0.30517578125,-0.48828125,0.79345703125,959,2712,-3453,12292,744,133,67.52197265625,4.0869140625,0.7305908203125,357,3.57,0
61,104581,0.151,288579,151,0,-23,1999,-363,-0.01123046875,0.97607421875,-0.17724609375,-5,-12,1,-0.30517578125,-0.732421875,0.06103515625,-4299,2667,-1174,18366,278,-31104,100.887451171875,1.527099609375,-170.859375,349,3.49,0
62,104582,0.153,288581,153,2,-149,1890,780,-0.07275390625,0.9228515625,0.380859375,-9,-7,15,-0.54931640625,-0.42724609375,0.91552734375,978,2679,-3402,12292,744,133,67.52197265625,4.0869140625,0.7305908203125,357,3.57,0
63,104583,0.158,288586,158,0,-23,2002,-368,-0.01123046875,0.9775390625,-0.1796875,-8,0,8,-0.48828125,0.0,0.48828125,-4303,2641,-1221,18366,277,-31103,100.887451171875,1.5216064453125,-170.8538818359375,349,3.49,0
64,104584,0.168,288596,168,1,32,1980,-468,0.015625,0.966796875,-0.228515625,-3,-11,3,-0.18310546875,-0.67138671875,0.18310546875,-141,2440,5092,18765,-109,24208,103.0792236328125,-0.5987548828125,132.978515625,356,3.56,0
65,104585,0.168,288596,168,2,-150,1890,779,-0.0732421875,0.9228515625,0.38037109375,-12,-5,16,-0.732421875,-0.30517578125,0.9765625,1006,2702,-3410,12292,744,141,67.52197265625,4.0869140625,0.7745361328125,358,3.58,0
66,104586,0.172,288600,172,0,-26,2008,-378,-0.0126953125,0.98046875,-0.1845703125,-8,9,13,-0.48828125,0.54931640625,0.79345703125,-4263,2640,-1246,18366,277,-31103,100.887451171875,1.5216064453125,-170.8538818359375,349,3.49,0
67,104587,0.173,288601,173,1,26,1976,-469,0.0126953125,0.96484375,-0.22900390625,-4,-13,-1,-0.244140625,-0.79345703125,-0.06103515625,-155,2459,5109,18765,-109,24208,103.0792236328125,-0.5987548828125,132.978515625,356,3.56,0
68,104588,0.174,288602,174,2,-151,1890,782,-0.07373046875,0.9228515625,0.3818359375,-4,-6,15,-0.244140625,-0.3662109375,0.91552734375,987,2687,-3400,12291,744,141,67.5164794921875,4.0869140625,0.7745361328125,358,3.58,0
69,104589,0.179,288607,179,0,-29,2011,-380,-0.01416015625,0.98193359375,-0.185546875,-7,7,14,-0.42724609375,0.42724609375,0.8544921875,-4260,2637,-1247,18365,276,-31102,100.8819580078125,1.51611328125,-170.848388671875,349,3.49,0
70,104590,0.181,288609,181,2,-150,1891,781,-0.0732421875,0.92333984375,0.38134765625,-2,-6,15,-0.1220703125,-0.3662109375,0.91552734375,994,2674,-3453,12291,744,141,67.5164794921875,4.0869140625,0.7745361328125,358,3.58,0
71,104591,0.186,288614,186,0,-29,2011,-380,-0.01416015625,0.98193359375,-0.185546875,-7,7,14,-0.42724609375,0.42724609375,0.8544921875,-4260,2637,-1247,18365,276,-31102,100.8819580078125,1.51611328125,-170.848388671875,349,3.49,0
72,104592,0.188,288616,188,2,-148,1892,778,-0.072265625,0.923828125,0.3798828125,-10,-8,15,-0.6103515625,-0.48828125,0.91552734375,986,2688,-3535,12291,744,148,67.5164794921875,4.0869140625,0.81298828125,358,3.58,0
73,104593,0.193,288621,193,0,-40,2017,-394,-0.01953125,0.98486328125,-0.1923828125,-5,1,14,-0.30517578125,0.06103515625,0.8544921875,-4242,2658,-1240,18365,276,-31102,100.8819580078125,1.51611328125,-170.848388671875,348,3.48,0
74,104594,0.194,288622,194,1,35,1982,-468,0.01708984375,0.9677734375,-0.228515625,5,-10,-7,0.30517578125,-0.6103515625,-0.42724609375,-143,2440,5173,18766,-110,24209,103.084716796875,-0.604248046875,132.9840087890625,355,3.55,0
75,104595,0.195,288623,195,2,-148,1892,777,-0.072265625,0.923828125,0.37939453125,-14,-9,15,-0.8544921875,-0.54931640625,0.91552734375,985,2678,-3509,12290,744,148,67.510986328125,4.0869140625,0.81298828125,358,3.58,0
76,104596,0.2,288628,200,0,-40,2015,-393,-0.01953125,0.98388671875,-0.19189453125,-6,-4,13,-0.3662109375,-0.244140625,0.79345703125,-4263,2658,-1201,18364,275,-31101,100.87646484375,1.5106201171875,-170.8428955078125,348,3.48,0
77,104597,0.202,288630,202,2,-147,1891,778,-0.07177734375,0.92333984375,0.3798828125,-14,-10,14,-0.8544921875,-0.6103515625,0.8544921875,1011,2667,-3503,12290,744,148,67.510986328125,4.0869140625,0.81298828125,358,3.58,0
78,104598,0.207,288635,207,0,-43,2014,-388,-0.02099609375,0.9833984375,-0.189453125,-5,-20,8,-0.30517578125,-1.220703125,0.48828125,-4269,2669,-1215,18364,275,-31101,100.87646484375,1.5106201171875,-170.8428955078125,348,3.48,0
79,104599,0.209,288637,209,2,-141,1888,783,-0.06884765625,0.921875,0.38232421875,-9,-10,12,-0.54931640625,-0.6103515625,0.732421875,996,2659,-3497,12290,744,156,67.510986328125,4.0869140625,0.85693359375,357,3.57,0
80,104600,0.214,288642,214,0,-45,2011,-388,-0.02197265625,0.98193359375,-0.189453125,-5,-24,7,-0.30517578125,-1.46484375,0.42724609375,-4280,2676,-1208,18364,275,-31101,100.87646484375,1.5106201171875,-170.8428955078125,348,3.48,0
81,104601,0.215,288643,215,1,54,1990,-465,0.0263671875,0.9716796875,-0.22705078125,2,0,-6,0.1220703125,0.0,-0.3662109375,-160,2461,5155,18766,-110,24209,103.084716796875,-0.604248046875,132.9840087890625,355,3.55,0
82,104602,0.216,288644,216,2,-139,1887,785,-0.06787109375,0.92138671875,0.38330078125,-5,-9,10,-0.30517578125,-0.54931640625,0.6103515625,998,2639,-3502,12290,744,156,67.510986328125,4.0869140625,0.85693359375,357,3.57,0
83,104603,0.221,288649,221,0,-45,2011,-388,-0.02197265625,0.98193359375,-0.189453125,-5,-24,7,-0.30517578125,-1.46484375,0.42724609375,-4280,2676,-1208,18364,275,-31101,100.87646484375,1.5106201171875,-170.8428955078125,348,3.48,0
84,104604,0.229,288657,229,1,59,1990,-472,0.02880859375,0.9716796875,-0.23046875,4,-2,1,0.244140625,-0.1220703125,0.06103515625,-128,2486,5149,18766,-111,24210,103.084716796875,-0.6097412109375,132.989501953125,355,3.55,0
85,104605,0.229,288657,229,2,-138,1885,786,-0.0673828125,0.92041015625,0.3837890625,-1,-9,9,-0.06103515625,-0.54931640625,0.54931640625,985,2625,-3476,12290,743,163,67.510986328125,4.0814208984375,0.8953857421875,357,3.57,0
86,104606,0.229,288657,229,0,-45,2008,-366,-0.02197265625,0.98046875,-0.1787109375,-2,-40,6,-0.1220703125,-2.44140625,0.3662109375,-4263,2649,-1236,18363,275,-31100,100.8709716796875,1.5106201171875,-170.83740234375,348,3.48,0
87,104607,0.229,288657,229,1,58,1990,-470,0.0283203125,0.9716796875,-0.2294921875,4,-3,4,0.244140625,-0.18310546875,0.244140625,-143,2475,5140,18766,-111,24210,103.084716796875,-0.6097412109375,132.989501953125,355,3.55,0
88,104608,0.23,288658,230,2,-139,1884,785,-0.06787109375,0.919921875,0.38330078125,-4,-10,8,-0.244140625,-0.6103515625,0.48828125,999,2628,-3477,12290,743,163,67.510986328125,4.0814208984375,0.8953857421875,357,3.57,0
89,104609,0.235,288663,235,0,-44,2006,-366,-0.021484375,0.9794921875,-0.1787109375,-5,-39,4,-0.30517578125,-2.38037109375,0.244140625,-4278,2654,-1255,18363,275,-31100,100.8709716796875,1.5106201171875,-170.83740234375,348,3.48,0
90,104610,0.237,288665,237,2,-141,1884,786,-0.06884765625,0.919921875,0.3837890625,-4,-11,9,-0.244140625,-0.67138671875,0.54931640625,1000,2617,-3522,12289,743,163,67.5054931640625,4.0814208984375,0.8953857421875,357,3.57,0
91,104611,0.242,288670,242,0,-47,2006,-359,-0.02294921875,0.9794921875,-0.17529296875,-4,-34,4,-0.244140625,-2.0751953125,0.244140625,-4267,2633,-1211,18362,274,-31100,100.865478515625,1.505126953125,-170.83740234375,347,3.47,0
92,104612,0.244,288672,244,2,-143,1885,786,-0.06982421875,0.92041015625,0.3837890625,0,-12,10,0.0,-0.732421875,0.6103515625,991,2590,-3449,12289,743,170,67.5054931640625,4.0814208984375,0.933837890625,357,3.57,0
93,104613,0.249,288677,249,0,-45,2009,-362,-0.02197265625,0.98095703125,-0.1767578125,-6,-33,4,-0.3662109375,-2.01416015625,0.244140625,-4272,2639,-1225,18362,274,-31100,100.865478515625,1.505126953125,-170.83740234375,347,3.47,0
94,104614,0.251,288679,251,2,-144,1885,786,-0.0703125,0.92041015625,0.3837890625,1,-13,11,0.06103515625,-0.79345703125,0.67138671875,1004,2582,-3461,12289,743,170,67.5054931640625,4.0814208984375,0.933837890625,357,3.57,0
95,104615,0.256,288684,256,0,-42,2007,-362,-0.0205078125,0.97998046875,-0.1767578125,-6,-28,6,-0.3662109375,-1.708984375,0.3662109375,-4267,2638,-1244,18362,274,-31100,100.865478515625,1.505126953125,-170.83740234375,347,3.47,0
96,104616,0.258,288686,258,2,-145,1885,785,-0.07080078125,0.92041015625,0.38330078125,1,-14,11,0.06103515625,-0.8544921875,0.67138671875,1009,2595,-3457,12288,743,170,67.5,4.0814208984375,0.933837890625,357,3.57,0
97,104617,0.263,288691,263,0,-42,2014,-367,-0.0205078125,0.9833984375,-0.17919921875,-8,-21,6,-0.48828125,-1.28173828125,0.3662109375,-4245,2645,-1247,18361,274,-31099,100.8599853515625,1.505126953125,-170.8319091796875,347,3.47,0
98,104618,0.265,288693,265,2,-149,1887,783,-0.07275390625,0.92138671875,0.38232421875,-4,-16,11,-0.244140625,-0.9765625,0.67138671875,1032,2612,-3441,12288,743,178,67.5,4.0814208984375,0.977783203125,357,3.57,0
99,104619,0.27,288698,270,0,-34,2014,-369,-0.0166015625,0.9833984375,-0.18017578125,-10,-16,4,-0.6103515625,-0.9765625,0.244140625,-4234,2625,-1292,18361,274,-31099,100.8599853515625,1.505126953125,-170.8319091796875,347,3.47,0
100,104620,0.272,288700,272,2,-150,1888,783,-0.0732421875,0.921875,0.38232421875,-7,-16,12,-0.42724609375,-0.9765625,0.732421875,1027,2628,-3465,12288,743,178,67.5,4.0814208984375,0.977783203125,357,3.57,0
101,104621,0.277,288705,277,0,-34,2014,-369,-0.0166015625,0.9833984375,-0.18017578125,-10,-16,4,-0.6103515625,-0.9765625,0.244140625,-4234,2625,-1292,18361,274,-31099,100.8599853515625,1.505126953125,-170.8319091796875,347,3.47,0
102,104622,0.279,288707,279,2,-151,1890,784,-0.07373046875,0.9228515625,0.3828125,-4,-14,12,-0.244140625,-0.8544921875,0.732421875,1032,2653,-3479,12287,743,178,67.4945068359375,4.0814208984375,0.977783203125,357,3.57,0
103,104623,0.284,288712,284,0,-29,2012,-375,-0.01416015625,0.982421875,-0.18310546875,-13,-9,8,-0.79345703125,-0.54931640625,0.48828125,-4238,2643,-1351,18360,274,-31098,100.8544921875,1.505126953125,-170.826416015625,347,3.47,0
104,104624,0.293,288721,293,2,-150,1891,784,-0.0732421875,0.92333984375,0.3828125,-2,-14,12,-0.1220703125,-0.8544921875,0.732421875,1017,2672,-3484,12287,743,186,67.4945068359375,4.0814208984375,1.021728515625,357,3.57,0
105,104625,0.293,288721,293,0,-28,2012,-374,-0.013671875,0.982421875,-0.1826171875,-14,-6,6,-0.8544921875,-0.3662109375,0.3662109375,-4261,2658,-1358,18360,274,-31098,100.8544921875,1.505126953125,-170.826416015625,347,3.47,0
106,104626,0.293,288721,293,1,32,1975,-463,0.015625,0.96435546875,-0.22607421875,-1,-19,2,-0.06103515625,-1.15966796875,0.1220703125,-175,2405,5101,18767,-113,24210,103.0902099609375,-0.6207275390625,132.989501953125,354,3.54,0
107,104627,0.293,288721,293,2,-148,1892,784,-0.072265625,0.923828125,0.3828125,-3,-13,11,-0.18310546875,-0.79345703125,0.67138671875,1016,2686,-3501,12287,743,186,67.4945068359375,4.0814208984375,1.021728515625,357,3.57,0
108,104628,0.298,288726,298,0,-26,2010,-374,-0.0126953125,0.9814453125,-0.1826171875,-11,-8,8,-0.67138671875,-0.48828125,0.48828125,-4253,2663,-1315,18359,273,-31098,100.8489990234375,1.4996337890625,-170.826416015625,346,3.46,0
109,104629,0.3,288728,300,2,-143,1892,782,-0.06982421875,0.923828125,0.3818359375,-3,-12,9,-0.18310546875,-0.732421875,0.54931640625,997,2683,-3514,12286,743,185,67.489013671875,4.0814208984375,1.0162353515625,357,3.57,0
110,104630,0.305,288733,305,0,-26,2006,-376,-0.0126953125,0.9794921875,-0.18359375,-10,-13,7,-0.6103515625,-0.79345703125,0.42724609375,-4263,2626,-1311,18359,273,-31098,100.8489990234375,1.4996337890625,-170.826416015625,346,3.46,0
111,104631,0.307,288735,307,2,-141,1891,781,-0.06884765625,0.92333984375,0.38134765625,-3,-12,8,-0.18310546875,-0.732421875,0.48828125,1002,2693,-3474,12286,743,193,67.489013671875,4.0814208984375,1.0601806640625,357,3.57,0
112,104632,0.312,288740,312,0,-26,2006,-376,-0.0126953125,0.9794921875,-0.18359375,-10,-13,7,-0.6103515625,-0.79345703125,0.42724609375,-4263,2626,-1311,18359,273,-31098,100.8489990234375,1.4996337890625,-170.826416015625,346,3.46,0
113,104633,0.314,288742,314,2,-139,1889,778,-0.06787109375,0.92236328125,0.3798828125,-3,-12,7,-0.18310546875,-0.732421875,0.42724609375,986,2694,-3512,12286,743,193,67.489013671875,4.0814208984375,1.0601806640625,357,3.57,0
114,104634,0.319,288747,319,0,-28,2010,-379,-0.013671875,0.9814453125,-0.18505859375,-4,-21,8,-0.244140625,-1.28173828125,0.48828125,-4232,2608,-1261,18359,272,-31097,100.8489990234375,1.494140625,-170.8209228515625,346,3.46,0
115,104635,0.321,288749,321,2,-138,1889,778,-0.0673828125,0.92236328125,0.3798828125,-2,-12,7,-0.1220703125,-0.732421875,0.42724609375,992,2690,-3451,12286,743,193,67.489013671875,4.0814208984375,1.0601806640625,357,3.57,0
116,104636,0.326,288754,326,0,-28,2012,-380,-0.013671875,0.982421875,-0.185546875,-5,-27,7,-0.30517578125,-1.64794921875,0.42724609375,-4246,2630,-1242,18359,272,-31097,100.8489990234375,1.494140625,-170.8209228515625,346,3.46,0
117,104637,0.328,288756,328,2,-139,1889,780,-0.06787109375,0.92236328125,0.380859375,-3,-13,7,-0.18310546875,-0.79345703125,0.42724609375,992,2706,-3453,12286,742,200,67.489013671875,4.075927734375,1.0986328125,357,3.57,0
118,104638,0.333,288761,333,0,-31,2012,-377,-0.01513671875,0.982421875,-0.18408203125,-4,-27,7,-0.244140625,-1.64794921875,0.42724609375,-4230,2647,-1197,18359,272,-31097,100.8489990234375,1.494140625,-170.8209228515625,346,3.46,0
119,104639,0.334,288762,334,1,46,1987,-479,0.0224609375,0.97021484375,-0.23388671875,1,-13,4,0.06103515625,-0.79345703125,0.244140625,-205,2395,5193,18767,-114,24211,103.0902099609375,-0.626220703125,132.9949951171875,355,3.55,0
120,104640,0.335,288763,335,2,-140,1890,781,-0.068359375,0.9228515625,0.38134765625,0,-14,8,0.0,-0.8544921875,0.48828125,975,2711,-3434,12285,742,200,67.4835205078125,4.075927734375,1.0986328125,358,3.58,0
121,104641,0.34,288768,340,0,-31,2013,-381,-0.01513671875,0.98291015625,-0.18603515625,-6,-24,7,-0.3662109375,-1.46484375,0.42724609375,-4245,2664,-1214,18358,272,-31096,100.843505859375,1.494140625,-170.8154296875,346,3.46,0
122,104642,0.347,288775,347,0,-31,2013,-381,-0.01513671875,0.98291015625,-0.18603515625,-6,-24,7,-0.3662109375,-1.46484375,0.42724609375,-4245,2664,-1214,18358,272,-31096,100.843505859375,1.494140625,-170.8154296875,346,3.46,0
123,104643,0.349,288777,349,2,-140,1893,782,-0.068359375,0.92431640625,0.3818359375,-4,-13,8,-0.244140625,-0.79345703125,0.48828125,973,2701,-3448,12285,742,207,67.4835205078125,4.075927734375,1.1370849609375,358,3.58,0
124,104644,0.357,288785,357,0,-27,2010,-378,-0.01318359375,0.9814453125,-0.1845703125,-9,-23,3,-0.54931640625,-1.40380859375,0.18310546875,-4261,2621,-1196,18358,272,-31096,100.843505859375,1.494140625,-170.8154296875,346,3.46,0
125,104645,0.357,288785,357,1,41,1986,-472,0.02001953125,0.9697265625,-0.23046875,-3,-13,8,-0.18310546875,-0.79345703125,0.48828125,-187,2426,5184,18767,-115,24212,103.0902099609375,-0.6317138671875,133.00048828125,355,3.55,0
126,104646,0.357,288785,357,2,-141,1893,783,-0.06884765625,0.92431640625,0.38232421875,-6,-13,8,-0.3662109375,-0.79345703125,0.48828125,962,2699,-3454,12284,742,207,67.47802734375,4.075927734375,1.1370849609375,358,3.58,0
127,104647,0.361,288789,361,0,-28,2006,-374,-0.013671875,0.9794921875,-0.1826171875,-9,-22,0,-0.54931640625,-1.3427734375,0.0,-4262,2611,-1193,18357,271,-31096,100.8380126953125,1.4886474609375,-170.8154296875,346,3.46,0
128,104648,0.37,288798,370,1,42,1981,-471,0.0205078125,0.96728515625,-0.22998046875,1,-16,8,0.06103515625,-0.9765625,0.48828125,-182,2441,5240,18767,-115,24212,103.0902099609375,-0.6317138671875,133.00048828125,355,3.55,0
129,104649,0.371,288799,371,2,-146,1891,785,-0.0712890625,0.92333984375,0.38330078125,-2,-12,8,-0.1220703125,-0.732421875,0.48828125,985,2669,-3489,12284,742,214,67.47802734375,4.075927734375,1.175537109375,358,3.58,0
130,104650,0.375,288803,375,0,-21,1994,-373,-0.01025390625,0.9736328125,-0.18212890625,-9,-14,-2,-0.54931640625,-0.8544921875,-0.1220703125,-4273,2580,-1154,18357,271,-31096,100.8380126953125,1.4886474609375,-170.8154296875,346,3.46,0
131,104651,0.376,288804,376,1,48,1976,-460,0.0234375,0.96484375,-0.224609375,0,-20,3,0.0,-1.220703125,0.18310546875,-186,2440,5258,18767,-115,24212,103.0902099609375,-0.6317138671875,133.00048828125,355,3.55,0
132,104652,0.377,288805,377,2,-147,1889,785,-0.07177734375,0.92236328125,0.38330078125,-1,-10,8,-0.06103515625,-0.6103515625,0.48828125,982,2662,-3515,12283,742,214,67.4725341796875,4.075927734375,1.175537109375,358,3.58,0
133,104653,0.382,288810,382,0,-21,1996,-375,-0.01025390625,0.974609375,-0.18310546875,-8,-13,1,-0.48828125,-0.79345703125,0.06103515625,-4296,2565,-1164,18356,270,-31095,100.83251953125,1.483154296875,-170.8099365234375,346,3.46,0
134,104654,0.383,288811,383,1,51,1979,-455,0.02490234375,0.96630859375,-0.22216796875,3,-17,-1,0.18310546875,-1.03759765625,-0.06103515625,-178,2415,5228,18768,-116,24212,103.095703125,-0.63720703125,133.00048828125,355,3.55,0
135,104655,0.384,288812,384,2,-148,1886,785,-0.072265625,0.9208984375,0.38330078125,1,-9,7,0.06103515625,-0.54931640625,0.42724609375,965,2675,-3493,12283,742,214,67.4725341796875,4.075927734375,1.175537109375,358,3.58,0
136,104656,0.389,288817,389,0,-21,2001,-372,-0.01025390625,0.97705078125,-0.181640625,-10,-9,2,-0.6103515625,-0.54931640625,0.1220703125,-4282,2575,-1196,18356,270,-31095,100.83251953125,1.483154296875,-170.8099365234375,347,3.47,0
137,104657,0.391,288819,391,2,-146,1884,783,-0.0712890625,0.919921875,0.38232421875,1,-6,8,0.06103515625,-0.3662109375,0.48828125,953,2683,-3449,12283,742,221,67.4725341796875,4.075927734375,1.2139892578125,358,3.58,0
138,104658,0.396,288824,396,0,-19,1999,-375,-0.00927734375,0.97607421875,-0.18310546875,-5,-1,5,-0.30517578125,-0.06103515625,0.30517578125,-4264,2587,-1209,18356,270,-31095,100.83251953125,1.483154296875,-170.8099365234375,347,3.47,0
139,104659,0.398,288826,398,2,-144,1884,782,-0.0703125,0.919921875,0.3818359375,1,-4,7,0.06103515625,-0.244140625,0.42724609375,957,2680,-3428,12283,741,221,67.4725341796875,4.0704345703125,1.2139892578125,358,3.58,0
140,104660,0.403,288831,403,0,-20,2009,-377,-0.009765625,0.98095703125,-0.18408203125,-6,5,7,-0.3662109375,0.30517578125,0.42724609375,-4221,2579,-1225,18355,269,-31093,100.8270263671875,1.4776611328125,-170.7989501953125,348,3.48,0
141,104661,0.404,288832,404,1,61,1980,-467,0.02978515625,0.966796875,-0.22802734375,3,-15,-6,0.18310546875,-0.91552734375,-0.3662109375,-209,2379,5213,18768,-116,24213,103.095703125,-0.63720703125,133.0059814453125,355,3.55,0
142,104662,0.405,288833,405,2,-142,1886,781,-0.0693359375,0.9208984375,0.38134765625,-2,-3,8,-0.1220703125,-0.18310546875,0.48828125,963,2675,-3392,12283,741,228,67.4725341796875,4.0704345703125,1.25244140625,357,3.57,0
143,104663,0.41,288838,410,0,-17,2012,-382,-0.00830078125,0.982421875,-0.1865234375,-4,7,3,-0.244140625,0.42724609375,0.18310546875,-4224,2587,-1226,18355,269,-31093,100.8270263671875,1.4776611328125,-170.7989501953125,348,3.48,0
144,104664,0.411,288839,411,1,61,1986,-468,0.02978515625,0.9697265625,-0.228515625,7,-16,-4,0.42724609375,-0.9765625,-0.244140625,-218,2372,5209,18768,-116,24213,103.095703125,-0.63720703125,133.0059814453125,355,3.55,0
145,104665,0.412,288840,412,2,-140,1887,781,-0.068359375,0.92138671875,0.38134765625,-4,-3,10,-0.244140625,-0.18310546875,0.6103515625,988,2654,-3410,12283,741,228,67.4725341796875,4.0704345703125,1.25244140625,357,3.57,0
146,104666,0.417,288845,417,0,-19,2009,-385,-0.00927734375,0.98095703125,-0.18798828125,-5,6,7,-0.30517578125,0.3662109375,0.42724609375,-4233,2580,-1196,18355,269,-31093,100.8270263671875,1.4776611328125,-170.7989501953125,348,3.48,0
147,104667,0.418,288846,418,1,63,1990,-476,0.03076171875,0.9716796875,-0.232421875,4,-14,-5,0.244140625,-0.8544921875,-0.30517578125,-222,2391,5180,18768,-117,24213,103.095703125,-0.6427001953125,133.0059814453125,355,3.55,0
148,104668,0.419,288847,419,2,-139,1888,782,-0.06787109375,0.921875,0.3818359375,-6,-2,11,-0.3662109375,-0.1220703125,0.67138671875,1011,2634,-3426,12282,741,227,67.467041015625,4.0704345703125,1.2469482421875,357,3.57,0
149,104669,0.424,288852,424,0,-20,2015,-399,-0.009765625,0.98388671875,-0.19482421875,-10,5,2,-0.6103515625,0.30517578125,0.1220703125,-4217,2588,-1158,18355,268,-31092,100.8270263671875,1.47216796875,-170.79345703125,348,3.48,0
150,104670,0.431,288859,431,1,60,1988,-475,0.029296875,0.970703125,-0.23193359375,3,-13,-6,0.18310546875,-0.79345703125,-0.3662109375,-240,2377,5150,18768,-117,24213,103.095703125,-0.6427001953125,133.0059814453125,355,3.55,0
151,104671,0.431,288859,431,2,-137,1889,782,-0.06689453125,0.92236328125,0.3818359375,-8,-1,13,-0.48828125,-0.06103515625,0.79345703125,970,2624,-3421,12282,741,235,67.467041015625,4.0704345703125,1.2908935546875,357,3.57,0
152,104672,0.431,288859,431,0,-21,2012,-393,-0.01025390625,0.982421875,-0.19189453125,-12,4,2,-0.732421875,0.244140625,0.1220703125,-4221,2577,-1189,18355,268,-31092,100.8270263671875,1.47216796875,-170.79345703125,349,3.49,0
153,104673,0.433,288861,433,2,-138,1890,783,-0.0673828125,0.9228515625,0.38232421875,-7,-1,14,-0.42724609375,-0.06103515625,0.8544921875,980,2640,-3435,12282,741,235,67.467041015625,4.0704345703125,1.2908935546875,356,3.56,0
154,104674,0.438,288866,438,0,-21,2012,-393,-0.01025390625,0.982421875,-0.19189453125,-12,4,2,-0.732421875,0.244140625,0.1220703125,-4221,2577,-1189,18355,268,-31092,100.8270263671875,1.47216796875,-170.79345703125,349,3.49,0
155,104675,0.439,288867,439,1,62,1982,-476,0.0302734375,0.9677734375,-0.232421875,0,0,-1,0.0,0.0,-0.06103515625,-260,2389,5102,18768,-118,24214,103.095703125,-0.648193359375,133.011474609375,355,3.55,0
156,104676,0.44,288868,440,2,-138,1890,784,-0.0673828125,0.9228515625,0.3828125,-4,0,15,-0.244140625,0.0,0.91552734375,1006,2670,-3450,12281,741,234,67.4615478515625,4.0704345703125,1.285400390625,356,3.56,0
157,104677,0.445,288873,445,0,-20,2006,-399,-0.009765625,0.9794921875,-0.19482421875,-9,-4,1,-0.54931640625,-0.244140625,0.06103515625,-4239,2570,-1197,18354,268,-31092,100.821533203125,1.47216796875,-170.79345703125,349,3.49,0
158,104678,0.446,288874,446,1,56,1980,-477,0.02734375,0.966796875,-0.23291015625,2,3,1,0.1220703125,0.18310546875,0.06103515625,-237,2382,5051,18768,-118,24214,103.095703125,-0.648193359375,133.011474609375,355,3.55,0
159,104679,0.447,288875,447,2,-138,1890,785,-0.0673828125,0.9228515625,0.38330078125,-4,0,15,-0.244140625,0.0,0.91552734375,1016,2668,-3462,12281,741,242,67.4615478515625,4.0704345703125,1.329345703125,356,3.56,0
160,104680,0.452,288880,452,0,-19,2000,-397,-0.00927734375,0.9765625,-0.19384765625,-6,-5,2,-0.3662109375,-0.30517578125,0.1220703125,-4232,2553,-1199,18354,268,-31092,100.821533203125,1.47216796875,-170.79345703125,349,3.49,0
161,104681,0.453,288881,453,1,52,1980,-473,0.025390625,0.966796875,-0.23095703125,-6,7,-2,-0.3662109375,0.42724609375,-0.1220703125,-191,2382,5107,18768,-118,24214,103.095703125,-0.648193359375,133.011474609375,355,3.55,0
162,104682,0.454,288882,454,2,-139,1890,785,-0.06787109375,0.9228515625,0.38330078125,-5,1,16,-0.30517578125,0.06103515625,0.9765625,1017,2670,-3458,12281,741,242,67.4615478515625,4.0704345703125,1.329345703125,356,3.56,0
163,104683,0.459,288887,459,0,-20,2002,-390,-0.009765625,0.9775390625,-0.1904296875,1,-13,-1,0.06103515625,-0.79345703125,-0.06103515625,-4244,2550,-1202,18354,267,-31091,100.821533203125,1.4666748046875,-170.7879638671875,349,3.49,0
164,104684,0.46,288888,460,1,47,1982,-472,0.02294921875,0.9677734375,-0.23046875,-4,7,-3,-0.244140625,0.42724609375,-0.18310546875,-179,2388,5104,18768,-119,24214,103.095703125,-0.6536865234375,133.011474609375,355,3.55,0
165,104685,0.461,288889,461,2,-140,1889,786,-0.068359375,0.92236328125,0.3837890625,-6,4,13,-0.3662109375,0.244140625,0.79345703125,1035,2681,-3461,12281,741,242,67.4615478515625,4.0704345703125,1.329345703125,356,3.56,0
166,104686,0.466,288894,466,0,-23,2003,-390,-0.01123046875,0.97802734375,-0.1904296875,-3,-14,3,-0.18310546875,-0.8544921875,0.18310546875,-4238,2579,-1197,18354,267,-31091,100.821533203125,1.4666748046875,-170.7879638671875,349,3.49,0
167,104687,0.467,288895,467,1,45,1977,-471,0.02197265625,0.96533203125,-0.22998046875,-3,5,-5,-0.18310546875,0.30517578125,-0.30517578125,-140,2372,5082,18768,-119,24214,103.095703125,-0.6536865234375,133.011474609375,355,3.55,0
168,104688,0.468,288896,468,2,-141,1888,787,-0.06884765625,0.921875,0.38427734375,-5,5,12,-0.30517578125,0.30517578125,0.732421875,1022,2710,-3432,12280,740,249,67.4560546875,4.06494140625,1.3677978515625,356,3.56,0
169,104689,0.473,288901,473,0,-23,2003,-390,-0.01123046875,0.97802734375,-0.1904296875,-3,-14,3,-0.18310546875,-0.8544921875,0.18310546875,-4238,2579,-1197,18354,267,-31091,100.821533203125,1.4666748046875,-170.7879638671875,349,3.49,0
170,104690,0.474,288902,474,1,42,1982,-469,0.0205078125,0.9677734375,-0.22900390625,0,5,-3,0.0,0.30517578125,-0.18310546875,-134,2363,5096,18768,-119,24214,103.095703125,-0.6536865234375,133.011474609375,355,3.55,0
171,104691,0.475,288903,475,2,-140,1888,788,-0.068359375,0.921875,0.384765625,-1,8,10,-0.06103515625,0.48828125,0.6103515625,1056,2710,-3463,12280,740,249,67.4560546875,4.06494140625,1.3677978515625,356,3.56,0
172,104692,0.48,288908,480,0,-24,2002,-379,-0.01171875,0.9775390625,-0.18505859375,2,-14,0,0.1220703125,-0.8544921875,0.0,-4242,2596,-1267,18353,266,-31090,100.8160400390625,1.461181640625,-170.782470703125,349,3.49,0
173,104693,0.481,288909,481,1,44,1982,-465,0.021484375,0.9677734375,-0.22705078125,1,10,-3,0.06103515625,0.6103515625,-0.18310546875,-135,2381,5116,18769,-120,24214,103.1011962890625,-0.6591796875,133.011474609375,355,3.55,0
174,104694,0.482,288910,482,2,-140,1890,788,-0.068359375,0.9228515625,0.384765625,0,8,10,0.0,0.48828125,0.6103515625,1047,2709,-3459,12280,740,249,67.4560546875,4.06494140625,1.3677978515625,356,3.56,0
175,104695,0.487,288915,487,0,-25,2002,-379,-0.01220703125,0.9775390625,-0.18505859375,2,-11,0,0.1220703125,-0.67138671875,0.0,-4233,2610,-1252,18353,266,-31090,100.8160400390625,1.461181640625,-170.782470703125,349,3.49,0
176,104696,0.488,288916,488,1,38,1987,-462,0.0185546875,0.97021484375,-0.2255859375,-3,12,-6,-0.18310546875,0.732421875,-0.3662109375,-140,2402,5119,18769,-120,24214,103.1011962890625,-0.6591796875,133.011474609375,355,3.55,0
177,104697,0.495,288923,495,2,-139,1892,786,-0.06787109375,0.923828125,0.3837890625,-3,9,10,-0.18310546875,0.54931640625,0.6103515625,1057,2705,-3469,12280,740,256,67.4560546875,4.06494140625,1.40625,356,3.56,0
178,104698,0.495,288923,495,0,-24,2001,-376,-0.01171875,0.97705078125,-0.18359375,4,-6,0,0.244140625,-0.3662109375,0.0,-4208,2624,-1220,18353,266,-31090,100.8160400390625,1.461181640625,-170.782470703125,349,3.49,0
179,104699,0.495,288923,495,1,36,1984,-465,0.017578125,0.96875,-0.22705078125,-6,10,-10,-0.3662109375,0.6103515625,-0.6103515625,-162,2411,5156,18769,-120,24214,103.1011962890625,-0.6591796875,133.011474609375,355,3.55,0
180,104700,0.496,288924,496,2,-137,1895,780,-0.06689453125,0.92529296875,0.380859375,-11,11,10,-0.67138671875,0.67138671875,0.6103515625,1022,2707,-3475,12279,740,256,67.4505615234375,4.06494140625,1.40625,356,3.56,0
181,104701,0.501,288929,501,0,-24,2004,-373,-0.01171875,0.978515625,-0.18212890625,2,-1,3,0.1220703125,-0.06103515625,0.18310546875,-4201,2611,-1227,18353,265,-31089,100.8160400390625,1.4556884765625,-170.7769775390625,349,3.49,0
182,104702,0.502,288930,502,1,34,1979,-464,0.0166015625,0.96630859375,-0.2265625,-7,7,-7,-0.42724609375,0.42724609375,-0.42724609375,-168,2407,5142,18769,-121,24215,103.1011962890625,-0.6646728515625,133.0169677734375,355,3.55,0
183,104703,0.503,288931,503,2,-137,1896,778,-0.06689453125,0.92578125,0.3798828125,-13,13,9,-0.79345703125,0.79345703125,0.54931640625,1021,2700,-3515,12279,740,256,67.4505615234375,4.06494140625,1.40625,356,3.56,0
184,104704,0.508,288936,508,0,-21,2011,-377,-0.01025390625,0.98193359375,-0.18408203125,1,5,4,0.06103515625,0.30517578125,0.244140625,-4217,2625,-1204,18353,265,-31089,100.8160400390625,1.4556884765625,-170.7769775390625,349,3.49,0
185,104705,0.509,288937,509,1,41,1972,-467,0.02001953125,0.962890625,-0.22802734375,6,1,-6,0.3662109375,0.06103515625,-0.3662109375,-145,2394,5120,18769,-121,24215,103.1011962890625,-0.6646728515625,133.0169677734375,355,3.55,0
186,104706,0.51,288938,510,2,-135,1895,778,-0.06591796875,0.92529296875,0.3798828125,-13,15,10,-0.79345703125,0.91552734375,0.6103515625,1011,2717,-3522,12279,740,263,67.4505615234375,4.06494140625,1.4447021484375,356,3.56,0
187,104707,0.515,288943,515,0,-18,2015,-378,-0.0087890625,0.98388671875,-0.1845703125,-8,13,6,-0.48828125,0.79345703125,0.3662109375,-4209,2649,-1169,18353,265,-31089,100.8160400390625,1.4556884765625,-170.7769775390625,349,3.49,0
188,104708,0.516,288944,516,1,40,1971,-463,0.01953125,0.96240234375,-0.22607421875,9,-1,-3,0.54931640625,-0.06103515625,-0.18310546875,-162,2402,5156,18769,-121,24215,103.1011962890625,-0.6646728515625,133.0169677734375,355,3.55,0
189,104709,0.517,288945,517,2,-130,1896,780,-0.0634765625,0.92578125,0.380859375,-13,17,11,-0.79345703125,1.03759765625,0.67138671875,1010,2725,-3508,12278,739,263,67.445068359375,4.0594482421875,1.4447021484375,357,3.57,0
190,104710,0.522,288950,522,0,-17,2014,-379,-0.00830078125,0.9833984375,-0.18505859375,-8,14,5,-0.48828125,0.8544921875,0.30517578125,-4237,2638,-1209,18352,264,-31088,100.810546875,1.4501953125,-170.771484375,349,3.49,0
191,104711,0.523,288951,523,1,44,1978,-464,0.021484375,0.9658203125,-0.2265625,10,4,-11,0.6103515625,0.244140625,-0.67138671875,-150,2408,5136,18769,-121,24215,103.1011962890625,-0.6646728515625,133.0169677734375,355,3.55,0
192,104712,0.533,288961,533,2,-127,1897,781,-0.06201171875,0.92626953125,0.38134765625,-14,19,11,-0.8544921875,1.15966796875,0.67138671875,990,2714,-3517,12278,739,263,67.445068359375,4.0594482421875,1.4447021484375,357,3.57,0
193,104713,0.536,288964,536,0,-23,2016,-381,-0.01123046875,0.984375,-0.18603515625,-11,13,9,-0.67138671875,0.79345703125,0.54931640625,-4231,2612,-1217,18352,264,-31088,100.810546875,1.4501953125,-170.771484375,350,3.5,0
194,104714,0.537,288965,537,1,44,1983,-465,0.021484375,0.96826171875,-0.22705078125,14,1,-12,0.8544921875,0.06103515625,-0.732421875,-145,2405,5138,18769,-121,24215,103.1011962890625,-0.6646728515625,133.0169677734375,355,3.55,0
195,104715,0.538,288966,538,2,-122,1898,781,-0.0595703125,0.9267578125,0.38134765625,-21,29,13,-1.28173828125,1.77001953125,0.79345703125,980,2639,-3417,12278,739,269,67.445068359375,4.0594482421875,1.4776611328125,357,3.57,0
196,104716,0.543,288971,543,0,-22,2014,-383,-0.0107421875,0.9833984375,-0.18701171875,-9,11,7,-0.54931640625,0.67138671875,0.42724609375,-4234,2617,-1204,18352,263,-31087,100.810546875,1.4447021484375,-170.7659912109375,350,3.5,0
197,104717,0.544,288972,544,1,51,1992,-462,0.02490234375,0.97265625,-0.2255859375,10,9,-12,0.6103515625,0.54931640625,-0.732421875,-138,2433,5134,18769,-122,24216,103.1011962890625,-0.670166015625,133.0224609375,355,3.55,0
198,104718,0.545,288973,545,2,-121,1898,783,-0.05908203125,0.9267578125,0.38232421875,-25,31,14,-1.52587890625,1.89208984375,0.8544921875,979,2651,-3417,12278,739,269,67.445068359375,4.0594482421875,1.4776611328125,357,3.57,0
199,104719,0.55,288978,550,0,-25,2015,-380,-0.01220703125,0.98388671875,-0.185546875,-11,6,5,-0.67138671875,0.3662109375,0.30517578125,-4244,2621,-1221,18352,263,-31087,100.810546875,1.4447021484375,-170.7659912109375,350,3.5,0
200,104720,0.551,288979,551,1,46,1993,-467,0.0224609375,0.97314453125,-0.22802734375,7,13,-12,0.42724609375,0.79345703125,-0.732421875,-163,2443,5118,18769,-122,24216,103.1011962890625,-0.670166015625,133.0224609375,355,3.55,0
201,104721,0.552,288980,552,2,-121,1895,789,-0.05908203125,0.92529296875,0.38525390625,-17,37,16,-1.03759765625,2.25830078125,0.9765625,953,2662,-3504,12278,739,276,67.445068359375,4.0594482421875,1.51611328125,357,3.57,0
202,104722,0.557,288985,557,0,-28,2012,-381,-0.013671875,0.982421875,-0.18603515625,-12,3,4,-0.732421875,0.18310546875,0.244140625,-4262,2644,-1215,18352,263,-31087,100.810546875,1.4447021484375,-170.7659912109375,350,3.5,0
203,104723,0.558,288986,558,1,41,1992,-458,0.02001953125,0.97265625,-0.2236328125,-2,19,-12,-0.1220703125,1.15966796875,-0.732421875,-148,2434,5096,18769,-123,24216,103.1011962890625,-0.6756591796875,133.0224609375,355,3.55,0
204,104724,0.559,288987,559,2,-121,1895,790,-0.05908203125,0.92529296875,0.3857421875,-6,38,16,-0.3662109375,2.3193359375,0.9765625,970,2642,-3508,12277,738,276,67.4395751953125,4.053955078125,1.51611328125,357,3.57,0
205,104725,0.564,288992,564,0,-28,2012,-381,-0.013671875,0.982421875,-0.18603515625,-12,3,4,-0.732421875,0.18310546875,0.244140625,-4262,2644,-1215,18352,263,-31087,100.810546875,1.4447021484375,-170.7659912109375,350,3.5,0
206,104726,0.565,288993,565,1,38,1984,-463,0.0185546875,0.96875,-0.22607421875,-3,24,-9,-0.18310546875,1.46484375,-0.54931640625,-163,2440,5113,18769,-123,24216,103.1011962890625,-0.6756591796875,133.0224609375,355,3.55,0
207,104727,0.566,288994,566,2,-126,1895,783,-0.0615234375,0.92529296875,0.38232421875,-5,38,17,-0.30517578125,2.3193359375,1.03759765625,950,2682,-3473,12277,738,283,67.4395751953125,4.053955078125,1.5545654296875,358,3.58,0
208,104728,0.571,288999,571,0,-37,2000,-373,-0.01806640625,0.9765625,-0.18212890625,-12,10,1,-0.732421875,0.6103515625,0.06103515625,-4273,2643,-1288,18351,262,-31087,100.8050537109375,1.439208984375,-170.7659912109375,350,3.5,0
209,104729,0.572,289000,572,1,37,1980,-462,0.01806640625,0.966796875,-0.2255859375,-1,26,-4,-0.06103515625,1.5869140625,-0.244140625,-177,2445,5129,18769,-123,24216,103.1011962890625,-0.6756591796875,133.0224609375,355,3.55,0
210,104730,0.573,289001,573,2,-129,1895,779,-0.06298828125,0.92529296875,0.38037109375,-12,40,17,-0.732421875,2.44140625,1.03759765625,962,2661,-3405,12277,738,283,67.4395751953125,4.053955078125,1.5545654296875,358,3.58,0
211,104731,0.578,289006,578,0,-36,2000,-368,-0.017578125,0.9765625,-0.1796875,-5,13,1,-0.30517578125,0.79345703125,0.06103515625,-4278,2643,-1274,18351,262,-31087,100.8050537109375,1.439208984375,-170.7659912109375,349,3.49,0
212,104732,0.579,289007,579,1,23,1977,-462,0.01123046875,0.96533203125,-0.2255859375,3,22,-6,0.18310546875,1.3427734375,-0.3662109375,-206,2456,5173,18769,-123,24216,103.1011962890625,-0.6756591796875,133.0224609375,355,3.55,0
213,104733,0.58,289008,580,2,-133,1895,776,-0.06494140625,0.92529296875,0.37890625,-20,42,17,-1.220703125,2.5634765625,1.03759765625,941,2674,-3421,12276,738,283,67.43408203125,4.053955078125,1.5545654296875,358,3.58,0
214,104734,0.585,289013,585,0,-44,2009,-375,-0.021484375,0.98095703125,-0.18310546875,1,16,3,0.06103515625,0.9765625,0.18310546875,-4229,2617,-1272,18350,262,-31086,100.799560546875,1.439208984375,-170.760498046875,349,3.49,0
215,104735,0.586,289014,586,1,13,1975,-459,0.00634765625,0.96435546875,-0.22412109375,5,14,-6,0.30517578125,0.8544921875,-0.3662109375,-218,2461,5191,18769,-123,24216,103.1011962890625,-0.6756591796875,133.0224609375,355,3.55,0
216,104736,0.594,289022,594,2,-139,1891,778,-0.06787109375,0.92333984375,0.3798828125,-24,40,18,-1.46484375,2.44140625,1.0986328125,960,2701,-3414,12276,737,289,67.43408203125,4.0484619140625,1.5875244140625,358,3.58,0
217,104737,0.594,289022,594,0,-38,2011,-371,-0.0185546875,0.98193359375,-0.18115234375,-2,23,2,-0.1220703125,1.40380859375,0.1220703125,-4193,2607,-1270,18350,262,-31086,100.799560546875,1.439208984375,-170.760498046875,349,3.49,0
218,104738,0.594,289022,594,1,5,1981,-457,0.00244140625,0.96728515625,-0.22314453125,5,-2,-8,0.30517578125,-0.1220703125,-0.48828125,-233,2474,5244,18769,-123,24216,103.1011962890625,-0.6756591796875,133.0224609375,355,3.55,0
219,104739,0.594,289022,594,2,-140,1889,780,-0.068359375,0.92236328125,0.380859375,-18,40,18,-1.0986328125,2.44140625,1.0986328125,964,2684,-3447,12276,737,289,67.43408203125,4.0484619140625,1.5875244140625,358,3.58,0
220,104740,0.6,289028,600,1,2,1984,-454,0.0009765625,0.96875,-0.2216796875,5,-12,-11,0.30517578125,-0.732421875,-0.67138671875,-229,2460,5255,18769,-123,24217,103.1011962890625,-0.6756591796875,133.0279541015625,355,3.55,0
221,104741,0.601,289029,601,2,-140,1887,780,-0.068359375,0.92138671875,0.380859375,-10,38,19,-0.6103515625,2.3193359375,1.15966796875,967,2678,-3517,12276,737,289,67.43408203125,4.0484619140625,1.5875244140625,357,3.57,0
222,104742,0.606,289034,606,0,-42,2012,-377,-0.0205078125,0.982421875,-0.18408203125,-8,30,2,-0.48828125,1.8310546875,0.1220703125,-4239,2591,-1161,18349,261,-31085,100.7940673828125,1.4337158203125,-170.7550048828125,349,3.49,0
223,104743,0.607,289035,607,1,7,1988,-456,0.00341796875,0.970703125,-0.22265625,5,-13,-12,0.30517578125,-0.79345703125,-0.732421875,-224,2463,5238,18769,-123,24217,103.1011962890625,-0.6756591796875,133.0279541015625,356,3.56,0
224,104744,0.608,289036,608,2,-138,1888,778,-0.0673828125,0.921875,0.3798828125,-14,38,19,-0.8544921875,2.3193359375,1.15966796875,981,2661,-3534,12276,737,296,67.43408203125,4.0484619140625,1.6259765625,357,3.57,0
225,104745,0.613,289041,613,0,-43,2005,-381,-0.02099609375,0.97900390625,-0.18603515625,-6,29,3,-0.3662109375,1.77001953125,0.18310546875,-4252,2587,-1132,18349,261,-31085,100.7940673828125,1.4337158203125,-170.7550048828125,349,3.49,0
226,104746,0.614,289042,614,1,23,1996,-455,0.01123046875,0.974609375,-0.22216796875,7,-17,-20,0.42724609375,-1.03759765625,-1.220703125,-242,2465,5231,18769,-123,24217,103.1011962890625,-0.6756591796875,133.0279541015625,356,3.56,0
227,104747,0.615,289043,615,2,-136,1888,777,-0.06640625,0.921875,0.37939453125,-19,38,19,-1.15966796875,2.3193359375,1.15966796875,999,2653,-3526,12276,737,296,67.43408203125,4.0484619140625,1.6259765625,357,3.57,0
228,104748,0.62,289048,620,0,-43,2004,-386,-0.02099609375,0.978515625,-0.1884765625,-6,16,7,-0.3662109375,0.9765625,0.42724609375,-4254,2596,-1149,18349,261,-31084,100.7940673828125,1.4337158203125,-170.74951171875,349,3.49,0
229,104749,0.621,289049,621,1,28,1997,-458,0.013671875,0.97509765625,-0.2236328125,5,-15,-20,0.30517578125,-0.91552734375,-1.220703125,-232,2446,5204,18769,-123,24217,103.1011962890625,-0.6756591796875,133.0279541015625,356,3.56,0
230,104750,0.622,289050,622,2,-136,1886,780,-0.06640625,0.9208984375,0.380859375,-23,35,19,-1.40380859375,2.13623046875,1.15966796875,1002,2689,-3542,12275,736,296,67.4285888671875,4.04296875,1.6259765625,357,3.57,0
231,104751,0.627,289055,627,0,-44,2005,-381,-0.021484375,0.97900390625,-0.18603515625,-4,10,8,-0.244140625,0.6103515625,0.48828125,-4274,2623,-1123,18349,261,-31084,100.7940673828125,1.4337158203125,-170.74951171875,349,3.49,0
232,104752,0.628,289056,628,1,31,2000,-465,0.01513671875,0.9765625,-0.22705078125,2,-20,-16,0.1220703125,-1.220703125,-0.9765625,-209,2431,5212,18769,-123,24217,103.1011962890625,-0.6756591796875,133.0279541015625,356,3.56,0
233,104753,0.629,289057,629,2,-140,1884,784,-0.068359375,0.919921875,0.3828125,-16,33,19,-0.9765625,2.01416015625,1.15966796875,1007,2673,-3550,12275,736,302,67.4285888671875,4.04296875,1.658935546875,356,3.56,0
234,104754,0.634,289062,634,0,-44,2005,-381,-0.021484375,0.97900390625,-0.18603515625,-4,10,8,-0.244140625,0.6103515625,0.48828125,-4274,2623,-1123,18349,261,-31084,100.7940673828125,1.4337158203125,-170.74951171875,349,3.49,0
235,104755,0.635,289063,635,1,52,1992,-470,0.025390625,0.97265625,-0.2294921875,0,-11,-12,0.0,-0.67138671875,-0.732421875,-207,2425,5220,18769,-123,24217,103.1011962890625,-0.6756591796875,133.0279541015625,356,3.56,0
236,104756,0.636,289064,636,2,-148,1882,790,-0.072265625,0.9189453125,0.3857421875,-3,25,19,-0.18310546875,1.52587890625,1.15966796875,1019,2683,-3527,12274,736,302,67.423095703125,4.04296875,1.658935546875,356,3.56,0
237,104757,0.641,289069,641,0,-52,2011,-369,-0.025390625,0.98193359375,-0.18017578125,-6,2,11,-0.3662109375,0.1220703125,0.67138671875,-4311,2653,-1217,18348,261,-31084,100.78857421875,1.4337158203125,-170.74951171875,349,3.49,0
238,104758,0.643,289071,643,2,-152,1881,791,-0.07421875,0.91845703125,0.38623046875,1,22,19,0.06103515625,1.3427734375,1.15966796875,1028,2686,-3537,12274,736,302,67.423095703125,4.04296875,1.658935546875,356,3.56,0
239,104759,0.648,289076,648,0,-56,2009,-366,-0.02734375,0.98095703125,-0.1787109375,-7,0,11,-0.42724609375,0.0,0.67138671875,-4303,2676,-1235,18348,261,-31084,100.78857421875,1.4337158203125,-170.74951171875,349,3.49,0
240,104760,0.65,289078,650,2,-155,1881,790,-0.07568359375,0.91845703125,0.3857421875,3,17,18,0.18310546875,1.03759765625,1.0986328125,1002,2647,-3532,12274,736,309,67.423095703125,4.04296875,1.6973876953125,356,3.56,0
241,104761,0.658,289086,658,0,-66,2016,-359,-0.0322265625,0.984375,-0.17529296875,-1,0,16,-0.06103515625,0.0,0.9765625,-4294,2663,-1238,18348,261,-31084,100.78857421875,1.4337158203125,-170.74951171875,348,3.48,0
242,104762,0.658,289086,658,1,64,2000,-491,0.03125,0.9765625,-0.23974609375,9,-10,13,0.54931640625,-0.6103515625,0.79345703125,-183,2407,5209,18769,-123,24217,103.1011962890625,-0.6756591796875,133.0279541015625,356,3.56,0
243,104763,0.658,289086,658,2,-163,1884,788,-0.07958984375,0.919921875,0.384765625,-2,6,16,-0.1220703125,0.3662109375,0.9765625,996,2672,-3532,12274,736,309,67.423095703125,4.04296875,1.6973876953125,356,3.56,0
244,104764,0.663,289091,663,1,50,2002,-491,0.0244140625,0.9775390625,-0.23974609375,3,-14,16,0.18310546875,-0.8544921875,0.9765625,-161,2399,5211,18770,-124,24217,103.106689453125,-0.68115234375,133.0279541015625,356,3.56,0
245,104765,0.664,289092,664,2,-166,1886,787,-0.0810546875,0.9208984375,0.38427734375,-5,-1,15,-0.30517578125,-0.06103515625,0.91552734375,983,2651,-3527,12274,736,309,67.423095703125,4.04296875,1.6973876953125,356,3.56,0
246,104766,0.669,289097,669,0,-79,2021,-357,-0.03857421875,0.98681640625,-0.17431640625,0,-2,14,0.0,-0.1220703125,0.8544921875,-4293,2640,-1235,18347,261,-31083,100.7830810546875,1.4337158203125,-170.7440185546875,348,3.48,0
247,104767,0.671,289099,671,2,-169,1888,787,-0.08251953125,0.921875,0.38427734375,-5,-7,12,-0.30517578125,-0.42724609375,0.732421875,972,2612,-3517,12274,736,315,67.423095703125,4.04296875,1.7303466796875,356,3.56,0
248,104768,0.676,289104,676,0,-85,2022,-350,-0.04150390625,0.9873046875,-0.1708984375,-5,-10,10,-0.30517578125,-0.6103515625,0.6103515625,-4271,2667,-1267,18347,261,-31083,100.7830810546875,1.4337158203125,-170.7440185546875,348,3.48,0
249,104769,0.677,289105,677,1,26,1986,-480,0.0126953125,0.9697265625,-0.234375,0,-28,22,0.0,-1.708984375,1.3427734375,-158,2419,5203,18770,-124,24217,103.106689453125,-0.68115234375,133.0279541015625,356,3.56,0
250,104770,0.678,289106,678,2,-173,1887,788,-0.08447265625,0.92138671875,0.384765625,-2,-19,7,-0.1220703125,-1.15966796875,0.42724609375,995,2644,-3521,12273,736,315,67.4176025390625,4.04296875,1.7303466796875,356,3.56,0
251,104771,0.683,289111,683,0,-86,2020,-353,-0.0419921875,0.986328125,-0.17236328125,-8,-19,10,-0.48828125,-1.15966796875,0.6103515625,-4259,2665,-1245,18346,261,-31083,100.777587890625,1.4337158203125,-170.7440185546875,348,3.48,0
252,104772,0.684,289112,684,1,15,1981,-467,0.00732421875,0.96728515625,-0.22802734375,-11,-23,23,-0.67138671875,-1.40380859375,1.40380859375,-163,2410,5165,18770,-124,24217,103.106689453125,-0.68115234375,133.0279541015625,356,3.56,0
253,104773,0.685,289113,685,2,-172,1885,788,-0.083984375,0.92041015625,0.384765625,0,-24,4,0.0,-1.46484375,0.244140625,991,2658,-3510,12273,736,315,67.4176025390625,4.04296875,1.7303466796875,356,3.56,0
254,104774,0.69,289118,690,0,-83,2014,-350,-0.04052734375,0.9833984375,-0.1708984375,-15,-34,9,-0.91552734375,-2.0751953125,0.54931640625,-4273,2641,-1167,18346,261,-31084,100.777587890625,1.4337158203125,-170.74951171875,348,3.48,0
255,104775,0.691,289119,691,1,16,1979,-466,0.0078125,0.96630859375,-0.2275390625,-13,-23,18,-0.79345703125,-1.40380859375,1.0986328125,-169,2407,5163,18770,-124,24217,103.106689453125,-0.68115234375,133.0279541015625,356,3.56,0
256,104776,0.703,289131,703,2,-167,1879,788,-0.08154296875,0.91748046875,0.384765625,3,-34,-3,0.18310546875,-2.0751953125,-0.18310546875,984,2678,-3481,12273,736,322,67.4176025390625,4.04296875,1.768798828125,356,3.56,0
257,104777,0.704,289132,704,0,-78,2004,-352,-0.0380859375,0.978515625,-0.171875,-19,-47,7,-1.15966796875,-2.86865234375,0.42724609375,-4250,2650,-1203,18344,262,-31088,100.7666015625,1.439208984375,-170.771484375,348,3.48,0
258,104778,0.705,289133,705,1,6,1980,-474,0.0029296875,0.966796875,-0.2314453125,-16,-33,16,-0.9765625,-2.01416015625,0.9765625,-163,2420,5155,18770,-124,24217,103.106689453125,-0.68115234375,133.0279541015625,357,3.57,0
259,104779,0.706,289134,706,2,-159,1878,790,-0.07763671875,0.9169921875,0.3857421875,0,-38,-8,0.0,-2.3193359375,-0.48828125,987,2667,-3532,12272,736,322,67.412109375,4.04296875,1.768798828125,356,3.56,0
260,104780,0.711,289139,711,0,-73,2005,-350,-0.03564453125,0.97900390625,-0.1708984375,-18,-53,9,-1.0986328125,-3.23486328125,0.54931640625,-4230,2660,-1194,18343,263,-31092,100.7611083984375,1.4447021484375,-170.79345703125,348,3.48,0
261,104781,0.712,289140,712,1,-1,1979,-476,-0.00048828125,0.96630859375,-0.232421875,-15,-38,16,-0.91552734375,-2.3193359375,0.9765625,-184,2425,5167,18770,-124,24217,103.106689453125,-0.68115234375,133.0279541015625,357,3.57,0
262,104782,0.713,289141,713,2,-155,1879,790,-0.07568359375,0.91748046875,0.3857421875,-1,-45,-11,-0.06103515625,-2.74658203125,-0.67138671875,980,2707,-3494,12272,736,328,67.412109375,4.04296875,1.8017578125,355,3.55,0
263,104783,0.718,289146,718,0,-73,2005,-351,-0.03564453125,0.97900390625,-0.17138671875,-18,-58,12,-1.0986328125,-3.5400390625,0.732421875,-4226,2665,-1207,18342,263,-31094,100.755615234375,1.4447021484375,-170.804443359375,348,3.48,0
264,104784,0.719,289147,719,1,1,1972,-489,0.00048828125,0.962890625,-0.23876953125,-8,-47,15,-0.48828125,-2.86865234375,0.91552734375,-180,2438,5179,18771,-124,24218,103.1121826171875,-0.68115234375,133.033447265625,357,3.57,0
265,104785,0.72,289148,720,2,-155,1878,790,-0.07568359375,0.9169921875,0.3857421875,0,-47,-13,0.0,-2.86865234375,-0.79345703125,975,2702,-3477,12271,737,328,67.4066162109375,4.0484619140625,1.8017578125,355,3.55,0
266,104786,0.725,289153,725,0,-73,2005,-351,-0.03564453125,0.97900390625,-0.17138671875,-18,-58,12,-1.0986328125,-3.5400390625,0.732421875,-4226,2665,-1207,18342,263,-31094,100.755615234375,1.4447021484375,-170.804443359375,348,3.48,0
267,104787,0.726,289154,726,1,2,1970,-494,0.0009765625,0.9619140625,-0.2412109375,-10,-50,17,-0.6103515625,-3.0517578125,1.03759765625,-154,2439,5201,18771,-124,24218,103.1121826171875,-0.68115234375,133.033447265625,357,3.57,0
268,104788,0.727,289155,727,2,-158,1878,792,-0.0771484375,0.9169921875,0.38671875,4,-54,-13,0.244140625,-3.2958984375,-0.79345703125,971,2691,-3533,12271,737,334,67.4066162109375,4.0484619140625,1.834716796875,355,3.55,0
269,104789,0.732,289160,732,0,-67,2008,-355,-0.03271484375,0.98046875,-0.17333984375,-24,-61,11,-1.46484375,-3.72314453125,0.67138671875,-4250,2661,-1209,18339,264,-31103,100.7391357421875,1.4501953125,-170.8538818359375,348,3.48,0
270,104790,0.733,289161,733,1,6,1971,-490,0.0029296875,0.96240234375,-0.2392578125,-8,-50,15,-0.48828125,-3.0517578125,0.91552734375,-172,2445,5178,18771,-124,24218,103.1121826171875,-0.68115234375,133.033447265625,357,3.57,0
271,104791,0.734,289162,734,2,-159,1878,792,-0.07763671875,0.9169921875,0.38671875,8,-57,-13,0.48828125,-3.47900390625,-0.79345703125,947,2701,-3554,12271,737,334,67.4066162109375,4.0484619140625,1.834716796875,355,3.55,0
272,104792,0.739,289167,739,0,-62,2006,-366,-0.0302734375,0.9794921875,-0.1787109375,-26,-61,12,-1.5869140625,-3.72314453125,0.732421875,-4239,2663,-1193,18338,264,-31105,100.733642578125,1.4501953125,-170.8648681640625,348,3.48,0
273,104793,0.74,289168,740,1,24,1971,-487,0.01171875,0.96240234375,-0.23779296875,-7,-49,14,-0.42724609375,-2.99072265625,0.8544921875,-154,2462,5176,18771,-124,24218,103.1121826171875,-0.68115234375,133.033447265625,357,3.57,0
274,104794,0.741,289169,741,2,-160,1878,790,-0.078125,0.9169921875,0.3857421875,10,-60,-13,0.6103515625,-3.662109375,-0.79345703125,945,2708,-3570,12270,737,334,67.401123046875,4.0484619140625,1.834716796875,355,3.55,0
275,104795,0.746,289174,746,0,-50,2003,-385,-0.0244140625,0.97802734375,-0.18798828125,-19,-56,11,-1.15966796875,-3.41796875,0.67138671875,-4245,2674,-1218,18336,264,-31110,100.72265625,1.4501953125,-170.892333984375,348,3.48,0
276,104796,0.748,289176,748,2,-160,1881,785,-0.078125,0.91845703125,0.38330078125,6,-62,-12,0.3662109375,-3.7841796875,-0.732421875,965,2758,-3559,12270,737,340,67.401123046875,4.0484619140625,1.86767578125,355,3.55,0
277,104797,0.753,289181,753,0,-45,1998,-392,-0.02197265625,0.9755859375,-0.19140625,-16,-54,11,-0.9765625,-3.2958984375,0.67138671875,-4248,2672,-1223,18336,264,-31112,100.72265625,1.4501953125,-170.9033203125,348,3.48,0
278,104798,0.754,289182,754,1,39,1972,-493,0.01904296875,0.962890625,-0.24072265625,3,-56,13,0.18310546875,-3.41796875,0.79345703125,-159,2399,5180,18771,-124,24218,103.1121826171875,-0.68115234375,133.033447265625,357,3.57,0
279,104799,0.761,289189,761,2,-159,1883,782,-0.07763671875,0.91943359375,0.3818359375,4,-63,-11,0.244140625,-3.84521484375,-0.67138671875,960,2779,-3538,12270,737,340,67.401123046875,4.0484619140625,1.86767578125,355,3.55,0
280,104800,0.761,289189,761,0,-45,1998,-392,-0.02197265625,0.9755859375,-0.19140625,-16,-54,11,-0.9765625,-3.2958984375,0.67138671875,-4248,2672,-1223,18336,264,-31112,100.72265625,1.4501953125,-170.9033203125,348,3.48,0
281,104801,0.761,289189,761,1,45,1978,-494,0.02197265625,0.9658203125,-0.2412109375,7,-58,11,0.42724609375,-3.5400390625,0.67138671875,-182,2411,5180,18772,-124,24219,103.11767578125,-0.68115234375,133.0389404296875,357,3.57,0
282,104802,0.762,289190,762,2,-153,1888,781,-0.07470703125,0.921875,0.38134765625,-1,-63,-10,-0.06103515625,-3.84521484375,-0.6103515625,961,2749,-3526,12269,737,340,67.3956298828125,4.0484619140625,1.86767578125,355,3.55,0
283,104803,0.768,289196,768,1,52,1982,-490,0.025390625,0.9677734375,-0.2392578125,7,-58,11,0.42724609375,-3.5400390625,0.67138671875,-164,2392,5208,18772,-124,24219,103.11767578125,-0.68115234375,133.0389404296875,357,3.57,0
284,104804,0.769,289197,769,2,-149,1891,783,-0.07275390625,0.92333984375,0.38232421875,-1,-62,-11,-0.06103515625,-3.7841796875,-0.67138671875,967,2752,-3488,12269,737,347,67.3956298828125,4.0484619140625,1.9061279296875,355,3.55,0
285,104805,0.774,289202,774,0,-14,2018,-411,-0.0068359375,0.9853515625,-0.20068359375,-5,-54,14,-0.30517578125,-3.2958984375,0.8544921875,-4238,2660,-1208,18335,265,-31121,100.7171630859375,1.4556884765625,-170.9527587890625,348,3.48,0
286,104806,0.775,289203,775,1,62,1993,-484,0.0302734375,0.97314453125,-0.236328125,2,-52,9,0.1220703125,-3.173828125,0.54931640625,-203,2381,5196,18772,-124,24219,103.11767578125,-0.68115234375,133.0389404296875,357,3.57,0
287,104807,0.776,289204,776,2,-146,1894,785,-0.0712890625,0.9248046875,0.38330078125,1,-63,-11,0.06103515625,-3.84521484375,-0.67138671875,977,2739,-3463,12269,737,347,67.3956298828125,4.0484619140625,1.9061279296875,355,3.55,0
288,104808,0.781,289209,781,0,-7,2018,-407,-0.00341796875,0.9853515625,-0.19873046875,-11,-57,10,-0.67138671875,-3.47900390625,0.6103515625,-4236,2638,-1170,18335,266,-31125,100.7171630859375,1.461181640625,-170.9747314453125,349,3.49,0
289,104809,0.782,289210,782,1,64,1994,-479,0.03125,0.9736328125,-0.23388671875,7,-53,11,0.42724609375,-3.23486328125,0.67138671875,-220,2389,5230,18773,-124,24219,103.1231689453125,-0.68115234375,133.0389404296875,357,3.57,0
290,104810,0.783,289211,783,2,-141,1901,787,-0.06884765625,0.92822265625,0.38427734375,0,-61,-10,0.0,-3.72314453125,-0.6103515625,966,2720,-3495,12269,737,346,67.3956298828125,4.0484619140625,1.900634765625,355,3.55,0
291,104811,0.788,289216,788,0,0,2017,-400,0.0,0.98486328125,-0.1953125,-11,-62,11,-0.67138671875,-3.7841796875,0.67138671875,-4231,2630,-1179,18335,266,-31128,100.7171630859375,1.461181640625,-170.9912109375,349,3.49,0
292,104812,0.789,289217,789,1,70,1996,-473,0.0341796875,0.974609375,-0.23095703125,5,-45,11,0.30517578125,-2.74658203125,0.67138671875,-205,2372,5236,18773,-124,24219,103.1231689453125,-0.68115234375,133.0389404296875,357,3.57,0
293,104813,0.79,289218,790,2,-140,1905,787,-0.068359375,0.93017578125,0.38427734375,-2,-60,-10,-0.1220703125,-3.662109375,-0.6103515625,972,2709,-3514,12269,737,353,67.3956298828125,4.0484619140625,1.9390869140625,355,3.55,0
294,104814,0.795,289223,795,0,8,2013,-400,0.00390625,0.98291015625,-0.1953125,-11,-63,7,-0.67138671875,-3.84521484375,0.42724609375,-4248,2636,-1161,18334,267,-31131,100.711669921875,1.4666748046875,-171.0076904296875,349,3.49,0
295,104815,0.796,289224,796,1,74,1997,-459,0.0361328125,0.97509765625,-0.22412109375,3,-31,10,0.18310546875,-1.89208984375,0.6103515625,-175,2382,5250,18772,-124,24218,103.11767578125,-0.68115234375,133.033447265625,357,3.57,0
296,104816,0.797,289225,797,2,-139,1907,787,-0.06787109375,0.93115234375,0.38427734375,-5,-59,-10,-0.30517578125,-3.60107421875,-0.6103515625,990,2692,-3514,12269,737,353,67.3956298828125,4.0484619140625,1.9390869140625,355,3.55,0
297,104817,0.803,289231,803,1,72,1994,-457,0.03515625,0.9736328125,-0.22314453125,-4,-27,9,-0.244140625,-1.64794921875,0.54931640625,-165,2370,5247,18772,-125,24217,103.11767578125,-0.6866455078125,133.0279541015625,357,3.57,0
298,104818,0.804,289232,804,2,-137,1906,790,-0.06689453125,0.9306640625,0.3857421875,-8,-51,-8,-0.48828125,-3.11279296875,-0.48828125,1000,2692,-3489,12268,737,353,67.39013671875,4.0484619140625,1.9390869140625,355,3.55,0
299,104819,0.809,289237,809,0,15,2009,-389,0.00732421875,0.98095703125,-0.18994140625,-6,-73,7,-0.3662109375,-4.45556640625,0.42724609375,-4265,2623,-1208,18334,269,-31141,100.711669921875,1.4776611328125,-171.0626220703125,350,3.5,0
300,104820,0.81,289238,810,1,71,1986,-450,0.03466796875,0.9697265625,-0.2197265625,-13,-30,8,-0.79345703125,-1.8310546875,0.48828125,-154,2369,5219,18770,-125,24214,103.106689453125,-0.6866455078125,133.011474609375,357,3.57,0
301,104821,0.811,289239,811,2,-136,1901,794,-0.06640625,0.92822265625,0.3876953125,-5,-45,-7,-0.30517578125,-2.74658203125,-0.42724609375,995,2676,-3527,12268,737,359,67.39013671875,4.0484619140625,1.9720458984375,355,3.55,0
302,104822,0.817,289245,817,1,70,1983,-452,0.0341796875,0.96826171875,-0.220703125,-11,-31,9,-0.67138671875,-1.89208984375,0.54931640625,-154,2369,5197,18769,-125,24213,103.1011962890625,-0.6866455078125,133.0059814453125,357,3.57,0
303,104823,0.818,289246,818,2,-136,1893,803,-0.06640625,0.92431640625,0.39208984375,12,-41,-6,0.732421875,-2.50244140625,-0.3662109375,1000,2670,-3534,12267,737,359,67.3846435546875,4.0484619140625,1.9720458984375,355,3.55,0
304,104824,0.825,289253,825,0,17,2003,-374,0.00830078125,0.97802734375,-0.1826171875,-10,-80,7,-0.6103515625,-4.8828125,0.42724609375,-4268,2628,-1197,18334,270,-31147,100.711669921875,1.483154296875,-171.0955810546875,350,3.5,0
305,104825,0.825,289253,825,1,73,1980,-453,0.03564453125,0.966796875,-0.22119140625,-13,-32,9,-0.79345703125,-1.953125,0.54931640625,-125,2375,5190,18768,-125,24211,103.095703125,-0.6866455078125,132.9949951171875,357,3.57,0
306,104826,0.825,289253,825,2,-137,1889,804,-0.06689453125,0.92236328125,0.392578125,20,-37,-5,1.220703125,-2.25830078125,-0.30517578125,999,2681,-3522,12267,737,359,67.3846435546875,4.0484619140625,1.9720458984375,355,3.55,0
307,104827,0.831,289259,831,1,73,1973,-462,0.03564453125,0.96337890625,-0.2255859375,-11,-38,14,-0.67138671875,-2.3193359375,0.8544921875,-155,2377,5205,18767,-126,24208,103.0902099609375,-0.692138671875,132.978515625,357,3.57,0
308,104828,0.832,289260,832,2,-138,1886,802,-0.0673828125,0.9208984375,0.3916015625,23,-34,-5,1.40380859375,-2.0751953125,-0.30517578125,999,2683,-3556,12267,737,365,67.3846435546875,4.0484619140625,2.0050048828125,355,3.55,0
309,104829,0.837,289265,837,0,13,1999,-372,0.00634765625,0.97607421875,-0.181640625,-13,-75,7,-0.79345703125,-4.57763671875,0.42724609375,-4256,2621,-1213,18332,272,-31157,100.70068359375,1.494140625,-171.1505126953125,350,3.5,0
310,104830,0.838,289266,838,1,71,1975,-464,0.03466796875,0.96435546875,-0.2265625,-9,-34,14,-0.54931640625,-2.0751953125,0.8544921875,-118,2375,5200,18766,-126,24207,103.084716796875,-0.692138671875,132.9730224609375,357,3.57,0
311,104831,0.839,289267,839,2,-140,1885,794,-0.068359375,0.92041015625,0.3876953125,13,-32,-3,0.79345703125,-1.953125,-0.18310546875,1010,2704,-3520,12266,737,365,67.379150390625,4.0484619140625,2.0050048828125,355,3.55,0
312,104832,0.845,289273,845,1,70,1979,-465,0.0341796875,0.96630859375,-0.22705078125,1,-26,12,0.06103515625,-1.5869140625,0.732421875,-145,2374,5192,18766,-127,24204,103.084716796875,-0.6976318359375,132.95654296875,357,3.57,0
313,104833,0.846,289274,846,2,-140,1886,790,-0.068359375,0.9208984375,0.3857421875,1,-30,-3,0.06103515625,-1.8310546875,-0.18310546875,1000,2708,-3510,12266,737,365,67.379150390625,4.0484619140625,2.0050048828125,355,3.55,0
314,104834,0.852,289280,852,1,65,1988,-467,0.03173828125,0.970703125,-0.22802734375,0,-23,9,0.0,-1.40380859375,0.54931640625,-148,2369,5181,18766,-127,24203,103.084716796875,-0.6976318359375,132.9510498046875,357,3.57,0
315,104835,0.853,289281,853,2,-137,1883,791,-0.06689453125,0.91943359375,0.38623046875,-12,-27,-1,-0.732421875,-1.64794921875,-0.06103515625,988,2689,-3526,12266,737,371,67.379150390625,4.0484619140625,2.0379638671875,355,3.55,0
316,104836,0.859,289287,859,1,58,1986,-475,0.0283203125,0.9697265625,-0.23193359375,2,-23,8,0.1220703125,-1.40380859375,0.48828125,-132,2378,5189,18766,-127,24202,103.084716796875,-0.6976318359375,132.945556640625,357,3.57,0
317,104837,0.86,289288,860,2,-135,1881,793,-0.06591796875,0.91845703125,0.38720703125,-10,-24,0,-0.6103515625,-1.46484375,0.0,965,2690,-3518,12265,736,371,67.3736572265625,4.04296875,2.0379638671875,355,3.55,0
318,104838,0.866,289294,866,1,51,1994,-475,0.02490234375,0.9736328125,-0.23193359375,1,-18,8,0.06103515625,-1.0986328125,0.48828125,-108,2369,5211,18765,-127,24201,103.0792236328125,-0.6976318359375,132.9400634765625,357,3.57,0
319,104839,0.867,289295,867,2,-134,1879,795,-0.0654296875,0.91748046875,0.38818359375,-7,-22,0,-0.42724609375,-1.3427734375,0.0,968,2683,-3520,12265,736,371,67.3736572265625,4.04296875,2.0379638671875,355,3.55,0
320,104840,0.88,289308,880,0,0,2011,-379,0.0,0.98193359375,-0.18505859375,-24,0,12,-1.46484375,0.0,0.732421875,-4230,2638,-1258,18326,271,-31163,100.667724609375,1.4886474609375,-171.1834716796875,351,3.51,0
321,104841,0.881,289309,881,1,51,2002,-464,0.02490234375,0.9775390625,-0.2265625,-8,9,4,-0.48828125,0.54931640625,0.244140625,-106,2367,5185,18763,-128,24203,103.0682373046875,-0.703125,132.9510498046875,357,3.57,0
322,104842,0.881,289309,881,2,-136,1880,796,-0.06640625,0.91796875,0.388671875,-4,-16,1,-0.244140625,-0.9765625,0.06103515625,951,2685,-3555,12264,736,377,67.3681640625,4.04296875,2.0709228515625,355,3.55,0
323,104843,0.887,289315,887,1,44,1997,-463,0.021484375,0.97509765625,-0.22607421875,-12,12,7,-0.732421875,0.732421875,0.42724609375,-118,2357,5184,18762,-129,24204,103.062744140625,-0.7086181640625,132.95654296875,357,3.57,0
324,104844,0.888,289316,888,2,-140,1885,795,-0.068359375,0.92041015625,0.38818359375,-5,-12,2,-0.30517578125,-0.732421875,0.1220703125,964,2679,-3518,12264,736,383,67.3681640625,4.04296875,2.1038818359375,355,3.55,0
325,104845,0.894,289322,894,1,44,1997,-459,0.021484375,0.97509765625,-0.22412109375,-16,16,6,-0.9765625,0.9765625,0.3662109375,-109,2382,5174,18761,-130,24205,103.0572509765625,-0.714111328125,132.9620361328125,357,3.57,0
326,104846,0.895,289323,895,2,-142,1887,795,-0.0693359375,0.92138671875,0.38818359375,-3,-11,4,-0.18310546875,-0.67138671875,0.244140625,955,2705,-3522,12264,736,383,67.3681640625,4.04296875,2.1038818359375,355,3.55,0
327,104847,0.9,289328,900,0,-31,2009,-386,-0.01513671875,0.98095703125,-0.1884765625,-26,3,8,-1.5869140625,0.18310546875,0.48828125,-4200,2673,-1198,18322,269,-31158,100.645751953125,1.4776611328125,-171.156005859375,349,3.49,0
328,104848,0.901,289329,901,1,39,1983,-445,0.01904296875,0.96826171875,-0.21728515625,-29,19,3,-1.77001953125,1.15966796875,0.18310546875,-129,2405,5190,18757,-131,24208,103.0352783203125,-0.7196044921875,132.978515625,356,3.56,0
329,104849,0.902,289330,902,2,-145,1888,795,-0.07080078125,0.921875,0.38818359375,-1,-10,5,-0.06103515625,-0.6103515625,0.30517578125,943,2709,-3539,12263,736,383,67.3626708984375,4.04296875,2.1038818359375,355,3.55,0
330,104850,0.908,289336,908,1,44,1980,-444,0.021484375,0.966796875,-0.216796875,-26,16,1,-1.5869140625,0.9765625,0.06103515625,-136,2384,5215,18756,-131,24209,103.02978515625,-0.7196044921875,132.9840087890625,356,3.56,0
331,104851,0.909,289337,909,2,-147,1889,792,-0.07177734375,0.92236328125,0.38671875,-2,-8,9,-0.1220703125,-0.48828125,0.54931640625,949,2696,-3524,12263,736,389,67.3626708984375,4.04296875,2.1368408203125,355,3.55,0
332,104852,0.915,289343,915,1,41,1972,-445,0.02001953125,0.962890625,-0.21728515625,-27,16,-1,-1.64794921875,0.9765625,-0.06103515625,-134,2375,5214,18754,-131,24210,103.018798828125,-0.7196044921875,132.989501953125,356,3.56,0
333,104853,0.916,289344,916,2,-147,1890,791,-0.07177734375,0.9228515625,0.38623046875,-4,-6,10,-0.244140625,-0.3662109375,0.6103515625,940,2713,-3519,12263,736,389,67.3626708984375,4.04296875,2.1368408203125,355,3.55,0
334,104854,0.921,289349,921,0,-42,2007,-384,-0.0205078125,0.97998046875,-0.1875,-25,-7,0,-1.52587890625,-0.42724609375,0.0,-4199,2679,-1199,18318,270,-31157,100.623779296875,1.483154296875,-171.1505126953125,349,3.49,0
335,104855,0.922,289350,922,1,46,1973,-454,0.0224609375,0.96337890625,-0.2216796875,-20,7,-4,-1.220703125,0.42724609375,-0.244140625,-133,2394,5216,18755,-136,24212,103.0242919921875,-0.7470703125,133.00048828125,356,3.56,0
336,104856,0.923,289351,923,2,-146,1887,791,-0.0712890625,0.92138671875,0.38623046875,0,-2,15,0.0,-0.1220703125,0.91552734375,950,2713,-3502,12262,736,389,67.357177734375,4.04296875,2.1368408203125,355,3.55,0
337,104857,0.928,289356,928,0,-40,2004,-384,-0.01953125,0.978515625,-0.1875,-17,-7,-7,-1.03759765625,-0.42724609375,-0.42724609375,-4172,2643,-1223,18316,272,-31155,100.61279296875,1.494140625,-171.1395263671875,348,3.48,0
338,104858,0.929,289357,929,1,50,1974,-456,0.0244140625,0.9638671875,-0.22265625,-15,1,-3,-0.91552734375,0.06103515625,-0.18310546875,-125,2404,5226,18755,-136,24212,103.0242919921875,-0.7470703125,133.00048828125,356,3.56,0
339,104859,0.93,289358,930,2,-147,1886,792,-0.07177734375,0.9208984375,0.38671875,0,-2,17,0.0,-0.1220703125,1.03759765625,957,2740,-3466,12262,735,395,67.357177734375,4.0374755859375,2.1697998046875,355,3.55,0
340,104860,0.937,289365,937,0,-37,2008,-388,-0.01806640625,0.98046875,-0.189453125,-14,-6,-6,-0.8544921875,-0.3662109375,-0.3662109375,-4179,2650,-1212,18316,272,-31155,100.61279296875,1.494140625,-171.1395263671875,348,3.48,0
341,104861,0.937,289365,937,1,61,1981,-475,0.02978515625,0.96728515625,-0.23193359375,-3,0,-10,-0.18310546875,0.0,-0.6103515625,-145,2413,5245,18755,-136,24212,103.0242919921875,-0.7470703125,133.00048828125,356,3.56,0
342,104862,0.937,289365,937,2,-146,1884,793,-0.0712890625,0.919921875,0.38720703125,-1,-2,19,-0.06103515625,-0.1220703125,1.15966796875,973,2730,-3476,12262,735,395,67.357177734375,4.0374755859375,2.1697998046875,355,3.55,0
343,104863,0.943,289371,943,1,66,1985,-481,0.0322265625,0.96923828125,-0.23486328125,4,0,-7,0.244140625,0.0,-0.42724609375,-126,2405,5294,18755,-138,24212,103.0242919921875,-0.758056640625,133.00048828125,356,3.56,0
344,104864,0.944,289372,944,2,-144,1881,797,-0.0703125,0.91845703125,0.38916015625,-4,0,21,-0.244140625,0.0,1.28173828125,983,2700,-3502,12262,735,394,67.357177734375,4.0374755859375,2.164306640625,355,3.55,0
345,104865,0.949,289377,949,0,-36,2008,-381,-0.017578125,0.98046875,-0.18603515625,-8,-2,-5,-0.48828125,-0.1220703125,-0.30517578125,-4191,2595,-1223,18316,274,-31153,100.61279296875,1.505126953125,-171.1285400390625,348,3.48,0
346,104866,0.95,289378,950,1,66,1991,-485,0.0322265625,0.97216796875,-0.23681640625,5,3,-6,0.30517578125,0.18310546875,-0.3662109375,-143,2427,5256,18755,-138,24212,103.0242919921875,-0.758056640625,133.00048828125,356,3.56,0
347,104867,0.951,289379,951,2,-143,1879,800,-0.06982421875,0.91748046875,0.390625,-3,0,21,-0.18310546875,0.0,1.28173828125,984,2691,-3506,12261,735,400,67.3516845703125,4.0374755859375,2.197265625,355,3.55,0
348,104868,0.958,289386,958,2,-143,1877,803,-0.06982421875,0.91650390625,0.39208984375,2,1,21,0.1220703125,0.06103515625,1.28173828125,984,2710,-3530,12261,735,400,67.3516845703125,4.0374755859375,2.197265625,355,3.55,0
349,104869,0.964,289392,964,1,73,2008,-483,0.03564453125,0.98046875,-0.23583984375,-6,10,3,-0.3662109375,0.6103515625,0.18310546875,-171,2422,5250,18755,-139,24213,103.0242919921875,-0.7635498046875,133.0059814453125,356,3.56,0
350,104870,0.965,289393,965,2,-145,1875,804,-0.07080078125,0.91552734375,0.392578125,9,1,20,0.54931640625,0.06103515625,1.220703125,982,2690,-3545,12260,735,400,67.34619140625,4.0374755859375,2.197265625,355,3.55,0
351,104871,0.97,289398,970,0,-30,2013,-379,-0.0146484375,0.98291015625,-0.18505859375,-13,-4,-7,-0.79345703125,-0.244140625,-0.42724609375,-4196,2581,-1197,18315,277,-31149,100.6072998046875,1.5216064453125,-171.1065673828125,347,3.47,0
352,104872,0.971,289399,971,1,79,2008,-475,0.03857421875,0.98046875,-0.23193359375,-17,21,10,-1.03759765625,1.28173828125,0.6103515625,-136,2436,5208,18754,-140,24214,103.018798828125,-0.76904296875,133.011474609375,356,3.56,0
353,104873,0.972,289400,972,2,-147,1874,803,-0.07177734375,0.9150390625,0.39208984375,10,2,18,0.6103515625,0.1220703125,1.0986328125,994,2704,-3531,12260,735,406,67.34619140625,4.0374755859375,2.230224609375,355,3.55,0
354,104874,0.977,289405,977,0,-30,2013,-379,-0.0146484375,0.98291015625,-0.18505859375,-13,-4,-7,-0.79345703125,-0.244140625,-0.42724609375,-4196,2581,-1197,18315,277,-31149,100.6072998046875,1.5216064453125,-171.1065673828125,347,3.47,0
355,104875,0.978,289406,978,1,78,2008,-460,0.0380859375,0.98046875,-0.224609375,-25,28,10,-1.52587890625,1.708984375,0.6103515625,-131,2427,5216,18752,-141,24216,103.0078125,-0.7745361328125,133.0224609375,356,3.56,0
356,104876,0.979,289407,979,2,-154,1871,804,-0.0751953125,0.91357421875,0.392578125,13,0,14,0.79345703125,0.0,0.8544921875,993,2669,-3570,12259,735,406,67.3406982421875,4.0374755859375,2.230224609375,355,3.55,0
357,104877,0.984,289412,984,0,-25,2020,-375,-0.01220703125,0.986328125,-0.18310546875,-18,-27,-3,-1.0986328125,-1.64794921875,-0.18310546875,-4211,2596,-1189,18306,269,-31142,100.557861328125,1.4776611328125,-171.068115234375,348,3.48,0
358,104878,0.985,289413,985,1,75,2004,-457,0.03662109375,0.978515625,-0.22314453125,-24,31,13,-1.46484375,1.89208984375,0.79345703125,-127,2409,5217,18750,-142,24218,102.996826171875,-0.780029296875,133.033447265625,355,3.55,0
359,104879,0.986,289414,986,2,-158,1870,806,-0.0771484375,0.9130859375,0.3935546875,14,-2,13,0.8544921875,-0.1220703125,0.79345703125,986,2677,-3566,12259,735,406,67.3406982421875,4.0374755859375,2.230224609375,355,3.55,0
360,104880,0.991,289419,991,0,-29,2024,-378,-0.01416015625,0.98828125,-0.1845703125,-26,-36,-4,-1.5869140625,-2.197265625,-0.244140625,-4206,2607,-1188,18306,270,-31142,100.557861328125,1.483154296875,-171.068115234375,348,3.48,0
361,104881,0.992,289420,992,1,74,1999,-446,0.0361328125,0.97607421875,-0.2177734375,-41,29,17,-2.50244140625,1.77001953125,1.03759765625,-124,2411,5158,18745,-145,24222,102.9693603515625,-0.7965087890625,133.055419921875,355,3.55,0
362,104882,0.993,289421,993,2,-162,1870,808,-0.0791015625,0.9130859375,0.39453125,16,-5,12,0.9765625,-0.30517578125,0.732421875,985,2702,-3566,12259,735,412,67.3406982421875,4.0374755859375,2.26318359375,355,3.55,0
363,104883,1.001,289429,1001,1,72,1999,-445,0.03515625,0.97607421875,-0.21728515625,-47,27,16,-2.86865234375,1.64794921875,0.9765625,-158,2408,5130,18742,-146,24223,102.952880859375,-0.802001953125,133.0609130859375,355,3.55,0
364,104884,1.016,289444,1016,2,-170,1875,808,-0.0830078125,0.91552734375,0.39453125,25,-10,7,1.52587890625,-0.6103515625,0.42724609375,951,2714,-3573,12258,735,412,67.335205078125,4.0374755859375,2.26318359375,356,3.56,0
365,104885,1.016,289444,1016,2,-166,1891,800,-0.0810546875,0.92333984375,0.390625,-1,-21,11,-0.06103515625,-1.28173828125,0.67138671875,960,2690,-3512,12258,735,418,67.335205078125,4.0374755859375,2.296142578125,356,3.56,0
366,104886,1.019,289447,1019,0,-6,2001,-354,-0.0029296875,0.97705078125,-0.1728515625,-42,-22,-15,-2.5634765625,-1.3427734375,-0.91552734375,-4224,2586,-1180,18292,279,-31148,100.48095703125,1.5325927734375,-171.10107421875,349,3.49,0
367,104887,1.02,289448,1020,1,49,1985,-467,0.02392578125,0.96923828125,-0.22802734375,-41,3,11,-2.50244140625,0.18310546875,0.67138671875,-123,2396,5179,18730,-149,24227,102.886962890625,-0.8184814453125,133.0828857421875,355,3.55,0
368,104888,1.021,289449,1021,2,-160,1892,799,-0.078125,0.923828125,0.39013671875,-5,-22,13,-0.30517578125,-1.3427734375,0.79345703125,954,2702,-3533,12257,736,418,67.3297119140625,4.04296875,2.296142578125,356,3.56,0
369,104889,1.027,289455,1027,1,47,1982,-483,0.02294921875,0.9677734375,-0.23583984375,-43,9,10,-2.62451171875,0.54931640625,0.6103515625,-118,2401,5179,18725,-151,24228,102.8594970703125,-0.8294677734375,133.08837890625,355,3.55,0
370,104890,1.028,289456,1028,2,-154,1892,800,-0.0751953125,0.923828125,0.390625,-8,-23,16,-0.48828125,-1.40380859375,0.9765625,942,2727,-3526,12257,736,418,67.3297119140625,4.04296875,2.296142578125,356,3.56,0
371,104891,1.033,289461,1033,0,-1,2007,-362,-0.00048828125,0.97998046875,-0.1767578125,-37,33,-12,-2.25830078125,2.01416015625,-0.732421875,-4218,2603,-1217,18287,281,-31142,100.4534912109375,1.5435791015625,-171.068115234375,349,3.49,0
372,104892,1.034,289462,1034,1,43,1985,-496,0.02099609375,0.96923828125,-0.2421875,-46,13,10,-2.8076171875,0.79345703125,0.6103515625,-114,2389,5160,18722,-151,24229,102.843017578125,-0.8294677734375,133.0938720703125,355,3.55,0
373,104893,1.035,289463,1035,2,-145,1890,805,-0.07080078125,0.9228515625,0.39306640625,-6,-19,20,-0.3662109375,-1.15966796875,1.220703125,930,2721,-3534,12257,735,423,67.3297119140625,4.0374755859375,2.3236083984375,356,3.56,0
374,104894,1.042,289470,1042,2,-143,1888,806,-0.06982421875,0.921875,0.3935546875,5,-16,18,0.30517578125,-0.9765625,1.0986328125,927,2702,-3535,12256,736,423,67.32421875,4.04296875,2.3236083984375,356,3.56,0
375,104895,1.047,289475,1047,0,-4,2008,-366,-0.001953125,0.98046875,-0.1787109375,-32,35,-8,-1.953125,2.13623046875,-0.48828125,-4208,2611,-1195,18285,281,-31139,100.4425048828125,1.5435791015625,-171.0516357421875,349,3.49,0
376,104896,1.048,289476,1048,1,33,1961,-506,0.01611328125,0.95751953125,-0.2470703125,-30,26,15,-1.8310546875,1.5869140625,0.91552734375,-118,2361,5198,18716,-154,24234,102.81005859375,-0.845947265625,133.121337890625,355,3.55,0
377,104897,1.049,289477,1049,2,-139,1890,802,-0.06787109375,0.9228515625,0.3916015625,14,-15,15,0.8544921875,-0.91552734375,0.91552734375,959,2660,-3541,12256,735,429,67.32421875,4.0374755859375,2.3565673828125,356,3.56,0
378,104898,1.055,289483,1055,1,27,1959,-507,0.01318359375,0.95654296875,-0.24755859375,-28,25,17,-1.708984375,1.52587890625,1.03759765625,-115,2381,5208,18714,-155,24235,102.799072265625,-0.8514404296875,133.1268310546875,355,3.55,0
379,104899,1.056,289484,1056,2,-137,1892,799,-0.06689453125,0.923828125,0.39013671875,8,-14,12,0.48828125,-0.8544921875,0.732421875,944,2644,-3562,12256,735,429,67.32421875,4.0374755859375,2.3565673828125,356,3.56,0
380,104900,1.066,289494,1066,0,-8,2026,-348,-0.00390625,0.9892578125,-0.169921875,-48,7,1,-2.9296875,0.42724609375,0.06103515625,-4228,2604,-1215,18278,281,-31132,100.404052734375,1.5435791015625,-171.01318359375,349,3.49,0
381,104901,1.066,289494,1066,1,33,1973,-502,0.01611328125,0.96337890625,-0.2451171875,-26,44,16,-1.5869140625,2.685546875,0.9765625,-96,2374,5205,18711,-158,24240,102.7825927734375,-0.867919921875,133.154296875,355,3.55,0
382,104902,1.066,289494,1066,2,-135,1893,798,-0.06591796875,0.92431640625,0.3896484375,3,-14,11,0.18310546875,-0.8544921875,0.67138671875,945,2668,-3553,12255,736,429,67.3187255859375,4.04296875,2.3565673828125,356,3.56,0
383,104903,1.069,289497,1069,1,32,1980,-494,0.015625,0.966796875,-0.2412109375,-27,46,17,-1.64794921875,2.8076171875,1.03759765625,-90,2381,5165,18709,-160,24243,102.7716064453125,-0.87890625,133.1707763671875,355,3.55,0
384,104904,1.076,289504,1076,2,-137,1891,799,-0.06689453125,0.92333984375,0.39013671875,8,-21,9,0.48828125,-1.28173828125,0.54931640625,926,2665,-3560,12255,735,434,67.3187255859375,4.0374755859375,2.384033203125,356,3.56,0
385,104905,1.076,289504,1076,0,-21,1998,-354,-0.01025390625,0.9755859375,-0.1728515625,-63,-2,-3,-3.84521484375,-0.1220703125,-0.18310546875,-4235,2599,-1175,18268,282,-31130,100.34912109375,1.549072265625,-171.002197265625,349,3.49,0
386,104906,1.076,289504,1076,1,23,1990,-491,0.01123046875,0.9716796875,-0.23974609375,-19,43,19,-1.15966796875,2.62451171875,1.15966796875,-91,2381,5148,18708,-161,24245,102.76611328125,-0.8843994140625,133.1817626953125,355,3.55,0
387,104907,1.077,289505,1077,2,-136,1889,800,-0.06640625,0.92236328125,0.390625,8,-25,10,0.48828125,-1.52587890625,0.6103515625,934,2673,-3551,12255,735,434,67.3187255859375,4.0374755859375,2.384033203125,356,3.56,0
388,104908,1.083,289511,1083,1,16,2054,-493,0.0078125,1.0029296875,-0.24072265625,-24,35,17,-1.46484375,2.13623046875,1.03759765625,-109,2368,5156,18705,-164,24249,102.7496337890625,-0.90087890625,133.2037353515625,355,3.55,0
389,104909,1.084,289512,1084,2,-134,1888,801,-0.0654296875,0.921875,0.39111328125,-1,-26,10,-0.06103515625,-1.5869140625,0.6103515625,939,2671,-3538,12254,735,434,67.313232421875,4.0374755859375,2.384033203125,356,3.56,0
390,104910,1.09,289518,1090,1,11,2074,-486,0.00537109375,1.0126953125,-0.2373046875,-34,28,12,-2.0751953125,1.708984375,0.732421875,-99,2375,5139,18702,-165,24251,102.733154296875,-0.9063720703125,133.2147216796875,355,3.55,0
391,104911,1.091,289519,1091,2,-134,1879,809,-0.0654296875,0.91748046875,0.39501953125,-8,-34,13,-0.48828125,-2.0751953125,0.79345703125,945,2682,-3524,12254,735,439,67.313232421875,4.0374755859375,2.4114990234375,357,3.57,0
392,104912,1.096,289524,1096,0,-34,1968,-366,-0.0166015625,0.9609375,-0.1787109375,-25,-34,7,-1.52587890625,-2.0751953125,0.42724609375,-4326,2644,-1137,18261,284,-31132,100.3106689453125,1.56005859375,-171.01318359375,349,3.49,0
393,104913,1.097,289525,1097,1,4,2071,-458,0.001953125,1.01123046875,-0.2236328125,-57,17,21,-3.47900390625,1.03759765625,1.28173828125,-93,2394,5155,18695,-168,24253,102.6947021484375,-0.9228515625,133.2257080078125,355,3.55,0
394,104914,1.098,289526,1098,2,-137,1873,814,-0.06689453125,0.91455078125,0.3974609375,-2,-38,16,-0.1220703125,-2.3193359375,0.9765625,964,2680,-3519,12254,735,439,67.313232421875,4.0374755859375,2.4114990234375,357,3.57,0
395,104915,1.104,289532,1104,1,3,2056,-453,0.00146484375,1.00390625,-0.22119140625,-81,21,28,-4.94384765625,1.28173828125,1.708984375,-100,2389,5193,18690,-170,24254,102.667236328125,-0.933837890625,133.231201171875,355,3.55,0
396,104916,1.105,289533,1105,2,-153,1865,823,-0.07470703125,0.91064453125,0.40185546875,17,-50,23,1.03759765625,-3.0517578125,1.40380859375,960,2698,-3571,12252,735,439,67.30224609375,4.0374755859375,2.4114990234375,357,3.57,0
397,104917,1.11,289538,1110,0,-67,2009,-378,-0.03271484375,0.98095703125,-0.1845703125,2,-70,39,0.1220703125,-4.2724609375,2.38037109375,-4338,2650,-1145,18261,282,-31141,100.3106689453125,1.549072265625,-171.0626220703125,350,3.5,0
398,104918,1.111,289539,1111,1,9,2026,-431,0.00439453125,0.9892578125,-0.21044921875,-85,36,30,-5.18798828125,2.197265625,1.8310546875,-109,2413,5173,18685,-172,24257,102.6397705078125,-0.94482421875,133.2476806640625,355,3.55,0
399,104919,1.112,289540,1112,2,-160,1865,825,-0.078125,0.91064453125,0.40283203125,28,-59,27,1.708984375,-3.60107421875,1.64794921875,986,2710,-3576,12253,734,438,67.3077392578125,4.031982421875,2.406005859375,357,3.57,0
400,104920,1.117,289545,1117,0,-74,2027,-376,-0.0361328125,0.98974609375,-0.18359375,4,-91,48,0.244140625,-5.55419921875,2.9296875,-4335,2625,-1143,18262,280,-31146,100.316162109375,1.5380859375,-171.090087890625,350,3.5,0
401,104921,1.118,289546,1118,1,-11,1995,-437,-0.00537109375,0.97412109375,-0.21337890625,-96,32,40,-5.859375,1.953125,2.44140625,-175,2380,5110,18675,-177,24260,102.5848388671875,-0.9722900390625,133.26416015625,355,3.55,0
402,104922,1.119,289547,1119,2,-163,1867,826,-0.07958984375,0.91162109375,0.4033203125,32,-64,31,1.953125,-3.90625,1.89208984375,969,2709,-3554,12255,731,435,67.3187255859375,4.0155029296875,2.3895263671875,357,3.57,0
403,104923,1.125,289553,1125,1,-13,1977,-430,-0.00634765625,0.96533203125,-0.2099609375,-86,20,40,-5.2490234375,1.220703125,2.44140625,-160,2374,5136,18670,-179,24261,102.557373046875,-0.9832763671875,133.2696533203125,355,3.55,0
404,104924,1.126,289554,1126,2,-155,1875,820,-0.07568359375,0.91552734375,0.400390625,30,-80,41,1.8310546875,-4.8828125,2.50244140625,947,2712,-3511,12259,725,428,67.3406982421875,3.9825439453125,2.35107421875,357,3.57,0
405,104925,1.132,289560,1132,1,-10,1973,-445,-0.0048828125,0.96337890625,-0.21728515625,-81,-4,35,-4.94384765625,-0.244140625,2.13623046875,-167,2348,5108,18660,-183,24260,102.50244140625,-1.0052490234375,133.26416015625,355,3.55,0
406,104926,1.139,289567,1139,2,-143,1879,817,-0.06982421875,0.91748046875,0.39892578125,24,-86,43,1.46484375,-5.2490234375,2.62451171875,965,2716,-3478,12260,722,424,67.34619140625,3.966064453125,2.3291015625,357,3.57,0
407,104927,1.139,289567,1139,1,-8,1973,-453,-0.00390625,0.96337890625,-0.22119140625,-94,-14,31,-5.7373046875,-0.8544921875,1.89208984375,-178,2346,5124,18655,-184,24259,102.4749755859375,-1.0107421875,133.2586669921875,355,3.55,0
408,104928,1.14,289568,1140,2,-119,1884,816,-0.05810546875,0.919921875,0.3984375,17,-88,42,1.03759765625,-5.37109375,2.5634765625,978,2720,-3466,12262,715,417,67.357177734375,3.9276123046875,2.2906494140625,357,3.57,0
409,104929,1.145,289573,1145,0,-58,2050,-331,-0.0283203125,1.0009765625,-0.16162109375,-114,-142,34,-6.9580078125,-8.6669921875,2.0751953125,-4336,2597,-1138,18241,275,-31187,100.2008056640625,1.5106201171875,-171.3153076171875,350,3.5,0
410,104930,1.146,289574,1146,1,-9,1971,-466,-0.00439453125,0.96240234375,-0.2275390625,-97,-32,32,-5.92041015625,-1.953125,1.953125,-192,2359,5117,18649,-186,24257,102.4420166015625,-1.021728515625,133.2476806640625,355,3.55,0
411,104931,1.147,289575,1147,2,-107,1883,818,-0.05224609375,0.91943359375,0.3994140625,20,-94,40,1.220703125,-5.7373046875,2.44140625,995,2705,-3449,12263,712,412,67.3626708984375,3.9111328125,2.26318359375,357,3.57,0
412,104932,1.153,289581,1153,1,5,1956,-465,0.00244140625,0.955078125,-0.22705078125,-91,-48,44,-5.55419921875,-2.9296875,2.685546875,-215,2381,5106,18638,-190,24252,102.381591796875,-1.043701171875,133.22021484375,355,3.55,0
413,104933,1.154,289582,1154,2,-98,1882,820,-0.0478515625,0.9189453125,0.400390625,30,-91,33,1.8310546875,-5.55419921875,2.01416015625,989,2695,-3479,12265,709,408,67.3736572265625,3.8946533203125,2.2412109375,357,3.57,0
414,104934,1.16,289588,1160,1,17,1956,-466,0.00830078125,0.955078125,-0.2275390625,-94,-33,50,-5.7373046875,-2.01416015625,3.0517578125,-213,2384,5113,18633,-192,24250,102.3541259765625,-1.0546875,133.209228515625,355,3.55,0
415,104935,1.167,289595,1167,1,16,1962,-481,0.0078125,0.9580078125,-0.23486328125,-94,-15,56,-5.7373046875,-0.91552734375,3.41796875,-195,2355,5147,18622,-197,24248,102.293701171875,-1.0821533203125,133.1982421875,355,3.55,0
416,104936,1.168,289596,1168,2,-86,1878,815,-0.0419921875,0.9169921875,0.39794921875,46,-86,23,2.8076171875,-5.2490234375,1.40380859375,980,2705,-3450,12272,701,396,67.412109375,3.8507080078125,2.17529296875,357,3.57,0
417,104937,1.174,289602,1174,1,7,1953,-481,0.00341796875,0.95361328125,-0.23486328125,-73,-19,50,-4.45556640625,-1.15966796875,3.0517578125,-202,2364,5153,18618,-200,24247,102.271728515625,-1.0986328125,133.1927490234375,355,3.55,0
418,104938,1.175,289603,1175,2,-80,1880,804,-0.0390625,0.91796875,0.392578125,35,-77,15,2.13623046875,-4.69970703125,0.91552734375,997,2675,-3450,12276,697,388,67.43408203125,3.8287353515625,2.13134765625,357,3.57,0
419,104939,1.181,289609,1181,1,-7,1943,-481,-0.00341796875,0.94873046875,-0.23486328125,-53,-26,56,-3.23486328125,-1.5869140625,3.41796875,-179,2377,5170,18615,-203,24245,102.2552490234375,-1.1151123046875,133.1817626953125,355,3.55,0
420,104940,1.182,289610,1182,2,-77,1881,799,-0.03759765625,0.91845703125,0.39013671875,28,-69,8,1.708984375,-4.21142578125,0.48828125,1002,2655,-3430,12277,696,385,67.4395751953125,3.8232421875,2.1148681640625,357,3.57,0
421,104941,1.187,289615,1187,0,-114,2046,-392,-0.0556640625,0.9990234375,-0.19140625,-142,-28,-5,-8.6669921875,-1.708984375,-0.30517578125,-4320,2659,-1191,18181,276,-31213,99.8712158203125,1.51611328125,-171.4581298828125,349,3.49,0
422,104942,1.188,289616,1188,1,-12,1950,-475,-0.005859375,0.9521484375,-0.23193359375,-76,-49,67,-4.638671875,-2.99072265625,4.08935546875,-174,2396,5176,18606,-209,24239,102.205810546875,-1.1480712890625,133.1488037109375,355,3.55,0
423,104943,1.189,289617,1189,2,-75,1882,798,-0.03662109375,0.9189453125,0.3896484375,24,-61,3,1.46484375,-3.72314453125,0.18310546875,989,2637,-3441,12279,695,382,67.4505615234375,3.8177490234375,2.098388671875,357,3.57,0
424,104944,1.195,289623,1195,1,-3,1949,-461,-0.00146484375,0.95166015625,-0.22509765625,-93,-52,60,-5.67626953125,-3.173828125,3.662109375,-182,2398,5125,18601,-211,24235,102.1783447265625,-1.1590576171875,133.1268310546875,355,3.55,0
425,104945,1.196,289624,1196,2,-66,1891,803,-0.0322265625,0.92333984375,0.39208984375,35,-50,-14,2.13623046875,-3.0517578125,-0.8544921875,992,2625,-3402,12283,696,376,67.4725341796875,3.8232421875,2.0654296875,357,3.57,0
426,104946,1.203,289631,1203,0,-122,2037,-409,-0.0595703125,0.99462890625,-0.19970703125,-114,-14,-31,-6.9580078125,-0.8544921875,-1.89208984375,-4263,2623,-1246,18161,282,-31213,99.7613525390625,1.549072265625,-171.4581298828125,348,3.48,0
427,104947,1.203,289631,1203,1,-16,1931,-449,-0.0078125,0.94287109375,-0.21923828125,-78,-66,57,-4.7607421875,-4.0283203125,3.47900390625,-156,2380,5108,18597,-213,24232,102.1563720703125,-1.1700439453125,133.1103515625,355,3.55,0
428,104948,1.204,289632,1204,2,-62,1896,799,-0.0302734375,0.92578125,0.39013671875,43,-45,-19,2.62451171875,-2.74658203125,-1.15966796875,984,2635,-3415,12285,697,373,67.4835205078125,3.8287353515625,2.0489501953125,357,3.57,0
429,104949,1.209,289637,1209,1,-2,1948,-444,-0.0009765625,0.951171875,-0.216796875,-66,-87,55,-4.0283203125,-5.31005859375,3.35693359375,-172,2371,5152,18590,-217,24222,102.117919921875,-1.1920166015625,133.055419921875,355,3.55,0
430,104950,1.21,289638,1210,2,-56,1904,782,-0.02734375,0.9296875,0.3818359375,21,-37,-33,1.28173828125,-2.25830078125,-2.01416015625,964,2661,-3458,12288,699,367,67.5,3.8397216796875,2.0159912109375,358,3.58,0
431,104951,1.215,289643,1215,0,-99,2025,-395,-0.04833984375,0.98876953125,-0.19287109375,-102,-27,-47,-6.2255859375,-1.64794921875,-2.86865234375,-4245,2589,-1189,18146,291,-31213,99.678955078125,1.5985107421875,-171.4581298828125,348,3.48,0
432,104952,1.216,289644,1216,1,8,1963,-429,0.00390625,0.95849609375,-0.20947265625,-72,-85,43,-4.39453125,-5.18798828125,2.62451171875,-184,2371,5182,18585,-218,24217,102.0904541015625,-1.197509765625,133.0279541015625,355,3.55,0
433,104953,1.217,289645,1217,2,-56,1905,776,-0.02734375,0.93017578125,0.37890625,7,-34,-37,0.42724609375,-2.0751953125,-2.25830078125,965,2677,-3499,12288,701,365,67.5,3.8507080078125,2.0050048828125,358,3.58,0
434,104954,1.222,289650,1222,0,-84,2016,-377,-0.041015625,0.984375,-0.18408203125,-103,-28,-48,-6.28662109375,-1.708984375,-2.9296875,-4257,2555,-1195,18140,294,-31213,99.64599609375,1.614990234375,-171.4581298828125,348,3.48,0
435,104955,1.223,289651,1223,1,27,1986,-434,0.01318359375,0.9697265625,-0.2119140625,-54,-82,24,-3.2958984375,-5.0048828125,1.46484375,-176,2390,5249,18579,-219,24209,102.0574951171875,-1.2030029296875,132.9840087890625,355,3.55,0
436,104956,1.224,289652,1224,2,-57,1902,775,-0.02783203125,0.9287109375,0.37841796875,-2,-30,-41,-0.1220703125,-1.8310546875,-2.50244140625,947,2653,-3488,12288,703,362,67.5,3.8616943359375,1.988525390625,358,3.58,0
437,104957,1.229,289657,1229,0,-64,2013,-344,-0.03125,0.98291015625,-0.16796875,-106,-24,-43,-6.4697265625,-1.46484375,-2.62451171875,-4237,2561,-1199,18129,299,-31213,99.5855712890625,1.6424560546875,-171.4581298828125,348,3.48,0
438,104958,1.23,289658,1230,1,31,1999,-441,0.01513671875,0.97607421875,-0.21533203125,-47,-90,21,-2.86865234375,-5.4931640625,1.28173828125,-170,2382,5265,18576,-220,24204,102.041015625,-1.20849609375,132.95654296875,355,3.55,0
439,104959,1.231,289659,1231,2,-63,1892,784,-0.03076171875,0.923828125,0.3828125,13,-21,-44,0.79345703125,-1.28173828125,-2.685546875,955,2656,-3479,12289,708,358,67.5054931640625,3.88916015625,1.966552734375,358,3.58,0
440,104960,1.237,289665,1237,1,35,2007,-450,0.01708984375,0.97998046875,-0.2197265625,-48,-97,29,-2.9296875,-5.92041015625,1.77001953125,-159,2391,5217,18573,-220,24199,102.0245361328125,-1.20849609375,132.9290771484375,354,3.54,0
441,104961,1.238,289666,1238,2,-68,1890,786,-0.033203125,0.9228515625,0.3837890625,21,-19,-43,1.28173828125,-1.15966796875,-2.62451171875,945,2647,-3518,12291,711,356,67.5164794921875,3.9056396484375,1.95556640625,358,3.58,0
442,104962,1.244,289672,1244,1,43,2010,-443,0.02099609375,0.9814453125,-0.21630859375,-67,-86,40,-4.08935546875,-5.2490234375,2.44140625,-127,2380,5217,18566,-223,24189,101.986083984375,-1.2249755859375,132.8741455078125,354,3.54,0
443,104963,1.245,289673,1245,2,-75,1890,785,-0.03662109375,0.9228515625,0.38330078125,21,-15,-42,1.28173828125,-0.91552734375,-2.5634765625,952,2643,-3520,12292,713,355,67.52197265625,3.9166259765625,1.9500732421875,359,3.59,0
444,104964,1.25,289678,1250,0,-39,2034,-298,-0.01904296875,0.9931640625,-0.1455078125,-122,0,-14,-7.4462890625,0.0,-0.8544921875,-4248,2612,-1175,18104,306,-31211,99.4482421875,1.680908203125,-171.4471435546875,347,3.47,0
445,104965,1.251,289679,1251,1,30,2004,-443,0.0146484375,0.978515625,-0.21630859375,-68,-87,50,-4.150390625,-5.31005859375,3.0517578125,-118,2376,5221,18562,-224,24184,101.964111328125,-1.23046875,132.8466796875,354,3.54,0
446,104966,1.252,289680,1252,2,-87,1892,783,-0.04248046875,0.923828125,0.38232421875,3,-10,-37,0.18310546875,-0.6103515625,-2.25830078125,974,2594,-3531,12293,718,352,67.5274658203125,3.944091796875,1.93359375,359,3.59,0
447,104967,1.258,289686,1258,1,32,1971,-416,0.015625,0.96240234375,-0.203125,-21,-75,56,-1.28173828125,-4.57763671875,3.41796875,-71,2393,5234,18558,-228,24176,101.942138671875,-1.25244140625,132.802734375,354,3.54,0
448,104968,1.271,289699,1271,2,-94,1895,785,-0.0458984375,0.92529296875,0.38330078125,3,-8,-33,0.18310546875,-0.48828125,-2.01416015625,983,2567,-3535,12293,720,350,67.5274658203125,3.955078125,1.922607421875,359,3.59,0
449,104969,1.271,289699,1271,0,-44,2034,-302,-0.021484375,0.9931640625,-0.1474609375,-145,12,-10,-8.85009765625,0.732421875,-0.6103515625,-4244,2572,-1126,18075,308,-31205,99.2889404296875,1.69189453125,-171.4141845703125,347,3.47,0
450,104970,1.272,289700,1272,1,16,1976,-428,0.0078125,0.96484375,-0.208984375,-41,-99,75,-2.50244140625,-6.04248046875,4.57763671875,-55,2346,5250,18553,-234,24165,101.9146728515625,-1.285400390625,132.7423095703125,354,3.54,0
451,104971,1.273,289701,1273,2,-102,1893,799,-0.0498046875,0.92431640625,0.39013671875,22,9,-21,1.3427734375,0.54931640625,-1.28173828125,960,2558,-3558,12296,725,349,67.5439453125,3.9825439453125,1.9171142578125,359,3.59,0
452,104972,1.278,289706,1278,0,-49,2033,-308,-0.02392578125,0.99267578125,-0.150390625,-147,8,-11,-8.97216796875,0.48828125,-0.67138671875,-4251,2584,-1140,18067,309,-31203,99.2449951171875,1.6973876953125,-171.4031982421875,347,3.47,0
453,104973,1.279,289707,1279,1,25,1963,-405,0.01220703125,0.95849609375,-0.19775390625,-57,-101,64,-3.47900390625,-6.16455078125,3.90625,-61,2304,5198,18546,-238,24153,101.876220703125,-1.307373046875,132.6763916015625,354,3.54,0
454,104974,1.28,289708,1280,2,-102,1894,802,-0.0498046875,0.9248046875,0.3916015625,30,15,-19,1.8310546875,0.91552734375,-1.15966796875,951,2576,-3559,12299,727,350,67.5604248046875,3.9935302734375,1.922607421875,359,3.59,0
455,104975,1.285,289713,1285,0,-60,2032,-314,-0.029296875,0.9921875,-0.1533203125,-143,-16,-15,-8.72802734375,-0.9765625,-0.91552734375,-4237,2603,-1197,18051,312,-31203,99.1571044921875,1.7138671875,-171.4031982421875,347,3.47,0
456,104976,1.286,289714,1286,1,23,1962,-413,0.01123046875,0.9580078125,-0.20166015625,-46,-103,56,-2.8076171875,-6.28662109375,3.41796875,-49,2296,5230,18544,-240,24147,101.865234375,-1.318359375,132.6434326171875,354,3.54,0
457,104977,1.287,289715,1287,2,-103,1898,797,-0.05029296875,0.9267578125,0.38916015625,38,17,-20,2.3193359375,1.03759765625,-1.220703125,967,2590,-3531,12303,731,350,67.5823974609375,4.0155029296875,1.922607421875,359,3.59,0
458,104978,1.292,289720,1292,0,-63,2041,-320,-0.03076171875,0.99658203125,-0.15625,-147,-31,-15,-8.97216796875,-1.89208984375,-0.91552734375,-4221,2590,-1197,18044,313,-31204,99.11865234375,1.7193603515625,-171.40869140625,348,3.48,0
459,104979,1.293,289721,1293,1,19,1988,-405,0.00927734375,0.970703125,-0.19775390625,-52,-108,48,-3.173828125,-6.591796875,2.9296875,-50,2318,5232,18538,-243,24135,101.832275390625,-1.3348388671875,132.5775146484375,354,3.54,0
460,104980,1.294,289722,1294,2,-106,1899,789,-0.0517578125,0.92724609375,0.38525390625,34,17,-21,2.0751953125,1.03759765625,-1.28173828125,956,2589,-3529,12305,733,350,67.5933837890625,4.0264892578125,1.922607421875,359,3.59,0
461,104981,1.3,289728,1300,1,26,1991,-400,0.0126953125,0.97216796875,-0.1953125,-51,-98,44,-3.11279296875,-5.9814453125,2.685546875,-51,2326,5211,18535,-245,24130,101.8157958984375,-1.3458251953125,132.550048828125,354,3.54,0
462,104982,1.301,289729,1301,2,-107,1894,778,-0.05224609375,0.9248046875,0.3798828125,24,15,-22,1.46484375,0.91552734375,-1.3427734375,924,2630,-3556,12308,737,351,67.60986328125,4.0484619140625,1.9281005859375,359,3.59,0
463,104983,1.307,289735,1307,1,36,1988,-401,0.017578125,0.970703125,-0.19580078125,-51,-88,44,-3.11279296875,-5.37109375,2.685546875,-77,2311,5192,18532,-246,24126,101.79931640625,-1.351318359375,132.528076171875,354,3.54,0
464,104984,1.308,289736,1308,2,-102,1889,777,-0.0498046875,0.92236328125,0.37939453125,26,21,-24,1.5869140625,1.28173828125,-1.46484375,910,2625,-3581,12310,739,351,67.620849609375,4.0594482421875,1.9281005859375,359,3.59,0
465,104985,1.314,289742,1314,1,53,1977,-404,0.02587890625,0.96533203125,-0.197265625,-46,-72,46,-2.8076171875,-4.39453125,2.8076171875,-83,2268,5218,18526,-249,24117,101.766357421875,-1.3677978515625,132.4786376953125,354,3.54,0
466,104986,1.315,289743,1315,2,-95,1882,779,-0.04638671875,0.9189453125,0.38037109375,35,26,-24,2.13623046875,1.5869140625,-1.46484375,906,2668,-3603,12310,739,357,67.620849609375,4.0594482421875,1.9610595703125,359,3.59,0
467,104987,1.32,289748,1320,0,-76,2057,-332,-0.037109375,1.00439453125,-0.162109375,-178,-62,-37,-10.8642578125,-3.7841796875,-2.25830078125,-4193,2584,-1155,17989,327,-31218,98.8165283203125,1.7962646484375,-171.485595703125,348,3.48,0
468,104988,1.321,289749,1321,1,71,1980,-407,0.03466796875,0.966796875,-0.19873046875,-45,-51,40,-2.74658203125,-3.11279296875,2.44140625,-75,2281,5195,18524,-251,24115,101.75537109375,-1.3787841796875,132.4676513671875,355,3.55,0
469,104989,1.328,289756,1328,2,-76,1873,782,-0.037109375,0.91455078125,0.3818359375,59,40,-28,3.60107421875,2.44140625,-1.708984375,906,2669,-3617,12314,742,358,67.642822265625,4.075927734375,1.966552734375,359,3.59,0
470,104990,1.328,289756,1328,0,-80,2055,-334,-0.0390625,1.00341796875,-0.1630859375,-176,-54,-43,-10.7421875,-3.2958984375,-2.62451171875,-4186,2596,-1162,17980,330,-31220,98.76708984375,1.812744140625,-171.49658203125,348,3.48,0
471,104991,1.328,289756,1328,1,72,1987,-425,0.03515625,0.97021484375,-0.20751953125,-56,-48,36,-3.41796875,-2.9296875,2.197265625,-88,2287,5209,18518,-254,24109,101.722412109375,-1.395263671875,132.4346923828125,355,3.55,0
472,104992,1.329,289757,1329,2,-69,1875,782,-0.03369140625,0.91552734375,0.3818359375,60,45,-34,3.662109375,2.74658203125,-2.0751953125,927,2676,-3603,12317,745,360,67.6593017578125,4.0924072265625,1.9775390625,359,3.59,0
473,104993,1.335,289763,1335,1,61,1973,-439,0.02978515625,0.96337890625,-0.21435546875,-43,-63,41,-2.62451171875,-3.84521484375,2.50244140625,-89,2283,5235,18515,-256,24105,101.7059326171875,-1.40625,132.4127197265625,355,3.55,0
474,104994,1.336,289764,1336,2,-67,1884,778,-0.03271484375,0.919921875,0.3798828125,53,62,-39,3.23486328125,3.7841796875,-2.38037109375,927,2701,-3624,12324,753,365,67.69775390625,4.1363525390625,2.0050048828125,359,3.59,0
475,104995,1.341,289769,1341,0,-93,2042,-325,-0.04541015625,0.9970703125,-0.15869140625,-185,-42,-56,-11.29150390625,-2.5634765625,-3.41796875,-4214,2607,-1157,17951,341,-31223,98.6077880859375,1.8731689453125,-171.5130615234375,348,3.48,0
476,104996,1.342,289770,1342,1,70,1976,-440,0.0341796875,0.96484375,-0.21484375,-31,-64,38,-1.89208984375,-3.90625,2.3193359375,-119,2292,5205,18513,-257,24102,101.6949462890625,-1.4117431640625,132.396240234375,355,3.55,0
477,104997,1.343,289771,1343,2,-72,1889,777,-0.03515625,0.92236328125,0.37939453125,45,63,-39,2.74658203125,3.84521484375,-2.38037109375,936,2684,-3595,12327,756,367,67.7142333984375,4.15283203125,2.0159912109375,359,3.59,0
478,104998,1.349,289777,1349,1,67,1983,-453,0.03271484375,0.96826171875,-0.22119140625,-25,-71,38,-1.52587890625,-4.33349609375,2.3193359375,-107,2299,5245,18510,-261,24093,101.678466796875,-1.4337158203125,132.3468017578125,355,3.55,0
479,104999,1.35,289778,1350,2,-79,1894,776,-0.03857421875,0.9248046875,0.37890625,32,66,-36,1.953125,4.0283203125,-2.197265625,948,2672,-3565,12328,760,370,67.7197265625,4.1748046875,2.032470703125,359,3.59,0
480,105000,1.355,289783,1355,0,-86,2022,-315,-0.0419921875,0.9873046875,-0.15380859375,-196,-30,-75,-11.962890625,-1.8310546875,-4.57763671875,-4192,2596,-1130,17919,355,-31224,98.4320068359375,1.9500732421875,-171.5185546875,348,3.48,0
481,105001,1.357,289785,1357,2,-93,1902,777,-0.04541015625,0.9287109375,0.37939453125,5,61,-34,0.30517578125,3.72314453125,-2.0751953125,953,2662,-3535,12330,767,374,67.730712890625,4.2132568359375,2.054443359375,359,3.59,0
482,105002,1.363,289791,1363,1,92,1991,-437,0.044921875,0.97216796875,-0.21337890625,-21,-55,32,-1.28173828125,-3.35693359375,1.953125,-100,2335,5295,18507,-263,24086,101.6619873046875,-1.4447021484375,132.308349609375,355,3.55,0
483,105003,1.364,289792,1364,2,-97,1903,778,-0.04736328125,0.92919921875,0.3798828125,0,67,-34,0.0,4.08935546875,-2.0751953125,950,2663,-3533,12330,771,377,67.730712890625,4.2352294921875,2.0709228515625,359,3.59,0
484,105004,1.369,289797,1369,0,-75,2015,-302,-0.03662109375,0.98388671875,-0.1474609375,-189,-20,-84,-11.53564453125,-1.220703125,-5.126953125,-4216,2590,-1126,17898,365,-31224,98.316650390625,2.0050048828125,-171.5185546875,348,3.48,0
485,105005,1.37,289798,1370,1,100,2003,-453,0.048828125,0.97802734375,-0.22119140625,-22,-45,31,-1.3427734375,-2.74658203125,1.89208984375,-113,2300,5296,18504,-266,24081,101.6455078125,-1.461181640625,132.2808837890625,355,3.55,0
486,105006,1.371,289799,1371,2,-104,1901,782,-0.05078125,0.92822265625,0.3818359375,-1,76,-33,-0.06103515625,4.638671875,-2.01416015625,946,2664,-3530,12331,775,381,67.7362060546875,4.2572021484375,2.0928955078125,359,3.59,0
487,105007,1.378,289806,1378,2,-121,1895,793,-0.05908203125,0.92529296875,0.38720703125,17,82,-24,1.03759765625,5.0048828125,-1.46484375,940,2665,-3526,12334,782,388,67.752685546875,4.295654296875,2.13134765625,359,3.59,0
488,105008,1.383,289811,1383,0,-68,2029,-284,-0.033203125,0.99072265625,-0.138671875,-183,-19,-90,-11.16943359375,-1.15966796875,-5.4931640625,-4224,2558,-1114,17869,380,-31222,98.1573486328125,2.08740234375,-171.507568359375,349,3.49,0
489,105009,1.385,289813,1385,2,-128,1896,796,-0.0625,0.92578125,0.388671875,23,84,-21,1.40380859375,5.126953125,-1.28173828125,957,2668,-3521,12336,785,392,67.763671875,4.3121337890625,2.1533203125,359,3.59,0
490,105010,1.392,289820,1392,0,-76,2046,-262,-0.037109375,0.9990234375,-0.1279296875,-195,-15,-95,-11.90185546875,-0.91552734375,-5.79833984375,-4216,2545,-1112,17848,392,-31221,98.0419921875,2.1533203125,-171.5020751953125,349,3.49,0
491,105011,1.392,289820,1392,2,-136,1895,794,-0.06640625,0.92529296875,0.3876953125,21,89,-10,1.28173828125,5.43212890625,-0.6103515625,958,2642,-3528,12339,791,400,67.7801513671875,4.3450927734375,2.197265625,359,3.59,0
492,105012,1.398,289826,1398,1,121,2006,-432,0.05908203125,0.9794921875,-0.2109375,-23,29,47,-1.40380859375,1.77001953125,2.86865234375,-94,2358,5313,18498,-278,24082,101.612548828125,-1.527099609375,132.286376953125,355,3.55,0
493,105013,1.399,289827,1399,2,-139,1894,793,-0.06787109375,0.9248046875,0.38720703125,19,94,-8,1.15966796875,5.7373046875,-0.48828125,948,2644,-3517,12340,794,405,67.78564453125,4.361572265625,2.2247314453125,359,3.59,0
494,105014,1.404,289832,1404,0,-68,2057,-248,-0.033203125,1.00439453125,-0.12109375,-214,-15,-107,-13.0615234375,-0.91552734375,-6.53076171875,-4236,2522,-1102,17825,404,-31219,97.9156494140625,2.21923828125,-171.4910888671875,349,3.49,0
495,105015,1.406,289834,1406,2,-144,1891,791,-0.0703125,0.92333984375,0.38623046875,11,91,-5,0.67138671875,5.55419921875,-0.30517578125,951,2654,-3473,12341,797,410,67.7911376953125,4.3780517578125,2.252197265625,359,3.59,0
496,105016,1.411,289839,1411,0,-57,2074,-233,-0.02783203125,1.0126953125,-0.11376953125,-240,1,-109,-14.6484375,0.06103515625,-6.65283203125,-4246,2521,-1115,17799,416,-31216,97.7728271484375,2.28515625,-171.474609375,350,3.5,0
497,105017,1.413,289841,1413,2,-147,1881,792,-0.07177734375,0.91845703125,0.38671875,-5,101,1,-0.30517578125,6.16455078125,0.06103515625,961,2643,-3483,12342,802,420,67.796630859375,4.405517578125,2.30712890625,359,3.59,0
498,105018,1.418,289846,1418,0,-49,2084,-223,-0.02392578125,1.017578125,-0.10888671875,-250,22,-109,-15.2587890625,1.3427734375,-6.65283203125,-4244,2500,-1131,17785,422,-31213,97.6959228515625,2.318115234375,-171.4581298828125,350,3.5,0
499,105019,1.42,289848,1420,2,-146,1876,796,-0.0712890625,0.916015625,0.388671875,-14,115,0,-0.8544921875,7.01904296875,0.0,952,2635,-3515,12342,805,426,67.796630859375,4.4219970703125,2.340087890625,359,3.59,0
500,105020,1.427,289855,1427,2,-148,1883,808,-0.072265625,0.91943359375,0.39453125,-35,127,-10,-2.13623046875,7.75146484375,-0.6103515625,929,2642,-3548,12340,812,438,67.78564453125,4.46044921875,2.406005859375,359,3.59,0
501,105021,1.432,289860,1432,0,-38,2149,-205,-0.0185546875,1.04931640625,-0.10009765625,-283,79,-112,-17.27294921875,4.82177734375,-6.8359375,-4227,2500,-1087,17741,440,-31196,97.4542236328125,2.4169921875,-171.36474609375,350,3.5,0
502,105022,1.433,289861,1433,1,-2,1898,-445,-0.0009765625,0.9267578125,-0.21728515625,47,25,63,2.86865234375,1.52587890625,3.84521484375,-79,2346,5282,18500,-305,24101,101.62353515625,-1.6754150390625,132.3907470703125,355,3.55,0
503,105023,1.434,289862,1434,2,-149,1883,815,-0.07275390625,0.91943359375,0.39794921875,-51,135,-12,-3.11279296875,8.23974609375,-0.732421875,953,2603,-3554,12337,816,445,67.7691650390625,4.482421875,2.4444580078125,359,3.59,0
504,105024,1.439,289867,1439,0,-30,2170,-202,-0.0146484375,1.0595703125,-0.0986328125,-308,79,-118,-18.798828125,4.82177734375,-7.2021484375,-4239,2493,-1053,17724,446,-31190,97.36083984375,2.449951171875,-171.331787109375,350,3.5,0
505,105025,1.441,289869,1441,2,-147,1879,823,-0.07177734375,0.91748046875,0.40185546875,-63,144,-18,-3.84521484375,8.7890625,-1.0986328125,976,2606,-3561,12335,821,452,67.7581787109375,4.5098876953125,2.48291015625,359,3.59,0
506,105026,1.446,289874,1446,0,-25,2190,-183,-0.01220703125,1.0693359375,-0.08935546875,-360,40,-142,-21.97265625,2.44140625,-8.6669921875,-4259,2532,-1025,17685,462,-31182,97.1466064453125,2.537841796875,-171.287841796875,350,3.5,0
507,105027,1.448,289876,1448,2,-138,1866,850,-0.0673828125,0.9111328125,0.4150390625,-48,174,-33,-2.9296875,10.6201171875,-2.01416015625,991,2643,-3527,12331,833,469,67.7362060546875,4.5758056640625,2.5762939453125,359,3.59,0
508,105028,1.456,289884,1456,0,-19,2193,-170,-0.00927734375,1.07080078125,-0.0830078125,-384,-1,-152,-23.4375,-0.06103515625,-9.27734375,-4274,2545,-1055,17664,471,-31181,97.03125,2.5872802734375,-171.2823486328125,351,3.51,0
509,105029,1.456,289884,1456,2,-139,1858,864,-0.06787109375,0.9072265625,0.421875,-34,187,-46,-2.0751953125,11.41357421875,-2.8076171875,995,2624,-3529,12330,840,478,67.730712890625,4.6142578125,2.625732421875,358,3.58,0
510,105030,1.46,289888,1460,0,-19,2193,-170,-0.00927734375,1.07080078125,-0.0830078125,-384,-1,-152,-23.4375,-0.06103515625,-9.27734375,-4274,2545,-1055,17664,471,-31181,97.03125,2.5872802734375,-171.2823486328125,351,3.51,0
511,105031,1.462,289890,1462,2,-151,1843,885,-0.07373046875,0.89990234375,0.43212890625,-31,205,-54,-1.89208984375,12.51220703125,-3.2958984375,1016,2633,-3555,12329,855,496,67.7252197265625,4.6966552734375,2.724609375,358,3.58,0
512,105032,1.471,289899,1471,0,-16,2224,-111,-0.0078125,1.0859375,-0.05419921875,-434,-148,-186,-26.4892578125,-9.033203125,-11.3525390625,-4271,2511,-1049,17593,504,-31194,96.6412353515625,2.7685546875,-171.353759765625,351,3.51,0
513,105033,1.474,289902,1474,0,-9,2244,-69,-0.00439453125,1.095703125,-0.03369140625,-448,-185,-201,-27.34375,-11.29150390625,-12.26806640625,-4291,2503,-1066,17568,517,-31203,96.50390625,2.8399658203125,-171.4031982421875,351,3.51,0
514,105034,1.475,289903,1475,1,182,2025,-292,0.0888671875,0.98876953125,-0.142578125,117,337,-11,7.14111328125,20.56884765625,-0.67138671875,-108,2370,5214,18538,-316,24165,101.832275390625,-1.73583984375,132.7423095703125,355,3.55,0
515,105035,1.476,289904,1476,2,-168,1835,899,-0.08203125,0.89599609375,0.43896484375,-29,232,-60,-1.77001953125,14.16015625,-3.662109375,1021,2608,-3539,12328,871,518,67.7197265625,4.7845458984375,2.845458984375,358,3.58,0
516,105036,1.481,289909,1481,0,3,2271,3,0.00146484375,1.10888671875,0.00146484375,-501,-228,-234,-30.57861328125,-13.916015625,-14.2822265625,-4322,2454,-1086,17512,546,-31223,96.1962890625,2.999267578125,-171.5130615234375,350,3.5,0
517,105037,1.483,289911,1483,2,-173,1839,907,-0.08447265625,0.89794921875,0.44287109375,-58,247,-58,-3.5400390625,15.07568359375,-3.5400390625,1028,2639,-3506,12324,889,540,67.69775390625,4.8834228515625,2.96630859375,358,3.58,0
518,105038,1.488,289916,1488,0,7,2273,27,0.00341796875,1.10986328125,0.01318359375,-533,-242,-253,-32.53173828125,-14.7705078125,-15.44189453125,-4312,2434,-1050,17482,563,-31235,96.031494140625,3.0926513671875,-171.5789794921875,350,3.5,0
519,105039,1.49,289918,1490,2,-168,1842,913,-0.08203125,0.8994140625,0.44580078125,-73,260,-63,-4.45556640625,15.869140625,-3.84521484375,1047,2665,-3463,12321,898,553,67.6812744140625,4.932861328125,3.0377197265625,358,3.58,0
520,105040,1.495,289923,1495,0,1,2269,41,0.00048828125,1.10791015625,0.02001953125,-559,-262,-268,-34.11865234375,-15.9912109375,-16.357421875,-4306,2460,-1036,17449,580,-31247,95.8502197265625,3.18603515625,-171.6448974609375,350,3.5,0
521,105041,1.496,289924,1496,1,232,2133,-324,0.11328125,1.04150390625,-0.158203125,63,332,-105,3.84521484375,20.263671875,-6.40869140625,-108,2346,5221,18555,-316,24254,101.9256591796875,-1.73583984375,133.231201171875,355,3.55,0
522,105042,1.497,289925,1497,2,-164,1846,922,-0.080078125,0.9013671875,0.4501953125,-72,282,-73,-4.39453125,17.2119140625,-4.45556640625,1047,2658,-3498,12319,909,566,67.6702880859375,4.9932861328125,3.109130859375,358,3.58,0
523,105043,1.502,289930,1502,0,-2,2268,66,-0.0009765625,1.107421875,0.0322265625,-618,-322,-298,-37.7197265625,-19.6533203125,-18.1884765625,-4308,2454,-1050,17380,617,-31277,95.47119140625,3.3892822265625,-171.8096923828125,350,3.5,0
524,105044,1.504,289932,1504,2,-169,1856,933,-0.08251953125,0.90625,0.45556640625,-40,311,-90,-2.44140625,18.98193359375,-5.4931640625,1067,2645,-3506,12317,932,595,67.6593017578125,5.11962890625,3.2684326171875,358,3.58,0
525,105045,1.509,289937,1509,0,4,2273,93,0.001953125,1.10986328125,0.04541015625,-656,-352,-320,-40.0390625,-21.484375,-19.53125,-4292,2456,-1058,17342,637,-31294,95.262451171875,3.4991455078125,-171.903076171875,349,3.49,0
526,105046,1.511,289939,1511,2,-177,1865,930,-0.08642578125,0.91064453125,0.4541015625,-24,335,-95,-1.46484375,20.44677734375,-5.79833984375,1035,2657,-3521,12317,944,610,67.6593017578125,5.185546875,3.350830078125,358,3.58,0
527,105047,1.516,289944,1516,0,20,2285,141,0.009765625,1.11572265625,0.06884765625,-745,-355,-359,-45.47119140625,-21.66748046875,-21.91162109375,-4307,2404,-986,17258,681,-31328,94.801025390625,3.7408447265625,-172.08984375,349,3.49,0
528,105048,1.517,289945,1517,1,284,2008,-531,0.138671875,0.98046875,-0.25927734375,-80,86,-114,-4.8828125,5.2490234375,-6.9580078125,-109,2333,5206,18544,-301,24290,101.865234375,-1.6534423828125,133.428955078125,355,3.55,0
529,105049,1.518,289946,1518,2,-208,1886,894,-0.1015625,0.9208984375,0.4365234375,-31,345,-104,-1.89208984375,21.05712890625,-6.34765625,1042,2612,-3498,12317,970,642,67.6593017578125,5.328369140625,3.526611328125,358,3.58,0
530,105050,1.523,289951,1523,0,22,2272,158,0.0107421875,1.109375,0.0771484375,-790,-326,-378,-48.2177734375,-19.8974609375,-23.0712890625,-4294,2414,-980,17213,705,-31342,94.5538330078125,3.8726806640625,-172.166748046875,349,3.49,0
531,105051,1.525,289953,1525,2,-216,1891,870,-0.10546875,0.92333984375,0.4248046875,-42,357,-95,-2.5634765625,21.78955078125,-5.79833984375,1067,2603,-3496,12316,983,659,67.65380859375,5.3997802734375,3.6199951171875,357,3.57,0
532,105052,1.532,289960,1532,0,15,2266,175,0.00732421875,1.1064453125,0.08544921875,-834,-283,-396,-50.9033203125,-17.27294921875,-24.169921875,-4288,2379,-972,17165,728,-31354,94.2901611328125,3.9990234375,-172.232666015625,349,3.49,0
533,105053,1.532,289960,1532,1,411,1786,-603,0.20068359375,0.8720703125,-0.29443359375,130,46,-18,7.9345703125,2.8076171875,-1.0986328125,-136,2331,5191,18552,-295,24299,101.9091796875,-1.6204833984375,133.4783935546875,354,3.54,0
534,105054,1.532,289960,1532,2,-212,1900,846,-0.103515625,0.927734375,0.4130859375,-68,378,-94,-4.150390625,23.0712890625,-5.7373046875,1085,2616,-3470,12313,997,677,67.6373291015625,5.4766845703125,3.7188720703125,357,3.57,0
535,105055,1.537,289965,1537,0,19,2269,162,0.00927734375,1.10791015625,0.0791015625,-917,-210,-409,-55.96923828125,-12.8173828125,-24.96337890625,-4283,2346,-931,17063,776,-31373,93.7298583984375,4.2626953125,-172.3370361328125,349,3.49,0
536,105056,1.539,289967,1539,2,-183,1902,819,-0.08935546875,0.9287109375,0.39990234375,-158,418,-89,-9.6435546875,25.5126953125,-5.43212890625,1079,2581,-3464,12301,1024,716,67.5714111328125,5.625,3.93310546875,357,3.57,0
537,105057,1.544,289972,1544,0,24,2264,160,0.01171875,1.10546875,0.078125,-961,-180,-411,-58.65478515625,-10.986328125,-25.08544921875,-4261,2341,-956,17008,800,-31380,93.427734375,4.39453125,-172.37548828125,349,3.49,0
538,105058,1.546,289974,1546,2,-169,1885,820,-0.08251953125,0.92041015625,0.400390625,-182,439,-80,-11.1083984375,26.79443359375,-4.8828125,1116,2598,-3487,12294,1038,737,67.532958984375,5.701904296875,4.0484619140625,357,3.57,0
539,105059,1.551,289979,1551,0,24,2264,160,0.01171875,1.10546875,0.078125,-961,-180,-411,-58.65478515625,-10.986328125,-25.08544921875,-4261,2341,-956,17008,800,-31380,93.427734375,4.39453125,-172.37548828125,349,3.49,0
540,105060,1.553,289981,1553,2,-147,1841,834,-0.07177734375,0.89892578125,0.4072265625,-107,457,-71,-6.53076171875,27.89306640625,-4.33349609375,1094,2597,-3438,12286,1065,781,67.489013671875,5.8502197265625,4.2901611328125,357,3.57,0
541,105061,1.558,289986,1558,0,1,2156,150,0.00048828125,1.052734375,0.0732421875,-1136,-94,-455,-69.3359375,-5.7373046875,-27.77099609375,-4264,2310,-954,16825,876,-31392,92.4224853515625,4.81201171875,-172.44140625,349,3.49,0
542,105062,1.56,289988,1560,2,-141,1823,829,-0.06884765625,0.89013671875,0.40478515625,-65,453,-65,-3.96728515625,27.64892578125,-3.96728515625,1100,2582,-3464,12285,1078,804,67.4835205078125,5.921630859375,4.41650390625,357,3.57,0
543,105063,1.565,289993,1565,0,-8,2087,138,-0.00390625,1.01904296875,0.0673828125,-1185,-57,-483,-72.32666015625,-3.47900390625,-29.47998046875,-4277,2259,-944,16759,904,-31393,92.0599365234375,4.9658203125,-172.4468994140625,349,3.49,0
544,105064,1.566,289994,1566,1,525,1976,-648,0.25634765625,0.96484375,-0.31640625,136,891,-82,8.30078125,54.38232421875,-5.0048828125,-197,2324,5195,18599,-317,24487,102.1673583984375,-1.7413330078125,134.5111083984375,354,3.54,0
545,105065,1.567,289995,1567,2,-137,1808,810,-0.06689453125,0.8828125,0.3955078125,-56,461,-53,-3.41796875,28.13720703125,-3.23486328125,1122,2606,-3474,12284,1091,827,67.47802734375,5.9930419921875,4.5428466796875,357,3.57,0
546,105066,1.572,290000,1572,0,-42,1935,94,-0.0205078125,0.94482421875,0.0458984375,-1252,-34,-534,-76.416015625,-2.0751953125,-32.5927734375,-4283,2208,-873,16621,964,-31393,91.3018798828125,5.29541015625,-172.4468994140625,349,3.49,0
547,105067,1.573,290001,1573,1,453,2014,-700,0.22119140625,0.9833984375,-0.341796875,228,988,-70,13.916015625,60.302734375,-4.2724609375,-201,2327,5178,18611,-326,24543,102.2332763671875,-1.790771484375,134.8187255859375,354,3.54,0
548,105068,1.574,290002,1574,2,-160,1777,755,-0.078125,0.86767578125,0.36865234375,-130,480,-12,-7.9345703125,29.296875,-0.732421875,1110,2594,-3473,12276,1113,875,67.43408203125,6.1138916015625,4.8065185546875,357,3.57,0
549,105069,1.579,290007,1579,0,-71,1857,65,-0.03466796875,0.90673828125,0.03173828125,-1267,-34,-546,-77.33154296875,-2.0751953125,-33.3251953125,-4277,2194,-843,16551,994,-31393,90.9173583984375,5.460205078125,-172.4468994140625,349,3.49,0
550,105070,1.581,290009,1581,2,-191,1763,739,-0.09326171875,0.86083984375,0.36083984375,-147,477,16,-8.97216796875,29.11376953125,0.9765625,1120,2628,-3479,12271,1122,900,67.4066162109375,6.163330078125,4.94384765625,357,3.57,0
551,105071,1.586,290014,1586,0,-71,1857,65,-0.03466796875,0.90673828125,0.03173828125,-1267,-34,-546,-77.33154296875,-2.0751953125,-33.3251953125,-4277,2194,-843,16551,994,-31393,90.9173583984375,5.460205078125,-172.4468994140625,349,3.49,0
552,105072,1.588,290016,1588,2,-282,1750,726,-0.1376953125,0.8544921875,0.3544921875,-123,450,76,-7.50732421875,27.4658203125,4.638671875,1130,2669,-3487,12263,1134,950,67.3626708984375,6.229248046875,5.218505859375,357,3.57,0
553,105073,1.596,290024,1596,0,-134,1753,-48,-0.0654296875,0.85595703125,-0.0234375,-1139,15,-472,-69.51904296875,0.91552734375,-28.80859375,-4275,2145,-790,16357,1077,-31389,89.8516845703125,5.9161376953125,-172.4249267578125,348,3.48,0
554,105074,1.596,290024,1596,1,194,2228,-442,0.0947265625,1.087890625,-0.2158203125,68,1245,-12,4.150390625,75.98876953125,-0.732421875,-190,2334,5182,18642,-377,24804,102.403564453125,-2.0709228515625,136.25244140625,354,3.54,0
555,105075,1.596,290024,1596,2,-331,1756,722,-0.16162109375,0.857421875,0.3525390625,-101,420,112,-6.16455078125,25.634765625,6.8359375,1156,2687,-3471,12261,1137,974,67.3516845703125,6.2457275390625,5.350341796875,357,3.57,0
556,105076,1.6,290028,1600,0,-139,1758,-88,-0.06787109375,0.8583984375,-0.04296875,-1089,48,-433,-66.46728515625,2.9296875,-26.42822265625,-4272,2128,-732,16298,1101,-31384,89.527587890625,6.0479736328125,-172.3974609375,348,3.48,0
557,105077,1.601,290029,1601,1,74,2149,-288,0.0361328125,1.04931640625,-0.140625,-297,1346,-30,-18.12744140625,82.1533203125,-1.8310546875,-187,2345,5202,18606,-406,24951,102.205810546875,-2.230224609375,137.0599365234375,354,3.54,0
558,105078,1.602,290030,1602,2,-369,1773,719,-0.18017578125,0.86572265625,0.35107421875,-82,402,151,-5.0048828125,24.5361328125,9.21630859375,1173,2655,-3460,12259,1137,998,67.3406982421875,6.2457275390625,5.482177734375,357,3.57,0
559,105079,1.607,290035,1607,0,-144,1783,-172,-0.0703125,0.87060546875,-0.083984375,-999,135,-355,-60.97412109375,8.23974609375,-21.66748046875,-4281,2071,-685,16189,1142,-31369,88.9288330078125,6.273193359375,-172.3150634765625,348,3.48,0
560,105080,1.608,290036,1608,1,6,2056,-263,0.0029296875,1.00390625,-0.12841796875,-391,1370,-46,-23.86474609375,83.6181640625,-2.8076171875,-188,2325,5171,18581,-419,25026,102.0684814453125,-2.3016357421875,137.471923828125,354,3.54,0
561,105081,1.609,290037,1609,2,-419,1839,705,-0.20458984375,0.89794921875,0.34423828125,-52,369,207,-3.173828125,22.52197265625,12.63427734375,1197,2646,-3513,12259,1133,1044,67.3406982421875,6.2237548828125,5.73486328125,358,3.58,0
562,105082,1.614,290042,1614,0,-137,1799,-218,-0.06689453125,0.87841796875,-0.1064453125,-942,171,-316,-57.4951171875,10.43701171875,-19.287109375,-4276,2035,-675,16140,1159,-31358,88.65966796875,6.3665771484375,-172.254638671875,348,3.48,0
563,105083,1.616,290044,1616,2,-440,1864,689,-0.21484375,0.91015625,0.33642578125,-64,336,235,-3.90625,20.5078125,14.34326171875,1195,2662,-3486,12257,1127,1066,67.3297119140625,6.1907958984375,5.855712890625,358,3.58,0
564,105084,1.621,290049,1621,0,-137,1799,-218,-0.06689453125,0.87841796875,-0.1064453125,-942,171,-316,-57.4951171875,10.43701171875,-19.287109375,-4276,2035,-675,16140,1159,-31358,88.65966796875,6.3665771484375,-172.254638671875,348,3.48,0
565,105085,1.622,290050,1622,1,-110,1840,-324,-0.0537109375,0.8984375,-0.158203125,-195,1245,-104,-11.90185546875,75.98876953125,-6.34765625,-255,2341,5172,18529,-448,25240,101.7828369140625,-2.4609375,138.6474609375,354,3.54,0
566,105086,1.623,290051,1623,2,-463,1901,665,-0.22607421875,0.92822265625,0.32470703125,-136,270,279,-8.30078125,16.4794921875,17.02880859375,1158,2682,-3516,12247,1111,1106,67.2747802734375,6.1029052734375,6.075439453125,358,3.58,0
567,105087,1.628,290056,1628,0,-83,1841,-367,-0.04052734375,0.89892578125,-0.17919921875,-889,233,-234,-54.26025390625,14.22119140625,-14.2822265625,-4271,1981,-696,15997,1201,-31319,87.8741455078125,6.5972900390625,-172.0404052734375,348,3.48,0
568,105088,1.629,290057,1629,1,-124,1858,-397,-0.060546875,0.9072265625,-0.19384765625,-145,1097,-119,-8.85009765625,66.95556640625,-7.26318359375,-252,2311,5171,18519,-453,25298,101.7279052734375,-2.4884033203125,138.966064453125,354,3.54,0
569,105089,1.63,290058,1630,2,-461,1907,663,-0.22509765625,0.93115234375,0.32373046875,-165,240,291,-10.07080078125,14.6484375,17.76123046875,1176,2682,-3518,12240,1102,1123,67.236328125,6.053466796875,6.1688232421875,358,3.58,0
570,105090,1.635,290063,1635,0,-103,1808,-429,-0.05029296875,0.8828125,-0.20947265625,-860,211,-207,-52.490234375,12.87841796875,-12.63427734375,-4280,1966,-709,15953,1213,-31307,87.6324462890625,6.6632080078125,-171.9744873046875,348,3.48,0
571,105091,1.636,290064,1636,1,-75,1975,-477,-0.03662109375,0.96435546875,-0.23291015625,-139,814,-105,-8.48388671875,49.6826171875,-6.40869140625,-338,2308,5179,18498,-460,25391,101.612548828125,-2.52685546875,139.4769287109375,354,3.54,0
572,105092,1.637,290065,1637,2,-450,1907,670,-0.2197265625,0.93115234375,0.3271484375,-172,209,294,-10.498046875,12.75634765625,17.9443359375,1168,2682,-3574,12232,1091,1140,67.1923828125,5.9930419921875,6.26220703125,358,3.58,0
573,105093,1.642,290070,1642,0,-105,1774,-522,-0.05126953125,0.8662109375,-0.2548828125,-655,168,-95,-39.97802734375,10.25390625,-5.79833984375,-4270,1940,-699,15882,1225,-31287,87.242431640625,6.7291259765625,-171.8646240234375,348,3.48,0
574,105094,1.643,290071,1643,1,-59,2041,-472,-0.02880859375,0.99658203125,-0.23046875,-118,737,-80,-7.2021484375,44.98291015625,-4.8828125,-338,2320,5191,18491,-464,25431,101.5740966796875,-2.548828125,139.6966552734375,354,3.54,0
575,105095,1.644,290072,1644,2,-413,1903,695,-0.20166015625,0.92919921875,0.33935546875,-142,166,269,-8.6669921875,10.1318359375,16.41845703125,1227,2701,-3565,12220,1072,1168,67.12646484375,5.888671875,6.416015625,359,3.59,0
576,105096,1.657,290085,1657,0,-66,1815,-571,-0.0322265625,0.88623046875,-0.27880859375,-547,141,-13,-33.38623046875,8.60595703125,-0.79345703125,-4277,1914,-672,15855,1225,-31279,87.0941162109375,6.7291259765625,-171.8206787109375,348,3.48,0
577,105097,1.657,290085,1657,1,-41,2240,-352,-0.02001953125,1.09375,-0.171875,-130,495,23,-7.9345703125,30.21240234375,1.40380859375,-386,2298,5243,18467,-483,25522,101.4422607421875,-2.6531982421875,140.196533203125,354,3.54,0
578,105098,1.658,290086,1658,2,-417,1899,712,-0.20361328125,0.92724609375,0.34765625,-124,112,237,-7.568359375,6.8359375,14.46533203125,1233,2689,-3550,12209,1053,1190,67.0660400390625,5.7843017578125,6.536865234375,359,3.59,0
579,105099,1.663,290091,1663,0,77,1995,-695,0.03759765625,0.97412109375,-0.33935546875,-232,63,311,-14.16015625,3.84521484375,18.98193359375,-4277,1880,-644,15808,1187,-31261,86.8359375,6.5203857421875,-171.7218017578125,348,3.48,0
580,105100,1.664,290092,1664,1,-27,2263,-305,-0.01318359375,1.10498046875,-0.14892578125,-262,433,59,-15.9912109375,26.42822265625,3.60107421875,-400,2295,5249,18448,-491,25544,101.337890625,-2.6971435546875,140.3173828125,354,3.54,0
581,105101,1.665,290093,1665,2,-428,1900,731,-0.208984375,0.927734375,0.35693359375,-107,73,194,-6.53076171875,4.45556640625,11.8408203125,1249,2683,-3497,12199,1037,1205,67.0111083984375,5.6964111328125,6.6192626953125,359,3.59,0
582,105102,1.67,290098,1670,0,68,1998,-647,0.033203125,0.9755859375,-0.31591796875,-83,13,404,-5.06591796875,0.79345703125,24.658203125,-4290,1855,-638,15806,1163,-31260,86.824951171875,6.3885498046875,-171.71630859375,348,3.48,0
583,105103,1.671,290099,1671,1,-11,2185,-197,-0.00537109375,1.06689453125,-0.09619140625,-550,374,133,-33.5693359375,22.8271484375,8.11767578125,-405,2291,5282,18387,-514,25583,101.0028076171875,-2.823486328125,140.5316162109375,354,3.54,0
584,105104,1.672,290100,1672,2,-434,1901,743,-0.2119140625,0.92822265625,0.36279296875,-93,56,173,-5.67626953125,3.41796875,10.55908203125,1244,2677,-3487,12195,1030,1211,66.9891357421875,5.657958984375,6.6522216796875,359,3.59,0
585,105105,1.677,290105,1677,0,-60,2059,-516,-0.029296875,1.00537109375,-0.251953125,1,-140,442,0.06103515625,-8.544921875,26.9775390625,-4327,1843,-589,15806,1115,-31270,86.824951171875,6.1248779296875,-171.771240234375,349,3.49,0
586,105106,1.678,290106,1678,1,-15,2105,-162,-0.00732421875,1.02783203125,-0.0791015625,-605,354,156,-36.92626953125,21.6064453125,9.521484375,-420,2298,5263,18352,-526,25601,100.810546875,-2.889404296875,140.6304931640625,354,3.54,0
587,105107,1.679,290107,1679,2,-442,1892,774,-0.2158203125,0.923828125,0.3779296875,-44,10,147,-2.685546875,0.6103515625,8.97216796875,1258,2687,-3446,12191,1017,1219,66.9671630859375,5.5865478515625,6.6961669921875,359,3.59,0
588,105108,1.684,290112,1684,0,-91,1992,-438,-0.04443359375,0.97265625,-0.2138671875,18,-237,425,1.0986328125,-14.46533203125,25.93994140625,-4299,1829,-615,15806,1091,-31284,86.824951171875,5.9930419921875,-171.84814453125,349,3.49,0
589,105109,1.685,290113,1685,1,-26,2017,-166,-0.0126953125,0.98486328125,-0.0810546875,-606,322,175,-36.9873046875,19.6533203125,10.68115234375,-429,2297,5255,18318,-539,25616,100.623779296875,-2.9608154296875,140.712890625,354,3.54,0
590,105110,1.686,290114,1686,2,-440,1870,783,-0.21484375,0.9130859375,0.38232421875,-19,-7,142,-1.15966796875,-0.42724609375,8.6669921875,1263,2673,-3468,12191,1010,1221,66.9671630859375,5.548095703125,6.7071533203125,359,3.59,0
591,105111,1.691,290119,1691,0,-105,1968,-378,-0.05126953125,0.9609375,-0.1845703125,32,-379,408,1.953125,-23.13232421875,24.90234375,-4296,1826,-615,15806,1069,-31308,86.824951171875,5.8721923828125,-171.97998046875,349,3.49,0
592,105112,1.692,290120,1692,1,-53,1931,-191,-0.02587890625,0.94287109375,-0.09326171875,-515,201,201,-31.43310546875,12.26806640625,12.26806640625,-419,2303,5290,18258,-565,25635,100.294189453125,-3.1036376953125,140.8172607421875,354,3.54,0
593,105113,1.693,290121,1693,2,-434,1841,791,-0.2119140625,0.89892578125,0.38623046875,-2,-8,136,-0.1220703125,-0.48828125,8.30078125,1271,2676,-3469,12191,1004,1223,66.9671630859375,5.51513671875,6.7181396484375,359,3.59,0
594,105114,1.698,290126,1698,0,-17,1996,-251,-0.00830078125,0.974609375,-0.12255859375,-13,-715,421,-0.79345703125,-43.64013671875,25.69580078125,-4288,1825,-604,15798,1019,-31381,86.781005859375,5.5975341796875,-172.3809814453125,349,3.49,0
595,105115,1.699,290127,1699,1,-57,1937,-175,-0.02783203125,0.94580078125,-0.08544921875,-475,132,207,-28.99169921875,8.056640625,12.63427734375,-419,2295,5357,18231,-577,25639,100.1458740234375,-3.1695556640625,140.8392333984375,354,3.54,0
596,105116,1.7,290128,1700,2,-425,1792,818,-0.20751953125,0.875,0.3994140625,36,-18,130,2.197265625,-1.0986328125,7.9345703125,1313,2676,-3488,12196,991,1227,66.99462890625,5.4437255859375,6.7401123046875,359,3.59,0
597,105117,1.705,290133,1705,0,103,2032,-166,0.05029296875,0.9921875,-0.0810546875,-87,-834,478,-5.31005859375,-50.9033203125,29.1748046875,-4294,1821,-590,15787,989,-31427,86.7205810546875,5.4327392578125,-172.6336669921875,349,3.49,0
598,105118,1.706,290134,1706,1,-43,2002,-142,-0.02099609375,0.9775390625,-0.0693359375,-548,12,194,-33.447265625,0.732421875,11.8408203125,-444,2278,5347,18170,-599,25639,99.810791015625,-3.2904052734375,140.8392333984375,354,3.54,0
599,105119,1.707,290135,1707,2,-420,1778,836,-0.205078125,0.8681640625,0.408203125,51,-37,124,3.11279296875,-2.25830078125,7.568359375,1302,2674,-3490,12199,984,1227,67.0111083984375,5.4052734375,6.7401123046875,359,3.59,0
600,105120,1.714,290142,1714,0,103,2032,-166,0.05029296875,0.9921875,-0.0810546875,-87,-834,478,-5.31005859375,-50.9033203125,29.1748046875,-4294,1821,-590,15787,989,-31427,86.7205810546875,5.4327392578125,-172.6336669921875,349,3.49,0
601,105121,1.714,290142,1714,1,15,2016,-109,0.00732421875,0.984375,-0.05322265625,-568,-9,159,-34.66796875,-0.54931640625,9.70458984375,-455,2280,5334,18139,-608,25635,99.6405029296875,-3.33984375,140.8172607421875,354,3.54,0
602,105122,1.714,290142,1714,2,-400,1749,864,-0.1953125,0.85400390625,0.421875,69,-58,104,4.21142578125,-3.5400390625,6.34765625,1321,2682,-3455,12207,972,1225,67.0550537109375,5.33935546875,6.7291259765625,359,3.59,0
603,105123,1.719,290147,1719,0,290,2068,128,0.1416015625,1.009765625,0.0625,-371,-916,614,-22.64404296875,-55.908203125,37.4755859375,-4283,1836,-558,15723,884,-31572,86.3690185546875,4.85595703125,-173.43017578125,349,3.49,0
604,105124,1.72,290148,1720,1,9,1993,-149,0.00439453125,0.97314453125,-0.07275390625,-532,-90,154,-32.470703125,-5.4931640625,9.3994140625,-465,2281,5322,18111,-615,25626,99.4866943359375,-3.3782958984375,140.767822265625,354,3.54,0
605,105125,1.721,290149,1721,2,-389,1733,875,-0.18994140625,0.84619140625,0.42724609375,72,-52,90,4.39453125,-3.173828125,5.4931640625,1330,2681,-3496,12211,967,1224,67.0770263671875,5.3118896484375,6.7236328125,359,3.59,0
606,105126,1.726,290154,1726,0,227,1976,255,0.11083984375,0.96484375,0.12451171875,-407,-896,589,-24.84130859375,-54.6875,35.94970703125,-4264,1823,-557,15697,849,-31620,86.2261962890625,4.6636962890625,-173.69384765625,349,3.49,0
607,105127,1.728,290156,1728,2,-380,1719,884,-0.185546875,0.83935546875,0.431640625,71,-61,80,4.33349609375,-3.72314453125,4.8828125,1336,2707,-3499,12215,963,1222,67.0989990234375,5.2899169921875,6.712646484375,359,3.59,0
608,105128,1.733,290161,1733,0,86,1796,369,0.0419921875,0.876953125,0.18017578125,-344,-926,496,-20.99609375,-56.5185546875,30.2734375,-4253,1802,-518,15652,789,-31717,85.97900390625,4.3341064453125,-174.2266845703125,349,3.49,0
609,105129,1.734,290162,1734,1,108,2024,-363,0.052734375,0.98828125,-0.17724609375,-728,-411,213,-44.43359375,-25.08544921875,13.00048828125,-490,2285,5293,18005,-638,25564,98.9044189453125,-3.504638671875,140.42724609375,355,3.55,0
610,105130,1.735,290163,1735,2,-353,1697,903,-0.17236328125,0.82861328125,0.44091796875,60,-60,43,3.662109375,-3.662109375,2.62451171875,1349,2672,-3446,12222,957,1218,67.137451171875,5.2569580078125,6.690673828125,359,3.59,0
611,105131,1.74,290168,1740,0,66,1773,418,0.0322265625,0.86572265625,0.2041015625,-278,-883,458,-16.9677734375,-53.89404296875,27.9541015625,-4231,1782,-517,15634,762,-31761,85.880126953125,4.185791015625,-174.4683837890625,349,3.49,0
612,105132,1.741,290169,1741,1,256,1962,-313,0.125,0.9580078125,-0.15283203125,-837,-526,277,-51.08642578125,-32.1044921875,16.90673828125,-518,2289,5297,17917,-660,25500,98.4210205078125,-3.62548828125,140.07568359375,355,3.55,0
613,105133,1.742,290170,1742,2,-347,1686,909,-0.16943359375,0.8232421875,0.44384765625,47,-55,34,2.86865234375,-3.35693359375,2.0751953125,1339,2697,-3451,12224,954,1216,67.1484375,5.240478515625,6.6796875,358,3.58,0
614,105134,1.747,290175,1747,0,66,1773,418,0.0322265625,0.86572265625,0.2041015625,-278,-883,458,-16.9677734375,-53.89404296875,27.9541015625,-4231,1782,-517,15634,762,-31761,85.880126953125,4.185791015625,-174.4683837890625,349,3.49,0
615,105135,1.749,290177,1749,2,-343,1667,921,-0.16748046875,0.81396484375,0.44970703125,-20,-56,29,-1.220703125,-3.41796875,1.77001953125,1336,2682,-3423,12223,950,1211,67.1429443359375,5.218505859375,6.6522216796875,358,3.58,0
616,105136,1.754,290182,1754,0,97,1924,337,0.04736328125,0.939453125,0.16455078125,-317,-290,304,-19.34814453125,-17.7001953125,18.5546875,-4200,1787,-440,15583,703,-31828,85.5999755859375,3.8616943359375,-174.83642578125,349,3.49,0
617,105137,1.755,290183,1755,1,418,1912,-252,0.2041015625,0.93359375,-0.123046875,-822,-575,244,-50.1708984375,-35.09521484375,14.892578125,-541,2253,5293,17830,-682,25434,97.943115234375,-3.746337890625,139.713134765625,355,3.55,0
618,105138,1.756,290184,1756,2,-346,1659,935,-0.1689453125,0.81005859375,0.45654296875,-51,-55,37,-3.11279296875,-3.35693359375,2.25830078125,1350,2703,-3410,12219,947,1209,67.1209716796875,5.2020263671875,6.6412353515625,358,3.58,0
619,105139,1.761,290189,1761,0,108,1944,264,0.052734375,0.94921875,0.12890625,-383,-96,262,-23.37646484375,-5.859375,15.9912109375,-4194,1810,-426,15561,689,-31829,85.4791259765625,3.7847900390625,-174.8419189453125,349,3.49,0
620,105140,1.762,290190,1762,1,513,1985,-96,0.25048828125,0.96923828125,-0.046875,-832,-501,274,-50.78125,-30.57861328125,16.7236328125,-521,2220,5310,17740,-707,25377,97.44873046875,-3.8836669921875,139.4000244140625,355,3.55,0
621,105141,1.763,290191,1763,2,-349,1651,949,-0.17041015625,0.80615234375,0.46337890625,-78,-67,50,-4.7607421875,-4.08935546875,3.0517578125,1351,2704,-3438,12214,943,1206,67.093505859375,5.1800537109375,6.624755859375,358,3.58,0
622,105142,1.768,290196,1768,0,204,1903,94,0.099609375,0.92919921875,0.0458984375,-505,-12,217,-30.82275390625,-0.732421875,13.24462890625,-4179,1798,-407,15506,666,-31828,85.177001953125,3.658447265625,-174.83642578125,349,3.49,0
623,105143,1.77,290198,1770,2,-356,1634,964,-0.173828125,0.7978515625,0.470703125,-127,-99,66,-7.75146484375,-6.04248046875,4.0283203125,1369,2718,-3440,12201,934,1199,67.0220947265625,5.130615234375,6.5863037109375,358,3.58,0
624,105144,1.778,290206,1778,0,290,1876,13,0.1416015625,0.916015625,0.00634765625,-583,-129,205,-35.58349609375,-7.87353515625,12.51220703125,-4168,1789,-385,15472,654,-31838,84.990234375,3.592529296875,-174.891357421875,350,3.5,0
625,105145,1.782,290210,1782,0,376,1834,-31,0.18359375,0.8955078125,-0.01513671875,-647,-326,193,-39.48974609375,-19.8974609375,11.77978515625,-4160,1789,-374,15434,643,-31859,84.781494140625,3.5321044921875,-175.0067138671875,350,3.5,0
626,105146,1.784,290212,1784,2,-371,1614,968,-0.18115234375,0.7880859375,0.47265625,-196,-110,91,-11.962890625,-6.7138671875,5.55419921875,1387,2702,-3415,12179,921,1190,66.9012451171875,5.0592041015625,6.536865234375,358,3.58,0
627,105147,1.789,290217,1789,0,628,1731,4,0.306640625,0.84521484375,0.001953125,-638,-780,160,-38.9404296875,-47.607421875,9.765625,-4138,1775,-325,15359,618,-31940,84.3695068359375,3.394775390625,-175.45166015625,350,3.5,0
628,105148,1.79,290218,1790,1,654,2163,-24,0.3193359375,1.05615234375,-0.01171875,-1390,-138,386,-84.8388671875,-8.4228515625,23.5595703125,-503,2159,5384,17416,-796,25294,95.6689453125,-4.37255859375,138.944091796875,355,3.55,0
629,105149,1.791,290219,1791,2,-403,1605,981,-0.19677734375,0.78369140625,0.47900390625,-271,-213,120,-16.54052734375,-13.00048828125,7.32421875,1363,2725,-3432,12148,901,1173,66.73095703125,4.9493408203125,6.4434814453125,358,3.58,0
630,105150,1.796,290224,1796,0,812,1700,16,0.396484375,0.830078125,0.0078125,-613,-1012,126,-37.41455078125,-61.767578125,7.6904296875,-4143,1773,-329,15321,607,-31999,84.1607666015625,3.3343505859375,-175.7757568359375,350,3.5,0
631,105151,1.798,290226,1798,2,-415,1587,978,-0.20263671875,0.77490234375,0.4775390625,-277,-264,130,-16.90673828125,-16.11328125,7.9345703125,1368,2727,-3400,12132,888,1161,66.64306640625,4.8779296875,6.3775634765625,358,3.58,0
632,105152,1.803,290231,1803,0,1306,1675,120,0.6376953125,0.81787109375,0.05859375,-757,-1176,16,-46.20361328125,-71.77734375,0.9765625,-4107,1761,-337,15231,593,-32125,83.6663818359375,3.2574462890625,-176.4678955078125,350,3.5,0
633,105153,1.805,290233,1805,2,-436,1531,933,-0.212890625,0.74755859375,0.45556640625,-322,-375,151,-19.6533203125,-22.88818359375,9.21630859375,1382,2721,-3415,12094,858,1130,66.434326171875,4.713134765625,6.207275390625,357,3.57,0
634,105154,1.81,290238,1810,0,1551,1645,206,0.75732421875,0.80322265625,0.1005859375,-869,-948,-37,-53.03955078125,-57.861328125,-2.25830078125,-4108,1747,-279,15180,592,-32168,83.38623046875,3.251953125,-176.7041015625,350,3.5,0
635,105155,1.811,290239,1811,1,689,2039,-11,0.33642578125,0.99560546875,-0.00537109375,-1616,294,518,-98.6328125,17.9443359375,31.6162109375,-460,2110,5376,17061,-907,25335,93.7188720703125,-4.9822998046875,139.1693115234375,356,3.56,0
636,105156,1.812,290240,1812,2,-443,1511,902,-0.21630859375,0.73779296875,0.4404296875,-363,-401,152,-22.15576171875,-24.47509765625,9.27734375,1375,2728,-3409,12071,842,1112,66.3079833984375,4.625244140625,6.1083984375,357,3.57,0
637,105157,1.817,290245,1817,0,1735,1586,233,0.84716796875,0.7744140625,0.11376953125,-915,-522,-61,-55.84716796875,-31.8603515625,-3.72314453125,-4134,1730,-282,15128,594,-32185,83.1005859375,3.262939453125,-176.7974853515625,350,3.5,0
638,105158,1.818,290246,1818,1,679,2011,46,0.33154296875,0.98193359375,0.0224609375,-1782,369,595,-108.7646484375,22.52197265625,36.31591796875,-438,2058,5419,16858,-973,25373,92.603759765625,-5.3448486328125,139.3780517578125,356,3.56,0
639,105159,1.819,290247,1819,2,-456,1498,873,-0.22265625,0.7314453125,0.42626953125,-428,-439,153,-26.123046875,-26.79443359375,9.33837890625,1394,2751,-3403,12045,825,1092,66.1651611328125,4.5318603515625,5.99853515625,357,3.57,0
640,105160,1.832,290260,1832,0,1787,1511,145,0.87255859375,0.73779296875,0.07080078125,-866,550,-47,-52.8564453125,33.5693359375,-2.86865234375,-4114,1692,-282,15035,607,-32130,82.5897216796875,3.3343505859375,-176.495361328125,350,3.5,0
641,105161,1.833,290261,1833,2,-550,1502,806,-0.2685546875,0.7333984375,0.3935546875,-488,-579,176,-29.78515625,-35.33935546875,10.7421875,1374,2782,-3351,11960,765,1020,65.6982421875,4.2022705078125,5.60302734375,357,3.57,0
642,105162,1.838,290266,1838,0,1638,1476,64,0.7998046875,0.720703125,0.03125,-885,968,-72,-54.01611328125,59.08203125,-4.39453125,-4107,1695,-278,14988,620,-32068,82.33154296875,3.40576171875,-176.15478515625,350,3.5,0
643,105163,1.839,290267,1839,1,291,1903,269,0.14208984375,0.92919921875,0.13134765625,-2557,716,593,-156.06689453125,43.701171875,36.19384765625,-375,1946,5488,16320,-1101,25491,89.6484375,-6.0479736328125,140.0262451171875,356,3.56,0
644,105164,1.84,290268,1840,2,-599,1523,761,-0.29248046875,0.74365234375,0.37158203125,-643,-647,224,-39.24560546875,-39.48974609375,13.671875,1376,2795,-3315,11886,715,964,65.291748046875,3.9276123046875,5.29541015625,356,3.56,0
645,105165,1.845,290273,1845,0,1010,1290,116,0.4931640625,0.6298828125,0.056640625,-892,2273,-280,-54.443359375,138.73291015625,-17.08984375,-4118,1639,-315,14856,705,-31743,81.6064453125,3.8726806640625,-174.3695068359375,350,3.5,0
646,105166,1.846,290274,1846,1,2,1899,146,0.0009765625,0.92724609375,0.0712890625,-2608,686,534,-159.1796875,41.8701171875,32.5927734375,-379,1911,5528,16169,-1128,25526,88.8189697265625,-6.1962890625,140.218505859375,356,3.56,0
647,105167,1.847,290275,1847,2,-577,1523,750,-0.28173828125,0.74365234375,0.3662109375,-755,-645,215,-46.08154296875,-39.36767578125,13.12255859375,1385,2797,-3313,11840,691,936,65.0390625,3.7957763671875,5.1416015625,356,3.56,0
648,105168,1.852,290280,1852,0,801,1268,128,0.39111328125,0.619140625,0.0625,-786,2814,-314,-47.9736328125,171.7529296875,-19.1650390625,-4123,1646,-357,14826,746,-31580,81.441650390625,4.097900390625,-173.47412109375,350,3.5,0
649,105169,1.853,290281,1853,1,-465,1735,441,-0.22705078125,0.84716796875,0.21533203125,-2892,583,543,-176.513671875,35.58349609375,33.14208984375,-403,1825,5541,15841,-1182,25594,87.0172119140625,-6.492919921875,140.592041015625,356,3.56,0
650,105170,1.854,290282,1854,2,-547,1508,761,-0.26708984375,0.736328125,0.37158203125,-879,-613,191,-53.64990234375,-37.41455078125,11.65771484375,1394,2799,-3311,11786,668,910,64.742431640625,3.66943359375,4.998779296875,356,3.56,0
651,105171,1.859,290287,1859,0,446,1410,85,0.2177734375,0.6884765625,0.04150390625,-543,3413,-232,-33.14208984375,208.31298828125,-14.16015625,-4159,1602,-360,14792,825,-31211,81.2548828125,4.5318603515625,-171.4471435546875,350,3.5,0
652,105172,1.86,290288,1860,1,-422,1843,591,-0.2060546875,0.89990234375,0.28857421875,-3104,548,520,-189.453125,33.447265625,31.73828125,-395,1799,5540,15670,-1207,25616,86.077880859375,-6.6302490234375,140.712890625,356,3.56,0
653,105173,1.861,290289,1861,2,-392,1464,903,-0.19140625,0.71484375,0.44091796875,-1114,-593,157,-67.9931640625,-36.19384765625,9.58251953125,1390,2806,-3329,11662,626,857,64.061279296875,3.438720703125,4.7076416015625,356,3.56,0
654,105174,1.866,290294,1866,0,353,1644,124,0.17236328125,0.802734375,0.060546875,-472,3312,-108,-28.80859375,202.1484375,-6.591796875,-4190,1599,-367,14778,855,-31036,81.177978515625,4.6966552734375,-170.48583984375,350,3.5,0
655,105175,1.867,290295,1867,1,-561,2062,350,-0.27392578125,1.0068359375,0.1708984375,-3025,34,241,-184.63134765625,2.0751953125,14.70947265625,-397,1710,5606,15339,-1237,25618,84.2596435546875,-6.7950439453125,140.723876953125,356,3.56,0
656,105176,1.868,290296,1868,2,-267,1440,1022,-0.13037109375,0.703125,0.4990234375,-1110,-537,116,-67.7490234375,-32.77587890625,7.080078125,1391,2819,-3352,11601,609,833,63.7261962890625,3.3453369140625,4.5758056640625,356,3.56,0
657,105177,1.873,290301,1873,0,353,1644,124,0.17236328125,0.802734375,0.060546875,-472,3312,-108,-28.80859375,202.1484375,-6.591796875,-4190,1599,-367,14778,855,-31036,81.177978515625,4.6966552734375,-170.48583984375,350,3.5,0
658,105178,1.874,290302,1874,1,-518,1997,149,-0.2529296875,0.97509765625,0.07275390625,-2907,-307,297,-177.42919921875,-18.73779296875,18.12744140625,-399,1652,5655,15192,-1262,25586,83.4521484375,-6.932373046875,140.548095703125,356,3.56,0
659,105179,1.875,290303,1875,2,36,1435,1211,0.017578125,0.70068359375,0.59130859375,-1027,-455,28,-62.68310546875,-27.77099609375,1.708984375,1357,2836,-3333,11483,585,789,63.0780029296875,3.2135009765625,4.3341064453125,356,3.56,0
660,105180,1.88,290308,1880,0,-423,3382,1219,-0.20654296875,1.6513671875,0.59521484375,-1524,1779,-266,-93.017578125,108.58154296875,-16.2353515625,-4283,1539,-415,14608,936,-30681,80.244140625,5.1416015625,-168.5357666015625,350,3.5,0
661,105181,1.881,290309,1881,1,-349,1812,-271,-0.17041015625,0.884765625,-0.13232421875,-2417,-952,382,-147.52197265625,-58.10546875,23.3154296875,-412,1600,5669,15072,-1286,25536,82.79296875,-7.064208984375,140.2734375,356,3.56,0
662,105182,1.882,290310,1882,2,212,1461,1241,0.103515625,0.71337890625,0.60595703125,-1058,-377,-47,-64.5751953125,-23.01025390625,-2.86865234375,1368,2827,-3341,11422,581,770,62.742919921875,3.1915283203125,4.229736328125,356,3.56,0
663,105183,1.89,290318,1890,0,-1560,3785,1620,-0.76171875,1.84814453125,0.791015625,-1611,1425,-381,-98.32763671875,86.97509765625,-23.25439453125,-4327,1529,-404,14535,968,-30607,79.8431396484375,5.3173828125,-168.1292724609375,350,3.5,0
664,105184,1.89,290318,1890,1,-226,1641,-84,-0.1103515625,0.80126953125,-0.041015625,-1773,-591,241,-108.21533203125,-36.07177734375,14.70947265625,-392,1534,5738,14877,-1322,25469,81.7218017578125,-7.261962890625,139.9053955078125,356,3.56,0
665,105185,1.89,290318,1890,2,416,1483,1233,0.203125,0.72412109375,0.60205078125,-1142,-254,-114,-69.7021484375,-15.5029296875,-6.9580078125,1357,2814,-3270,11357,583,756,62.3858642578125,3.2025146484375,4.15283203125,356,3.56,0
666,105186,1.894,290322,1894,0,-3800,5022,1909,-1.85546875,2.4521484375,0.93212890625,-1205,1406,-406,-73.54736328125,85.8154296875,-24.7802734375,-4401,1485,-430,14402,1046,-30461,79.112548828125,5.745849609375,-167.3272705078125,350,3.5,0
667,105187,1.895,290323,1895,1,-418,1613,-191,-0.2041015625,0.78759765625,-0.09326171875,-1706,-496,266,-104.1259765625,-30.2734375,16.2353515625,-353,1516,5772,14782,-1338,25443,81.199951171875,-7.349853515625,139.7625732421875,356,3.56,0
668,105188,1.896,290324,1896,2,832,1497,1162,0.40625,0.73095703125,0.5673828125,-1112,-48,-293,-67.87109375,-2.9296875,-17.88330078125,1367,2817,-3243,11233,610,735,61.7047119140625,3.350830078125,4.0374755859375,356,3.56,0
669,105189,1.901,290329,1901,0,-3237,5226,2196,-1.58056640625,2.5517578125,1.072265625,-2265,1257,-944,-138.24462890625,76.72119140625,-57.6171875,-4447,1467,-462,14258,1119,-30409,78.321533203125,6.1468505859375,-167.0416259765625,350,3.5,0
670,105190,1.902,290330,1902,1,-312,1808,-356,-0.15234375,0.8828125,-0.173828125,-1901,-564,219,-116.02783203125,-34.423828125,13.36669921875,-361,1457,5813,14671,-1357,25412,80.5902099609375,-7.4542236328125,139.59228515625,357,3.57,0
671,105191,1.903,290331,1903,2,1003,1494,1116,0.48974609375,0.7294921875,0.544921875,-980,36,-393,-59.814453125,2.197265625,-23.98681640625,1377,2822,-3227,11182,634,728,61.424560546875,3.482666015625,3.9990234375,356,3.56,0
672,105192,1.908,290336,1908,0,-3237,5226,2196,-1.58056640625,2.5517578125,1.072265625,-2265,1257,-944,-138.24462890625,76.72119140625,-57.6171875,-4447,1467,-462,14258,1119,-30409,78.321533203125,6.1468505859375,-167.0416259765625,350,3.5,0
673,105193,1.909,290337,1909,1,367,2061,-336,0.17919921875,1.00634765625,-0.1640625,-2836,-716,479,-173.095703125,-43.701171875,29.23583984375,-341,1376,5882,14371,-1417,25344,78.9422607421875,-7.7838134765625,139.21875,357,3.57,0
674,105194,1.91,290338,1910,2,1037,1564,967,0.50634765625,0.763671875,0.47216796875,-769,249,-531,-46.93603515625,15.19775390625,-32.40966796875,1390,2843,-3211,11094,699,723,60.941162109375,3.8397216796875,3.9715576171875,357,3.57,0
675,105195,1.915,290343,1915,0,-287,1575,472,-0.14013671875,0.76904296875,0.23046875,-2306,903,-978,-140.7470703125,55.11474609375,-59.6923828125,-4555,1320,-441,13826,1334,-30298,75.948486328125,7.327880859375,-166.431884765625,351,3.51,0
676,105196,1.916,290344,1916,1,594,2093,-436,0.2900390625,1.02197265625,-0.212890625,-3164,-709,519,-193.115234375,-43.27392578125,31.67724609375,-311,1324,5901,14200,-1455,25313,78.0029296875,-7.9925537109375,139.0484619140625,357,3.57,0
677,105197,1.917,290345,1917,2,977,1608,853,0.47705078125,0.78515625,0.41650390625,-853,224,-515,-52.06298828125,13.671875,-31.43310546875,1405,2830,-3172,11045,731,722,60.6719970703125,4.0155029296875,3.966064453125,357,3.57,0
678,105198,1.922,290350,1922,0,-12,1174,-167,-0.005859375,0.5732421875,-0.08154296875,-1440,829,-693,-87.890625,50.59814453125,-42.29736328125,-4556,1274,-454,13765,1380,-30261,75.6134033203125,7.58056640625,-166.2286376953125,351,3.51,0
679,105199,1.923,290351,1923,1,730,1700,-442,0.3564453125,0.830078125,-0.2158203125,-2772,-301,626,-169.189453125,-18.37158203125,38.2080078125,-316,1258,5938,13887,-1527,25302,76.2835693359375,-8.3880615234375,138.988037109375,357,3.57,0
680,105200,1.924,290352,1924,2,899,1622,753,0.43896484375,0.7919921875,0.36767578125,-959,313,-508,-58.53271484375,19.10400390625,-31.005859375,1416,2809,-3106,10991,765,725,60.3753662109375,4.2022705078125,3.9825439453125,357,3.57,0
681,105201,1.929,290357,1929,0,325,1375,-399,0.15869140625,0.67138671875,-0.19482421875,-1069,904,-599,-65.24658203125,55.17578125,-36.56005859375,-4598,1275,-483,13654,1472,-30174,75.003662109375,8.0859375,-165.750732421875,351,3.51,0
682,105202,1.93,290358,1930,1,728,1626,-254,0.35546875,0.7939453125,-0.1240234375,-2419,401,672,-147.64404296875,24.47509765625,41.015625,-307,1209,5973,13758,-1554,25342,75.574951171875,-8.536376953125,139.207763671875,357,3.57,0
683,105203,1.931,290359,1931,2,625,1546,660,0.30517578125,0.7548828125,0.322265625,-966,412,-412,-58.9599609375,25.146484375,-25.146484375,1425,2817,-3060,10885,830,741,59.7930908203125,4.559326171875,4.0704345703125,358,3.58,0
684,105204,1.936,290364,1936,0,414,1445,-230,0.2021484375,0.70556640625,-0.1123046875,-1611,1276,-760,-98.32763671875,77.880859375,-46.38671875,-4649,1254,-476,13564,1536,-30104,74.50927734375,8.4375,-165.3662109375,351,3.51,0
685,105205,1.937,290365,1937,1,670,1550,-188,0.3271484375,0.7568359375,-0.091796875,-1880,712,585,-114.74609375,43.45703125,35.70556640625,-282,1160,5998,13656,-1574,25389,75.0146484375,-8.646240234375,139.4659423828125,357,3.57,0
686,105206,1.938,290366,1938,2,441,1497,652,0.21533203125,0.73095703125,0.318359375,-915,459,-378,-55.84716796875,28.01513671875,-23.0712890625,1425,2814,-3053,10837,860,755,59.5294189453125,4.72412109375,4.1473388671875,358,3.58,0
687,105207,1.943,290371,1943,0,382,1327,-194,0.1865234375,0.64794921875,-0.0947265625,-2077,1799,-848,-126.77001953125,109.80224609375,-51.7578125,-4715,1211,-493,13457,1613,-30009,73.9215087890625,8.8604736328125,-164.8443603515625,351,3.51,0
688,105208,1.944,290372,1944,1,919,1722,76,0.44873046875,0.8408203125,0.037109375,-1377,341,328,-84.04541015625,20.81298828125,20.01953125,-295,1074,6015,13490,-1596,25444,74.102783203125,-8.76708984375,139.76806640625,357,3.57,0
689,105209,1.945,290373,1945,2,220,1470,646,0.107421875,0.7177734375,0.3154296875,-862,492,-300,-52.6123046875,30.029296875,-18.310546875,1416,2803,-3029,10790,887,770,59.271240234375,4.8724365234375,4.229736328125,358,3.58,0
690,105210,1.954,290382,1954,0,34,999,-231,0.0166015625,0.48779296875,-0.11279296875,-2335,2181,-969,-142.51708984375,133.11767578125,-59.14306640625,-4793,1118,-475,13234,1783,-29805,72.696533203125,9.7943115234375,-163.7237548828125,351,3.51,0
691,105211,1.954,290382,1954,1,896,1910,383,0.4375,0.9326171875,0.18701171875,-1441,415,-64,-87.95166015625,25.32958984375,-3.90625,-288,1025,6000,13400,-1579,25470,73.6083984375,-8.6737060546875,139.910888671875,357,3.57,0
692,105212,1.954,290382,1954,2,-174,1507,656,-0.0849609375,0.73583984375,0.3203125,-967,392,-122,-59.02099609375,23.92578125,-7.4462890625,1410,2823,-3015,10687,923,801,58.7054443359375,5.0701904296875,4.4000244140625,358,3.58,0
693,105213,1.957,290385,1957,0,-155,941,-138,-0.07568359375,0.45947265625,-0.0673828125,-2202,2028,-985,-134.3994140625,123.779296875,-60.11962890625,-4834,1075,-473,13130,1868,-29716,72.125244140625,10.26123046875,-163.23486328125,351,3.51,0
694,105214,1.958,290386,1958,1,238,1863,399,0.1162109375,0.90966796875,0.19482421875,-2058,699,-252,-125.6103515625,42.66357421875,-15.380859375,-314,915,6005,13168,-1529,25537,72.333984375,-8.3990478515625,140.2789306640625,357,3.57,0
695,105215,1.959,290387,1959,2,-319,1516,685,-0.15576171875,0.740234375,0.33447265625,-1011,340,-25,-61.70654296875,20.751953125,-1.52587890625,1401,2841,-2986,10632,932,816,58.4033203125,5.11962890625,4.482421875,359,3.59,0
696,105216,1.964,290392,1964,0,-155,941,-138,-0.07568359375,0.45947265625,-0.0673828125,-2202,2028,-985,-134.3994140625,123.779296875,-60.11962890625,-4834,1075,-473,13130,1868,-29716,72.125244140625,10.26123046875,-163.23486328125,351,3.51,0
697,105217,1.965,290393,1965,1,116,1672,442,0.056640625,0.81640625,0.2158203125,-2136,699,-154,-130.37109375,42.66357421875,-9.3994140625,-297,856,6002,13044,-1511,25571,71.65283203125,-8.3001708984375,140.4656982421875,357,3.57,0
698,105218,1.966,290394,1966,2,-565,1482,756,-0.27587890625,0.7236328125,0.369140625,-1010,235,131,-61.6455078125,14.34326171875,7.99560546875,1418,2913,-2979,10522,935,846,57.799072265625,5.1361083984375,4.647216796875,359,3.59,0
699,105219,1.971,290399,1971,0,-782,1258,399,-0.3818359375,0.6142578125,0.19482421875,-1992,1670,-855,-121.58203125,101.9287109375,-52.18505859375,-4968,920,-569,12839,2101,-29486,70.5267333984375,11.5411376953125,-161.971435546875,351,3.51,0
700,105220,1.972,290400,1972,1,207,1592,472,0.10107421875,0.77734375,0.23046875,-2148,625,-128,-131.103515625,38.14697265625,-7.8125,-278,820,6030,12919,-1494,25603,70.9661865234375,-8.206787109375,140.6414794921875,357,3.57,0
701,105221,1.973,290401,1973,2,-661,1435,767,-0.32275390625,0.70068359375,0.37451171875,-1039,169,186,-63.41552734375,10.31494140625,11.3525390625,1440,2918,-2992,10465,930,858,57.4859619140625,5.108642578125,4.713134765625,359,3.59,0
702,105222,1.978,290406,1978,0,-1044,1318,518,-0.509765625,0.6435546875,0.2529296875,-2001,1703,-802,-122.13134765625,103.94287109375,-48.9501953125,-5020,904,-547,12743,2174,-29409,69.9993896484375,11.942138671875,-161.5484619140625,351,3.51,0
703,105223,1.979,290407,1979,1,456,1619,692,0.22265625,0.79052734375,0.337890625,-1932,572,-11,-117.919921875,34.912109375,-0.67138671875,-290,763,6071,12689,-1469,25666,69.7027587890625,-8.0694580078125,140.987548828125,357,3.57,0
704,105224,1.99,290418,1990,0,-1279,1295,504,-0.62451171875,0.63232421875,0.24609375,-2074,1602,-734,-126.5869140625,97.7783203125,-44.7998046875,-5112,818,-518,12546,2313,-29267,68.917236328125,12.7056884765625,-160.7684326171875,350,3.5,0
705,105225,1.99,290418,1990,1,457,1683,735,0.22314453125,0.82177734375,0.35888671875,-1942,591,-41,-118.5302734375,36.07177734375,-2.50244140625,-295,727,6108,12575,-1454,25698,69.0765380859375,-7.987060546875,141.163330078125,357,3.57,0
706,105226,1.99,290418,1990,2,-573,1245,774,-0.27978515625,0.60791015625,0.3779296875,-1153,-9,250,-70.37353515625,-0.54931640625,15.2587890625,1500,2957,-2939,10280,900,883,56.4697265625,4.94384765625,4.8504638671875,359,3.59,0
707,105227,1.992,290420,1992,0,-1284,1233,384,-0.626953125,0.60205078125,0.1875,-1953,1289,-724,-119.20166015625,78.67431640625,-44.189453125,-5145,757,-528,12452,2374,-29222,68.40087890625,13.040771484375,-160.521240234375,350,3.5,0
708,105228,1.993,290421,1993,1,275,1677,613,0.13427734375,0.81884765625,0.29931640625,-2078,580,-124,-126.8310546875,35.400390625,-7.568359375,-302,635,6180,12338,-1418,25755,67.774658203125,-7.789306640625,141.4764404296875,357,3.57,0
709,105229,1.994,290422,1994,2,-479,1173,782,-0.23388671875,0.57275390625,0.3818359375,-1095,10,216,-66.83349609375,0.6103515625,13.18359375,1506,2957,-2929,10221,891,890,56.1456298828125,4.8944091796875,4.888916015625,359,3.59,0
710,105230,1.999,290427,1999,0,-1284,1233,384,-0.626953125,0.60205078125,0.1875,-1953,1289,-724,-119.20166015625,78.67431640625,-44.189453125,-5145,757,-528,12452,2374,-29222,68.40087890625,13.040771484375,-160.521240234375,350,3.5,0
711,105231,2.0,290428,2000,1,250,1645,586,0.1220703125,0.80322265625,0.2861328125,-2024,616,-44,-123.53515625,37.59765625,-2.685546875,-322,597,6212,12220,-1401,25787,67.12646484375,-7.6959228515625,141.6522216796875,356,3.56,0
712,105232,2.001,290429,2001,2,-331,1117,756,-0.16162109375,0.54541015625,0.369140625,-1067,-4,210,-65.12451171875,-0.244140625,12.8173828125,1547,2981,-2869,10103,872,901,55.4974365234375,4.7900390625,4.9493408203125,359,3.59,0
713,105233,2.006,290434,2006,0,-1418,1133,230,-0.6923828125,0.55322265625,0.1123046875,-1241,411,-865,-75.74462890625,25.08544921875,-52.79541015625,-5199,629,-529,12229,2537,-29191,67.1759033203125,13.9361572265625,-160.3509521484375,350,3.5,0
714,105234,2.007,290435,2007,1,163,1589,484,0.07958984375,0.77587890625,0.236328125,-1998,654,-164,-121.9482421875,39.9169921875,-10.009765625,-381,564,6252,12109,-1380,25814,66.5167236328125,-7.58056640625,141.800537109375,356,3.56,0
715,105235,2.008,290436,2008,2,-254,1124,738,-0.1240234375,0.548828125,0.3603515625,-1168,-45,208,-71.2890625,-2.74658203125,12.6953125,1545,3011,-2877,10037,861,904,55.1348876953125,4.7296142578125,4.9658203125,359,3.59,0
716,105236,2.013,290441,2013,0,-1572,1212,154,-0.767578125,0.591796875,0.0751953125,-1227,141,-849,-74.89013671875,8.60595703125,-51.81884765625,-5222,584,-588,12154,2580,-29210,66.763916015625,14.17236328125,-160.455322265625,349,3.49,0
717,105237,2.014,290442,2014,1,34,1546,660,0.0166015625,0.7548828125,0.322265625,-1842,471,-14,-112.4267578125,28.74755859375,-0.8544921875,-482,508,6320,11899,-1358,25860,65.3631591796875,-7.459716796875,142.05322265625,356,3.56,0
718,105238,2.015,290443,2015,2,-156,1144,754,-0.076171875,0.55859375,0.3681640625,-1243,-67,186,-75.86669921875,-4.08935546875,11.3525390625,1547,3029,-2855,9968,852,907,54.755859375,4.68017578125,4.9822998046875,359,3.59,0
719,105239,2.03,290458,2030,0,-1796,1470,238,-0.876953125,0.7177734375,0.1162109375,-1533,-790,-902,-93.56689453125,-48.2177734375,-55.0537109375,-5288,471,-577,11957,2642,-29326,65.6817626953125,14.512939453125,-161.092529296875,349,3.49,0
720,105240,2.03,290458,2030,1,-58,1477,853,-0.0283203125,0.72119140625,0.41650390625,-1763,296,110,-107.60498046875,18.06640625,6.7138671875,-525,484,6348,11798,-1359,25872,64.808349609375,-7.4652099609375,142.119140625,356,3.56,0
721,105241,2.031,290459,2031,2,64,1185,808,0.03125,0.57861328125,0.39453125,-1233,49,106,-75.25634765625,2.99072265625,6.4697265625,1596,3055,-2829,9766,843,921,53.646240234375,4.6307373046875,5.0592041015625,359,3.59,0
722,105242,2.034,290462,2034,0,-1849,1583,451,-0.90283203125,0.77294921875,0.22021484375,-1692,-1188,-1023,-103.271484375,-72.509765625,-62.43896484375,-5292,430,-580,11838,2668,-29418,65.028076171875,14.65576171875,-161.597900390625,349,3.49,0
723,105243,2.035,290463,2035,1,-171,1772,1330,-0.08349609375,0.865234375,0.6494140625,-1725,-565,255,-105.28564453125,-34.48486328125,15.56396484375,-472,387,6369,11510,-1422,25836,63.226318359375,-7.811279296875,141.92138671875,355,3.55,0
724,105244,2.036,290464,2036,2,115,1212,783,0.05615234375,0.591796875,0.38232421875,-1343,97,26,-81.97021484375,5.92041015625,1.5869140625,1634,3109,-2759,9619,847,931,52.8387451171875,4.6527099609375,5.1141357421875,358,3.58,0
725,105245,2.041,290469,2041,0,-1606,1741,899,-0.7841796875,0.85009765625,0.43896484375,-1837,-1310,-1309,-112.12158203125,-79.9560546875,-79.89501953125,-5347,327,-651,11454,2763,-29722,62.918701171875,15.1776123046875,-163.267822265625,349,3.49,0
726,105246,2.042,290470,2042,1,-141,1847,1509,-0.06884765625,0.90185546875,0.73681640625,-1729,-610,233,-105.52978515625,-37.2314453125,14.22119140625,-473,355,6337,11421,-1449,25808,62.7374267578125,-7.9595947265625,141.767578125,355,3.55,0
727,105247,2.05,290478,2050,2,137,1208,766,0.06689453125,0.58984375,0.3740234375,-1329,102,3,-81.11572265625,6.2255859375,0.18310546875,1610,3103,-2746,9548,852,936,52.44873046875,4.68017578125,5.1416015625,358,3.58,0
728,105248,2.05,290478,2050,0,-1136,1889,1001,-0.5546875,0.92236328125,0.48876953125,-1873,-1244,-1362,-114.31884765625,-75.927734375,-83.1298828125,-5345,290,-628,11323,2799,-29820,62.1990966796875,15.3753662109375,-163.80615234375,349,3.49,0
729,105249,2.05,290478,2050,1,-360,1537,1188,-0.17578125,0.75048828125,0.580078125,-1357,-1054,249,-82.82470703125,-64.3310546875,15.19775390625,-484,308,6360,11276,-1521,25720,61.94091796875,-8.3551025390625,141.2841796875,355,3.55,0
730,105250,2.05,290478,2050,2,150,1228,751,0.0732421875,0.599609375,0.36669921875,-1248,150,-26,-76.171875,9.1552734375,-1.5869140625,1598,3118,-2709,9480,859,941,52.0751953125,4.7186279296875,5.1690673828125,358,3.58,0
731,105251,2.055,290483,2055,0,-479,1792,1196,-0.23388671875,0.875,0.583984375,-1939,-1190,-1269,-118.34716796875,-72.6318359375,-77.45361328125,-5329,172,-624,11059,2864,-30009,60.7489013671875,15.732421875,-164.8443603515625,349,3.49,0
732,105252,2.056,290484,2056,1,-404,1527,1133,-0.197265625,0.74560546875,0.55322265625,-1408,-1093,360,-85.9375,-66.71142578125,21.97265625,-482,278,6364,11202,-1571,25683,61.534423828125,-8.6297607421875,141.0809326171875,355,3.55,0
733,105253,2.057,290485,2057,2,105,1330,699,0.05126953125,0.6494140625,0.34130859375,-1177,-1,-34,-71.83837890625,-0.06103515625,-2.0751953125,1605,3147,-2625,9350,864,939,51.361083984375,4.74609375,5.1580810546875,358,3.58,0
734,105254,2.062,290490,2062,0,-364,1618,1274,-0.177734375,0.7900390625,0.6220703125,-1839,-1077,-1149,-112.24365234375,-65.73486328125,-70.12939453125,-5309,130,-629,10939,2890,-30090,60.0897216796875,15.875244140625,-165.289306640625,349,3.49,0
735,105255,2.063,290491,2063,1,-428,1329,1208,-0.208984375,0.64892578125,0.58984375,-1489,-770,628,-90.88134765625,-46.9970703125,38.330078125,-467,249,6374,11122,-1621,25670,61.094970703125,-8.9044189453125,141.009521484375,355,3.55,0
736,105256,2.064,290492,2064,2,63,1365,679,0.03076171875,0.66650390625,0.33154296875,-1106,-64,-41,-67.5048828125,-3.90625,-2.50244140625,1624,3170,-2583,9290,863,934,51.031494140625,4.7406005859375,5.130615234375,358,3.58,0
737,105257,2.069,290497,2069,0,-365,1504,1270,-0.17822265625,0.734375,0.6201171875,-1688,-927,-991,-103.02734375,-56.57958984375,-60.48583984375,-5336,113,-618,10828,2911,-30160,59.47998046875,15.9906005859375,-165.673828125,349,3.49,0
738,105258,2.07,290498,2070,1,-94,1719,1128,-0.0458984375,0.83935546875,0.55078125,-1441,-103,588,-87.95166015625,-6.28662109375,35.888671875,-443,160,6380,10957,-1686,25685,60.1885986328125,-9.261474609375,141.0919189453125,354,3.54,0
739,105259,2.071,290499,2071,2,55,1375,692,0.02685546875,0.67138671875,0.337890625,-1026,-104,-47,-62.6220703125,-6.34765625,-2.86865234375,1634,3165,-2575,9236,862,927,50.73486328125,4.735107421875,5.0921630859375,358,3.58,0
740,105260,2.076,290504,2076,0,-352,1575,1227,-0.171875,0.76904296875,0.59912109375,-1673,-721,-725,-102.11181640625,-44.00634765625,-44.25048828125,-5357,47,-587,10610,2942,-30277,58.282470703125,16.160888671875,-166.3165283203125,349,3.49,0
741,105261,2.077,290505,2077,1,66,1796,891,0.0322265625,0.876953125,0.43505859375,-1438,-85,481,-87.7685546875,-5.18798828125,29.35791015625,-426,126,6405,10871,-1715,25696,59.7161865234375,-9.4207763671875,141.15234375,354,3.54,0
742,105262,2.078,290506,2078,2,5,1341,718,0.00244140625,0.65478515625,0.3505859375,-733,-113,-59,-44.73876953125,-6.89697265625,-3.60107421875,1632,3162,-2508,9150,860,912,50.262451171875,4.72412109375,5.009765625,358,3.58,0
743,105263,2.083,290511,2083,0,-342,1615,1158,-0.1669921875,0.78857421875,0.5654296875,-1791,-670,-641,-109.31396484375,-40.8935546875,-39.12353515625,-5364,3,-569,10494,2953,-30326,57.645263671875,16.2213134765625,-166.585693359375,349,3.49,0
744,105264,2.084,290512,2084,1,148,1507,671,0.072265625,0.73583984375,0.32763671875,-1683,-571,484,-102.72216796875,-34.85107421875,29.541015625,-397,43,6425,10688,-1790,25674,58.7109375,-9.832763671875,141.031494140625,354,3.54,0
745,105265,2.085,290513,2085,2,-69,1328,688,-0.03369140625,0.6484375,0.3359375,-684,-162,-37,-41.748046875,-9.8876953125,-2.25830078125,1643,3163,-2490,9111,854,903,50.0482177734375,4.691162109375,4.9603271484375,358,3.58,0
746,105266,2.09,290518,2090,0,-430,1461,830,-0.2099609375,0.71337890625,0.4052734375,-2012,-363,-493,-122.802734375,-22.15576171875,-30.09033203125,-5359,-98,-573,10254,2978,-30394,56.326904296875,16.358642578125,-166.959228515625,348,3.48,0
747,105267,2.091,290519,2091,1,309,1352,1001,0.15087890625,0.66015625,0.48876953125,-1728,-587,369,-105.46875,-35.82763671875,22.52197265625,-365,1,6403,10596,-1823,25656,58.20556640625,-10.0140380859375,140.9326171875,354,3.54,0
748,105268,2.092,290520,2092,2,-148,1253,623,-0.072265625,0.61181640625,0.30419921875,-747,-262,-8,-45.59326171875,-15.9912109375,-0.48828125,1662,3150,-2444,9028,838,879,49.59228515625,4.603271484375,4.8284912109375,358,3.58,0
749,105269,2.097,290525,2097,0,-568,1296,801,-0.27734375,0.6328125,0.39111328125,-1985,-223,-411,-121.15478515625,-13.61083984375,-25.08544921875,-5338,-126,-525,10139,2992,-30415,55.6951904296875,16.435546875,-167.0745849609375,348,3.48,0
750,105270,2.098,290526,2098,1,406,1202,1039,0.1982421875,0.5869140625,0.50732421875,-1723,-602,337,-105.16357421875,-36.7431640625,20.56884765625,-343,-17,6366,10500,-1851,25641,57.67822265625,-10.1678466796875,140.8502197265625,354,3.54,0
751,105271,2.099,290527,2099,2,-148,1198,621,-0.072265625,0.5849609375,0.30322265625,-668,-180,-57,-40.771484375,-10.986328125,-3.47900390625,1672,3156,-2444,8992,836,870,49.39453125,4.59228515625,4.779052734375,358,3.58,0
752,105272,2.104,290532,2104,0,-660,1200,832,-0.322265625,0.5859375,0.40625,-1943,-135,-375,-118.59130859375,-8.23974609375,-22.88818359375,-5323,-190,-517,10028,3005,-30431,55.08544921875,16.5069580078125,-167.1624755859375,348,3.48,0
753,105273,2.105,290533,2105,1,582,1278,1130,0.2841796875,0.6240234375,0.5517578125,-1796,-112,312,-109.619140625,-6.8359375,19.04296875,-335,-78,6407,10299,-1890,25637,56.5740966796875,-10.382080078125,140.8282470703125,355,3.55,0
754,105274,2.106,290534,2106,2,-151,1171,614,-0.07373046875,0.57177734375,0.2998046875,-619,-147,-73,-37.78076171875,-8.97216796875,-4.45556640625,1674,3169,-2426,8957,834,861,49.2022705078125,4.581298828125,4.7296142578125,358,3.58,0
755,105275,2.113,290541,2113,0,-958,1151,1038,-0.4677734375,0.56201171875,0.5068359375,-1865,-53,-323,-113.83056640625,-3.23486328125,-19.71435546875,-5297,-306,-485,9813,3032,-30459,53.9044189453125,16.6552734375,-167.3162841796875,348,3.48,0
756,105276,2.113,290541,2113,1,472,1228,984,0.23046875,0.599609375,0.48046875,-2047,-270,301,-124.93896484375,-16.4794921875,18.37158203125,-342,-111,6394,10180,-1917,25630,55.92041015625,-10.5303955078125,140.789794921875,355,3.55,0
757,105277,2.113,290541,2113,2,-139,1183,599,-0.06787109375,0.57763671875,0.29248046875,-655,-112,-93,-39.97802734375,-6.8359375,-5.67626953125,1696,3186,-2404,8884,834,843,48.80126953125,4.581298828125,4.6307373046875,358,3.58,0
758,105278,2.118,290546,2118,0,-1121,1183,1085,-0.54736328125,0.57763671875,0.52978515625,-1851,-174,-347,-112.97607421875,-10.6201171875,-21.17919921875,-5283,-348,-495,9704,3041,-30484,53.3056640625,16.7047119140625,-167.45361328125,348,3.48,0
759,105279,2.119,290547,2119,1,458,955,1121,0.2236328125,0.46630859375,0.54736328125,-2258,-361,514,-137.8173828125,-22.03369140625,31.3720703125,-346,-189,6310,9931,-1986,25626,54.5526123046875,-10.909423828125,140.767822265625,355,3.55,0
760,105280,2.12,290548,2120,2,-174,1180,599,-0.0849609375,0.576171875,0.29248046875,-645,-97,-104,-39.36767578125,-5.92041015625,-6.34765625,1682,3220,-2387,8848,835,835,48.603515625,4.5867919921875,4.5867919921875,358,3.58,0
761,105281,2.125,290553,2125,0,-1121,1183,1085,-0.54736328125,0.57763671875,0.52978515625,-1851,-174,-347,-112.97607421875,-10.6201171875,-21.17919921875,-5283,-348,-495,9704,3041,-30484,53.3056640625,16.7047119140625,-167.45361328125,348,3.48,0
762,105282,2.126,290554,2126,1,309,668,1503,0.15087890625,0.326171875,0.73388671875,-1955,3,474,-119.32373046875,0.18310546875,28.9306640625,-352,-229,6306,9823,-1999,25638,53.9593505859375,-10.9808349609375,140.833740234375,355,3.55,0
763,105283,2.127,290555,2127,2,-244,1143,644,-0.119140625,0.55810546875,0.314453125,-616,-104,-116,-37.59765625,-6.34765625,-7.080078125,1693,3233,-2355,8778,838,817,48.218994140625,4.603271484375,4.4879150390625,357,3.57,0
764,105284,2.132,290560,2132,0,-1011,1106,1190,-0.49365234375,0.5400390625,0.5810546875,-1822,-756,-660,-111.2060546875,-46.142578125,-40.283203125,-5288,-494,-517,9357,3057,-30634,51.3995361328125,16.7926025390625,-168.277587890625,348,3.48,0
765,105285,2.133,290561,2133,1,234,821,1737,0.1142578125,0.40087890625,0.84814453125,-1765,73,211,-107.72705078125,4.45556640625,12.87841796875,-324,-263,6314,9724,-2006,25650,53.41552734375,-11.019287109375,140.899658203125,356,3.56,0
766,105286,2.134,290562,2134,2,-264,1128,690,-0.12890625,0.55078125,0.3369140625,-613,-111,-110,-37.41455078125,-6.77490234375,-6.7138671875,1713,3242,-2343,8744,838,808,48.0322265625,4.603271484375,4.4384765625,357,3.57,0
767,105287,2.139,290567,2139,0,-906,1051,1297,-0.4423828125,0.51318359375,0.63330078125,-1773,-933,-767,-108.21533203125,-56.94580078125,-46.81396484375,-5270,-542,-528,9237,3059,-30707,50.7403564453125,16.8035888671875,-168.6785888671875,348,3.48,0
768,105288,2.15,290578,2150,1,51,1125,1270,0.02490234375,0.54931640625,0.6201171875,-1798,-587,132,-109.7412109375,-35.82763671875,8.056640625,-305,-305,6283,9534,-2052,25613,52.371826171875,-11.27197265625,140.6964111328125,356,3.56,0
769,105289,2.15,290578,2150,2,-168,1150,875,-0.08203125,0.5615234375,0.42724609375,-390,-60,-71,-23.8037109375,-3.662109375,-4.33349609375,1719,3228,-2355,8668,840,788,47.61474609375,4.6142578125,4.32861328125,357,3.57,0
770,105290,2.153,290581,2153,0,-294,724,1322,-0.1435546875,0.353515625,0.6455078125,-1663,-933,-1048,-101.50146484375,-56.94580078125,-63.96484375,-5233,-683,-494,8882,3086,-30948,48.790283203125,16.951904296875,-170.00244140625,348,3.48,0
771,105291,2.154,290582,2154,1,-25,892,1369,-0.01220703125,0.435546875,0.66845703125,-1778,-909,38,-108.5205078125,-55.48095703125,2.3193359375,-247,-412,6309,9251,-2165,25504,50.8172607421875,-11.8927001953125,140.09765625,356,3.56,0
772,105292,2.16,290588,2160,0,-294,724,1322,-0.1435546875,0.353515625,0.6455078125,-1663,-933,-1048,-101.50146484375,-56.94580078125,-63.96484375,-5233,-683,-494,8882,3086,-30948,48.790283203125,16.951904296875,-170.00244140625,348,3.48,0
773,105293,2.161,290589,2161,1,59,863,1451,0.02880859375,0.42138671875,0.70849609375,-1660,-734,85,-101.318359375,-44.7998046875,5.18798828125,-215,-451,6285,9167,-2199,25471,50.3558349609375,-12.0794677734375,139.9163818359375,356,3.56,0
774,105294,2.162,290590,2162,2,-85,1400,983,-0.04150390625,0.68359375,0.47998046875,-250,-65,-5,-15.2587890625,-3.96728515625,-0.30517578125,1732,3259,-2305,8621,837,777,47.3565673828125,4.5977783203125,4.2681884765625,357,3.57,0
775,105295,2.167,290595,2167,0,230,560,1299,0.1123046875,0.2734375,0.63427734375,-1390,-781,-988,-84.8388671875,-47.66845703125,-60.302734375,-5167,-868,-512,8574,3123,-31173,47.098388671875,17.1551513671875,-171.2384033203125,348,3.48,0
776,105296,2.168,290596,2168,1,67,994,1177,0.03271484375,0.4853515625,0.57470703125,-1559,-907,152,-95.15380859375,-55.35888671875,9.27734375,-228,-494,6248,9088,-2246,25430,49.921875,-12.337646484375,139.691162109375,356,3.56,0
777,105297,2.169,290597,2169,2,-83,1491,996,-0.04052734375,0.72802734375,0.486328125,-204,-96,14,-12.451171875,-5.859375,0.8544921875,1752,3281,-2295,8611,832,773,47.3016357421875,4.5703125,4.2462158203125,357,3.57,0
778,105298,2.174,290602,2174,0,359,650,1298,0.17529296875,0.3173828125,0.6337890625,-1440,-606,-912,-87.890625,-36.9873046875,-55.6640625,-5136,-909,-471,8477,3141,-31229,46.5655517578125,17.2540283203125,-171.5460205078125,348,3.48,0
779,105299,2.175,290603,2175,1,582,1317,800,0.2841796875,0.64306640625,0.390625,-1654,-1542,155,-100.9521484375,-94.1162109375,9.46044921875,-205,-544,6240,8924,-2373,25325,49.02099609375,-13.0352783203125,139.1143798828125,356,3.56,0
780,105300,2.176,290604,2176,2,-89,1560,990,-0.04345703125,0.76171875,0.4833984375,-158,-127,14,-9.6435546875,-7.75146484375,0.8544921875,1752,3305,-2279,8602,827,768,47.252197265625,4.5428466796875,4.21875,357,3.57,0
781,105301,2.181,290609,2181,0,283,774,1414,0.13818359375,0.3779296875,0.6904296875,-1583,117,-764,-96.61865234375,7.14111328125,-46.630859375,-5085,-984,-472,8287,3210,-31284,45.5218505859375,17.633056640625,-171.84814453125,348,3.48,0
782,105302,2.182,290610,2182,1,732,1344,948,0.357421875,0.65625,0.462890625,-1773,-1446,264,-108.21533203125,-88.2568359375,16.11328125,-192,-566,6242,8843,-2436,25269,48.5760498046875,-13.38134765625,138.8067626953125,356,3.56,0
783,105303,2.183,290611,2183,2,-143,1670,953,-0.06982421875,0.8154296875,0.46533203125,-218,-176,3,-13.3056640625,-10.7421875,0.18310546875,1781,3304,-2256,8577,815,753,47.1148681640625,4.4769287109375,4.1363525390625,357,3.57,0
784,105304,2.188,290616,2188,0,37,759,1519,0.01806640625,0.37060546875,0.74169921875,-1549,459,-655,-94.54345703125,28.01513671875,-39.97802734375,-5074,-1036,-473,8201,3256,-31286,45.0494384765625,17.8857421875,-171.859130859375,348,3.48,0
785,105305,2.189,290617,2189,1,807,1290,919,0.39404296875,0.6298828125,0.44873046875,-1691,-1585,143,-103.21044921875,-96.74072265625,8.72802734375,-192,-604,6244,8760,-2499,25211,48.1201171875,-13.7274169921875,138.4881591796875,356,3.56,0
786,105306,2.19,290618,2190,2,-194,1712,975,-0.0947265625,0.8359375,0.47607421875,-276,-190,-9,-16.845703125,-11.5966796875,-0.54931640625,1789,3301,-2245,8561,809,744,47.0269775390625,4.4439697265625,4.0869140625,357,3.57,0
787,105307,2.195,290623,2195,0,-271,845,1676,-0.13232421875,0.41259765625,0.818359375,-1502,670,-521,-91.6748046875,40.8935546875,-31.79931640625,-5069,-1063,-481,8123,3303,-31276,44.6209716796875,18.1439208984375,-171.80419921875,348,3.48,0
788,105308,2.196,290624,2196,1,1039,1353,1208,0.50732421875,0.66064453125,0.58984375,-1648,-1267,368,-100.5859375,-77.33154296875,22.4609375,-155,-663,6244,8604,-2626,25121,47.26318359375,-14.425048828125,137.9937744140625,357,3.57,0
789,105309,2.197,290625,2197,2,-260,1725,1033,-0.126953125,0.84228515625,0.50439453125,-274,-206,5,-16.7236328125,-12.5732421875,0.30517578125,1805,3319,-2201,8548,801,736,46.95556640625,4.4000244140625,4.04296875,357,3.57,0
790,105310,2.202,290630,2202,0,-848,1104,1678,-0.4140625,0.5390625,0.8193359375,-1425,793,-408,-86.97509765625,48.40087890625,-24.90234375,-5053,-1139,-481,7974,3398,-31246,43.802490234375,18.665771484375,-171.639404296875,348,3.48,0
791,105311,2.21,290638,2210,1,1139,1461,1186,0.55615234375,0.71337890625,0.5791015625,-1419,-1192,270,-86.60888671875,-72.75390625,16.4794921875,-104,-666,6223,8534,-2678,25089,46.878662109375,-14.710693359375,137.8179931640625,357,3.57,0
792,105312,2.21,290638,2210,2,-374,1730,1140,-0.1826171875,0.8447265625,0.556640625,-100,-264,5,-6.103515625,-16.11328125,0.30517578125,1828,3332,-2233,8534,783,714,46.878662109375,4.3011474609375,3.922119140625,358,3.58,0
793,105313,2.21,290638,2210,0,-964,1180,1568,-0.470703125,0.576171875,0.765625,-1414,762,-382,-86.3037109375,46.5087890625,-23.3154296875,-5060,-1169,-482,7897,3443,-31235,43.3795166015625,18.9129638671875,-171.5789794921875,348,3.48,0
794,105314,2.21,290638,2210,1,1050,1711,1375,0.5126953125,0.83544921875,0.67138671875,-1567,-760,466,-95.64208984375,-46.38671875,28.4423828125,-64,-728,6247,8369,-2773,25066,45.9722900390625,-15.2325439453125,137.691650390625,357,3.57,0
795,105315,2.216,290644,2216,0,-1114,1337,1335,-0.5439453125,0.65283203125,0.65185546875,-1422,477,-450,-86.7919921875,29.11376953125,-27.4658203125,-5060,-1256,-483,7741,3519,-31233,42.5225830078125,19.3304443359375,-171.5679931640625,348,3.48,0
796,105316,2.217,290645,2217,1,1149,1458,1593,0.56103515625,0.7119140625,0.77783203125,-1401,-529,506,-85.51025390625,-32.28759765625,30.8837890625,-29,-741,6265,8293,-2814,25067,45.5548095703125,-15.457763671875,137.6971435546875,358,3.58,0
797,105317,2.218,290646,2218,2,-419,1803,1205,-0.20458984375,0.88037109375,0.58837890625,-135,-280,-50,-8.23974609375,-17.08984375,-3.0517578125,1862,3314,-2170,8509,761,676,46.7413330078125,4.1802978515625,3.71337890625,358,3.58,0
798,105318,2.223,290651,2223,0,-1139,1399,1264,-0.55615234375,0.68310546875,0.6171875,-1349,271,-534,-82.33642578125,16.54052734375,-32.5927734375,-5051,-1313,-496,7661,3548,-31251,42.0831298828125,19.48974609375,-171.6668701171875,348,3.48,0
799,105319,2.224,290652,2224,1,1120,1424,1420,0.546875,0.6953125,0.693359375,-1289,-569,492,-78.67431640625,-34.72900390625,30.029296875,3,-775,6224,8217,-2849,25068,45.1373291015625,-15.6500244140625,137.70263671875,358,3.58,0
800,105320,2.225,290653,2225,2,-386,1795,1251,-0.1884765625,0.87646484375,0.61083984375,-27,-256,-82,-1.64794921875,-15.625,-5.0048828125,1871,3317,-2125,8509,756,662,46.7413330078125,4.15283203125,3.636474609375,358,3.58,0
801,105321,2.23,290658,2230,0,-1189,1528,1294,-0.58056640625,0.74609375,0.6318359375,-1340,-12,-599,-81.787109375,-0.732421875,-36.56005859375,-5038,-1362,-475,7576,3567,-31282,41.6162109375,19.5941162109375,-171.837158203125,348,3.48,0
802,105322,2.231,290659,2231,1,1314,1677,1464,0.6416015625,0.81884765625,0.71484375,-1618,-124,464,-98.7548828125,-7.568359375,28.3203125,32,-827,6227,8033,-2896,25094,44.1265869140625,-15.908203125,137.845458984375,358,3.58,0
803,105323,2.232,290660,2232,2,-346,1804,1271,-0.1689453125,0.880859375,0.62060546875,35,-251,-107,2.13623046875,-15.31982421875,-6.53076171875,1897,3342,-2078,8510,751,648,46.746826171875,4.1253662109375,3.5595703125,358,3.58,0
804,105324,2.237,290665,2237,0,-1094,1764,1697,-0.5341796875,0.861328125,0.82861328125,-1333,-365,-736,-81.35986328125,-22.27783203125,-44.921875,-5042,-1420,-484,7398,3593,-31373,40.638427734375,19.7369384765625,-172.3370361328125,348,3.48,0
805,105325,2.238,290666,2238,1,1317,1672,1490,0.64306640625,0.81640625,0.7275390625,-1684,34,464,-102.783203125,2.0751953125,28.3203125,28,-843,6248,7931,-2909,25118,43.5662841796875,-15.9796142578125,137.977294921875,358,3.58,0
806,105326,2.239,290667,2239,2,-239,1887,1304,-0.11669921875,0.92138671875,0.63671875,52,-247,-123,3.173828125,-15.07568359375,-7.50732421875,1874,3347,-2010,8515,744,618,46.7742919921875,4.0869140625,3.394775390625,359,3.59,0
807,105327,2.244,290672,2244,0,-976,1588,1782,-0.4765625,0.775390625,0.8701171875,-1286,-453,-766,-78.4912109375,-27.64892578125,-46.7529296875,-5033,-1480,-484,7309,3603,-31427,40.1495361328125,19.7918701171875,-172.6336669921875,348,3.48,0
808,105328,2.245,290673,2245,1,1235,1170,1610,0.60302734375,0.5712890625,0.7861328125,-1442,358,389,-88.0126953125,21.8505859375,23.74267578125,36,-943,6298,7744,-2911,25182,42.5390625,-15.9906005859375,138.328857421875,359,3.59,0
809,105329,2.246,290674,2246,2,-175,1911,1341,-0.08544921875,0.93310546875,0.65478515625,129,-250,-133,7.87353515625,-15.2587890625,-8.11767578125,1883,3350,-2032,8523,740,602,46.8182373046875,4.06494140625,3.306884765625,359,3.59,0
810,105330,2.251,290679,2251,0,-976,1588,1782,-0.4765625,0.775390625,0.8701171875,-1286,-453,-766,-78.4912109375,-27.64892578125,-46.7529296875,-5033,-1480,-484,7309,3603,-31427,40.1495361328125,19.7918701171875,-172.6336669921875,348,3.48,0
811,105331,2.252,290680,2252,1,1340,1466,1683,0.654296875,0.7158203125,0.82177734375,-1510,627,409,-92.1630859375,38.26904296875,24.96337890625,61,-981,6301,7651,-2897,25219,42.0281982421875,-15.9136962890625,138.5321044921875,359,3.59,0
812,105332,2.258,290686,2258,0,-719,1682,1538,-0.35107421875,0.8212890625,0.7509765625,-1306,-614,-623,-79.7119140625,-37.4755859375,-38.02490234375,-5022,-1594,-475,7048,3605,-31584,38.7158203125,19.8028564453125,-173.49609375,348,3.48,0
813,105333,2.259,290687,2259,1,1198,1322,1553,0.5849609375,0.6455078125,0.75830078125,-1427,645,304,-87.09716796875,39.36767578125,18.5546875,65,-1011,6314,7565,-2879,25258,41.5557861328125,-15.8148193359375,138.746337890625,359,3.59,0
814,105334,2.265,290693,2265,0,-662,1582,1583,-0.3232421875,0.7724609375,0.77294921875,-1328,-611,-546,-81.0546875,-37.29248046875,-33.3251953125,-5008,-1639,-467,6958,3599,-31631,38.221435546875,19.7698974609375,-173.7542724609375,348,3.48,0
815,105335,2.266,290694,2266,1,982,1188,1393,0.4794921875,0.580078125,0.68017578125,-1268,680,390,-77.392578125,41.50390625,23.8037109375,70,-1058,6243,7405,-2843,25335,40.6768798828125,-15.6170654296875,139.1693115234375,359,3.59,0
816,105336,2.274,290702,2274,2,51,2036,1434,0.02490234375,0.994140625,0.7001953125,272,-138,-210,16.6015625,-8.4228515625,-12.8173828125,1899,3352,-2009,8574,743,541,47.098388671875,4.0814208984375,2.9718017578125,359,3.59,0
817,105337,2.274,290702,2274,0,-728,1447,1666,-0.35546875,0.70654296875,0.8134765625,-1264,-617,-427,-77.1484375,-37.65869140625,-26.06201171875,-4980,-1715,-494,6791,3579,-31716,37.3040771484375,19.6600341796875,-174.22119140625,348,3.48,0
818,105338,2.274,290702,2274,1,755,1021,1468,0.36865234375,0.49853515625,0.716796875,-1190,567,345,-72.6318359375,34.60693359375,21.05712890625,71,-1062,6247,7326,-2828,25372,40.242919921875,-15.53466796875,139.37255859375,359,3.59,0
819,105339,2.274,290702,2274,2,38,2087,1517,0.0185546875,1.01904296875,0.74072265625,304,-94,-202,18.5546875,-5.7373046875,-12.3291015625,1909,3340,-2019,8606,753,517,47.274169921875,4.1363525390625,2.8399658203125,359,3.59,0
820,105340,2.279,290707,2279,0,-764,1469,1616,-0.373046875,0.71728515625,0.7890625,-1179,-496,-434,-71.96044921875,-30.2734375,-26.4892578125,-4968,-1751,-472,6713,3572,-31751,36.8756103515625,19.62158203125,-174.4134521484375,348,3.48,0
821,105341,2.28,290708,2280,1,410,737,1639,0.2001953125,0.35986328125,0.80029296875,-1216,581,356,-74.21875,35.46142578125,21.728515625,86,-1138,6286,7169,-2797,25443,39.3804931640625,-15.3643798828125,139.7625732421875,359,3.59,0
822,105342,2.281,290709,2281,2,11,2100,1549,0.00537109375,1.025390625,0.75634765625,303,-71,-206,18.49365234375,-4.33349609375,-12.5732421875,1918,3331,-2049,8622,760,507,47.362060546875,4.1748046875,2.7850341796875,359,3.59,0
823,105343,2.286,290714,2286,0,-764,1469,1616,-0.373046875,0.71728515625,0.7890625,-1179,-496,-434,-71.96044921875,-30.2734375,-26.4892578125,-4968,-1751,-472,6713,3572,-31751,36.8756103515625,19.62158203125,-174.4134521484375,348,3.48,0
824,105344,2.287,290715,2287,1,352,877,1542,0.171875,0.42822265625,0.7529296875,-1152,523,292,-70.3125,31.92138671875,17.822265625,83,-1146,6283,7096,-2787,25474,38.9794921875,-15.3094482421875,139.932861328125,359,3.59,0
825,105345,2.293,290721,2293,0,-800,1492,1653,-0.390625,0.728515625,0.80712890625,-1174,-330,-399,-71.6552734375,-20.1416015625,-24.35302734375,-4930,-1878,-412,6492,3565,-31844,35.66162109375,19.5831298828125,-174.92431640625,348,3.48,0
826,105346,2.294,290722,2294,1,313,804,1460,0.15283203125,0.392578125,0.712890625,-1087,328,276,-66.34521484375,20.01953125,16.845703125,88,-1144,6261,7034,-2790,25498,38.638916015625,-15.325927734375,140.064697265625,359,3.59,0
827,105347,2.295,290723,2295,2,-87,2116,1653,-0.04248046875,1.033203125,0.80712890625,297,2,-241,18.12744140625,0.1220703125,-14.70947265625,1874,3306,-2050,8670,788,477,47.625732421875,4.32861328125,2.6202392578125,359,3.59,0
828,105348,2.3,290728,2300,0,-805,1281,1674,-0.39306640625,0.62548828125,0.8173828125,-1080,-369,-313,-65.91796875,-22.52197265625,-19.10400390625,-4923,-1917,-408,6423,3562,-31874,35.2825927734375,19.566650390625,-175.089111328125,348,3.48,0
829,105349,2.301,290729,2301,1,422,805,1663,0.2060546875,0.39306640625,0.81201171875,-798,-45,412,-48.7060546875,-2.74658203125,25.146484375,97,-1140,6224,6936,-2820,25535,38.1005859375,-15.49072265625,140.2679443359375,359,3.59,0
830,105350,2.302,290730,2302,2,-120,2128,1696,-0.05859375,1.0390625,0.828125,313,12,-237,19.10400390625,0.732421875,-14.46533203125,1891,3313,-2032,8686,799,469,47.713623046875,4.3890380859375,2.5762939453125,359,3.59,0
831,105351,2.307,290735,2307,0,-667,1172,1684,-0.32568359375,0.572265625,0.822265625,-934,-459,-385,-57.0068359375,-28.01513671875,-23.49853515625,-4916,-1991,-377,6300,3548,-31940,34.60693359375,19.48974609375,-175.45166015625,348,3.48,0
832,105352,2.321,290749,2321,1,505,829,1851,0.24658203125,0.40478515625,0.90380859375,-766,-77,374,-46.7529296875,-4.69970703125,22.8271484375,105,-1187,6208,6884,-2836,25549,37.81494140625,-15.57861328125,140.3448486328125,358,3.58,0
833,105353,2.322,290750,2322,1,705,1131,1767,0.34423828125,0.55224609375,0.86279296875,-658,-227,334,-40.1611328125,-13.85498046875,20.3857421875,86,-1245,6196,6752,-2896,25582,37.08984375,-15.908203125,140.526123046875,358,3.58,0
834,105354,2.323,290751,2323,2,-117,2251,1853,-0.05712890625,1.09912109375,0.90478515625,300,102,-148,18.310546875,6.2255859375,-9.033203125,1866,3311,-2053,8767,852,449,48.1585693359375,4.68017578125,2.4664306640625,358,3.58,0
835,105355,2.328,290756,2328,0,-672,1227,1898,-0.328125,0.59912109375,0.9267578125,-728,-405,-270,-44.43359375,-24.71923828125,-16.4794921875,-4883,-2113,-446,6092,3514,-32053,33.46435546875,19.302978515625,-176.0723876953125,348,3.48,0
836,105356,2.329,290757,2329,1,720,1127,1864,0.3515625,0.55029296875,0.91015625,-546,-239,465,-33.3251953125,-14.58740234375,28.38134765625,88,-1255,6165,6721,-2917,25593,36.9195556640625,-16.0235595703125,140.5865478515625,358,3.58,0
837,105357,2.33,290758,2330,2,-95,2276,1871,-0.04638671875,1.111328125,0.91357421875,289,124,-126,17.63916015625,7.568359375,-7.6904296875,1877,3310,-2086,8784,862,449,48.251953125,4.735107421875,2.4664306640625,358,3.58,0
838,105358,2.335,290763,2335,0,-710,1276,1941,-0.3466796875,0.623046875,0.94775390625,-718,-479,-212,-43.8232421875,-29.23583984375,-12.939453125,-4882,-2128,-413,6049,3500,-32079,33.2281494140625,19.22607421875,-176.2152099609375,348,3.48,0
839,105359,2.336,290764,2336,1,842,1458,1835,0.4111328125,0.7119140625,0.89599609375,-502,-171,363,-30.6396484375,-10.43701171875,22.15576171875,84,-1255,6250,6649,-2956,25620,36.5240478515625,-16.23779296875,140.73486328125,358,3.58,0
840,105360,2.337,290765,2337,2,-79,2295,1894,-0.03857421875,1.12060546875,0.9248046875,311,114,-105,18.98193359375,6.9580078125,-6.40869140625,1887,3309,-2116,8802,870,450,48.350830078125,4.779052734375,2.471923828125,358,3.58,0
841,105361,2.342,290770,2342,0,-677,1468,1959,-0.33056640625,0.716796875,0.95654296875,-573,-354,-153,-34.97314453125,-21.6064453125,-9.33837890625,-4861,-2190,-409,5973,3477,-32118,32.8106689453125,19.0997314453125,-176.429443359375,348,3.48,0
842,105362,2.343,290771,2343,1,836,1633,1825,0.408203125,0.79736328125,0.89111328125,-630,-47,482,-38.4521484375,-2.86865234375,29.4189453125,82,-1266,6262,6614,-2974,25639,36.331787109375,-16.336669921875,140.8392333984375,358,3.58,0
843,105363,2.344,290772,2344,2,-52,2345,1928,-0.025390625,1.14501953125,0.94140625,327,141,-52,19.95849609375,8.60595703125,-3.173828125,1897,3305,-2145,8839,886,457,48.5540771484375,4.866943359375,2.5103759765625,357,3.57,0
844,105364,2.349,290777,2349,0,-692,1550,2085,-0.337890625,0.7568359375,1.01806640625,-596,-314,-118,-36.376953125,-19.1650390625,-7.2021484375,-4850,-2219,-378,5936,3467,-32133,32.607421875,19.0447998046875,-176.5118408203125,348,3.48,0
845,105365,2.35,290778,2350,1,863,1563,1990,0.42138671875,0.76318359375,0.9716796875,-492,-12,401,-30.029296875,-0.732421875,24.47509765625,83,-1287,6290,6577,-2985,25663,36.1285400390625,-16.3970947265625,140.9710693359375,357,3.57,0
846,105366,2.351,290779,2351,2,-49,2374,1947,-0.02392578125,1.1591796875,0.95068359375,332,162,-22,20.263671875,9.8876953125,-1.3427734375,1919,3312,-2118,8859,893,464,48.6639404296875,4.9053955078125,2.548828125,357,3.57,0
847,105367,2.356,290784,2356,0,-637,1672,2166,-0.31103515625,0.81640625,1.0576171875,-576,-279,-121,-35.15625,-17.02880859375,-7.38525390625,-4857,-2244,-392,5901,3460,-32147,32.4151611328125,19.00634765625,-176.5887451171875,348,3.48,0
848,105368,2.357,290785,2357,1,833,1591,2059,0.40673828125,0.77685546875,1.00537109375,-271,113,374,-16.54052734375,6.89697265625,22.8271484375,112,-1330,6266,6529,-2998,25706,35.8648681640625,-16.468505859375,141.207275390625,357,3.57,0
849,105369,2.358,290786,2358,2,-56,2408,1963,-0.02734375,1.17578125,0.95849609375,331,169,7,20.20263671875,10.31494140625,0.42724609375,1948,3315,-2117,8878,898,471,48.768310546875,4.932861328125,2.5872802734375,357,3.57,0
850,105370,2.363,290791,2363,0,-496,1779,2112,-0.2421875,0.86865234375,1.03125,-494,-172,-110,-30.1513671875,-10.498046875,-6.7138671875,-4843,-2277,-373,5839,3452,-32169,32.0745849609375,18.96240234375,-176.7095947265625,348,3.48,0
851,105371,2.364,290792,2364,1,848,1748,1984,0.4140625,0.853515625,0.96875,-278,153,372,-16.9677734375,9.33837890625,22.705078125,128,-1359,6275,6507,-3001,25730,35.7440185546875,-16.4849853515625,141.339111328125,357,3.57,0
852,105372,2.365,290793,2365,2,-108,2485,1991,-0.052734375,1.21337890625,0.97216796875,334,144,64,20.3857421875,8.7890625,3.90625,1952,3303,-2117,8917,905,488,48.9825439453125,4.9713134765625,2.6806640625,357,3.57,0
853,105373,2.37,290798,2370,0,-452,1801,2115,-0.220703125,0.87939453125,1.03271484375,-450,-69,-96,-27.4658203125,-4.21142578125,-5.859375,-4817,-2312,-362,5814,3454,-32175,31.937255859375,18.973388671875,-176.7425537109375,348,3.48,0
854,105374,2.378,290806,2378,1,667,1728,2126,0.32568359375,0.84375,1.0380859375,-188,323,272,-11.474609375,19.71435546875,16.6015625,117,-1398,6280,6471,-2990,25778,35.5462646484375,-16.424560546875,141.602783203125,357,3.57,0
855,105375,2.378,290806,2378,2,-131,2524,1999,-0.06396484375,1.232421875,0.97607421875,321,163,85,19.59228515625,9.94873046875,5.18798828125,1974,3314,-2065,8935,908,497,49.0814208984375,4.98779296875,2.7301025390625,357,3.57,0
856,105376,2.378,290806,2378,0,-452,1801,2115,-0.220703125,0.87939453125,1.03271484375,-450,-69,-96,-27.4658203125,-4.21142578125,-5.859375,-4817,-2312,-362,5814,3454,-32175,31.937255859375,18.973388671875,-176.7425537109375,348,3.48,0
857,105377,2.378,290806,2378,1,596,1664,2018,0.291015625,0.8125,0.9853515625,-179,326,255,-10.92529296875,19.8974609375,15.56396484375,129,-1414,6287,6455,-2984,25801,35.4583740234375,-16.3916015625,141.7291259765625,357,3.57,0
858,105378,2.384,290812,2384,0,-564,1725,2158,-0.275390625,0.84228515625,1.0537109375,-267,150,-63,-16.29638671875,9.1552734375,-3.84521484375,-4832,-2357,-355,5765,3480,-32175,31.6680908203125,19.1162109375,-176.7425537109375,349,3.49,0
859,105379,2.385,290813,2385,1,563,1561,1968,0.27490234375,0.76220703125,0.9609375,-173,295,245,-10.55908203125,18.00537109375,14.95361328125,136,-1413,6307,6440,-2979,25820,35.3759765625,-16.3641357421875,141.83349609375,357,3.57,0
860,105380,2.386,290814,2386,2,-169,2580,2009,-0.08251953125,1.259765625,0.98095703125,313,153,111,19.10400390625,9.33837890625,6.77490234375,1994,3326,-2095,8991,912,528,49.3890380859375,5.009765625,2.900390625,357,3.57,0
861,105381,2.391,290819,2391,0,-622,1661,2115,-0.3037109375,0.81103515625,1.03271484375,-223,193,-42,-13.61083984375,11.77978515625,-2.5634765625,-4827,-2377,-353,5756,3492,-32169,31.61865234375,19.18212890625,-176.7095947265625,349,3.49,0
862,105382,2.392,290820,2392,1,503,1392,1887,0.24560546875,0.6796875,0.92138671875,-76,90,197,-4.638671875,5.4931640625,12.02392578125,131,-1430,6280,6423,-2982,25847,35.2825927734375,-16.380615234375,141.9818115234375,357,3.57,0
863,105383,2.398,290826,2398,0,-725,1544,2005,-0.35400390625,0.75390625,0.97900390625,-147,234,12,-8.97216796875,14.2822265625,0.732421875,-4810,-2421,-320,5746,3516,-32153,31.563720703125,19.31396484375,-176.6217041015625,350,3.5,0
864,105384,2.399,290827,2399,1,535,1323,1924,0.26123046875,0.64599609375,0.939453125,-18,47,190,-1.0986328125,2.86865234375,11.5966796875,126,-1438,6294,6420,-2985,25859,35.26611328125,-16.3970947265625,142.0477294921875,357,3.57,0
865,105385,2.405,290833,2405,0,-739,1518,2034,-0.36083984375,0.7412109375,0.9931640625,-135,246,33,-8.23974609375,15.0146484375,2.01416015625,-4796,-2412,-298,5743,3527,-32143,31.5472412109375,19.3743896484375,-176.5667724609375,350,3.5,0
866,105386,2.406,290834,2406,1,623,1287,2061,0.30419921875,0.62841796875,1.00634765625,85,19,235,5.18798828125,1.15966796875,14.34326171875,150,-1470,6312,6423,-2997,25882,35.2825927734375,-16.4630126953125,142.174072265625,357,3.57,0
867,105387,2.412,290840,2412,0,-739,1518,2034,-0.36083984375,0.7412109375,0.9931640625,-135,246,33,-8.23974609375,15.0146484375,2.01416015625,-4796,-2412,-298,5743,3527,-32143,31.5472412109375,19.3743896484375,-176.5667724609375,350,3.5,0
868,105388,2.413,290841,2413,1,712,1247,2174,0.34765625,0.60888671875,1.0615234375,233,-87,227,14.22119140625,-5.31005859375,13.85498046875,138,-1464,6348,6437,-3009,25889,35.3594970703125,-16.5289306640625,142.2125244140625,357,3.57,0
869,105389,2.419,290847,2419,0,-717,1418,2089,-0.35009765625,0.6923828125,1.02001953125,57,306,157,3.47900390625,18.6767578125,9.58251953125,-4828,-2442,-365,5760,3557,-32095,31.640625,19.5391845703125,-176.3031005859375,350,3.5,0
870,105390,2.42,290848,2420,1,780,1225,2254,0.380859375,0.59814453125,1.1005859375,424,-126,252,25.87890625,-7.6904296875,15.380859375,118,-1475,6350,6460,-3020,25897,35.48583984375,-16.58935546875,142.2564697265625,357,3.57,0
871,105391,2.426,290854,2426,0,-756,1458,2111,-0.369140625,0.7119140625,1.03076171875,77,303,190,4.69970703125,18.49365234375,11.5966796875,-4837,-2447,-387,5772,3566,-32075,31.70654296875,19.588623046875,-176.1932373046875,350,3.5,0
872,105392,2.427,290855,2427,1,927,1643,2095,0.45263671875,0.80224609375,1.02294921875,324,-20,184,19.775390625,-1.220703125,11.23046875,139,-1468,6338,6493,-3034,25913,35.6671142578125,-16.666259765625,142.3443603515625,357,3.57,0
873,105393,2.433,290861,2433,0,-874,1465,2067,-0.4267578125,0.71533203125,1.00927734375,135,402,242,8.23974609375,24.5361328125,14.7705078125,-4846,-2420,-380,5804,3591,-32027,31.88232421875,19.7259521484375,-175.9295654296875,350,3.5,0
874,105394,2.434,290862,2434,1,923,1684,2048,0.45068359375,0.822265625,1.0,286,4,172,17.4560546875,0.244140625,10.498046875,132,-1440,6269,6507,-3038,25922,35.7440185546875,-16.688232421875,142.393798828125,357,3.57,0
875,105395,2.442,290870,2442,0,-938,1461,2063,-0.4580078125,0.71337890625,1.00732421875,189,400,261,11.53564453125,24.4140625,15.93017578125,-4856,-2407,-392,5824,3601,-32002,31.9921875,19.7808837890625,-175.792236328125,350,3.5,0
876,105396,2.442,290870,2442,1,836,1675,2064,0.408203125,0.81787109375,1.0078125,420,68,129,25.634765625,4.150390625,7.87353515625,127,-1423,6302,6548,-3040,25939,35.96923828125,-16.69921875,142.4871826171875,357,3.57,0
877,105397,2.442,290870,2442,2,-270,2696,2159,-0.1318359375,1.31640625,1.05419921875,258,189,75,15.7470703125,11.53564453125,4.57763671875,1981,3297,-2103,9171,960,651,50.3778076171875,5.2734375,3.5760498046875,357,3.57,0
878,105398,2.447,290875,2447,0,-938,1461,2063,-0.4580078125,0.71337890625,1.00732421875,189,400,261,11.53564453125,24.4140625,15.93017578125,-4856,-2407,-392,5824,3601,-32002,31.9921875,19.7808837890625,-175.792236328125,350,3.5,0
879,105399,2.448,290876,2448,1,811,1715,2039,0.39599609375,0.83740234375,0.99560546875,487,89,101,29.72412109375,5.43212890625,6.16455078125,133,-1412,6305,6574,-3039,25947,36.112060546875,-16.6937255859375,142.5311279296875,357,3.57,0
880,105400,2.454,290882,2454,0,-1116,1499,2147,-0.544921875,0.73193359375,1.04833984375,390,155,255,23.8037109375,9.46044921875,15.56396484375,-4848,-2418,-354,5902,3611,-31942,32.420654296875,19.8358154296875,-175.462646484375,351,3.51,0
881,105401,2.455,290883,2455,1,766,1700,1986,0.3740234375,0.830078125,0.9697265625,561,94,91,34.24072265625,5.7373046875,5.55419921875,132,-1403,6332,6604,-3037,25954,36.27685546875,-16.6827392578125,142.569580078125,357,3.57,0
882,105402,2.456,290884,2456,2,-313,2710,2143,-0.15283203125,1.3232421875,1.04638671875,219,136,82,13.36669921875,8.30078125,5.0048828125,1989,3274,-2120,9212,966,677,50.60302734375,5.306396484375,3.7188720703125,357,3.57,0
883,105403,2.461,290889,2461,0,-1156,1505,2098,-0.564453125,0.73486328125,1.0244140625,475,88,246,28.99169921875,5.37109375,15.0146484375,-4845,-2416,-299,5935,3606,-31928,32.6019287109375,19.808349609375,-175.3857421875,351,3.51,0
884,105404,2.462,290890,2462,1,692,1679,1948,0.337890625,0.81982421875,0.951171875,717,152,60,43.76220703125,9.27734375,3.662109375,141,-1389,6321,6678,-3028,25970,36.683349609375,-16.63330078125,142.657470703125,357,3.57,0
885,105405,2.463,290891,2463,2,-314,2707,2139,-0.1533203125,1.32177734375,1.04443359375,208,115,84,12.6953125,7.01904296875,5.126953125,2000,3272,-2153,9224,967,685,50.6689453125,5.3118896484375,3.7628173828125,357,3.57,0
886,105406,2.468,290896,2468,0,-1174,1604,2034,-0.5732421875,0.783203125,0.9931640625,558,-50,278,34.0576171875,-3.0517578125,16.9677734375,-4839,-2376,-256,6006,3588,-31903,32.991943359375,19.70947265625,-175.2484130859375,351,3.51,0
887,105407,2.469,290897,2469,1,633,1692,1983,0.30908203125,0.826171875,0.96826171875,794,111,51,48.4619140625,6.77490234375,3.11279296875,181,-1389,6330,6722,-3024,25976,36.925048828125,-16.611328125,142.6904296875,357,3.57,0
888,105408,2.47,290898,2470,2,-295,2700,2130,-0.14404296875,1.318359375,1.0400390625,173,68,92,10.55908203125,4.150390625,5.615234375,1982,3264,-2195,9245,965,697,50.7843017578125,5.3009033203125,3.8287353515625,357,3.57,0
889,105409,2.475,290903,2475,0,-1164,1674,2141,-0.568359375,0.8173828125,1.04541015625,596,-60,308,36.376953125,-3.662109375,18.798828125,-4843,-2381,-307,6045,3575,-31890,33.2061767578125,19.6380615234375,-175.177001953125,351,3.51,0
890,105410,2.476,290904,2476,1,628,1679,2088,0.306640625,0.81982421875,1.01953125,863,109,30,52.67333984375,6.65283203125,1.8310546875,200,-1391,6338,6769,-3019,25981,37.1832275390625,-16.5838623046875,142.7178955078125,357,3.57,0
891,105411,2.477,290905,2477,2,-273,2693,2127,-0.13330078125,1.31494140625,1.03857421875,170,59,97,10.3759765625,3.60107421875,5.92041015625,1987,3271,-2187,9255,963,702,50.8392333984375,5.2899169921875,3.856201171875,357,3.57,0
892,105412,2.482,290910,2482,0,-1109,1718,2108,-0.54150390625,0.8388671875,1.029296875,649,-94,336,39.61181640625,-5.7373046875,20.5078125,-4847,-2346,-357,6087,3560,-31876,33.4368896484375,19.5556640625,-175.10009765625,351,3.51,0
893,105413,2.483,290911,2483,1,654,1782,1982,0.3193359375,0.8701171875,0.9677734375,952,194,-6,58.10546875,11.8408203125,-0.3662109375,233,-1346,6375,6870,-3002,25994,37.738037109375,-16.490478515625,142.789306640625,357,3.57,0
894,105414,2.484,290912,2484,2,-247,2687,2121,-0.12060546875,1.31201171875,1.03564453125,158,56,102,9.6435546875,3.41796875,6.2255859375,1992,3277,-2200,9264,961,708,50.888671875,5.2789306640625,3.88916015625,357,3.57,0
895,105415,2.489,290917,2489,0,-893,1728,2020,-0.43603515625,0.84375,0.986328125,739,-152,399,45.10498046875,-9.27734375,24.35302734375,-4840,-2340,-333,6179,3523,-31848,33.9422607421875,19.3524169921875,-174.9462890625,351,3.51,0
896,105416,2.502,290930,2502,1,631,1805,1878,0.30810546875,0.88134765625,0.9169921875,968,169,-8,59.08203125,10.31494140625,-0.48828125,251,-1327,6428,6923,-2995,25999,38.0291748046875,-16.4520263671875,142.8167724609375,357,3.57,0
897,105417,2.502,290930,2502,2,-207,2663,2119,-0.10107421875,1.30029296875,1.03466796875,164,56,113,10.009765625,3.41796875,6.89697265625,1978,3243,-2229,9293,954,726,51.0479736328125,5.240478515625,3.988037109375,357,3.57,0
898,105418,2.503,290931,2503,0,-603,1695,1852,-0.29443359375,0.82763671875,0.904296875,924,-87,454,56.396484375,-5.31005859375,27.7099609375,-4856,-2270,-328,6345,3469,-31794,34.8541259765625,19.0557861328125,-174.649658203125,351,3.51,0
899,105419,2.505,290933,2505,2,-231,2680,2069,-0.11279296875,1.30859375,1.01025390625,145,57,117,8.85009765625,3.47900390625,7.14111328125,2002,3257,-2239,9311,949,739,51.1468505859375,5.2130126953125,4.0594482421875,357,3.57,0
900,105420,2.51,290938,2510,0,-604,1694,1812,-0.294921875,0.8271484375,0.884765625,981,-61,463,59.87548828125,-3.72314453125,28.25927734375,-4863,-2265,-310,6408,3453,-31773,35.2001953125,18.9678955078125,-174.5343017578125,351,3.51,0
901,105421,2.511,290939,2511,1,593,1946,1943,0.28955078125,0.9501953125,0.94873046875,1117,66,-76,68.17626953125,4.0283203125,-4.638671875,244,-1279,6391,7160,-2970,26004,39.3310546875,-16.314697265625,142.84423828125,356,3.56,0
902,105422,2.512,290940,2512,2,-251,2682,2043,-0.12255859375,1.3095703125,0.99755859375,129,60,118,7.87353515625,3.662109375,7.2021484375,1990,3245,-2266,9320,946,746,51.1962890625,5.196533203125,4.097900390625,357,3.57,0
903,105423,2.517,290945,2517,0,-626,1648,1843,-0.3056640625,0.8046875,0.89990234375,1031,29,472,62.92724609375,1.77001953125,28.80859375,-4853,-2242,-309,6475,3442,-31747,35.5682373046875,18.907470703125,-174.3914794921875,351,3.51,0
904,105424,2.518,290946,2518,1,553,1852,1767,0.27001953125,0.904296875,0.86279296875,1248,-15,-129,76.171875,-0.91552734375,-7.87353515625,225,-1265,6413,7299,-2960,25992,40.0946044921875,-16.259765625,142.7783203125,356,3.56,0
905,105425,2.519,290947,2519,2,-269,2674,2028,-0.13134765625,1.3056640625,0.990234375,136,77,115,8.30078125,4.69970703125,7.01904296875,1996,3261,-2304,9328,945,753,51.240234375,5.1910400390625,4.1363525390625,357,3.57,0
906,105426,2.524,290952,2524,0,-693,1576,1838,-0.33837890625,0.76953125,0.8974609375,1130,220,496,68.9697265625,13.427734375,30.2734375,-4820,-2192,-313,6621,3430,-31685,36.3702392578125,18.841552734375,-174.0509033203125,351,3.51,0
907,105427,2.525,290953,2525,1,581,1875,1792,0.28369140625,0.91552734375,0.875,1257,-61,-174,76.72119140625,-3.72314453125,-10.6201171875,208,-1242,6412,7372,-2955,25982,40.49560546875,-16.2322998046875,142.723388671875,356,3.56,0
908,105428,2.526,290954,2526,2,-304,2659,1986,-0.1484375,1.29833984375,0.9697265625,156,84,93,9.521484375,5.126953125,5.67626953125,1996,3259,-2303,9347,943,766,51.3446044921875,5.1800537109375,4.207763671875,357,3.57,0
909,105429,2.531,290959,2531,0,-749,1558,1860,-0.36572265625,0.7607421875,0.908203125,1184,246,496,72.265625,15.0146484375,30.2734375,-4815,-2191,-305,6699,3425,-31653,36.7987060546875,18.8140869140625,-173.8751220703125,351,3.51,0
910,105430,2.532,290960,2532,1,625,1747,1913,0.30517578125,0.85302734375,0.93408203125,1345,37,-253,82.09228515625,2.25830078125,-15.44189453125,233,-1189,6375,7526,-2935,25962,41.341552734375,-16.1224365234375,142.613525390625,356,3.56,0
911,105431,2.533,290961,2533,2,-318,2659,1957,-0.1552734375,1.29833984375,0.95556640625,159,64,86,9.70458984375,3.90625,5.2490234375,2010,3254,-2278,9357,942,771,51.3995361328125,5.174560546875,4.2352294921875,358,3.58,0
912,105432,2.538,290966,2538,0,-749,1558,1860,-0.36572265625,0.7607421875,0.908203125,1184,246,496,72.265625,15.0146484375,30.2734375,-4815,-2191,-305,6699,3425,-31653,36.7987060546875,18.8140869140625,-173.8751220703125,351,3.51,0
913,105433,2.539,290967,2539,1,598,1637,1841,0.2919921875,0.79931640625,0.89892578125,1489,33,-288,90.88134765625,2.01416015625,-17.578125,252,-1188,6349,7615,-2924,25949,41.8304443359375,-16.06201171875,142.5421142578125,356,3.56,0
914,105434,2.54,290968,2540,2,-320,2660,1901,-0.15625,1.298828125,0.92822265625,160,90,48,9.765625,5.4931640625,2.9296875,1999,3296,-2248,9376,945,782,51.50390625,5.1910400390625,4.295654296875,358,3.58,0
915,105435,2.545,290973,2545,0,-816,1554,2001,-0.3984375,0.7587890625,0.97705078125,1345,287,488,82.09228515625,17.51708984375,29.78515625,-4821,-2100,-321,6949,3413,-31554,38.1719970703125,18.7481689453125,-173.331298828125,351,3.51,0
916,105436,2.546,290974,2546,1,595,1608,1801,0.29052734375,0.78515625,0.87939453125,1588,-58,-287,96.923828125,-3.5400390625,-17.51708984375,225,-1167,6373,7706,-2916,25934,42.330322265625,-16.01806640625,142.459716796875,356,3.56,0
917,105437,2.547,290975,2547,2,-317,2649,1892,-0.15478515625,1.29345703125,0.923828125,170,87,45,10.3759765625,5.31005859375,2.74658203125,1990,3298,-2240,9387,946,787,51.5643310546875,5.196533203125,4.3231201171875,358,3.58,0
918,105438,2.552,290980,2552,0,-820,1537,1930,-0.400390625,0.75048828125,0.9423828125,1433,335,479,87.46337890625,20.44677734375,29.23583984375,-4816,-2097,-313,7042,3412,-31519,38.682861328125,18.74267578125,-173.1390380859375,351,3.51,0
919,105439,2.559,290987,2559,1,583,1685,1685,0.28466796875,0.82275390625,0.82275390625,1515,-172,-297,92.46826171875,-10.498046875,-18.12744140625,236,-1105,6412,7886,-2906,25897,43.319091796875,-15.963134765625,142.2564697265625,356,3.56,0
920,105440,2.559,290987,2559,2,-311,2625,1881,-0.15185546875,1.28173828125,0.91845703125,206,87,43,12.5732421875,5.31005859375,2.62451171875,1989,3290,-2213,9400,948,792,51.6357421875,5.20751953125,4.3505859375,358,3.58,0
921,105441,2.559,290987,2559,0,-873,1584,1907,-0.42626953125,0.7734375,0.93115234375,1528,367,501,93.26171875,22.39990234375,30.57861328125,-4809,-2079,-320,7236,3409,-31447,39.74853515625,18.7261962890625,-172.7435302734375,351,3.51,0
922,105442,2.56,290988,2560,1,600,1659,1667,0.29296875,0.81005859375,0.81396484375,1575,-187,-283,96.13037109375,-11.41357421875,-17.27294921875,249,-1085,6401,7982,-2904,25877,43.846435546875,-15.9521484375,142.1466064453125,356,3.56,0
923,105443,2.561,290989,2561,2,-312,2597,1837,-0.15234375,1.26806640625,0.89697265625,233,58,58,14.22119140625,3.5400390625,3.5400390625,1978,3293,-2162,9427,948,800,51.7840576171875,5.20751953125,4.39453125,358,3.58,0
924,105444,2.566,290994,2566,0,-882,1637,1908,-0.4306640625,0.79931640625,0.931640625,1566,385,512,95.5810546875,23.49853515625,31.25,-4832,-2042,-339,7336,3407,-31409,40.2978515625,18.7152099609375,-172.5347900390625,351,3.51,0
925,105445,2.567,290995,2567,1,687,1704,1748,0.33544921875,0.83203125,0.853515625,1753,-317,-304,106.99462890625,-19.34814453125,-18.5546875,262,-1041,6468,8189,-2904,25829,44.9835205078125,-15.9521484375,141.8829345703125,356,3.56,0
926,105446,2.573,291001,2573,0,-882,1637,1908,-0.4306640625,0.79931640625,0.931640625,1566,385,512,95.5810546875,23.49853515625,31.25,-4832,-2042,-339,7336,3407,-31409,40.2978515625,18.7152099609375,-172.5347900390625,351,3.51,0
927,105447,2.574,291002,2574,1,775,1709,1818,0.37841796875,0.83447265625,0.8876953125,1862,-297,-304,113.6474609375,-18.12744140625,-18.5546875,230,-1016,6429,8302,-2902,25805,45.604248046875,-15.941162109375,141.7510986328125,356,3.56,0
928,105448,2.575,291003,2575,2,-309,2576,1798,-0.15087890625,1.2578125,0.8779296875,269,34,100,16.41845703125,2.0751953125,6.103515625,2014,3321,-2164,9472,942,814,52.03125,5.174560546875,4.471435546875,358,3.58,0
929,105449,2.58,291008,2580,0,-944,1606,1657,-0.4609375,0.7841796875,0.80908203125,1727,344,593,105.40771484375,20.99609375,36.19384765625,-4824,-1971,-319,7656,3388,-31293,42.0556640625,18.61083984375,-171.8975830078125,350,3.5,0
930,105450,2.581,291009,2581,1,799,1697,1766,0.39013671875,0.82861328125,0.8623046875,2000,-234,-278,122.0703125,-14.2822265625,-16.9677734375,234,-1009,6429,8418,-2899,25786,46.241455078125,-15.9246826171875,141.646728515625,356,3.56,0
931,105451,2.582,291010,2582,2,-298,2564,1786,-0.1455078125,1.251953125,0.8720703125,304,33,112,18.5546875,2.01416015625,6.8359375,2001,3331,-2189,9490,938,819,52.130126953125,5.152587890625,4.4989013671875,358,3.58,0
932,105452,2.587,291015,2587,0,-930,1605,1563,-0.4541015625,0.78369140625,0.76318359375,1804,341,620,110.107421875,20.81298828125,37.841796875,-4832,-1925,-302,7771,3379,-31252,42.6873779296875,18.5614013671875,-171.67236328125,350,3.5,0
933,105453,2.588,291016,2588,1,724,1933,1516,0.353515625,0.94384765625,0.740234375,1895,-163,-274,115.66162109375,-9.94873046875,-16.7236328125,241,-997,6428,8639,-2888,25754,47.4554443359375,-15.8642578125,141.470947265625,355,3.55,0
934,105454,2.589,291017,2589,2,-290,2574,1750,-0.1416015625,1.2568359375,0.8544921875,325,22,121,19.83642578125,1.3427734375,7.38525390625,1977,3323,-2187,9509,934,824,52.2344970703125,5.130615234375,4.5263671875,358,3.58,0
935,105455,2.594,291022,2594,0,-937,1677,1556,-0.45751953125,0.81884765625,0.759765625,1961,353,666,119.68994140625,21.54541015625,40.6494140625,-4853,-1851,-313,8016,3358,-31167,44.033203125,18.446044921875,-171.2054443359375,350,3.5,0
936,105456,2.595,291023,2595,1,743,1919,1594,0.36279296875,0.93701171875,0.7783203125,1964,-111,-211,119.873046875,-6.77490234375,-12.87841796875,244,-992,6428,8757,-2883,25741,48.1036376953125,-15.8367919921875,141.3995361328125,355,3.55,0
937,105457,2.601,291029,2601,0,-959,1709,1507,-0.46826171875,0.83447265625,0.73583984375,2008,351,687,122.55859375,21.42333984375,41.93115234375,-4872,-1805,-319,8142,3345,-31124,44.725341796875,18.3746337890625,-170.96923828125,350,3.5,0
938,105458,2.602,291030,2602,1,806,1824,1681,0.3935546875,0.890625,0.82080078125,2245,-106,-245,137.02392578125,-6.4697265625,-14.95361328125,230,-934,6453,8888,-2876,25724,48.8232421875,-15.79833984375,141.30615234375,355,3.55,0
939,105459,2.603,291031,2603,2,-262,2721,1647,-0.1279296875,1.32861328125,0.80419921875,318,18,161,19.4091796875,1.0986328125,9.82666015625,1963,3309,-2214,9564,917,841,52.53662109375,5.0372314453125,4.6197509765625,357,3.57,0
940,105460,2.608,291036,2608,0,-959,1709,1507,-0.46826171875,0.83447265625,0.73583984375,2008,351,687,122.55859375,21.42333984375,41.93115234375,-4872,-1805,-319,8142,3345,-31124,44.725341796875,18.3746337890625,-170.96923828125,350,3.5,0
941,105461,2.609,291037,2609,1,740,2178,1529,0.361328125,1.0634765625,0.74658203125,2287,-126,-399,139.58740234375,-7.6904296875,-24.35302734375,260,-863,6512,9151,-2850,25689,50.2679443359375,-15.655517578125,141.1138916015625,355,3.55,0
942,105462,2.61,291038,2610,2,-242,2780,1639,-0.1181640625,1.357421875,0.80029296875,382,6,197,23.3154296875,0.3662109375,12.02392578125,1958,3257,-2238,9608,902,854,52.7783203125,4.954833984375,4.691162109375,357,3.57,0
943,105463,2.615,291043,2615,0,-801,1793,1554,-0.39111328125,0.87548828125,0.7587890625,2180,279,720,133.056640625,17.02880859375,43.9453125,-4935,-1671,-285,8539,3296,-30997,46.9061279296875,18.10546875,-170.2716064453125,349,3.49,0
944,105464,2.616,291044,2616,1,754,2147,1678,0.3681640625,1.04833984375,0.8193359375,2383,128,-345,145.44677734375,7.8125,-21.05712890625,282,-826,6527,9288,-2828,25678,51.0205078125,-15.53466796875,141.053466796875,355,3.55,0
945,105465,2.623,291051,2623,2,-224,2797,1628,-0.109375,1.36572265625,0.794921875,420,19,198,25.634765625,1.15966796875,12.0849609375,1960,3261,-2274,9633,895,862,52.9156494140625,4.9163818359375,4.735107421875,357,3.57,0
946,105466,2.623,291051,2623,0,-758,1870,1588,-0.3701171875,0.9130859375,0.775390625,2245,287,732,137.02392578125,17.51708984375,44.677734375,-4951,-1648,-260,8678,3277,-30956,47.669677734375,18.0010986328125,-170.04638671875,349,3.49,0
947,105467,2.623,291051,2623,1,379,2351,1547,0.18505859375,1.14794921875,0.75537109375,2498,1,-529,152.4658203125,0.06103515625,-32.28759765625,302,-754,6487,9573,-2780,25646,52.5860595703125,-15.27099609375,140.877685546875,355,3.55,0
948,105468,2.624,291052,2624,2,-211,2811,1609,-0.10302734375,1.37255859375,0.78564453125,460,52,198,28.076171875,3.173828125,12.0849609375,1959,3265,-2267,9661,888,871,53.0694580078125,4.8779296875,4.7845458984375,357,3.57,0
949,105469,2.629,291057,2629,0,-723,2021,1640,-0.35302734375,0.98681640625,0.80078125,2381,316,766,145.32470703125,19.287109375,46.7529296875,-4948,-1586,-219,8969,3239,-30868,49.2681884765625,17.7923583984375,-169.56298828125,349,3.49,0
950,105470,2.63,291058,2630,1,489,2322,1650,0.23876953125,1.1337890625,0.8056640625,2532,134,-486,154.541015625,8.1787109375,-29.6630859375,314,-728,6484,9722,-2751,25631,53.404541015625,-15.1116943359375,140.7952880859375,355,3.55,0
951,105471,2.636,291064,2636,0,-728,2094,1605,-0.35546875,1.0224609375,0.78369140625,2438,387,777,148.8037109375,23.62060546875,47.42431640625,-4952,-1534,-197,9122,3221,-30820,50.108642578125,17.6934814453125,-169.29931640625,349,3.49,0
952,105472,2.637,291065,2637,1,388,2403,1476,0.189453125,1.17333984375,0.720703125,2768,126,-690,168.9453125,7.6904296875,-42.1142578125,309,-711,6490,9883,-2716,25611,54.2889404296875,-14.91943359375,140.6854248046875,355,3.55,0
953,105473,2.638,291066,2638,2,-234,2817,1580,-0.1142578125,1.37548828125,0.771484375,681,89,201,41.56494140625,5.43212890625,12.26806640625,1953,3235,-2313,9769,871,901,53.6627197265625,4.7845458984375,4.9493408203125,356,3.56,0
954,105474,2.643,291071,2643,0,-722,2150,1583,-0.3525390625,1.0498046875,0.77294921875,2559,456,812,156.18896484375,27.83203125,49.560546875,-4963,-1499,-194,9282,3202,-30768,50.987548828125,17.589111328125,-169.013671875,349,3.49,0
955,105475,2.644,291072,2644,1,161,2564,1401,0.07861328125,1.251953125,0.68408203125,2723,-91,-691,166.19873046875,-5.55419921875,-42.17529296875,318,-635,6485,10198,-2653,25560,56.019287109375,-14.5733642578125,140.4052734375,354,3.54,0
956,105476,2.645,291073,2645,2,-256,2820,1542,-0.125,1.376953125,0.7529296875,748,85,193,45.654296875,5.18798828125,11.77978515625,1932,3237,-2320,9812,866,911,53.89892578125,4.757080078125,5.0042724609375,356,3.56,0
957,105477,2.65,291078,2650,0,-834,2425,1584,-0.4072265625,1.18408203125,0.7734375,2734,529,842,166.8701171875,32.28759765625,51.3916015625,-4982,-1404,-154,9615,3163,-30661,52.8167724609375,17.3748779296875,-168.4259033203125,349,3.49,0
958,105478,2.651,291079,2651,1,209,2774,1569,0.10205078125,1.3544921875,0.76611328125,2701,-177,-815,164.85595703125,-10.80322265625,-49.74365234375,313,-595,6480,10357,-2617,25525,56.8927001953125,-14.3756103515625,140.2130126953125,354,3.54,0
959,105479,2.652,291080,2652,2,-290,2847,1456,-0.1416015625,1.39013671875,0.7109375,834,92,152,50.9033203125,5.615234375,9.27734375,1905,3199,-2353,9907,858,928,54.4207763671875,4.713134765625,5.09765625,356,3.56,0
960,105480,2.663,291091,2663,0,-845,2609,1584,-0.41259765625,1.27392578125,0.7734375,2766,488,853,168.8232421875,29.78515625,52.06298828125,-4992,-1342,-146,9786,3140,-30608,53.756103515625,17.24853515625,-168.134765625,349,3.49,0
961,105481,2.663,291091,2663,1,460,2771,1559,0.224609375,1.35302734375,0.76123046875,2864,-175,-998,174.8046875,-10.68115234375,-60.9130859375,325,-479,6530,10693,-2532,25451,58.7384033203125,-13.90869140625,139.8065185546875,354,3.54,0
962,105482,2.663,291091,2663,2,-296,2863,1450,-0.14453125,1.39794921875,0.7080078125,900,86,133,54.931640625,5.2490234375,8.11767578125,1901,3217,-2374,9960,856,936,54.7119140625,4.7021484375,5.1416015625,356,3.56,0
963,105483,2.664,291092,2664,0,-867,2822,1516,-0.42333984375,1.3779296875,0.740234375,2846,438,897,173.7060546875,26.7333984375,54.74853515625,-5023,-1261,-167,10132,3088,-30506,55.65673828125,16.962890625,-167.574462890625,349,3.49,0
964,105484,2.665,291093,2665,1,452,2687,1437,0.220703125,1.31201171875,0.70166015625,2884,-103,-1027,176.025390625,-6.28662109375,-62.68310546875,336,-422,6523,10858,-2481,25416,59.644775390625,-13.6285400390625,139.6142578125,354,3.54,0
965,105485,2.671,291099,2671,0,-868,2946,1489,-0.423828125,1.4384765625,0.72705078125,2922,352,927,178.3447265625,21.484375,56.57958984375,-5040,-1206,-149,10309,3056,-30460,56.6290283203125,16.787109375,-167.32177734375,349,3.49,0
966,105486,2.672,291100,2672,1,474,2936,1290,0.2314453125,1.43359375,0.6298828125,2824,-86,-1091,172.36328125,-5.2490234375,-66.58935546875,302,-389,6540,11021,-2436,25382,60.5401611328125,-13.38134765625,139.427490234375,354,3.54,0
967,105487,2.673,291101,2673,2,-337,2963,1458,-0.16455078125,1.44677734375,0.7119140625,1121,87,81,68.42041015625,5.31005859375,4.94384765625,1856,3145,-2400,10142,853,955,55.711669921875,4.6856689453125,5.2459716796875,356,3.56,0
968,105488,2.678,291106,2678,0,-880,3135,1392,-0.4296875,1.53076171875,0.6796875,2998,312,953,182.9833984375,19.04296875,58.16650390625,-5068,-1173,-94,10491,3019,-30415,57.6287841796875,16.5838623046875,-167.0745849609375,349,3.49,0
969,105489,2.679,291107,2679,1,396,3084,1255,0.193359375,1.505859375,0.61279296875,2904,-28,-1042,177.24609375,-1.708984375,-63.5986328125,292,-286,6584,11355,-2333,25319,62.3748779296875,-12.8155517578125,139.0814208984375,354,3.54,0
970,105490,2.68,291108,2680,2,-363,3029,1445,-0.17724609375,1.47900390625,0.70556640625,1160,91,76,70.80078125,5.55419921875,4.638671875,1851,3138,-2450,10208,853,962,56.07421875,4.6856689453125,5.284423828125,356,3.56,0
971,105491,2.685,291113,2685,0,-832,3374,1204,-0.40625,1.6474609375,0.587890625,3145,286,1025,191.95556640625,17.4560546875,62.56103515625,-5110,-1032,-111,10864,2939,-30325,59.677734375,16.1444091796875,-166.5802001953125,348,3.48,0
972,105492,2.686,291114,2686,1,406,3241,1184,0.1982421875,1.58251953125,0.578125,2900,-106,-1142,177.001953125,-6.4697265625,-69.7021484375,292,-239,6594,11528,-2276,25284,63.3251953125,-12.50244140625,138.88916015625,354,3.54,0
973,105493,2.687,291115,2687,2,-395,3174,1445,-0.19287109375,1.5498046875,0.70556640625,1216,148,54,74.21875,9.033203125,3.2958984375,1826,3144,-2535,10344,858,978,56.8212890625,4.713134765625,5.372314453125,356,3.56,0
974,105494,2.692,291120,2692,0,-750,3549,1125,-0.3662109375,1.73291015625,0.54931640625,3180,280,1034,194.091796875,17.08984375,63.1103515625,-5113,-960,-128,11054,2897,-30282,60.721435546875,15.9136962890625,-166.343994140625,348,3.48,0
975,105495,2.693,291121,2693,1,168,3509,896,0.08203125,1.71337890625,0.4375,3075,-83,-1229,187.68310546875,-5.06591796875,-75.01220703125,275,-158,6574,11887,-2153,25214,65.2972412109375,-11.8267822265625,138.504638671875,354,3.54,0
976,105496,2.694,291122,2694,2,-407,3224,1450,-0.19873046875,1.57421875,0.7080078125,1225,173,43,74.76806640625,10.55908203125,2.62451171875,1810,3146,-2544,10414,862,988,57.205810546875,4.735107421875,5.42724609375,356,3.56,0
977,105497,2.699,291127,2699,0,-750,3549,1125,-0.3662109375,1.73291015625,0.54931640625,3180,280,1034,194.091796875,17.08984375,63.1103515625,-5113,-960,-128,11054,2897,-30282,60.721435546875,15.9136962890625,-166.343994140625,348,3.48,0
978,105498,2.7,291128,2700,1,42,3615,780,0.0205078125,1.76513671875,0.380859375,3192,-95,-1387,194.82421875,-5.79833984375,-84.65576171875,277,-93,6591,12072,-2083,25180,66.3134765625,-11.4422607421875,138.31787109375,354,3.54,0
979,105499,2.701,291129,2701,2,-419,3292,1482,-0.20458984375,1.607421875,0.7236328125,1253,254,33,76.47705078125,15.5029296875,2.01416015625,1773,3119,-2595,10555,874,1013,57.9803466796875,4.801025390625,5.5645751953125,356,3.56,0
980,105500,2.706,291134,2706,0,-643,4015,1128,-0.31396484375,1.96044921875,0.55078125,3324,158,1087,202.880859375,9.6435546875,66.34521484375,-5121,-702,-142,11632,2753,-30167,63.896484375,15.1226806640625,-165.7122802734375,348,3.48,0
981,105501,2.707,291135,2707,1,-103,3689,637,-0.05029296875,1.80126953125,0.31103515625,3251,-35,-1430,198.42529296875,-2.13623046875,-87.2802734375,275,-49,6534,12262,-2007,25143,67.357177734375,-11.0247802734375,138.1146240234375,354,3.54,0
982,105502,2.713,291141,2713,0,-663,4155,988,-0.32373046875,2.02880859375,0.482421875,3423,111,1199,208.92333984375,6.77490234375,73.18115234375,-5130,-618,-138,11834,2694,-30131,65.006103515625,14.798583984375,-165.5145263671875,348,3.48,0
983,105503,2.714,291142,2714,1,-422,3434,133,-0.2060546875,1.6767578125,0.06494140625,3592,-484,-1564,219.23828125,-29.541015625,-95.458984375,258,41,6496,12681,-1864,25026,69.6588134765625,-10.2392578125,137.471923828125,354,3.54,0
984,105504,2.715,291143,2715,2,-397,3296,1507,-0.19384765625,1.609375,0.73583984375,1174,351,43,71.6552734375,21.42333984375,2.62451171875,1784,3096,-2693,10688,890,1048,58.7109375,4.888916015625,5.7568359375,356,3.56,0
985,105505,2.734,291162,2734,0,-622,4538,966,-0.3037109375,2.2158203125,0.4716796875,3523,-18,1351,215.02685546875,-1.0986328125,82.45849609375,-5133,-468,-146,12239,2558,-30070,67.2308349609375,14.051513671875,-165.179443359375,348,3.48,0
986,105506,2.734,291162,2734,1,-379,3256,-186,-0.18505859375,1.58984375,-0.0908203125,3754,-1195,-1557,229.1259765625,-72.93701171875,-95.03173828125,224,109,6499,12910,-1811,24921,70.916748046875,-9.9481201171875,136.8951416015625,355,3.55,0
987,105507,2.735,291163,2735,1,-320,4074,110,-0.15625,1.9892578125,0.0537109375,4555,-1355,-1379,278.01513671875,-82.70263671875,-84.16748046875,237,297,6509,13681,-1659,24619,75.1519775390625,-9.1131591796875,135.2362060546875,355,3.55,0
988,105508,2.736,291164,2736,2,-103,2923,1793,-0.05029296875,1.42724609375,0.87548828125,881,525,137,53.77197265625,32.04345703125,8.36181640625,1714,3033,-2783,10965,934,1178,60.2325439453125,5.130615234375,6.470947265625,356,3.56,0
989,105509,2.741,291169,2741,0,-533,4199,1087,-0.26025390625,2.05029296875,0.53076171875,2954,-623,1470,180.2978515625,-38.02490234375,89.7216796875,-5154,-126,-163,12943,2227,-30046,71.0980224609375,12.2332763671875,-165.047607421875,348,3.48,0
990,105510,2.742,291170,2742,1,-105,4344,176,-0.05126953125,2.12109375,0.0859375,4368,-1077,-1169,266.6015625,-65.73486328125,-71.35009765625,236,355,6467,13931,-1622,24550,76.5252685546875,-8.909912109375,134.857177734375,355,3.55,0
991,105511,2.743,291171,2743,2,-12,2760,1856,-0.005859375,1.34765625,0.90625,812,531,149,49.560546875,32.40966796875,9.09423828125,1708,3026,-2807,11011,942,1207,60.4852294921875,5.174560546875,6.6302490234375,356,3.56,0
992,105512,2.748,291176,2748,0,-449,3976,1214,-0.21923828125,1.94140625,0.5927734375,2907,-747,1488,177.42919921875,-45.59326171875,90.8203125,-5153,-55,-186,13102,2135,-30062,71.971435546875,11.7279052734375,-165.135498046875,348,3.48,0
993,105513,2.749,291177,2749,1,1027,4591,128,0.50146484375,2.24169921875,0.0625,2990,-435,-745,182.4951171875,-26.55029296875,-45.47119140625,269,487,6416,14282,-1554,24479,78.453369140625,-8.536376953125,134.4671630859375,355,3.55,0
994,105514,2.75,291178,2750,2,58,2596,1896,0.0283203125,1.267578125,0.92578125,730,520,151,44.5556640625,31.73828125,9.21630859375,1699,3026,-2840,11052,948,1236,60.71044921875,5.20751953125,6.78955078125,356,3.56,0
995,105515,2.755,291183,2755,0,-476,3685,1166,-0.232421875,1.79931640625,0.5693359375,2883,-885,1518,175.96435546875,-54.01611328125,92.6513671875,-5115,89,-185,13414,1948,-30108,73.685302734375,10.70068359375,-165.38818359375,348,3.48,0
996,105516,2.756,291184,2756,1,1353,4486,189,0.66064453125,2.1904296875,0.09228515625,1940,79,-529,118.408203125,4.82177734375,-32.28759765625,288,552,6396,14370,-1528,24476,78.936767578125,-8.3935546875,134.45068359375,355,3.55,0
997,105517,2.757,291185,2757,2,188,2204,1991,0.091796875,1.076171875,0.97216796875,586,458,136,35.7666015625,27.9541015625,8.30078125,1686,3014,-2882,11124,960,1288,61.10595703125,5.2734375,7.0751953125,356,3.56,0
998,105518,2.762,291190,2762,0,-565,3544,929,-0.27587890625,1.73046875,0.45361328125,2781,-947,1532,169.73876953125,-57.80029296875,93.505859375,-5098,165,-191,13555,1849,-30134,74.4598388671875,10.1568603515625,-165.531005859375,348,3.48,0
999,105519,2.763,291191,2763,1,1694,4148,163,0.8271484375,2.025390625,0.07958984375,1264,-9,-413,77.1484375,-0.54931640625,-25.20751953125,273,575,6447,14448,-1499,24478,79.365234375,-8.2342529296875,134.461669921875,355,3.55,0
1000,105520,2.764,291192,2764,2,205,2003,2023,0.10009765625,0.97802734375,0.98779296875,561,418,148,34.24072265625,25.5126953125,9.033203125,1683,2981,-2926,11156,963,1311,61.28173828125,5.2899169921875,7.2015380859375,356,3.56,0
1001,105521,2.769,291197,2769,0,-569,3424,725,-0.27783203125,1.671875,0.35400390625,2297,-955,1661,140.19775390625,-58.28857421875,101.37939453125,-5082,243,-204,13667,1745,-30163,75.0750732421875,9.5855712890625,-165.6903076171875,348,3.48,0
1002,105522,2.77,291198,2770,1,2712,2874,1358,1.32421875,1.4033203125,0.6630859375,3248,345,-1300,198.2421875,21.05712890625,-79.345703125,280,646,6419,14762,-1358,24493,81.090087890625,-7.459716796875,134.5440673828125,355,3.55,0
1003,105523,2.771,291199,2771,2,192,1809,2006,0.09375,0.88330078125,0.9794921875,468,329,180,28.564453125,20.08056640625,10.986328125,1672,2991,-2929,11183,964,1330,61.4300537109375,5.29541015625,7.305908203125,356,3.56,0
1004,105524,2.776,291204,2776,0,-463,2932,642,-0.22607421875,1.431640625,0.3134765625,1552,-982,1823,94.7265625,-59.9365234375,111.26708984375,-5049,364,-173,13836,1525,-30224,76.00341796875,8.3770751953125,-166.025390625,348,3.48,0
1005,105525,2.777,291205,2777,1,3032,3958,702,1.48046875,1.9326171875,0.3427734375,2209,390,-1928,134.82666015625,23.8037109375,-117.67578125,308,703,6395,14843,-1237,24510,81.5350341796875,-6.7950439453125,134.637451171875,355,3.55,0
1006,105526,2.778,291206,2778,2,168,1378,1975,0.08203125,0.6728515625,0.96435546875,723,490,-20,44.12841796875,29.9072265625,-1.220703125,1649,2984,-3017,11265,989,1375,61.8804931640625,5.4327392578125,7.5531005859375,357,3.57,0
1007,105527,2.793,291221,2793,0,-375,2733,533,-0.18310546875,1.33447265625,0.26025390625,1482,-1113,1811,90.4541015625,-67.93212890625,110.53466796875,-5039,437,-146,13910,1412,-30262,76.409912109375,7.75634765625,-166.234130859375,349,3.49,0
1008,105528,2.793,291221,2793,1,2659,3416,974,1.29833984375,1.66796875,0.4755859375,-270,1401,-2566,-16.4794921875,85.51025390625,-156.6162109375,259,750,6354,14824,-939,24613,81.4306640625,-5.1580810546875,135.2032470703125,355,3.55,0
1009,105529,2.797,291225,2797,0,-11,2339,292,-0.00537109375,1.14208984375,0.142578125,895,-1149,1627,54.62646484375,-70.12939453125,99.30419921875,-4956,586,-210,14061,1095,-30390,77.2393798828125,6.0150146484375,-166.937255859375,349,3.49,0
1010,105530,2.798,291226,2798,1,1572,1452,858,0.767578125,0.708984375,0.4189453125,446,1717,-2439,27.2216796875,104.79736328125,-148.86474609375,206,839,6332,14857,-636,24764,81.6119384765625,-3.49365234375,136.03271484375,355,3.55,0
1011,105531,2.804,291232,2804,0,70,2066,207,0.0341796875,1.0087890625,0.10107421875,675,-1129,1399,41.19873046875,-68.90869140625,85.38818359375,-4916,640,-230,14090,1014,-30433,77.398681640625,5.570068359375,-167.1734619140625,349,3.49,0
1012,105532,2.806,291234,2806,2,-416,604,1027,-0.203125,0.294921875,0.50146484375,1332,486,-179,81.298828125,29.6630859375,-10.92529296875,1553,2955,-3040,11610,1087,1490,63.775634765625,5.9710693359375,8.184814453125,356,3.56,0
1013,105533,2.811,291239,2811,0,339,1296,333,0.16552734375,0.6328125,0.16259765625,503,-962,663,30.70068359375,-58.7158203125,40.46630859375,-4881,735,-224,14140,915,-30520,77.67333984375,5.0262451171875,-167.6513671875,349,3.49,0
1014,105534,2.812,291240,2812,1,25,1354,833,0.01220703125,0.6611328125,0.40673828125,2510,1835,-1562,153.1982421875,111.99951171875,-95.3369140625,101,914,6249,15195,-333,25020,83.4686279296875,-1.8292236328125,137.43896484375,355,3.55,0
1015,105535,2.813,291241,2813,2,-582,315,489,-0.2841796875,0.15380859375,0.23876953125,955,382,-155,58.28857421875,23.3154296875,-9.46044921875,1517,2944,-3002,11723,1123,1522,64.3963623046875,6.1688232421875,8.360595703125,356,3.56,0
1016,105536,2.818,291246,2818,0,429,790,360,0.20947265625,0.3857421875,0.17578125,612,-889,329,37.353515625,-54.26025390625,20.08056640625,-4855,795,-205,14176,895,-30563,77.87109375,4.9163818359375,-167.8875732421875,349,3.49,0
1017,105537,2.819,291247,2819,1,-696,1354,627,-0.33984375,0.6611328125,0.30615234375,1645,2195,-603,100.40283203125,133.97216796875,-36.80419921875,15,979,6283,15377,-233,25246,84.4683837890625,-1.2799072265625,138.680419921875,355,3.55,0
1018,105538,2.82,291248,2820,2,-594,164,331,-0.2900390625,0.080078125,0.16162109375,653,426,-159,39.85595703125,26.0009765625,-9.70458984375,1502,2939,-2986,11755,1142,1540,64.5721435546875,6.273193359375,8.45947265625,356,3.56,0
1019,105539,2.825,291253,2825,0,429,790,360,0.20947265625,0.3857421875,0.17578125,612,-889,329,37.353515625,-54.26025390625,20.08056640625,-4855,795,-205,14176,895,-30563,77.87109375,4.9163818359375,-167.8875732421875,349,3.49,0
1020,105540,2.826,291254,2826,1,-740,1146,599,-0.361328125,0.5595703125,0.29248046875,1242,2070,-390,75.8056640625,126.3427734375,-23.8037109375,0,1012,6296,15438,-210,25355,84.803466796875,-1.153564453125,139.2791748046875,355,3.55,0
1021,105541,2.827,291255,2827,2,-561,-163,250,-0.27392578125,-0.07958984375,0.1220703125,163,402,-97,9.94873046875,24.5361328125,-5.92041015625,1470,2911,-2998,11781,1173,1576,64.7149658203125,6.4434814453125,8.6572265625,356,3.56,0
1022,105542,2.832,291260,2832,0,809,-250,814,0.39501953125,-0.1220703125,0.3974609375,1306,-64,-661,79.7119140625,-3.90625,-40.34423828125,-4811,931,-189,14366,957,-30615,78.914794921875,5.2569580078125,-168.1732177734375,349,3.49,0
1023,105543,2.834,291262,2834,2,-516,-308,295,-0.251953125,-0.150390625,0.14404296875,27,357,-76,1.64794921875,21.78955078125,-4.638671875,1435,2894,-3022,11783,1184,1591,64.7259521484375,6.50390625,8.7396240234375,356,3.56,0
1024,105544,2.865,291293,2865,0,1006,-451,904,0.4912109375,-0.22021484375,0.44140625,1279,453,-1009,78.06396484375,27.64892578125,-61.58447265625,-4789,982,-183,14437,1024,-30591,79.3048095703125,5.625,-168.0413818359375,349,3.49,0
1025,105545,2.866,291294,2866,1,-1854,-1600,333,-0.9052734375,-0.78125,0.16259765625,496,-5361,1783,30.2734375,-327.20947265625,108.82568359375,-97,1143,6234,15811,-624,24893,86.8524169921875,-3.427734375,136.7413330078125,354,3.54,0
1026,105546,2.866,291294,2866,2,-36,-691,370,-0.017578125,-0.33740234375,0.1806640625,569,81,-145,34.72900390625,4.94384765625,-8.85009765625,1359,2893,-3195,11906,1237,1617,65.401611328125,6.7950439453125,8.8824462890625,356,3.56,0
1027,105547,2.867,291295,2867,0,2,-483,1000,0.0009765625,-0.23583984375,0.48828125,651,2619,-583,39.73388671875,159.85107421875,-35.58349609375,-4789,1095,-279,14865,1490,-29942,81.6558837890625,8.184814453125,-164.476318359375,349,3.49,0
1028,105548,2.868,291296,2868,1,-2134,-1481,787,-1.0419921875,-0.72314453125,0.38427734375,1073,-5329,847,65.49072265625,-325.25634765625,51.69677734375,-87,1161,6191,15892,-667,24630,87.29736328125,-3.6639404296875,135.296630859375,354,3.54,0
1029,105549,2.869,291297,2869,2,78,-652,377,0.0380859375,-0.318359375,0.18408203125,432,4,-120,26.3671875,0.244140625,-7.32421875,1370,2897,-3262,11928,1242,1613,65.5224609375,6.822509765625,8.8604736328125,356,3.56,0
1030,105550,2.874,291302,2874,0,-477,-489,749,-0.23291015625,-0.23876953125,0.36572265625,307,2615,-303,18.73779296875,159.60693359375,-18.49365234375,-4785,1103,-277,14893,1518,-29801,81.8096923828125,8.338623046875,-163.7017822265625,349,3.49,0
1031,105551,2.875,291303,2875,1,-740,-124,561,-0.361328125,-0.060546875,0.27392578125,1150,-2986,-678,70.1904296875,-182.2509765625,-41.3818359375,-70,1191,6119,16025,-625,24295,88.0279541015625,-3.4332275390625,133.4564208984375,354,3.54,0
1032,105552,2.876,291304,2876,2,209,-589,389,0.10205078125,-0.28759765625,0.18994140625,349,-75,-83,21.30126953125,-4.57763671875,-5.06591796875,1364,2885,-3280,11945,1245,1606,65.6158447265625,6.8389892578125,8.822021484375,356,3.56,0
1033,105553,2.881,291309,2881,0,-1021,-834,210,-0.49853515625,-0.4072265625,0.1025390625,-582,1955,526,-35.5224609375,119.32373046875,32.1044921875,-4831,1105,-357,14869,1497,-29571,81.6778564453125,8.2232666015625,-162.4383544921875,349,3.49,0
1034,105554,2.883,291311,2883,2,424,-494,356,0.20703125,-0.2412109375,0.173828125,272,-113,-18,16.6015625,-6.89697265625,-1.0986328125,1374,2860,-3281,11975,1244,1594,65.7806396484375,6.83349609375,8.756103515625,355,3.55,0
1035,105555,2.888,291316,2888,0,-1125,-926,137,-0.54931640625,-0.4521484375,0.06689453125,-858,1447,852,-52.3681640625,88.31787109375,52.001953125,-4885,1123,-353,14831,1454,-29486,81.4691162109375,7.987060546875,-161.971435546875,349,3.49,0
1036,105556,2.89,291318,2890,2,493,-486,313,0.24072265625,-0.2373046875,0.15283203125,327,-77,-1,19.95849609375,-4.69970703125,-0.06103515625,1373,2871,-3282,11994,1244,1591,65.885009765625,6.83349609375,8.7396240234375,355,3.55,0
1037,105557,2.895,291323,2895,0,-1251,-1074,143,-0.61083984375,-0.5244140625,0.06982421875,-866,937,1090,-52.8564453125,57.18994140625,66.5283203125,-4918,1138,-361,14794,1398,-29434,81.265869140625,7.679443359375,-161.685791015625,349,3.49,0
1038,105558,2.897,291325,2897,2,524,-483,254,0.255859375,-0.23583984375,0.1240234375,351,-10,-38,21.42333984375,-0.6103515625,-2.3193359375,1331,2876,-3283,12014,1247,1591,65.994873046875,6.8499755859375,8.7396240234375,356,3.56,0
1039,105559,2.905,291333,2905,0,-1133,-1095,215,-0.55322265625,-0.53466796875,0.10498046875,-196,183,1124,-11.962890625,11.16943359375,68.603515625,-4920,1171,-357,14775,1279,-29390,81.1614990234375,7.0257568359375,-161.444091796875,348,3.48,0
1040,105560,2.905,291333,2905,2,404,-450,137,0.197265625,-0.2197265625,0.06689453125,391,105,32,23.86474609375,6.40869140625,1.953125,1357,2855,-3349,12058,1250,1601,66.236572265625,6.866455078125,8.7945556640625,356,3.56,0
1041,105561,2.909,291337,2909,0,-854,-938,167,-0.4169921875,-0.4580078125,0.08154296875,309,-123,977,18.85986328125,-7.50732421875,59.63134765625,-4923,1174,-357,14803,1227,-29387,81.3153076171875,6.7401123046875,-161.4276123046875,348,3.48,0
1042,105562,2.911,291339,2911,2,288,-403,93,0.140625,-0.19677734375,0.04541015625,399,118,49,24.35302734375,7.2021484375,2.99072265625,1341,2841,-3380,12080,1250,1608,66.357421875,6.866455078125,8.8330078125,356,3.56,0
1043,105563,2.916,291344,2916,0,-200,-314,-197,-0.09765625,-0.1533203125,-0.09619140625,1161,-736,743,70.86181640625,-44.921875,45.34912109375,-4929,1166,-430,14918,1135,-29451,81.947021484375,6.2347412109375,-161.7791748046875,348,3.48,0
1044,105564,2.917,291345,2917,1,434,-160,681,0.2119140625,-0.078125,0.33251953125,102,-1335,-1210,6.2255859375,-81.48193359375,-73.8525390625,162,1273,6014,15860,-134,23572,87.12158203125,-0.736083984375,129.48486328125,355,3.55,0
1045,105565,2.918,291346,2918,2,98,-274,28,0.0478515625,-0.1337890625,0.013671875,178,56,90,10.8642578125,3.41796875,5.4931640625,1316,2800,-3388,12103,1244,1618,66.4837646484375,6.83349609375,8.887939453125,356,3.56,0
1046,105566,2.923,291351,2923,0,42,75,-372,0.0205078125,0.03662109375,-0.181640625,1351,-950,655,82.45849609375,-57.9833984375,39.97802734375,-4954,1189,-440,14990,1094,-29501,82.342529296875,6.009521484375,-162.0538330078125,348,3.48,0
1047,105567,2.924,291352,2924,1,351,-40,284,0.17138671875,-0.01953125,0.138671875,320,-1671,-1086,19.53125,-101.98974609375,-66.2841796875,217,1260,6018,15884,-87,23468,87.25341796875,-0.4779052734375,128.91357421875,355,3.55,0
1048,105568,2.925,291353,2925,2,50,-208,-7,0.0244140625,-0.1015625,-0.00341796875,7,54,102,0.42724609375,3.2958984375,6.2255859375,1312,2791,-3415,12100,1241,1622,66.46728515625,6.8170166015625,8.909912109375,356,3.56,0
1049,105569,2.93,291358,2930,0,219,419,-461,0.10693359375,0.20458984375,-0.22509765625,1447,-1044,543,88.31787109375,-63.720703125,33.14208984375,-4949,1222,-434,15066,1061,-29546,82.760009765625,5.8282470703125,-162.301025390625,348,3.48,0
1050,105570,2.932,291360,2932,2,24,-157,-43,0.01171875,-0.07666015625,-0.02099609375,-168,58,101,-10.25390625,3.5400390625,6.16455078125,1290,2778,-3400,12089,1238,1628,66.4068603515625,6.800537109375,8.94287109375,356,3.56,0
1051,105571,2.937,291365,2937,0,326,1075,-468,0.1591796875,0.52490234375,-0.228515625,1211,-882,343,73.91357421875,-53.8330078125,20.93505859375,-4930,1272,-492,15193,1012,-29638,83.4576416015625,5.55908203125,-162.806396484375,348,3.48,0
1052,105572,2.938,291366,2938,1,443,321,-631,0.21630859375,0.15673828125,-0.30810546875,1129,-1934,-348,68.90869140625,-118.0419921875,-21.240234375,305,1230,6037,16047,-31,23123,88.1488037109375,-0.1702880859375,127.0184326171875,355,3.55,0
1053,105573,2.939,291367,2939,2,5,-129,-103,0.00244140625,-0.06298828125,-0.05029296875,-345,70,87,-21.05712890625,4.2724609375,5.31005859375,1257,2790,-3424,12053,1233,1639,66.2091064453125,6.7730712890625,9.0032958984375,356,3.56,0
1054,105574,2.944,291372,2944,0,315,1290,-342,0.15380859375,0.6298828125,-0.1669921875,924,-626,248,56.396484375,-38.2080078125,15.13671875,-4917,1295,-489,15234,997,-29664,83.682861328125,5.4766845703125,-162.94921875,347,3.47,0
1055,105575,2.945,291373,2945,1,372,435,-810,0.181640625,0.21240234375,-0.3955078125,1176,-928,129,71.77734375,-56.640625,7.87353515625,362,1230,6042,16176,-46,23018,88.857421875,-0.252685546875,126.441650390625,355,3.55,0
1056,105576,2.946,291374,2946,2,3,-132,-108,0.00146484375,-0.064453125,-0.052734375,-392,81,81,-23.92578125,4.94384765625,4.94384765625,1269,2794,-3468,12031,1232,1645,66.0882568359375,6.767578125,9.0362548828125,356,3.56,0
1057,105577,2.951,291379,2951,0,315,1290,-342,0.15380859375,0.6298828125,-0.1669921875,924,-626,248,56.396484375,-38.2080078125,15.13671875,-4917,1295,-489,15234,997,-29664,83.682861328125,5.4766845703125,-162.94921875,347,3.47,0
1058,105578,2.952,291380,2952,1,421,445,-706,0.20556640625,0.21728515625,-0.3447265625,1039,-49,332,63.41552734375,-2.99072265625,20.263671875,383,1227,6034,16228,-70,23041,89.14306640625,-0.384521484375,126.5679931640625,355,3.55,0
1059,105579,2.953,291381,2953,2,1,-138,-73,0.00048828125,-0.0673828125,-0.03564453125,-442,117,36,-26.9775390625,7.14111328125,2.197265625,1262,2724,-3462,11985,1234,1657,65.8355712890625,6.778564453125,9.1021728515625,356,3.56,0
1060,105580,2.958,291386,2958,0,67,1288,231,0.03271484375,0.62890625,0.11279296875,-186,735,-2,-11.3525390625,44.86083984375,-0.1220703125,-4921,1327,-470,15249,994,-29581,83.7652587890625,5.460205078125,-162.4932861328125,347,3.47,0
1061,105581,2.959,291387,2959,1,332,623,-430,0.162109375,0.30419921875,-0.2099609375,870,1114,646,53.1005859375,67.9931640625,39.4287109375,406,1229,6033,16276,-116,23125,89.40673828125,-0.63720703125,127.0294189453125,355,3.55,0
1062,105582,2.96,291388,2960,2,-5,-142,-51,-0.00244140625,-0.0693359375,-0.02490234375,-425,108,57,-25.93994140625,6.591796875,3.47900390625,1247,2720,-3434,11964,1234,1664,65.72021484375,6.778564453125,9.140625,356,3.56,0
1063,105583,2.968,291396,2968,0,-27,1080,405,-0.01318359375,0.52734375,0.19775390625,-455,1326,-106,-27.77099609375,80.9326171875,-6.4697265625,-4921,1304,-459,15228,1013,-29496,83.64990234375,5.5645751953125,-162.0263671875,347,3.47,0
1064,105584,2.968,291396,2968,1,314,708,-120,0.1533203125,0.345703125,-0.05859375,384,2089,1242,23.4375,127.50244140625,75.8056640625,449,1251,5999,16318,-255,23353,89.637451171875,-1.4007568359375,128.2818603515625,355,3.55,0
1065,105585,2.968,291396,2968,2,-5,-135,-27,-0.00244140625,-0.06591796875,-0.01318359375,-349,104,52,-21.30126953125,6.34765625,3.173828125,1251,2719,-3423,11947,1235,1670,65.6268310546875,6.7840576171875,9.173583984375,356,3.56,0
1066,105586,2.972,291400,2972,0,-216,638,506,-0.10546875,0.3115234375,0.2470703125,-711,2239,-358,-43.39599609375,136.65771484375,-21.8505859375,-4943,1331,-502,15176,1078,-29249,83.3642578125,5.921630859375,-160.6695556640625,347,3.47,0
1067,105587,2.973,291401,2973,1,305,591,-40,0.14892578125,0.28857421875,-0.01953125,-229,1745,1595,-13.97705078125,106.50634765625,97.35107421875,476,1247,5959,16286,-345,23438,89.461669921875,-1.8951416015625,128.748779296875,355,3.55,0
1068,105588,2.974,291402,2974,2,12,-74,19,0.005859375,-0.0361328125,0.00927734375,-240,143,46,-14.6484375,8.72802734375,2.8076171875,1255,2729,-3424,11922,1238,1686,65.489501953125,6.800537109375,9.261474609375,356,3.56,0
1069,105589,2.979,291407,2979,0,-326,394,425,-0.1591796875,0.1923828125,0.20751953125,-771,2453,-466,-47.05810546875,149.71923828125,-28.4423828125,-4954,1339,-496,15146,1120,-29114,83.199462890625,6.15234375,-159.927978515625,347,3.47,0
1070,105590,2.98,291408,2980,1,561,719,139,0.27392578125,0.35107421875,0.06787109375,-1453,292,1448,-88.68408203125,17.822265625,88.37890625,506,1259,5995,16134,-507,23486,88.626708984375,-2.7850341796875,129.012451171875,355,3.55,0
1071,105591,2.981,291409,2981,2,14,-24,39,0.0068359375,-0.01171875,0.01904296875,-236,133,59,-14.404296875,8.11767578125,3.60107421875,1242,2714,-3429,11911,1237,1694,65.4290771484375,6.7950439453125,9.305419921875,357,3.57,0
1072,105592,2.986,291414,2986,0,-326,394,425,-0.1591796875,0.1923828125,0.20751953125,-771,2453,-466,-47.05810546875,149.71923828125,-28.4423828125,-4954,1339,-496,15146,1120,-29114,83.199462890625,6.15234375,-159.927978515625,347,3.47,0
1073,105593,2.987,291415,2987,1,769,525,356,0.37548828125,0.25634765625,0.173828125,-1594,-349,932,-97.2900390625,-21.30126953125,56.884765625,498,1255,6004,16050,-544,23463,88.165283203125,-2.98828125,128.8861083984375,355,3.55,0
1074,105594,2.988,291416,2988,2,21,127,74,0.01025390625,0.06201171875,0.0361328125,-128,90,87,-7.8125,5.4931640625,5.31005859375,1271,2721,-3427,11898,1234,1706,65.357666015625,6.778564453125,9.371337890625,357,3.57,0
1075,105595,2.993,291421,2993,0,-576,-154,93,-0.28125,-0.0751953125,0.04541015625,-744,2244,-454,-45.41015625,136.962890625,-27.7099609375,-5009,1323,-568,15062,1242,-28724,82.738037109375,6.822509765625,-157.78564453125,347,3.47,0
1076,105596,2.994,291422,2994,1,777,320,516,0.37939453125,0.15625,0.251953125,-1417,-608,304,-86.48681640625,-37.109375,18.5546875,516,1266,5970,15978,-559,23434,87.769775390625,-3.0706787109375,128.726806640625,355,3.55,0
1077,105597,2.995,291423,2995,2,23,197,75,0.01123046875,0.09619140625,0.03662109375,-53,91,96,-3.23486328125,5.55419921875,5.859375,1278,2733,-3416,11898,1232,1713,65.357666015625,6.767578125,9.4097900390625,357,3.57,0
1078,105598,3.0,291428,3000,0,-670,-285,-17,-0.3271484375,-0.13916015625,-0.00830078125,-698,1900,-369,-42.6025390625,115.966796875,-22.52197265625,-5038,1326,-573,15036,1272,-28629,82.59521484375,6.9873046875,-157.2637939453125,347,3.47,0
1079,105599,3.001,291429,3001,1,21,-351,174,0.01025390625,-0.17138671875,0.0849609375,-934,-362,297,-57.0068359375,-22.0947265625,18.12744140625,573,1263,5986,15873,-590,23392,87.1929931640625,-3.240966796875,128.49609375,355,3.55,0
1080,105600,3.002,291430,3002,2,14,258,63,0.0068359375,0.1259765625,0.03076171875,10,83,94,0.6103515625,5.06591796875,5.7373046875,1273,2722,-3426,11900,1229,1719,65.36865234375,6.7510986328125,9.4427490234375,357,3.57,0
1081,105601,3.007,291435,3007,0,-811,-509,-83,-0.39599609375,-0.24853515625,-0.04052734375,-537,979,-206,-32.77587890625,59.75341796875,-12.5732421875,-5068,1354,-561,14991,1311,-28509,82.3480224609375,7.2015380859375,-156.6046142578125,347,3.47,0
1082,105602,3.008,291436,3008,1,-13,-483,-146,-0.00634765625,-0.23583984375,-0.0712890625,-768,-564,164,-46.875,-34.423828125,10.009765625,585,1255,5977,15837,-597,23368,86.9952392578125,-3.2794189453125,128.3642578125,356,3.56,0
1083,105603,3.009,291437,3009,2,-33,349,13,-0.01611328125,0.17041015625,0.00634765625,2,11,90,0.1220703125,0.67138671875,5.4931640625,1278,2761,-3412,11902,1222,1724,65.379638671875,6.712646484375,9.47021484375,357,3.57,0
1084,105604,3.014,291442,3014,0,-847,-633,-70,-0.41357421875,-0.30908203125,-0.0341796875,-375,439,-110,-22.88818359375,26.79443359375,-6.7138671875,-5080,1352,-626,14977,1317,-28497,82.2711181640625,7.2344970703125,-156.5386962890625,347,3.47,0
1085,105605,3.015,291443,3015,1,38,-628,-59,0.0185546875,-0.306640625,-0.02880859375,-515,-329,-12,-31.43310546875,-20.08056640625,-0.732421875,601,1216,5954,15817,-594,23362,86.8853759765625,-3.262939453125,128.331298828125,356,3.56,0
1086,105606,3.016,291444,3016,2,-51,361,-7,-0.02490234375,0.17626953125,-0.00341796875,-30,-6,98,-1.8310546875,-0.3662109375,5.9814453125,1279,2753,-3424,11900,1217,1726,65.36865234375,6.6851806640625,9.481201171875,357,3.57,0
1087,105607,3.021,291449,3021,0,-847,-633,-70,-0.41357421875,-0.30908203125,-0.0341796875,-375,439,-110,-22.88818359375,26.79443359375,-6.7138671875,-5080,1352,-626,14977,1317,-28497,82.2711181640625,7.2344970703125,-156.5386962890625,347,3.47,0
1088,105608,3.05,291478,3050,1,212,-587,6,0.103515625,-0.28662109375,0.0029296875,252,664,-434,15.380859375,40.52734375,-26.4892578125,610,1197,5936,15837,-546,23427,86.9952392578125,-2.999267578125,128.6883544921875,356,3.56,0
1089,105609,3.052,291480,3052,1,822,-213,88,0.4013671875,-0.10400390625,0.04296875,264,818,42,16.11328125,49.9267578125,2.5634765625,523,1188,5946,15945,-476,23705,87.5885009765625,-2.61474609375,130.2154541015625,356,3.56,0
1090,105610,3.052,291480,3052,2,-59,193,16,-0.02880859375,0.09423828125,0.0078125,298,-34,112,18.1884765625,-2.0751953125,6.8359375,1231,2798,-3431,12005,1173,1737,65.9454345703125,6.4434814453125,9.5416259765625,357,3.57,0
1091,105611,3.056,291484,3056,0,-176,-8,402,-0.0859375,-0.00390625,0.1962890625,915,-1674,118,55.84716796875,-102.1728515625,7.2021484375,-5122,1377,-716,15256,1195,-29029,83.8037109375,6.5643310546875,-159.4610595703125,347,3.47,0
1092,105612,3.057,291485,3057,1,852,-84,63,0.416015625,-0.041015625,0.03076171875,357,74,81,21.78955078125,4.5166015625,4.94384765625,539,1222,5972,15981,-486,23722,87.7862548828125,-2.669677734375,130.308837890625,356,3.56,0
1093,105613,3.058,291486,3058,2,-25,189,17,-0.01220703125,0.09228515625,0.00830078125,210,-44,105,12.8173828125,-2.685546875,6.40869140625,1225,2804,-3415,12015,1167,1737,66.0003662109375,6.4105224609375,9.5416259765625,357,3.57,0
1094,105614,3.063,291491,3063,0,-17,131,340,-0.00830078125,0.06396484375,0.166015625,406,-1665,106,24.7802734375,-101.62353515625,6.4697265625,-5070,1425,-675,15286,1166,-29212,83.968505859375,6.405029296875,-160.46630859375,347,3.47,0
1095,105615,3.064,291492,3064,1,705,-74,70,0.34423828125,-0.0361328125,0.0341796875,277,-41,174,16.90673828125,-2.50244140625,10.6201171875,522,1227,5948,15992,-496,23725,87.8466796875,-2.724609375,130.3253173828125,356,3.56,0
1096,105616,3.065,291493,3065,2,42,146,25,0.0205078125,0.0712890625,0.01220703125,90,-24,85,5.4931640625,-1.46484375,5.18798828125,1257,2797,-3382,12026,1158,1737,66.060791015625,6.361083984375,9.5416259765625,357,3.57,0
1097,105617,3.07,291498,3070,0,22,104,256,0.0107421875,0.05078125,0.125,287,-1620,141,17.51708984375,-98.876953125,8.60595703125,-5071,1428,-645,15293,1149,-29291,84.0069580078125,6.3116455078125,-160.9002685546875,347,3.47,0
1098,105618,3.071,291499,3071,1,284,-37,4,0.138671875,-0.01806640625,0.001953125,-13,324,-47,-0.79345703125,19.775390625,-2.86865234375,536,1263,5955,15992,-491,23763,87.8466796875,-2.6971435546875,130.5340576171875,356,3.56,0
1099,105619,3.072,291500,3072,2,63,102,21,0.03076171875,0.0498046875,0.01025390625,59,-26,93,3.60107421875,-1.5869140625,5.67626953125,1268,2805,-3418,12029,1153,1738,66.0772705078125,6.3336181640625,9.547119140625,357,3.57,0
1100,105620,3.077,291505,3077,0,50,-49,131,0.0244140625,-0.02392578125,0.06396484375,475,-1557,259,28.99169921875,-95.03173828125,15.80810546875,-5037,1423,-703,15326,1105,-29461,84.188232421875,6.0699462890625,-161.8341064453125,347,3.47,0
1101,105621,3.078,291506,3078,1,192,-136,-42,0.09375,-0.06640625,-0.0205078125,10,526,-230,0.6103515625,32.1044921875,-14.0380859375,482,1263,5977,15993,-475,23797,87.8521728515625,-2.6092529296875,130.7208251953125,356,3.56,0
1102,105622,3.079,291507,3079,2,87,-12,13,0.04248046875,-0.005859375,0.00634765625,44,-9,134,2.685546875,-0.54931640625,8.1787109375,1263,2788,-3439,12035,1140,1742,66.1102294921875,6.26220703125,9.569091796875,357,3.57,0
1103,105623,3.084,291512,3084,0,28,-77,91,0.013671875,-0.03759765625,0.04443359375,628,-1538,324,38.330078125,-93.8720703125,19.775390625,-5028,1455,-684,15355,1079,-29544,84.3475341796875,5.9271240234375,-162.2900390625,347,3.47,0
1104,105624,3.093,291521,3093,1,146,-258,-82,0.0712890625,-0.1259765625,-0.0400390625,116,745,-319,7.080078125,45.47119140625,-19.47021484375,464,1248,5968,16000,-454,23843,87.890625,-2.493896484375,130.9735107421875,356,3.56,0
1105,105625,3.093,291521,3093,2,87,-68,9,0.04248046875,-0.033203125,0.00439453125,73,-17,146,4.45556640625,-1.03759765625,8.9111328125,1291,2791,-3436,12041,1133,1745,66.1431884765625,6.2237548828125,9.5855712890625,357,3.57,0
1106,105626,3.098,291526,3098,0,-64,76,127,-0.03125,0.037109375,0.06201171875,627,-1543,393,38.26904296875,-94.17724609375,23.98681640625,-4990,1519,-626,15442,994,-29784,84.825439453125,5.460205078125,-163.6083984375,347,3.47,0
1107,105627,3.099,291527,3099,1,94,-290,152,0.0458984375,-0.1416015625,0.07421875,630,1456,-527,38.4521484375,88.8671875,-32.16552734375,436,1297,5979,16061,-375,24062,88.2257080078125,-2.0599365234375,132.176513671875,356,3.56,0
1108,105628,3.1,291528,3100,2,135,-171,55,0.06591796875,-0.08349609375,0.02685546875,225,89,162,13.73291015625,5.43212890625,9.8876953125,1310,2784,-3434,12076,1114,1763,66.33544921875,6.119384765625,9.6844482421875,357,3.57,0
1109,105629,3.105,291533,3105,0,-95,161,187,-0.04638671875,0.07861328125,0.09130859375,486,-1563,368,29.6630859375,-95.39794921875,22.4609375,-4991,1509,-607,15458,968,-29869,84.913330078125,5.3173828125,-164.0753173828125,347,3.47,0
1110,105630,3.106,291534,3106,1,40,-13,251,0.01953125,-0.00634765625,0.12255859375,492,1899,-366,30.029296875,115.90576171875,-22.3388671875,365,1318,5956,16111,-328,24275,88.5003662109375,-1.8017578125,133.3465576171875,356,3.56,0
1111,105631,3.112,291540,3112,0,-95,161,187,-0.04638671875,0.07861328125,0.09130859375,486,-1563,368,29.6630859375,-95.39794921875,22.4609375,-4991,1509,-607,15458,968,-29869,84.913330078125,5.3173828125,-164.0753173828125,347,3.47,0
1112,105632,3.113,291541,3113,1,0,167,249,0.0,0.08154296875,0.12158203125,313,2173,-229,19.10400390625,132.62939453125,-13.97705078125,333,1338,5948,16122,-312,24404,88.560791015625,-1.7138671875,134.05517578125,356,3.56,0
1113,105633,3.114,291542,3114,2,135,-216,175,0.06591796875,-0.10546875,0.08544921875,413,139,120,25.20751953125,8.48388671875,7.32421875,1344,2745,-3447,12142,1104,1790,66.697998046875,6.064453125,9.832763671875,357,3.57,0
1114,105634,3.119,291547,3119,0,-161,384,360,-0.07861328125,0.1875,0.17578125,-105,-1569,218,-6.40869140625,-95.76416015625,13.3056640625,-4929,1538,-530,15439,907,-30117,84.8089599609375,4.9822998046875,-165.4376220703125,347,3.47,0
1115,105635,3.12,291548,3120,1,57,247,263,0.02783203125,0.12060546875,0.12841796875,277,2515,-269,16.90673828125,153.50341796875,-16.41845703125,277,1353,5971,16134,-294,24549,88.626708984375,-1.614990234375,134.8516845703125,356,3.56,0
1116,105636,3.121,291549,3121,2,110,-223,176,0.0537109375,-0.10888671875,0.0859375,509,143,100,31.06689453125,8.72802734375,6.103515625,1340,2731,-3445,12174,1103,1800,66.873779296875,6.0589599609375,9.8876953125,357,3.57,0
1117,105637,3.126,291554,3126,0,-156,449,400,-0.076171875,0.21923828125,0.1953125,-257,-1556,183,-15.68603515625,-94.970703125,11.16943359375,-4906,1559,-494,15415,890,-30202,84.6771240234375,4.888916015625,-165.904541015625,347,3.47,0
1118,105638,3.127,291555,3127,1,-117,307,-55,-0.05712890625,0.14990234375,-0.02685546875,314,2793,-63,19.1650390625,170.47119140625,-3.84521484375,199,1402,5937,16160,-279,24859,88.76953125,-1.5325927734375,136.5545654296875,356,3.56,0
1119,105639,3.128,291556,3128,2,91,-222,129,0.04443359375,-0.1083984375,0.06298828125,601,154,83,36.68212890625,9.3994140625,5.06591796875,1338,2728,-3475,12210,1103,1810,67.071533203125,6.0589599609375,9.942626953125,357,3.57,0
1120,105640,3.133,291561,3133,0,-130,566,531,-0.0634765625,0.2763671875,0.25927734375,-467,-1478,151,-28.50341796875,-90.2099609375,9.21630859375,-4855,1576,-470,15351,860,-30354,84.3255615234375,4.72412109375,-166.739501953125,347,3.47,0
1121,105641,3.135,291563,3135,2,80,-201,-67,0.0390625,-0.09814453125,-0.03271484375,617,284,56,37.65869140625,17.333984375,3.41796875,1359,2684,-3417,12282,1110,1840,67.467041015625,6.097412109375,10.107421875,357,3.57,0
1122,105642,3.14,291568,3140,0,-119,638,571,-0.05810546875,0.3115234375,0.27880859375,-582,-1388,147,-35.5224609375,-84.716796875,8.97216796875,-4833,1580,-478,15312,845,-30427,84.111328125,4.6417236328125,-167.1405029296875,347,3.47,0
1123,105643,3.141,291569,3141,1,-291,788,631,-0.14208984375,0.384765625,0.30810546875,116,2396,338,7.080078125,146.240234375,20.6298828125,68,1456,5885,16175,-320,25271,88.8519287109375,-1.7578125,138.8177490234375,356,3.56,0
1124,105644,3.142,291570,3142,2,76,-190,-153,0.037109375,-0.0927734375,-0.07470703125,560,325,43,34.1796875,19.83642578125,2.62451171875,1379,2707,-3440,12315,1115,1859,67.6483154296875,6.1248779296875,10.2117919921875,357,3.57,0
1125,105645,3.147,291575,3147,0,-119,638,571,-0.05810546875,0.3115234375,0.27880859375,-582,-1388,147,-35.5224609375,-84.716796875,8.97216796875,-4833,1580,-478,15312,845,-30427,84.111328125,4.6417236328125,-167.1405029296875,347,3.47,0
1126,105646,3.156,291584,3156,2,54,-143,-38,0.0263671875,-0.06982421875,-0.0185546875,693,445,103,42.29736328125,27.16064453125,6.28662109375,1399,2718,-3412,12396,1123,1908,68.09326171875,6.1688232421875,10.48095703125,357,3.57,0
1127,105647,3.156,291584,3156,0,-144,638,543,-0.0703125,0.3115234375,0.26513671875,-266,-1183,188,-16.2353515625,-72.20458984375,11.474609375,-4766,1579,-462,15233,798,-30614,83.6773681640625,4.383544921875,-168.167724609375,347,3.47,0
1128,105648,3.156,291584,3156,1,-843,971,1540,-0.41162109375,0.47412109375,0.751953125,-279,2011,568,-17.02880859375,122.74169921875,34.66796875,-30,1491,5917,16136,-378,25498,88.6376953125,-2.076416015625,140.064697265625,356,3.56,0
1129,105649,3.156,291584,3156,2,33,-104,272,0.01611328125,-0.05078125,0.1328125,828,541,161,50.537109375,33.02001953125,9.82666015625,1427,2707,-3413,12452,1125,1939,68.40087890625,6.1798095703125,10.6512451171875,357,3.57,0
1130,105650,3.161,291589,3161,0,-125,708,971,-0.06103515625,0.345703125,0.47412109375,-94,-1028,191,-5.7373046875,-62.744140625,11.65771484375,-4747,1612,-401,15219,784,-30667,83.6004638671875,4.306640625,-168.4588623046875,347,3.47,0
1131,105651,3.162,291590,3162,1,-1736,1964,2516,-0.84765625,0.958984375,1.228515625,-1437,-956,66,-87.70751953125,-58.349609375,4.0283203125,-70,1556,5825,15994,-389,25424,87.857666015625,-2.1368408203125,139.658203125,356,3.56,0
1132,105652,3.163,291591,3163,2,35,11,810,0.01708984375,0.00537109375,0.3955078125,1119,516,201,68.29833984375,31.494140625,12.26806640625,1442,2702,-3402,12509,1125,1971,68.7139892578125,6.1798095703125,10.8270263671875,357,3.57,0
1133,105653,3.168,291596,3168,0,196,2386,3645,0.095703125,1.1650390625,1.77978515625,-2162,-1652,-194,-131.9580078125,-100.830078125,-11.8408203125,-4730,1602,-321,14994,784,-30811,82.364501953125,4.306640625,-169.2498779296875,347,3.47,0
1134,105654,3.17,291598,3170,2,-92,707,2092,-0.044921875,0.34521484375,1.021484375,-721,110,223,-44.00634765625,6.7138671875,13.61083984375,1485,2736,-3446,12451,1105,1993,68.3953857421875,6.0699462890625,10.9478759765625,357,3.57,0
1135,105655,3.175,291603,3175,0,588,3497,5625,0.287109375,1.70751953125,2.74658203125,-3215,-485,-411,-196.22802734375,-29.60205078125,-25.08544921875,-4690,1593,-331,14829,816,-30792,81.4581298828125,4.482421875,-169.1455078125,347,3.47,0
1136,105656,3.176,291604,3176,1,688,2568,1647,0.3359375,1.25390625,0.80419921875,-1767,-2213,1,-107.84912109375,-135.07080078125,0.06103515625,-99,1591,5775,15821,-348,25214,86.9073486328125,-1.91162109375,138.504638671875,356,3.56,0
1137,105657,3.177,291605,3177,2,-316,864,2514,-0.154296875,0.421875,1.2275390625,-1473,-537,400,-89.90478515625,-32.77587890625,24.4140625,1488,2735,-3449,12353,1069,1970,67.8570556640625,5.8721923828125,10.821533203125,357,3.57,0
1138,105658,3.182,291610,3182,0,119,4478,5773,0.05810546875,2.1865234375,2.81884765625,-2653,1738,-380,-161.92626953125,106.0791015625,-23.193359375,-4655,1596,-317,14744,777,-30638,80.9912109375,4.2681884765625,-168.299560546875,348,3.48,0
1139,105659,3.183,291611,3183,1,4015,14299,-6694,1.96044921875,6.98193359375,-3.2685546875,6504,-1287,5739,396.97265625,-78.55224609375,350.28076171875,-125,1626,5840,15955,-748,25116,87.6434326171875,-4.10888671875,137.96630859375,355,3.55,0
1140,105660,3.189,291617,3189,0,1870,22301,-5649,0.9130859375,10.88916015625,-2.75830078125,-2261,-1348,1095,-138.00048828125,-82.275390625,66.83349609375,-4637,1608,-330,14533,646,-30574,79.8321533203125,3.548583984375,-167.947998046875,348,3.48,0
1141,105661,3.19,291618,3190,1,27747,32767,11417,13.54833984375,15.99951171875,5.57470703125,-8642,369,5514,-527.4658203125,22.52197265625,336.5478515625,-105,1643,5868,15419,-947,25261,84.6990966796875,-5.2020263671875,138.7628173828125,355,3.55,0
1142,105662,3.191,291619,3191,2,-570,717,4862,-0.2783203125,0.35009765625,2.3740234375,-1519,553,702,-92.71240234375,33.75244140625,42.8466796875,1537,2748,-3385,12075,981,2040,66.3299560546875,5.3887939453125,11.2060546875,357,3.57,0
1143,105663,3.196,291624,3196,0,-5632,22763,4811,-2.75,11.11474609375,2.34912109375,-7282,712,-1561,-444.4580078125,43.45703125,-95.27587890625,-4628,1561,-323,14073,805,-30520,77.3052978515625,4.4219970703125,-167.6513671875,349,3.49,0
1144,105664,3.197,291625,3197,1,5814,11587,8615,2.8388671875,5.65771484375,4.20654296875,-3501,7155,-39,-213.68408203125,436.70654296875,-2.38037109375,-133,1619,5956,14817,-925,26019,81.3922119140625,-5.0811767578125,142.9266357421875,356,3.56,0
1145,105665,3.198,291626,3198,2,-1051,1126,5495,-0.51318359375,0.5498046875,2.68310546875,-1246,-104,883,-76.0498046875,-6.34765625,53.89404296875,1581,2779,-3375,12005,921,2035,65.9454345703125,5.0592041015625,11.1785888671875,357,3.57,0
1146,105666,3.203,291631,3203,0,-8911,7883,9334,-4.35107421875,3.84912109375,4.5576171875,-3962,281,-2456,-241.8212890625,17.15087890625,-149.90234375,-4608,1461,-248,13472,1118,-30552,74.00390625,6.141357421875,-167.8271484375,349,3.49,0
1147,105667,3.204,291632,3204,1,-1493,6033,2822,-0.72900390625,2.94580078125,1.3779296875,-6530,8177,2090,-398.5595703125,499.08447265625,127.5634765625,-183,1583,5992,14371,-1022,26492,78.9422607421875,-5.614013671875,145.52490234375,356,3.56,0
1148,105668,3.205,291633,3205,2,-2445,5478,5773,-1.19384765625,2.6748046875,2.81884765625,-571,-902,310,-34.85107421875,-55.0537109375,18.9208984375,1620,2788,-3359,11912,832,1942,65.4345703125,4.5703125,10.667724609375,357,3.57,0
1149,105669,3.21,291638,3210,0,-4277,9213,5375,-2.08837890625,4.49853515625,2.62451171875,-3823,-1354,-2802,-233.33740234375,-82.6416015625,-171.0205078125,-4614,1425,-222,13242,1240,-30693,72.740478515625,6.8115234375,-168.6016845703125,349,3.49,0
1150,105670,3.211,291639,3211,1,-4348,3040,379,-2.123046875,1.484375,0.18505859375,-6847,6751,3786,-417.90771484375,412.04833984375,231.0791015625,-205,1531,6049,14034,-1135,26764,77.091064453125,-6.2347412109375,147.01904296875,356,3.56,0
1151,105671,3.212,291640,3212,2,-2684,7904,5014,-1.310546875,3.859375,2.4482421875,-701,-2096,-242,-42.78564453125,-127.9296875,-14.7705078125,1629,2776,-3335,11872,799,1816,65.21484375,4.3890380859375,9.9755859375,357,3.57,0
1152,105672,3.227,291655,3227,0,139,7052,2740,0.06787109375,3.443359375,1.337890625,-3474,-3189,-2906,-212.0361328125,-194.64111328125,-177.3681640625,-4617,1355,-184,13028,1336,-30952,71.56494140625,7.3388671875,-170.0244140625,349,3.49,0
1153,105673,3.231,291659,3231,0,4975,2731,-5445,2.42919921875,1.33349609375,-2.65869140625,-5443,9476,-1742,-332.21435546875,578.369140625,-106.3232421875,-4632,1161,-139,12397,1968,-30362,68.0987548828125,10.810546875,-166.783447265625,350,3.5,0
1154,105674,3.232,291660,3232,1,-17199,-1343,-2403,-8.39794921875,-0.65576171875,-1.17333984375,-12721,-6480,6389,-776.42822265625,-395.5078125,389.95361328125,-116,1218,6286,12645,-1980,24816,69.4610595703125,-10.87646484375,136.318359375,356,3.56,0
1155,105675,3.233,291661,3233,2,652,4255,-1522,0.318359375,2.07763671875,-0.7431640625,1083,144,-532,66.10107421875,8.7890625,-32.470703125,1675,2783,-3287,12310,963,1754,67.620849609375,5.2899169921875,9.635009765625,357,3.57,0
1156,105676,3.238,291666,3238,0,4975,2731,-5445,2.42919921875,1.33349609375,-2.65869140625,-5443,9476,-1742,-332.21435546875,578.369140625,-106.3232421875,-4632,1161,-139,12397,1968,-30362,68.0987548828125,10.810546875,-166.783447265625,350,3.5,0
1157,105677,3.239,291667,3239,1,-24654,-1998,11249,-12.0380859375,-0.9755859375,5.49267578125,-6318,9760,4368,-385.6201171875,595.703125,266.6015625,-56,1134,6337,12419,-1938,25322,68.2196044921875,-10.645751953125,139.097900390625,356,3.56,0
1158,105678,3.24,291668,3240,2,19,2915,-2531,0.00927734375,1.42333984375,-1.23583984375,1649,88,1770,100.64697265625,5.37109375,108.0322265625,1680,2752,-3319,12490,806,1829,68.609619140625,4.427490234375,10.0469970703125,357,3.57,0
1159,105679,3.245,291673,3245,0,9547,1441,-9600,4.66162109375,0.70361328125,-4.6875,-7360,5360,-7072,-449.21875,327.1484375,-431.640625,-4868,814,-185,11569,3231,-29346,63.5504150390625,17.7484130859375,-161.202392578125,350,3.5,0
1160,105680,3.246,291674,3246,1,-12527,-3831,5569,-6.11669921875,-1.87060546875,2.71923828125,678,4227,857,41.3818359375,257.99560546875,52.30712890625,-32,1056,6384,12478,-1971,25290,68.543701171875,-10.8270263671875,138.922119140625,356,3.56,0
1161,105681,3.247,291675,3247,2,701,3733,-1938,0.34228515625,1.82275390625,-0.9462890625,4097,665,1140,250.06103515625,40.58837890625,69.580078125,1690,2741,-3266,12678,786,1904,69.642333984375,4.317626953125,10.458984375,357,3.57,0
1162,105682,3.252,291680,3252,0,2197,-4474,-8191,1.07275390625,-2.1845703125,-3.99951171875,-8616,-15995,-1960,-525.87890625,-976.25732421875,-119.62890625,-4913,701,-186,10916,2828,-30310,59.96337890625,15.53466796875,-166.497802734375,350,3.5,0
1163,105683,3.253,291681,3253,1,-966,-1387,-1105,-0.4716796875,-0.67724609375,-0.53955078125,-143,-7907,-593,-8.72802734375,-482.60498046875,-36.19384765625,72,908,6384,12626,-2224,24498,69.356689453125,-12.216796875,134.571533203125,356,3.56,0
1164,105684,3.254,291682,3254,2,1286,5187,-1090,0.6279296875,2.53271484375,-0.5322265625,1683,1539,302,102.72216796875,93.93310546875,18.4326171875,1730,2722,-3251,12731,809,1974,69.9334716796875,4.4439697265625,10.843505859375,357,3.57,0
1165,105685,3.259,291687,3259,0,7177,-5659,11121,3.50439453125,-2.76318359375,5.43017578125,6110,-7604,-924,372.9248046875,-464.111328125,-56.396484375,-4903,491,-159,11243,2554,-30977,61.7596435546875,14.029541015625,-170.1617431640625,350,3.5,0
1166,105686,3.26,291688,3260,1,-1102,-1757,-3039,-0.5380859375,-0.85791015625,-1.48388671875,-923,-4128,845,-56.33544921875,-251.953125,51.57470703125,143,827,6412,12588,-2342,24365,69.14794921875,-12.864990234375,133.8409423828125,356,3.56,0
1167,105687,3.261,291689,3261,2,266,5914,116,0.1298828125,2.8876953125,0.056640625,-305,400,101,-18.61572265625,24.4140625,6.16455078125,1773,2740,-3302,12715,823,2025,69.8455810546875,4.5208740234375,11.1236572265625,357,3.57,0
1168,105688,3.266,291694,3266,0,6372,-1859,9392,3.111328125,-0.90771484375,4.5859375,5131,6276,640,313.17138671875,383.056640625,39.0625,-4934,406,-129,11572,2740,-30402,63.56689453125,15.05126953125,-167.003173828125,350,3.5,0
1169,105689,3.267,291695,3267,1,-121,-975,-4431,-0.05908203125,-0.47607421875,-2.16357421875,-766,223,394,-46.7529296875,13.61083984375,24.0478515625,283,717,6399,12509,-2395,24333,68.7139892578125,-13.1561279296875,133.6651611328125,356,3.56,0
1170,105690,3.273,291701,3273,0,6372,-1859,9392,3.111328125,-0.90771484375,4.5859375,5131,6276,640,313.17138671875,383.056640625,39.0625,-4934,406,-129,11572,2740,-30402,63.56689453125,15.05126953125,-167.003173828125,350,3.5,0
1171,105691,3.274,291702,3274,1,-585,-379,-5715,-0.28564453125,-0.18505859375,-2.79052734375,274,-2486,-1292,16.7236328125,-151.7333984375,-78.857421875,325,678,6396,12585,-2361,24133,69.1314697265625,-12.9693603515625,132.5665283203125,356,3.56,0
1172,105692,3.275,291703,3275,2,-1287,4697,1028,-0.62841796875,2.29345703125,0.501953125,512,26,80,31.25,1.5869140625,4.8828125,1862,2716,-3289,12800,817,2050,70.3125,4.4879150390625,11.260986328125,357,3.57,0
1173,105693,3.283,291711,3283,0,102,1019,-7345,0.0498046875,0.49755859375,-3.58642578125,-1563,6160,143,-95.39794921875,375.9765625,8.72802734375,-5071,213,-221,11906,3310,-28850,65.401611328125,18.182373046875,-158.477783203125,350,3.5,0
1174,105694,3.283,291711,3283,1,-88,-215,-5408,-0.04296875,-0.10498046875,-2.640625,922,-3237,-2488,56.2744140625,-197.57080078125,-151.85546875,369,657,6387,12686,-2265,23933,69.686279296875,-12.4420166015625,131.4678955078125,356,3.56,0
1175,105695,3.283,291711,3283,2,-1235,4305,1067,-0.60302734375,2.10205078125,0.52099609375,23,-216,157,1.40380859375,-13.18359375,9.58251953125,1882,2709,-3296,12788,804,2041,70.24658203125,4.41650390625,11.2115478515625,357,3.57,0
1176,105696,3.287,291715,3287,0,-600,-315,-3721,-0.29296875,-0.15380859375,-1.81689453125,-1337,3794,1232,-81.60400390625,231.5673828125,75.1953125,-5104,181,-295,11934,3289,-28655,65.555419921875,18.0670166015625,-157.4066162109375,350,3.5,0
1177,105697,3.288,291716,3288,1,1168,-346,-3770,0.5703125,-0.1689453125,-1.8408203125,1668,590,-3277,101.806640625,36.0107421875,-200.01220703125,439,630,6436,12916,-1951,23897,70.94970703125,-10.7171630859375,131.2701416015625,357,3.57,0
1178,105698,3.289,291717,3289,2,-884,3901,1130,-0.431640625,1.90478515625,0.5517578125,-483,-222,178,-29.47998046875,-13.5498046875,10.8642578125,1899,2704,-3302,12756,792,2034,70.07080078125,4.3505859375,11.173095703125,357,3.57,0
1179,105699,3.294,291722,3294,0,-4963,-1250,754,-2.42333984375,-0.6103515625,0.3681640625,3839,-2658,5904,234.31396484375,-162.2314453125,360.3515625,-5196,143,-342,12413,2605,-28512,68.1866455078125,14.3096923828125,-156.62109375,350,3.5,0
1180,105700,3.295,291723,3295,1,1434,-838,-1860,0.7001953125,-0.4091796875,-0.908203125,5771,3931,80,352.23388671875,239.92919921875,4.8828125,458,655,6466,13334,-2022,24221,73.245849609375,-11.107177734375,133.0499267578125,357,3.57,0
1181,105701,3.296,291724,3296,2,45,3134,1499,0.02197265625,1.5302734375,0.73193359375,-376,54,92,-22.94921875,3.2958984375,5.615234375,1928,2695,-3312,12715,785,2040,69.8455810546875,4.3121337890625,11.2060546875,357,3.57,0
1182,105702,3.301,291729,3301,0,-19450,3712,2672,-9.4970703125,1.8125,1.3046875,10366,119,9463,632.6904296875,7.26318359375,577.57568359375,-5234,163,-389,12960,2431,-28335,71.19140625,13.3538818359375,-155.6488037109375,349,3.49,0
1183,105703,3.302,291730,3302,1,3138,442,-1897,1.5322265625,0.2158203125,-0.92626953125,11307,5368,2748,690.12451171875,327.63671875,167.724609375,466,696,6455,13705,-2177,24717,75.2838134765625,-11.9586181640625,135.7745361328125,357,3.57,0
1184,105704,3.303,291731,3303,2,285,2901,1717,0.13916015625,1.41650390625,0.83837890625,82,241,-8,5.0048828125,14.70947265625,-0.48828125,1941,2691,-3317,12733,792,2054,69.9444580078125,4.3505859375,11.282958984375,356,3.56,0
1185,105705,3.308,291736,3308,0,-19450,3712,2672,-9.4970703125,1.8125,1.3046875,10366,119,9463,632.6904296875,7.26318359375,577.57568359375,-5234,163,-389,12960,2431,-28335,71.19140625,13.3538818359375,-155.6488037109375,349,3.49,0
1186,105706,3.309,291737,3309,1,32665,23858,13559,15.94970703125,11.6494140625,6.62060546875,-9722,512,-2928,-593.3837890625,31.25,-178.7109375,451,697,6516,12686,-1974,25098,69.686279296875,-10.843505859375,137.867431640625,357,3.57,0
1187,105707,3.31,291738,3310,2,58,2878,1715,0.0283203125,1.4052734375,0.83740234375,932,169,-71,56.884765625,10.31494140625,-4.33349609375,1958,2651,-3301,12831,808,2071,70.4827880859375,4.4384765625,11.3763427734375,356,3.56,0
1188,105708,3.315,291743,3315,0,-270,4140,-2,-0.1318359375,2.021484375,-0.0009765625,-7033,-5940,-1203,-429.26025390625,-362.548828125,-73.42529296875,-5293,143,-397,11979,2252,-29042,65.8026123046875,12.37060546875,-159.532470703125,349,3.49,0
1189,105709,3.316,291744,3316,1,14586,9814,15548,7.1220703125,4.7919921875,7.591796875,-2997,8025,-7716,-182.92236328125,489.80712890625,-470.947265625,405,689,6528,12552,-1378,25465,68.9501953125,-7.569580078125,139.8834228515625,357,3.57,0
1190,105710,3.317,291745,3317,2,-322,2978,1439,-0.1572265625,1.4541015625,0.70263671875,1010,107,-110,61.6455078125,6.53076171875,-6.7138671875,1977,2633,-3310,12885,816,2075,70.7794189453125,4.482421875,11.3983154296875,356,3.56,0
1191,105711,3.322,291750,3322,0,559,511,1151,0.27294921875,0.24951171875,0.56201171875,-3532,-4860,-862,-215.576171875,-296.630859375,-52.6123046875,-5288,151,-406,11796,2178,-29280,64.79736328125,11.964111328125,-160.83984375,349,3.49,0
1192,105712,3.323,291751,3323,1,895,-1140,-2768,0.43701171875,-0.556640625,-1.3515625,4308,2867,-5427,262.939453125,174.98779296875,-331.23779296875,273,691,6508,12883,-670,25642,70.7684326171875,-3.680419921875,140.855712890625,357,3.57,0
1193,105713,3.324,291752,3324,2,-856,3043,1081,-0.41796875,1.48583984375,0.52783203125,829,86,-123,50.59814453125,5.2490234375,-7.50732421875,1986,2658,-3276,12925,824,2076,70.9991455078125,4.5263671875,11.40380859375,356,3.56,0
1194,105714,3.329,291757,3329,0,1538,985,1168,0.7509765625,0.48095703125,0.5703125,339,-2393,627,20.69091796875,-146.05712890625,38.26904296875,-5276,142,-362,11761,2008,-29508,64.6051025390625,11.0302734375,-162.09228515625,349,3.49,0
1195,105715,3.33,291758,3330,1,-707,-1496,-5204,-0.34521484375,-0.73046875,-2.541015625,1766,-3103,-1900,107.7880859375,-189.39208984375,-115.966796875,226,696,6495,12850,-748,25422,70.587158203125,-4.10888671875,139.647216796875,357,3.57,0
1196,105716,3.331,291759,3331,2,-1884,3150,643,-0.919921875,1.5380859375,0.31396484375,304,-113,-79,18.5546875,-6.89697265625,-4.82177734375,1978,2669,-3302,12963,830,2063,71.2078857421875,4.559326171875,11.3323974609375,356,3.56,0
1197,105717,3.336,291764,3336,0,1332,1977,943,0.650390625,0.96533203125,0.46044921875,773,-1465,797,47.18017578125,-89.41650390625,48.64501953125,-5261,138,-321,11790,1941,-29554,64.764404296875,10.6622314453125,-162.344970703125,349,3.49,0
1198,105718,3.337,291765,3337,1,-949,-736,-3700,-0.46337890625,-0.359375,-1.806640625,-3619,-4924,2216,-220.88623046875,-300.537109375,135.25390625,186,695,6504,12650,-1000,25224,69.488525390625,-5.4931640625,138.5595703125,357,3.57,0
1199,105719,3.338,291766,3338,2,-2042,3136,598,-0.9970703125,1.53125,0.2919921875,145,-255,-79,8.85009765625,-15.56396484375,-4.82177734375,1968,2662,-3275,12969,833,2051,71.2408447265625,4.5758056640625,11.2664794921875,356,3.56,0
1200,105720,3.347,291775,3347,0,978,2613,529,0.4775390625,1.27587890625,0.25830078125,420,-1046,628,25.634765625,-63.8427734375,38.330078125,-5248,137,-301,11792,1893,-29595,64.775390625,10.3985595703125,-162.5701904296875,349,3.49,0
1201,105721,3.347,291775,3347,1,168,3103,1254,0.08203125,1.51513671875,0.6123046875,50,-4469,1698,3.0517578125,-272.76611328125,103.6376953125,199,671,6537,12630,-1342,24877,69.378662109375,-7.371826171875,136.6534423828125,357,3.57,0
1202,105722,3.347,291775,3347,2,-1956,3088,521,-0.955078125,1.5078125,0.25439453125,98,-86,-211,5.9814453125,-5.2490234375,-12.87841796875,1976,2658,-3277,12969,848,2042,71.2408447265625,4.658203125,11.217041015625,356,3.56,0
1203,105723,3.35,291778,3350,0,284,2322,258,0.138671875,1.1337890625,0.1259765625,-664,-1302,-180,-40.52734375,-79.4677734375,-10.986328125,-5226,148,-260,11705,1848,-29723,64.2974853515625,10.1513671875,-163.2733154296875,349,3.49,0
1204,105724,3.351,291779,3351,1,51,4731,3525,0.02490234375,2.31005859375,1.72119140625,1568,-444,-1146,95.703125,-27.099609375,-69.9462890625,212,672,6543,12702,-1276,24847,69.774169921875,-7.00927734375,136.4886474609375,357,3.57,0
1205,105725,3.352,291780,3352,2,-1650,2546,329,-0.8056640625,1.2431640625,0.16064453125,-200,-599,-201,-12.20703125,-36.56005859375,-12.26806640625,1969,2625,-3309,12949,853,1975,71.1309814453125,4.6856689453125,10.8489990234375,356,3.56,0
1206,105726,3.357,291785,3357,0,-27,1877,278,-0.01318359375,0.91650390625,0.1357421875,-721,-1445,-639,-44.00634765625,-88.19580078125,-39.00146484375,-5206,131,-273,11653,1853,-29817,64.0118408203125,10.1788330078125,-163.7896728515625,349,3.49,0
1207,105727,3.358,291786,3358,1,-4979,1828,341,-2.43115234375,0.892578125,0.16650390625,-1329,-888,3715,-81.11572265625,-54.19921875,226.74560546875,252,627,6553,12589,-1571,24880,69.1534423828125,-8.6297607421875,136.669921875,357,3.57,0
1208,105728,3.359,291787,3359,2,-1408,2249,495,-0.6875,1.09814453125,0.24169921875,229,-1060,-48,13.97705078125,-64.697265625,-2.9296875,1965,2595,-3366,12968,836,1917,71.2353515625,4.59228515625,10.5303955078125,356,3.56,0
1209,105729,3.364,291792,3364,0,-27,1877,278,-0.01318359375,0.91650390625,0.1357421875,-721,-1445,-639,-44.00634765625,-88.19580078125,-39.00146484375,-5206,131,-273,11653,1853,-29817,64.0118408203125,10.1788330078125,-163.7896728515625,349,3.49,0
1210,105730,3.365,291793,3365,1,-3541,2522,1166,-1.72900390625,1.2314453125,0.5693359375,-1012,1551,2088,-61.767578125,94.66552734375,127.44140625,239,612,6537,12503,-1617,25001,68.6810302734375,-8.8824462890625,137.3345947265625,357,3.57,0
1211,105731,3.366,291794,3366,2,-637,1951,650,-0.31103515625,0.95263671875,0.3173828125,676,-884,-93,41.259765625,-53.955078125,-5.67626953125,1920,2592,-3433,13030,813,1817,71.575927734375,4.4659423828125,9.9810791015625,356,3.56,0
1212,105732,3.371,291799,3371,0,-840,1085,928,-0.41015625,0.52978515625,0.453125,346,-1308,-1147,21.1181640625,-79.833984375,-70.00732421875,-5128,103,-174,11619,1925,-30099,63.8250732421875,10.5743408203125,-165.3387451171875,349,3.49,0
1213,105733,3.372,291800,3372,1,-3256,744,392,-1.58984375,0.36328125,0.19140625,-1149,1713,958,-70.12939453125,104.55322265625,58.4716796875,228,595,6534,12451,-1618,25109,68.3953857421875,-8.887939453125,137.9278564453125,357,3.57,0
1214,105734,3.378,291806,3378,0,-1100,1195,1287,-0.537109375,0.58349609375,0.62841796875,737,-1022,-1041,44.98291015625,-62.3779296875,-63.53759765625,-5110,99,-156,11652,1952,-30170,64.00634765625,10.72265625,-165.728759765625,348,3.48,0
1215,105735,3.379,291807,3379,1,-297,-227,1798,-0.14501953125,-0.11083984375,0.8779296875,1187,1987,-113,72.44873046875,121.27685546875,-6.89697265625,213,558,6588,12524,-1526,25309,68.79638671875,-8.382568359375,139.0264892578125,357,3.57,0
1216,105736,3.392,291820,3392,2,-47,1970,602,-0.02294921875,0.9619140625,0.2939453125,192,-902,-15,11.71875,-55.0537109375,-0.91552734375,1888,2576,-3523,13051,788,1723,71.6912841796875,4.32861328125,9.4647216796875,356,3.56,0
1217,105737,3.392,291820,3392,0,-1753,1578,753,-0.85595703125,0.7705078125,0.36767578125,319,-1376,-885,19.47021484375,-83.984375,-54.01611328125,-4999,79,-85,11697,2006,-30405,64.2535400390625,11.019287109375,-167.0196533203125,348,3.48,0
1218,105738,3.399,291827,3399,0,-1753,1578,753,-0.85595703125,0.7705078125,0.36767578125,319,-1376,-885,19.47021484375,-83.984375,-54.01611328125,-4999,79,-85,11697,2006,-30405,64.2535400390625,11.019287109375,-167.0196533203125,348,3.48,0
1219,105739,3.4,291828,3400,1,-682,1158,330,-0.3330078125,0.5654296875,0.1611328125,80,-183,-1760,4.8828125,-11.16943359375,-107.421875,175,583,6560,12591,-1161,25311,69.1644287109375,-6.3775634765625,139.0374755859375,357,3.57,0
1220,105740,3.406,291834,3406,0,-1234,2100,-12,-0.6025390625,1.025390625,-0.005859375,713,-3148,-58,43.51806640625,-192.138671875,-3.5400390625,-4886,89,15,11718,1840,-30847,64.368896484375,10.107421875,-169.4476318359375,348,3.48,0
1221,105741,3.407,291835,3407,1,-1132,1354,377,-0.552734375,0.6611328125,0.18408203125,153,-461,-1948,9.33837890625,-28.13720703125,-118.896484375,172,586,6573,12613,-1068,25239,69.2852783203125,-5.86669921875,138.6419677734375,357,3.57,0
1222,105742,3.413,291841,3413,0,-581,2492,13,-0.28369140625,1.216796875,0.00634765625,631,-3330,115,38.51318359375,-203.2470703125,7.01904296875,-4842,100,41,11723,1754,-30999,64.3963623046875,9.635009765625,-170.2825927734375,348,3.48,0
1223,105743,3.42,291848,3420,0,1611,3209,614,0.78662109375,1.56689453125,0.2998046875,516,-2592,603,31.494140625,-158.203125,36.80419921875,-4773,133,116,11740,1577,-31245,64.48974609375,8.6627197265625,-171.6339111328125,347,3.47,0
1224,105744,3.421,291849,3421,1,-1651,1897,518,-0.80615234375,0.92626953125,0.2529296875,874,-1696,-1572,53.3447265625,-103.515625,-95.947265625,191,583,6619,12770,-879,24907,70.147705078125,-4.8284912109375,136.8182373046875,357,3.57,0
1225,105745,3.427,291855,3427,0,2401,3483,998,1.17236328125,1.70068359375,0.4873046875,311,-2294,466,18.98193359375,-140.0146484375,28.4423828125,-4741,142,131,11736,1512,-31347,64.4677734375,8.3056640625,-172.1942138671875,347,3.47,0
1226,105746,3.434,291862,3434,0,2401,3483,998,1.17236328125,1.70068359375,0.4873046875,311,-2294,466,18.98193359375,-140.0146484375,28.4423828125,-4741,142,131,11736,1512,-31347,64.4677734375,8.3056640625,-172.1942138671875,347,3.47,0
1227,105747,3.435,291863,3435,1,-1073,2220,778,-0.52392578125,1.083984375,0.3798828125,779,-1884,421,47.54638671875,-114.990234375,25.69580078125,249,638,6556,12930,-982,24619,71.026611328125,-5.394287109375,135.2362060546875,357,3.57,0
1228,105748,3.436,291864,3436,2,5,1761,559,0.00244140625,0.85986328125,0.27294921875,232,262,-313,14.16015625,15.9912109375,-19.10400390625,1853,2489,-3524,13281,885,1657,72.9547119140625,4.8614501953125,9.1021728515625,355,3.55,0
1229,105749,3.441,291869,3441,0,2466,2059,1900,1.2041015625,1.00537109375,0.927734375,331,-305,-517,20.20263671875,-18.61572265625,-31.55517578125,-4625,157,216,11752,1510,-31483,64.5556640625,8.294677734375,-172.9412841796875,347,3.47,0
1230,105750,3.442,291870,3442,1,-686,2200,548,-0.3349609375,1.07421875,0.267578125,699,-2449,968,42.66357421875,-149.47509765625,59.08203125,281,629,6523,12980,-1088,24502,71.30126953125,-5.9765625,134.593505859375,357,3.57,0
1231,105751,3.449,291877,3449,2,-262,1787,580,-0.1279296875,0.87255859375,0.283203125,269,198,-297,16.41845703125,12.0849609375,-18.12744140625,1841,2467,-3487,13298,904,1662,73.048095703125,4.9658203125,9.129638671875,355,3.55,0
1232,105752,3.449,291877,3449,0,2366,1729,1668,1.1552734375,0.84423828125,0.814453125,629,435,-661,38.39111328125,26.55029296875,-40.34423828125,-4621,178,215,11796,1561,-31465,64.79736328125,8.5748291015625,-172.8424072265625,347,3.47,0
1233,105753,3.449,291877,3449,1,-275,2210,423,-0.13427734375,1.0791015625,0.20654296875,551,-2746,1664,33.63037109375,-167.6025390625,101.5625,336,615,6466,13069,-1351,24276,71.7901611328125,-7.4212646484375,133.35205078125,357,3.57,0
1234,105754,3.45,291878,3450,2,-455,1844,624,-0.22216796875,0.900390625,0.3046875,340,172,-260,20.751953125,10.498046875,-15.869140625,1854,2468,-3459,13320,920,1668,73.1689453125,5.0537109375,9.16259765625,355,3.55,0
1235,105755,3.455,291883,3455,0,1569,1618,1246,0.76611328125,0.7900390625,0.6083984375,983,1238,-700,59.99755859375,75.5615234375,-42.724609375,-4582,179,255,11917,1687,-31365,65.4620361328125,9.2669677734375,-172.2930908203125,347,3.47,0
1236,105756,3.456,291884,3456,1,-226,2408,692,-0.1103515625,1.17578125,0.337890625,427,-2167,1691,26.06201171875,-132.26318359375,103.21044921875,367,623,6457,13103,-1470,24202,71.9769287109375,-8.074951171875,132.945556640625,357,3.57,0
1237,105757,3.457,291885,3457,2,-640,2048,681,-0.3125,1.0,0.33251953125,670,159,-103,40.8935546875,9.70458984375,-6.28662109375,1860,2453,-3481,13394,938,1682,73.575439453125,5.152587890625,9.239501953125,355,3.55,0
1238,105758,3.462,291890,3462,0,1066,1663,1085,0.5205078125,0.81201171875,0.52978515625,1029,1388,-656,62.80517578125,84.716796875,-40.0390625,-4583,196,211,11985,1752,-31305,65.8355712890625,9.6240234375,-171.9635009765625,347,3.47,0
1239,105759,3.463,291891,3463,1,26,2669,1032,0.0126953125,1.30322265625,0.50390625,479,-1646,1478,29.23583984375,-100.4638671875,90.2099609375,398,625,6476,13142,-1566,24140,72.191162109375,-8.602294921875,132.60498046875,357,3.57,0
1240,105760,3.469,291897,3469,0,599,1736,927,0.29248046875,0.84765625,0.45263671875,1049,1484,-578,64.02587890625,90.576171875,-35.2783203125,-4569,211,204,12055,1813,-31237,66.2200927734375,9.9591064453125,-171.5899658203125,347,3.47,0
1241,105761,3.47,291898,3470,1,1222,3476,1244,0.5966796875,1.697265625,0.607421875,1054,-1109,316,64.3310546875,-67.68798828125,19.287109375,451,621,6431,13276,-1650,24035,72.92724609375,-9.063720703125,132.0281982421875,357,3.57,0
1242,105762,3.476,291904,3476,0,-123,1963,777,-0.06005859375,0.95849609375,0.37939453125,1040,1701,-266,63.4765625,103.82080078125,-16.2353515625,-4553,233,172,12201,1915,-31065,67.0220947265625,10.5194091796875,-170.6451416015625,347,3.47,0
1243,105763,3.477,291905,3477,1,1534,3580,834,0.7490234375,1.748046875,0.4072265625,1664,-452,-47,101.5625,-27.587890625,-2.86865234375,478,650,6416,13383,-1650,24027,73.5150146484375,-9.063720703125,131.9842529296875,357,3.57,0
1244,105764,3.483,291911,3483,0,-390,2074,718,-0.1904296875,1.0126953125,0.3505859375,1027,1700,-109,62.68310546875,103.759765625,-6.65283203125,-4548,242,152,12273,1953,-30978,67.4176025390625,10.7281494140625,-170.167236328125,347,3.47,0
1245,105765,3.484,291912,3484,1,1946,2987,-82,0.9501953125,1.45849609375,-0.0400390625,2048,425,234,125.0,25.93994140625,14.2822265625,494,693,6392,13594,-1664,24079,74.674072265625,-9.140625,132.2698974609375,357,3.57,0
1246,105766,3.49,291918,3490,0,-390,2074,718,-0.1904296875,1.0126953125,0.3505859375,1027,1700,-109,62.68310546875,103.759765625,-6.65283203125,-4548,242,152,12273,1953,-30978,67.4176025390625,10.7281494140625,-170.167236328125,347,3.47,0
1247,105767,3.491,291919,3491,1,2081,2596,-178,1.01611328125,1.267578125,-0.0869140625,1085,542,536,66.22314453125,33.0810546875,32.71484375,520,701,6384,13618,-1689,24120,74.805908203125,-9.2779541015625,132.4951171875,357,3.57,0
1248,105768,3.497,291925,3497,0,-822,2370,719,-0.4013671875,1.1572265625,0.35107421875,685,1317,263,41.80908203125,80.38330078125,16.05224609375,-4565,261,162,12451,2011,-30726,68.3953857421875,11.0467529296875,-168.782958984375,347,3.47,0
1249,105769,3.498,291926,3498,1,2162,2379,-187,1.0556640625,1.16162109375,-0.09130859375,-301,508,678,-18.37158203125,31.005859375,41.3818359375,523,721,6387,13569,-1714,24160,74.5367431640625,-9.415283203125,132.71484375,357,3.57,0
1250,105770,3.504,291932,3504,0,-739,2275,786,-0.36083984375,1.11083984375,0.3837890625,559,1296,317,34.11865234375,79.1015625,19.34814453125,-4572,283,175,12494,2023,-30654,68.631591796875,11.1126708984375,-168.387451171875,347,3.47,0
1251,105771,3.505,291933,3505,1,1903,1642,329,0.92919921875,0.8017578125,0.16064453125,-1319,378,158,-80.50537109375,23.0712890625,9.6435546875,552,731,6408,13424,-1716,24214,73.740234375,-9.42626953125,133.011474609375,356,3.56,0
1252,105772,3.513,291941,3513,0,-516,2011,769,-0.251953125,0.98193359375,0.37548828125,453,1254,205,27.64892578125,76.5380859375,12.51220703125,-4607,281,146,12572,2051,-30501,69.06005859375,11.2664794921875,-167.5469970703125,347,3.47,0
1253,105773,3.513,291941,3513,1,1584,1418,761,0.7734375,0.6923828125,0.37158203125,-728,490,-521,-44.43359375,29.9072265625,-31.79931640625,572,730,6374,13398,-1671,24239,73.597412109375,-9.1790771484375,133.1488037109375,356,3.56,0
1254,105774,3.518,291946,3518,0,-409,1880,774,-0.19970703125,0.91796875,0.3779296875,408,1199,154,24.90234375,73.18115234375,9.3994140625,-4615,298,142,12607,2067,-30437,69.2523193359375,11.3543701171875,-167.1954345703125,347,3.47,0
1255,105775,3.519,291947,3519,1,456,1197,714,0.22265625,0.58447265625,0.3486328125,562,758,-731,34.3017578125,46.2646484375,-44.61669921875,569,757,6391,13441,-1571,24290,73.8336181640625,-8.6297607421875,133.428955078125,356,3.56,0
1256,105776,3.525,291953,3525,0,-409,1880,774,-0.19970703125,0.91796875,0.3779296875,408,1199,154,24.90234375,73.18115234375,9.3994140625,-4615,298,142,12607,2067,-30437,69.2523193359375,11.3543701171875,-167.1954345703125,347,3.47,0
1257,105777,3.526,291954,3526,1,56,1362,454,0.02734375,0.6650390625,0.2216796875,480,429,-490,29.296875,26.18408203125,-29.9072265625,583,756,6377,13461,-1546,24301,73.9434814453125,-8.492431640625,133.4893798828125,356,3.56,0
1258,105778,3.532,291960,3532,0,-62,1606,718,-0.0302734375,0.7841796875,0.3505859375,387,881,150,23.62060546875,53.77197265625,9.1552734375,-4637,339,132,12704,2099,-30270,69.78515625,11.5301513671875,-166.278076171875,347,3.47,0
1259,105779,3.533,291961,3533,1,-72,1433,432,-0.03515625,0.69970703125,0.2109375,242,224,-157,14.7705078125,13.671875,-9.58251953125,584,764,6413,13464,-1539,24318,73.9599609375,-8.4539794921875,133.582763671875,356,3.56,0
1260,105780,3.539,291967,3539,0,-44,1546,625,-0.021484375,0.7548828125,0.30517578125,517,773,243,31.55517578125,47.18017578125,14.83154296875,-4680,344,117,12745,2099,-30227,70.0103759765625,11.5301513671875,-166.0418701171875,347,3.47,0
1261,105781,3.54,291968,3540,1,-25,1626,508,-0.01220703125,0.7939453125,0.248046875,-173,434,128,-10.55908203125,26.4892578125,7.8125,533,777,6399,13442,-1537,24368,73.839111328125,-8.4429931640625,133.857421875,356,3.56,0
1262,105782,3.546,291974,3546,0,-254,1590,604,-0.1240234375,0.7763671875,0.294921875,826,696,422,50.4150390625,42.48046875,25.7568359375,-4729,388,53,12853,2082,-30136,70.6036376953125,11.436767578125,-165.5419921875,347,3.47,0
1263,105783,3.547,291975,3547,1,10,1729,585,0.0048828125,0.84423828125,0.28564453125,-16,502,1,-0.9765625,30.6396484375,0.06103515625,513,768,6383,13442,-1527,24394,73.839111328125,-8.3880615234375,134.000244140625,356,3.56,0
1264,105784,3.553,291981,3553,0,-316,1758,653,-0.154296875,0.8583984375,0.31884765625,922,784,485,56.2744140625,47.8515625,29.60205078125,-4742,381,38,12916,2070,-30076,70.94970703125,11.370849609375,-165.21240234375,347,3.47,0
1265,105785,3.554,291982,3554,1,-20,1859,614,-0.009765625,0.90771484375,0.2998046875,392,306,-206,23.92578125,18.6767578125,-12.5732421875,521,778,6368,13477,-1497,24427,74.0313720703125,-8.2232666015625,134.1815185546875,356,3.56,0
1266,105786,3.56,291988,3560,0,-316,1758,653,-0.154296875,0.8583984375,0.31884765625,922,784,485,56.2744140625,47.8515625,29.60205078125,-4742,381,38,12916,2070,-30076,70.94970703125,11.370849609375,-165.21240234375,347,3.47,0
1267,105787,3.561,291989,3561,1,-46,1936,612,-0.0224609375,0.9453125,0.298828125,514,195,-290,31.3720703125,11.90185546875,-17.7001953125,525,791,6369,13505,-1478,24432,74.1851806640625,-8.118896484375,134.208984375,356,3.56,0
1268,105788,3.567,291995,3567,0,-649,2264,266,-0.31689453125,1.10546875,0.1298828125,543,107,525,33.14208984375,6.53076171875,32.04345703125,-4816,469,36,13044,2003,-29998,71.65283203125,11.0028076171875,-164.783935546875,347,3.47,0
1269,105789,3.568,291996,3568,1,-33,2011,651,-0.01611328125,0.98193359375,0.31787109375,514,183,-315,31.3720703125,11.16943359375,-19.22607421875,511,784,6407,13531,-1458,24439,74.3280029296875,-8.009033203125,134.2474365234375,356,3.56,0
1270,105790,3.577,292005,3577,0,-672,2376,332,-0.328125,1.16015625,0.162109375,334,-128,416,20.3857421875,-7.8125,25.390625,-4830,479,18,13058,1982,-29992,71.729736328125,10.887451171875,-164.7509765625,347,3.47,0
1271,105791,3.577,292005,3577,1,203,1999,655,0.09912109375,0.97607421875,0.31982421875,424,216,-179,25.87890625,13.18359375,-10.92529296875,480,803,6439,13576,-1428,24458,74.5751953125,-7.84423828125,134.351806640625,356,3.56,0
1272,105792,3.577,292005,3577,2,118,2287,563,0.0576171875,1.11669921875,0.27490234375,458,-149,236,27.9541015625,-9.09423828125,14.404296875,1698,2375,-3636,13703,1153,1497,75.2728271484375,6.3336181640625,8.2232666015625,355,3.55,0
1273,105793,3.581,292009,3581,0,-679,2322,306,-0.33154296875,1.1337890625,0.1494140625,11,-279,117,0.67138671875,-17.02880859375,7.14111328125,-4874,477,30,13057,1959,-30015,71.7242431640625,10.7611083984375,-164.8773193359375,347,3.47,0
1274,105794,3.582,292010,3582,1,493,2009,553,0.24072265625,0.98095703125,0.27001953125,437,105,-318,26.67236328125,6.40869140625,-19.4091796875,489,805,6466,13600,-1406,24458,74.70703125,-7.723388671875,134.351806640625,356,3.56,0
1275,105795,3.588,292016,3588,0,-686,2170,290,-0.3349609375,1.0595703125,0.1416015625,-103,-316,52,-6.28662109375,-19.287109375,3.173828125,-4881,501,-5,13048,1952,-30033,71.6748046875,10.72265625,-164.9761962890625,347,3.47,0
1276,105796,3.589,292017,3589,1,673,2039,442,0.32861328125,0.99560546875,0.2158203125,434,129,-437,26.4892578125,7.87353515625,-26.67236328125,485,812,6482,13621,-1377,24461,74.8223876953125,-7.5640869140625,134.3682861328125,355,3.55,0
1277,105797,3.595,292023,3595,0,-686,2170,290,-0.3349609375,1.0595703125,0.1416015625,-103,-316,52,-6.28662109375,-19.287109375,3.173828125,-4881,501,-5,13048,1952,-30033,71.6748046875,10.72265625,-164.9761962890625,347,3.47,0
1278,105798,3.596,292024,3596,1,828,1894,416,0.404296875,0.9248046875,0.203125,277,475,-585,16.90673828125,28.99169921875,-35.70556640625,497,798,6468,13647,-1300,24497,74.9652099609375,-7.14111328125,134.5660400390625,355,3.55,0
1279,105799,3.602,292030,3602,0,-632,1768,493,-0.30859375,0.86328125,0.24072265625,141,-618,-56,8.60595703125,-37.7197265625,-3.41796875,-4888,520,-16,13042,1931,-30113,71.641845703125,10.6072998046875,-165.4156494140625,347,3.47,0
1280,105800,3.613,292041,3613,1,846,1873,429,0.4130859375,0.91455078125,0.20947265625,228,726,-643,13.916015625,44.3115234375,-39.24560546875,510,803,6456,13654,-1253,24533,75.003662109375,-6.8829345703125,134.7637939453125,355,3.55,0
1281,105801,3.614,292042,3614,2,255,2142,504,0.12451171875,1.0458984375,0.24609375,315,175,-32,19.22607421875,10.68115234375,-1.953125,1727,2318,-3654,13821,1121,1523,75.9210205078125,6.1578369140625,8.3660888671875,356,3.56,0
1282,105802,3.616,292044,3616,0,-556,1755,466,-0.271484375,0.85693359375,0.2275390625,453,-417,43,27.64892578125,-25.45166015625,2.62451171875,-4908,533,-11,13095,1908,-30179,71.9329833984375,10.48095703125,-165.7781982421875,347,3.47,0
1283,105803,3.618,292046,3618,2,116,2147,432,0.056640625,1.04833984375,0.2109375,144,195,-46,8.7890625,11.90185546875,-2.8076171875,1732,2327,-3664,13841,1132,1543,76.0308837890625,6.21826171875,8.4759521484375,356,3.56,0
1284,105804,3.623,292051,3623,0,-563,1814,442,-0.27490234375,0.8857421875,0.2158203125,482,-351,82,29.4189453125,-21.42333984375,5.0048828125,-4861,540,24,13120,1898,-30194,72.0703125,10.426025390625,-165.860595703125,347,3.47,0
1285,105805,3.63,292058,3630,0,-585,1874,448,-0.28564453125,0.9150390625,0.21875,481,-300,123,29.35791015625,-18.310546875,7.50732421875,-4874,555,6,13144,1886,-30207,72.2021484375,10.360107421875,-165.9320068359375,347,3.47,0
1286,105806,3.632,292060,3632,2,-18,2114,448,-0.0087890625,1.0322265625,0.21875,195,231,8,11.90185546875,14.09912109375,0.48828125,1731,2319,-3662,13866,1138,1569,76.168212890625,6.251220703125,8.6187744140625,357,3.57,0
1287,105807,3.637,292065,3637,0,-682,1958,494,-0.3330078125,0.9560546875,0.2412109375,357,-323,152,21.78955078125,-19.71435546875,9.27734375,-4882,584,-22,13180,1861,-30227,72.39990234375,10.2227783203125,-166.0418701171875,347,3.47,0
1288,105808,3.638,292066,3638,1,88,2078,689,0.04296875,1.0146484375,0.33642578125,335,969,-240,20.44677734375,59.14306640625,-14.6484375,372,843,6535,13692,-984,24870,75.21240234375,-5.4052734375,136.614990234375,355,3.55,0
1289,105809,3.639,292067,3639,2,-143,2108,457,-0.06982421875,1.029296875,0.22314453125,267,288,116,16.29638671875,17.578125,7.080078125,1740,2341,-3633,13899,1134,1602,76.3494873046875,6.229248046875,8.800048828125,357,3.57,0
1290,105810,3.644,292072,3644,0,-730,1984,548,-0.3564453125,0.96875,0.267578125,296,-370,157,18.06640625,-22.5830078125,9.58251953125,-4897,596,-29,13193,1847,-30244,72.4713134765625,10.1458740234375,-166.13525390625,347,3.47,0
1291,105811,3.646,292074,3646,2,-193,2129,443,-0.09423828125,1.03955078125,0.21630859375,248,291,168,15.13671875,17.76123046875,10.25390625,1736,2344,-3645,13914,1128,1620,76.431884765625,6.1962890625,8.89892578125,357,3.57,0
1292,105812,3.651,292079,3651,0,-725,2002,569,-0.35400390625,0.9775390625,0.27783203125,231,-403,143,14.09912109375,-24.59716796875,8.72802734375,-4873,604,49,13213,1820,-30273,72.5811767578125,9.99755859375,-166.2945556640625,347,3.47,0
1293,105813,3.653,292081,3653,2,-259,2175,413,-0.12646484375,1.06201171875,0.20166015625,139,256,220,8.48388671875,15.625,13.427734375,1706,2389,-3631,13934,1113,1654,76.541748046875,6.1138916015625,9.085693359375,357,3.57,0
1294,105814,3.658,292086,3658,0,-662,1979,595,-0.3232421875,0.96630859375,0.29052734375,211,-388,139,12.87841796875,-23.681640625,8.48388671875,-4875,602,24,13222,1807,-30290,72.630615234375,9.9261474609375,-166.387939453125,347,3.47,0
1295,105815,3.66,292088,3660,2,-269,2189,417,-0.13134765625,1.06884765625,0.20361328125,110,237,221,6.7138671875,14.46533203125,13.48876953125,1716,2371,-3634,13942,1105,1669,76.585693359375,6.0699462890625,9.1680908203125,357,3.57,0
1296,105816,3.665,292093,3665,0,-561,1944,630,-0.27392578125,0.94921875,0.3076171875,222,-351,134,13.5498046875,-21.42333984375,8.1787109375,-4881,626,23,13233,1795,-30306,72.6910400390625,9.8602294921875,-166.475830078125,347,3.47,0
1297,105817,3.672,292100,3672,2,-272,2192,428,-0.1328125,1.0703125,0.208984375,96,227,203,5.859375,13.85498046875,12.39013671875,1734,2360,-3632,13949,1097,1684,76.6241455078125,6.0260009765625,9.25048828125,357,3.57,0
1298,105818,3.672,292100,3672,0,-344,1897,607,-0.16796875,0.92626953125,0.29638671875,329,-315,167,20.08056640625,-19.22607421875,10.19287109375,-4885,652,22,13265,1768,-30324,72.8668212890625,9.7119140625,-166.57470703125,347,3.47,0
1299,105819,3.673,292101,3673,1,-235,2114,498,-0.11474609375,1.0322265625,0.2431640625,651,257,41,39.73388671875,15.68603515625,2.50244140625,270,893,6503,13933,-904,25095,76.5362548828125,-4.9658203125,137.8509521484375,355,3.55,0
1300,105820,3.674,292102,3674,2,-265,2189,452,-0.12939453125,1.06884765625,0.220703125,50,180,165,3.0517578125,10.986328125,10.07080078125,1731,2368,-3671,13957,1085,1708,76.6680908203125,5.9600830078125,9.38232421875,358,3.58,0
1301,105821,3.679,292107,3679,0,-242,1890,620,-0.1181640625,0.9228515625,0.302734375,412,-304,183,25.146484375,-18.5546875,11.16943359375,-4865,651,12,13288,1754,-30337,72.9931640625,9.635009765625,-166.6461181640625,347,3.47,0
1302,105822,3.68,292108,3680,1,-10,1945,431,-0.0048828125,0.94970703125,0.21044921875,634,60,77,38.6962890625,3.662109375,4.69970703125,221,950,6477,14002,-910,25106,76.915283203125,-4.998779296875,137.911376953125,355,3.55,0
1303,105823,3.681,292109,3681,2,-260,2168,448,-0.126953125,1.05859375,0.21875,-14,149,155,-0.8544921875,9.09423828125,9.46044921875,1735,2352,-3662,13956,1079,1717,76.66259765625,5.9271240234375,9.4317626953125,358,3.58,0
1304,105824,3.686,292114,3686,0,-242,1890,620,-0.1181640625,0.9228515625,0.302734375,412,-304,183,25.146484375,-18.5546875,11.16943359375,-4865,651,12,13288,1754,-30337,72.9931640625,9.635009765625,-166.6461181640625,347,3.47,0
1305,105825,3.688,292116,3688,2,-227,2074,440,-0.11083984375,1.0126953125,0.21484375,-106,106,120,-6.4697265625,6.4697265625,7.32421875,1739,2323,-3670,13947,1069,1732,76.6131591796875,5.8721923828125,9.51416015625,358,3.58,0
1306,105826,3.693,292121,3693,0,-108,1974,599,-0.052734375,0.9638671875,0.29248046875,534,-134,220,32.5927734375,-8.1787109375,13.427734375,-4856,686,27,13374,1712,-30346,73.465576171875,9.404296875,-166.695556640625,347,3.47,0
1307,105827,3.695,292123,3695,2,-206,2019,449,-0.1005859375,0.98583984375,0.21923828125,-99,103,95,-6.04248046875,6.28662109375,5.79833984375,1736,2338,-3672,13943,1067,1739,76.5911865234375,5.8612060546875,9.5526123046875,357,3.57,0
1308,105828,3.7,292128,3700,0,-120,1997,576,-0.05859375,0.97509765625,0.28125,535,-97,223,32.65380859375,-5.92041015625,13.61083984375,-4845,690,0,13404,1700,-30347,73.63037109375,9.33837890625,-166.7010498046875,347,3.47,0
1309,105829,3.701,292129,3701,1,374,1845,385,0.1826171875,0.90087890625,0.18798828125,517,-168,-92,31.55517578125,-10.25390625,-5.615234375,182,999,6390,14131,-910,25093,77.6239013671875,-4.998779296875,137.8399658203125,356,3.56,0
1310,105830,3.702,292130,3702,2,-186,1970,460,-0.0908203125,0.9619140625,0.224609375,-79,99,70,-4.82177734375,6.04248046875,4.2724609375,1754,2353,-3647,13940,1065,1745,76.57470703125,5.8502197265625,9.5855712890625,357,3.57,0
1311,105831,3.707,292135,3707,0,-203,2039,576,-0.09912109375,0.99560546875,0.28125,488,-107,176,29.78515625,-6.53076171875,10.7421875,-4842,737,-22,13458,1678,-30352,73.927001953125,9.217529296875,-166.728515625,348,3.48,0
1312,105832,3.708,292136,3708,1,406,1817,447,0.1982421875,0.88720703125,0.21826171875,445,-115,-154,27.16064453125,-7.01904296875,-9.3994140625,158,994,6404,14155,-902,25087,77.7557373046875,-4.954833984375,137.8070068359375,356,3.56,0
1313,105833,3.709,292137,3709,2,-143,1909,453,-0.06982421875,0.93212890625,0.22119140625,-49,105,18,-2.99072265625,6.40869140625,1.0986328125,1741,2360,-3605,13936,1067,1757,76.552734375,5.8612060546875,9.6514892578125,357,3.57,0
1314,105834,3.714,292142,3714,0,-259,2035,551,-0.12646484375,0.99365234375,0.26904296875,441,-100,134,26.91650390625,-6.103515625,8.1787109375,-4829,776,-49,13481,1671,-30346,74.0533447265625,9.1790771484375,-166.695556640625,348,3.48,0
1315,105835,3.715,292143,3715,1,254,1748,460,0.1240234375,0.853515625,0.224609375,376,83,-161,22.94921875,5.06591796875,-9.82666015625,121,1025,6380,14196,-881,25094,77.98095703125,-4.8394775390625,137.845458984375,356,3.56,0
1316,105836,3.716,292144,3716,2,-121,1896,432,-0.05908203125,0.92578125,0.2109375,-57,119,-19,-3.47900390625,7.26318359375,-1.15966796875,1740,2349,-3614,13933,1071,1763,76.5362548828125,5.8831787109375,9.6844482421875,357,3.57,0
1317,105837,3.721,292149,3721,0,-259,2035,551,-0.12646484375,0.99365234375,0.26904296875,441,-100,134,26.91650390625,-6.103515625,8.1787109375,-4829,776,-49,13481,1671,-30346,74.0533447265625,9.1790771484375,-166.695556640625,348,3.48,0
1318,105838,3.723,292151,3723,2,-99,1868,387,-0.04833984375,0.912109375,0.18896484375,-75,141,-83,-4.57763671875,8.60595703125,-5.06591796875,1752,2357,-3669,13927,1084,1776,76.5032958984375,5.95458984375,9.755859375,356,3.56,0
1319,105839,3.728,292156,3728,0,-368,1963,447,-0.1796875,0.95849609375,0.21826171875,418,-249,67,25.5126953125,-15.19775390625,4.08935546875,-4780,801,-69,13547,1654,-30370,74.4158935546875,9.085693359375,-166.827392578125,348,3.48,0
1320,105840,3.729,292157,3729,1,157,1857,421,0.07666015625,0.90673828125,0.20556640625,320,149,-192,19.53125,9.09423828125,-11.71875,104,1010,6376,14230,-858,25104,78.167724609375,-4.713134765625,137.900390625,356,3.56,0
1321,105841,3.737,292165,3737,2,-107,1853,377,-0.05224609375,0.90478515625,0.18408203125,-64,160,-97,-3.90625,9.765625,-5.92041015625,1764,2360,-3705,13925,1092,1784,76.4923095703125,5.99853515625,9.7998046875,356,3.56,0
1322,105842,3.737,292165,3737,0,-340,1998,536,-0.166015625,0.9755859375,0.26171875,394,-293,32,24.0478515625,-17.88330078125,1.953125,-4791,797,-75,13565,1648,-30377,74.5147705078125,9.052734375,-166.8658447265625,348,3.48,0
1323,105843,3.737,292165,3737,1,85,1925,412,0.04150390625,0.93994140625,0.201171875,352,137,-179,21.484375,8.36181640625,-10.92529296875,95,989,6330,14267,-836,25118,78.3709716796875,-4.59228515625,137.977294921875,356,3.56,0
1324,105844,3.737,292165,3737,2,-134,1844,378,-0.0654296875,0.900390625,0.1845703125,-44,168,-96,-2.685546875,10.25390625,-5.859375,1747,2367,-3704,13924,1099,1792,76.48681640625,6.0369873046875,9.84375,356,3.56,0
1325,105845,3.742,292170,3742,0,-187,2006,562,-0.09130859375,0.9794921875,0.2744140625,291,-263,6,17.76123046875,-16.05224609375,0.3662109375,-4796,789,-34,13595,1642,-30403,74.6795654296875,9.019775390625,-167.0086669921875,348,3.48,0
1326,105846,3.743,292171,3743,1,23,1966,439,0.01123046875,0.9599609375,0.21435546875,410,114,-174,25.0244140625,6.9580078125,-10.6201171875,92,980,6310,14290,-825,25124,78.497314453125,-4.5318603515625,138.01025390625,356,3.56,0
1327,105847,3.744,292172,3744,2,-212,1841,387,-0.103515625,0.89892578125,0.18896484375,-14,136,-73,-0.8544921875,8.30078125,-4.45556640625,1758,2341,-3729,13924,1112,1805,76.48681640625,6.1083984375,9.9151611328125,356,3.56,0
1328,105848,3.749,292177,3749,0,-145,1978,574,-0.07080078125,0.9658203125,0.2802734375,281,-204,13,17.15087890625,-12.451171875,0.79345703125,-4804,781,-10,13611,1639,-30412,74.7674560546875,9.0032958984375,-167.05810546875,348,3.48,0
1329,105849,3.75,292178,3750,1,-21,2017,485,-0.01025390625,0.98486328125,0.23681640625,454,157,-181,27.7099609375,9.58251953125,-11.04736328125,32,1003,6298,14316,-812,25131,78.64013671875,-4.46044921875,138.0487060546875,356,3.56,0
1330,105850,3.751,292179,3751,2,-245,1841,389,-0.11962890625,0.89892578125,0.18994140625,-12,117,-59,-0.732421875,7.14111328125,-3.60107421875,1756,2345,-3711,13924,1117,1811,76.48681640625,6.1358642578125,9.9481201171875,356,3.56,0
1331,105851,3.756,292184,3756,0,-114,1953,649,-0.0556640625,0.95361328125,0.31689453125,323,-120,23,19.71435546875,-7.32421875,1.40380859375,-4800,790,-7,13631,1636,-30410,74.8773193359375,8.98681640625,-167.047119140625,348,3.48,0
1332,105852,3.757,292185,3757,1,-71,2148,481,-0.03466796875,1.048828125,0.23486328125,499,166,-257,30.45654296875,10.1318359375,-15.68603515625,29,1013,6358,14369,-781,25148,78.9312744140625,-4.2901611328125,138.14208984375,356,3.56,0
1333,105853,3.758,292186,3758,2,-269,1834,386,-0.13134765625,0.8955078125,0.1884765625,-21,91,-43,-1.28173828125,5.55419921875,-2.62451171875,1752,2341,-3727,13923,1120,1815,76.4813232421875,6.15234375,9.9700927734375,356,3.56,0
1334,105854,3.763,292191,3763,0,-23,2007,747,-0.01123046875,0.97998046875,0.36474609375,450,34,26,27.4658203125,2.0751953125,1.5869140625,-4778,836,-59,13680,1635,-30407,75.146484375,8.9813232421875,-167.0306396484375,348,3.48,0
1335,105855,3.765,292193,3765,2,-274,1824,391,-0.1337890625,0.890625,0.19091796875,-4,59,-20,-0.244140625,3.60107421875,-1.220703125,1752,2315,-3693,13923,1125,1821,76.4813232421875,6.1798095703125,10.0030517578125,356,3.56,0
1336,105856,3.77,292198,3770,0,109,2062,711,0.05322265625,1.0068359375,0.34716796875,373,122,58,22.76611328125,7.4462890625,3.5400390625,-4777,844,-54,13701,1634,-30396,75.2618408203125,8.975830078125,-166.97021484375,348,3.48,0
1337,105857,3.771,292199,3771,1,-61,2206,470,-0.02978515625,1.0771484375,0.2294921875,392,-75,-287,23.92578125,-4.57763671875,-17.51708984375,44,1077,6367,14437,-736,25139,79.3048095703125,-4.04296875,138.0926513671875,356,3.56,0
1338,105858,3.772,292200,3772,2,-262,1829,394,-0.1279296875,0.89306640625,0.1923828125,23,56,-18,1.40380859375,3.41796875,-1.0986328125,1752,2304,-3679,13926,1127,1824,76.497802734375,6.1907958984375,10.01953125,356,3.56,0
1339,105859,3.779,292207,3779,2,-235,1888,387,-0.11474609375,0.921875,0.18896484375,62,52,-12,3.7841796875,3.173828125,-0.732421875,1796,2285,-3637,13933,1131,1829,76.5362548828125,6.2127685546875,10.0469970703125,356,3.56,0
1340,105860,3.784,292212,3784,0,60,1977,758,0.029296875,0.96533203125,0.3701171875,336,413,235,20.5078125,25.20751953125,14.34326171875,-4731,869,-5,13767,1617,-30320,75.6243896484375,8.8824462890625,-166.552734375,348,3.48,0
1341,105861,3.786,292214,3786,2,-222,1936,374,-0.1083984375,0.9453125,0.1826171875,44,40,-7,2.685546875,2.44140625,-0.42724609375,1814,2277,-3619,13935,1132,1831,76.5472412109375,6.21826171875,10.0579833984375,356,3.56,0
1342,105862,3.791,292219,3791,0,29,1949,752,0.01416015625,0.95166015625,0.3671875,370,525,283,22.5830078125,32.04345703125,17.27294921875,-4706,860,-26,13794,1609,-30285,75.772705078125,8.8385009765625,-166.3604736328125,348,3.48,0
1343,105863,3.792,292220,3792,1,-78,1880,275,-0.0380859375,0.91796875,0.13427734375,494,-319,-306,30.1513671875,-19.47021484375,-18.6767578125,9,1118,6367,14539,-689,25066,79.8651123046875,-3.7847900390625,137.691650390625,357,3.57,0
1344,105864,3.804,292232,3804,2,-209,1983,363,-0.10205078125,0.96826171875,0.17724609375,14,31,-4,0.8544921875,1.89208984375,-0.244140625,1812,2292,-3615,13936,1133,1833,76.552734375,6.2237548828125,10.0689697265625,356,3.56,0
1345,105865,3.805,292233,3805,0,-135,1917,693,-0.06591796875,0.93603515625,0.33837890625,594,700,313,36.2548828125,42.724609375,19.10400390625,-4718,937,-72,13901,1583,-30152,76.3604736328125,8.6956787109375,-165.6298828125,348,3.48,0
1346,105866,3.807,292235,3807,2,-150,2103,378,-0.0732421875,1.02685546875,0.1845703125,17,43,14,1.03759765625,2.62451171875,0.8544921875,1808,2280,-3614,13940,1135,1839,76.57470703125,6.2347412109375,10.1019287109375,357,3.57,0
1347,105867,3.812,292240,3812,0,-135,1917,693,-0.06591796875,0.93603515625,0.33837890625,594,700,313,36.2548828125,42.724609375,19.10400390625,-4718,937,-72,13901,1583,-30152,76.3604736328125,8.6956787109375,-165.6298828125,348,3.48,0
1348,105868,3.814,292242,3814,2,-114,2129,383,-0.0556640625,1.03955078125,0.18701171875,40,53,21,2.44140625,3.23486328125,1.28173828125,1764,2298,-3598,13945,1135,1846,76.6021728515625,6.2347412109375,10.140380859375,357,3.57,0
1349,105869,3.819,292247,3819,0,-301,1827,548,-0.14697265625,0.89208984375,0.267578125,522,827,367,31.8603515625,50.47607421875,22.39990234375,-4779,985,-112,14013,1556,-29995,76.9757080078125,8.54736328125,-164.7674560546875,348,3.48,0
1350,105870,3.821,292249,3821,2,-106,2127,376,-0.0517578125,1.03857421875,0.18359375,39,67,26,2.38037109375,4.08935546875,1.5869140625,1753,2326,-3562,13947,1135,1850,76.6131591796875,6.2347412109375,10.162353515625,357,3.57,0
1351,105871,3.826,292254,3826,0,-358,1821,549,-0.1748046875,0.88916015625,0.26806640625,537,854,360,32.77587890625,52.1240234375,21.97265625,-4781,990,-135,14052,1548,-29942,77.18994140625,8.50341796875,-164.476318359375,348,3.48,0
1352,105872,3.828,292256,3828,2,-109,2119,369,-0.05322265625,1.03466796875,0.18017578125,18,74,30,1.0986328125,4.5166015625,1.8310546875,1746,2303,-3552,13949,1134,1855,76.6241455078125,6.229248046875,10.1898193359375,358,3.58,0
1353,105873,3.833,292261,3833,0,-441,1816,496,-0.21533203125,0.88671875,0.2421875,582,872,327,35.5224609375,53.22265625,19.95849609375,-4807,988,-150,14133,1534,-29829,77.6348876953125,8.426513671875,-163.8555908203125,348,3.48,0
1354,105874,3.835,292263,3835,2,-136,2070,385,-0.06640625,1.0107421875,0.18798828125,24,82,50,1.46484375,5.0048828125,3.0517578125,1789,2340,-3579,13953,1132,1865,76.6461181640625,6.21826171875,10.2447509765625,358,3.58,0
1355,105875,3.84,292268,3840,0,-475,1838,458,-0.23193359375,0.8974609375,0.2236328125,594,847,288,36.2548828125,51.69677734375,17.578125,-4825,1003,-153,14173,1529,-29780,77.8546142578125,8.3990478515625,-163.58642578125,348,3.48,0
1356,105876,3.842,292270,3842,2,-151,2038,404,-0.07373046875,0.9951171875,0.197265625,49,88,52,2.99072265625,5.37109375,3.173828125,1778,2351,-3579,13957,1131,1870,76.6680908203125,6.2127685546875,10.272216796875,358,3.58,0
1357,105877,3.847,292275,3847,0,-475,1838,458,-0.23193359375,0.8974609375,0.2236328125,594,847,288,36.2548828125,51.69677734375,17.578125,-4825,1003,-153,14173,1529,-29780,77.8546142578125,8.3990478515625,-163.58642578125,348,3.48,0
1358,105878,3.849,292277,3849,2,-176,1967,430,-0.0859375,0.96044921875,0.2099609375,114,87,53,6.9580078125,5.31005859375,3.23486328125,1779,2349,-3635,13971,1129,1881,76.7449951171875,6.2017822265625,10.3326416015625,358,3.58,0
1359,105879,3.854,292282,3854,0,-600,1852,367,-0.29296875,0.904296875,0.17919921875,606,593,198,36.9873046875,36.19384765625,12.0849609375,-4838,1032,-175,14292,1518,-29656,78.50830078125,8.338623046875,-162.9052734375,348,3.48,0
1360,105880,3.863,292291,3863,2,-189,1932,426,-0.09228515625,0.943359375,0.2080078125,128,88,52,7.8125,5.37109375,3.173828125,1799,2354,-3656,13979,1127,1886,76.7889404296875,6.1907958984375,10.360107421875,359,3.59,0
1361,105881,3.863,292291,3863,0,-618,1883,380,-0.3017578125,0.91943359375,0.185546875,591,521,176,36.07177734375,31.79931640625,10.7421875,-4855,1043,-188,14329,1515,-29625,78.7115478515625,8.3221435546875,-162.7349853515625,348,3.48,0
1362,105882,3.863,292291,3863,1,671,2060,423,0.32763671875,1.005859375,0.20654296875,427,50,-88,26.06201171875,3.0517578125,-5.37109375,115,1225,6290,14890,-678,24735,81.793212890625,-3.724365234375,135.8734130859375,356,3.56,0
1363,105883,3.863,292291,3863,2,-203,1901,413,-0.09912109375,0.92822265625,0.20166015625,122,70,48,7.4462890625,4.2724609375,2.9296875,1780,2320,-3685,13986,1126,1890,76.827392578125,6.185302734375,10.382080078125,359,3.59,0
1364,105884,3.868,292296,3868,0,-619,1942,382,-0.30224609375,0.9482421875,0.1865234375,547,433,154,33.38623046875,26.42822265625,9.3994140625,-4862,1068,-197,14399,1507,-29573,79.0960693359375,8.2781982421875,-162.4493408203125,348,3.48,0
1365,105885,3.87,292298,3870,2,-215,1852,395,-0.10498046875,0.904296875,0.19287109375,94,63,33,5.7373046875,3.84521484375,2.01416015625,1768,2313,-3698,13998,1125,1897,76.893310546875,6.1798095703125,10.4205322265625,359,3.59,0
1366,105886,3.875,292303,3875,0,-617,1964,349,-0.30126953125,0.958984375,0.17041015625,516,384,177,31.494140625,23.4375,10.80322265625,-4906,1101,-203,14430,1501,-29542,79.266357421875,8.2452392578125,-162.279052734375,348,3.48,0
1367,105887,3.877,292305,3877,2,-211,1824,390,-0.10302734375,0.890625,0.1904296875,71,44,29,4.33349609375,2.685546875,1.77001953125,1777,2320,-3698,14002,1125,1900,76.915283203125,6.1798095703125,10.43701171875,359,3.59,0
1368,105888,3.882,292310,3882,0,-603,1988,305,-0.29443359375,0.970703125,0.14892578125,495,309,198,30.21240234375,18.85986328125,12.0849609375,-4931,1126,-217,14460,1493,-29525,79.43115234375,8.2012939453125,-162.1856689453125,348,3.48,0
1369,105889,3.884,292312,3884,2,-195,1797,391,-0.09521484375,0.87744140625,0.19091796875,89,52,24,5.43212890625,3.173828125,1.46484375,1755,2345,-3700,14008,1125,1904,76.9482421875,6.1798095703125,10.458984375,359,3.59,0
1370,105890,3.889,292317,3889,0,-634,1990,265,-0.3095703125,0.9716796875,0.12939453125,456,34,245,27.83203125,2.0751953125,14.95361328125,-4964,1137,-226,14513,1469,-29513,79.7222900390625,8.0694580078125,-162.1197509765625,348,3.48,0
1371,105891,3.891,292319,3891,2,-170,1746,390,-0.0830078125,0.8525390625,0.1904296875,121,78,9,7.38525390625,4.7607421875,0.54931640625,1735,2349,-3738,14023,1127,1912,77.0306396484375,6.1907958984375,10.5029296875,359,3.59,0
1372,105892,3.896,292324,3896,0,-650,2002,297,-0.3173828125,0.9775390625,0.14501953125,411,-84,260,25.08544921875,-5.126953125,15.869140625,-4968,1158,-234,14535,1454,-29508,79.8431396484375,7.987060546875,-162.09228515625,348,3.48,0
1373,105893,3.898,292326,3898,2,-159,1751,389,-0.07763671875,0.85498046875,0.18994140625,137,74,6,8.36181640625,4.5166015625,0.3662109375,1744,2354,-3722,14031,1129,1916,77.0745849609375,6.2017822265625,10.52490234375,359,3.59,0
1374,105894,3.903,292331,3903,0,-641,1994,352,-0.31298828125,0.9736328125,0.171875,302,-248,255,18.4326171875,-15.13671875,15.56396484375,-4980,1180,-234,14567,1422,-29529,80.0189208984375,7.811279296875,-162.2076416015625,348,3.48,0
1375,105895,3.905,292333,3905,2,-139,1786,386,-0.06787109375,0.8720703125,0.1884765625,85,75,9,5.18798828125,4.57763671875,0.54931640625,1741,2320,-3742,14042,1131,1925,77.135009765625,6.2127685546875,10.5743408203125,358,3.58,0
1376,105896,3.91,292338,3910,0,-607,1969,351,-0.29638671875,0.96142578125,0.17138671875,242,-325,243,14.7705078125,-19.83642578125,14.83154296875,-4952,1200,-253,14577,1406,-29546,80.0738525390625,7.723388671875,-162.301025390625,348,3.48,0
1377,105897,3.912,292340,3912,2,-123,1795,395,-0.06005859375,0.87646484375,0.19287109375,71,76,18,4.33349609375,4.638671875,1.0986328125,1741,2328,-3755,14047,1131,1930,77.1624755859375,6.2127685546875,10.601806640625,358,3.58,0
1378,105898,3.917,292345,3917,0,-580,1926,308,-0.283203125,0.9404296875,0.150390625,181,-412,242,11.04736328125,-25.146484375,14.7705078125,-4950,1238,-250,14583,1389,-29560,80.1068115234375,7.6300048828125,-162.3779296875,348,3.48,0
1379,105899,3.919,292347,3919,2,-106,1801,410,-0.0517578125,0.87939453125,0.2001953125,83,97,18,5.06591796875,5.92041015625,1.0986328125,1750,2342,-3773,14053,1132,1935,77.1954345703125,6.21826171875,10.6292724609375,357,3.57,0
1380,105900,3.928,292356,3928,0,-523,1822,257,-0.25537109375,0.8896484375,0.12548828125,136,-655,255,8.30078125,-39.97802734375,15.56396484375,-4924,1279,-246,14592,1351,-29624,80.15625,7.4212646484375,-162.7294921875,348,3.48,0
1381,105901,3.928,292356,3928,1,114,1852,275,0.0556640625,0.904296875,0.13427734375,251,618,-239,15.31982421875,37.7197265625,-14.58740234375,86,1372,6195,15092,-548,25023,82.90283203125,-3.01025390625,137.4554443359375,355,3.55,0
1382,105902,3.931,292359,3931,0,-494,1774,281,-0.2412109375,0.8662109375,0.13720703125,181,-729,257,11.04736328125,-44.49462890625,15.68603515625,-4921,1283,-222,14598,1330,-29662,80.189208984375,7.305908203125,-162.938232421875,348,3.48,0
1383,105903,3.938,292366,3938,0,-494,1774,281,-0.2412109375,0.8662109375,0.13720703125,181,-729,257,11.04736328125,-44.49462890625,15.68603515625,-4921,1283,-222,14598,1330,-29662,80.189208984375,7.305908203125,-162.938232421875,348,3.48,0
1384,105904,3.94,292368,3940,2,-136,1863,427,-0.06640625,0.90966796875,0.20849609375,77,103,56,4.69970703125,6.28662109375,3.41796875,1741,2323,-3810,14086,1130,1968,77.376708984375,6.207275390625,10.810546875,357,3.57,0
1385,105905,3.945,292373,3945,0,-398,1781,315,-0.1943359375,0.86962890625,0.15380859375,230,-761,229,14.0380859375,-46.44775390625,13.97705078125,-4879,1322,-278,14623,1272,-29773,80.3265380859375,6.9873046875,-163.5479736328125,348,3.48,0
1386,105906,3.947,292375,3947,2,-154,1865,432,-0.0751953125,0.91064453125,0.2109375,66,106,69,4.0283203125,6.4697265625,4.21142578125,1752,2293,-3844,14090,1128,1974,77.398681640625,6.1962890625,10.843505859375,356,3.56,0
1387,105907,3.952,292380,3952,0,-360,1800,325,-0.17578125,0.87890625,0.15869140625,236,-720,221,14.404296875,-43.9453125,13.48876953125,-4868,1337,-284,14632,1255,-29809,80.3759765625,6.8939208984375,-163.7457275390625,348,3.48,0
1388,105908,3.954,292382,3954,2,-173,1862,442,-0.08447265625,0.9091796875,0.2158203125,67,106,83,4.08935546875,6.4697265625,5.06591796875,1768,2272,-3836,14095,1125,1981,77.4261474609375,6.1798095703125,10.8819580078125,356,3.56,0
1389,105909,3.959,292387,3959,0,-299,1889,323,-0.14599609375,0.92236328125,0.15771484375,278,-659,192,16.9677734375,-40.22216796875,11.71875,-4845,1362,-275,14655,1223,-29869,80.5023193359375,6.7181396484375,-164.0753173828125,348,3.48,0
1390,105910,3.966,292394,3966,0,-260,1964,293,-0.126953125,0.958984375,0.14306640625,264,-676,161,16.11328125,-41.259765625,9.82666015625,-4855,1389,-268,14665,1209,-29905,80.5572509765625,6.6412353515625,-164.2730712890625,348,3.48,0
1391,105911,3.968,292396,3968,2,-217,1865,462,-0.10595703125,0.91064453125,0.2255859375,92,93,125,5.615234375,5.67626953125,7.62939453125,1757,2327,-3827,14113,1111,2001,77.5250244140625,6.1029052734375,10.9918212890625,356,3.56,0
1392,105912,3.973,292401,3973,0,-260,1964,293,-0.126953125,0.958984375,0.14306640625,264,-676,161,16.11328125,-41.259765625,9.82666015625,-4855,1389,-268,14665,1209,-29905,80.5572509765625,6.6412353515625,-164.2730712890625,348,3.48,0
1393,105913,3.975,292403,3975,2,-225,1885,460,-0.10986328125,0.92041015625,0.224609375,64,91,143,3.90625,5.55419921875,8.72802734375,1730,2322,-3806,14122,1099,2014,77.574462890625,6.0369873046875,11.063232421875,356,3.56,0
1394,105914,3.98,292408,3980,0,-155,2138,350,-0.07568359375,1.0439453125,0.1708984375,158,-728,99,9.6435546875,-44.43359375,6.04248046875,-4834,1384,-270,14684,1173,-30012,80.66162109375,6.4434814453125,-164.86083984375,348,3.48,0
1395,105915,3.982,292410,3982,2,-224,1898,464,-0.109375,0.9267578125,0.2265625,57,87,150,3.47900390625,5.31005859375,9.1552734375,1743,2294,-3826,14127,1092,2021,77.6019287109375,5.99853515625,11.1016845703125,356,3.56,0
1396,105916,3.991,292419,3991,0,-135,2142,373,-0.06591796875,1.0458984375,0.18212890625,137,-692,94,8.36181640625,-42.236328125,5.7373046875,-4814,1380,-255,14688,1163,-30048,80.68359375,6.3885498046875,-165.05859375,348,3.48,0
1397,105917,3.991,292419,3991,1,-56,1917,208,-0.02734375,0.93603515625,0.1015625,325,310,-31,19.83642578125,18.9208984375,-1.89208984375,-5,1465,6197,15344,-390,25311,84.287109375,-2.142333984375,139.0374755859375,354,3.54,0
1398,105918,3.991,292419,3991,2,-222,1909,474,-0.1083984375,0.93212890625,0.2314453125,67,87,159,4.08935546875,5.31005859375,9.70458984375,1770,2325,-3797,14132,1085,2027,77.62939453125,5.9600830078125,11.1346435546875,356,3.56,0
1399,105919,3.994,292422,3994,0,-38,2134,400,-0.0185546875,1.0419921875,0.1953125,150,-563,97,9.1552734375,-34.36279296875,5.92041015625,-4797,1394,-220,14698,1144,-30099,80.738525390625,6.2841796875,-165.3387451171875,348,3.48,0
1400,105920,4.001,292429,4001,0,18,2120,395,0.0087890625,1.03515625,0.19287109375,142,-467,100,8.6669921875,-28.50341796875,6.103515625,-4789,1400,-205,14704,1135,-30121,80.771484375,6.2347412109375,-165.4595947265625,348,3.48,0
1401,105921,4.008,292436,4008,0,18,2120,395,0.0087890625,1.03515625,0.19287109375,142,-467,100,8.6669921875,-28.50341796875,6.103515625,-4789,1400,-205,14704,1135,-30121,80.771484375,6.2347412109375,-165.4595947265625,348,3.48,0
1402,105922,4.01,292438,4010,2,-181,1967,493,-0.08837890625,0.96044921875,0.24072265625,77,77,166,4.69970703125,4.69970703125,10.1318359375,1761,2284,-3799,14160,1046,2059,77.783203125,5.745849609375,11.3104248046875,355,3.55,0
1403,105923,4.015,292443,4015,0,82,2006,359,0.0400390625,0.9794921875,0.17529296875,198,-226,149,12.0849609375,-13.7939453125,9.09423828125,-4703,1463,-180,14731,1107,-30151,80.9197998046875,6.0809326171875,-165.6243896484375,348,3.48,0
1404,105924,4.017,292445,4017,2,-165,1972,493,-0.08056640625,0.962890625,0.24072265625,69,80,158,4.21142578125,4.8828125,9.6435546875,1775,2253,-3834,14165,1039,2065,77.8106689453125,5.7073974609375,11.3433837890625,355,3.55,0
1405,105925,4.022,292450,4022,0,89,1986,359,0.04345703125,0.9697265625,0.17529296875,241,-231,157,14.70947265625,-14.09912109375,9.58251953125,-4701,1467,-181,14744,1097,-30162,80.9912109375,6.0260009765625,-165.684814453125,348,3.48,0
1406,105926,4.029,292457,4029,0,123,1983,427,0.06005859375,0.96826171875,0.20849609375,270,-193,138,16.4794921875,-11.77978515625,8.4228515625,-4702,1432,-175,14773,1080,-30179,81.1505126953125,5.9326171875,-165.7781982421875,348,3.48,0
1407,105927,4.036,292464,4036,0,151,1998,440,0.07373046875,0.9755859375,0.21484375,282,-64,118,17.2119140625,-3.90625,7.2021484375,-4695,1427,-143,14789,1074,-30169,81.2384033203125,5.899658203125,-165.7232666015625,348,3.48,0
1408,105928,4.065,292493,4065,1,-29,1968,147,-0.01416015625,0.9609375,0.07177734375,394,-153,-80,24.0478515625,-9.33837890625,-4.8828125,-104,1473,6137,15522,-361,25353,85.264892578125,-1.9830322265625,139.2681884765625,355,3.55,0
1409,105929,4.066,292494,4066,1,35,2020,63,0.01708984375,0.986328125,0.03076171875,340,-423,72,20.751953125,-25.81787109375,4.39453125,-89,1557,6217,15641,-354,25277,85.9185791015625,-1.944580078125,138.8507080078125,355,3.55,0
1410,105930,4.071,292499,4071,0,219,2087,331,0.10693359375,1.01904296875,0.16162109375,403,548,64,24.59716796875,33.447265625,3.90625,-4661,1473,-210,14944,1072,-30001,82.08984375,5.888671875,-164.8004150390625,348,3.48,0
1411,105931,4.072,292500,4072,1,114,2005,113,0.0556640625,0.97900390625,0.05517578125,389,-411,-12,23.74267578125,-25.08544921875,-0.732421875,-77,1569,6194,15663,-355,25254,86.0394287109375,-1.9500732421875,138.724365234375,355,3.55,0
1412,105932,4.078,292506,4078,0,216,2121,347,0.10546875,1.03564453125,0.16943359375,355,653,59,21.66748046875,39.85595703125,3.60107421875,-4642,1471,-225,14967,1075,-29953,82.2161865234375,5.9051513671875,-164.5367431640625,349,3.49,0
1413,105933,4.085,292513,4085,0,149,2098,344,0.07275390625,1.0244140625,0.16796875,295,801,66,18.00537109375,48.88916015625,4.0283203125,-4670,1496,-226,15010,1079,-29864,82.452392578125,5.9271240234375,-164.0478515625,349,3.49,0
1414,105934,4.092,292520,4092,0,87,2074,317,0.04248046875,1.0126953125,0.15478515625,307,800,92,18.73779296875,48.828125,5.615234375,-4674,1522,-218,15033,1079,-29819,82.5787353515625,5.9271240234375,-163.8006591796875,349,3.49,0
1415,105935,4.099,292527,4099,0,87,2074,317,0.04248046875,1.0126953125,0.15478515625,307,800,92,18.73779296875,48.828125,5.615234375,-4674,1522,-218,15033,1079,-29819,82.5787353515625,5.9271240234375,-163.8006591796875,349,3.49,0
1416,105936,4.108,292536,4108,0,-114,2062,284,-0.0556640625,1.0068359375,0.138671875,312,689,144,19.04296875,42.05322265625,8.7890625,-4708,1546,-256,15099,1072,-29687,82.9412841796875,5.888671875,-163.0755615234375,350,3.5,0
1417,105937,4.108,292536,4108,1,136,2033,163,0.06640625,0.99267578125,0.07958984375,130,195,101,7.9345703125,11.90185546875,6.16455078125,-87,1617,6171,15735,-371,25237,86.4349365234375,-2.0379638671875,138.6309814453125,355,3.55,0
1418,105938,4.108,292536,4108,2,-273,1959,434,-0.13330078125,0.95654296875,0.2119140625,14,-20,16,0.8544921875,-1.220703125,0.9765625,1836,2235,-3781,14222,986,2128,78.123779296875,5.416259765625,11.689453125,355,3.55,0
1419,105939,4.113,292541,4113,0,-188,2059,282,-0.091796875,1.00537109375,0.1376953125,285,690,146,17.39501953125,42.1142578125,8.9111328125,-4727,1538,-274,15119,1069,-29647,83.0511474609375,5.8721923828125,-162.8558349609375,350,3.5,0
1420,105940,4.115,292543,4115,2,-272,1962,439,-0.1328125,0.9580078125,0.21435546875,26,-15,1,1.5869140625,-0.91552734375,0.06103515625,1810,2201,-3777,14224,986,2127,78.134765625,5.416259765625,11.6839599609375,355,3.55,0
1421,105941,4.12,292548,4120,0,-335,2042,256,-0.16357421875,0.9970703125,0.125,261,667,139,15.93017578125,40.71044921875,8.48388671875,-4741,1562,-321,15156,1062,-29562,83.25439453125,5.833740234375,-162.388916015625,350,3.5,0
1422,105942,4.121,292549,4121,1,261,2019,124,0.12744140625,0.98583984375,0.060546875,222,81,182,13.5498046875,4.94384765625,11.1083984375,-91,1611,6158,15773,-394,25258,86.6436767578125,-2.164306640625,138.746337890625,355,3.55,0
1423,105943,4.122,292550,4122,2,-274,1976,444,-0.1337890625,0.96484375,0.216796875,28,-32,-15,1.708984375,-1.953125,-0.91552734375,1817,2186,-3749,14227,988,2123,78.1512451171875,5.42724609375,11.6619873046875,356,3.56,0
1424,105944,4.127,292555,4127,0,-388,2040,234,-0.189453125,0.99609375,0.1142578125,242,613,127,14.7705078125,37.41455078125,7.75146484375,-4738,1593,-313,15173,1060,-29528,83.3477783203125,5.82275390625,-162.2021484375,350,3.5,0
1425,105945,4.129,292557,4129,2,-274,1980,438,-0.1337890625,0.966796875,0.2138671875,8,-40,-19,0.48828125,-2.44140625,-1.15966796875,1819,2180,-3792,14227,990,2121,78.1512451171875,5.438232421875,11.6510009765625,356,3.56,0
1426,105946,4.134,292562,4134,0,-388,2040,234,-0.189453125,0.99609375,0.1142578125,242,613,127,14.7705078125,37.41455078125,7.75146484375,-4738,1593,-313,15173,1060,-29528,83.3477783203125,5.82275390625,-162.2021484375,350,3.5,0
1427,105947,4.136,292564,4136,2,-264,1984,436,-0.12890625,0.96875,0.212890625,-8,-48,-28,-0.48828125,-2.9296875,-1.708984375,1784,2171,-3769,14226,993,2115,78.145751953125,5.4547119140625,11.6180419921875,357,3.57,0
1428,105948,4.141,292569,4141,0,-432,2022,212,-0.2109375,0.9873046875,0.103515625,157,412,69,9.58251953125,25.146484375,4.21142578125,-4742,1575,-331,15211,1055,-29442,83.5565185546875,5.7952880859375,-161.729736328125,350,3.5,0
1429,105949,4.142,292570,4142,1,-33,1928,38,-0.01611328125,0.94140625,0.0185546875,118,16,65,7.2021484375,0.9765625,3.96728515625,-128,1662,6130,15795,-405,25285,86.7645263671875,-2.2247314453125,138.8946533203125,355,3.55,0
1430,105950,4.143,292571,4143,2,-254,1987,443,-0.1240234375,0.97021484375,0.21630859375,0,-52,-30,0.0,-3.173828125,-1.8310546875,1783,2201,-3816,14226,994,2112,78.145751953125,5.460205078125,11.6015625,357,3.57,0
1431,105951,4.148,292576,4148,0,-432,1993,182,-0.2109375,0.97314453125,0.0888671875,150,388,75,9.1552734375,23.681640625,4.57763671875,-4721,1574,-323,15222,1053,-29420,83.616943359375,5.7843017578125,-161.60888671875,350,3.5,0
1432,105952,4.149,292577,4149,1,0,1892,-54,0.0,0.923828125,-0.0263671875,221,-168,27,13.48876953125,-10.25390625,1.64794921875,-93,1666,6155,15817,-408,25277,86.8853759765625,-2.2412109375,138.8507080078125,355,3.55,0
1433,105953,4.15,292578,4150,2,-241,1985,448,-0.11767578125,0.96923828125,0.21875,8,-48,-36,0.48828125,-2.9296875,-2.197265625,1784,2178,-3771,14226,996,2109,78.145751953125,5.47119140625,11.5850830078125,357,3.57,0
1434,105954,4.155,292583,4155,0,-461,1947,91,-0.22509765625,0.95068359375,0.04443359375,194,177,101,11.8408203125,10.80322265625,6.16455078125,-4751,1594,-364,15246,1045,-29390,83.748779296875,5.7403564453125,-161.444091796875,351,3.51,0
1435,105955,4.156,292584,4156,1,39,1967,2,0.01904296875,0.96044921875,0.0009765625,179,-208,87,10.92529296875,-12.6953125,5.31005859375,-113,1668,6140,15827,-409,25271,86.9403076171875,-2.2467041015625,138.8177490234375,355,3.55,0
1436,105956,4.162,292590,4162,0,-448,1948,116,-0.21875,0.951171875,0.056640625,207,-19,94,12.63427734375,-1.15966796875,5.7373046875,-4769,1579,-394,15258,1040,-29392,83.814697265625,5.712890625,-161.455078125,351,3.51,0
1437,105957,4.171,292599,4171,2,-206,1964,448,-0.1005859375,0.958984375,0.21875,27,-39,-35,1.64794921875,-2.38037109375,-2.13623046875,1778,2172,-3782,14229,1003,2101,78.1622314453125,5.5096435546875,11.5411376953125,357,3.57,0
1438,105958,4.171,292599,4171,0,-417,1958,154,-0.20361328125,0.9560546875,0.0751953125,205,-119,84,12.51220703125,-7.26318359375,5.126953125,-4774,1592,-414,15269,1035,-29399,83.8751220703125,5.6854248046875,-161.4935302734375,351,3.51,0
1439,105959,4.171,292599,4171,1,5,2008,27,0.00244140625,0.98046875,0.01318359375,300,-131,-15,18.310546875,-7.99560546875,-0.91552734375,-128,1669,6142,15870,-404,25257,87.176513671875,-2.21923828125,138.7408447265625,355,3.55,0
1440,105960,4.171,292599,4171,2,-200,1955,438,-0.09765625,0.95458984375,0.2138671875,37,-39,-31,2.25830078125,-2.38037109375,-1.89208984375,1771,2204,-3821,14232,1004,2099,78.1787109375,5.51513671875,11.5301513671875,357,3.57,0
1441,105961,4.176,292604,4176,0,-353,1987,194,-0.17236328125,0.97021484375,0.0947265625,230,-164,66,14.0380859375,-10.009765625,4.0283203125,-4808,1602,-423,15293,1027,-29406,84.0069580078125,5.6414794921875,-161.531982421875,350,3.5,0
1442,105962,4.177,292605,4177,1,-4,2025,57,-0.001953125,0.98876953125,0.02783203125,315,-131,14,19.22607421875,-7.99560546875,0.8544921875,-118,1675,6154,15887,-402,25258,87.2698974609375,-2.208251953125,138.746337890625,355,3.55,0
1443,105963,4.178,292606,4178,2,-192,1950,416,-0.09375,0.9521484375,0.203125,31,-39,-18,1.89208984375,-2.38037109375,-1.0986328125,1745,2205,-3843,14235,1007,2094,78.1951904296875,5.5316162109375,11.502685546875,357,3.57,0
1444,105964,4.183,292611,4183,0,-331,1982,221,-0.16162109375,0.9677734375,0.10791015625,250,-161,60,15.2587890625,-9.82666015625,3.662109375,-4799,1593,-424,15307,1023,-29414,84.0838623046875,5.6195068359375,-161.575927734375,350,3.5,0
1445,105965,4.185,292613,4185,2,-194,1953,410,-0.0947265625,0.95361328125,0.2001953125,18,-39,-9,1.0986328125,-2.38037109375,-0.54931640625,1765,2220,-3828,14235,1007,2092,78.1951904296875,5.5316162109375,11.49169921875,357,3.57,0
1446,105966,4.19,292618,4190,0,-269,1996,231,-0.13134765625,0.974609375,0.11279296875,224,-114,67,13.671875,-6.9580078125,4.08935546875,-4803,1603,-349,15331,1015,-29425,84.2156982421875,5.5755615234375,-161.6363525390625,350,3.5,0
1447,105967,4.192,292620,4192,2,-209,1952,409,-0.10205078125,0.953125,0.19970703125,0,-51,15,0.0,-3.11279296875,0.91552734375,1779,2206,-3791,14236,1005,2087,78.20068359375,5.5206298828125,11.4642333984375,358,3.58,0
1448,105968,4.197,292625,4197,0,-241,2000,192,-0.11767578125,0.9765625,0.09375,181,-106,86,11.04736328125,-6.4697265625,5.2490234375,-4836,1605,-341,15340,1010,-29422,84.26513671875,5.548095703125,-161.619873046875,350,3.5,0
1449,105969,4.198,292626,4198,1,98,2098,40,0.0478515625,1.0244140625,0.01953125,107,-104,-35,6.53076171875,-6.34765625,-2.13623046875,-119,1676,6035,15926,-389,25256,87.484130859375,-2.1368408203125,138.7353515625,355,3.55,0
1450,105970,4.199,292627,4199,2,-218,1952,413,-0.1064453125,0.953125,0.20166015625,1,-56,25,0.06103515625,-3.41796875,1.52587890625,1757,2198,-3788,14236,1004,2084,78.20068359375,5.51513671875,11.44775390625,358,3.58,0
1451,105971,4.204,292632,4204,0,-222,1991,146,-0.1083984375,0.97216796875,0.0712890625,149,-153,110,9.09423828125,-9.33837890625,6.7138671875,-4838,1619,-348,15348,1003,-29431,84.30908203125,5.5096435546875,-161.6693115234375,350,3.5,0
1452,105972,4.206,292634,4206,2,-226,1953,420,-0.1103515625,0.95361328125,0.205078125,5,-61,33,0.30517578125,-3.72314453125,2.01416015625,1752,2193,-3782,14236,1002,2081,78.20068359375,5.504150390625,11.4312744140625,357,3.57,0
1453,105973,4.211,292639,4211,0,-191,1962,157,-0.09326171875,0.9580078125,0.07666015625,184,-294,129,11.23046875,-17.9443359375,7.87353515625,-4840,1647,-433,15366,987,-29460,84.407958984375,5.4217529296875,-161.82861328125,349,3.49,0
1454,105974,4.212,292640,4212,1,205,1976,91,0.10009765625,0.96484375,0.04443359375,154,95,-60,9.3994140625,5.79833984375,-3.662109375,-82,1688,5980,15947,-381,25260,87.5994873046875,-2.0928955078125,138.75732421875,355,3.55,0
1455,105975,4.213,292641,4213,2,-243,1959,434,-0.11865234375,0.95654296875,0.2119140625,10,-78,45,0.6103515625,-4.7607421875,2.74658203125,1767,2208,-3785,14236,996,2074,78.20068359375,5.47119140625,11.392822265625,357,3.57,0
1456,105976,4.218,292646,4218,0,-196,1958,165,-0.095703125,0.9560546875,0.08056640625,210,-333,133,12.8173828125,-20.32470703125,8.11767578125,-4838,1641,-427,15376,978,-29469,84.462890625,5.372314453125,-161.8780517578125,349,3.49,0
1457,105977,4.22,292648,4220,2,-249,1967,441,-0.12158203125,0.96044921875,0.21533203125,7,-86,46,0.42724609375,-5.2490234375,2.8076171875,1758,2212,-3782,14236,993,2069,78.20068359375,5.4547119140625,11.3653564453125,357,3.57,0
1458,105978,4.225,292653,4225,0,-196,1958,165,-0.095703125,0.9560546875,0.08056640625,210,-333,133,12.8173828125,-20.32470703125,8.11767578125,-4838,1641,-427,15376,978,-29469,84.462890625,5.372314453125,-161.8780517578125,349,3.49,0
1459,105979,4.227,292655,4227,2,-254,1982,456,-0.1240234375,0.9677734375,0.22265625,-5,-89,42,-0.30517578125,-5.43212890625,2.5634765625,1726,2248,-3766,14235,988,2060,78.1951904296875,5.42724609375,11.31591796875,357,3.57,0
1460,105980,4.235,292663,4235,0,-250,1965,179,-0.1220703125,0.95947265625,0.08740234375,247,-274,152,15.07568359375,-16.7236328125,9.27734375,-4834,1645,-402,15413,951,-29515,84.6661376953125,5.2239990234375,-162.1307373046875,349,3.49,0
1461,105981,4.239,292667,4239,0,-254,1983,169,-0.1240234375,0.96826171875,0.08251953125,266,-242,163,16.2353515625,-14.7705078125,9.94873046875,-4814,1647,-438,15427,941,-29519,84.7430419921875,5.1690673828125,-162.1527099609375,349,3.49,0
1462,105982,4.241,292669,4241,2,-255,1987,462,-0.12451171875,0.97021484375,0.2255859375,4,-95,26,0.244140625,-5.79833984375,1.5869140625,1750,2274,-3782,14235,984,2051,78.1951904296875,5.4052734375,11.2664794921875,357,3.57,0
1463,105983,4.246,292674,4246,0,-250,2059,178,-0.1220703125,1.00537109375,0.0869140625,195,-320,173,11.90185546875,-19.53125,10.55908203125,-4838,1678,-453,15447,920,-29551,84.8529052734375,5.0537109375,-162.3284912109375,349,3.49,0
1464,105984,4.248,292676,4248,2,-246,1988,454,-0.1201171875,0.970703125,0.2216796875,-4,-97,6,-0.244140625,-5.92041015625,0.3662109375,1744,2281,-3805,14234,983,2040,78.189697265625,5.3997802734375,11.2060546875,357,3.57,0
1465,105985,4.253,292681,4253,0,-245,2084,169,-0.11962890625,1.017578125,0.08251953125,130,-398,161,7.9345703125,-24.2919921875,9.82666015625,-4836,1672,-439,15452,910,-29573,84.88037109375,4.998779296875,-162.4493408203125,349,3.49,0
1466,105986,4.255,292683,4255,2,-240,1988,447,-0.1171875,0.970703125,0.21826171875,-10,-99,-5,-0.6103515625,-6.04248046875,-0.30517578125,1735,2284,-3833,14233,982,2035,78.1842041015625,5.394287109375,11.1785888671875,357,3.57,0
1467,105987,4.26,292688,4260,0,-245,2084,169,-0.11962890625,1.017578125,0.08251953125,130,-398,161,7.9345703125,-24.2919921875,9.82666015625,-4836,1672,-439,15452,910,-29573,84.88037109375,4.998779296875,-162.4493408203125,349,3.49,0
1468,105988,4.261,292689,4261,1,22,2105,115,0.0107421875,1.02783203125,0.05615234375,84,127,-40,5.126953125,7.75146484375,-2.44140625,-101,1697,5925,16035,-376,25288,88.0828857421875,-2.0654296875,138.9111328125,355,3.55,0
1469,105989,4.262,292690,4262,2,-229,1985,437,-0.11181640625,0.96923828125,0.21337890625,-32,-100,-25,-1.953125,-6.103515625,-1.52587890625,1713,2312,-3823,14229,984,2023,78.1622314453125,5.4052734375,11.1126708984375,357,3.57,0
1470,105990,4.267,292695,4267,0,-178,2060,111,-0.0869140625,1.005859375,0.05419921875,177,-552,138,10.80322265625,-33.69140625,8.4228515625,-4804,1674,-511,15470,881,-29649,84.979248046875,4.8394775390625,-162.8668212890625,349,3.49,0
1471,105991,4.269,292697,4269,2,-226,1982,437,-0.1103515625,0.9677734375,0.21337890625,-44,-99,-34,-2.685546875,-6.04248046875,-2.0751953125,1703,2323,-3819,14226,986,2017,78.145751953125,5.416259765625,11.0797119140625,357,3.57,0
1472,105992,4.28,292708,4280,0,-154,2106,117,-0.0751953125,1.0283203125,0.05712890625,180,-579,128,10.986328125,-35.33935546875,7.8125,-4802,1684,-517,15477,872,-29680,85.0177001953125,4.7900390625,-163.037109375,349,3.49,0
1473,105993,4.28,292708,4280,1,-119,2055,140,-0.05810546875,1.00341796875,0.068359375,69,94,8,4.21142578125,5.7373046875,0.48828125,-71,1701,5956,16050,-376,25309,88.165283203125,-2.0654296875,139.0264892578125,355,3.55,0
1474,105994,4.28,292708,4280,2,-223,1979,442,-0.10888671875,0.96630859375,0.2158203125,-52,-105,-39,-3.173828125,-6.40869140625,-2.38037109375,1709,2329,-3834,14223,987,2011,78.1292724609375,5.4217529296875,11.0467529296875,357,3.57,0
1475,105995,4.281,292709,4281,0,-75,2215,155,-0.03662109375,1.08154296875,0.07568359375,14,-609,79,0.8544921875,-37.17041015625,4.82177734375,-4774,1699,-460,15475,859,-29736,85.0067138671875,4.7186279296875,-163.3447265625,349,3.49,0
1476,105996,4.282,292710,4282,1,-79,2051,162,-0.03857421875,1.00146484375,0.0791015625,54,16,23,3.2958984375,0.9765625,1.40380859375,-56,1711,5990,16053,-375,25311,88.1817626953125,-2.0599365234375,139.0374755859375,355,3.55,0
1477,105997,4.283,292711,4283,2,-217,1976,460,-0.10595703125,0.96484375,0.224609375,-46,-106,-46,-2.8076171875,-6.4697265625,-2.8076171875,1692,2292,-3837,14217,991,1999,78.0963134765625,5.4437255859375,10.9808349609375,357,3.57,0
1478,105998,4.288,292716,4288,0,-19,2205,175,-0.00927734375,1.07666015625,0.08544921875,-84,-580,46,-5.126953125,-35.400390625,2.8076171875,-4779,1707,-450,15467,855,-29767,84.9627685546875,4.6966552734375,-163.5150146484375,349,3.49,0
1479,105999,4.289,292717,4289,1,73,2065,179,0.03564453125,1.00830078125,0.08740234375,53,28,-51,3.23486328125,1.708984375,-3.11279296875,-68,1720,5988,16055,-374,25311,88.1927490234375,-2.054443359375,139.0374755859375,355,3.55,0
1480,106000,4.29,292718,4290,2,-216,1977,465,-0.10546875,0.96533203125,0.22705078125,-46,-110,-49,-2.8076171875,-6.7138671875,-2.99072265625,1690,2285,-3820,14214,993,1992,78.079833984375,5.4547119140625,10.9423828125,357,3.57,0
1481,106001,4.295,292723,4295,0,-19,2205,175,-0.00927734375,1.07666015625,0.08544921875,-84,-580,46,-5.126953125,-35.400390625,2.8076171875,-4779,1707,-450,15467,855,-29767,84.9627685546875,4.6966552734375,-163.5150146484375,349,3.49,0
1482,106002,4.296,292724,4296,1,105,2024,-4,0.05126953125,0.98828125,-0.001953125,54,-215,-4,3.2958984375,-13.12255859375,-0.244140625,-82,1694,5978,16062,-373,25294,88.231201171875,-2.0489501953125,138.944091796875,355,3.55,0
1483,106003,4.297,292725,4297,2,-212,1978,468,-0.103515625,0.9658203125,0.228515625,-62,-114,-52,-3.7841796875,-6.9580078125,-3.173828125,1692,2278,-3850,14206,997,1978,78.035888671875,5.4766845703125,10.865478515625,357,3.57,0
1484,106004,4.302,292730,4302,0,108,2031,227,0.052734375,0.99169921875,0.11083984375,25,-514,11,1.52587890625,-31.3720703125,0.67138671875,-4751,1692,-385,15457,847,-29844,84.9078369140625,4.6527099609375,-163.93798828125,350,3.5,0
1485,106005,4.303,292731,4303,1,148,2008,-16,0.072265625,0.98046875,-0.0078125,90,-283,-21,5.4931640625,-17.27294921875,-1.28173828125,-69,1708,5958,16068,-373,25278,88.26416015625,-2.0489501953125,138.856201171875,355,3.55,0
1486,106006,4.304,292732,4304,2,-212,1973,467,-0.103515625,0.96337890625,0.22802734375,-62,-112,-54,-3.7841796875,-6.8359375,-3.2958984375,1674,2306,-3867,14202,1000,1972,78.013916015625,5.4931640625,10.83251953125,357,3.57,0
1487,106007,4.309,292737,4309,0,136,2025,249,0.06640625,0.98876953125,0.12158203125,94,-481,14,5.7373046875,-29.35791015625,0.8544921875,-4748,1708,-377,15462,844,-29868,84.935302734375,4.63623046875,-164.06982421875,350,3.5,0
1488,106008,4.31,292738,4310,1,181,2027,60,0.08837890625,0.98974609375,0.029296875,127,-249,-12,7.75146484375,-15.19775390625,-0.732421875,-93,1711,5938,16082,-373,25249,88.341064453125,-2.0489501953125,138.6968994140625,355,3.55,0
1489,106009,4.311,292739,4311,2,-214,1968,467,-0.1044921875,0.9609375,0.22802734375,-58,-111,-55,-3.5400390625,-6.77490234375,-3.35693359375,1696,2309,-3859,14199,1002,1965,77.9974365234375,5.504150390625,10.7940673828125,357,3.57,0
1490,106010,4.316,292744,4316,0,163,2073,328,0.07958984375,1.01220703125,0.16015625,109,-320,-11,6.65283203125,-19.53125,-0.67138671875,-4709,1747,-378,15471,843,-29895,84.9847412109375,4.6307373046875,-164.2181396484375,350,3.5,0
1491,106011,4.317,292745,4317,1,139,2028,50,0.06787109375,0.990234375,0.0244140625,102,-226,-11,6.2255859375,-13.7939453125,-0.67138671875,-103,1712,5930,16087,-372,25241,88.3685302734375,-2.04345703125,138.6529541015625,355,3.55,0
1492,106012,4.318,292746,4318,2,-220,1961,462,-0.107421875,0.95751953125,0.2255859375,-48,-110,-53,-2.9296875,-6.7138671875,-3.23486328125,1701,2301,-3837,14193,1007,1952,77.9644775390625,5.5316162109375,10.72265625,357,3.57,0
1493,106013,4.323,292751,4323,0,184,2083,343,0.08984375,1.01708984375,0.16748046875,87,-178,-20,5.31005859375,-10.8642578125,-1.220703125,-4697,1725,-359,15476,844,-29901,85.01220703125,4.63623046875,-164.2510986328125,350,3.5,0
1494,106014,4.324,292752,4324,1,102,2050,31,0.0498046875,1.0009765625,0.01513671875,51,-194,-24,3.11279296875,-11.8408203125,-1.46484375,-108,1685,5918,16089,-370,25231,88.3795166015625,-2.032470703125,138.5980224609375,355,3.55,0
1495,106015,4.325,292753,4325,2,-220,1955,457,-0.107421875,0.95458984375,0.22314453125,-49,-109,-50,-2.99072265625,-6.65283203125,-3.0517578125,1711,2284,-3814,14190,1009,1946,77.947998046875,5.5426025390625,10.689697265625,357,3.57,0
1496,106016,4.33,292758,4330,0,202,2067,328,0.0986328125,1.00927734375,0.16015625,79,-39,-12,4.82177734375,-2.38037109375,-0.732421875,-4703,1734,-356,15481,845,-29900,85.0396728515625,4.6417236328125,-164.24560546875,350,3.5,0
1497,106017,4.331,292759,4331,1,-50,1991,15,-0.0244140625,0.97216796875,0.00732421875,25,-182,-14,1.52587890625,-11.1083984375,-0.8544921875,-115,1697,5999,16093,-368,25211,88.4014892578125,-2.021484375,138.4881591796875,355,3.55,0
1498,106018,4.332,292760,4332,2,-218,1951,450,-0.1064453125,0.95263671875,0.2197265625,-53,-109,-49,-3.23486328125,-6.65283203125,-2.99072265625,1715,2261,-3842,14186,1011,1939,77.926025390625,5.5535888671875,10.6512451171875,357,3.57,0
1499,106019,4.339,292767,4339,0,191,2036,292,0.09326171875,0.994140625,0.142578125,92,136,26,5.615234375,8.30078125,1.5869140625,-4680,1733,-337,15493,844,-29876,85.1055908203125,4.63623046875,-164.11376953125,350,3.5,0
1500,106020,4.339,292767,4339,1,-58,1970,30,-0.0283203125,0.9619140625,0.0146484375,89,-171,-30,5.43212890625,-10.43701171875,-1.8310546875,-103,1711,6010,16099,-366,25206,88.4344482421875,-2.010498046875,138.460693359375,355,3.55,0
1501,106021,4.339,292767,4339,2,-213,1947,442,-0.10400390625,0.95068359375,0.2158203125,-57,-104,-45,-3.47900390625,-6.34765625,-2.74658203125,1697,2301,-3807,14179,1014,1927,77.8875732421875,5.570068359375,10.5853271484375,357,3.57,0
1502,106022,4.344,292772,4344,0,177,2036,257,0.08642578125,0.994140625,0.12548828125,84,181,41,5.126953125,11.04736328125,2.50244140625,-4674,1721,-341,15499,843,-29864,85.1385498046875,4.6307373046875,-164.0478515625,350,3.5,0
1503,106023,4.346,292774,4346,2,-210,1949,438,-0.1025390625,0.95166015625,0.2138671875,-64,-109,-41,-3.90625,-6.65283203125,-2.50244140625,1688,2294,-3808,14175,1016,1920,77.8656005859375,5.5810546875,10.546875,357,3.57,0
1504,106024,4.351,292779,4351,0,177,2036,257,0.08642578125,0.994140625,0.12548828125,84,181,41,5.126953125,11.04736328125,2.50244140625,-4674,1721,-341,15499,843,-29864,85.1385498046875,4.6307373046875,-164.0478515625,350,3.5,0
1505,106025,4.353,292781,4353,2,-197,1958,438,-0.09619140625,0.9560546875,0.2138671875,-89,-107,-36,-5.43212890625,-6.53076171875,-2.197265625,1633,2255,-3815,14165,1019,1908,77.8106689453125,5.5975341796875,10.48095703125,357,3.57,0
1506,106026,4.358,292786,4358,0,89,2025,209,0.04345703125,0.98876953125,0.10205078125,116,265,56,7.080078125,16.17431640625,3.41796875,-4628,1749,-360,15521,838,-29812,85.2593994140625,4.603271484375,-163.76220703125,351,3.51,0
1507,106027,4.359,292787,4359,1,69,2079,84,0.03369140625,1.01513671875,0.041015625,38,-260,-64,2.3193359375,-15.869140625,-3.90625,-88,1764,6049,16117,-352,25173,88.5333251953125,-1.93359375,138.2794189453125,355,3.55,0
1508,106028,4.36,292788,4360,2,-191,1962,444,-0.09326171875,0.9580078125,0.216796875,-86,-100,-32,-5.2490234375,-6.103515625,-1.953125,1636,2259,-3803,14160,1020,1902,77.783203125,5.60302734375,10.447998046875,357,3.57,0
1509,106029,4.365,292793,4365,0,60,2041,224,0.029296875,0.99658203125,0.109375,106,323,47,6.4697265625,19.71435546875,2.86865234375,-4608,1730,-367,15528,837,-29792,85.2978515625,4.5977783203125,-163.65234375,351,3.51,0
1510,106030,4.367,292795,4367,2,-189,1963,450,-0.09228515625,0.95849609375,0.2197265625,-76,-97,-29,-4.638671875,-5.92041015625,-1.77001953125,1629,2263,-3816,14156,1021,1897,77.76123046875,5.6085205078125,10.4205322265625,357,3.57,0
1511,106031,4.372,292800,4372,0,12,2069,194,0.005859375,1.01025390625,0.0947265625,66,387,31,4.0283203125,23.62060546875,1.89208984375,-4622,1742,-381,15540,838,-29748,85.36376953125,4.603271484375,-163.41064453125,351,3.51,0
1512,106032,4.373,292801,4373,1,258,2077,-5,0.1259765625,1.01416015625,-0.00244140625,117,-316,-83,7.14111328125,-19.287109375,-5.06591796875,-155,1791,6107,16134,-339,25118,88.626708984375,-1.8621826171875,137.977294921875,355,3.55,0
1513,106033,4.374,292802,4374,2,-196,1969,459,-0.095703125,0.96142578125,0.22412109375,-49,-92,-20,-2.99072265625,-5.615234375,-1.220703125,1637,2256,-3745,14149,1022,1886,77.7227783203125,5.614013671875,10.360107421875,357,3.57,0
1514,106034,4.379,292807,4379,0,-5,2067,188,-0.00244140625,1.00927734375,0.091796875,68,358,31,4.150390625,21.8505859375,1.89208984375,-4636,1761,-388,15546,838,-29719,85.396728515625,4.603271484375,-163.2513427734375,351,3.51,0
1515,106035,4.381,292809,4381,2,-203,1973,460,-0.09912109375,0.96337890625,0.224609375,-41,-94,-12,-2.50244140625,-5.7373046875,-0.732421875,1626,2260,-3728,14147,1022,1881,77.7117919921875,5.614013671875,10.3326416015625,357,3.57,0
1516,106036,4.386,292814,4386,0,-5,2067,188,-0.00244140625,1.00927734375,0.091796875,68,358,31,4.150390625,21.8505859375,1.89208984375,-4636,1761,-388,15546,838,-29719,85.396728515625,4.603271484375,-163.2513427734375,351,3.51,0
1517,106037,4.387,292815,4387,1,316,2095,14,0.154296875,1.02294921875,0.0068359375,126,-186,-34,7.6904296875,-11.3525390625,-2.0751953125,-140,1805,6017,16157,-331,25088,88.7530517578125,-1.8182373046875,137.8125,355,3.55,0
1518,106038,4.388,292816,4388,2,-213,1980,456,-0.10400390625,0.966796875,0.22265625,-40,-93,-2,-2.44140625,-5.67626953125,-0.1220703125,1636,2260,-3723,14142,1022,1871,77.684326171875,5.614013671875,10.2777099609375,357,3.57,0
1519,106039,4.393,292821,4393,0,-81,2054,196,-0.03955078125,1.0029296875,0.095703125,151,410,20,9.21630859375,25.0244140625,1.220703125,-4678,1772,-350,15574,839,-29653,85.550537109375,4.6087646484375,-162.8887939453125,350,3.5,0
1520,106040,4.394,292822,4394,1,295,2091,-28,0.14404296875,1.02099609375,-0.013671875,64,-199,12,3.90625,-12.14599609375,0.732421875,-133,1805,6006,16159,-333,25077,88.7640380859375,-1.8292236328125,137.7520751953125,355,3.55,0
1521,106041,4.395,292823,4395,2,-212,1980,454,-0.103515625,0.966796875,0.2216796875,-38,-91,2,-2.3193359375,-5.55419921875,0.1220703125,1616,2248,-3742,14140,1021,1866,77.67333984375,5.6085205078125,10.250244140625,357,3.57,0
1522,106042,4.403,292831,4403,0,-112,2051,170,-0.0546875,1.00146484375,0.0830078125,208,453,22,12.6953125,27.64892578125,1.3427734375,-4661,1767,-347,15589,840,-29619,85.6329345703125,4.6142578125,-162.7020263671875,350,3.5,0
1523,106043,4.403,292831,4403,1,271,2041,9,0.13232421875,0.99658203125,0.00439453125,-4,-97,57,-0.244140625,-5.92041015625,3.47900390625,-160,1829,6016,16160,-339,25070,88.76953125,-1.8621826171875,137.713623046875,356,3.56,0
1524,106044,4.403,292831,4403,2,-207,1979,451,-0.10107421875,0.96630859375,0.22021484375,-29,-88,2,-1.77001953125,-5.37109375,0.1220703125,1636,2242,-3771,14138,1021,1861,77.662353515625,5.6085205078125,10.2227783203125,357,3.57,0
1525,106045,4.407,292835,4407,0,-159,2072,167,-0.07763671875,1.01171875,0.08154296875,257,460,25,15.68603515625,28.076171875,1.52587890625,-4699,1761,-343,15622,842,-29566,85.814208984375,4.625244140625,-162.410888671875,350,3.5,0
1526,106046,4.408,292836,4408,1,229,2008,37,0.11181640625,0.98046875,0.01806640625,4,25,42,0.244140625,1.52587890625,2.5634765625,-128,1819,6031,16159,-340,25074,88.7640380859375,-1.86767578125,137.735595703125,356,3.56,0
1527,106047,4.409,292837,4409,2,-196,1979,444,-0.095703125,0.96630859375,0.216796875,-9,-78,1,-0.54931640625,-4.7607421875,0.06103515625,1616,2237,-3748,14136,1020,1853,77.6513671875,5.60302734375,10.1788330078125,357,3.57,0
1528,106048,4.414,292842,4414,0,-182,2075,161,-0.0888671875,1.01318359375,0.07861328125,242,472,32,14.7705078125,28.80859375,1.953125,-4715,1775,-337,15637,842,-29539,85.8966064453125,4.625244140625,-162.2625732421875,350,3.5,0
1529,106049,4.415,292843,4415,1,99,1970,13,0.04833984375,0.9619140625,0.00634765625,-16,73,4,-0.9765625,4.45556640625,0.244140625,-113,1828,6036,16157,-341,25087,88.7530517578125,-1.8731689453125,137.8070068359375,356,3.56,0
1530,106050,4.416,292844,4416,2,-192,1981,438,-0.09375,0.96728515625,0.2138671875,-17,-78,3,-1.03759765625,-4.7607421875,0.18310546875,1621,2213,-3737,14135,1019,1849,77.6458740234375,5.5975341796875,10.1568603515625,357,3.57,0
1531,106051,4.421,292849,4421,0,-182,2075,161,-0.0888671875,1.01318359375,0.07861328125,242,472,32,14.7705078125,28.80859375,1.953125,-4715,1775,-337,15637,842,-29539,85.8966064453125,4.625244140625,-162.2625732421875,350,3.5,0
1532,106052,4.422,292850,4422,1,92,1949,64,0.044921875,0.95166015625,0.03125,1,63,-2,0.06103515625,3.84521484375,-0.1220703125,-101,1818,6050,16157,-340,25091,88.7530517578125,-1.86767578125,137.8289794921875,356,3.56,0
1533,106053,4.423,292851,4423,2,-179,1986,432,-0.08740234375,0.9697265625,0.2109375,-43,-77,6,-2.62451171875,-4.69970703125,0.3662109375,1630,2214,-3739,14130,1018,1840,77.618408203125,5.592041015625,10.107421875,357,3.57,0
1534,106054,4.428,292856,4428,0,-236,2057,100,-0.115234375,1.00439453125,0.048828125,148,324,40,9.033203125,19.775390625,2.44140625,-4713,1747,-350,15672,840,-29468,86.0888671875,4.6142578125,-161.87255859375,350,3.5,0
1535,106055,4.429,292857,4429,1,123,1958,115,0.06005859375,0.9560546875,0.05615234375,20,96,-22,1.220703125,5.859375,-1.3427734375,-102,1803,6039,16158,-339,25098,88.758544921875,-1.8621826171875,137.867431640625,356,3.56,0
1536,106056,4.44,292868,4440,2,-172,1987,434,-0.083984375,0.97021484375,0.2119140625,-47,-76,4,-2.86865234375,-4.638671875,0.244140625,1630,2203,-3747,14127,1018,1836,77.6019287109375,5.592041015625,10.08544921875,357,3.57,0
1537,106057,4.442,292870,4442,0,-265,2006,43,-0.12939453125,0.9794921875,0.02099609375,109,228,30,6.65283203125,13.916015625,1.8310546875,-4731,1770,-438,15695,838,-29418,86.2152099609375,4.603271484375,-161.597900390625,350,3.5,0
1538,106058,4.443,292871,4443,1,172,2000,48,0.083984375,0.9765625,0.0234375,3,-2,-28,0.18310546875,-0.1220703125,-1.708984375,-87,1795,6016,16159,-333,25106,88.7640380859375,-1.8292236328125,137.911376953125,356,3.56,0
1539,106059,4.444,292872,4444,2,-159,1990,436,-0.07763671875,0.9716796875,0.212890625,-35,-54,-5,-2.13623046875,-3.2958984375,-0.30517578125,1646,2201,-3806,14121,1018,1826,77.5689697265625,5.592041015625,10.030517578125,357,3.57,0
1540,106060,4.449,292877,4449,0,-271,2010,9,-0.13232421875,0.9814453125,0.00439453125,84,214,26,5.126953125,13.0615234375,1.5869140625,-4733,1780,-427,15701,837,-29406,86.2481689453125,4.5977783203125,-161.531982421875,350,3.5,0
1541,106061,4.45,292878,4450,1,195,2013,34,0.09521484375,0.98291015625,0.0166015625,31,-73,-28,1.89208984375,-4.45556640625,-1.708984375,-80,1771,5996,16161,-332,25101,88.7750244140625,-1.82373046875,137.8839111328125,356,3.56,0
1542,106062,4.451,292879,4451,2,-161,1991,436,-0.07861328125,0.97216796875,0.212890625,-40,-49,-8,-2.44140625,-2.99072265625,-0.48828125,1634,2215,-3813,14118,1018,1824,77.552490234375,5.592041015625,10.01953125,357,3.57,0
1543,106063,4.456,292884,4456,0,-272,2014,-11,-0.1328125,0.9833984375,-0.00537109375,61,161,23,3.72314453125,9.82666015625,1.40380859375,-4746,1803,-476,15704,837,-29398,86.2646484375,4.5977783203125,-161.488037109375,350,3.5,0
1544,106064,4.457,292885,4457,1,198,2005,0,0.0966796875,0.97900390625,0.0,143,-149,-12,8.72802734375,-9.09423828125,-0.732421875,-83,1757,6040,16176,-330,25090,88.857421875,-1.812744140625,137.823486328125,356,3.56,0
1545,106065,4.458,292886,4458,2,-164,1988,436,-0.080078125,0.970703125,0.212890625,-41,-43,-10,-2.50244140625,-2.62451171875,-0.6103515625,1651,2232,-3825,14116,1019,1822,77.54150390625,5.5975341796875,10.008544921875,357,3.57,0
1546,106066,4.463,292891,4463,0,-267,2006,25,-0.13037109375,0.9794921875,0.01220703125,45,-21,23,2.74658203125,-1.28173828125,1.40380859375,-4750,1797,-462,15711,835,-29389,86.3031005859375,4.5867919921875,-161.4385986328125,350,3.5,0
1547,106067,4.464,292892,4464,1,203,2018,23,0.09912109375,0.9853515625,0.01123046875,181,-103,-17,11.04736328125,-6.28662109375,-1.03759765625,-72,1743,6020,16186,-329,25086,88.912353515625,-1.8072509765625,137.801513671875,356,3.56,0
1548,106068,4.465,292893,4465,2,-176,1982,437,-0.0859375,0.9677734375,0.21337890625,-28,-29,-12,-1.708984375,-1.77001953125,-0.732421875,1648,2257,-3780,14113,1021,1818,77.5250244140625,5.6085205078125,9.986572265625,357,3.57,0
1549,106069,4.47,292898,4470,0,-261,2007,43,-0.12744140625,0.97998046875,0.02099609375,57,-92,14,3.47900390625,-5.615234375,0.8544921875,-4762,1797,-464,15714,834,-29394,86.319580078125,4.581298828125,-161.466064453125,350,3.5,0
1550,106070,4.471,292899,4471,1,187,2061,11,0.09130859375,1.00634765625,0.00537109375,116,3,-29,7.080078125,0.18310546875,-1.77001953125,-98,1771,6037,16199,-326,25086,88.9837646484375,-1.790771484375,137.801513671875,356,3.56,0
1551,106071,4.472,292900,4472,2,-185,1981,438,-0.09033203125,0.96728515625,0.2138671875,-21,-22,-13,-1.28173828125,-1.3427734375,-0.79345703125,1660,2264,-3790,14112,1022,1817,77.51953125,5.614013671875,9.9810791015625,357,3.57,0
1552,106072,4.477,292905,4477,0,-219,2027,32,-0.10693359375,0.98974609375,0.015625,43,-136,13,2.62451171875,-8.30078125,0.79345703125,-4781,1798,-427,15718,833,-29400,86.341552734375,4.5758056640625,-161.4990234375,350,3.5,0
1553,106073,4.478,292906,4478,1,140,2075,-17,0.068359375,1.01318359375,-0.00830078125,64,14,-24,3.90625,0.8544921875,-1.46484375,-69,1757,6038,16201,-325,25090,88.9947509765625,-1.7852783203125,137.823486328125,356,3.56,0
1554,106074,4.479,292907,4479,2,-201,1987,435,-0.09814453125,0.97021484375,0.21240234375,-30,-21,-11,-1.8310546875,-1.28173828125,-0.67138671875,1667,2264,-3769,14108,1024,1814,77.49755859375,5.625,9.964599609375,357,3.57,0
1555,106075,4.484,292912,4484,0,-221,2025,40,-0.10791015625,0.98876953125,0.01953125,21,-160,20,1.28173828125,-9.765625,1.220703125,-4789,1798,-411,15719,832,-29409,86.3470458984375,4.5703125,-161.5484619140625,350,3.5,0
1556,106076,4.485,292913,4485,1,100,2084,-10,0.048828125,1.017578125,-0.0048828125,28,48,-37,1.708984375,2.9296875,-2.25830078125,-58,1773,6061,16202,-322,25095,89.000244140625,-1.768798828125,137.8509521484375,356,3.56,0
1557,106077,4.486,292914,4486,2,-205,1991,435,-0.10009765625,0.97216796875,0.21240234375,-45,-17,-13,-2.74658203125,-1.03759765625,-0.79345703125,1654,2256,-3795,14105,1025,1813,77.4810791015625,5.6304931640625,9.9591064453125,357,3.57,0
1558,106078,4.491,292919,4491,0,-217,2014,56,-0.10595703125,0.9833984375,0.02734375,15,-193,27,0.91552734375,-11.77978515625,1.64794921875,-4796,1798,-397,15719,830,-29419,86.3470458984375,4.559326171875,-161.6033935546875,350,3.5,0
1559,106079,4.5,292928,4500,2,-209,1992,439,-0.10205078125,0.97265625,0.21435546875,-55,-16,-13,-3.35693359375,-0.9765625,-0.79345703125,1646,2269,-3770,14102,1026,1812,77.464599609375,5.635986328125,9.95361328125,357,3.57,0
1560,106080,4.5,292928,4500,0,-229,2016,68,-0.11181640625,0.984375,0.033203125,41,-243,43,2.50244140625,-14.83154296875,2.62451171875,-4779,1790,-440,15723,825,-29436,86.3690185546875,4.5318603515625,-161.69677734375,350,3.5,0
1561,106081,4.5,292928,4500,1,70,2046,84,0.0341796875,0.9990234375,0.041015625,59,211,-55,3.60107421875,12.87841796875,-3.35693359375,-43,1811,5981,16208,-312,25129,89.033203125,-1.7138671875,138.0377197265625,357,3.57,0
1562,106082,4.5,292928,4500,2,-215,1987,454,-0.10498046875,0.97021484375,0.2216796875,-49,-23,-5,-2.99072265625,-1.40380859375,-0.30517578125,1668,2270,-3733,14097,1027,1810,77.4371337890625,5.6414794921875,9.942626953125,357,3.57,0
1563,106083,4.505,292933,4505,0,-239,2014,79,-0.11669921875,0.9833984375,0.03857421875,86,-283,56,5.2490234375,-17.27294921875,3.41796875,-4786,1818,-440,15727,821,-29452,86.3909912109375,4.5098876953125,-161.78466796875,350,3.5,0
1564,106084,4.506,292934,4506,1,73,2031,79,0.03564453125,0.99169921875,0.03857421875,70,184,-34,4.2724609375,11.23046875,-2.0751953125,-59,1840,5951,16215,-308,25150,89.0716552734375,-1.69189453125,138.153076171875,357,3.57,0
1565,106085,4.507,292935,4507,2,-214,1983,459,-0.1044921875,0.96826171875,0.22412109375,-38,-20,-2,-2.3193359375,-1.220703125,-0.1220703125,1657,2272,-3747,14095,1027,1809,77.4261474609375,5.6414794921875,9.9371337890625,357,3.57,0
1566,106086,4.512,292940,4512,0,-239,2014,79,-0.11669921875,0.9833984375,0.03857421875,86,-283,56,5.2490234375,-17.27294921875,3.41796875,-4786,1818,-440,15727,821,-29452,86.3909912109375,4.5098876953125,-161.78466796875,350,3.5,0
1567,106087,4.513,292941,4513,1,74,2032,56,0.0361328125,0.9921875,0.02734375,71,96,-31,4.33349609375,5.859375,-1.89208984375,-77,1840,5957,16218,-306,25153,89.088134765625,-1.680908203125,138.1695556640625,357,3.57,0
1568,106088,4.514,292942,4514,2,-218,1981,459,-0.1064453125,0.96728515625,0.22412109375,-42,-21,4,-2.5634765625,-1.28173828125,0.244140625,1637,2299,-3703,14090,1027,1807,77.398681640625,5.6414794921875,9.9261474609375,357,3.57,0
1569,106089,4.519,292947,4519,0,-147,2099,169,-0.07177734375,1.02490234375,0.08251953125,13,-314,22,0.79345703125,-19.1650390625,1.3427734375,-4784,1830,-408,15732,814,-29494,86.41845703125,4.471435546875,-162.015380859375,350,3.5,0
1570,106090,4.52,292948,4520,1,88,2043,22,0.04296875,0.99755859375,0.0107421875,75,-6,-24,4.57763671875,-0.3662109375,-1.46484375,-75,1844,5961,16222,-305,25155,89.110107421875,-1.6754150390625,138.1805419921875,357,3.57,0
1571,106091,4.521,292949,4521,2,-220,1981,455,-0.107421875,0.96728515625,0.22216796875,-49,-29,9,-2.99072265625,-1.77001953125,0.54931640625,1616,2275,-3676,14088,1027,1805,77.3876953125,5.6414794921875,9.9151611328125,357,3.57,0
1572,106092,4.526,292954,4526,0,-109,2084,158,-0.05322265625,1.017578125,0.0771484375,-30,-298,5,-1.8310546875,-18.1884765625,0.30517578125,-4792,1845,-413,15730,813,-29510,86.407470703125,4.4659423828125,-162.103271484375,350,3.5,0
1573,106093,4.527,292955,4527,1,116,2037,-17,0.056640625,0.99462890625,-0.00830078125,97,-118,-8,5.92041015625,-7.2021484375,-0.48828125,-73,1840,5927,16233,-304,25143,89.1705322265625,-1.669921875,138.1146240234375,357,3.57,0
1574,106094,4.528,292956,4528,2,-221,1983,450,-0.10791015625,0.96826171875,0.2197265625,-54,-31,11,-3.2958984375,-1.89208984375,0.67138671875,1606,2293,-3684,14084,1026,1803,77.36572265625,5.635986328125,9.9041748046875,357,3.57,0
1575,106095,4.533,292961,4533,0,-67,1989,102,-0.03271484375,0.97119140625,0.0498046875,64,-297,29,3.90625,-18.12744140625,1.77001953125,-4785,1865,-398,15734,809,-29541,86.429443359375,4.4439697265625,-162.2735595703125,350,3.5,0
1576,106096,4.534,292962,4534,1,108,2009,-34,0.052734375,0.98095703125,-0.0166015625,143,-124,-7,8.72802734375,-7.568359375,-0.42724609375,-97,1826,5953,16242,-303,25137,89.219970703125,-1.6644287109375,138.0816650390625,357,3.57,0
1577,106097,4.535,292963,4535,2,-216,1988,446,-0.10546875,0.970703125,0.2177734375,-66,-36,11,-4.0283203125,-2.197265625,0.67138671875,1599,2295,-3723,14077,1026,1800,77.3272705078125,5.635986328125,9.8876953125,357,3.57,0
1578,106098,4.54,292968,4540,0,-65,1974,84,-0.03173828125,0.9638671875,0.041015625,155,-301,58,9.46044921875,-18.37158203125,3.5400390625,-4788,1860,-409,15744,805,-29549,86.484375,4.4219970703125,-162.3175048828125,350,3.5,0
1579,106099,4.542,292970,4542,2,-209,1990,448,-0.10205078125,0.9716796875,0.21875,-64,-38,10,-3.90625,-2.3193359375,0.6103515625,1603,2308,-3735,14074,1025,1798,77.310791015625,5.6304931640625,9.876708984375,357,3.57,0
1580,106100,4.547,292975,4547,0,-65,1974,84,-0.03173828125,0.9638671875,0.041015625,155,-301,58,9.46044921875,-18.37158203125,3.5400390625,-4788,1860,-409,15744,805,-29549,86.484375,4.4219970703125,-162.3175048828125,350,3.5,0
1581,106101,4.548,292976,4548,1,47,2075,-4,0.02294921875,1.01318359375,-0.001953125,133,-19,-11,8.11767578125,-1.15966796875,-0.67138671875,-61,1867,5964,16268,-300,25134,89.36279296875,-1.64794921875,138.065185546875,357,3.57,0
1582,106102,4.549,292977,4549,2,-196,1989,457,-0.095703125,0.97119140625,0.22314453125,-47,-30,4,-2.86865234375,-1.8310546875,0.244140625,1594,2291,-3820,14068,1025,1795,77.27783203125,5.6304931640625,9.8602294921875,357,3.57,0
1583,106103,4.554,292982,4554,0,-78,2086,128,-0.0380859375,1.0185546875,0.0625,134,-254,66,8.1787109375,-15.5029296875,4.0283203125,-4758,1856,-383,15769,791,-29592,86.6217041015625,4.3450927734375,-162.5537109375,350,3.5,0
1584,106104,4.555,292983,4555,1,41,2094,28,0.02001953125,1.0224609375,0.013671875,68,33,-17,4.150390625,2.01416015625,-1.03759765625,-74,1868,5962,16270,-299,25137,89.373779296875,-1.6424560546875,138.0816650390625,357,3.57,0
1585,106105,4.556,292984,4556,2,-191,1989,461,-0.09326171875,0.97119140625,0.22509765625,-41,-32,2,-2.50244140625,-1.953125,0.1220703125,1591,2290,-3859,14066,1025,1793,77.266845703125,5.6304931640625,9.8492431640625,357,3.57,0
1586,106106,4.564,292992,4564,0,-64,2098,125,-0.03125,1.0244140625,0.06103515625,71,-213,54,4.33349609375,-13.00048828125,3.2958984375,-4749,1859,-384,15772,789,-29594,86.63818359375,4.3341064453125,-162.564697265625,350,3.5,0
1587,106107,4.565,292993,4565,1,8,2028,13,0.00390625,0.990234375,0.00634765625,78,85,-19,4.7607421875,5.18798828125,-1.15966796875,-85,1884,5938,16278,-297,25148,89.417724609375,-1.6314697265625,138.14208984375,357,3.57,0
1588,106108,4.565,292993,4565,2,-188,1988,464,-0.091796875,0.970703125,0.2265625,-38,-29,-2,-2.3193359375,-1.77001953125,-0.1220703125,1592,2279,-3864,14064,1026,1791,77.255859375,5.635986328125,9.8382568359375,357,3.57,0
1589,106109,4.568,292996,4568,0,-28,2067,128,-0.013671875,1.00927734375,0.0625,102,-159,40,6.2255859375,-9.70458984375,2.44140625,-4761,1850,-372,15783,784,-29610,86.6986083984375,4.306640625,-162.652587890625,350,3.5,0
1590,106110,4.569,292997,4569,1,-39,1996,-21,-0.01904296875,0.974609375,-0.01025390625,114,27,-29,6.9580078125,1.64794921875,-1.77001953125,-77,1878,5926,16285,-296,25149,89.4561767578125,-1.6259765625,138.1475830078125,357,3.57,0
1591,106111,4.57,292998,4570,2,-190,1985,465,-0.0927734375,0.96923828125,0.22705078125,-37,-28,-7,-2.25830078125,-1.708984375,-0.42724609375,1595,2268,-3871,14059,1027,1788,77.2283935546875,5.6414794921875,9.82177734375,357,3.57,0
1592,106112,4.575,293003,4575,0,-20,2062,142,-0.009765625,1.0068359375,0.0693359375,166,-147,45,10.1318359375,-8.97216796875,2.74658203125,-4768,1854,-378,15793,781,-29617,86.7535400390625,4.2901611328125,-162.6910400390625,350,3.5,0
1593,106113,4.577,293005,4577,2,-193,1984,464,-0.09423828125,0.96875,0.2265625,-37,-29,-9,-2.25830078125,-1.77001953125,-0.54931640625,1599,2254,-3908,14057,1028,1787,77.2174072265625,5.64697265625,9.8162841796875,357,3.57,0
1594,106114,4.582,293010,4582,0,-14,2081,150,-0.0068359375,1.01611328125,0.0732421875,198,-131,46,12.0849609375,-7.99560546875,2.8076171875,-4774,1880,-387,15803,779,-29615,86.8084716796875,4.2791748046875,-162.6800537109375,350,3.5,0
1595,106115,4.583,293011,4583,1,50,2005,30,0.0244140625,0.97900390625,0.0146484375,113,-92,-23,6.89697265625,-5.615234375,-1.40380859375,-65,1822,5955,16305,-293,25142,89.5660400390625,-1.6094970703125,138.109130859375,357,3.57,0
1596,106116,4.584,293012,4584,2,-199,1982,460,-0.09716796875,0.9677734375,0.224609375,-41,-33,-10,-2.50244140625,-2.01416015625,-0.6103515625,1607,2246,-3881,14055,1028,1784,77.2064208984375,5.64697265625,9.7998046875,357,3.57,0
1597,106117,4.589,293017,4589,0,-1,2122,163,-0.00048828125,1.0361328125,0.07958984375,93,-78,24,5.67626953125,-4.7607421875,1.46484375,-4736,1889,-450,15814,775,-29623,86.868896484375,4.2572021484375,-162.7239990234375,350,3.5,0
1598,106118,4.59,293018,4590,1,56,2014,-16,0.02734375,0.9833984375,-0.0078125,83,-153,-31,5.06591796875,-9.33837890625,-1.89208984375,-51,1838,5906,16309,-291,25132,89.5880126953125,-1.5985107421875,138.05419921875,357,3.57,0
1599,106119,4.591,293019,4591,2,-205,1980,454,-0.10009765625,0.966796875,0.2216796875,-55,-36,-16,-3.35693359375,-2.197265625,-0.9765625,1588,2208,-3842,14048,1030,1780,77.16796875,5.657958984375,9.77783203125,357,3.57,0
1600,106120,4.602,293030,4602,0,8,2104,161,0.00390625,1.02734375,0.07861328125,35,-34,18,2.13623046875,-2.0751953125,1.0986328125,-4735,1884,-426,15816,774,-29624,86.8798828125,4.251708984375,-162.7294921875,350,3.5,0
1601,106121,4.602,293030,4602,1,71,1998,-71,0.03466796875,0.9755859375,-0.03466796875,119,-224,-19,7.26318359375,-13.671875,-1.15966796875,-78,1828,5907,16322,-289,25112,89.659423828125,-1.5875244140625,137.9443359375,357,3.57,0
1602,106122,4.602,293030,4602,2,-206,1980,453,-0.1005859375,0.966796875,0.22119140625,-61,-43,-18,-3.72314453125,-2.62451171875,-1.0986328125,1578,2213,-3878,14045,1031,1778,77.1514892578125,5.6634521484375,9.766845703125,357,3.57,0
1603,106123,4.603,293031,4603,0,4,2048,143,0.001953125,1.0,0.06982421875,53,29,21,3.23486328125,1.77001953125,1.28173828125,-4685,1868,-488,15823,773,-29611,86.9183349609375,4.2462158203125,-162.6580810546875,350,3.5,0
1604,106124,4.604,293032,4604,1,97,2009,-31,0.04736328125,0.98095703125,-0.01513671875,168,-179,-12,10.25390625,-10.92529296875,-0.732421875,-61,1826,5913,16332,-288,25104,89.71435546875,-1.58203125,137.900390625,356,3.56,0
1605,106125,4.605,293033,4605,2,-204,1979,464,-0.099609375,0.96630859375,0.2265625,-69,-43,-27,-4.21142578125,-2.62451171875,-1.64794921875,1576,2247,-3862,14037,1034,1772,77.1075439453125,5.679931640625,9.73388671875,357,3.57,0
1606,106126,4.61,293038,4610,0,-2,2042,138,-0.0009765625,0.9970703125,0.0673828125,68,28,18,4.150390625,1.708984375,1.0986328125,-4666,1870,-499,15827,771,-29610,86.9403076171875,4.2352294921875,-162.652587890625,350,3.5,0
1607,106127,4.611,293039,4611,1,131,2051,17,0.06396484375,1.00146484375,0.00830078125,182,-122,-20,11.1083984375,-7.4462890625,-1.220703125,-81,1843,5944,16342,-286,25097,89.769287109375,-1.571044921875,137.8619384765625,356,3.56,0
1608,106128,4.612,293040,4612,2,-204,1978,473,-0.099609375,0.9658203125,0.23095703125,-65,-43,-28,-3.96728515625,-2.62451171875,-1.708984375,1579,2235,-3897,14034,1036,1769,77.091064453125,5.69091796875,9.7174072265625,357,3.57,0
1609,106129,4.617,293045,4617,0,-20,2041,149,-0.009765625,0.99658203125,0.07275390625,72,32,10,4.39453125,1.953125,0.6103515625,-4659,1890,-498,15831,771,-29607,86.9622802734375,4.2352294921875,-162.6361083984375,351,3.51,0
1610,106130,4.618,293046,4618,1,140,2087,-22,0.068359375,1.01904296875,-0.0107421875,147,-197,-40,8.97216796875,-12.02392578125,-2.44140625,-88,1845,5975,16359,-282,25081,89.8626708984375,-1.549072265625,137.7740478515625,356,3.56,0
1611,106131,4.619,293047,4619,2,-206,1976,481,-0.1005859375,0.96484375,0.23486328125,-57,-45,-27,-3.47900390625,-2.74658203125,-1.64794921875,1575,2241,-3865,14031,1038,1767,77.0745849609375,5.701904296875,9.7064208984375,357,3.57,0
1612,106132,4.624,293052,4624,0,-27,2025,124,-0.01318359375,0.98876953125,0.060546875,117,111,17,7.14111328125,6.77490234375,1.03759765625,-4670,1889,-450,15846,771,-29585,87.044677734375,4.2352294921875,-162.5152587890625,351,3.51,0
1613,106133,4.625,293053,4625,1,170,2082,-21,0.0830078125,1.0166015625,-0.01025390625,139,-204,-33,8.48388671875,-12.451171875,-2.01416015625,-82,1842,5938,16366,-280,25071,89.901123046875,-1.5380859375,137.7191162109375,356,3.56,0
1614,106134,4.626,293054,4626,2,-212,1968,482,-0.103515625,0.9609375,0.2353515625,-44,-45,-29,-2.685546875,-2.74658203125,-1.77001953125,1563,2252,-3850,14025,1041,1761,77.0416259765625,5.7183837890625,9.6734619140625,357,3.57,0
1615,106135,4.631,293059,4631,0,-36,2007,96,-0.017578125,0.97998046875,0.046875,180,169,29,10.986328125,10.31494140625,1.77001953125,-4680,1880,-489,15859,769,-29574,87.1160888671875,4.2242431640625,-162.454833984375,351,3.51,0
1616,106136,4.633,293061,4633,2,-216,1966,477,-0.10546875,0.9599609375,0.23291015625,-49,-45,-27,-2.99072265625,-2.74658203125,-1.64794921875,1578,2265,-3847,14022,1042,1758,77.025146484375,5.723876953125,9.656982421875,357,3.57,0
1617,106137,4.639,293067,4639,1,144,2115,-75,0.0703125,1.03271484375,-0.03662109375,41,-74,-25,2.50244140625,-4.5166015625,-1.52587890625,-132,1879,5885,16378,-275,25058,89.967041015625,-1.5106201171875,137.647705078125,356,3.56,0
1618,106138,4.64,293068,4640,2,-224,1962,470,-0.109375,0.9580078125,0.2294921875,-60,-57,-17,-3.662109375,-3.47900390625,-1.03759765625,1568,2314,-3854,14015,1044,1752,76.9866943359375,5.73486328125,9.6240234375,357,3.57,0
1619,106139,4.645,293073,4645,0,-93,2047,93,-0.04541015625,0.99951171875,0.04541015625,216,172,46,13.18359375,10.498046875,2.8076171875,-4710,1899,-518,15900,764,-29533,87.34130859375,4.19677734375,-162.2296142578125,351,3.51,0
1620,106140,4.646,293074,4646,1,116,2086,-53,0.056640625,1.0185546875,-0.02587890625,12,-39,-9,0.732421875,-2.38037109375,-0.54931640625,-122,1877,5888,16379,-274,25057,89.9725341796875,-1.505126953125,137.6422119140625,356,3.56,0
1621,106141,4.647,293075,4647,2,-225,1960,471,-0.10986328125,0.95703125,0.22998046875,-47,-59,-14,-2.86865234375,-3.60107421875,-0.8544921875,1569,2306,-3889,14012,1044,1748,76.97021484375,5.73486328125,9.60205078125,357,3.57,0
1622,106142,4.652,293080,4652,0,-98,2064,99,-0.0478515625,1.0078125,0.04833984375,159,156,52,9.70458984375,9.521484375,3.173828125,-4716,1900,-527,15909,762,-29523,87.3907470703125,4.185791015625,-162.1746826171875,351,3.51,0
1623,106143,4.653,293081,4653,1,97,2014,-9,0.04736328125,0.9833984375,-0.00439453125,83,-16,-19,5.06591796875,-0.9765625,-1.15966796875,-100,1885,5902,16387,-274,25056,90.0164794921875,-1.505126953125,137.63671875,356,3.56,0
1624,106144,4.654,293082,4654,2,-225,1958,471,-0.10986328125,0.9560546875,0.22998046875,-36,-58,-11,-2.197265625,-3.5400390625,-0.67138671875,1553,2304,-3825,14010,1045,1745,76.959228515625,5.7403564453125,9.5855712890625,357,3.57,0
1625,106145,4.661,293089,4661,0,-118,2070,102,-0.0576171875,1.0107421875,0.0498046875,133,121,54,8.11767578125,7.38525390625,3.2958984375,-4709,1880,-504,15926,757,-29500,87.484130859375,4.1583251953125,-162.04833984375,351,3.51,0
1626,106146,4.661,293089,4661,1,99,2012,3,0.04833984375,0.982421875,0.00146484375,108,-4,-9,6.591796875,-0.244140625,-0.54931640625,-97,1861,5924,16393,-273,25060,90.0494384765625,-1.4996337890625,137.65869140625,356,3.56,0
1627,106147,4.661,293089,4661,2,-223,1963,462,-0.10888671875,0.95849609375,0.2255859375,-39,-67,1,-2.38037109375,-4.08935546875,0.06103515625,1595,2302,-3766,14006,1044,1738,76.937255859375,5.73486328125,9.547119140625,357,3.57,0
1628,106148,4.666,293094,4666,0,-118,2063,109,-0.0576171875,1.00732421875,0.05322265625,153,118,48,9.33837890625,7.2021484375,2.9296875,-4702,1890,-511,15935,755,-29492,87.5335693359375,4.1473388671875,-162.00439453125,351,3.51,0
1629,106149,4.667,293095,4667,1,71,2031,-17,0.03466796875,0.99169921875,-0.00830078125,98,-94,-25,5.9814453125,-5.7373046875,-1.52587890625,-61,1831,5916,16404,-270,25051,90.10986328125,-1.483154296875,137.6092529296875,356,3.56,0
1630,106150,4.668,293096,4668,2,-218,1969,459,-0.1064453125,0.96142578125,0.22412109375,-50,-66,6,-3.0517578125,-4.0283203125,0.3662109375,1589,2287,-3798,14003,1044,1734,76.9207763671875,5.73486328125,9.525146484375,357,3.57,0
1631,106151,4.673,293101,4673,0,-118,2063,109,-0.0576171875,1.00732421875,0.05322265625,153,118,48,9.33837890625,7.2021484375,2.9296875,-4702,1890,-511,15935,755,-29492,87.5335693359375,4.1473388671875,-162.00439453125,351,3.51,0
1632,106152,4.674,293102,4674,1,56,2021,-47,0.02734375,0.98681640625,-0.02294921875,72,-165,-35,4.39453125,-10.07080078125,-2.13623046875,-39,1835,5924,16408,-268,25041,90.1318359375,-1.47216796875,137.5543212890625,356,3.56,0
1633,106153,4.675,293103,4675,2,-208,1980,462,-0.1015625,0.966796875,0.2255859375,-56,-62,9,-3.41796875,-3.7841796875,0.54931640625,1574,2307,-3828,13996,1042,1728,76.88232421875,5.723876953125,9.4921875,357,3.57,0
1634,106154,4.68,293108,4680,0,-136,2073,84,-0.06640625,1.01220703125,0.041015625,95,164,22,5.79833984375,10.009765625,1.3427734375,-4712,1894,-501,15957,753,-29456,87.6544189453125,4.1363525390625,-161.806640625,350,3.5,0
1635,106155,4.681,293109,4681,1,55,1997,-47,0.02685546875,0.97509765625,-0.02294921875,78,-177,-29,4.7607421875,-10.80322265625,-1.77001953125,-44,1837,5913,16413,-267,25036,90.1593017578125,-1.4666748046875,137.52685546875,356,3.56,0
1636,106156,4.682,293110,4682,2,-204,1985,466,-0.099609375,0.96923828125,0.2275390625,-51,-63,11,-3.11279296875,-3.84521484375,0.67138671875,1576,2315,-3814,13993,1042,1725,76.8658447265625,5.723876953125,9.4757080078125,357,3.57,0
1637,106157,4.687,293115,4687,0,-157,2054,79,-0.07666015625,1.0029296875,0.03857421875,98,145,15,5.9814453125,8.85009765625,0.91552734375,-4718,1889,-505,15964,752,-29448,87.69287109375,4.130859375,-161.7626953125,350,3.5,0
1638,106158,4.688,293116,4688,1,92,1986,3,0.044921875,0.9697265625,0.00146484375,186,-99,-12,11.3525390625,-6.04248046875,-0.732421875,-48,1846,5948,16432,-265,25025,90.263671875,-1.4556884765625,137.4664306640625,355,3.55,0
1639,106159,4.689,293117,4689,2,-201,1989,470,-0.09814453125,0.97119140625,0.2294921875,-50,-65,12,-3.0517578125,-3.96728515625,0.732421875,1578,2320,-3787,13991,1041,1721,76.8548583984375,5.7183837890625,9.4537353515625,357,3.57,0
1640,106160,4.694,293122,4694,0,-173,2028,92,-0.08447265625,0.990234375,0.044921875,157,82,8,9.58251953125,5.0048828125,0.48828125,-4705,1895,-523,15982,753,-29436,87.791748046875,4.1363525390625,-161.69677734375,349,3.49,0
1641,106161,4.695,293123,4695,1,128,2024,10,0.0625,0.98828125,0.0048828125,202,-95,-14,12.3291015625,-5.79833984375,-0.8544921875,-47,1835,5965,16443,-264,25019,90.3240966796875,-1.4501953125,137.4334716796875,355,3.55,0
1642,106162,4.696,293124,4696,2,-193,1993,473,-0.09423828125,0.97314453125,0.23095703125,-57,-67,12,-3.47900390625,-4.08935546875,0.732421875,1564,2299,-3774,13984,1039,1714,76.81640625,5.7073974609375,9.415283203125,357,3.57,0
1643,106163,4.701,293129,4701,0,-179,2028,108,-0.08740234375,0.990234375,0.052734375,180,67,12,10.986328125,4.08935546875,0.732421875,-4716,1890,-528,15993,752,-29424,87.8521728515625,4.130859375,-161.630859375,349,3.49,0
1644,106164,4.702,293130,4702,1,147,2052,-12,0.07177734375,1.001953125,-0.005859375,168,-136,-13,10.25390625,-8.30078125,-0.79345703125,-40,1839,5956,16451,-263,25014,90.3680419921875,-1.4447021484375,137.406005859375,356,3.56,0
1645,106165,4.703,293131,4703,2,-188,1994,475,-0.091796875,0.9736328125,0.23193359375,-58,-64,10,-3.5400390625,-3.90625,0.6103515625,1558,2327,-3760,13981,1038,1711,76.7999267578125,5.701904296875,9.3988037109375,356,3.56,0
1646,106166,4.708,293136,4708,0,-179,2028,108,-0.08740234375,0.990234375,0.052734375,180,67,12,10.986328125,4.08935546875,0.732421875,-4716,1890,-528,15993,752,-29424,87.8521728515625,4.130859375,-161.630859375,349,3.49,0
1647,106167,4.709,293137,4709,1,162,2043,-42,0.0791015625,0.99755859375,-0.0205078125,110,-201,-11,6.7138671875,-12.26806640625,-0.67138671875,-43,1867,5960,16464,-262,24993,90.439453125,-1.439208984375,137.2906494140625,356,3.56,0
1648,106168,4.71,293138,4710,2,-185,1992,478,-0.09033203125,0.97265625,0.2333984375,-53,-62,6,-3.23486328125,-3.7841796875,0.3662109375,1509,2305,-3739,13974,1037,1704,76.761474609375,5.6964111328125,9.3603515625,356,3.56,0
1649,106169,4.715,293143,4715,0,-161,2075,94,-0.07861328125,1.01318359375,0.0458984375,87,97,1,5.31005859375,5.92041015625,0.06103515625,-4695,1891,-549,16014,753,-29407,87.967529296875,4.1363525390625,-161.5374755859375,348,3.48,0
1650,106170,4.716,293144,4716,1,177,2029,-66,0.08642578125,0.99072265625,-0.0322265625,106,-181,-1,6.4697265625,-11.04736328125,-0.06103515625,-64,1863,5965,16470,-261,24985,90.472412109375,-1.4337158203125,137.2467041015625,356,3.56,0
1651,106171,4.717,293145,4717,2,-187,1989,480,-0.09130859375,0.97119140625,0.234375,-53,-61,5,-3.23486328125,-3.72314453125,0.30517578125,1479,2292,-3723,13971,1037,1701,76.7449951171875,5.6964111328125,9.3438720703125,356,3.56,0
1652,106172,4.725,293153,4725,0,-142,2079,67,-0.0693359375,1.01513671875,0.03271484375,27,105,-11,1.64794921875,6.40869140625,-0.67138671875,-4684,1915,-552,16016,755,-29392,87.978515625,4.1473388671875,-161.455078125,348,3.48,0
1653,106173,4.725,293153,4725,1,166,2038,-74,0.0810546875,0.9951171875,-0.0361328125,76,-27,-12,4.638671875,-1.64794921875,-0.732421875,-59,1857,5977,16478,-259,24986,90.516357421875,-1.4227294921875,137.252197265625,357,3.57,0
1654,106174,4.725,293153,4725,2,-188,1985,481,-0.091796875,0.96923828125,0.23486328125,-52,-60,4,-3.173828125,-3.662109375,0.244140625,1489,2292,-3705,13968,1036,1698,76.728515625,5.69091796875,9.327392578125,356,3.56,0
1655,106175,4.729,293157,4729,0,-124,2016,13,-0.060546875,0.984375,0.00634765625,19,107,-15,1.15966796875,6.53076171875,-0.91552734375,-4708,1914,-546,16020,757,-29379,88.00048828125,4.1583251953125,-161.3836669921875,348,3.48,0
1656,106176,4.73,293158,4730,1,210,2062,-29,0.1025390625,1.0068359375,-0.01416015625,54,87,-73,3.2958984375,5.31005859375,-4.45556640625,-38,1864,5958,16480,-255,24991,90.52734375,-1.4007568359375,137.2796630859375,357,3.57,0
1657,106177,4.731,293159,4731,2,-188,1972,485,-0.091796875,0.962890625,0.23681640625,-48,-58,4,-2.9296875,-3.5400390625,0.244140625,1505,2292,-3675,13962,1036,1692,76.695556640625,5.69091796875,9.29443359375,356,3.56,0
1658,106178,4.736,293164,4736,0,-126,1983,-29,-0.0615234375,0.96826171875,-0.01416015625,96,75,7,5.859375,4.57763671875,0.42724609375,-4742,1903,-549,16028,757,-29375,88.04443359375,4.1583251953125,-161.3616943359375,348,3.48,0
1659,106179,4.737,293165,4737,1,131,2041,-22,0.06396484375,0.99658203125,-0.0107421875,46,91,-46,2.8076171875,5.55419921875,-2.8076171875,-37,1847,5938,16482,-253,24996,90.538330078125,-1.3897705078125,137.30712890625,357,3.57,0
1660,106180,4.738,293166,4738,2,-188,1964,487,-0.091796875,0.958984375,0.23779296875,-38,-55,4,-2.3193359375,-3.35693359375,0.244140625,1512,2293,-3662,13960,1035,1689,76.6845703125,5.6854248046875,9.2779541015625,356,3.56,0
1661,106181,4.743,293171,4743,0,-138,1990,-42,-0.0673828125,0.9716796875,-0.0205078125,163,1,25,9.94873046875,0.06103515625,1.52587890625,-4746,1915,-532,16038,755,-29369,88.099365234375,4.1473388671875,-161.3287353515625,348,3.48,0
1662,106182,4.744,293172,4744,1,60,2080,43,0.029296875,1.015625,0.02099609375,33,44,-21,2.01416015625,2.685546875,-1.28173828125,-12,1846,5898,16486,-250,25006,90.560302734375,-1.373291015625,137.362060546875,357,3.57,0
1663,106183,4.75,293178,4750,0,-174,2067,20,-0.0849609375,1.00927734375,0.009765625,119,-150,21,7.26318359375,-9.1552734375,1.28173828125,-4756,1914,-551,16051,754,-29382,88.1707763671875,4.141845703125,-161.400146484375,348,3.48,0
1664,106184,4.762,293190,4762,1,53,2067,56,0.02587890625,1.00927734375,0.02734375,39,72,-40,2.38037109375,4.39453125,-2.44140625,-9,1845,5920,16488,-247,25011,90.5712890625,-1.3568115234375,137.3895263671875,357,3.57,0
1665,106185,4.764,293192,4764,0,-134,2055,65,-0.0654296875,1.00341796875,0.03173828125,40,-80,12,2.44140625,-4.8828125,0.732421875,-4768,1932,-559,16057,752,-29388,88.2037353515625,4.130859375,-161.43310546875,347,3.47,0
1666,106186,4.765,293193,4765,1,-3,2029,14,-0.00146484375,0.99072265625,0.0068359375,61,91,-28,3.72314453125,5.55419921875,-1.708984375,11,1827,5947,16497,-239,25034,90.6207275390625,-1.3128662109375,137.515869140625,357,3.57,0
1667,106187,4.766,293194,4766,2,-189,1946,466,-0.09228515625,0.9501953125,0.2275390625,-35,-47,2,-2.13623046875,-2.86865234375,0.1220703125,1511,2342,-3704,13951,1034,1673,76.6351318359375,5.679931640625,9.1900634765625,356,3.56,0
1668,106188,4.771,293199,4771,0,-125,2046,48,-0.06103515625,0.9990234375,0.0234375,59,-77,8,3.60107421875,-4.69970703125,0.48828125,-4755,1960,-556,16061,752,-29392,88.2257080078125,4.130859375,-161.455078125,347,3.47,0
1669,106189,4.772,293200,4772,1,-9,1999,0,-0.00439453125,0.97607421875,0.0,95,38,-32,5.79833984375,2.3193359375,-1.953125,0,1830,5929,16503,-237,25034,90.6536865234375,-1.3018798828125,137.515869140625,358,3.58,0
1670,106190,4.773,293201,4773,2,-191,1948,467,-0.09326171875,0.951171875,0.22802734375,-35,-53,5,-2.13623046875,-3.23486328125,0.30517578125,1516,2334,-3778,13949,1033,1670,76.6241455078125,5.6744384765625,9.173583984375,356,3.56,0
1671,106191,4.778,293206,4778,0,-110,2041,32,-0.0537109375,0.99658203125,0.015625,67,-88,4,4.08935546875,-5.37109375,0.244140625,-4752,1957,-560,16065,752,-29396,88.2476806640625,4.130859375,-161.47705078125,348,3.48,0
1672,106192,4.779,293207,4779,1,-12,1982,-91,-0.005859375,0.9677734375,-0.04443359375,145,-164,-14,8.85009765625,-10.009765625,-0.8544921875,-8,1821,5892,16518,-236,25021,90.736083984375,-1.29638671875,137.4444580078125,358,3.58,0
1673,106193,4.78,293208,4780,2,-190,1952,467,-0.0927734375,0.953125,0.22802734375,-34,-59,7,-2.0751953125,-3.60107421875,0.42724609375,1516,2321,-3815,13947,1033,1667,76.6131591796875,5.6744384765625,9.1571044921875,356,3.56,0
1674,106194,4.785,293213,4785,0,-75,2018,50,-0.03662109375,0.9853515625,0.0244140625,86,-98,10,5.2490234375,-5.9814453125,0.6103515625,-4728,1953,-569,16075,752,-29398,88.3026123046875,4.130859375,-161.488037109375,348,3.48,0
1675,106195,4.786,293214,4786,1,22,1977,-94,0.0107421875,0.96533203125,-0.0458984375,160,-203,-13,9.765625,-12.39013671875,-0.79345703125,2,1850,5891,16528,-234,25010,90.791015625,-1.285400390625,137.384033203125,358,3.58,0
1676,106196,4.787,293215,4787,2,-187,1960,464,-0.09130859375,0.95703125,0.2265625,-38,-51,6,-2.3193359375,-3.11279296875,0.3662109375,1517,2341,-3838,13942,1032,1661,76.585693359375,5.6689453125,9.1241455078125,355,3.55,0
1677,106197,4.792,293220,4792,0,-69,2013,71,-0.03369140625,0.98291015625,0.03466796875,103,-83,17,6.28662109375,-5.06591796875,1.03759765625,-4725,1964,-574,16081,751,-29401,88.3355712890625,4.1253662109375,-161.5045166015625,348,3.48,0
1678,106198,4.794,293222,4794,2,-185,1965,463,-0.09033203125,0.95947265625,0.22607421875,-51,-52,6,-3.11279296875,-3.173828125,0.3662109375,1482,2342,-3836,13939,1032,1659,76.5692138671875,5.6689453125,9.1131591796875,355,3.55,0
1679,106199,4.799,293227,4799,0,-69,2013,71,-0.03369140625,0.98291015625,0.03466796875,103,-83,17,6.28662109375,-5.06591796875,1.03759765625,-4725,1964,-574,16081,751,-29401,88.3355712890625,4.1253662109375,-161.5045166015625,348,3.48,0
1680,106200,4.8,293228,4800,1,91,2038,-37,0.04443359375,0.9951171875,-0.01806640625,154,-85,-35,9.3994140625,-5.18798828125,-2.13623046875,0,1862,5909,16555,-229,24994,90.9393310546875,-1.2579345703125,137.296142578125,358,3.58,0
1681,106201,4.801,293229,4801,2,-182,1973,472,-0.0888671875,0.96337890625,0.23046875,-60,-53,5,-3.662109375,-3.23486328125,0.30517578125,1523,2335,-3840,13932,1031,1653,76.53076171875,5.6634521484375,9.0802001953125,355,3.55,0
1682,106202,4.806,293234,4806,0,-72,2048,32,-0.03515625,1.0,0.015625,94,1,48,5.7373046875,0.06103515625,2.9296875,-4699,1947,-584,16098,745,-29393,88.428955078125,4.0924072265625,-161.4605712890625,349,3.49,0
1683,106203,4.807,293235,4807,1,77,2069,-44,0.03759765625,1.01025390625,-0.021484375,89,-56,-33,5.43212890625,-3.41796875,-2.01416015625,6,1869,5924,16558,-227,24991,90.955810546875,-1.2469482421875,137.2796630859375,357,3.57,0
1684,106204,4.808,293236,4808,2,-181,1977,477,-0.08837890625,0.96533203125,0.23291015625,-52,-53,3,-3.173828125,-3.23486328125,0.18310546875,1522,2284,-3857,13929,1031,1650,76.5142822265625,5.6634521484375,9.063720703125,355,3.55,0
1685,106205,4.813,293241,4813,0,-70,2051,14,-0.0341796875,1.00146484375,0.0068359375,84,-15,59,5.126953125,-0.91552734375,3.60107421875,-4706,1967,-602,16103,742,-29393,88.4564208984375,4.075927734375,-161.4605712890625,349,3.49,0
1686,106206,4.821,293249,4821,1,70,2045,-66,0.0341796875,0.99853515625,-0.0322265625,-3,-27,-33,-0.18310546875,-1.64794921875,-2.01416015625,14,1887,5897,16558,-225,24989,90.955810546875,-1.2359619140625,137.2686767578125,357,3.57,0
1687,106207,4.821,293249,4821,2,-180,1981,478,-0.087890625,0.96728515625,0.2333984375,-50,-53,2,-3.0517578125,-3.23486328125,0.1220703125,1527,2282,-3874,13926,1030,1647,76.497802734375,5.657958984375,9.0472412109375,355,3.55,0
1688,106208,4.821,293249,4821,0,-89,2035,25,-0.04345703125,0.99365234375,0.01220703125,111,-92,75,6.77490234375,-5.615234375,4.57763671875,-4702,1974,-585,16116,735,-29393,88.52783203125,4.0374755859375,-161.4605712890625,349,3.49,0
1689,106209,4.821,293249,4821,1,78,2023,-69,0.0380859375,0.98779296875,-0.03369140625,26,-43,-36,1.5869140625,-2.62451171875,-2.197265625,-6,1905,5884,16561,-223,24989,90.9722900390625,-1.2249755859375,137.2686767578125,357,3.57,0
1690,106210,4.822,293250,4822,2,-179,1990,477,-0.08740234375,0.9716796875,0.23291015625,-67,-47,-4,-4.08935546875,-2.86865234375,-0.244140625,1506,2324,-3879,13919,1031,1642,76.4593505859375,5.6634521484375,9.019775390625,355,3.55,0
1691,106211,4.827,293255,4827,0,-99,2034,47,-0.04833984375,0.9931640625,0.02294921875,143,-108,73,8.72802734375,-6.591796875,4.45556640625,-4695,1988,-570,16124,731,-29397,88.57177734375,4.0155029296875,-161.4825439453125,349,3.49,0
1692,106212,4.828,293256,4828,1,94,2021,-43,0.0458984375,0.98681640625,-0.02099609375,127,-144,-14,7.75146484375,-8.7890625,-0.8544921875,9,1875,5873,16573,-220,24975,91.0382080078125,-1.20849609375,137.1917724609375,356,3.56,0
1693,106213,4.829,293257,4829,2,-181,1993,479,-0.08837890625,0.97314453125,0.23388671875,-69,-47,-7,-4.21142578125,-2.86865234375,-0.42724609375,1529,2318,-3861,13914,1031,1639,76.431884765625,5.6634521484375,9.0032958984375,355,3.55,0
1694,106214,4.834,293262,4834,0,-99,2034,47,-0.04833984375,0.9931640625,0.02294921875,143,-108,73,8.72802734375,-6.591796875,4.45556640625,-4695,1988,-570,16124,731,-29397,88.57177734375,4.0155029296875,-161.4825439453125,349,3.49,0
1695,106215,4.835,293263,4835,1,124,2059,5,0.060546875,1.00537109375,0.00244140625,123,-130,-14,7.50732421875,-7.9345703125,-0.8544921875,2,1869,5886,16579,-219,24969,91.0711669921875,-1.2030029296875,137.1588134765625,356,3.56,0
1696,106216,4.836,293264,4836,2,-187,1994,490,-0.09130859375,0.9736328125,0.2392578125,-58,-44,-7,-3.5400390625,-2.685546875,-0.42724609375,1529,2311,-3899,13908,1032,1634,76.39892578125,5.6689453125,8.975830078125,355,3.55,0
1697,106217,4.841,293269,4841,0,-150,2082,24,-0.0732421875,1.0166015625,0.01171875,93,-51,56,5.67626953125,-3.11279296875,3.41796875,-4684,2028,-562,16142,722,-29396,88.670654296875,3.966064453125,-161.47705078125,349,3.49,0
1698,106218,4.842,293270,4842,1,140,2092,15,0.068359375,1.021484375,0.00732421875,76,-106,-20,4.638671875,-6.4697265625,-1.220703125,0,1861,5909,16582,-218,24967,91.087646484375,-1.197509765625,137.1478271484375,356,3.56,0
1699,106219,4.843,293271,4843,2,-192,1993,493,-0.09375,0.97314453125,0.24072265625,-54,-42,-7,-3.2958984375,-2.5634765625,-0.42724609375,1527,2325,-3852,13905,1032,1632,76.3824462890625,5.6689453125,8.96484375,355,3.55,0
1700,106220,4.848,293276,4848,0,-150,2087,37,-0.0732421875,1.01904296875,0.01806640625,61,-64,37,3.72314453125,-3.90625,2.25830078125,-4677,2055,-571,16145,721,-29399,88.6871337890625,3.9605712890625,-161.4935302734375,349,3.49,0
1701,106221,4.85,293278,4850,2,-195,1991,496,-0.09521484375,0.97216796875,0.2421875,-52,-40,-6,-3.173828125,-2.44140625,-0.3662109375,1520,2313,-3851,13901,1033,1630,76.3604736328125,5.6744384765625,8.953857421875,355,3.55,0
1702,106222,4.855,293283,4855,0,-133,2062,57,-0.06494140625,1.0068359375,0.02783203125,60,-67,17,3.662109375,-4.08935546875,1.03759765625,-4684,2041,-596,16152,719,-29405,88.7255859375,3.9495849609375,-161.5264892578125,349,3.49,0
1703,106223,4.856,293284,4856,1,123,2039,6,0.06005859375,0.99560546875,0.0029296875,25,-75,-3,1.52587890625,-4.57763671875,-0.18310546875,13,1851,5892,16584,-217,24957,91.0986328125,-1.1920166015625,137.0928955078125,356,3.56,0
1704,106224,4.857,293285,4857,2,-197,1985,498,-0.09619140625,0.96923828125,0.2431640625,-52,-41,-4,-3.173828125,-2.50244140625,-0.244140625,1518,2285,-3838,13896,1033,1625,76.3330078125,5.6744384765625,8.9263916015625,355,3.55,0
1705,106225,4.862,293290,4862,0,-140,2063,71,-0.068359375,1.00732421875,0.03466796875,94,-96,18,5.7373046875,-5.859375,1.0986328125,-4681,2035,-597,16158,719,-29402,88.758544921875,3.9495849609375,-161.510009765625,349,3.49,0
1706,106226,4.863,293291,4863,1,108,2019,-10,0.052734375,0.98583984375,-0.0048828125,84,-96,-2,5.126953125,-5.859375,-0.1220703125,1,1860,5912,16590,-217,24954,91.131591796875,-1.1920166015625,137.076416015625,356,3.56,0
1707,106227,4.864,293292,4864,2,-193,1981,500,-0.09423828125,0.96728515625,0.244140625,-47,-40,-2,-2.86865234375,-2.44140625,-0.1220703125,1524,2295,-3848,13893,1033,1623,76.3165283203125,5.6744384765625,8.9154052734375,355,3.55,0
1708,106228,4.869,293297,4869,0,-139,2076,87,-0.06787109375,1.013671875,0.04248046875,103,-120,11,6.28662109375,-7.32421875,0.67138671875,-4676,2052,-578,16163,719,-29408,88.7860107421875,3.9495849609375,-161.54296875,349,3.49,0
1709,106229,4.87,293298,4870,1,82,2027,9,0.0400390625,0.98974609375,0.00439453125,162,-114,7,9.8876953125,-6.9580078125,0.42724609375,-11,1847,5943,16607,-218,24942,91.2249755859375,-1.197509765625,137.010498046875,356,3.56,0
1710,106230,4.871,293299,4871,2,-187,1976,502,-0.09130859375,0.96484375,0.2451171875,-41,-37,0,-2.50244140625,-2.25830078125,0.0,1532,2312,-3838,13891,1033,1621,76.3055419921875,5.6744384765625,8.9044189453125,355,3.55,0
1711,106231,4.876,293304,4876,0,-84,2105,78,-0.041015625,1.02783203125,0.0380859375,21,-99,-6,1.28173828125,-6.04248046875,-0.3662109375,-4674,2056,-540,16166,720,-29418,88.802490234375,3.955078125,-161.597900390625,350,3.5,0
1712,106232,4.877,293305,4877,1,81,2062,2,0.03955078125,1.0068359375,0.0009765625,174,-116,-4,10.6201171875,-7.080078125,-0.244140625,-10,1855,5958,16616,-217,24936,91.2744140625,-1.1920166015625,136.9775390625,356,3.56,0
1713,106233,4.885,293313,4885,2,-178,1965,500,-0.0869140625,0.95947265625,0.244140625,-21,-27,1,-1.28173828125,-1.64794921875,0.06103515625,1521,2294,-3789,13888,1034,1618,76.2890625,5.679931640625,8.887939453125,355,3.55,0
1714,106234,4.885,293313,4885,0,-45,2092,76,-0.02197265625,1.021484375,0.037109375,-13,-60,-17,-0.79345703125,-3.662109375,-1.03759765625,-4663,2020,-517,16165,721,-29411,88.7969970703125,3.9605712890625,-161.5594482421875,350,3.5,0
1715,106235,4.885,293313,4885,1,63,2086,-74,0.03076171875,1.0185546875,-0.0361328125,115,-119,-20,7.01904296875,-7.26318359375,-1.220703125,-8,1867,5983,16630,-214,24927,91.351318359375,-1.175537109375,136.9281005859375,356,3.56,0
1716,106236,4.885,293313,4885,2,-179,1961,493,-0.08740234375,0.95751953125,0.24072265625,-21,-28,5,-1.28173828125,-1.708984375,0.30517578125,1489,2286,-3792,13887,1034,1617,76.2835693359375,5.679931640625,8.8824462890625,355,3.55,0
1717,106237,4.89,293318,4890,0,-21,2043,39,-0.01025390625,0.99755859375,0.01904296875,-9,18,-18,-0.54931640625,1.0986328125,-1.0986328125,-4681,2048,-565,16165,722,-29410,88.7969970703125,3.966064453125,-161.553955078125,350,3.5,0
1718,106238,4.892,293320,4892,2,-181,1954,477,-0.08837890625,0.9541015625,0.23291015625,-36,-29,14,-2.197265625,-1.77001953125,0.8544921875,1464,2293,-3765,13883,1032,1614,76.2615966796875,5.6689453125,8.865966796875,355,3.55,0
1719,106239,4.897,293325,4897,0,-25,2026,4,-0.01220703125,0.9892578125,0.001953125,23,26,-2,1.40380859375,1.5869140625,-0.1220703125,-4675,2059,-561,16167,722,-29408,88.8079833984375,3.966064453125,-161.54296875,350,3.5,0
1720,106240,4.899,293327,4899,2,-181,1953,475,-0.08837890625,0.95361328125,0.23193359375,-40,-27,16,-2.44140625,-1.64794921875,0.9765625,1486,2291,-3764,13881,1032,1613,76.2506103515625,5.6689453125,8.8604736328125,356,3.56,0
1721,106241,4.904,293332,4904,0,-32,2024,-1,-0.015625,0.98828125,-0.00048828125,60,18,13,3.662109375,1.0986328125,0.79345703125,-4671,2045,-547,16172,722,-29398,88.83544921875,3.966064453125,-161.488037109375,350,3.5,0
1722,106242,4.905,293333,4905,1,41,2016,-65,0.02001953125,0.984375,-0.03173828125,39,-28,-28,2.38037109375,-1.708984375,-1.708984375,52,1875,5927,16643,-207,24915,91.4227294921875,-1.1370849609375,136.8621826171875,356,3.56,0
1723,106243,4.906,293334,4906,2,-182,1953,478,-0.0888671875,0.95361328125,0.2333984375,-38,-25,16,-2.3193359375,-1.52587890625,0.9765625,1486,2268,-3757,13879,1031,1612,76.2396240234375,5.6634521484375,8.85498046875,356,3.56,0
1724,106244,4.911,293339,4911,0,-63,2032,35,-0.03076171875,0.9921875,0.01708984375,76,-14,21,4.638671875,-0.8544921875,1.28173828125,-4679,2059,-562,16180,719,-29399,88.87939453125,3.9495849609375,-161.4935302734375,350,3.5,0
1725,106245,4.912,293340,4912,1,39,2011,-50,0.01904296875,0.98193359375,-0.0244140625,5,-1,-35,0.30517578125,-0.06103515625,-2.13623046875,47,1870,5940,16642,-206,24916,91.417236328125,-1.131591796875,136.86767578125,356,3.56,0
1726,106246,4.913,293341,4913,2,-190,1956,486,-0.0927734375,0.955078125,0.2373046875,-27,-21,17,-1.64794921875,-1.28173828125,1.03759765625,1478,2325,-3707,13875,1030,1610,76.2176513671875,5.657958984375,8.843994140625,356,3.56,0
1727,106247,4.918,293346,4918,0,-74,2046,60,-0.0361328125,0.9990234375,0.029296875,51,-20,15,3.11279296875,-1.220703125,0.91552734375,-4689,2069,-547,16183,718,-29399,88.8958740234375,3.944091796875,-161.4935302734375,350,3.5,0
1728,106248,4.931,293359,4931,1,57,1990,-74,0.02783203125,0.9716796875,-0.0361328125,-16,-68,-31,-0.9765625,-4.150390625,-1.89208984375,-8,1868,5905,16640,-202,24912,91.40625,-1.109619140625,136.845703125,356,3.56,0
1729,106249,4.931,293359,4931,2,-194,1964,486,-0.0947265625,0.958984375,0.2373046875,-51,-31,20,-3.11279296875,-1.89208984375,1.220703125,1472,2330,-3708,13868,1027,1606,76.17919921875,5.6414794921875,8.822021484375,357,3.57,0
1730,106250,4.932,293360,4932,0,-100,2042,67,-0.048828125,0.9970703125,0.03271484375,-6,49,12,-0.3662109375,2.99072265625,0.732421875,-4695,2040,-489,16183,716,-29385,88.8958740234375,3.93310546875,-161.4166259765625,351,3.51,0
1731,106251,4.933,293361,4933,1,122,1999,-71,0.0595703125,0.97607421875,-0.03466796875,39,-126,-35,2.38037109375,-7.6904296875,-2.13623046875,0,1879,5948,16644,-198,24899,91.42822265625,-1.087646484375,136.7742919921875,356,3.56,0
1732,106252,4.934,293362,4934,2,-188,1966,488,-0.091796875,0.9599609375,0.23828125,-57,-28,17,-3.47900390625,-1.708984375,1.03759765625,1466,2343,-3692,13865,1026,1604,76.1627197265625,5.635986328125,8.81103515625,357,3.57,0
1733,106253,4.939,293367,4939,0,-103,2038,46,-0.05029296875,0.9951171875,0.0224609375,-12,66,15,-0.732421875,4.0283203125,0.91552734375,-4683,2034,-492,16183,715,-29381,88.8958740234375,3.9276123046875,-161.3946533203125,351,3.51,0
1734,106254,4.94,293368,4940,1,151,2021,-76,0.07373046875,0.98681640625,-0.037109375,97,-109,-39,5.92041015625,-6.65283203125,-2.38037109375,10,1930,5959,16654,-193,24891,91.483154296875,-1.0601806640625,136.7303466796875,356,3.56,0
1735,106255,4.941,293369,4941,2,-181,1965,492,-0.08837890625,0.95947265625,0.240234375,-54,-24,14,-3.2958984375,-1.46484375,0.8544921875,1460,2329,-3687,13862,1026,1603,76.146240234375,5.635986328125,8.8055419921875,357,3.57,0
1736,106256,4.946,293374,4946,0,-93,2049,28,-0.04541015625,1.00048828125,0.013671875,22,37,9,1.3427734375,2.25830078125,0.54931640625,-4676,2029,-490,16187,715,-29367,88.9178466796875,3.9276123046875,-161.3177490234375,351,3.51,0
1737,106257,4.947,293375,4947,1,139,2028,-110,0.06787109375,0.990234375,-0.0537109375,120,-128,-36,7.32421875,-7.8125,-2.197265625,-12,1926,5970,16661,-191,24884,91.5216064453125,-1.0491943359375,136.69189453125,356,3.56,0
1738,106258,4.948,293376,4948,2,-174,1964,499,-0.0849609375,0.958984375,0.24365234375,-33,-16,8,-2.01416015625,-0.9765625,0.48828125,1447,2321,-3734,13858,1026,1602,76.124267578125,5.635986328125,8.800048828125,357,3.57,0
1739,106259,4.953,293381,4953,0,-81,2050,18,-0.03955078125,1.0009765625,0.0087890625,39,32,6,2.38037109375,1.953125,0.3662109375,-4666,2038,-511,16189,713,-29366,88.9288330078125,3.9166259765625,-161.312255859375,351,3.51,0
1740,106260,4.954,293382,4954,1,149,2057,-55,0.07275390625,1.00439453125,-0.02685546875,117,-66,-24,7.14111328125,-4.0283203125,-1.46484375,-38,1919,5938,16674,-188,24877,91.593017578125,-1.03271484375,136.6534423828125,356,3.56,0
1741,106261,4.955,293383,4955,2,-175,1966,498,-0.08544921875,0.9599609375,0.2431640625,-29,-15,8,-1.77001953125,-0.91552734375,0.48828125,1472,2299,-3719,13856,1026,1601,76.11328125,5.635986328125,8.7945556640625,357,3.57,0
1742,106262,4.96,293388,4960,0,-81,2050,18,-0.03955078125,1.0009765625,0.0087890625,39,32,6,2.38037109375,1.953125,0.3662109375,-4666,2038,-511,16189,713,-29366,88.9288330078125,3.9166259765625,-161.312255859375,351,3.51,0
1743,106263,4.961,293389,4961,1,151,2080,3,0.07373046875,1.015625,0.00146484375,106,-16,-27,6.4697265625,-0.9765625,-1.64794921875,-27,1922,5911,16679,-187,24880,91.6204833984375,-1.0272216796875,136.669921875,356,3.56,0
1744,106264,4.962,293390,4962,2,-185,1973,491,-0.09033203125,0.96337890625,0.23974609375,-49,-15,11,-2.99072265625,-0.91552734375,0.67138671875,1457,2352,-3719,13851,1025,1600,76.0858154296875,5.6304931640625,8.7890625,357,3.57,0
1745,106265,4.967,293395,4967,0,-60,2048,64,-0.029296875,1.0,0.03125,94,110,-3,5.7373046875,6.7138671875,-0.18310546875,-4657,1977,-494,16205,715,-29341,89.0167236328125,3.9276123046875,-161.1749267578125,351,3.51,0
1746,106266,4.968,293396,4968,1,140,2074,14,0.068359375,1.0126953125,0.0068359375,98,-13,-12,5.9814453125,-0.79345703125,-0.732421875,-30,1960,5930,16684,-186,24879,91.64794921875,-1.021728515625,136.6644287109375,356,3.56,0
1747,106267,4.969,293397,4969,2,-189,1973,489,-0.09228515625,0.96337890625,0.23876953125,-59,-18,14,-3.60107421875,-1.0986328125,0.8544921875,1451,2384,-3731,13848,1025,1599,76.0693359375,5.6304931640625,8.7835693359375,358,3.58,0
1748,106268,4.974,293402,4974,0,-63,2041,57,-0.03076171875,0.99658203125,0.02783203125,96,147,-2,5.859375,8.97216796875,-0.1220703125,-4655,1961,-489,16211,715,-29332,89.0496826171875,3.9276123046875,-161.12548828125,351,3.51,0
1749,106269,4.975,293403,4975,1,106,2046,-43,0.0517578125,0.9990234375,-0.02099609375,77,-64,6,4.69970703125,-3.90625,0.3662109375,-3,1947,5970,16692,-186,24874,91.69189453125,-1.021728515625,136.636962890625,356,3.56,0
1750,106270,4.976,293404,4976,2,-192,1972,493,-0.09375,0.962890625,0.24072265625,-62,-17,15,-3.7841796875,-1.03759765625,0.91552734375,1445,2414,-3736,13845,1024,1598,76.0528564453125,5.625,8.778076171875,358,3.58,0
1751,106271,4.981,293409,4981,0,-103,2046,56,-0.05029296875,0.9990234375,0.02734375,73,125,9,4.45556640625,7.62939453125,0.54931640625,-4660,1962,-516,16221,715,-29308,89.1046142578125,3.9276123046875,-160.99365234375,350,3.5,0
1752,106272,4.988,293416,4988,1,94,2044,-51,0.0458984375,0.998046875,-0.02490234375,66,-42,4,4.0283203125,-2.5634765625,0.244140625,-3,1965,5937,16695,-186,24876,91.7083740234375,-1.021728515625,136.64794921875,357,3.57,0
1753,106273,4.988,293416,4988,2,-198,1967,505,-0.0966796875,0.96044921875,0.24658203125,-43,-15,18,-2.62451171875,-0.91552734375,1.0986328125,1419,2397,-3719,13840,1023,1597,76.025390625,5.6195068359375,8.7725830078125,358,3.58,0
1754,106274,4.988,293416,4988,0,-131,2051,52,-0.06396484375,1.00146484375,0.025390625,49,87,12,2.99072265625,5.31005859375,0.732421875,-4673,1981,-535,16224,715,-29303,89.12109375,3.9276123046875,-160.9661865234375,350,3.5,0
1755,106275,4.989,293417,4989,1,93,2055,-43,0.04541015625,1.00341796875,-0.02099609375,51,2,-4,3.11279296875,0.1220703125,-0.244140625,-1,1944,5931,16697,-186,24877,91.7193603515625,-1.021728515625,136.6534423828125,357,3.57,0
1756,106276,4.99,293418,4990,2,-201,1964,509,-0.09814453125,0.958984375,0.24853515625,-30,-15,20,-1.8310546875,-0.91552734375,1.220703125,1428,2368,-3699,13838,1022,1596,76.014404296875,5.614013671875,8.76708984375,358,3.58,0
1757,106277,4.995,293423,4995,0,-131,2051,52,-0.06396484375,1.00146484375,0.025390625,49,87,12,2.99072265625,5.31005859375,0.732421875,-4673,1981,-535,16224,715,-29303,89.12109375,3.9276123046875,-160.9661865234375,350,3.5,0
1758,106278,4.996,293424,4996,1,75,2058,-68,0.03662109375,1.0048828125,-0.033203125,21,3,-20,1.28173828125,0.18310546875,-1.220703125,1,1948,5930,16699,-185,24878,91.7303466796875,-1.0162353515625,136.658935546875,357,3.57,0
1759,106279,4.997,293425,4997,2,-210,1961,502,-0.1025390625,0.95751953125,0.2451171875,-30,-20,27,-1.8310546875,-1.220703125,1.64794921875,1439,2353,-3667,13835,1020,1595,75.9979248046875,5.60302734375,8.7615966796875,358,3.58,0
1760,106280,5.004,293432,5004,2,-211,1960,498,-0.10302734375,0.95703125,0.2431640625,-35,-27,32,-2.13623046875,-1.64794921875,1.953125,1427,2369,-3691,13833,1018,1594,75.9869384765625,5.592041015625,8.756103515625,358,3.58,0
1761,106281,5.009,293437,5009,0,-166,2057,47,-0.0810546875,1.00439453125,0.02294921875,32,51,7,1.953125,3.11279296875,0.42724609375,-4725,1997,-554,16231,712,-29284,89.1595458984375,3.9111328125,-160.86181640625,349,3.49,0
1762,106282,5.011,293439,5011,2,-208,1959,496,-0.1015625,0.95654296875,0.2421875,-34,-29,33,-2.0751953125,-1.77001953125,2.01416015625,1430,2361,-3712,13831,1017,1593,75.9759521484375,5.5865478515625,8.7506103515625,358,3.58,0
1763,106283,5.016,293444,5016,0,-140,2062,20,-0.068359375,1.0068359375,0.009765625,51,46,-4,3.11279296875,2.8076171875,-0.244140625,-4727,2013,-570,16237,712,-29279,89.1925048828125,3.9111328125,-160.8343505859375,348,3.48,0
1764,106284,5.017,293445,5017,1,90,2022,-63,0.0439453125,0.9873046875,-0.03076171875,-11,29,-40,-0.67138671875,1.77001953125,-2.44140625,21,1951,5917,16696,-179,24885,91.7138671875,-0.9832763671875,136.6973876953125,356,3.56,0
1765,106285,5.018,293446,5018,2,-193,1960,498,-0.09423828125,0.95703125,0.2431640625,-17,-21,32,-1.03759765625,-1.28173828125,1.953125,1431,2357,-3683,13829,1014,1591,75.9649658203125,5.570068359375,8.7396240234375,358,3.58,0
1766,106286,5.023,293451,5023,0,-108,2078,16,-0.052734375,1.0146484375,0.0078125,33,24,-14,2.01416015625,1.46484375,-0.8544921875,-4731,2015,-616,16239,713,-29270,89.2034912109375,3.9166259765625,-160.784912109375,348,3.48,0
1767,106287,5.024,293452,5024,1,78,2026,-29,0.0380859375,0.9892578125,-0.01416015625,21,17,-34,1.28173828125,1.03759765625,-2.0751953125,2,1961,5926,16698,-177,24890,91.724853515625,-0.9722900390625,136.724853515625,356,3.56,0
1768,106288,5.025,293453,5025,2,-188,1962,497,-0.091796875,0.9580078125,0.24267578125,-12,-16,30,-0.732421875,-0.9765625,1.8310546875,1439,2363,-3678,13829,1013,1591,75.9649658203125,5.5645751953125,8.7396240234375,358,3.58,0
1769,106289,5.03,293458,5030,0,-91,2079,10,-0.04443359375,1.01513671875,0.0048828125,10,-6,-20,0.6103515625,-0.3662109375,-1.220703125,-4726,1992,-623,16239,714,-29270,89.2034912109375,3.922119140625,-160.784912109375,348,3.48,0
1770,106290,5.031,293459,5031,1,61,2053,-43,0.02978515625,1.00244140625,-0.02099609375,35,-12,-36,2.13623046875,-0.732421875,-2.197265625,-8,1960,5940,16701,-174,24890,91.7413330078125,-0.955810546875,136.724853515625,356,3.56,0
1771,106291,5.032,293460,5032,2,-186,1965,494,-0.0908203125,0.95947265625,0.2412109375,-14,-15,29,-0.8544921875,-0.91552734375,1.77001953125,1447,2374,-3677,13828,1011,1590,75.95947265625,5.5535888671875,8.734130859375,358,3.58,0
1772,106292,5.037,293465,5037,0,-62,2048,28,-0.0302734375,1.0,0.013671875,-12,-21,-21,-0.732421875,-1.28173828125,-1.28173828125,-4737,1993,-638,16238,716,-29272,89.197998046875,3.93310546875,-160.7958984375,348,3.48,0
1773,106293,5.038,293466,5038,1,52,2052,-72,0.025390625,1.001953125,-0.03515625,-1,-19,-37,-0.06103515625,-1.15966796875,-2.25830078125,-20,1959,5979,16700,-172,24889,91.73583984375,-0.94482421875,136.7193603515625,356,3.56,0
1774,106294,5.044,293472,5044,0,-72,2029,40,-0.03515625,0.99072265625,0.01953125,-4,-14,-14,-0.244140625,-0.8544921875,-0.8544921875,-4758,2000,-633,16239,717,-29263,89.2034912109375,3.9385986328125,-160.7464599609375,348,3.48,0
1775,106295,5.045,293473,5045,1,47,1993,-70,0.02294921875,0.97314453125,-0.0341796875,-22,1,-23,-1.3427734375,0.06103515625,-1.40380859375,-55,1951,5978,16697,-169,24893,91.7193603515625,-0.9283447265625,136.7413330078125,356,3.56,0
1776,106296,5.052,293480,5052,0,-72,2029,40,-0.03515625,0.99072265625,0.01953125,-4,-14,-14,-0.244140625,-0.8544921875,-0.8544921875,-4758,2000,-633,16239,717,-29263,89.2034912109375,3.9385986328125,-160.7464599609375,348,3.48,0
1777,106297,5.058,293486,5058,0,-128,2041,75,-0.0625,0.99658203125,0.03662109375,11,-14,10,0.67138671875,-0.8544921875,0.6103515625,-4782,2023,-650,16242,715,-29265,89.219970703125,3.9276123046875,-160.7574462890625,348,3.48,0
1778,106298,5.059,293487,5059,1,85,2006,-64,0.04150390625,0.9794921875,-0.03125,36,-50,-18,2.197265625,-3.0517578125,-1.0986328125,-25,1944,5987,16700,-168,24889,91.73583984375,-0.9228515625,136.7193603515625,356,3.56,0
1779,106299,5.06,293488,5060,2,-188,1964,503,-0.091796875,0.958984375,0.24560546875,-34,-6,26,-2.0751953125,-0.3662109375,1.5869140625,1448,2409,-3750,13816,1004,1589,75.8935546875,5.51513671875,8.7286376953125,358,3.58,0
1780,106300,5.079,293507,5079,0,-139,2060,64,-0.06787109375,1.005859375,0.03125,-29,-28,16,-1.77001953125,-1.708984375,0.9765625,-4763,2010,-651,16240,714,-29258,89.208984375,3.922119140625,-160.718994140625,347,3.47,0
1781,106301,5.079,293507,5079,1,109,2050,-46,0.05322265625,1.0009765625,-0.0224609375,51,-68,-12,3.11279296875,-4.150390625,-0.732421875,-15,1912,5967,16705,-166,24885,91.7633056640625,-0.911865234375,136.6973876953125,356,3.56,0
1782,106302,5.08,293508,5080,1,86,2073,-50,0.0419921875,1.01220703125,-0.0244140625,2,21,-17,0.1220703125,1.28173828125,-1.03759765625,-3,1930,5904,16706,-165,24889,91.768798828125,-0.9063720703125,136.7193603515625,355,3.55,0
1783,106303,5.086,293514,5086,0,-146,2049,27,-0.0712890625,1.00048828125,0.01318359375,-63,-64,17,-3.84521484375,-3.90625,1.03759765625,-4752,1999,-588,16230,713,-29265,89.154052734375,3.9166259765625,-160.7574462890625,348,3.48,0
1784,106304,5.087,293515,5087,1,61,2052,-63,0.02978515625,1.001953125,-0.03076171875,-5,24,-8,-0.30517578125,1.46484375,-0.48828125,-14,1932,5926,16706,-165,24890,91.768798828125,-0.9063720703125,136.724853515625,355,3.55,0
1785,106305,5.088,293516,5088,2,-202,1956,503,-0.0986328125,0.955078125,0.24560546875,-10,-14,17,-0.6103515625,-0.8544921875,1.03759765625,1480,2379,-3776,13807,1000,1586,75.8441162109375,5.4931640625,8.712158203125,358,3.58,0
1786,106306,5.093,293521,5093,0,-132,2026,-10,-0.064453125,0.9892578125,-0.0048828125,75,-15,9,4.57763671875,-0.91552734375,0.54931640625,-4720,2022,-648,16238,712,-29260,89.197998046875,3.9111328125,-160.72998046875,349,3.49,0
1787,106307,5.094,293522,5094,1,50,2027,-65,0.0244140625,0.98974609375,-0.03173828125,8,10,-2,0.48828125,0.6103515625,-0.1220703125,3,1946,5900,16707,-166,24891,91.7742919921875,-0.911865234375,136.7303466796875,355,3.55,0
1788,106308,5.095,293523,5095,2,-205,1956,502,-0.10009765625,0.955078125,0.2451171875,-1,-18,16,-0.06103515625,-1.0986328125,0.9765625,1492,2361,-3763,13807,999,1585,75.8441162109375,5.4876708984375,8.7066650390625,358,3.58,0
1789,106309,5.1,293528,5100,0,-118,2036,-18,-0.0576171875,0.994140625,-0.0087890625,90,-2,1,5.4931640625,-0.1220703125,0.06103515625,-4713,2011,-659,16243,713,-29260,89.2254638671875,3.9166259765625,-160.72998046875,349,3.49,0
1790,106310,5.101,293529,5101,1,38,2014,-52,0.0185546875,0.9833984375,-0.025390625,66,-30,-15,4.0283203125,-1.8310546875,-0.91552734375,11,1950,5904,16713,-164,24892,91.8072509765625,-0.90087890625,136.73583984375,355,3.55,0
1791,106311,5.102,293530,5102,2,-209,1956,498,-0.10205078125,0.955078125,0.2431640625,2,-18,15,0.1220703125,-1.0986328125,0.91552734375,1504,2361,-3777,13807,999,1585,75.8441162109375,5.4876708984375,8.7066650390625,358,3.58,0
1792,106312,5.115,293543,5115,0,-74,2054,-6,-0.0361328125,1.0029296875,-0.0029296875,42,-32,-25,2.5634765625,-1.953125,-1.52587890625,-4716,2050,-617,16249,716,-29254,89.2584228515625,3.93310546875,-160.697021484375,349,3.49,0
1793,106313,5.116,293544,5116,1,59,2033,-82,0.02880859375,0.99267578125,-0.0400390625,28,-104,-23,1.708984375,-6.34765625,-1.40380859375,0,1928,5886,16719,-160,24878,91.8402099609375,-0.87890625,136.658935546875,355,3.55,0
1794,106314,5.121,293549,5121,0,-51,2054,-8,-0.02490234375,1.0029296875,-0.00390625,-6,-32,-24,-0.3662109375,-1.953125,-1.46484375,-4712,2070,-585,16248,716,-29256,89.2529296875,3.93310546875,-160.7080078125,349,3.49,0
1795,106315,5.122,293550,5122,1,66,2021,-132,0.0322265625,0.98681640625,-0.064453125,43,-142,-17,2.62451171875,-8.6669921875,-1.03759765625,-6,1937,5910,16721,-159,24873,91.8511962890625,-0.8734130859375,136.6314697265625,355,3.55,0
1796,106316,5.128,293556,5128,0,-60,2020,62,-0.029296875,0.986328125,0.0302734375,32,-34,-5,1.953125,-2.0751953125,-0.30517578125,-4692,2078,-579,16251,719,-29252,89.2694091796875,3.9495849609375,-160.68603515625,350,3.5,0
1797,106317,5.129,293557,5129,1,81,2015,-146,0.03955078125,0.98388671875,-0.0712890625,67,-149,-15,4.08935546875,-9.09423828125,-0.91552734375,-9,1938,5901,16726,-157,24865,91.878662109375,-0.8624267578125,136.5875244140625,355,3.55,0
1798,106318,5.13,293558,5130,2,-226,1952,502,-0.1103515625,0.953125,0.2451171875,-3,-46,13,-0.18310546875,-2.8076171875,0.79345703125,1472,2334,-3798,13803,995,1574,75.8221435546875,5.4656982421875,8.646240234375,356,3.56,0
1799,106319,5.135,293563,5135,0,-83,2026,73,-0.04052734375,0.9892578125,0.03564453125,52,-31,6,3.173828125,-1.89208984375,0.3662109375,-4712,2079,-534,16254,717,-29253,89.285888671875,3.9385986328125,-160.6915283203125,350,3.5,0
1800,106320,5.136,293564,5136,1,107,2048,-89,0.05224609375,1.0,-0.04345703125,69,-130,-18,4.21142578125,-7.9345703125,-1.0986328125,-30,1928,5855,16733,-155,24852,91.9171142578125,-0.8514404296875,136.51611328125,355,3.55,0
1801,106321,5.137,293565,5137,2,-221,1956,500,-0.10791015625,0.955078125,0.244140625,-9,-49,10,-0.54931640625,-2.99072265625,0.6103515625,1494,2354,-3790,13802,994,1571,75.816650390625,5.460205078125,8.6297607421875,356,3.56,0
1802,106322,5.142,293570,5142,0,-135,2065,71,-0.06591796875,1.00830078125,0.03466796875,33,20,25,2.01416015625,1.220703125,1.52587890625,-4704,2086,-606,16259,715,-29242,89.3133544921875,3.9276123046875,-160.631103515625,350,3.5,0
1803,106323,5.143,293571,5143,1,113,2084,-54,0.05517578125,1.017578125,-0.0263671875,39,-108,-18,2.38037109375,-6.591796875,-1.0986328125,-12,1950,5843,16734,-154,24850,91.922607421875,-0.845947265625,136.505126953125,355,3.55,0
1804,106324,5.144,293572,5144,2,-213,1964,496,-0.10400390625,0.958984375,0.2421875,-25,-60,6,-1.52587890625,-3.662109375,0.3662109375,1501,2369,-3798,13800,993,1565,75.8056640625,5.4547119140625,8.5968017578125,356,3.56,0
1805,106325,5.149,293577,5149,0,-147,2076,49,-0.07177734375,1.013671875,0.02392578125,9,45,33,0.54931640625,2.74658203125,2.01416015625,-4699,2063,-638,16259,714,-29239,89.3133544921875,3.922119140625,-160.6146240234375,350,3.5,0
1806,106326,5.15,293578,5150,1,104,2109,-35,0.05078125,1.02978515625,-0.01708984375,5,-96,-15,0.30517578125,-5.859375,-0.91552734375,-32,1950,5826,16734,-153,24845,91.922607421875,-0.8404541015625,136.4776611328125,355,3.55,0
1807,106327,5.151,293579,5151,2,-209,1967,499,-0.10205078125,0.96044921875,0.24365234375,-25,-62,3,-1.52587890625,-3.7841796875,0.18310546875,1486,2340,-3806,13798,993,1561,75.794677734375,5.4547119140625,8.5748291015625,356,3.56,0
1808,106328,5.156,293584,5156,0,-158,2074,24,-0.0771484375,1.0126953125,0.01171875,-10,50,33,-0.6103515625,3.0517578125,2.01416015625,-4710,2042,-637,16259,710,-29237,89.3133544921875,3.900146484375,-160.6036376953125,350,3.5,0
1809,106329,5.157,293585,5157,1,59,2075,-67,0.02880859375,1.01318359375,-0.03271484375,-27,-30,-9,-1.64794921875,-1.8310546875,-0.54931640625,-37,1948,5784,16731,-153,24842,91.9061279296875,-0.8404541015625,136.461181640625,355,3.55,0
1810,106330,5.158,293586,5158,2,-206,1970,504,-0.1005859375,0.9619140625,0.24609375,-18,-62,1,-1.0986328125,-3.7841796875,0.06103515625,1490,2327,-3825,13797,992,1558,75.7891845703125,5.44921875,8.558349609375,356,3.56,0
1811,106331,5.163,293591,5163,0,-180,2061,1,-0.087890625,1.00634765625,0.00048828125,19,-2,22,1.15966796875,-0.1220703125,1.3427734375,-4711,2024,-630,16261,709,-29226,89.3243408203125,3.8946533203125,-160.543212890625,351,3.51,0
1812,106332,5.164,293592,5164,1,45,2049,-77,0.02197265625,1.00048828125,-0.03759765625,-37,0,-10,-2.25830078125,0.0,-0.6103515625,-30,1968,5806,16728,-152,24846,91.8896484375,-0.8349609375,136.483154296875,355,3.55,0
1813,106333,5.172,293600,5172,0,-175,2063,10,-0.08544921875,1.00732421875,0.0048828125,30,-38,11,1.8310546875,-2.3193359375,0.67138671875,-4729,2045,-638,16263,709,-29228,89.3353271484375,3.8946533203125,-160.55419921875,351,3.51,0
1814,106334,5.172,293600,5172,1,26,2009,-102,0.0126953125,0.98095703125,-0.0498046875,-31,-27,-5,-1.89208984375,-1.64794921875,-0.30517578125,-30,1987,5843,16725,-152,24844,91.8731689453125,-0.8349609375,136.47216796875,355,3.55,0
1815,106335,5.173,293601,5173,2,-199,1977,509,-0.09716796875,0.96533203125,0.24853515625,8,-64,-8,0.48828125,-3.90625,-0.48828125,1482,2340,-3892,13797,992,1547,75.7891845703125,5.44921875,8.4979248046875,356,3.56,0
1816,106336,5.177,293605,5177,0,-139,2078,19,-0.06787109375,1.0146484375,0.00927734375,-13,-87,-13,-0.79345703125,-5.31005859375,-0.79345703125,-4703,2051,-634,16262,711,-29236,89.329833984375,3.9056396484375,-160.59814453125,351,3.51,0
1817,106337,5.178,293606,5178,1,32,1997,-103,0.015625,0.97509765625,-0.05029296875,-14,-81,-8,-0.8544921875,-4.94384765625,-0.48828125,-49,2003,5848,16724,-152,24839,91.86767578125,-0.8349609375,136.4447021484375,355,3.55,0
1818,106338,5.179,293607,5179,2,-202,1976,502,-0.0986328125,0.96484375,0.2451171875,2,-67,-13,0.1220703125,-4.08935546875,-0.79345703125,1485,2350,-3887,13797,993,1540,75.7891845703125,5.4547119140625,8.45947265625,356,3.56,0
1819,106339,5.184,293612,5184,0,-111,2066,36,-0.05419921875,1.0087890625,0.017578125,-36,-90,-20,-2.197265625,-5.4931640625,-1.220703125,-4710,2035,-616,16260,712,-29232,89.31884765625,3.9111328125,-160.576171875,350,3.5,0
1820,106340,5.185,293613,5185,1,38,1997,-102,0.0185546875,0.97509765625,-0.0498046875,-8,-122,-4,-0.48828125,-7.4462890625,-0.244140625,-67,2017,5852,16723,-151,24836,91.8621826171875,-0.8294677734375,136.42822265625,355,3.55,0
1821,106341,5.186,293614,5186,2,-201,1974,502,-0.09814453125,0.9638671875,0.2451171875,1,-67,-16,0.06103515625,-4.08935546875,-0.9765625,1487,2359,-3856,13797,994,1536,75.7891845703125,5.460205078125,8.4375,356,3.56,0
1822,106342,5.191,293619,5191,0,-85,2053,57,-0.04150390625,1.00244140625,0.02783203125,-49,-82,-22,-2.99072265625,-5.0048828125,-1.3427734375,-4708,2052,-589,16257,714,-29236,89.3023681640625,3.922119140625,-160.59814453125,350,3.5,0
1823,106343,5.192,293620,5192,1,61,2009,-83,0.02978515625,0.98095703125,-0.04052734375,-31,-108,-3,-1.89208984375,-6.591796875,-0.18310546875,-65,2017,5904,16720,-150,24825,91.845703125,-0.823974609375,136.3677978515625,355,3.55,0
1824,106344,5.198,293626,5198,0,-71,2029,64,-0.03466796875,0.99072265625,0.03125,-45,-76,-15,-2.74658203125,-4.638671875,-0.91552734375,-4691,2046,-579,16253,716,-29243,89.2803955078125,3.93310546875,-160.6365966796875,350,3.5,0
1825,106345,5.199,293627,5199,1,70,2019,-74,0.0341796875,0.98583984375,-0.0361328125,-44,-84,-9,-2.685546875,-5.126953125,-0.54931640625,-90,2002,5921,16717,-149,24821,91.8292236328125,-0.8184814453125,136.3458251953125,355,3.55,0
1826,106346,5.205,293633,5205,0,-67,2022,50,-0.03271484375,0.9873046875,0.0244140625,-25,-91,-8,-1.52587890625,-5.55419921875,-0.48828125,-4704,2021,-563,16252,717,-29240,89.27490234375,3.9385986328125,-160.6201171875,350,3.5,0
1827,106347,5.206,293634,5206,1,97,2032,-72,0.04736328125,0.9921875,-0.03515625,-40,-96,-18,-2.44140625,-5.859375,-1.0986328125,-68,1980,5899,16712,-147,24814,91.8017578125,-0.8074951171875,136.307373046875,356,3.56,0
1828,106348,5.212,293640,5212,0,-67,2022,50,-0.03271484375,0.9873046875,0.0244140625,-25,-91,-8,-1.52587890625,-5.55419921875,-0.48828125,-4704,2021,-563,16252,717,-29240,89.27490234375,3.9385986328125,-160.6201171875,350,3.5,0
1829,106349,5.213,293641,5213,1,110,2033,-74,0.0537109375,0.99267578125,-0.0361328125,-4,-113,-15,-0.244140625,-6.89697265625,-0.91552734375,-51,1967,5921,16713,-146,24808,91.8072509765625,-0.802001953125,136.2744140625,356,3.56,0
1830,106350,5.219,293647,5219,0,-74,2050,-10,-0.0361328125,1.0009765625,-0.0048828125,-8,-71,-2,-0.48828125,-4.33349609375,-0.1220703125,-4714,2057,-556,16251,717,-29253,89.2694091796875,3.9385986328125,-160.6915283203125,350,3.5,0
1831,106351,5.22,293648,5220,1,118,2048,-58,0.0576171875,1.0,-0.0283203125,28,-121,-9,1.708984375,-7.38525390625,-0.54931640625,-40,1995,5929,16714,-145,24802,91.812744140625,-0.7965087890625,136.241455078125,356,3.56,0
1832,106352,5.226,293654,5226,0,-85,2051,-19,-0.04150390625,1.00146484375,-0.00927734375,-2,-51,-3,-0.1220703125,-3.11279296875,-0.18310546875,-4724,2046,-574,16252,717,-29247,89.27490234375,3.9385986328125,-160.6585693359375,350,3.5,0
1833,106353,5.227,293655,5227,1,111,2083,-44,0.05419921875,1.01708984375,-0.021484375,1,-94,-5,0.06103515625,-5.7373046875,-0.30517578125,-33,1994,5906,16714,-144,24795,91.812744140625,-0.791015625,136.2030029296875,356,3.56,0
1834,106354,5.236,293664,5236,0,-92,2035,-21,-0.044921875,0.99365234375,-0.01025390625,38,-1,3,2.3193359375,-0.06103515625,0.18310546875,-4721,2054,-521,16256,716,-29247,89.296875,3.93310546875,-160.6585693359375,350,3.5,0
1835,106355,5.236,293664,5236,1,103,2083,-76,0.05029296875,1.01708984375,-0.037109375,-44,-61,-3,-2.685546875,-3.72314453125,-0.18310546875,-64,1967,5920,16711,-145,24793,91.7962646484375,-0.7965087890625,136.1920166015625,356,3.56,0
1836,106356,5.236,293664,5236,2,-184,1954,491,-0.08984375,0.9541015625,0.23974609375,20,-67,-15,1.220703125,-4.08935546875,-0.91552734375,1478,2292,-3713,13801,1000,1497,75.8111572265625,5.4931640625,8.2232666015625,355,3.55,0
1837,106357,5.24,293668,5240,0,-102,2038,-10,-0.0498046875,0.9951171875,-0.0048828125,63,16,8,3.84521484375,0.9765625,0.48828125,-4726,2069,-540,16260,716,-29246,89.31884765625,3.93310546875,-160.653076171875,350,3.5,0
1838,106358,5.241,293669,5241,1,47,2044,-115,0.02294921875,0.998046875,-0.05615234375,-75,-27,-17,-4.57763671875,-1.64794921875,-1.03759765625,-42,1962,5863,16703,-143,24794,91.7523193359375,-0.7855224609375,136.197509765625,356,3.56,0
1839,106359,5.247,293675,5247,0,-102,2038,-10,-0.0498046875,0.9951171875,-0.0048828125,63,16,8,3.84521484375,0.9765625,0.48828125,-4726,2069,-540,16260,716,-29246,89.31884765625,3.93310546875,-160.653076171875,350,3.5,0
1840,106360,5.248,293676,5248,1,17,2018,-88,0.00830078125,0.9853515625,-0.04296875,-28,-54,-21,-1.708984375,-3.2958984375,-1.28173828125,-18,1948,5834,16702,-142,24790,91.746826171875,-0.780029296875,136.175537109375,356,3.56,0
1841,106361,5.254,293682,5254,0,-108,2042,16,-0.052734375,0.9970703125,0.0078125,23,-33,13,1.40380859375,-2.01416015625,0.79345703125,-4737,2036,-542,16266,713,-29240,89.351806640625,3.9166259765625,-160.6201171875,350,3.5,0
1842,106362,5.255,293683,5255,1,15,2014,-63,0.00732421875,0.9833984375,-0.03076171875,24,-82,-26,1.46484375,-5.0048828125,-1.5869140625,-16,1940,5874,16704,-140,24786,91.7578125,-0.76904296875,136.153564453125,356,3.56,0
1843,106363,5.261,293689,5261,0,-105,2031,21,-0.05126953125,0.99169921875,0.01025390625,32,-43,14,1.953125,-2.62451171875,0.8544921875,-4739,2063,-532,16269,713,-29242,89.3682861328125,3.9166259765625,-160.631103515625,350,3.5,0
1844,106364,5.262,293690,5262,1,16,2019,-97,0.0078125,0.98583984375,-0.04736328125,50,-94,-20,3.0517578125,-5.7373046875,-1.220703125,9,1927,5908,16709,-137,24780,91.7852783203125,-0.7525634765625,136.12060546875,356,3.56,0
1845,106365,5.268,293696,5268,0,-107,2051,21,-0.05224609375,1.00146484375,0.01025390625,56,-37,24,3.41796875,-2.25830078125,1.46484375,-4739,2079,-543,16275,711,-29237,89.4012451171875,3.9056396484375,-160.6036376953125,350,3.5,0
1846,106366,5.269,293697,5269,1,36,2019,-99,0.017578125,0.98583984375,-0.04833984375,34,-40,-29,2.0751953125,-2.44140625,-1.77001953125,8,1933,5872,16711,-135,24779,91.7962646484375,-0.7415771484375,136.1151123046875,356,3.56,0
1847,106367,5.275,293703,5275,0,-114,2079,28,-0.0556640625,1.01513671875,0.013671875,44,-30,24,2.685546875,-1.8310546875,1.46484375,-4755,2071,-565,16277,709,-29239,89.4122314453125,3.8946533203125,-160.6146240234375,349,3.49,0
1848,106368,5.276,293704,5276,1,42,2008,-101,0.0205078125,0.98046875,-0.04931640625,22,-20,-24,1.3427734375,-1.220703125,-1.46484375,7,1937,5852,16712,-135,24778,91.8017578125,-0.7415771484375,136.109619140625,356,3.56,0
1849,106369,5.282,293710,5282,0,-115,2096,21,-0.05615234375,1.0234375,0.01025390625,16,-19,15,0.9765625,-1.15966796875,0.91552734375,-4751,2078,-567,16277,709,-29239,89.4122314453125,3.8946533203125,-160.6146240234375,349,3.49,0
1850,106370,5.283,293711,5283,1,76,2013,-97,0.037109375,0.98291015625,-0.04736328125,36,-89,-15,2.197265625,-5.43212890625,-0.91552734375,-8,1938,5864,16715,-133,24773,91.8182373046875,-0.7305908203125,136.0821533203125,356,3.56,0
1851,106371,5.289,293717,5289,0,-115,2078,-22,-0.05615234375,1.0146484375,-0.0107421875,-15,-13,1,-0.91552734375,-0.79345703125,0.06103515625,-4782,2075,-603,16277,709,-29231,89.4122314453125,3.8946533203125,-160.5706787109375,349,3.49,0
1852,106372,5.29,293718,5290,1,113,2029,-109,0.05517578125,0.99072265625,-0.05322265625,37,-131,-16,2.25830078125,-7.99560546875,-0.9765625,-38,1934,5864,16717,-132,24765,91.8292236328125,-0.72509765625,136.0382080078125,357,3.57,0
1853,106373,5.3,293728,5300,0,-108,2054,-29,-0.052734375,1.0029296875,-0.01416015625,-4,-25,-4,-0.244140625,-1.52587890625,-0.244140625,-4773,2079,-577,16277,708,-29234,89.4122314453125,3.88916015625,-160.587158203125,349,3.49,0
1854,106374,5.3,293728,5300,1,150,2043,-107,0.0732421875,0.99755859375,-0.05224609375,12,-145,-15,0.732421875,-8.85009765625,-0.91552734375,-38,1920,5868,16719,-129,24750,91.8402099609375,-0.7086181640625,135.955810546875,357,3.57,0
1855,106375,5.301,293729,5301,2,-179,2002,487,-0.08740234375,0.9775390625,0.23779296875,-3,-56,6,-0.18310546875,-3.41796875,0.3662109375,1443,2275,-3844,13741,985,1508,75.4815673828125,5.4107666015625,8.28369140625,355,3.55,0
1856,106376,5.311,293739,5311,0,-93,2022,-33,-0.04541015625,0.9873046875,-0.01611328125,13,-28,-7,0.79345703125,-1.708984375,-0.42724609375,-4766,2063,-609,16279,710,-29228,89.4232177734375,3.900146484375,-160.55419921875,348,3.48,0
1857,106377,5.311,293739,5311,1,131,2030,-76,0.06396484375,0.9912109375,-0.037109375,44,-94,-9,2.685546875,-5.7373046875,-0.54931640625,-44,1941,5889,16723,-128,24743,91.8621826171875,-0.703125,135.9173583984375,357,3.57,0
1858,106378,5.317,293745,5317,0,-85,2019,-12,-0.04150390625,0.98583984375,-0.005859375,41,-51,-2,2.50244140625,-3.11279296875,-0.1220703125,-4717,2032,-589,16283,709,-29233,89.4451904296875,3.8946533203125,-160.5816650390625,348,3.48,0
1859,106379,5.318,293746,5318,1,120,2031,-51,0.05859375,0.99169921875,-0.02490234375,100,-20,-20,6.103515625,-1.220703125,-1.220703125,-12,1941,5879,16733,-125,24741,91.9171142578125,-0.6866455078125,135.9063720703125,357,3.57,0
1860,106380,5.324,293752,5324,0,-87,2045,27,-0.04248046875,0.99853515625,0.01318359375,58,-58,0,3.5400390625,-3.5400390625,0.0,-4734,2029,-591,16290,710,-29230,89.483642578125,3.900146484375,-160.565185546875,348,3.48,0
1861,106381,5.325,293753,5325,1,113,2049,-74,0.05517578125,1.00048828125,-0.0361328125,84,-19,-25,5.126953125,-1.15966796875,-1.52587890625,-27,1927,5883,16736,-124,24744,91.93359375,-0.68115234375,135.9228515625,357,3.57,0
1862,106382,5.331,293759,5331,0,-87,2063,31,-0.04248046875,1.00732421875,0.01513671875,54,-37,-1,3.2958984375,-2.25830078125,-0.06103515625,-4724,2036,-605,16293,710,-29231,89.5001220703125,3.900146484375,-160.5706787109375,348,3.48,0
1863,106383,5.332,293760,5332,1,78,2062,-118,0.0380859375,1.0068359375,-0.0576171875,-49,55,-21,-2.99072265625,3.35693359375,-1.28173828125,-42,1954,5833,16732,-121,24750,91.91162109375,-0.6646728515625,135.955810546875,357,3.57,0
1864,106384,5.338,293766,5338,0,-87,2063,31,-0.04248046875,1.00732421875,0.01513671875,54,-37,-1,3.2958984375,-2.25830078125,-0.06103515625,-4724,2036,-605,16293,710,-29231,89.5001220703125,3.900146484375,-160.5706787109375,348,3.48,0
1865,106385,5.339,293767,5339,1,64,2043,-83,0.03125,0.99755859375,-0.04052734375,-56,103,-35,-3.41796875,6.28662109375,-2.13623046875,-57,1963,5859,16729,-119,24757,91.8951416015625,-0.6536865234375,135.9942626953125,357,3.57,0
1866,106386,5.345,293773,5345,0,-100,2055,-10,-0.048828125,1.00341796875,-0.0048828125,57,22,17,3.47900390625,1.3427734375,1.03759765625,-4776,2051,-581,16302,707,-29220,89.549560546875,3.8836669921875,-160.51025390625,347,3.47,0
1867,106387,5.346,293774,5346,1,35,2019,-57,0.01708984375,0.98583984375,-0.02783203125,-16,108,-44,-0.9765625,6.591796875,-2.685546875,-77,1958,5868,16729,-117,24766,91.8951416015625,-0.6427001953125,136.043701171875,357,3.57,0
1868,106388,5.352,293780,5352,0,-106,2050,-34,-0.0517578125,1.0009765625,-0.0166015625,59,1,24,3.60107421875,0.06103515625,1.46484375,-4776,2060,-576,16306,706,-29220,89.571533203125,3.878173828125,-160.51025390625,347,3.47,0
1869,106389,5.353,293781,5353,1,27,2014,-49,0.01318359375,0.9833984375,-0.02392578125,29,63,-39,1.77001953125,3.84521484375,-2.38037109375,-3,1951,5817,16732,-114,24775,91.91162109375,-0.626220703125,136.0931396484375,357,3.57,0
1870,106390,5.359,293787,5359,0,-112,2056,-40,-0.0546875,1.00390625,-0.01953125,54,-64,21,3.2958984375,-3.90625,1.28173828125,-4786,2051,-540,16312,705,-29225,89.6044921875,3.8726806640625,-160.5377197265625,347,3.47,0
1871,106391,5.371,293799,5371,0,-115,2059,-25,-0.05615234375,1.00537109375,-0.01220703125,42,-71,18,2.5634765625,-4.33349609375,1.0986328125,-4797,2049,-550,16314,704,-29221,89.615478515625,3.8671875,-160.5157470703125,347,3.47,0
1872,106392,5.371,293799,5371,1,88,2018,-59,0.04296875,0.9853515625,-0.02880859375,55,0,-31,3.35693359375,0.0,-1.89208984375,50,1979,5829,16738,-109,24781,91.944580078125,-0.5987548828125,136.1260986328125,357,3.57,0
1873,106393,5.371,293799,5371,2,-155,1969,502,-0.07568359375,0.96142578125,0.2451171875,1,-20,8,0.06103515625,-1.220703125,0.48828125,1390,2380,-3840,13746,983,1484,75.509033203125,5.3997802734375,8.15185546875,356,3.56,0
1874,106394,5.373,293801,5373,0,-115,2059,-25,-0.05615234375,1.00537109375,-0.01220703125,42,-71,18,2.5634765625,-4.33349609375,1.0986328125,-4797,2049,-550,16314,704,-29221,89.615478515625,3.8671875,-160.5157470703125,347,3.47,0
1875,106395,5.374,293802,5374,1,87,2023,-65,0.04248046875,0.98779296875,-0.03173828125,89,-41,-22,5.43212890625,-2.50244140625,-1.3427734375,26,1984,5823,16743,-108,24778,91.9720458984375,-0.59326171875,136.109619140625,357,3.57,0
1876,106396,5.38,293808,5380,0,-102,2045,2,-0.0498046875,0.99853515625,0.0009765625,30,0,13,1.8310546875,0.0,0.79345703125,-4778,2066,-559,16320,702,-29223,89.6484375,3.856201171875,-160.5267333984375,347,3.47,0
1877,106397,5.381,293809,5381,1,83,2047,-68,0.04052734375,0.99951171875,-0.033203125,104,-76,-18,6.34765625,-4.638671875,-1.0986328125,9,1980,5805,16749,-107,24774,92.0050048828125,-0.5877685546875,136.087646484375,357,3.57,0
1878,106398,5.387,293815,5387,0,-100,2040,-1,-0.048828125,0.99609375,-0.00048828125,41,8,14,2.50244140625,0.48828125,0.8544921875,-4759,2071,-549,16323,701,-29214,89.6649169921875,3.8507080078125,-160.477294921875,347,3.47,0
1879,106399,5.388,293816,5388,1,114,2089,-66,0.0556640625,1.02001953125,-0.0322265625,78,-49,-40,4.7607421875,-2.99072265625,-2.44140625,34,1977,5795,16757,-103,24771,92.0489501953125,-0.5657958984375,136.0711669921875,357,3.57,0
1880,106400,5.394,293822,5394,0,-99,2056,-35,-0.04833984375,1.00390625,-0.01708984375,47,-7,4,2.86865234375,-0.42724609375,0.244140625,-4760,2084,-582,16328,700,-29215,89.6923828125,3.84521484375,-160.4827880859375,348,3.48,0
1881,106401,5.395,293823,5395,1,103,2085,-67,0.05029296875,1.01806640625,-0.03271484375,63,-7,-46,3.84521484375,-0.42724609375,-2.8076171875,30,1960,5824,16761,-102,24772,92.0709228515625,-0.560302734375,136.07666015625,357,3.57,0
1882,106402,5.401,293829,5401,0,-81,2058,-41,-0.03955078125,1.0048828125,-0.02001953125,39,-1,-5,2.38037109375,-0.06103515625,-0.30517578125,-4753,2093,-594,16330,701,-29214,89.703369140625,3.8507080078125,-160.477294921875,348,3.48,0
1883,106403,5.402,293830,5402,1,54,2079,-96,0.0263671875,1.01513671875,-0.046875,45,9,-36,2.74658203125,0.54931640625,-2.197265625,41,1977,5817,16762,-100,24773,92.076416015625,-0.54931640625,136.0821533203125,357,3.57,0
1884,106404,5.408,293836,5408,0,-81,2058,-41,-0.03955078125,1.0048828125,-0.02001953125,39,-1,-5,2.38037109375,-0.06103515625,-0.30517578125,-4753,2093,-594,16330,701,-29214,89.703369140625,3.8507080078125,-160.477294921875,348,3.48,0
1885,106405,5.409,293837,5409,1,23,2040,-119,0.01123046875,0.99609375,-0.05810546875,13,8,-37,0.79345703125,0.48828125,-2.25830078125,35,1987,5846,16764,-96,24778,92.08740234375,-0.52734375,136.109619140625,357,3.57,0
1886,106406,5.415,293843,5415,0,-73,2060,-9,-0.03564453125,1.005859375,-0.00439453125,14,23,-18,0.8544921875,1.40380859375,-1.0986328125,-4730,2093,-584,16335,703,-29202,89.7308349609375,3.8616943359375,-160.411376953125,348,3.48,0
1887,106407,5.416,293844,5416,1,5,2013,-104,0.00244140625,0.98291015625,-0.05078125,29,-10,-26,1.77001953125,-0.6103515625,-1.5869140625,16,1980,5862,16766,-96,24778,92.098388671875,-0.52734375,136.109619140625,358,3.58,0
1888,106408,5.422,293850,5422,0,-79,2057,-1,-0.03857421875,1.00439453125,-0.00048828125,1,14,-18,0.06103515625,0.8544921875,-1.0986328125,-4725,2098,-551,16335,704,-29201,89.7308349609375,3.8671875,-160.4058837890625,348,3.48,0
1889,106409,5.423,293851,5423,1,-2,1997,-63,-0.0009765625,0.97509765625,-0.03076171875,42,-25,-23,2.5634765625,-1.52587890625,-1.40380859375,10,1971,5900,16770,-93,24779,92.120361328125,-0.5108642578125,136.1151123046875,358,3.58,0
1890,106410,5.435,293863,5435,0,-81,2036,16,-0.03955078125,0.994140625,0.0078125,9,-7,-8,0.54931640625,-0.42724609375,-0.48828125,-4743,2089,-565,16337,705,-29192,89.7418212890625,3.8726806640625,-160.3564453125,348,3.48,0
1891,106411,5.435,293863,5435,1,1,1999,-57,0.00048828125,0.97607421875,-0.02783203125,25,-8,-22,1.52587890625,-0.48828125,-1.3427734375,12,1982,5913,16770,-92,24780,92.120361328125,-0.50537109375,136.12060546875,358,3.58,0
1892,106412,5.435,293863,5435,2,-176,1973,503,-0.0859375,0.96337890625,0.24560546875,-10,-6,16,-0.6103515625,-0.3662109375,0.9765625,1362,2336,-3804,13745,977,1484,75.5035400390625,5.3668212890625,8.15185546875,356,3.56,0
1893,106413,5.436,293864,5436,0,-96,2026,11,-0.046875,0.9892578125,0.00537109375,33,-8,4,2.01416015625,-0.48828125,0.244140625,-4769,2096,-556,16339,704,-29193,89.7528076171875,3.8671875,-160.3619384765625,348,3.48,0
1894,106414,5.437,293865,5437,1,3,1998,-68,0.00146484375,0.9755859375,-0.033203125,7,7,-22,0.42724609375,0.42724609375,-1.3427734375,30,1986,5906,16771,-92,24781,92.1258544921875,-0.50537109375,136.1260986328125,358,3.58,0
1895,106415,5.443,293871,5443,0,-109,2028,-3,-0.05322265625,0.990234375,-0.00146484375,55,8,15,3.35693359375,0.48828125,0.91552734375,-4760,2119,-590,16343,703,-29192,89.7747802734375,3.8616943359375,-160.3564453125,348,3.48,0
1896,106416,5.444,293872,5444,1,-5,2001,-63,-0.00244140625,0.97705078125,-0.03076171875,52,-11,-19,3.173828125,-0.67138671875,-1.15966796875,48,2020,5954,16776,-89,24784,92.1533203125,-0.4888916015625,136.142578125,359,3.59,0
1897,106417,5.45,293878,5450,0,-132,2056,-35,-0.064453125,1.00390625,-0.01708984375,37,22,21,2.25830078125,1.3427734375,1.28173828125,-4757,2146,-629,16348,702,-29180,89.80224609375,3.856201171875,-160.29052734375,348,3.48,0
1898,106418,5.451,293879,5451,1,6,2011,-42,0.0029296875,0.98193359375,-0.0205078125,100,-23,-15,6.103515625,-1.40380859375,-0.91552734375,63,2025,5922,16782,-88,24782,92.186279296875,-0.4833984375,136.131591796875,359,3.59,0
1899,106419,5.457,293885,5457,0,-142,2066,-40,-0.0693359375,1.0087890625,-0.01953125,11,14,15,0.67138671875,0.8544921875,0.91552734375,-4761,2152,-638,16348,700,-29181,89.80224609375,3.84521484375,-160.2960205078125,348,3.48,0
1900,106420,5.458,293886,5458,1,34,2060,-64,0.0166015625,1.005859375,-0.03125,107,-89,-6,6.53076171875,-5.43212890625,-0.3662109375,35,2009,5873,16793,-87,24774,92.2467041015625,-0.4779052734375,136.087646484375,359,3.59,0
1901,106421,5.464,293892,5464,0,-133,2058,-25,-0.06494140625,1.0048828125,-0.01220703125,11,11,11,0.67138671875,0.67138671875,0.67138671875,-4774,2163,-620,16350,699,-29170,89.813232421875,3.8397216796875,-160.235595703125,348,3.48,0
1902,106422,5.465,293893,5465,1,52,2071,-85,0.025390625,1.01123046875,-0.04150390625,75,-118,-2,4.57763671875,-7.2021484375,-0.1220703125,41,1999,5837,16797,-86,24771,92.2686767578125,-0.472412109375,136.0711669921875,359,3.59,0
1903,106423,5.466,293894,5466,2,-151,1968,504,-0.07373046875,0.9609375,0.24609375,-2,16,16,-0.1220703125,0.9765625,0.9765625,1364,2305,-3811,13744,976,1496,75.498046875,5.361328125,8.2177734375,356,3.56,0
1904,106424,5.471,293899,5471,0,-117,2053,-18,-0.05712890625,1.00244140625,-0.0087890625,25,18,9,1.52587890625,1.0986328125,0.54931640625,-4758,2144,-555,16352,699,-29168,89.82421875,3.8397216796875,-160.224609375,348,3.48,0
1905,106425,5.472,293900,5472,1,75,2064,-98,0.03662109375,1.0078125,-0.0478515625,61,-111,-2,3.72314453125,-6.77490234375,-0.1220703125,34,2013,5866,16801,-86,24766,92.2906494140625,-0.472412109375,136.043701171875,359,3.59,0
1906,106426,5.478,293906,5478,0,-110,2058,-16,-0.0537109375,1.0048828125,-0.0078125,28,24,11,1.708984375,1.46484375,0.67138671875,-4737,2155,-553,16354,697,-29168,89.835205078125,3.8287353515625,-160.224609375,348,3.48,0
1907,106427,5.479,293907,5479,1,92,2034,-112,0.044921875,0.9931640625,-0.0546875,121,-59,-6,7.38525390625,-3.60107421875,-0.3662109375,16,2033,5824,16813,-85,24760,92.3565673828125,-0.4669189453125,136.0107421875,359,3.59,0
1908,106428,5.485,293913,5485,0,-107,2058,-6,-0.05224609375,1.0048828125,-0.0029296875,26,0,18,1.5869140625,0.0,1.0986328125,-4722,2152,-507,16358,696,-29158,89.857177734375,3.8232421875,-160.169677734375,349,3.49,0
1909,106429,5.486,293914,5486,1,88,2034,-124,0.04296875,0.9931640625,-0.060546875,144,-66,-8,8.7890625,-4.0283203125,-0.48828125,15,2031,5830,16821,-84,24759,92.4005126953125,-0.46142578125,136.0052490234375,359,3.59,0
1910,106430,5.492,293920,5492,0,-118,2055,6,-0.0576171875,1.00341796875,0.0029296875,14,-12,12,0.8544921875,-0.732421875,0.732421875,-4723,2144,-503,16359,696,-29158,89.8626708984375,3.8232421875,-160.169677734375,349,3.49,0
1911,106431,5.498,293926,5498,1,85,2045,-114,0.04150390625,0.99853515625,-0.0556640625,117,-98,-15,7.14111328125,-5.9814453125,-0.91552734375,42,2018,5785,16834,-82,24749,92.471923828125,-0.450439453125,135.9503173828125,359,3.59,0
1912,106432,5.499,293927,5499,2,-178,1965,510,-0.0869140625,0.95947265625,0.2490234375,-4,18,20,-0.244140625,1.0986328125,1.220703125,1387,2327,-3844,13743,974,1503,75.4925537109375,5.350341796875,8.2562255859375,355,3.55,0
1913,106433,5.499,293927,5499,0,-118,2055,6,-0.0576171875,1.00341796875,0.0029296875,14,-12,12,0.8544921875,-0.732421875,0.732421875,-4723,2144,-503,16359,696,-29158,89.8626708984375,3.8232421875,-160.169677734375,349,3.49,0
1914,106434,5.5,293928,5500,1,91,2050,-90,0.04443359375,1.0009765625,-0.0439453125,117,-96,-20,7.14111328125,-5.859375,-1.220703125,38,2001,5788,16840,-80,24745,92.5048828125,-0.439453125,135.9283447265625,359,3.59,0
1915,106435,5.506,293934,5506,0,-121,2037,1,-0.05908203125,0.99462890625,0.00048828125,35,2,4,2.13623046875,0.1220703125,0.244140625,-4727,2114,-513,16364,695,-29150,89.89013671875,3.8177490234375,-160.125732421875,349,3.49,0
1916,106436,5.507,293935,5507,1,92,2057,-88,0.044921875,1.00439453125,-0.04296875,127,-84,-27,7.75146484375,-5.126953125,-1.64794921875,23,2011,5810,16847,-78,24744,92.5433349609375,-0.428466796875,135.9228515625,358,3.58,0
1917,106437,5.508,293936,5508,2,-191,1964,510,-0.09326171875,0.958984375,0.2490234375,2,16,22,0.1220703125,0.9765625,1.3427734375,1387,2311,-3870,13743,974,1509,75.4925537109375,5.350341796875,8.2891845703125,357,3.57,0
1918,106438,5.513,293941,5513,0,-128,2054,-14,-0.0625,1.0029296875,-0.0068359375,39,-3,8,2.38037109375,-0.18310546875,0.48828125,-4728,2114,-511,16366,695,-29149,89.901123046875,3.8177490234375,-160.1202392578125,349,3.49,0
1919,106439,5.514,293942,5514,1,83,2064,-158,0.04052734375,1.0078125,-0.0771484375,67,-45,-32,4.08935546875,-2.74658203125,-1.953125,-3,2011,5801,16855,-76,24740,92.5872802734375,-0.41748046875,135.90087890625,357,3.57,0
1920,106440,5.523,293951,5523,2,-192,1965,508,-0.09375,0.95947265625,0.248046875,3,14,23,0.18310546875,0.8544921875,1.40380859375,1389,2307,-3886,13742,973,1509,75.487060546875,5.3448486328125,8.2891845703125,357,3.57,0
1921,106441,5.527,293955,5527,0,-90,2071,-32,-0.0439453125,1.01123046875,-0.015625,29,16,7,1.77001953125,0.9765625,0.42724609375,-4688,2120,-546,16373,693,-29139,89.9395751953125,3.8067626953125,-160.0653076171875,349,3.49,0
1922,106442,5.528,293956,5528,1,53,1999,-165,0.02587890625,0.97607421875,-0.08056640625,39,5,-19,2.38037109375,0.30517578125,-1.15966796875,42,2014,5786,16859,-72,24744,92.6092529296875,-0.3955078125,135.9228515625,356,3.56,0
1923,106443,5.534,293962,5534,0,-90,2071,-32,-0.0439453125,1.01123046875,-0.015625,29,16,7,1.77001953125,0.9765625,0.42724609375,-4688,2120,-546,16373,693,-29139,89.9395751953125,3.8067626953125,-160.0653076171875,349,3.49,0
1924,106444,5.535,293963,5535,1,57,1998,-132,0.02783203125,0.9755859375,-0.064453125,50,13,-24,3.0517578125,0.79345703125,-1.46484375,50,2000,5819,16862,-72,24746,92.625732421875,-0.3955078125,135.933837890625,356,3.56,0
1925,106445,5.541,293969,5541,0,-42,2021,-50,-0.0205078125,0.98681640625,-0.0244140625,29,22,-14,1.77001953125,1.3427734375,-0.8544921875,-4690,2099,-568,16378,695,-29135,89.967041015625,3.8177490234375,-160.0433349609375,349,3.49,0
1926,106446,5.542,293970,5542,1,59,2007,-96,0.02880859375,0.97998046875,-0.046875,43,18,-22,2.62451171875,1.0986328125,-1.3427734375,52,2005,5798,16864,-71,24747,92.63671875,-0.3900146484375,135.9393310546875,356,3.56,0
1927,106447,5.543,293971,5543,2,-183,1982,496,-0.08935546875,0.9677734375,0.2421875,-9,9,30,-0.54931640625,0.54931640625,1.8310546875,1427,2391,-3827,13741,972,1522,75.4815673828125,5.33935546875,8.360595703125,358,3.58,0
1928,106448,5.548,293976,5548,0,-43,2004,-57,-0.02099609375,0.978515625,-0.02783203125,46,25,-10,2.8076171875,1.52587890625,-0.6103515625,-4693,2090,-533,16381,696,-29125,89.9835205078125,3.8232421875,-159.9884033203125,349,3.49,0
1929,106449,5.549,293977,5549,1,67,2032,-70,0.03271484375,0.9921875,-0.0341796875,4,12,-39,0.244140625,0.732421875,-2.38037109375,49,2007,5753,16864,-67,24753,92.63671875,-0.3680419921875,135.9722900390625,356,3.56,0
1930,106450,5.55,293978,5550,2,-183,1983,497,-0.08935546875,0.96826171875,0.24267578125,-8,9,29,-0.48828125,0.54931640625,1.77001953125,1398,2395,-3786,13741,972,1522,75.4815673828125,5.33935546875,8.360595703125,358,3.58,0
1931,106451,5.555,293983,5555,0,-67,2008,-49,-0.03271484375,0.98046875,-0.02392578125,73,2,7,4.45556640625,0.1220703125,0.42724609375,-4695,2086,-532,16390,695,-29125,90.032958984375,3.8177490234375,-159.9884033203125,349,3.49,0
1932,106452,5.556,293984,5556,1,63,2025,-92,0.03076171875,0.98876953125,-0.044921875,-9,-1,-35,-0.54931640625,-0.06103515625,-2.13623046875,68,1995,5735,16863,-66,24753,92.6312255859375,-0.362548828125,135.9722900390625,355,3.55,0
1933,106453,5.562,293990,5562,0,-79,2019,-22,-0.03857421875,0.98583984375,-0.0107421875,76,-9,13,4.638671875,-0.54931640625,0.79345703125,-4689,2074,-572,16394,694,-29124,90.054931640625,3.812255859375,-159.98291015625,349,3.49,0
1934,106454,5.563,293991,5563,1,52,2015,-97,0.025390625,0.98388671875,-0.04736328125,-1,-6,-21,-0.06103515625,-0.3662109375,-1.28173828125,52,1994,5761,16864,-65,24753,92.63671875,-0.3570556640625,135.9722900390625,355,3.55,0
1935,106455,5.569,293997,5569,0,-96,2036,3,-0.046875,0.994140625,0.00146484375,67,-7,15,4.08935546875,-0.42724609375,0.91552734375,-4667,2081,-543,16398,693,-29116,90.076904296875,3.8067626953125,-159.93896484375,349,3.49,0
1936,106456,5.57,293998,5570,1,28,2026,-95,0.013671875,0.9892578125,-0.04638671875,65,-7,-24,3.96728515625,-0.42724609375,-1.46484375,40,2018,5806,16869,-62,24756,92.6641845703125,-0.340576171875,135.98876953125,355,3.55,0
1937,106457,5.576,294004,5576,0,-138,2072,3,-0.0673828125,1.01171875,0.00146484375,23,24,27,1.40380859375,1.46484375,1.64794921875,-4712,2050,-612,16401,690,-29114,90.0933837890625,3.790283203125,-159.927978515625,349,3.49,0
1938,106458,5.577,294005,5577,1,10,2049,-98,0.0048828125,1.00048828125,-0.0478515625,53,-27,-21,3.23486328125,-1.64794921875,-1.28173828125,80,2037,5803,16872,-63,24755,92.6806640625,-0.3460693359375,135.9832763671875,355,3.55,0
1939,106459,5.585,294013,5585,0,-153,2079,-9,-0.07470703125,1.01513671875,-0.00439453125,20,19,34,1.220703125,1.15966796875,2.0751953125,-4699,2045,-686,16403,688,-29113,90.1043701171875,3.779296875,-159.9224853515625,350,3.5,0
1940,106460,5.585,294013,5585,1,30,2067,-116,0.0146484375,1.00927734375,-0.056640625,5,-16,-3,0.30517578125,-0.9765625,-0.18310546875,49,2033,5815,16872,-62,24757,92.6806640625,-0.340576171875,135.9942626953125,355,3.55,0
1941,106461,5.586,294014,5586,2,-183,1978,511,-0.08935546875,0.9658203125,0.24951171875,-9,15,8,-0.54931640625,0.91552734375,0.48828125,1362,2355,-3783,13740,972,1534,75.47607421875,5.33935546875,8.426513671875,359,3.59,0
1942,106462,5.59,294018,5590,0,-171,2085,-25,-0.08349609375,1.01806640625,-0.01220703125,30,-19,34,1.8310546875,-1.15966796875,2.0751953125,-4723,2075,-685,16407,685,-29105,90.1263427734375,3.7628173828125,-159.8785400390625,350,3.5,0
1943,106463,5.591,294019,5591,1,44,2046,-140,0.021484375,0.9990234375,-0.068359375,18,27,-3,1.0986328125,1.64794921875,-0.18310546875,39,2018,5798,16874,-62,24761,92.691650390625,-0.340576171875,136.0162353515625,355,3.55,0
1944,106464,5.597,294025,5597,0,-171,2091,-32,-0.08349609375,1.02099609375,-0.015625,20,-30,21,1.220703125,-1.8310546875,1.28173828125,-4725,2103,-653,16408,683,-29108,90.1318359375,3.7518310546875,-159.89501953125,350,3.5,0
1945,106465,5.598,294026,5598,1,38,2033,-141,0.0185546875,0.99267578125,-0.06884765625,59,76,-11,3.60107421875,4.638671875,-0.67138671875,50,2005,5802,16877,-61,24766,92.7081298828125,-0.3350830078125,136.043701171875,355,3.55,0
1946,106466,5.599,294027,5599,2,-189,1970,509,-0.09228515625,0.9619140625,0.24853515625,-2,18,4,-0.1220703125,1.0986328125,0.244140625,1384,2312,-3762,13740,971,1534,75.47607421875,5.3338623046875,8.426513671875,359,3.59,0
1947,106467,5.604,294032,5604,0,-160,2090,-36,-0.078125,1.0205078125,-0.017578125,-2,-30,12,-0.1220703125,-1.8310546875,0.732421875,-4720,2095,-624,16408,683,-29108,90.1318359375,3.7518310546875,-159.89501953125,350,3.5,0
1948,106468,5.605,294033,5605,1,29,2069,-117,0.01416015625,1.01025390625,-0.05712890625,53,50,-12,3.23486328125,3.0517578125,-0.732421875,37,2008,5759,16883,-60,24775,92.7410888671875,-0.32958984375,136.0931396484375,355,3.55,0
1949,106469,5.611,294039,5611,0,-128,2054,-39,-0.0625,1.0029296875,-0.01904296875,-5,-18,-14,-0.30517578125,-1.0986328125,-0.8544921875,-4732,2096,-688,16408,685,-29102,90.1318359375,3.7628173828125,-159.862060546875,350,3.5,0
1950,106470,5.612,294040,5612,1,43,2077,-105,0.02099609375,1.01416015625,-0.05126953125,17,18,-9,1.03759765625,1.0986328125,-0.54931640625,34,2026,5768,16883,-60,24776,92.7410888671875,-0.32958984375,136.0986328125,355,3.55,0
1951,106471,5.613,294041,5613,2,-192,1973,511,-0.09375,0.96337890625,0.24951171875,-11,14,7,-0.67138671875,0.8544921875,0.42724609375,1384,2281,-3845,13739,971,1540,75.4705810546875,5.3338623046875,8.45947265625,358,3.58,0
1952,106472,5.618,294046,5618,0,-105,2035,-35,-0.05126953125,0.99365234375,-0.01708984375,14,-27,-17,0.8544921875,-1.64794921875,-1.03759765625,-4715,2102,-645,16409,685,-29104,90.1373291015625,3.7628173828125,-159.873046875,350,3.5,0
1953,106473,5.619,294047,5619,1,40,2026,-123,0.01953125,0.9892578125,-0.06005859375,10,2,-14,0.6103515625,0.1220703125,-0.8544921875,53,2069,5761,16884,-59,24778,92.74658203125,-0.3240966796875,136.109619140625,355,3.55,0
1954,106474,5.625,294053,5625,0,-105,2035,-35,-0.05126953125,0.99365234375,-0.01708984375,14,-27,-17,0.8544921875,-1.64794921875,-1.03759765625,-4715,2102,-645,16409,685,-29104,90.1373291015625,3.7628173828125,-159.873046875,350,3.5,0
1955,106475,5.626,294054,5626,1,37,2009,-138,0.01806640625,0.98095703125,-0.0673828125,37,-1,-21,2.25830078125,-0.06103515625,-1.28173828125,64,2024,5793,16887,-58,24781,92.7630615234375,-0.318603515625,136.1260986328125,356,3.56,0
1956,106476,5.632,294060,5632,0,-68,2031,-30,-0.033203125,0.99169921875,-0.0146484375,48,-65,-1,2.9296875,-3.96728515625,-0.06103515625,-4697,2063,-642,16417,688,-29104,90.1812744140625,3.779296875,-159.873046875,350,3.5,0
1957,106477,5.633,294061,5633,1,46,2006,-142,0.0224609375,0.9794921875,-0.0693359375,64,-5,-24,3.90625,-0.30517578125,-1.46484375,43,2017,5784,16890,-56,24781,92.779541015625,-0.3076171875,136.1260986328125,356,3.56,0
1958,106478,5.634,294062,5634,2,-195,1970,515,-0.09521484375,0.9619140625,0.25146484375,0,4,17,0.0,0.244140625,1.03759765625,1403,2241,-3778,13738,971,1546,75.465087890625,5.3338623046875,8.492431640625,357,3.57,0
1959,106479,5.639,294067,5639,0,-69,2040,-19,-0.03369140625,0.99609375,-0.00927734375,46,-78,2,2.8076171875,-4.7607421875,0.1220703125,-4700,2079,-630,16420,688,-29107,90.19775390625,3.779296875,-159.8895263671875,350,3.5,0
1960,106480,5.64,294068,5640,1,48,2024,-139,0.0234375,0.98828125,-0.06787109375,75,-18,-18,4.57763671875,-1.0986328125,-1.0986328125,77,2011,5753,16898,-56,24780,92.823486328125,-0.3076171875,136.12060546875,356,3.56,0
1961,106481,5.641,294069,5641,2,-193,1971,511,-0.09423828125,0.96240234375,0.24951171875,-4,4,19,-0.244140625,0.244140625,1.15966796875,1417,2264,-3781,13738,971,1546,75.465087890625,5.3338623046875,8.492431640625,357,3.57,0
1962,106482,5.649,294077,5649,0,-75,2040,2,-0.03662109375,0.99609375,0.0009765625,19,-53,-4,1.15966796875,-3.23486328125,-0.244140625,-4711,2060,-632,16423,689,-29104,90.2142333984375,3.7847900390625,-159.873046875,350,3.5,0
1963,106483,5.649,294077,5649,1,43,2035,-160,0.02099609375,0.99365234375,-0.078125,52,-13,-23,3.173828125,-0.79345703125,-1.40380859375,67,2005,5765,16899,-54,24783,92.8289794921875,-0.296630859375,136.1370849609375,356,3.56,0
1964,106484,5.65,294078,5650,2,-190,1971,503,-0.0927734375,0.96240234375,0.24560546875,-16,0,20,-0.9765625,0.0,1.220703125,1413,2318,-3791,13738,971,1552,75.465087890625,5.3338623046875,8.525390625,356,3.56,0
1965,106485,5.653,294081,5653,0,-80,2032,-2,-0.0390625,0.9921875,-0.0009765625,18,-22,-2,1.0986328125,-1.3427734375,-0.1220703125,-4719,2082,-656,16424,690,-29104,90.2197265625,3.790283203125,-159.873046875,350,3.5,0
1966,106486,5.654,294082,5654,1,26,2038,-184,0.0126953125,0.9951171875,-0.08984375,-43,-5,-32,-2.62451171875,-0.30517578125,-1.953125,83,2022,5789,16896,-52,24784,92.8125,-0.28564453125,136.142578125,356,3.56,0
1967,106487,5.655,294083,5655,2,-189,1970,503,-0.09228515625,0.9619140625,0.24560546875,-18,3,21,-1.0986328125,0.18310546875,1.28173828125,1397,2337,-3781,13738,971,1552,75.465087890625,5.3338623046875,8.525390625,356,3.56,0
1968,106488,5.66,294088,5660,0,-80,2032,-2,-0.0390625,0.9921875,-0.0009765625,18,-22,-2,1.0986328125,-1.3427734375,-0.1220703125,-4719,2082,-656,16424,690,-29104,90.2197265625,3.790283203125,-159.873046875,350,3.5,0
1969,106489,5.661,294089,5661,1,20,2027,-154,0.009765625,0.98974609375,-0.0751953125,-32,-22,-20,-1.953125,-1.3427734375,-1.220703125,102,2040,5797,16895,-51,24783,92.8070068359375,-0.2801513671875,136.1370849609375,356,3.56,0
1970,106490,5.662,294090,5662,2,-192,1967,508,-0.09375,0.96044921875,0.248046875,-9,2,21,-0.54931640625,0.1220703125,1.28173828125,1417,2332,-3810,13738,970,1558,75.465087890625,5.328369140625,8.558349609375,356,3.56,0
1971,106491,5.667,294095,5667,0,-97,2047,-16,-0.04736328125,0.99951171875,-0.0078125,50,6,19,3.0517578125,0.3662109375,1.15966796875,-4720,2081,-661,16433,687,-29095,90.2691650390625,3.7738037109375,-159.8236083984375,350,3.5,0
1972,106492,5.668,294096,5668,1,12,2011,-111,0.005859375,0.98193359375,-0.05419921875,18,-42,-8,1.0986328125,-2.5634765625,-0.48828125,92,2046,5752,16896,-50,24784,92.8125,-0.274658203125,136.142578125,356,3.56,0
1973,106493,5.669,294097,5669,2,-193,1966,509,-0.09423828125,0.9599609375,0.24853515625,-7,1,19,-0.42724609375,0.06103515625,1.15966796875,1434,2336,-3825,13738,970,1558,75.465087890625,5.328369140625,8.558349609375,356,3.56,0
1974,106494,5.674,294102,5674,0,-102,2067,-12,-0.0498046875,1.00927734375,-0.005859375,29,16,18,1.77001953125,0.9765625,1.0986328125,-4693,2083,-697,16434,686,-29093,90.274658203125,3.768310546875,-159.8126220703125,350,3.5,0
1975,106495,5.675,294103,5675,1,30,2043,-78,0.0146484375,0.99755859375,-0.0380859375,41,-31,-5,2.50244140625,-1.89208984375,-0.30517578125,60,2032,5788,16900,-51,24781,92.83447265625,-0.2801513671875,136.1260986328125,356,3.56,0
1976,106496,5.676,294104,5676,2,-193,1966,509,-0.09423828125,0.9599609375,0.24853515625,-4,3,17,-0.244140625,0.18310546875,1.03759765625,1426,2323,-3846,13737,971,1558,75.4595947265625,5.3338623046875,8.558349609375,356,3.56,0
1977,106497,5.681,294109,5681,0,-115,2075,-5,-0.05615234375,1.01318359375,-0.00244140625,-26,26,9,-1.5869140625,1.5869140625,0.54931640625,-4688,2100,-685,16433,685,-29091,90.2691650390625,3.7628173828125,-159.8016357421875,349,3.49,0
1978,106498,5.682,294110,5682,1,40,2055,-77,0.01953125,1.00341796875,-0.03759765625,6,-17,-3,0.3662109375,-1.03759765625,-0.18310546875,55,2027,5783,16900,-51,24781,92.83447265625,-0.2801513671875,136.1260986328125,356,3.56,0
1979,106499,5.683,294111,5683,2,-193,1971,504,-0.09423828125,0.96240234375,0.24609375,-8,-2,16,-0.48828125,-0.1220703125,0.9765625,1423,2323,-3783,13737,970,1565,75.4595947265625,5.328369140625,8.5968017578125,356,3.56,0
1980,106500,5.688,294116,5688,0,-117,2061,-2,-0.05712890625,1.00634765625,-0.0009765625,-27,13,8,-1.64794921875,0.79345703125,0.48828125,-4723,2108,-676,16432,684,-29082,90.263671875,3.75732421875,-159.752197265625,348,3.48,0
1981,106501,5.689,294117,5689,1,60,2056,-93,0.029296875,1.00390625,-0.04541015625,-33,-6,-10,-2.01416015625,-0.3662109375,-0.6103515625,63,2034,5750,16897,-50,24784,92.8179931640625,-0.274658203125,136.142578125,356,3.56,0
1982,106502,5.69,294118,5690,2,-193,1974,502,-0.09423828125,0.9638671875,0.2451171875,-17,-5,14,-1.03759765625,-0.30517578125,0.8544921875,1421,2323,-3756,13737,970,1565,75.4595947265625,5.328369140625,8.5968017578125,356,3.56,0
1983,106503,5.695,294123,5695,0,-117,2061,-2,-0.05712890625,1.00634765625,-0.0009765625,-27,13,8,-1.64794921875,0.79345703125,0.48828125,-4723,2108,-676,16432,684,-29082,90.263671875,3.75732421875,-159.752197265625,348,3.48,0
1984,106504,5.707,294135,5707,1,75,2047,-137,0.03662109375,0.99951171875,-0.06689453125,-28,-19,-27,-1.708984375,-1.15966796875,-1.64794921875,56,2036,5777,16894,-48,24783,92.801513671875,-0.263671875,136.1370849609375,356,3.56,0
1985,106505,5.707,294135,5707,2,-194,1975,507,-0.0947265625,0.96435546875,0.24755859375,-23,-11,9,-1.40380859375,-0.67138671875,0.54931640625,1418,2339,-3736,13736,970,1571,75.4541015625,5.328369140625,8.6297607421875,356,3.56,0
1986,106506,5.709,294137,5709,0,-90,2056,-8,-0.0439453125,1.00390625,-0.00390625,31,-15,13,1.89208984375,-0.91552734375,0.79345703125,-4688,2096,-679,16438,682,-29079,90.296630859375,3.746337890625,-159.7357177734375,347,3.47,0
1987,106507,5.71,294138,5710,1,72,2051,-119,0.03515625,1.00146484375,-0.05810546875,51,-64,-12,3.11279296875,-3.90625,-0.732421875,26,2038,5764,16900,-45,24776,92.83447265625,-0.2471923828125,136.0986328125,356,3.56,0
1988,106508,5.711,294139,5711,2,-196,1972,510,-0.095703125,0.962890625,0.2490234375,-20,-14,10,-1.220703125,-0.8544921875,0.6103515625,1420,2324,-3717,13736,970,1571,75.4541015625,5.328369140625,8.6297607421875,357,3.57,0
1989,106509,5.716,294144,5716,0,-93,2042,-52,-0.04541015625,0.9970703125,-0.025390625,24,16,5,1.46484375,0.9765625,0.30517578125,-4673,2099,-663,16441,680,-29078,90.3131103515625,3.7353515625,-159.730224609375,347,3.47,0
1990,106510,5.717,294145,5717,1,69,2065,-101,0.03369140625,1.00830078125,-0.04931640625,37,-34,-15,2.25830078125,-2.0751953125,-0.91552734375,46,2026,5783,16902,-45,24776,92.845458984375,-0.2471923828125,136.0986328125,357,3.57,0
1991,106511,5.718,294146,5718,2,-195,1968,515,-0.09521484375,0.9609375,0.25146484375,-8,-17,9,-0.48828125,-1.03759765625,0.54931640625,1416,2318,-3694,13736,970,1571,75.4541015625,5.328369140625,8.6297607421875,357,3.57,0
1992,106512,5.723,294151,5723,0,-101,2035,-65,-0.04931640625,0.99365234375,-0.03173828125,29,11,12,1.77001953125,0.67138671875,0.732421875,-4698,2092,-634,16443,680,-29077,90.3240966796875,3.7353515625,-159.7247314453125,347,3.47,0
1993,106513,5.724,294152,5724,1,54,2062,-96,0.0263671875,1.0068359375,-0.046875,26,-1,-13,1.5869140625,-0.06103515625,-0.79345703125,66,2004,5780,16903,-45,24777,92.8509521484375,-0.2471923828125,136.1041259765625,357,3.57,0
1994,106514,5.73,294158,5730,0,-117,2032,-69,-0.05712890625,0.9921875,-0.03369140625,41,-14,18,2.50244140625,-0.8544921875,1.0986328125,-4691,2097,-623,16446,679,-29070,90.340576171875,3.7298583984375,-159.686279296875,347,3.47,0
1995,106515,5.731,294159,5731,1,19,2024,-119,0.00927734375,0.98828125,-0.05810546875,53,0,-19,3.23486328125,0.0,-1.15966796875,50,1992,5800,16908,-42,24780,92.87841796875,-0.230712890625,136.12060546875,357,3.57,0
1996,106516,5.737,294165,5737,0,-140,2066,-39,-0.068359375,1.0087890625,-0.01904296875,32,-71,15,1.953125,-4.33349609375,0.91552734375,-4684,2093,-644,16450,677,-29077,90.362548828125,3.7188720703125,-159.7247314453125,347,3.47,0
1997,106517,5.738,294166,5738,1,-7,2014,-142,-0.00341796875,0.9833984375,-0.0693359375,68,-69,-16,4.150390625,-4.21142578125,-0.9765625,68,2003,5786,16912,-41,24776,92.900390625,-0.2252197265625,136.0986328125,357,3.57,0
1998,106518,5.739,294167,5739,2,-195,1968,506,-0.09521484375,0.9609375,0.2470703125,-11,-24,9,-0.67138671875,-1.46484375,0.54931640625,1392,2391,-3722,13735,970,1577,75.4486083984375,5.328369140625,8.6627197265625,358,3.58,0
1999,106519,5.744,294172,5744,0,-143,2075,-25,-0.06982421875,1.01318359375,-0.01220703125,7,-74,6,0.42724609375,-4.5166015625,0.3662109375,-4697,2113,-637,16450,677,-29080,90.362548828125,3.7188720703125,-159.7412109375,346,3.46,0
2000,106520,5.745,294173,5745,1,6,2018,-130,0.0029296875,0.9853515625,-0.0634765625,67,-140,-1,4.08935546875,-8.544921875,-0.06103515625,75,2010,5798,16919,-40,24764,92.9388427734375,-0.2197265625,136.03271484375,357,3.57,0
2001,106521,5.746,294174,5746,2,-194,1967,506,-0.0947265625,0.96044921875,0.2470703125,-8,-25,9,-0.48828125,-1.52587890625,0.54931640625,1375,2396,-3764,13735,970,1584,75.4486083984375,5.328369140625,8.701171875,358,3.58,0
2002,106522,5.751,294179,5751,0,-143,2075,-25,-0.06982421875,1.01318359375,-0.01220703125,7,-74,6,0.42724609375,-4.5166015625,0.3662109375,-4697,2113,-637,16450,677,-29080,90.362548828125,3.7188720703125,-159.7412109375,346,3.46,0
2003,106523,5.752,294180,5752,1,21,2022,-114,0.01025390625,0.9873046875,-0.0556640625,74,-113,2,4.5166015625,-6.89697265625,0.1220703125,78,2013,5803,16923,-40,24759,92.9608154296875,-0.2197265625,136.0052490234375,357,3.57,0
2004,106524,5.758,294186,5758,0,-120,2028,-28,-0.05859375,0.990234375,-0.013671875,7,6,0,0.42724609375,0.3662109375,0.0,-4694,2144,-615,16450,677,-29075,90.362548828125,3.7188720703125,-159.7137451171875,346,3.46,0
2005,106525,5.765,294193,5765,1,36,2028,-103,0.017578125,0.990234375,-0.05029296875,86,-75,-3,5.2490234375,-4.57763671875,-0.18310546875,80,2015,5807,16928,-39,24756,92.98828125,-0.2142333984375,135.98876953125,357,3.57,0
2006,106526,5.765,294193,5765,2,-189,1965,507,-0.09228515625,0.95947265625,0.24755859375,6,-23,9,0.3662109375,-1.40380859375,0.54931640625,1381,2393,-3835,13734,970,1584,75.443115234375,5.328369140625,8.701171875,359,3.59,0
2007,106527,5.765,294193,5765,0,-115,2023,-42,-0.05615234375,0.98779296875,-0.0205078125,46,-3,2,2.8076171875,-0.18310546875,0.1220703125,-4704,2132,-618,16453,678,-29075,90.3790283203125,3.724365234375,-159.7137451171875,346,3.46,0
2008,106528,5.766,294194,5766,1,38,2050,-101,0.0185546875,1.0009765625,-0.04931640625,69,-56,-1,4.21142578125,-3.41796875,-0.06103515625,75,2023,5803,16935,-39,24754,93.0267333984375,-0.2142333984375,135.977783203125,357,3.57,0
2009,106529,5.767,294195,5767,2,-186,1965,506,-0.0908203125,0.95947265625,0.2470703125,5,-17,7,0.30517578125,-1.03759765625,0.42724609375,1390,2410,-3829,13734,970,1589,75.443115234375,5.328369140625,8.7286376953125,359,3.59,0
2010,106530,5.772,294200,5772,0,-102,2060,-37,-0.0498046875,1.005859375,-0.01806640625,33,-62,-5,2.01416015625,-3.7841796875,-0.30517578125,-4697,2130,-645,16457,679,-29072,90.4010009765625,3.7298583984375,-159.697265625,346,3.46,0
2011,106531,5.773,294201,5773,1,40,2051,-113,0.01953125,1.00146484375,-0.05517578125,47,-72,2,2.86865234375,-4.39453125,0.1220703125,111,2029,5797,16937,-39,24750,93.0377197265625,-0.2142333984375,135.955810546875,357,3.57,0
2012,106532,5.774,294202,5774,2,-185,1968,500,-0.09033203125,0.9609375,0.244140625,2,-19,6,0.1220703125,-1.15966796875,0.3662109375,1370,2395,-3808,13734,970,1589,75.443115234375,5.328369140625,8.7286376953125,359,3.59,0
2013,106533,5.779,294207,5779,0,-94,2072,-20,-0.0458984375,1.01171875,-0.009765625,-4,-66,-11,-0.244140625,-4.0283203125,-0.67138671875,-4695,2140,-633,16456,679,-29077,90.3955078125,3.7298583984375,-159.7247314453125,346,3.46,0
2014,106534,5.78,294208,5780,1,45,2022,-149,0.02197265625,0.9873046875,-0.07275390625,23,-86,-1,1.40380859375,-5.2490234375,-0.06103515625,81,2050,5765,16939,-38,24741,93.0487060546875,-0.208740234375,135.9063720703125,357,3.57,0
2015,106535,5.786,294214,5786,0,-94,2072,-20,-0.0458984375,1.01171875,-0.009765625,-4,-66,-11,-0.244140625,-4.0283203125,-0.67138671875,-4695,2140,-633,16456,679,-29077,90.3955078125,3.7298583984375,-159.7247314453125,346,3.46,0
2016,106536,5.787,294215,5787,1,49,2013,-149,0.02392578125,0.98291015625,-0.07275390625,29,-79,-9,1.77001953125,-4.82177734375,-0.54931640625,76,2050,5788,16941,-37,24740,93.0596923828125,-0.2032470703125,135.90087890625,357,3.57,0
2017,106537,5.788,294216,5788,2,-179,1982,495,-0.08740234375,0.9677734375,0.24169921875,-21,-19,2,-1.28173828125,-1.15966796875,0.1220703125,1393,2383,-3802,13734,970,1595,75.443115234375,5.328369140625,8.7615966796875,359,3.59,0
2018,106538,5.793,294221,5793,0,-75,2039,-6,-0.03662109375,0.99560546875,-0.0029296875,10,-9,-1,0.6103515625,-0.54931640625,-0.06103515625,-4695,2136,-615,16457,680,-29070,90.4010009765625,3.7353515625,-159.686279296875,348,3.48,0
2019,106539,5.794,294222,5794,1,53,2011,-146,0.02587890625,0.98193359375,-0.0712890625,47,-78,-12,2.86865234375,-4.7607421875,-0.732421875,80,2057,5779,16944,-36,24736,93.076171875,-0.19775390625,135.87890625,357,3.57,0
2020,106540,5.8,294228,5800,0,-84,2037,-16,-0.041015625,0.99462890625,-0.0078125,31,3,7,1.89208984375,0.18310546875,0.42724609375,-4714,2134,-630,16459,679,-29071,90.4119873046875,3.7298583984375,-159.6917724609375,348,3.48,0
2021,106541,5.801,294229,5801,1,58,2033,-170,0.0283203125,0.99267578125,-0.0830078125,57,-94,-6,3.47900390625,-5.7373046875,-0.3662109375,64,2085,5757,16950,-34,24727,93.109130859375,-0.186767578125,135.8294677734375,356,3.56,0
2022,106542,5.807,294235,5807,0,-96,2059,-50,-0.046875,1.00537109375,-0.0244140625,42,-17,20,2.5634765625,-1.03759765625,1.220703125,-4700,2137,-639,16465,678,-29064,90.4449462890625,3.724365234375,-159.6533203125,349,3.49,0
2023,106543,5.808,294236,5808,1,74,2050,-175,0.0361328125,1.0009765625,-0.08544921875,35,-66,-14,2.13623046875,-4.0283203125,-0.8544921875,58,2074,5757,16951,-33,24728,93.1146240234375,-0.1812744140625,135.8349609375,356,3.56,0
2024,106544,5.814,294242,5814,0,-97,2057,-49,-0.04736328125,1.00439453125,-0.02392578125,38,-44,21,2.3193359375,-2.685546875,1.28173828125,-4707,2148,-622,16467,677,-29066,90.4559326171875,3.7188720703125,-159.664306640625,349,3.49,0
2025,106545,5.815,294243,5815,1,79,2053,-126,0.03857421875,1.00244140625,-0.0615234375,-6,-16,-30,-0.3662109375,-0.9765625,-1.8310546875,45,2073,5751,16950,-31,24727,93.109130859375,-0.1702880859375,135.8294677734375,356,3.56,0
2026,106546,5.816,294244,5816,2,-186,1974,509,-0.0908203125,0.9638671875,0.24853515625,-1,-20,4,-0.06103515625,-1.220703125,0.244140625,1410,2371,-3815,13733,969,1601,75.4376220703125,5.3228759765625,8.7945556640625,358,3.58,0
2027,106547,5.821,294249,5821,0,-97,2057,-49,-0.04736328125,1.00439453125,-0.02392578125,38,-44,21,2.3193359375,-2.685546875,1.28173828125,-4707,2148,-622,16467,677,-29066,90.4559326171875,3.7188720703125,-159.664306640625,349,3.49,0
2028,106548,5.822,294250,5822,1,75,2050,-113,0.03662109375,1.0009765625,-0.05517578125,-21,-22,-25,-1.28173828125,-1.3427734375,-1.52587890625,57,2069,5739,16949,-29,24726,93.1036376953125,-0.1593017578125,135.823974609375,356,3.56,0
2029,106549,5.829,294257,5829,2,-190,1972,503,-0.0927734375,0.962890625,0.24560546875,-2,-21,6,-0.1220703125,-1.28173828125,0.3662109375,1377,2337,-3792,13732,969,1607,75.43212890625,5.3228759765625,8.8275146484375,358,3.58,0
2030,106550,5.829,294257,5829,0,-106,2053,5,-0.0517578125,1.00244140625,0.00244140625,16,-67,15,0.9765625,-4.08935546875,0.91552734375,-4683,2109,-635,16472,675,-29069,90.4833984375,3.7078857421875,-159.6807861328125,349,3.49,0
2031,106551,5.829,294257,5829,1,64,2041,-123,0.03125,0.99658203125,-0.06005859375,-20,-39,-21,-1.220703125,-2.38037109375,-1.28173828125,53,2065,5736,16948,-28,24727,93.09814453125,-0.15380859375,135.8294677734375,356,3.56,0
2032,106552,5.835,294263,5835,0,-112,2052,0,-0.0546875,1.001953125,0.0,5,-38,9,0.30517578125,-2.3193359375,0.54931640625,-4703,2099,-626,16472,675,-29069,90.4833984375,3.7078857421875,-159.6807861328125,350,3.5,0
2033,106553,5.836,294264,5836,1,33,2039,-129,0.01611328125,0.99560546875,-0.06298828125,18,-44,-10,1.0986328125,-2.685546875,-0.6103515625,47,2081,5749,16950,-28,24723,93.109130859375,-0.15380859375,135.8074951171875,356,3.56,0
2034,106554,5.842,294270,5842,0,-116,2037,-30,-0.056640625,0.99462890625,-0.0146484375,18,10,2,1.0986328125,0.6103515625,0.1220703125,-4695,2101,-663,16475,674,-29069,90.4998779296875,3.702392578125,-159.6807861328125,350,3.5,0
2035,106555,5.843,294271,5843,1,27,2043,-110,0.01318359375,0.99755859375,-0.0537109375,42,-21,-5,2.5634765625,-1.28173828125,-0.30517578125,87,2077,5742,16952,-28,24723,93.1201171875,-0.15380859375,135.8074951171875,356,3.56,0
2036,106556,5.849,294277,5849,0,-114,2044,-43,-0.0556640625,0.998046875,-0.02099609375,25,18,1,1.52587890625,1.0986328125,0.06103515625,-4698,2103,-673,16476,675,-29060,90.50537109375,3.7078857421875,-159.63134765625,350,3.5,0
2037,106557,5.85,294278,5850,1,19,2037,-97,0.00927734375,0.99462890625,-0.04736328125,46,-3,-8,2.8076171875,-0.18310546875,-0.48828125,86,2088,5726,16954,-27,24726,93.131103515625,-0.1483154296875,135.823974609375,356,3.56,0
2038,106558,5.856,294284,5856,0,-108,2057,-47,-0.052734375,1.00439453125,-0.02294921875,15,20,0,0.91552734375,1.220703125,0.0,-4710,2113,-605,16477,675,-29058,90.5108642578125,3.7078857421875,-159.620361328125,350,3.5,0
2039,106559,5.857,294285,5857,1,17,2033,-87,0.00830078125,0.99267578125,-0.04248046875,23,-15,-8,1.40380859375,-0.91552734375,-0.48828125,70,2103,5780,16957,-27,24725,93.1475830078125,-0.1483154296875,135.8184814453125,356,3.56,0
2040,106560,5.863,294291,5863,0,-98,2069,-50,-0.0478515625,1.01025390625,-0.0244140625,-29,-1,-2,-1.77001953125,-0.06103515625,-0.1220703125,-4720,2131,-588,16475,675,-29058,90.4998779296875,3.7078857421875,-159.620361328125,350,3.5,0
2041,106561,5.864,294292,5864,1,14,2027,-108,0.0068359375,0.98974609375,-0.052734375,36,-49,-7,2.197265625,-2.99072265625,-0.42724609375,66,2098,5784,16959,-27,24722,93.1585693359375,-0.1483154296875,135.802001953125,356,3.56,0
2042,106562,5.87,294298,5870,0,-97,2057,-39,-0.04736328125,1.00439453125,-0.01904296875,-30,-14,0,-1.8310546875,-0.8544921875,0.0,-4707,2109,-599,16474,675,-29051,90.494384765625,3.7078857421875,-159.5819091796875,350,3.5,0
2043,106563,5.877,294305,5877,0,-103,2046,-24,-0.05029296875,0.9990234375,-0.01171875,5,-25,-4,0.30517578125,-1.52587890625,-0.244140625,-4709,2109,-635,16474,675,-29054,90.494384765625,3.7078857421875,-159.598388671875,350,3.5,0
2044,106564,5.878,294306,5878,1,36,2023,-138,0.017578125,0.98779296875,-0.0673828125,130,-57,-12,7.9345703125,-3.47900390625,-0.732421875,94,2074,5808,16977,-25,24716,93.2574462890625,-0.1373291015625,135.76904296875,356,3.56,0
2045,106565,5.884,294312,5884,0,-100,2043,-39,-0.048828125,0.99755859375,-0.01904296875,16,-19,-7,0.9765625,-1.15966796875,-0.42724609375,-4712,2123,-649,16476,676,-29054,90.50537109375,3.71337890625,-159.598388671875,350,3.5,0
2046,106566,5.885,294313,5885,1,40,2038,-155,0.01953125,0.9951171875,-0.07568359375,102,-50,-10,6.2255859375,-3.0517578125,-0.6103515625,99,2064,5824,16982,-24,24714,93.284912109375,-0.1318359375,135.758056640625,355,3.55,0
2047,106567,5.893,294321,5893,0,-99,2036,-59,-0.04833984375,0.994140625,-0.02880859375,30,-18,-7,1.8310546875,-1.0986328125,-0.42724609375,-4700,2113,-666,16478,677,-29047,90.516357421875,3.7188720703125,-159.5599365234375,349,3.49,0
2048,106568,5.902,294330,5902,1,76,2036,-141,0.037109375,0.994140625,-0.06884765625,27,-4,-8,1.64794921875,-0.244140625,-0.48828125,137,2075,5898,16985,-23,24717,93.3013916015625,-0.1263427734375,135.7745361328125,355,3.55,0
2049,106569,5.902,294330,5902,2,-180,1977,502,-0.087890625,0.96533203125,0.2451171875,-1,-13,9,-0.06103515625,-0.79345703125,0.54931640625,1358,2353,-3861,13731,968,1623,75.4266357421875,5.3173828125,8.9154052734375,357,3.57,0
2050,106570,5.905,294333,5905,0,-108,2030,-38,-0.052734375,0.9912109375,-0.0185546875,29,-33,9,1.77001953125,-2.01416015625,0.54931640625,-4689,2116,-625,16483,676,-29051,90.5438232421875,3.71337890625,-159.5819091796875,349,3.49,0
2051,106571,5.906,294334,5906,1,62,2020,-155,0.0302734375,0.986328125,-0.07568359375,37,-57,-8,2.25830078125,-3.47900390625,-0.48828125,117,2066,5863,16991,-22,24716,93.3343505859375,-0.120849609375,135.76904296875,355,3.55,0
2052,106572,5.912,294340,5912,0,-108,2030,-38,-0.052734375,0.9912109375,-0.0185546875,29,-33,9,1.77001953125,-2.01416015625,0.54931640625,-4689,2116,-625,16483,676,-29051,90.5438232421875,3.71337890625,-159.5819091796875,349,3.49,0
2053,106573,5.913,294341,5913,1,63,2021,-149,0.03076171875,0.98681640625,-0.07275390625,43,-75,-5,2.62451171875,-4.57763671875,-0.30517578125,109,2069,5853,16993,-21,24712,93.3453369140625,-0.1153564453125,135.7470703125,355,3.55,0
2054,106574,5.919,294347,5919,0,-110,2050,-24,-0.0537109375,1.0009765625,-0.01171875,30,-21,17,1.8310546875,-1.28173828125,1.03759765625,-4686,2120,-605,16490,673,-29048,90.582275390625,3.6968994140625,-159.5654296875,348,3.48,0
2055,106575,5.92,294348,5920,1,71,2034,-139,0.03466796875,0.9931640625,-0.06787109375,39,-57,-3,2.38037109375,-3.47900390625,-0.18310546875,105,2074,5814,16994,-22,24711,93.350830078125,-0.120849609375,135.7415771484375,355,3.55,0
2056,106576,5.926,294354,5926,0,-115,2055,-29,-0.05615234375,1.00341796875,-0.01416015625,9,-25,10,0.54931640625,-1.52587890625,0.6103515625,-4684,2136,-640,16490,673,-29049,90.582275390625,3.6968994140625,-159.5709228515625,348,3.48,0
2057,106577,5.927,294355,5927,1,67,2058,-140,0.03271484375,1.0048828125,-0.068359375,-41,7,-21,-2.50244140625,0.42724609375,-1.28173828125,70,2060,5823,16990,-20,24714,93.328857421875,-0.10986328125,135.758056640625,355,3.55,0
2058,106578,5.933,294361,5933,0,-104,2050,-24,-0.05078125,1.0009765625,-0.01171875,8,-22,-2,0.48828125,-1.3427734375,-0.1220703125,-4704,2139,-662,16492,673,-29042,90.59326171875,3.6968994140625,-159.532470703125,348,3.48,0
2059,106579,5.934,294362,5934,1,52,2049,-135,0.025390625,1.00048828125,-0.06591796875,-58,14,-20,-3.5400390625,0.8544921875,-1.220703125,66,2084,5802,16987,-19,24716,93.3123779296875,-0.1043701171875,135.76904296875,355,3.55,0
2060,106580,5.94,294368,5940,0,-96,2050,-22,-0.046875,1.0009765625,-0.0107421875,20,-7,3,1.220703125,-0.42724609375,0.18310546875,-4724,2129,-654,16493,672,-29043,90.5987548828125,3.69140625,-159.5379638671875,348,3.48,0
2061,106581,5.941,294369,5941,1,43,2034,-125,0.02099609375,0.9931640625,-0.06103515625,-21,18,-14,-1.28173828125,1.0986328125,-0.8544921875,57,2064,5810,16984,-18,24719,93.2958984375,-0.098876953125,135.7855224609375,355,3.55,0
2062,106582,5.947,294375,5947,0,-96,2050,-22,-0.046875,1.0009765625,-0.0107421875,20,-7,3,1.220703125,-0.42724609375,0.18310546875,-4724,2129,-654,16493,672,-29043,90.5987548828125,3.69140625,-159.5379638671875,348,3.48,0
2063,106583,5.948,294376,5948,1,34,2036,-117,0.0166015625,0.994140625,-0.05712890625,17,25,-11,1.03759765625,1.52587890625,-0.67138671875,48,2055,5793,16985,-18,24723,93.3013916015625,-0.098876953125,135.8074951171875,355,3.55,0
2064,106584,5.954,294382,5954,0,-102,2077,-28,-0.0498046875,1.01416015625,-0.013671875,2,-26,9,0.1220703125,-1.5869140625,0.54931640625,-4702,2117,-626,16497,672,-29037,90.6207275390625,3.69140625,-159.5050048828125,348,3.48,0
2065,106585,5.955,294383,5955,1,24,2045,-97,0.01171875,0.99853515625,-0.04736328125,24,13,-5,1.46484375,0.79345703125,-0.30517578125,63,2061,5783,16986,-17,24724,93.306884765625,-0.0933837890625,135.81298828125,355,3.55,0
2066,106586,5.964,294392,5964,0,-108,2077,-33,-0.052734375,1.01416015625,-0.01611328125,-28,-29,3,-1.708984375,-1.77001953125,0.18310546875,-4692,2109,-633,16495,671,-29039,90.6097412109375,3.6859130859375,-159.5159912109375,347,3.47,0
2067,106587,5.964,294392,5964,1,21,2056,-68,0.01025390625,1.00390625,-0.033203125,-26,-21,-2,-1.5869140625,-1.28173828125,-0.1220703125,63,2062,5762,16983,-18,24723,93.2904052734375,-0.098876953125,135.8074951171875,355,3.55,0
2068,106588,5.968,294396,5968,0,-119,2045,-47,-0.05810546875,0.99853515625,-0.02294921875,-22,-16,6,-1.3427734375,-0.9765625,0.3662109375,-4699,2112,-643,16493,671,-29032,90.5987548828125,3.6859130859375,-159.4775390625,347,3.47,0
2069,106589,5.969,294397,5969,1,37,2052,-62,0.01806640625,1.001953125,-0.0302734375,-38,-29,-5,-2.3193359375,-1.77001953125,-0.30517578125,57,2055,5783,16981,-17,24725,93.2794189453125,-0.0933837890625,135.8184814453125,355,3.55,0
2070,106590,5.975,294403,5975,0,-132,2035,-62,-0.064453125,0.99365234375,-0.0302734375,-5,-12,8,-0.30517578125,-0.732421875,0.48828125,-4699,2112,-638,16493,671,-29033,90.5987548828125,3.6859130859375,-159.4830322265625,348,3.48,0
2071,106591,5.976,294404,5976,1,47,2040,-60,0.02294921875,0.99609375,-0.029296875,-22,-30,-10,-1.3427734375,-1.8310546875,-0.6103515625,60,2041,5808,16980,-17,24724,93.27392578125,-0.0933837890625,135.81298828125,355,3.55,0
2072,106592,5.982,294410,5982,0,-132,2035,-62,-0.064453125,0.99365234375,-0.0302734375,-5,-12,8,-0.30517578125,-0.732421875,0.48828125,-4699,2112,-638,16493,671,-29033,90.5987548828125,3.6859130859375,-159.4830322265625,348,3.48,0
2073,106593,5.983,294411,5983,1,39,2022,-98,0.01904296875,0.9873046875,-0.0478515625,43,-45,-8,2.62451171875,-2.74658203125,-0.48828125,46,2057,5792,16984,-16,24720,93.2958984375,-0.087890625,135.791015625,355,3.55,0
2074,106594,5.989,294417,5989,0,-132,2041,-42,-0.064453125,0.99658203125,-0.0205078125,18,-36,-7,1.0986328125,-2.197265625,-0.42724609375,-4726,2129,-659,16496,672,-29030,90.615234375,3.69140625,-159.466552734375,348,3.48,0
2075,106595,5.99,294418,5990,1,30,2019,-127,0.0146484375,0.98583984375,-0.06201171875,54,-62,-3,3.2958984375,-3.7841796875,-0.18310546875,27,2073,5811,16987,-16,24720,93.3123779296875,-0.087890625,135.791015625,355,3.55,0
2076,106596,5.996,294424,5996,0,-117,2043,-38,-0.05712890625,0.99755859375,-0.0185546875,32,-23,-11,1.953125,-1.40380859375,-0.67138671875,-4741,2123,-625,16498,673,-29031,90.626220703125,3.6968994140625,-159.4720458984375,348,3.48,0
2077,106597,5.997,294425,5997,1,26,2025,-144,0.0126953125,0.98876953125,-0.0703125,60,-64,1,3.662109375,-3.90625,0.06103515625,31,2085,5848,16993,-17,24714,93.3453369140625,-0.0933837890625,135.758056640625,355,3.55,0
2078,106598,6.003,294431,6003,0,-89,2052,-31,-0.04345703125,1.001953125,-0.01513671875,12,-49,-3,0.732421875,-2.99072265625,-0.18310546875,-4736,2147,-595,16500,673,-29036,90.63720703125,3.6968994140625,-159.49951171875,349,3.49,0
2079,106599,6.004,294432,6004,1,30,2036,-163,0.0146484375,0.994140625,-0.07958984375,50,-60,2,3.0517578125,-3.662109375,0.1220703125,43,2097,5851,16995,-16,24712,93.3563232421875,-0.087890625,135.7470703125,356,3.56,0
2080,106600,6.01,294438,6010,0,-83,2050,-29,-0.04052734375,1.0009765625,-0.01416015625,-10,-76,0,-0.6103515625,-4.638671875,0.0,-4749,2150,-573,16499,673,-29033,90.6317138671875,3.6968994140625,-159.4830322265625,349,3.49,0
2081,106601,6.011,294439,6011,1,38,2052,-181,0.0185546875,1.001953125,-0.08837890625,35,-51,1,2.13623046875,-3.11279296875,0.06103515625,38,2104,5836,16997,-16,24713,93.3673095703125,-0.087890625,135.7525634765625,356,3.56,0
2082,106602,6.017,294445,6017,0,-77,2043,-17,-0.03759765625,0.99755859375,-0.00830078125,-14,-90,1,-0.8544921875,-5.4931640625,0.06103515625,-4751,2179,-564,16499,674,-29037,90.6317138671875,3.702392578125,-159.5050048828125,349,3.49,0
2083,106603,6.018,294446,6018,1,35,2047,-219,0.01708984375,0.99951171875,-0.10693359375,-6,-46,3,-0.3662109375,-2.8076171875,0.18310546875,43,2106,5827,16996,-17,24709,93.36181640625,-0.0933837890625,135.7305908203125,356,3.56,0
2084,106604,6.028,294456,6028,0,-87,2049,5,-0.04248046875,1.00048828125,0.00244140625,16,-70,0,0.9765625,-4.2724609375,0.0,-4733,2186,-610,16500,674,-29045,90.63720703125,3.702392578125,-159.5489501953125,349,3.49,0
2085,106605,6.028,294456,6028,1,41,2045,-229,0.02001953125,0.99853515625,-0.11181640625,-52,-22,8,-3.173828125,-1.3427734375,0.48828125,49,2094,5823,16991,-17,24709,93.3343505859375,-0.0933837890625,135.7305908203125,356,3.56,0
2086,106606,6.031,294459,6031,0,-92,2064,3,-0.044921875,1.0078125,0.00146484375,8,-37,-2,0.48828125,-2.25830078125,-0.1220703125,-4755,2182,-579,16501,674,-29039,90.6427001953125,3.702392578125,-159.5159912109375,349,3.49,0
2087,106607,6.032,294460,6032,1,51,2039,-182,0.02490234375,0.99560546875,-0.0888671875,-116,41,-15,-7.080078125,2.50244140625,-0.91552734375,32,2091,5811,16979,-16,24717,93.2684326171875,-0.087890625,135.7745361328125,356,3.56,0
2088,106608,6.038,294466,6038,0,-92,2064,3,-0.044921875,1.0078125,0.00146484375,8,-37,-2,0.48828125,-2.25830078125,-0.1220703125,-4755,2182,-579,16501,674,-29039,90.6427001953125,3.702392578125,-159.5159912109375,349,3.49,0
2089,106609,6.039,294467,6039,1,35,2024,-142,0.01708984375,0.98828125,-0.0693359375,-90,61,-17,-5.4931640625,3.72314453125,-1.03759765625,3,2070,5804,16975,-15,24721,93.2464599609375,-0.0823974609375,135.7965087890625,356,3.56,0
2090,106610,6.045,294473,6045,0,-92,2067,-21,-0.044921875,1.00927734375,-0.01025390625,-42,26,-16,-2.5634765625,1.5869140625,-0.9765625,-4734,2191,-582,16496,676,-29035,90.615234375,3.71337890625,-159.4940185546875,349,3.49,0
2091,106611,6.046,294474,6046,1,29,2025,-119,0.01416015625,0.98876953125,-0.05810546875,-57,74,-20,-3.47900390625,4.5166015625,-1.220703125,-22,2050,5797,16972,-14,24725,93.22998046875,-0.076904296875,135.8184814453125,356,3.56,0
2092,106612,6.052,294480,6052,0,-92,2058,-36,-0.044921875,1.0048828125,-0.017578125,-37,30,-13,-2.25830078125,1.8310546875,-0.79345703125,-4709,2186,-558,16495,677,-29026,90.6097412109375,3.7188720703125,-159.444580078125,349,3.49,0
2093,106613,6.053,294481,6053,1,2,2025,-122,0.0009765625,0.98876953125,-0.0595703125,-34,-2,-16,-2.0751953125,-0.1220703125,-0.9765625,-38,2024,5818,16968,-12,24730,93.2080078125,-0.06591796875,135.845947265625,356,3.56,0
2094,106614,6.059,294487,6059,0,-106,2043,-46,-0.0517578125,0.99755859375,-0.0224609375,3,-23,4,0.18310546875,-1.40380859375,0.244140625,-4691,2171,-583,16495,676,-29028,90.6097412109375,3.71337890625,-159.45556640625,349,3.49,0
2095,106615,6.06,294488,6060,1,-2,2011,-134,-0.0009765625,0.98193359375,-0.0654296875,-9,-70,-7,-0.54931640625,-4.2724609375,-0.42724609375,-11,2026,5793,16968,-11,24725,93.2080078125,-0.0604248046875,135.8184814453125,356,3.56,0
